image,true_class,keras_predicted_class,float32_predicted_class,float16_predicted_class,keras_confidence,float32_confidence,float16_confidence,keras_vs_float16_top1_agree,float32_vs_float16_top1_agree,keras_vs_float16_mean_absolute_probability_difference,keras_vs_float16_maximum_absolute_probability_difference,float32_vs_float16_mean_absolute_probability_difference,float32_vs_float16_maximum_absolute_probability_difference
test/Cow/0002.jpg,Cow,Cow,Cow,Cow,0.9999998807907104,0.9999998807907104,0.9999998807907104,True,True,1.518544290313173e-09,1.0493224067431584e-08,1.5183182489053593e-09,1.0491703505977057e-08
test/Cow/0004.jpg,Cow,Cow,Cow,Cow,1.0,1.0,1.0,True,True,1.1768106020909608e-12,3.2335245592207684e-12,1.1764123746330069e-12,3.2324559695595667e-12
test/Cow/0005.jpg,Cow,Cow,Cow,Cow,0.9999998807907104,0.9999998807907104,0.9999998807907104,True,True,4.3543840755333463e-10,1.629111068268685e-09,4.3546705130736996e-10,1.6297008187393658e-09
test/Cow/0006.jpg,Cow,Cow,Cow,Cow,1.0,1.0,1.0,True,True,2.247536358412905e-11,9.35838073701234e-11,2.248716490793612e-11,9.356626584633432e-11
test/Cow/0009.jpg,Cow,Cow,Cow,Cow,1.0,1.0,1.0,True,True,8.331459437280198e-14,4.1185024141077164e-13,8.31892470491355e-14,4.1186325183684147e-13
test/Cow/0010.jpg,Cow,Cow,Cow,Cow,0.9999972581863403,0.9999972581863403,0.9999973773956299,True,True,3.3546243116688856e-08,1.1920928955078125e-07,3.354584876547051e-08,1.1920928955078125e-07
test/Cow/0011.jpg,Cow,Cow,Cow,Cow,1.0,1.0,1.0,True,True,3.1203823704605005e-13,1.80630684021299e-12,3.1217246127500375e-13,1.806384902769409e-12
test/Cow/0027.jpg,Cow,Cow,Cow,Cow,1.0,1.0,1.0,True,True,4.693262271870946e-12,1.782760050694776e-11,4.694259737869633e-12,1.7831430776382717e-11
test/Cow/0032.jpg,Cow,Cow,Cow,Cow,1.0,1.0,1.0,True,True,4.3830352541851525e-11,2.0035950676344783e-10,4.383270482688495e-11,2.0037238535053348e-10
test/Cow/0046.jpg,Cow,Cow,Cow,Cow,1.0,1.0,1.0,True,True,5.572032765743806e-11,3.7755309989506713e-10,5.570642211405463e-11,3.774571766257395e-10
test/Cow/0047.jpg,Cow,Cow,Cow,Cow,1.0,1.0,1.0,True,True,1.1320882599419324e-11,6.354561321586516e-11,1.1321089898874703e-11,6.354561321586516e-11
test/Cow/0049.jpg,Cow,Cow,Cow,Cow,1.0,1.0,1.0,True,True,8.114272448400683e-11,5.523723700662231e-10,8.111626648155124e-11,5.521876289549255e-10
test/Cow/0071.jpg,Cow,Cow,Cow,Cow,1.0,1.0,1.0,True,True,1.4436475452572761e-11,3.64866470370373e-11,1.4392112501759868e-11,3.649930357951803e-11
test/Cow/0096.jpg,Cow,Cow,Cow,Cow,0.9999998807907104,0.9999998807907104,0.9999998807907104,True,True,6.607153713034108e-10,4.624375549155957e-09,6.601540425421604e-10,4.6204462478272035e-09
test/Cow/0111.jpg,Cow,Cow,Cow,Cow,1.0,1.0,1.0,True,True,1.289206848914537e-11,8.908895843262599e-11,1.289547028188176e-11,8.911871240968594e-11
test/Cow/0115.jpg,Cow,Cow,Cow,Cow,0.9996345043182373,0.9996345043182373,0.9996612071990967,True,True,7.618921245011734e-06,2.6702880859375e-05,7.6183896453585476e-06,2.6702880859375e-05
test/Cow/0116.jpg,Cow,Cow,Cow,Cow,0.999998927116394,0.999998927116394,0.999998927116394,True,True,2.499273454859008e-09,9.744724138727179e-09,2.5003878967311266e-09,9.756661256687948e-09
test/Cow/0118.jpg,Cow,Cow,Cow,Cow,0.999983549118042,0.999983549118042,0.9999836683273315,True,True,7.40118295539105e-08,2.9292914405232295e-07,7.40383754305185e-08,2.9313378036022186e-07
test/Cow/0123.jpg,Cow,Cow,Cow,Cow,1.0,1.0,1.0,True,True,1.8484021258036165e-10,1.2697540796580142e-09,1.8477332164312799e-10,1.2692922268797702e-09
test/Cow/0127.jpg,Cow,Cow,Cow,Cow,0.9994781613349915,0.9994781613349915,0.9994500279426575,True,True,8.027402145671658e-06,2.8133392333984375e-05,8.026622708712239e-06,2.8133392333984375e-05
test/Cow/0135.jpg,Cow,Cow,Cow,Cow,1.0,1.0,1.0,True,True,1.7585282188758988e-11,7.491784970170556e-11,1.755960481186758e-11,7.478817565242935e-11
test/Cow/0164.jpg,Cow,Cow,Cow,Cow,0.9939190149307251,0.9939190149307251,0.9940411448478699,True,True,3.489413211354986e-05,0.0001221299171447754,3.48982575815171e-05,0.0001221485435962677
test/Cow/0201.jpg,Cow,Cow,Cow,Cow,1.0,1.0,1.0,True,True,2.1740607632301373e-13,1.4502982148556498e-12,2.1742358618809937e-13,1.4504231149459201e-12
test/Cow/0220.jpg,Cow,Cow,Cow,Cow,1.0,1.0,1.0,True,True,1.1900381938559357e-12,4.589526675369271e-12,1.1899263041917352e-12,4.58929422242349e-12
test/Cow/0222.jpg,Cow,Cow,Cow,Cow,1.0,1.0,1.0,True,True,1.2164402297953902e-11,7.68959340646802e-11,1.2165897629590194e-11,7.690248438052549e-11
test/Cow/0226.jpg,Cow,Cow,Cow,Cow,1.0,1.0,1.0,True,True,2.5609696654993463e-11,1.4591261532359567e-10,2.5609153686545483e-11,1.4591172714517597e-10
test/Cow/0247.jpg,Cow,Cow,Cow,Cow,1.0,1.0,1.0,True,True,3.12246131728422e-11,2.1607515776622677e-10,3.1222760488169854e-11,2.1606239020144358e-10
test/Cow/0258.jpg,Cow,Cow,Cow,Cow,0.9999994039535522,0.9999994039535522,0.9999994039535522,True,True,7.135724011675393e-09,4.987123247701675e-08,7.136448321176658e-09,4.987629154129536e-08
test/Cow/0274.jpg,Cow,Cow,Cow,Cow,0.9999996423721313,0.9999996423721313,0.9999996423721313,True,True,1.1201087835033263e-09,3.930935577045602e-09,1.120429415912838e-09,3.931631908926647e-09
test/Cow/0285.jpg,Cow,Cow,Cow,Cow,0.9999998807907104,0.9999998807907104,0.9999998807907104,True,True,6.053154089080692e-10,3.814285776115867e-09,6.05328787095516e-10,3.814278670688509e-09
test/Cow/0288.jpg,Cow,Cow,Cow,Cow,0.999993085861206,0.999993085861206,0.9999934434890747,True,True,8.888637381687658e-08,3.5762786865234375e-07,8.887371194532534e-08,3.5762786865234375e-07
test/Cow/0306.jpg,Cow,Cow,Cow,Cow,0.9999905824661255,0.9999905824661255,0.9999903440475464,True,True,6.323825374465741e-08,2.384185791015625e-07,6.322353840459982e-08,2.384185791015625e-07
test/Cow/0329.jpg,Cow,Cow,Cow,Cow,1.0,1.0,1.0,True,True,1.069494319494435e-12,6.538825036983553e-12,1.069708449423501e-12,6.540573638247338e-12
test/Cow/0349.jpg,Cow,Cow,Cow,Cow,1.0,1.0,1.0,True,True,1.0803743289529086e-13,6.248872946867934e-13,1.0800094271592314e-13,6.247623945965231e-13
test/Cow/0350.jpg,Cow,Cow,Cow,Cow,1.0,1.0,1.0,True,True,2.0194833652564803e-11,6.661449170053402e-11,2.0209358492229157e-11,6.660960671922567e-11
test/Cow/0373.jpg,Cow,Cow,Cow,Cow,1.0,1.0,1.0,True,True,1.3605434487362622e-11,8.036837861880031e-11,1.3608021827427041e-11,8.038147925049088e-11
test/Cow/0375.jpg,Cow,Cow,Cow,Cow,0.9999665021896362,0.9999665021896362,0.9999667406082153,True,True,9.86001893465982e-08,3.141340130241588e-07,9.862732497367688e-08,3.144250513287261e-07
test/Cow/0382.jpg,Cow,Cow,Cow,Cow,1.0,1.0,1.0,True,True,4.847214643555198e-11,1.788125203461277e-10,4.8466956142911854e-11,1.7878654112735148e-10
test/Cow/0394.jpg,Cow,Cow,Cow,Cow,1.0,1.0,1.0,True,True,7.507955845573178e-13,2.894219586213609e-12,7.509740442349089e-13,2.894740003256402e-12
test/Deer/0022.jpg,Deer,Deer,Deer,Deer,1.0,1.0,1.0,True,True,3.958729732911337e-10,2.7542697011995187e-09,3.9587452760336816e-10,2.7542732539131975e-09
test/Deer/0023.jpg,Deer,Deer,Deer,Deer,0.9999990463256836,0.9999990463256836,0.9999990463256836,True,True,3.1249227649965405e-09,1.6019157556002028e-08,3.125389946845303e-09,1.6021658666431904e-08
test/Deer/0034.jpg,Deer,Deer,Deer,Deer,0.999977707862854,0.999977707862854,0.999977707862854,True,True,4.684417476141789e-08,1.6769376998126972e-07,4.685887233790709e-08,1.676473857514793e-07
test/Deer/0037.jpg,Deer,Deer,Deer,Deer,0.9999998807907104,0.9999998807907104,0.9999998807907104,True,True,1.5580562395811626e-09,1.0869470656871272e-08,1.5581221868288253e-09,1.0869925404222158e-08
test/Deer/0038.jpg,Deer,Deer,Deer,Deer,0.9999961853027344,0.9999961853027344,0.9999963045120239,True,True,3.2569971608609194e-08,1.1920928955078125e-07,3.257068570405863e-08,1.1920928955078125e-07
test/Deer/0047.jpg,Deer,Deer,Deer,Deer,0.999925971031189,0.999925971031189,0.999922513961792,True,True,9.835914625000441e-07,3.4570693969726562e-06,9.833801186687197e-07,3.4570693969726562e-06
test/Deer/0049.jpg,Deer,Deer,Deer,Deer,1.0,1.0,1.0,True,True,2.794612414744324e-12,1.5138224007671397e-11,2.797470371670996e-12,1.5157541888299875e-11
test/Deer/0066.jpg,Deer,Deer,Deer,Deer,0.9999344348907471,0.9999344348907471,0.9999333620071411,True,True,3.181332317581109e-07,1.1496813385747373e-06,3.181153545028792e-07,1.1495576472952962e-06
test/Deer/0081.jpg,Deer,Deer,Deer,Deer,1.0,1.0,1.0,True,True,6.8846616775586345e-12,1.8849366512085908e-11,6.88003690477168e-12,1.8827606140803255e-11
test/Deer/0085.jpg,Deer,Deer,Deer,Deer,1.0,1.0,1.0,True,True,4.3840210866945284e-13,2.106828600467736e-12,4.386322576856172e-13,2.1087437351852145e-12
test/Deer/0099.jpg,Deer,Deer,Deer,Deer,1.0,1.0,1.0,True,True,7.003246871306601e-10,4.866578251494502e-09,7.003252422421724e-10,4.866581804208181e-09
test/Deer/0100.jpg,Deer,Deer,Deer,Deer,0.9999998807907104,0.9999998807907104,0.9999998807907104,True,True,6.690068637960067e-11,4.4160941570225987e-10,6.682783493250355e-11,4.411049303598702e-10
test/Deer/0104.jpg,Deer,Deer,Deer,Deer,1.0,1.0,1.0,True,True,8.815740498713254e-11,3.219930988507258e-10,8.810997070840543e-11,3.2177993602999777e-10
test/Deer/0112.jpg,Deer,Deer,Deer,Deer,0.982826292514801,0.9828264117240906,0.9819416999816895,True,True,0.0002527533797547221,0.0008845925331115723,0.0002527711330913007,0.000884711742401123
test/Deer/0126.jpg,Deer,Deer,Deer,Deer,1.0,1.0,1.0,True,True,1.7567246268779257e-10,1.179220276981141e-09,1.7571413768457944e-10,1.1795115995028027e-09
test/Deer/0130.jpg,Deer,Deer,Deer,Deer,0.9999992847442627,0.9999992847442627,0.9999994039535522,True,True,2.193736570177407e-08,1.1920928955078125e-07,2.1936525484989033e-08,1.1920928955078125e-07
test/Deer/0133.jpg,Deer,Deer,Deer,Deer,0.9998630285263062,0.9998630285263062,0.9998537302017212,True,True,2.656293645486585e-06,9.298324584960938e-06,2.6562186121736886e-06,9.298324584960938e-06
test/Deer/0152.jpg,Deer,Deer,Deer,Deer,0.9999969005584717,0.9999969005584717,0.9999971389770508,True,True,5.089794541390802e-08,2.384185791015625e-07,5.0899320314101715e-08,2.384185791015625e-07
test/Deer/0155.jpg,Deer,Deer,Deer,Deer,1.0,1.0,1.0,True,True,3.3770718860237636e-11,1.8326939965618294e-10,3.378870100378961e-11,1.8335377660605445e-10
test/Deer/0174.jpg,Deer,Deer,Deer,Deer,0.9999305009841919,0.9999305009841919,0.9999276399612427,True,True,8.045873869377829e-07,2.86102294921875e-06,8.04436638190964e-07,2.86102294921875e-06
test/Deer/0181.jpg,Deer,Deer,Deer,Deer,0.9999212026596069,0.9999212026596069,0.9999186992645264,True,True,7.21065987363545e-07,2.5033950805664062e-06,7.21025969596667e-07,2.5033950805664062e-06
test/Deer/0185.jpg,Deer,Deer,Deer,Deer,0.9999984502792358,0.9999984502792358,0.9999984502792358,True,True,5.903189048694912e-09,3.7183554013608955e-08,5.903864952472304e-09,3.718866992130643e-08
test/Deer/0188.jpg,Deer,Deer,Deer,Deer,0.999998927116394,0.999998927116394,0.999998927116394,True,True,2.7610951303103093e-09,1.847809016908286e-08,2.760482953334531e-09,1.847377006924944e-08
test/Deer/0198.jpg,Deer,Deer,Deer,Deer,0.9999980926513672,0.9999980926513672,0.9999980926513672,True,True,4.989250790288224e-09,3.1378931453218684e-08,4.987317225868537e-09,3.136540271952981e-08
test/Deer/0200.jpg,Deer,Deer,Deer,Deer,0.9999637603759766,0.9999637603759766,0.9999635219573975,True,True,6.470407498682107e-08,2.384185791015625e-07,6.46650235580637e-08,2.384185791015625e-07
test/Deer/0205.jpg,Deer,Deer,Deer,Deer,0.9999988079071045,0.9999988079071045,0.9999988079071045,True,True,4.332483705127288e-09,3.01135969493771e-08,4.327776803592087e-09,3.008142357430188e-08
test/Deer/0206.jpg,Deer,Deer,Deer,Deer,0.9999997615814209,0.9999997615814209,0.9999997615814209,True,True,9.03655428263761e-10,5.479122933138569e-09,9.036370540727034e-10,5.479108722283854e-09
test/Deer/0238.jpg,Deer,Deer,Deer,Deer,1.0,1.0,1.0,True,True,2.1819898665675908e-10,1.4277681259500241e-09,2.1822506302004996e-10,1.4279439852771247e-09
test/Deer/0265.jpg,Deer,Deer,Deer,Deer,0.9999971389770508,0.9999971389770508,0.9999971389770508,True,True,6.839958377469202e-09,4.5876731746830046e-08,6.836835098056326e-09,4.585535862133838e-08
test/Deer/0267.jpg,Deer,Deer,Deer,Deer,0.9999897480010986,0.9999897480010986,0.9999899864196777,True,True,7.691131287401731e-08,2.833294274751097e-07,7.691640036000535e-08,2.833658072631806e-07
test/Deer/0271.jpg,Deer,Deer,Deer,Deer,1.0,1.0,1.0,True,True,3.211610461622584e-14,2.160619773372563e-13,3.2118852391106734e-14,2.160769393272366e-13
test/Deer/0277.jpg,Deer,Wild_Boar,Wild_Boar,Wild_Boar,0.992294192314148,0.992294192314148,0.9926570057868958,True,True,0.00010367436334490776,0.00036281347274780273,0.00010367639333708212,0.00036281347274780273
test/Deer/0279.jpg,Deer,Deer,Deer,Deer,0.999996542930603,0.999996542930603,0.9999964237213135,True,True,2.8080629377313926e-08,1.1920928955078125e-07,2.8084013337092983e-08,1.1920928955078125e-07
test/Deer/0286.jpg,Deer,Venomous_Snake,Venomous_Snake,Venomous_Snake,0.5971251726150513,0.5971248149871826,0.6040099263191223,True,True,0.001967065501958132,0.006884753704071045,0.0019671700429171324,0.006885111331939697
test/Deer/0288.jpg,Deer,Deer,Deer,Deer,0.9999943971633911,0.9999943971633911,0.9999946355819702,True,True,6.561267440474694e-08,2.384185791015625e-07,6.56227356898853e-08,2.384185791015625e-07
test/Deer/0294.jpg,Deer,Deer,Deer,Deer,0.9998326301574707,0.9998326301574707,0.9998281002044678,True,True,1.2851443216277403e-06,4.5299530029296875e-06,1.2846454637838178e-06,4.5299530029296875e-06
test/Deer/0309.jpg,Deer,Deer,Deer,Deer,0.9999983310699463,0.9999983310699463,0.9999982118606567,True,True,1.812676053702944e-08,1.1920928955078125e-07,1.8127396472777946e-08,1.1920928955078125e-07
test/Deer/0314.jpg,Deer,Deer,Deer,Deer,1.0,1.0,1.0,True,True,4.1223240099252934e-11,2.1893864499133997e-10,4.120832147735953e-11,2.1884360990043206e-10
test/Deer/0316.jpg,Deer,Deer,Deer,Deer,0.9999901056289673,0.9999901056289673,0.9999897480010986,True,True,1.1159792023818227e-07,3.7270820030244067e-07,1.1159095691937182e-07,3.726736395037733e-07
test/Deer/0326.jpg,Deer,Deer,Deer,Deer,0.9999998807907104,0.9999998807907104,0.9999998807907104,True,True,2.646027563724118e-10,1.4983285723246809e-09,2.645668406575652e-10,1.4980159335209464e-09
test/Deer/0328.jpg,Deer,Deer,Deer,Deer,0.9999995231628418,0.9999995231628418,0.9999995231628418,True,True,4.876222203797909e-10,3.3947458177863155e-09,4.873548231643099e-10,3.3928699849639088e-09
test/Deer/0330.jpg,Deer,Deer,Deer,Deer,0.9999996423721313,0.9999996423721313,0.9999996423721313,True,True,6.777279293324057e-10,4.733408331958344e-09,6.778205774438106e-10,4.7340620312752435e-09
test/Deer/0341.jpg,Deer,Deer,Deer,Deer,1.0,1.0,1.0,True,True,5.6199579712146175e-11,1.885966938175443e-10,5.616371603900383e-11,1.8846968430352717e-10
test/Deer/0359.jpg,Deer,Deer,Deer,Deer,0.9999998807907104,0.9999998807907104,0.9999998807907104,True,True,2.931666298611191e-10,1.9447341514933214e-09,2.930589104721548e-10,1.9439525544839853e-09
test/Deer/0378.jpg,Deer,Deer,Deer,Deer,0.9999973773956299,0.9999973773956299,0.9999973773956299,True,True,2.1398156579977012e-09,4.5686761040997226e-09,2.1394828131349186e-09,4.565833933156682e-09
test/Deer/0402.jpg,Deer,Deer,Deer,Deer,0.9862107634544373,0.986210286617279,0.9853329062461853,True,True,0.00025080566410906613,0.0008778572082519531,0.0002506727469153702,0.00087738037109375
test/Deer/0404.jpg,Deer,Deer,Deer,Deer,0.842033863067627,0.8420307636260986,0.839461088180542,True,True,0.0008412980241701007,0.002944543957710266,0.0008404800319112837,0.002941727638244629
test/Deer/0417.jpg,Deer,Deer,Deer,Deer,1.0,1.0,1.0,True,True,1.6768709684700234e-11,6.616152070648695e-11,1.6768550090140444e-11,6.611378111642807e-11
test/Deer/0432.jpg,Deer,Deer,Deer,Deer,1.0,1.0,1.0,True,True,6.354497006713644e-13,2.0055138105767867e-12,6.354025920869699e-13,2.0053091132066214e-12
test/Deer/0438.jpg,Deer,Deer,Deer,Deer,1.0,1.0,1.0,True,True,1.777729873031486e-11,1.2390977133236447e-10,1.7774115512736444e-11,1.2388756687187197e-10
test/Deer/0445.jpg,Deer,Deer,Deer,Deer,0.9997598528862,0.9997598528862,0.9997450709342957,True,True,4.225906195642892e-06,1.479919592384249e-05,4.225646080158185e-06,1.4797376934438944e-05
test/Deer/0447.jpg,Deer,Deer,Deer,Deer,0.9999619722366333,0.9999619722366333,0.9999607801437378,True,True,3.5141425769324997e-07,1.267322659259662e-06,3.514662409997982e-07,1.2676864571403712e-06
test/Deer/0456.jpg,Deer,Deer,Deer,Deer,1.0,1.0,1.0,True,True,7.331409784816501e-13,4.012609688963664e-12,7.333097345497974e-13,4.0137893009273284e-12
test/Deer/0459.jpg,Deer,Deer,Deer,Deer,0.9998620748519897,0.9998620748519897,0.9998573064804077,True,True,1.360915916848171e-06,4.76837158203125e-06,1.360799501526344e-06,4.76837158203125e-06
test/Deer/0473.jpg,Deer,Deer,Deer,Deer,0.9999986886978149,0.9999986886978149,0.9999986886978149,True,True,3.1748239592843674e-09,1.862434828581172e-08,3.1749423090587925e-09,1.862929366325261e-08
test/Deer/0486.jpg,Deer,Deer,Deer,Deer,0.9999998807907104,0.9999998807907104,0.9999998807907104,True,True,6.493869331158919e-10,4.512770601650118e-09,6.49188203194484e-10,4.511392148742743e-09
test/Deer/0490.jpg,Deer,Deer,Deer,Deer,0.9973596930503845,0.997359573841095,0.9970493316650391,True,True,8.86710622580722e-05,0.000310361385345459,8.864491246640682e-05,0.0003102421760559082
test/Deer/0491.jpg,Deer,Deer,Deer,Deer,0.999998927116394,0.999998927116394,0.999998927116394,True,True,1.232650537197344e-09,8.490815162076615e-09,1.2352338041310418e-09,8.508891369274352e-09
test/Deer/0496.jpg,Deer,Deer,Deer,Deer,0.9818508625030518,0.9818507432937622,0.981287956237793,True,True,0.0001608559105079621,0.0005629062652587891,0.00016080771456472576,0.0005627870559692383
test/Deer/0510.jpg,Deer,Deer,Deer,Deer,0.9999997615814209,0.9999997615814209,0.9999997615814209,True,True,9.842514581137607e-10,2.667540854872641e-09,9.849492332847376e-10,2.6683188991682982e-09
test/Deer/0518.jpg,Deer,Deer,Deer,Deer,1.0,1.0,1.0,True,True,8.650735683346511e-11,5.220268661787486e-10,8.648421562229558e-11,5.218669940632026e-10
test/Deer/0530.jpg,Deer,Deer,Deer,Deer,0.9999574422836304,0.9999574422836304,0.9999581575393677,True,True,2.01685182332767e-07,7.152557373046875e-07,2.0168512548934814e-07,7.152557373046875e-07
test/Deer/0566.jpg,Deer,Deer,Deer,Deer,0.999614953994751,0.999614953994751,0.9996079802513123,True,True,1.9929427708120784e-06,6.973743438720703e-06,1.9928941128455335e-06,6.973743438720703e-06
test/Deer/0567.jpg,Deer,Deer,Deer,Deer,1.0,1.0,1.0,True,True,1.4653880886505988e-10,9.061995598358408e-10,1.4650951285499758e-10,9.06012154189284e-10
test/Deer/0568.jpg,Deer,Deer,Deer,Deer,0.9999353885650635,0.9999353885650635,0.9999319314956665,True,True,9.969862730940804e-07,3.494540578685701e-06,9.970520977731212e-07,3.4949625842273235e-06
test/Deer/0575.jpg,Deer,Deer,Deer,Deer,0.9999924898147583,0.9999924898147583,0.9999926090240479,True,True,3.655153690829138e-08,1.3631961337523535e-07,3.653092406352698e-08,1.3617545846500434e-07
test/Deer/0600.jpg,Deer,Deer,Deer,Deer,1.0,1.0,1.0,True,True,9.02408286984624e-11,4.162341582514273e-10,9.023005953512353e-11,4.162146183261939e-10
test/Deer/0614.jpg,Deer,Deer,Deer,Deer,0.999835729598999,0.999835729598999,0.9998369216918945,True,True,3.498926446354744e-07,1.243723090738058e-06,3.5016151400668605e-07,1.2456002878025174e-06
test/Deer/0663.jpg,Deer,Deer,Deer,Deer,1.0,1.0,1.0,True,True,1.5414600151864022e-10,6.774047989210885e-10,1.540948063594172e-10,6.771472271793755e-10
test/Deer/0675.jpg,Deer,Deer,Deer,Deer,1.0,1.0,1.0,True,True,8.784749837287276e-12,5.210587517012755e-11,8.776280049915819e-12,5.204547903758794e-11
test/Deer/0690.jpg,Deer,Deer,Deer,Deer,0.9999942779541016,0.9999942779541016,0.9999942779541016,True,True,1.3542361898544186e-08,7.018979886197485e-08,1.3535950138532371e-08,7.015933078946546e-08
test/Deer/0720.jpg,Deer,Deer,Deer,Deer,1.0,1.0,1.0,True,True,6.069323103992386e-13,2.8243692107299267e-12,6.068458994860915e-13,2.8243726801768787e-12
test/Elephant/0004.jpg,Elephant,Elephant,Elephant,Elephant,1.0,1.0,1.0,True,True,1.1807404012853517e-12,3.183522889749213e-12,1.180702996310401e-12,3.183280028462576e-12
test/Elephant/0010.jpg,Elephant,Elephant,Elephant,Elephant,1.0,1.0,1.0,True,True,1.8440461831137345e-12,7.95974397505006e-12,1.8451802585861543e-12,7.967182469315048e-12
test/Elephant/0016.jpg,Elephant,Elephant,Elephant,Elephant,1.0,1.0,1.0,True,True,1.247615344368569e-10,3.58719276505326e-10,1.2479005329080195e-10,3.587921071357414e-10
test/Elephant/0022.jpg,Elephant,Elephant,Elephant,Elephant,1.0,1.0,1.0,True,True,1.9314209519921688e-12,8.297695863745957e-12,1.928202606263363e-12,8.273715046414054e-12
test/Elephant/0027.jpg,Elephant,Elephant,Elephant,Elephant,1.0,1.0,1.0,True,True,3.5829132629533467e-12,2.3073987165389553e-11,3.5811204262409246e-12,2.3062884935143302e-11
test/Elephant/0054.jpg,Elephant,Elephant,Elephant,Elephant,1.0,1.0,1.0,True,True,9.389359428846333e-11,2.8037216992515823e-10,9.392468053315284e-11,2.8045210598293124e-10
test/Elephant/0104.jpg,Elephant,Elephant,Elephant,Elephant,1.0,1.0,1.0,True,True,7.821474717895072e-11,4.908038420126104e-10,7.822376080213189e-11,4.908677908588288e-10
test/Elephant/0110.jpg,Elephant,Elephant,Elephant,Elephant,1.0,1.0,1.0,True,True,4.0226014186295345e-10,1.966945717413182e-09,4.021691313305098e-10,1.9664803119212593e-09
test/Elephant/0136.jpg,Elephant,Elephant,Elephant,Elephant,1.0,1.0,1.0,True,True,1.2876379129611593e-10,7.033991167304521e-10,1.2874239174731628e-10,7.032729953948547e-10
test/Elephant/0149.jpg,Elephant,Elephant,Elephant,Elephant,1.0,1.0,1.0,True,True,6.724051003492715e-12,4.628708527576464e-11,6.7243766978253294e-12,4.6289527766418814e-11
test/Elephant/0162.jpg,Elephant,Elephant,Elephant,Elephant,1.0,1.0,1.0,True,True,3.59947141537198e-11,2.4925661534780374e-10,3.595801087441508e-11,2.489972672492513e-10
test/Elephant/0168.jpg,Elephant,Elephant,Elephant,Elephant,0.9999978542327881,0.9999978542327881,0.9999978542327881,True,True,5.2450106480250724e-09,2.3952338779054116e-08,5.242988265763415e-09,2.394074272160651e-08
test/Elephant/0177.jpg,Elephant,Elephant,Elephant,Elephant,0.9999830722808838,0.9999830722808838,0.9999818801879883,True,True,3.4318341590733326e-07,1.2099935702281073e-06,3.431766515404888e-07,1.209946276503615e-06
test/Elephant/0178.jpg,Elephant,Elephant,Elephant,Elephant,1.0,1.0,1.0,True,True,1.257199422691202e-12,6.127515161935548e-12,1.2569500561915303e-12,6.125641660581493e-12
test/Elephant/0182.jpg,Elephant,Elephant,Elephant,Elephant,1.0,1.0,1.0,True,True,3.056926586864073e-11,1.934632454236862e-10,3.057541372863959e-11,1.9350543389862196e-10
test/Elephant/0209.jpg,Elephant,Elephant,Elephant,Elephant,1.0,1.0,1.0,True,True,2.692774614398985e-10,1.2167333807155956e-09,2.6933383301397384e-10,1.2171099683655484e-09
test/Elephant/0217.jpg,Elephant,Elephant,Elephant,Elephant,1.0,1.0,1.0,True,True,2.478867805466578e-12,1.3918116659183966e-11,2.478707777225919e-12,1.3917020313947148e-11
test/Elephant/0226.jpg,Elephant,Elephant,Elephant,Elephant,1.0,1.0,1.0,True,True,2.658166568803022e-11,1.645075187184375e-10,2.6589451126990404e-11,1.645643621372983e-10
test/Elephant/0237.jpg,Elephant,Elephant,Elephant,Elephant,1.0,1.0,1.0,True,True,7.414692471119366e-11,2.596847181735029e-10,7.418082120791425e-11,2.597606574283873e-10
test/Elephant/0249.jpg,Elephant,Elephant,Elephant,Elephant,1.0,1.0,1.0,True,True,2.166189796981577e-11,9.945955170564957e-11,2.1651755041651732e-11,9.941736323071382e-11
test/Elephant/0262.jpg,Elephant,Elephant,Elephant,Elephant,1.0,1.0,1.0,True,True,1.1498479035240705e-13,2.654803460400146e-13,1.1495634359790646e-13,2.6538493624883586e-13
test/Elephant/0294.jpg,Elephant,Elephant,Elephant,Elephant,0.9999998807907104,0.9999998807907104,0.9999998807907104,True,True,6.747838399157047e-10,4.720234869637352e-09,6.746172509508597e-10,4.719069579550705e-09
test/Elephant/0303.jpg,Elephant,Elephant,Elephant,Elephant,1.0,1.0,1.0,True,True,1.7624928751701352e-13,1.1803249350128553e-12,1.7619316650206024e-13,1.1802329946686285e-12
test/Elephant/0305.jpg,Elephant,Elephant,Elephant,Elephant,1.0,1.0,1.0,True,True,9.740665305596474e-13,6.252443007781494e-12,9.706707009352056e-13,6.228906279659441e-12
test/Elephant/0315.jpg,Elephant,Elephant,Elephant,Elephant,1.0,1.0,1.0,True,True,7.587913587389639e-13,2.5599210251581184e-12,7.588341305146684e-13,2.5604240949661516e-12
test/Elephant/0322.jpg,Elephant,Elephant,Elephant,Elephant,1.0,1.0,1.0,True,True,1.1257082939419849e-11,5.573674854986166e-11,1.1251633305620068e-11,5.5701221413073654e-11
test/Elephant/0329.jpg,Elephant,Elephant,Elephant,Elephant,1.0,1.0,1.0,True,True,8.937580628929145e-14,5.347753490037022e-13,8.935337685684816e-14,5.346730003186195e-13
test/Elephant/0356.jpg,Elephant,Elephant,Elephant,Elephant,1.0,1.0,1.0,True,True,1.1671126738665993e-11,6.528311224940353e-11,1.1672285533947946e-11,6.52917719889956e-11
test/Elephant/0367.jpg,Elephant,Elephant,Elephant,Elephant,1.0,1.0,1.0,True,True,5.90421392332452e-11,4.0617109675622487e-10,5.900512717316175e-11,4.0591174865767243e-10
test/Elephant/0385.jpg,Elephant,Elephant,Elephant,Elephant,1.0,1.0,1.0,True,True,7.169031340792387e-11,4.0026026937312054e-10,7.169855681388171e-11,4.0030490033871047e-10
test/Elephant/0386.jpg,Elephant,Elephant,Elephant,Elephant,1.0,1.0,1.0,True,True,1.9538792805917637e-10,8.034568566017697e-10,1.9538738682545187e-10,8.035172527343093e-10
test/Elephant/0395.jpg,Elephant,Elephant,Elephant,Elephant,1.0,1.0,1.0,True,True,4.908576323181535e-11,3.1221025764693877e-10,4.908732795239068e-11,3.122211378325801e-10
test/Elephant/0397.jpg,Elephant,Elephant,Elephant,Elephant,1.0,1.0,1.0,True,True,1.4942709569698565e-10,5.679670067593179e-10,1.4948255133706567e-10,5.681730641526883e-10
test/Elephant/0401.jpg,Elephant,Elephant,Elephant,Elephant,1.0,1.0,1.0,True,True,2.75623469360442e-12,1.1618400685975416e-11,2.7556188667704484e-12,1.161526430593085e-11
test/Elephant/0413.jpg,Elephant,Elephant,Elephant,Elephant,1.0,1.0,1.0,True,True,2.6311122724997915e-10,1.0719585219476357e-09,2.6310020828645975e-10,1.0718963494582567e-09
test/Elephant/0417.jpg,Elephant,Elephant,Elephant,Elephant,1.0,1.0,1.0,True,True,7.004149343847743e-11,2.4508395313205256e-10,7.015597131010409e-11,2.4517898822296047e-10
test/Elephant/0435.jpg,Elephant,Elephant,Elephant,Elephant,1.0,1.0,1.0,True,True,1.1056845543311322e-11,4.538458497904685e-11,1.1054627699347286e-11,4.5351722377517945e-11
test/Elephant/0440.jpg,Elephant,Elephant,Elephant,Elephant,0.9999996423721313,0.9999996423721313,0.9999996423721313,True,True,6.8227157257183535e-09,2.2791184051129676e-08,6.823354770091328e-09,2.279330146848224e-08
test/Elephant/0446.jpg,Elephant,Elephant,Elephant,Elephant,1.0,1.0,1.0,True,True,1.1500911334394459e-10,7.944178648244815e-10,1.149453726645433e-10,7.939995327888028e-10
test/Elephant/0447.jpg,Elephant,Elephant,Elephant,Elephant,0.9999997615814209,0.9999997615814209,0.9999997615814209,True,True,5.3667803534551695e-09,2.679109911696287e-08,5.366583621935206e-09,2.678955723922627e-08
test/Elephant/0456.jpg,Elephant,Elephant,Elephant,Elephant,0.9999587535858154,0.9999587535858154,0.9999619722366333,True,True,9.019413482747041e-07,3.2186508178710938e-06,9.019192361847672e-07,3.2186508178710938e-06
test/Elephant/0462.jpg,Elephant,Elephant,Elephant,Elephant,1.0,1.0,1.0,True,True,8.757195179580801e-16,4.053669292597428e-15,8.75689818865367e-16,4.0537235027060525e-15
test/Elephant/0469.jpg,Elephant,Elephant,Elephant,Elephant,1.0,1.0,1.0,True,True,6.611111658116897e-11,3.878115606426036e-10,6.612609765310751e-11,3.879048193766721e-10
test/Elephant/0474.jpg,Elephant,Elephant,Elephant,Elephant,0.9999980926513672,0.9999980926513672,0.9999982118606567,True,True,2.719479041957129e-08,1.1920928955078125e-07,2.71980820087947e-08,1.1920928955078125e-07
test/Elephant/0480.jpg,Elephant,Elephant,Elephant,Elephant,1.0,1.0,1.0,True,True,8.912239002345501e-12,5.5482785032978654e-11,8.910701169984048e-12,5.5472182403093484e-11
test/Elephant/0486.jpg,Elephant,Elephant,Elephant,Elephant,1.0,1.0,1.0,True,True,9.913309756415245e-11,5.540812253457261e-10,9.910209458618979e-11,5.538898228962807e-10
test/Elephant/0492.jpg,Elephant,Elephant,Elephant,Elephant,1.0,1.0,1.0,True,True,1.2207739159830755e-11,4.960401533971037e-11,1.2206046069718202e-11,4.959715971253331e-11
test/Elephant/0506.jpg,Elephant,Elephant,Elephant,Elephant,0.999997615814209,0.999997615814209,0.999997615814209,True,True,4.761230076866241e-09,2.4242808649432845e-08,4.7589145957260826e-09,2.4225755623774603e-08
test/Elephant/0515.jpg,Elephant,Elephant,Elephant,Elephant,1.0,1.0,1.0,True,True,4.905266123844676e-11,3.268532111633249e-10,4.905988462700073e-11,3.269011727979887e-10
test/Elephant/0527.jpg,Elephant,Elephant,Elephant,Elephant,0.9999998807907104,0.9999998807907104,0.9999997615814209,True,True,1.994372844649206e-08,1.1920928955078125e-07,1.9943913187603357e-08,1.1920928955078125e-07
test/Elephant/0529.jpg,Elephant,Elephant,Elephant,Elephant,1.0,1.0,1.0,True,True,3.2770030179013476e-12,1.6704027050451487e-11,3.2767486640716825e-12,1.6703416427787943e-11
test/Elephant/0538.jpg,Elephant,Elephant,Elephant,Elephant,0.9999969005584717,0.9999969005584717,0.9999964237213135,True,True,1.1597547455721724e-07,4.76837158203125e-07,1.1597329319101846e-07,4.76837158203125e-07
test/Elephant/0569.jpg,Elephant,Elephant,Elephant,Elephant,0.937935471534729,0.9379361271858215,0.9401697516441345,True,True,0.0006383442669175565,0.0022342801094055176,0.000638171739410609,0.0022336244583129883
test/Elephant/0573.jpg,Elephant,Elephant,Elephant,Elephant,1.0,1.0,1.0,True,True,3.618317798159687e-11,1.5823742316456446e-10,3.6163246008857897e-11,1.5816525866796383e-10
test/Elephant/0574.jpg,Elephant,Elephant,Elephant,Elephant,1.0,1.0,1.0,True,True,2.0215456912608953e-12,1.3759160477633259e-11,2.0212904700694923e-12,1.3757384120793859e-11
test/Elephant/0586.jpg,Elephant,Elephant,Elephant,Elephant,1.0,1.0,1.0,True,True,2.8222824400322803e-14,8.97619652218129e-14,2.8256231379762513e-14,8.974591902966012e-14
test/Elephant/0595.jpg,Elephant,Elephant,Elephant,Elephant,1.0,1.0,1.0,True,True,1.2583625808026966e-10,8.180425226100851e-10,1.2584223940681483e-10,8.18090484244749e-10
test/Elephant/0596.jpg,Elephant,Elephant,Elephant,Elephant,1.0,1.0,1.0,True,True,8.066053250668781e-13,5.6077573140633774e-12,8.064077292209426e-13,5.606383413070404e-12
test/Elephant/0604.jpg,Elephant,Elephant,Elephant,Elephant,1.0,1.0,1.0,True,True,3.442321514640634e-12,2.1207050004967698e-11,3.4421478254526017e-12,2.1205870393004034e-11
test/Elephant/0610.jpg,Elephant,Elephant,Elephant,Elephant,1.0,1.0,1.0,True,True,7.105330213086347e-12,3.627825817531516e-11,7.112907485229414e-12,3.628719547066339e-11
test/Elephant/0617.jpg,Elephant,Elephant,Elephant,Elephant,1.0,1.0,1.0,True,True,1.2816966932227558e-10,6.625935355941692e-10,1.2812553795704673e-10,6.623448456366532e-10
test/Elephant/0630.jpg,Elephant,Elephant,Elephant,Elephant,1.0,1.0,1.0,True,True,6.686560159729904e-12,2.8999247447814014e-11,6.686783071696567e-12,2.9001190338107108e-11
test/Elephant/0666.jpg,Elephant,Elephant,Elephant,Elephant,0.9999265670776367,0.9999265670776367,0.999915599822998,True,True,3.149167469018721e-06,1.0967254638671875e-05,3.1490803849010263e-06,1.0967254638671875e-05
test/Elephant/0672.jpg,Elephant,Elephant,Elephant,Elephant,1.0,1.0,1.0,True,True,5.456849165239031e-13,2.8435552523742302e-12,5.459861078874195e-13,2.844856294981213e-12
test/Elephant/0673.jpg,Elephant,Elephant,Elephant,Elephant,0.9999988079071045,0.9999988079071045,0.9999988079071045,True,True,3.4417730887525977e-09,1.3125685427439748e-08,3.4403140336536353e-09,1.3118494734953856e-08
test/Elephant/0676.jpg,Elephant,Elephant,Elephant,Elephant,0.9999998807907104,0.9999998807907104,0.9999998807907104,True,True,7.843651839145593e-10,5.459554586195736e-09,7.841794436025395e-10,5.458261398416653e-09
test/Elephant/0677.jpg,Elephant,Elephant,Elephant,Elephant,1.0,1.0,1.0,True,True,1.11437812103099e-11,7.273559532450236e-11,1.1139729763631756e-11,7.271228064098523e-11
test/Elephant/0681.jpg,Elephant,Elephant,Elephant,Elephant,0.9999985694885254,0.9999985694885254,0.9999985694885254,True,True,5.610079512052835e-09,3.8828261494927574e-08,5.615441445172564e-09,3.8865550777700264e-08
test/Elephant/0698.jpg,Elephant,Elephant,Elephant,Elephant,1.0,1.0,1.0,True,True,6.848176192786326e-11,3.9189096412428626e-10,6.847806349741248e-11,3.9189007594586656e-10
test/Elephant/0700.jpg,Elephant,Elephant,Elephant,Elephant,0.9999963045120239,0.9999963045120239,0.9999966621398926,True,True,9.042268089842764e-08,3.5762786865234375e-07,9.040872583909731e-08,3.5762786865234375e-07
test/Elephant/0712.jpg,Elephant,Elephant,Elephant,Elephant,1.0,1.0,1.0,True,True,1.266543120381769e-10,6.661042828426389e-10,1.266291099755179e-10,6.659697238120543e-10
test/Elephant/0724.jpg,Elephant,Elephant,Elephant,Elephant,1.0,1.0,1.0,True,True,1.0395172569954703e-11,6.269629260202692e-11,1.0397611591161926e-11,6.272138364238344e-11
test/Elephant/0738.jpg,Elephant,Elephant,Elephant,Elephant,0.9999980926513672,0.9999982118606567,0.9999980926513672,True,True,8.934851969399915e-09,6.026778009982081e-08,2.5966411243416587e-08,1.1920928955078125e-07
test/Elephant/0750.jpg,Elephant,Elephant,Elephant,Elephant,0.9964382648468018,0.9964381456375122,0.9966031312942505,True,True,4.710391294793226e-05,0.00016486644744873047,4.713201997219585e-05,0.00016498565673828125
test/Elephant/0754.jpg,Elephant,Elephant,Elephant,Elephant,1.0,1.0,1.0,True,True,2.2735664739759187e-10,1.5770957872973668e-09,2.2740123672981838e-10,1.5773977679600648e-09
test/Elephant/0755.jpg,Elephant,Elephant,Elephant,Elephant,1.0,1.0,1.0,True,True,3.237277806933392e-11,2.2329960103206759e-10,3.237585199933335e-11,2.2332069526953546e-10
test/Elephant/0783.jpg,Elephant,Elephant,Elephant,Elephant,1.0,1.0,1.0,True,True,4.397495215191505e-11,1.6248524747908277e-10,4.397495909080895e-11,1.6248236089921875e-10
test/Elephant/0789.jpg,Elephant,Elephant,Elephant,Elephant,0.9999998807907104,0.9999998807907104,0.9999998807907104,True,True,1.1970812119344032e-09,6.084647452553327e-09,1.1971642566166452e-09,6.084960091357061e-09
test/Elephant/0795.jpg,Elephant,Elephant,Elephant,Elephant,1.0,1.0,1.0,True,True,5.392277180327198e-10,2.846562097147398e-09,5.392383761737563e-10,2.8466260459936166e-09
test/Monkey/0004.jpg,Monkey,Monkey,Monkey,Monkey,1.0,1.0,1.0,True,True,3.995972649994961e-11,1.8675105906140743e-10,3.998062991783513e-11,1.8678614210898559e-10
test/Monkey/0039.jpg,Monkey,Monkey,Monkey,Monkey,0.9999992847442627,0.9999992847442627,0.9999992847442627,True,True,1.131474358651019e-09,3.713182650244562e-09,1.1320879789167293e-09,3.71795749742887e-09
test/Monkey/0054.jpg,Monkey,Monkey,Monkey,Monkey,0.9999715089797974,0.9999715089797974,0.9999715089797974,True,True,2.3039321561668658e-08,9.693394531495869e-08,2.3096827561630562e-08,9.735958883538842e-08
test/Monkey/0067.jpg,Monkey,Monkey,Monkey,Monkey,1.0,1.0,1.0,True,True,2.0352808327572802e-10,7.860467832188078e-10,2.03518119024082e-10,7.861284956334202e-10
test/Monkey/0069.jpg,Monkey,Monkey,Monkey,Monkey,0.9999967813491821,0.9999967813491821,0.9999970197677612,True,True,6.127400808964012e-08,2.384185791015625e-07,6.127753948703685e-08,2.384185791015625e-07
test/Monkey/0073.jpg,Monkey,Monkey,Monkey,Monkey,1.0,1.0,1.0,True,True,1.83686121868476e-11,7.433870186090985e-11,1.837182836417206e-11,7.434747262280439e-11
test/Monkey/0084.jpg,Monkey,Monkey,Monkey,Monkey,0.9999996423721313,0.9999996423721313,0.9999996423721313,True,True,2.370750706859326e-09,1.473715371957951e-08,2.3708348617645925e-09,1.4738802178726473e-08
test/Monkey/0094.jpg,Monkey,Monkey,Monkey,Monkey,0.9999998807907104,0.9999998807907104,1.0,True,True,1.7245158190348775e-08,1.1920928955078125e-07,1.724528786439805e-08,1.1920928955078125e-07
test/Monkey/0100.jpg,Monkey,Monkey,Monkey,Monkey,0.999919056892395,0.999919056892395,0.9999197721481323,True,True,2.3413181793330295e-07,7.747876225039363e-07,2.3388680858715816e-07,7.730195648036897e-07
test/Monkey/0105.jpg,Monkey,Monkey,Monkey,Monkey,0.999998927116394,0.999998927116394,0.999998927116394,True,True,5.885203879785195e-09,2.2160406842886005e-08,5.8871116870307105e-09,2.216495431639487e-08
test/Monkey/0112.jpg,Monkey,Monkey,Monkey,Monkey,1.0,1.0,1.0,True,True,1.5195490699060343e-10,4.4068837468103084e-10,1.519585984821603e-10,4.4076831073880385e-10
test/Monkey/0114.jpg,Monkey,Monkey,Monkey,Monkey,0.9999992847442627,0.9999992847442627,0.9999992847442627,True,True,1.1620097106757044e-09,8.061761036515236e-09,1.1615061135117344e-09,8.058236744545866e-09
test/Monkey/0123.jpg,Monkey,Monkey,Monkey,Monkey,0.9999983310699463,0.9999983310699463,0.9999983310699463,True,True,7.243172284177035e-09,4.472826731216628e-08,7.24443038890854e-09,4.473531589610502e-08
test/Monkey/0126.jpg,Monkey,Monkey,Monkey,Monkey,1.0,1.0,1.0,True,True,1.609317193396187e-11,7.747313901518282e-11,1.6090901180931816e-11,7.745803998204792e-11
test/Monkey/0155.jpg,Monkey,Monkey,Monkey,Monkey,1.0,1.0,1.0,True,True,5.134467156997502e-11,2.696385337230822e-10,5.137166386726122e-11,2.6982061029912074e-10
test/Monkey/0160.jpg,Monkey,Monkey,Monkey,Monkey,1.0,1.0,1.0,True,True,5.154523726250138e-13,1.709903052482531e-12,5.153125105447631e-13,1.7093271242885066e-12
test/Monkey/0183.jpg,Monkey,Monkey,Monkey,Monkey,0.9999998807907104,0.9999998807907104,0.9999998807907104,True,True,3.150265326379298e-10,1.8394104017716018e-09,3.150425198494844e-10,1.8394032963442442e-09
test/Monkey/0196.jpg,Monkey,Monkey,Monkey,Monkey,0.9999994039535522,0.9999994039535522,0.9999994039535522,True,True,1.43139367025924e-09,4.6122892172206775e-09,1.4314579521723658e-09,4.611948156707513e-09
test/Monkey/0202.jpg,Monkey,Monkey,Monkey,Monkey,1.0,1.0,1.0,True,True,8.155782299512637e-11,2.2307400371346375e-10,8.155488090411112e-11,2.2302781843563935e-10
test/Monkey/0217.jpg,Monkey,Monkey,Monkey,Monkey,0.9999711513519287,0.9999711513519287,0.9999712705612183,True,True,2.8131927010122126e-08,1.1920928955078125e-07,2.8181926126080725e-08,1.1920928955078125e-07
test/Monkey/0223.jpg,Monkey,Monkey,Monkey,Monkey,0.9997356534004211,0.9997356534004211,0.9997379183769226,True,True,6.525830826831225e-07,2.2649765014648438e-06,6.527407663270424e-07,2.2649765014648438e-06
test/Monkey/0241.jpg,Monkey,Monkey,Monkey,Monkey,1.0,1.0,1.0,True,True,3.951490610415442e-12,1.5917739348836335e-11,3.945626377704903e-12,1.591402010170384e-11
test/Monkey/0244.jpg,Monkey,Monkey,Monkey,Monkey,0.9999964237213135,0.9999964237213135,0.9999963045120239,True,True,4.423123911578841e-08,1.8633363652043045e-07,4.421812604959996e-08,1.8624587028170936e-07
test/Monkey/0260.jpg,Monkey,Monkey,Monkey,Monkey,1.0,1.0,1.0,True,True,2.9758665150148023e-12,1.6771473099197465e-11,2.974993081744648e-12,1.6766699140191577e-11
test/Monkey/0262.jpg,Monkey,Monkey,Monkey,Monkey,1.0,1.0,1.0,True,True,1.3820249198520651e-12,4.805024433895966e-12,1.382253035989156e-12,4.805468523105816e-12
test/Monkey/0270.jpg,Monkey,Monkey,Monkey,Monkey,0.9999990463256836,0.9999990463256836,0.999998927116394,True,True,2.780424956938532e-08,1.1920928955078125e-07,2.7803077173871316e-08,1.1920928955078125e-07
test/Monkey/0275.jpg,Monkey,Monkey,Monkey,Monkey,1.0,1.0,1.0,True,True,5.8972093701370465e-12,2.19048112981568e-11,5.880778936734332e-12,2.192379611187789e-11
test/Monkey/0283.jpg,Monkey,Monkey,Monkey,Monkey,1.0,1.0,1.0,True,True,2.504267453129483e-11,8.842482301929522e-11,2.5053252875051335e-11,8.846079424529307e-11
test/Non_Venomous_Snake/1 (2).jpg,Non_Venomous_Snake,Non_Venomous_Snake,Non_Venomous_Snake,Non_Venomous_Snake,0.5583632588386536,0.5583641529083252,0.5633680820465088,True,True,0.0014299665344879031,0.005004942417144775,0.0014296940062195063,0.005003929138183594
test/Non_Venomous_Snake/1.jpg,Non_Venomous_Snake,Non_Venomous_Snake,Non_Venomous_Snake,Non_Venomous_Snake,0.9990598559379578,0.9990598559379578,0.9989932179450989,True,True,1.9035369405173697e-05,6.663799285888672e-05,1.9035311197512783e-05,6.663799285888672e-05
test/Non_Venomous_Snake/10.jpg,Non_Venomous_Snake,Non_Venomous_Snake,Non_Venomous_Snake,Non_Venomous_Snake,0.992284893989563,0.992284893989563,0.9923215508460999,True,True,1.0471732821315527e-05,3.6656856536865234e-05,1.0472796930116601e-05,3.6656856536865234e-05
test/Non_Venomous_Snake/1024px-Heller_Tigerpython_Python_molurus_molurus.jpg,Non_Venomous_Snake,Non_Venomous_Snake,Non_Venomous_Snake,Non_Venomous_Snake,0.9983953833580017,0.9983953833580017,0.9984592199325562,True,True,1.8227628970635124e-05,6.383657455444336e-05,1.8227099644718692e-05,6.383657455444336e-05
test/Non_Venomous_Snake/11.jpg,Non_Venomous_Snake,Non_Venomous_Snake,Non_Venomous_Snake,Non_Venomous_Snake,0.9885213375091553,0.9885213375091553,0.9886732697486877,True,True,4.340643499745056e-05,0.0001519322395324707,4.340164377936162e-05,0.0001519322395324707
test/Non_Venomous_Snake/112282-850x565-Yellow_Rat_Snake.jpg,Non_Venomous_Snake,Non_Venomous_Snake,Non_Venomous_Snake,Non_Venomous_Snake,0.5937961339950562,0.593795895576477,0.595534086227417,True,True,0.0004965917905792594,0.001738131046295166,0.0004966556443832815,0.0017383396625518799
test/Non_Venomous_Snake/1157751.jpg,Non_Venomous_Snake,Non_Venomous_Snake,Non_Venomous_Snake,Non_Venomous_Snake,0.9987064599990845,0.9987064599990845,0.9987152814865112,True,True,2.5287097287218785e-06,8.876551873981953e-06,2.527994865886285e-06,8.871546015143394e-06
test/Non_Venomous_Snake/1166420045-m.jpg,Non_Venomous_Snake,Venomous_Snake,Venomous_Snake,Venomous_Snake,0.9658645391464233,0.9658644199371338,0.9648106694221497,True,True,0.0003011298831552267,0.0010538697242736816,0.0003010986256413162,0.0010537505149841309
test/Non_Venomous_Snake/12.jpg,Non_Venomous_Snake,Non_Venomous_Snake,Non_Venomous_Snake,Non_Venomous_Snake,0.9995259046554565,0.9995259046554565,0.9995229244232178,True,True,8.532316542186891e-07,2.9917864594608545e-06,8.535892561667424e-07,2.9942893888801336e-06
test/Non_Venomous_Snake/1200px-Eryx_jaculus.jpg,Non_Venomous_Snake,Non_Venomous_Snake,Non_Venomous_Snake,Non_Venomous_Snake,0.9958778619766235,0.995877742767334,0.9958891272544861,True,True,3.2161913168238243e-06,1.1265277862548828e-05,3.234817768316134e-06,1.138448715209961e-05
test/Non_Venomous_Snake/126763-004-312A729C.jpg,Non_Venomous_Snake,Non_Venomous_Snake,Non_Venomous_Snake,Non_Venomous_Snake,0.81916344165802,0.8191623091697693,0.8161984086036682,True,True,0.0008471640176139772,0.002965107560157776,0.0008468404412269592,0.0029639750719070435
test/Non_Venomous_Snake/1280px-Indian_rock_python_pratik.JPG,Non_Venomous_Snake,Non_Venomous_Snake,Non_Venomous_Snake,Non_Venomous_Snake,0.9986802935600281,0.9986802935600281,0.9987069368362427,True,True,7.618992640345823e-06,2.6662484742701054e-05,7.618276868015528e-06,2.6657478883862495e-05
test/Non_Venomous_Snake/13 (2).jpg,Non_Venomous_Snake,Non_Venomous_Snake,Non_Venomous_Snake,Non_Venomous_Snake,0.9961447715759277,0.9961448907852173,0.9960249662399292,True,True,3.423992166062817e-05,0.0001198737882077694,3.426370312809013e-05,0.00011992454528808594
test/Non_Venomous_Snake/13.jpg,Non_Venomous_Snake,Non_Venomous_Snake,Non_Venomous_Snake,Non_Venomous_Snake,0.9950457811355591,0.9950457811355591,0.995210587978363,True,True,4.725170219899155e-05,0.00016540149226784706,4.7254699893528596e-05,0.0001654224470257759
test/Non_Venomous_Snake/131942656.vigSlaNz.jpg,Non_Venomous_Snake,Non_Venomous_Snake,Non_Venomous_Snake,Non_Venomous_Snake,0.9270898103713989,0.9270901083946228,0.9267285466194153,True,True,0.00010322440357413143,0.0003612935543060303,0.00010331381054129452,0.0003616213798522949
test/Non_Venomous_Snake/14 (2).jpg,Non_Venomous_Snake,Non_Venomous_Snake,Non_Venomous_Snake,Non_Venomous_Snake,0.934290885925293,0.93429034948349,0.9306904673576355,True,True,0.0010286893229931593,0.0036004185676574707,0.0010285467142239213,0.0035999342799186707
test/Non_Venomous_Snake/14.jpg,Non_Venomous_Snake,Non_Venomous_Snake,Non_Venomous_Snake,Non_Venomous_Snake,0.9633870720863342,0.9633867144584656,0.963495135307312,True,True,3.0880306439939886e-05,0.00010809674859046936,3.098940214840695e-05,0.00010850280523300171
test/Non_Venomous_Snake/1406194043645_wps_2_EXCLUSIVE_GUJARAT_INDIA_U.jpg,Non_Venomous_Snake,Non_Venomous_Snake,Non_Venomous_Snake,Non_Venomous_Snake,0.9090889096260071,0.9090889096260071,0.9080304503440857,True,True,0.00030240489286370575,0.0010584592819213867,0.00030240483465604484,0.0010584592819213867
test/Non_Venomous_Snake/143197P3112612.JPG,Non_Venomous_Snake,Non_Venomous_Snake,Non_Venomous_Snake,Non_Venomous_Snake,0.5727352499961853,0.5727375745773315,0.5706541538238525,True,True,0.0005946009769104421,0.0020810961723327637,0.0005952651263214648,0.002083420753479004
test/Non_Venomous_Snake/1438853319IMG-20141006-WA0017.jpg,Non_Venomous_Snake,Non_Venomous_Snake,Non_Venomous_Snake,Non_Venomous_Snake,0.8629648089408875,0.8629648685455322,0.8645543456077576,True,True,0.00045762857189401984,0.0016015619039535522,0.0004576023784466088,0.0016014426946640015
test/Non_Venomous_Snake/1438853319main -1.jpg,Non_Venomous_Snake,Non_Venomous_Snake,Non_Venomous_Snake,Non_Venomous_Snake,0.9998787641525269,0.9998787641525269,0.9998794794082642,True,True,2.0350582019545982e-07,7.152557373046875e-07,2.033560377867616e-07,7.152557373046875e-07
test/Non_Venomous_Snake/1438853320sub headed shot-1.jpg,Non_Venomous_Snake,Non_Venomous_Snake,Non_Venomous_Snake,Non_Venomous_Snake,0.9985950589179993,0.9985950589179993,0.9986220598220825,True,True,7.716345862718299e-06,2.7009518817067146e-05,7.71586383052636e-06,2.7006142772734165e-05
test/Non_Venomous_Snake/15.jpg,Non_Venomous_Snake,Non_Venomous_Snake,Non_Venomous_Snake,Non_Venomous_Snake,0.9984279870986938,0.9984279870986938,0.998348593711853,True,True,2.2683840143145062e-05,7.939338684082031e-05,2.268405478389468e-05,7.939338684082031e-05
test/Non_Venomous_Snake/16.jpg,Non_Venomous_Snake,Non_Venomous_Snake,Non_Venomous_Snake,Non_Venomous_Snake,0.9171789884567261,0.9171785712242126,0.9197489619255066,True,True,0.0007344105979427695,0.0025703758001327515,0.0007345266058109701,0.0025707706809043884
test/Non_Venomous_Snake/16668569-Close-up-of-Indo-Chinese-Rat-snake-Thailand--Stock-Photo.jpg,Non_Venomous_Snake,Non_Venomous_Snake,Non_Venomous_Snake,Non_Venomous_Snake,0.5493185520172119,0.5493177771568298,0.5370442271232605,True,True,0.003506955923512578,0.012274324893951416,0.0035067556891590357,0.012273699045181274
test/Non_Venomous_Snake/17 (2).jpg,Non_Venomous_Snake,Non_Venomous_Snake,Non_Venomous_Snake,Non_Venomous_Snake,0.9994207620620728,0.9994207620620728,0.9993981122970581,True,True,6.458468305936549e-06,2.2649765014648438e-05,6.457994459196925e-06,2.2649765014648438e-05
test/Non_Venomous_Snake/17.jpg,Non_Venomous_Snake,Non_Venomous_Snake,Non_Venomous_Snake,Non_Venomous_Snake,0.9348337054252625,0.9348344802856445,0.9384194016456604,True,True,0.001024510944262147,0.0035856999456882477,0.0010243055876344442,0.0035850368440151215
test/Non_Venomous_Snake/175a2372jpg-35eda8314988c49d.jpg,Non_Venomous_Snake,Venomous_Snake,Venomous_Snake,Venomous_Snake,0.8652942180633545,0.8652932643890381,0.8704429268836975,True,True,0.0014710532268509269,0.005148708820343018,0.001471334253437817,0.005149677395820618
test/Non_Venomous_Snake/178737411_XS.jpg,Non_Venomous_Snake,Non_Venomous_Snake,Non_Venomous_Snake,Non_Venomous_Snake,0.7257746458053589,0.7257755994796753,0.7197326421737671,True,True,0.0017262966139242053,0.006042003631591797,0.0017265690257772803,0.006042957305908203
test/Non_Venomous_Snake/18.jpg,Non_Venomous_Snake,Non_Venomous_Snake,Non_Venomous_Snake,Non_Venomous_Snake,0.8070010542869568,0.8069985508918762,0.8018082976341248,True,True,0.0014853773172944784,0.005198821425437927,0.0014846601989120245,0.005196303129196167
test/Non_Venomous_Snake/1YEL.jpg,Non_Venomous_Snake,Non_Venomous_Snake,Non_Venomous_Snake,Non_Venomous_Snake,0.9999505281448364,0.9999505281448364,0.9999498128890991,True,True,2.181015190672042e-07,8.111019269563258e-07,2.1800069305299985e-07,8.1039615906775e-07
test/Non_Venomous_Snake/2.jpg,Non_Venomous_Snake,Non_Venomous_Snake,Non_Venomous_Snake,Non_Venomous_Snake,0.9588351249694824,0.9588349461555481,0.9578379988670349,True,True,0.00028490606928244233,0.0009972155094146729,0.00028484221547842026,0.0009969472885131836
test/Non_Venomous_Snake/20 (2).jpg,Non_Venomous_Snake,Venomous_Snake,Venomous_Snake,Venomous_Snake,0.5650989413261414,0.5650977492332458,0.5765504240989685,True,True,0.003273075446486473,0.011455774307250977,0.003273411886766553,0.011456936597824097
test/Non_Venomous_Snake/20 (3).jpg,Non_Venomous_Snake,Non_Venomous_Snake,Non_Venomous_Snake,Non_Venomous_Snake,0.999904990196228,0.999904990196228,0.9998970031738281,True,True,2.282910145368078e-06,7.991497113835067e-06,2.282678451592801e-06,7.989874575287104e-06
test/Non_Venomous_Snake/20.jpg,Non_Venomous_Snake,Non_Venomous_Snake,Non_Venomous_Snake,Non_Venomous_Snake,0.9996460676193237,0.9996460676193237,0.9996438026428223,True,True,6.507407306344248e-07,2.289743861183524e-06,6.509361583084683e-07,2.2911117412149906e-06
test/Non_Venomous_Snake/21.jpg,Non_Venomous_Snake,Non_Venomous_Snake,Non_Venomous_Snake,Non_Venomous_Snake,0.9570950865745544,0.9570948481559753,0.9588657021522522,True,True,0.0005059112445451319,0.001770615577697754,0.0005059906397946179,0.0017708539962768555
test/Non_Venomous_Snake/22cdfe6495d034308305a00eeee78be8.jpg,Non_Venomous_Snake,Non_Venomous_Snake,Non_Venomous_Snake,Non_Venomous_Snake,0.9179520010948181,0.9179520010948181,0.9182825088500977,True,True,9.446217882214114e-05,0.0003306642174720764,9.445153409615159e-05,0.0003305897116661072
test/Non_Venomous_Snake/23.jpg,Non_Venomous_Snake,Non_Venomous_Snake,Non_Venomous_Snake,Non_Venomous_Snake,0.9999961853027344,0.9999961853027344,0.9999960660934448,True,True,3.5055297331609836e-08,1.1920928955078125e-07,3.505957479887911e-08,1.1920928955078125e-07
test/Non_Venomous_Snake/23acc8022303e373f72893f094dcd22f--snake-photos-corn-snake.jpg,Non_Venomous_Snake,Non_Venomous_Snake,Non_Venomous_Snake,Non_Venomous_Snake,0.9968360662460327,0.9968360662460327,0.9967727065086365,True,True,1.8132706827600487e-05,6.342865526676178e-05,1.8137030565412715e-05,6.345892325043678e-05
test/Non_Venomous_Snake/24.jpg,Non_Venomous_Snake,Non_Venomous_Snake,Non_Venomous_Snake,Non_Venomous_Snake,0.9997079968452454,0.9997079968452454,0.9997007846832275,True,True,2.0743334516737377e-06,7.30800093151629e-06,2.074254553008359e-06,7.307447958737612e-06
test/Non_Venomous_Snake/240_F_57387590_X4C1GVMXiircJ9WijCsTxXmP3l08Pk2m.jpg,Non_Venomous_Snake,Non_Venomous_Snake,Non_Venomous_Snake,Non_Venomous_Snake,0.9899263381958008,0.9899264574050903,0.9898714423179626,True,True,1.5675554095651023e-05,5.4895877838134766e-05,1.570894892211072e-05,5.501508712768555e-05
test/Non_Venomous_Snake/240_F_81777996_fXFZAxx4plJEMzc4ndaqAcPqLi5VB87h.jpg,Non_Venomous_Snake,Non_Venomous_Snake,Non_Venomous_Snake,Non_Venomous_Snake,0.9996039271354675,0.9996039271354675,0.9996084570884705,True,True,1.2935694257976138e-06,4.5299530029296875e-06,1.2938102145199082e-06,4.5299530029296875e-06
test/Non_Venomous_Snake/249701_149478348456813_100001839476094_326585_731191_n.jpg,Non_Venomous_Snake,Non_Venomous_Snake,Non_Venomous_Snake,Non_Venomous_Snake,0.9950307607650757,0.9950307607650757,0.9949520826339722,True,True,2.2483975044451654e-05,7.869536057114601e-05,2.248231066914741e-05,7.868371903896332e-05
test/Non_Venomous_Snake/26.jpg,Non_Venomous_Snake,Non_Venomous_Snake,Non_Venomous_Snake,Non_Venomous_Snake,0.9998199343681335,0.9998199343681335,0.9998217225074768,True,True,5.091739012641483e-07,1.7881393432617188e-06,5.09171968587907e-07,1.7881393432617188e-06
test/Non_Venomous_Snake/27.jpg,Non_Venomous_Snake,Non_Venomous_Snake,Non_Venomous_Snake,Non_Venomous_Snake,0.7460684776306152,0.7460698485374451,0.7385843992233276,True,True,0.002138312440365553,0.007484078407287598,0.0021387168671935797,0.007485449314117432
test/Non_Venomous_Snake/29.jpg,Non_Venomous_Snake,Non_Venomous_Snake,Non_Venomous_Snake,Non_Venomous_Snake,0.9998502731323242,0.9998502731323242,0.9998490810394287,True,True,3.601412004172744e-07,1.1920928955078125e-06,3.6028924910169735e-07,1.1920928955078125e-06
test/Non_Venomous_Snake/2953885821_2921103913.jpg,Non_Venomous_Snake,Non_Venomous_Snake,Non_Venomous_Snake,Non_Venomous_Snake,0.9980509281158447,0.9980509281158447,0.9979493021965027,True,True,2.9037284548394382e-05,0.00010162591934204102,2.9034623366896994e-05,0.00010162591934204102
test/Non_Venomous_Snake/3.jpg,Non_Venomous_Snake,Non_Venomous_Snake,Non_Venomous_Snake,Non_Venomous_Snake,0.9868566393852234,0.9868566393852234,0.9868128895759583,True,True,1.2500941920734476e-05,4.374980926513672e-05,1.2508126928878482e-05,4.3798238039016724e-05
test/Non_Venomous_Snake/30.jpg,Non_Venomous_Snake,Venomous_Snake,Venomous_Snake,Venomous_Snake,0.8812355399131775,0.88123619556427,0.8823399543762207,True,True,0.00031561541254632175,0.0011044144630432129,0.00031542289070785046,0.0011037588119506836
test/Non_Venomous_Snake/300px-Boa.jpg,Non_Venomous_Snake,Non_Venomous_Snake,Non_Venomous_Snake,Non_Venomous_Snake,0.744860827922821,0.7448633909225464,0.746115505695343,True,True,0.0003584751102607697,0.0012546777725219727,0.00035774707794189453,0.0012521147727966309
test/Non_Venomous_Snake/32.jpg,Non_Venomous_Snake,Non_Venomous_Snake,Non_Venomous_Snake,Non_Venomous_Snake,0.9998078942298889,0.9998078942298889,0.9998072981834412,True,True,3.1939933364810713e-07,8.361384971067309e-07,3.192173210209148e-07,8.362821972696111e-07
test/Non_Venomous_Snake/33.jpg,Non_Venomous_Snake,Non_Venomous_Snake,Non_Venomous_Snake,Non_Venomous_Snake,0.9882545471191406,0.9882546663284302,0.9875708818435669,True,True,0.0001953189930645749,0.0006836652755737305,0.0001953561877598986,0.0006837844848632812
test/Non_Venomous_Snake/34.jpg,Non_Venomous_Snake,Non_Venomous_Snake,Non_Venomous_Snake,Non_Venomous_Snake,0.9915086030960083,0.9915087223052979,0.9909306168556213,True,True,0.00016581278759986162,0.0005779862403869629,0.00016585200501140207,0.0005781054496765137
test/Non_Venomous_Snake/36.jpg,Non_Venomous_Snake,Non_Venomous_Snake,Non_Venomous_Snake,Non_Venomous_Snake,0.9990552067756653,0.9990552067756653,0.9990480542182922,True,True,2.0320942439866485e-06,7.152557373046875e-06,2.0322854652476963e-06,7.152557373046875e-06
test/Non_Venomous_Snake/37.jpg,Non_Venomous_Snake,Non_Venomous_Snake,Non_Venomous_Snake,Non_Venomous_Snake,0.9999532699584961,0.9999532699584961,0.999951958656311,True,True,3.7137525055186416e-07,1.3113021850585938e-06,3.7144545217415725e-07,1.3113021850585938e-06
test/Non_Venomous_Snake/38AC2D51-1DD8-B71C-077A00C10D49AA3C-large.JPG,Non_Venomous_Snake,Non_Venomous_Snake,Non_Venomous_Snake,Non_Venomous_Snake,0.9609803557395935,0.9609801173210144,0.9609379768371582,True,True,1.2101023457944393e-05,4.2378902435302734e-05,1.2041418813169003e-05,4.2147934436798096e-05
test/Non_Venomous_Snake/39.jpg,Non_Venomous_Snake,Non_Venomous_Snake,Non_Venomous_Snake,Non_Venomous_Snake,0.9986234903335571,0.9986234903335571,0.9986072182655334,True,True,4.64607455796795e-06,1.627206802368164e-05,4.647870810003951e-06,1.627206802368164e-05
test/Non_Venomous_Snake/4.jpg,Non_Venomous_Snake,Venomous_Snake,Venomous_Snake,Venomous_Snake,0.637492299079895,0.6374908089637756,0.6341583132743835,True,True,0.0009525654604658484,0.0033339858055114746,0.0009521354222670197,0.00333249568939209
test/Non_Venomous_Snake/40.jpg,Non_Venomous_Snake,Non_Venomous_Snake,Non_Venomous_Snake,Non_Venomous_Snake,0.999987006187439,0.999987006187439,0.9999866485595703,True,True,1.0974651587503104e-07,4.0789655031403527e-07,1.097501254321287e-07,4.079220161656849e-07
test/Non_Venomous_Snake/4108235465_d0b32976cc_b.jpg,Non_Venomous_Snake,Non_Venomous_Snake,Non_Venomous_Snake,Non_Venomous_Snake,0.999593198299408,0.999593198299408,0.9995918869972229,True,True,3.748483834442595e-07,1.3113021850585938e-06,3.741591285688628e-07,1.3113021850585938e-06
test/Non_Venomous_Snake/450-27504292-common-sand-boa-snake.jpg,Non_Venomous_Snake,Non_Venomous_Snake,Non_Venomous_Snake,Non_Venomous_Snake,0.9992730021476746,0.9992730021476746,0.9992669224739075,True,True,1.7258649904761114e-06,6.079673767089844e-06,1.7249751635972643e-06,6.079673767089844e-06
test/Non_Venomous_Snake/464685_469785913108783_1755378000_o.jpg,Non_Venomous_Snake,Non_Venomous_Snake,Non_Venomous_Snake,Non_Venomous_Snake,0.9997685551643372,0.9997685551643372,0.9997650980949402,True,True,9.90552393886901e-07,3.4732656786218286e-06,9.906162858897005e-07,3.473716787993908e-06
test/Non_Venomous_Snake/5 blog.jpg,Non_Venomous_Snake,Non_Venomous_Snake,Non_Venomous_Snake,Non_Venomous_Snake,0.9463839530944824,0.9463840126991272,0.9478329420089722,True,True,0.00041400949703529477,0.0014490634202957153,0.0004139940720051527,0.0014490149915218353
test/Non_Venomous_Snake/5078041194_1f8a6af122_b.jpg,Non_Venomous_Snake,Non_Venomous_Snake,Non_Venomous_Snake,Non_Venomous_Snake,0.6861560940742493,0.6861569285392761,0.6847298741340637,True,True,0.00040748846367932856,0.0014262199401855469,0.000407722603995353,0.0014270544052124023
test/Non_Venomous_Snake/5c3dd3dc91c4283c73c5992e0a62b28f.jpg,Non_Venomous_Snake,Non_Venomous_Snake,Non_Venomous_Snake,Non_Venomous_Snake,0.5188760161399841,0.518875002861023,0.5176833271980286,True,True,0.0003407573967706412,0.0011926889419555664,0.0003404806484468281,0.0011916756629943848
test/Non_Venomous_Snake/6 (2).jpg,Non_Venomous_Snake,Non_Venomous_Snake,Non_Venomous_Snake,Non_Venomous_Snake,0.9854874610900879,0.9854874610900879,0.984748899936676,True,True,0.00021102430764585733,0.0007386021316051483,0.00021101845777593553,0.0007385611534118652
test/Non_Venomous_Snake/6.jpg,Non_Venomous_Snake,Non_Venomous_Snake,Non_Venomous_Snake,Non_Venomous_Snake,0.9916804432868958,0.9916803240776062,0.9920816421508789,True,True,0.00011463655391708016,0.000401252880692482,0.00011465917486930266,0.0004013180732727051
test/Non_Venomous_Snake/61571838_4ea666d98a_b.jpg,Non_Venomous_Snake,Non_Venomous_Snake,Non_Venomous_Snake,Non_Venomous_Snake,0.9995204210281372,0.9995204210281372,0.9995087385177612,True,True,3.342955551488558e-06,1.1698401067405939e-05,3.343118351040175e-06,1.1699536116793752e-05
test/Non_Venomous_Snake/62b8a1.jpg,Non_Venomous_Snake,Non_Venomous_Snake,Non_Venomous_Snake,Non_Venomous_Snake,0.9290255904197693,0.9290255904197693,0.9293758869171143,True,True,0.00010008192475652322,0.0003502964973449707,0.00010009044490288943,0.0003503337502479553
test/Non_Venomous_Snake/6O4A7830.jpg,Non_Venomous_Snake,Non_Venomous_Snake,Non_Venomous_Snake,Non_Venomous_Snake,0.9925044775009155,0.9925045967102051,0.9925495386123657,True,True,1.2887433513242286e-05,4.511279985308647e-05,1.2856695320806466e-05,4.501687362790108e-05
test/Non_Venomous_Snake/6O4A7844.jpg,Non_Venomous_Snake,Venomous_Snake,Venomous_Snake,Venomous_Snake,0.9807273149490356,0.980726957321167,0.9810160994529724,True,True,8.252199768321589e-05,0.00028886087238788605,8.261673065135255e-05,0.0002891663461923599
test/Non_Venomous_Snake/7.jpg,Non_Venomous_Snake,Non_Venomous_Snake,Non_Venomous_Snake,Non_Venomous_Snake,0.9996345043182373,0.9996345043182373,0.9996296167373657,True,True,1.3941895531388582e-06,4.887580871582031e-06,1.394842229274218e-06,4.887580871582031e-06
test/Non_Venomous_Snake/7044762725_5e3e754c31.jpg,Non_Venomous_Snake,Non_Venomous_Snake,Non_Venomous_Snake,Non_Venomous_Snake,0.9443339109420776,0.9443340301513672,0.9447544813156128,True,True,0.0001201577833853662,0.00042057037353515625,0.0001201194609166123,0.00042045116424560547
test/Non_Venomous_Snake/7696c19d1eb4846d81269ecb4c77f5a5.jpg,Non_Venomous_Snake,Non_Venomous_Snake,Non_Venomous_Snake,Non_Venomous_Snake,0.9962074756622314,0.9962074756622314,0.9962521195411682,True,True,1.2781935765815433e-05,4.4790562242269516e-05,1.2780096767528448e-05,4.477775655686855e-05
test/Non_Venomous_Snake/78.jpg,Non_Venomous_Snake,Non_Venomous_Snake,Non_Venomous_Snake,Non_Venomous_Snake,0.9999964237213135,0.9999964237213135,0.9999964237213135,True,True,1.8884656061146643e-09,1.1700876711984165e-08,1.8869967810530852e-09,1.169064489658922e-08
test/Non_Venomous_Snake/79.jpg,Non_Venomous_Snake,Non_Venomous_Snake,Non_Venomous_Snake,Non_Venomous_Snake,0.9932047128677368,0.9932047128677368,0.9932981133460999,True,True,2.6696628992795013e-05,9.340327233076096e-05,2.670081812539138e-05,9.343260899186134e-05
test/Non_Venomous_Snake/8.jpg,Non_Venomous_Snake,Non_Venomous_Snake,Non_Venomous_Snake,Non_Venomous_Snake,0.9909307360649109,0.9909306168556213,0.9901947379112244,True,True,0.00021027626644354314,0.0007359981536865234,0.00021025205205660313,0.000735885463654995
test/Non_Venomous_Snake/800px-Common_Rat_Snake_(Ptyas_mucosa)_µ░┤σ╛ï5.jpg,Non_Venomous_Snake,Non_Venomous_Snake,Non_Venomous_Snake,Non_Venomous_Snake,0.9992014765739441,0.9992014765739441,0.9992116689682007,True,True,2.910384864662774e-06,1.0192394256591797e-05,2.910384864662774e-06,1.0192394256591797e-05
test/Non_Venomous_Snake/82.jpg,Non_Venomous_Snake,Non_Venomous_Snake,Non_Venomous_Snake,Non_Venomous_Snake,0.9829588532447815,0.982958972454071,0.9827940464019775,True,True,4.7098688810365275e-05,0.00016480684280395508,4.712237205239944e-05,0.00016492605209350586
test/Non_Venomous_Snake/83.jpg,Non_Venomous_Snake,Non_Venomous_Snake,Non_Venomous_Snake,Non_Venomous_Snake,0.961353600025177,0.961353063583374,0.9602201581001282,True,True,0.0003238411736674607,0.0011334456503391266,0.00032368311076425016,0.0011329054832458496
test/Non_Venomous_Snake/83612cc4c22f4694c89577510d3c9bdf.jpg,Non_Venomous_Snake,Venomous_Snake,Venomous_Snake,Venomous_Snake,0.6579917669296265,0.657991349697113,0.6553218960762024,True,True,0.000762812967877835,0.0026698708534240723,0.0007626895094290376,0.0026694536209106445
test/Non_Venomous_Snake/85.jpg,Non_Venomous_Snake,Non_Venomous_Snake,Non_Venomous_Snake,Non_Venomous_Snake,0.9779390692710876,0.9779390692710876,0.9775130152702332,True,True,0.00012173653522040695,0.00042609311640262604,0.0001217458484461531,0.0004261583089828491
test/Non_Venomous_Snake/86.jpg,Non_Venomous_Snake,Non_Venomous_Snake,Non_Venomous_Snake,Non_Venomous_Snake,0.9872558116912842,0.9872556924819946,0.9873238801956177,True,True,1.9452223568805493e-05,6.808154284954071e-05,1.948907447513193e-05,6.822030991315842e-05
test/Non_Venomous_Snake/87457288_XS.jpg,Non_Venomous_Snake,Non_Venomous_Snake,Non_Venomous_Snake,Non_Venomous_Snake,0.9921287298202515,0.992128849029541,0.9918966889381409,True,True,6.629245035583153e-05,0.0002320408821105957,6.632652366533875e-05,0.00023216009140014648
test/Non_Venomous_Snake/9 (2).jpg,Non_Venomous_Snake,Non_Venomous_Snake,Non_Venomous_Snake,Non_Venomous_Snake,0.9197272658348083,0.9197261333465576,0.9151222109794617,True,True,0.0013157253852114081,0.00460505485534668,0.0013154136249795556,0.004603967070579529
test/Non_Venomous_Snake/9.jpg,Non_Venomous_Snake,Non_Venomous_Snake,Non_Venomous_Snake,Non_Venomous_Snake,0.9947357773780823,0.9947357773780823,0.9949036836624146,True,True,4.797659130417742e-05,0.0001679062843322754,4.797087240149267e-05,0.0001679062843322754
test/Non_Venomous_Snake/9862346-Close-up-of-Common-Rat-Snake-Thailand--Stock-Photo-snake.jpg,Non_Venomous_Snake,Non_Venomous_Snake,Non_Venomous_Snake,Non_Venomous_Snake,0.7103555202484131,0.710353672504425,0.687329888343811,True,True,0.006578744389116764,0.02302563190460205,0.006578237749636173,0.023023873567581177
test/Non_Venomous_Snake/9geraniyade.jpg,Non_Venomous_Snake,Non_Venomous_Snake,Non_Venomous_Snake,Non_Venomous_Snake,0.8134698271751404,0.813469409942627,0.8092749118804932,True,True,0.0011985659366473556,0.004194974899291992,0.0011984446318820119,0.004194542765617371
test/Non_Venomous_Snake/Banded Racer_1105.jpg,Non_Venomous_Snake,Venomous_Snake,Venomous_Snake,Venomous_Snake,0.6108393669128418,0.6108386516571045,0.6050350666046143,True,True,0.0016583593096584082,0.005804300308227539,0.0016581591917201877,0.005803585052490234
test/Non_Venomous_Snake/Banded-Racer-1-700x489.jpg,Non_Venomous_Snake,Non_Venomous_Snake,Non_Venomous_Snake,Non_Venomous_Snake,0.9975724816322327,0.9975724816322327,0.9974234104156494,True,True,4.2582923924783245e-05,0.00014907121658325195,4.258638364262879e-05,0.00014907121658325195
test/Non_Venomous_Snake/Banded-Racer-3-700x417.jpg,Non_Venomous_Snake,Non_Venomous_Snake,Non_Venomous_Snake,Non_Venomous_Snake,0.9983963370323181,0.9983963370323181,0.9983974099159241,True,True,3.0550773999493686e-07,1.0728836059570312e-06,3.0344554602379503e-07,1.0728836059570312e-06
test/Non_Venomous_Snake/Banded_Racer_Argyrogena_fasciolata_by_Ashahar_alias_Krishna_Khan.jpg,Non_Venomous_Snake,Non_Venomous_Snake,Non_Venomous_Snake,Non_Venomous_Snake,0.5449574589729309,0.5449550747871399,0.5361924171447754,True,True,0.0025043014902621508,0.008765041828155518,0.0025036244187504053,0.00876268744468689
test/Non_Venomous_Snake/Natrix piscator.jpg,Non_Venomous_Snake,Non_Venomous_Snake,Non_Venomous_Snake,Non_Venomous_Snake,0.9988694787025452,0.9988694787025452,0.9988357424736023,True,True,9.647957995184697e-06,3.3794320188462734e-05,9.646877515478991e-06,3.3786753192543983e-05
test/Non_Venomous_Snake/PICT6251_fcw.jpg,Non_Venomous_Snake,Non_Venomous_Snake,Non_Venomous_Snake,Non_Venomous_Snake,0.9987939596176147,0.9987939596176147,0.9988259673118591,True,True,1.7619357095099986e-05,6.170547567307949e-05,1.762042120390106e-05,6.170885171741247e-05
test/Non_Venomous_Snake/Xenochrophis_piscator_at_Kadavoor.jpg,Non_Venomous_Snake,Non_Venomous_Snake,Non_Venomous_Snake,Non_Venomous_Snake,0.9707019329071045,0.970702052116394,0.971182107925415,True,True,0.0001372526603518054,0.0004804302006959915,0.00013721220602747053,0.0004802662879228592
test/Non_Venomous_Snake/banded Racer_001.jpg,Non_Venomous_Snake,Non_Venomous_Snake,Non_Venomous_Snake,Non_Venomous_Snake,0.98689204454422,0.9868918061256409,0.9863772392272949,True,True,0.0001470745337428525,0.0005148053169250488,0.00014702130283694714,0.0005145817995071411
test/Non_Venomous_Snake/banded-racer-argyrogena-fasciolata-juvenile-non-venomous-locality-DCDHTP.jpg,Non_Venomous_Snake,Non_Venomous_Snake,Non_Venomous_Snake,Non_Venomous_Snake,0.8680053949356079,0.8680043816566467,0.86534583568573,True,True,0.0007598456577397883,0.0026595592498779297,0.0007595625356771052,0.002658545970916748
test/Non_Venomous_Snake/banded-racer-argyrogena-fasciolata-juvenile-non-venomous-locality-h9et85.jpg,Non_Venomous_Snake,Non_Venomous_Snake,Non_Venomous_Snake,Non_Venomous_Snake,0.8193209171295166,0.8193196058273315,0.8135706186294556,True,True,0.0016429381212219596,0.005750298500061035,0.001642569899559021,0.00574900209903717
test/Non_Venomous_Snake/banded-racer-argyrogena-fasciolata-ncbs-bangalore-india-f7n70b.jpg,Non_Venomous_Snake,Non_Venomous_Snake,Non_Venomous_Snake,Non_Venomous_Snake,0.9752760529518127,0.9752762913703918,0.9749667644500732,True,True,8.83694738149643e-05,0.0003092978149652481,8.842960960464552e-05,0.0003095269203186035
test/Non_Venomous_Snake/banded-racer-argyrogena-fasciolata-non-venomous-not-common-biting-ac6488.jpg,Non_Venomous_Snake,Non_Venomous_Snake,Non_Venomous_Snake,Non_Venomous_Snake,0.9987356066703796,0.9987356066703796,0.9987214207649231,True,True,4.052421445521759e-06,1.4185905456542969e-05,4.053102657053387e-06,1.4185905456542969e-05
test/Non_Venomous_Snake/banded-racer-argyrogena-fasciolata-non-venomous-not-common-juvenile-A6TT4N.jpg,Non_Venomous_Snake,Non_Venomous_Snake,Non_Venomous_Snake,Non_Venomous_Snake,0.9712265729904175,0.9712266325950623,0.9702956676483154,True,True,0.0002659690217114985,0.0009309053421020508,0.0002659889869391918,0.0009309649467468262
test/Non_Venomous_Snake/banded-racer-argyrogena-fasciolata-non-venomous-not-common-juvenile-A6TT4T.jpg,Non_Venomous_Snake,Non_Venomous_Snake,Non_Venomous_Snake,Non_Venomous_Snake,0.9874958992004395,0.9874958992004395,0.9873020648956299,True,True,5.537120159715414e-05,0.0001938343048095703,5.537306424230337e-05,0.0001938343048095703
test/Non_Venomous_Snake/banded-racer-argyrogena-fasciolata-non-venomous-not-common-kalbeliya-AT2BHP.jpg,Non_Venomous_Snake,Venomous_Snake,Venomous_Snake,Venomous_Snake,0.9580259323120117,0.9580258131027222,0.9594315886497498,True,True,0.00040229319711215794,0.0014080554246902466,0.000402326782932505,0.001408170908689499
test/Non_Venomous_Snake/banded-racerargyrogena-fasciolata-ncbs-bangalore-india-f7n6yr.jpg,Non_Venomous_Snake,Non_Venomous_Snake,Non_Venomous_Snake,Non_Venomous_Snake,0.9656478762626648,0.9656478762626648,0.9650609493255615,True,True,0.00016770038928370923,0.0005869530141353607,0.00016769614012446254,0.0005869269371032715
test/Non_Venomous_Snake/banded.jpg,Non_Venomous_Snake,Non_Venomous_Snake,Non_Venomous_Snake,Non_Venomous_Snake,0.887183666229248,0.8871837258338928,0.8783993721008301,True,True,0.002509790938347578,0.008784294128417969,0.0025098142214119434,0.008784353733062744
test/Non_Venomous_Snake/banded_racer2.JPG,Non_Venomous_Snake,Non_Venomous_Snake,Non_Venomous_Snake,Non_Venomous_Snake,0.9596183896064758,0.959618330001831,0.9581652283668518,True,True,0.0004176433722022921,0.001461762934923172,0.00041761877946555614,0.0014616511762142181
test/Non_Venomous_Snake/bandedd.jpg,Non_Venomous_Snake,Non_Venomous_Snake,Non_Venomous_Snake,Non_Venomous_Snake,0.9981277585029602,0.9981277585029602,0.9981142282485962,True,True,3.8783077798143495e-06,1.3615353964269161e-05,3.877409653796349e-06,1.3609067536890507e-05
test/Non_Venomous_Snake/flagellum_19mar11_1b.jpg,Non_Venomous_Snake,Non_Venomous_Snake,Non_Venomous_Snake,Non_Venomous_Snake,0.9973588585853577,0.9973588585853577,0.9973926544189453,True,True,9.647855222283397e-06,3.3795833587646484e-05,9.646092621551361e-06,3.3795833587646484e-05
test/Non_Venomous_Snake/img6.jpg,Non_Venomous_Snake,Non_Venomous_Snake,Non_Venomous_Snake,Non_Venomous_Snake,0.9346027970314026,0.9346022009849548,0.9292936325073242,True,True,0.0015168978134170175,0.005309164524078369,0.0015167200472205877,0.005308568477630615
test/Non_Venomous_Snake/maxresdefault_006.jpg,Non_Venomous_Snake,Non_Venomous_Snake,Non_Venomous_Snake,Non_Venomous_Snake,0.9810971021652222,0.9810973405838013,0.980461835861206,True,True,0.00018150797404814512,0.0006352663040161133,0.00018156970327254385,0.0006355047225952148
test/Non_Venomous_Snake/medium.JPG,Non_Venomous_Snake,Non_Venomous_Snake,Non_Venomous_Snake,Non_Venomous_Snake,0.9967513084411621,0.9967513084411621,0.9966630339622498,True,True,2.5218265363946557e-05,8.827447891235352e-05,2.521560418244917e-05,8.827447891235352e-05
test/Non_Venomous_Snake/stock-photo-green-snake-checkered-keelback-xenochrophis-piscator-621348263.jpg,Non_Venomous_Snake,Non_Venomous_Snake,Non_Venomous_Snake,Non_Venomous_Snake,0.9998877048492432,0.9998877048492432,0.9998955726623535,True,True,2.249086264782818e-06,7.875540177337825e-06,2.2492235984827857e-06,7.876500603742898e-06
test/Non_Venomous_Snake/stock-photo-green-snake-checkered-keelback-xenochrophis-piscator-621348284.jpg,Non_Venomous_Snake,Non_Venomous_Snake,Non_Venomous_Snake,Non_Venomous_Snake,0.9913852214813232,0.9913852214813232,0.9906548857688904,True,True,0.00020867805869784206,0.0007304027676582336,0.00020866395789198577,0.0007303357124328613
test/Non_Venomous_Snake/stock-photo-green-snake-checkered-keelback-xenochrophis-piscator-621348332.jpg,Non_Venomous_Snake,Non_Venomous_Snake,Non_Venomous_Snake,Non_Venomous_Snake,0.9500407576560974,0.9500414729118347,0.9504001140594482,True,True,0.00010289770580129698,0.00036020204424858093,0.00010269497579429299,0.00035949796438217163
test/Non_Venomous_Snake/stock-photo-green-snake-checkered-keelback-xenochrophis-piscator-621348356.jpg,Non_Venomous_Snake,Non_Venomous_Snake,Non_Venomous_Snake,Non_Venomous_Snake,0.9573485851287842,0.9573488235473633,0.9561762809753418,True,True,0.00033500531571917236,0.0011724680662155151,0.0003350691113155335,0.001172676682472229
test/Non_Venomous_Snake/stunningly-beautiful-snake-with-clear-checkered-marks.jpg,Non_Venomous_Snake,Non_Venomous_Snake,Non_Venomous_Snake,Non_Venomous_Snake,0.999416708946228,0.999416708946228,0.9993958473205566,True,True,5.95872415942722e-06,2.086162567138672e-05,5.958166639175033e-06,2.086162567138672e-05
test/Non_Venomous_Snake/xenochrophis-piscator-checkered-keelback-non-venomous-arunachal-pradesh-h9erhb.jpg,Non_Venomous_Snake,Non_Venomous_Snake,Non_Venomous_Snake,Non_Venomous_Snake,0.9865416288375854,0.9865416288375854,0.9863199591636658,True,True,6.33380695944652e-05,0.00022169575095176697,6.334538920782506e-05,0.00022174697369337082
test/Non_Venomous_Snake/xenochrophis-piscator-checkered-keelback-water-snake-close-up-non-h9erxp.jpg,Non_Venomous_Snake,Non_Venomous_Snake,Non_Venomous_Snake,Non_Venomous_Snake,0.7151018381118774,0.715100884437561,0.7234946489334106,True,True,0.002397937932983041,0.008392810821533203,0.0023982147686183453,0.00839376449584961
test/Non_Venomous_Snake/xenochrophis-piscator-checkered-keelback-water-snake-non-venomous-DFBH00.jpg,Non_Venomous_Snake,Venomous_Snake,Venomous_Snake,Venomous_Snake,0.9424067139625549,0.9424076676368713,0.9425081610679626,True,True,2.898885759350378e-05,0.00010147318243980408,2.8712122002616525e-05,0.0001004934310913086
test/Non_Venomous_Snake/xenochrophis-piscator-checkered-keelback-water-snake-non-venomous-H9ERXF.jpg,Non_Venomous_Snake,Non_Venomous_Snake,Non_Venomous_Snake,Non_Venomous_Snake,0.9571406245231628,0.9571406841278076,0.9547759294509888,True,True,0.0006756234215572476,0.0023646950721740723,0.0006756489747203887,0.002364788204431534
test/Non_Venomous_Snake/xenochrophis-piscator-checkered-keelback-water-snake-non-venomous-h9ertg.jpg,Non_Venomous_Snake,Non_Venomous_Snake,Non_Venomous_Snake,Non_Venomous_Snake,0.9927846193313599,0.9927845001220703,0.9925190210342407,True,True,7.626965816598386e-05,0.0002669449895620346,7.624925638083369e-05,0.0002669217064976692
test/Non_Venomous_Snake/xenochrophis-piscator-checkered-keelback-water-snake-non-venomous-h9erxh.jpg,Non_Venomous_Snake,Non_Venomous_Snake,Non_Venomous_Snake,Non_Venomous_Snake,0.8017233610153198,0.8017253875732422,0.7981468439102173,True,True,0.0010218663373962045,0.0035765469074249268,0.0010224346769973636,0.0035785436630249023
test/Non_Venomous_Snake/xenochrophis-piscator-checkered-keelback-water-snake-non-venomous-h9erxk.jpg,Non_Venomous_Snake,Non_Venomous_Snake,Non_Venomous_Snake,Non_Venomous_Snake,0.9520492553710938,0.9520488381385803,0.9526838660240173,True,True,0.00018131111573893577,0.000634610652923584,0.00018144575005862862,0.0006350912153720856
test/Non_Venomous_Snake/yellow-spotted-keelback-11-26-10-in-payao-province-31.jpg,Non_Venomous_Snake,Non_Venomous_Snake,Non_Venomous_Snake,Non_Venomous_Snake,0.6804298162460327,0.6804301738739014,0.6733817458152771,True,True,0.002013723598793149,0.007048070430755615,0.002013838617131114,0.007048428058624268
test/Non_Venomous_Snake/yellow-spotted-keelback-11-26-10-in-payao-province1.jpg,Non_Venomous_Snake,Non_Venomous_Snake,Non_Venomous_Snake,Non_Venomous_Snake,0.8931412100791931,0.8931412696838379,0.8935503959655762,True,True,0.00011690780956996605,0.00040918588638305664,0.0001168843955383636,0.00040912628173828125
test/Non_Venomous_Snake/yellow-spotted-keelback-3-17-11-in-ramkhamhaeng.jpg,Non_Venomous_Snake,Non_Venomous_Snake,Non_Venomous_Snake,Non_Venomous_Snake,0.9999829530715942,0.9999829530715942,0.9999830722808838,True,True,3.565111938996779e-08,1.3033604773227125e-07,3.5625394190219595e-08,1.3015596778132021e-07
test/Non_Venomous_Snake/yellow-spotted-keelback-xenocropis-flavipunctus-vietnam-alex-krohn-21.jpg,Non_Venomous_Snake,Non_Venomous_Snake,Non_Venomous_Snake,Non_Venomous_Snake,0.9516803026199341,0.9516809582710266,0.9509310722351074,True,True,0.0002140650904038921,0.0007492303848266602,0.00021424656733870506,0.0007498860359191895
test/Non_Venomous_Snake/yellowspottedkeelback.jpg,Non_Venomous_Snake,Venomous_Snake,Venomous_Snake,Venomous_Snake,0.7904009222984314,0.7904012799263,0.794877827167511,True,True,0.0012791132321581244,0.00447690486907959,0.0012790196342393756,0.004476577043533325
test/Venomous_Snake/0.jpg,Venomous_Snake,Venomous_Snake,Venomous_Snake,Venomous_Snake,0.9993484616279602,0.9993484616279602,0.9993452429771423,True,True,9.236388223143877e-07,3.240362275391817e-06,9.244456009582791e-07,3.2460084185004234e-06
test/Venomous_Snake/00409260.jpg,Venomous_Snake,Venomous_Snake,Venomous_Snake,Venomous_Snake,0.9973868727684021,0.9973868727684021,0.9973672032356262,True,True,5.6419412430841476e-06,1.976056955754757e-05,5.6431749726471025e-06,1.9769184291362762e-05
test/Venomous_Snake/00550438.jpg,Venomous_Snake,Venomous_Snake,Venomous_Snake,Venomous_Snake,0.9100677967071533,0.9100682735443115,0.9103487730026245,True,True,8.027465082705021e-05,0.0002809762954711914,8.013947808649391e-05,0.0002804994583129883
test/Venomous_Snake/0191.jpg,Venomous_Snake,Venomous_Snake,Venomous_Snake,Venomous_Snake,0.9999442100524902,0.9999442100524902,0.9999423027038574,True,True,5.394966819949332e-07,1.9073486328125e-06,5.39565348844917e-07,1.9073486328125e-06
test/Venomous_Snake/01AS-QYGA.jpg,Venomous_Snake,Venomous_Snake,Venomous_Snake,Venomous_Snake,0.9999624490737915,0.9999624490737915,0.9999620914459229,True,True,9.98670302010396e-08,3.5762786865234375e-07,9.986228377556472e-08,3.5762786865234375e-07
test/Venomous_Snake/01DSC_6599.JPG,Venomous_Snake,Venomous_Snake,Venomous_Snake,Venomous_Snake,0.7065823078155518,0.7065834999084473,0.705947995185852,True,True,0.0001812279224395752,0.000634312629699707,0.00018156852456741035,0.0006355047225952148
test/Venomous_Snake/025c68f55a8efc9290a8435db743bbf3--the-big-four-the-ojays.jpg,Venomous_Snake,Venomous_Snake,Venomous_Snake,Venomous_Snake,0.9997255206108093,0.9997255206108093,0.9997437596321106,True,True,5.2015448090969585e-06,1.823902130126953e-05,5.2015448090969585e-06,1.823902130126953e-05
test/Venomous_Snake/02tvCommon_Krait__S_824501g.jpg,Venomous_Snake,Venomous_Snake,Venomous_Snake,Venomous_Snake,0.9998641014099121,0.9998641014099121,0.9998641014099121,True,True,3.570066242630787e-09,2.0954757928848267e-08,3.6801390823626434e-09,2.172600943595171e-08
test/Venomous_Snake/03 Spectacled Cobra 1.JPG,Venomous_Snake,Venomous_Snake,Venomous_Snake,Venomous_Snake,0.9995365142822266,0.999536395072937,0.9995513558387756,True,True,4.250258825777564e-06,1.4901364920660853e-05,4.2676924749684986e-06,1.4960765838623047e-05
test/Venomous_Snake/0390.jpg,Venomous_Snake,Venomous_Snake,Venomous_Snake,Venomous_Snake,0.9999942779541016,0.9999942779541016,0.9999942779541016,True,True,5.8819757953187946e-09,4.1054136090679094e-08,5.884310372294976e-09,4.107050699531101e-08
test/Venomous_Snake/03cobra.jpg,Venomous_Snake,Venomous_Snake,Venomous_Snake,Venomous_Snake,0.9996047616004944,0.9996047616004944,0.9996155500411987,True,True,3.0896542284608586e-06,1.0829622624441981e-05,3.0903272545401705e-06,1.0834308341145515e-05
test/Venomous_Snake/0442c0e88fb9b22c0d608a9b25577469--naja-cobra.jpg,Venomous_Snake,Venomous_Snake,Venomous_Snake,Venomous_Snake,1.0,1.0,1.0,True,True,5.354147680769472e-12,3.149797089818662e-11,5.353978111549695e-12,3.149638883037653e-11
test/Venomous_Snake/0499.jpg,Venomous_Snake,Venomous_Snake,Venomous_Snake,Venomous_Snake,0.9998117089271545,0.9998117089271545,0.9998093247413635,True,True,6.749305043740605e-07,2.384185791015625e-06,6.748786063326406e-07,2.384185791015625e-06
test/Venomous_Snake/0564.jpg,Venomous_Snake,Venomous_Snake,Venomous_Snake,Venomous_Snake,0.9998465776443481,0.9998465776443481,0.9998575448989868,True,True,3.1261708954843925e-06,1.0967254638671875e-05,3.1261272397387074e-06,1.0967254638671875e-05
test/Venomous_Snake/06.jpg,Venomous_Snake,Venomous_Snake,Venomous_Snake,Venomous_Snake,0.9997130036354065,0.9997130036354065,0.9997137188911438,True,True,1.94373924955471e-07,7.152557373046875e-07,1.9414109431181714e-07,7.152557373046875e-07
test/Venomous_Snake/08JulPykke02 viper.ART_G835841D7.1+09THRUSSELL_VIPER_2.jpg,Venomous_Snake,Venomous_Snake,Venomous_Snake,Venomous_Snake,0.925354540348053,0.9253544211387634,0.9256781339645386,True,True,9.245322871720418e-05,0.0003235936164855957,9.248941933037713e-05,0.0003237128257751465
test/Venomous_Snake/0_7a209fcba04a5c21f4181e692723c0ca.jpg,Venomous_Snake,Venomous_Snake,Venomous_Snake,Venomous_Snake,0.9999983310699463,0.9999983310699463,0.9999983310699463,True,True,2.1219133117256206e-09,1.0537064554227982e-08,2.1229362712205102e-09,1.0544226825004444e-08
test/Venomous_Snake/1 (2).jpg,Venomous_Snake,Venomous_Snake,Venomous_Snake,Venomous_Snake,0.9972381591796875,0.9972381591796875,0.9972960352897644,True,True,1.653174331295304e-05,5.78761100769043e-05,1.6533816960873082e-05,5.78761100769043e-05
test/Venomous_Snake/1 (3).jpg,Venomous_Snake,Venomous_Snake,Venomous_Snake,Venomous_Snake,0.9381642937660217,0.9381645917892456,0.9393250942230225,True,True,0.0003316590446047485,0.0011608079075813293,0.00033157653524540365,0.0011605285108089447
test/Venomous_Snake/1-Common-Indian-Krait-Bungarus-Caeruleus.jpg,Venomous_Snake,Venomous_Snake,Venomous_Snake,Venomous_Snake,0.9836837649345398,0.9836837649345398,0.9834587574005127,True,True,6.427359039662406e-05,0.0002250075340270996,6.428237247746438e-05,0.0002250075340270996
test/Venomous_Snake/1-s2.0-S1080603207702168-gr1.jpg,Venomous_Snake,Venomous_Snake,Venomous_Snake,Venomous_Snake,0.9878707528114319,0.9878707528114319,0.9880189299583435,True,True,4.235800224705599e-05,0.0001481771469116211,4.235546293784864e-05,0.0001481771469116211
test/Venomous_Snake/1.jpg,Venomous_Snake,Venomous_Snake,Venomous_Snake,Venomous_Snake,0.9870505332946777,0.9870504140853882,0.987123966217041,True,True,2.0991714336560108e-05,7.350463420152664e-05,2.1022580767748877e-05,7.360149174928665e-05
test/Venomous_Snake/1015822449_d6aa87bc25.jpg,Venomous_Snake,Non_Venomous_Snake,Non_Venomous_Snake,Non_Venomous_Snake,0.7369149327278137,0.7369146943092346,0.7278934717178345,True,True,0.0025775593239814043,0.009021461009979248,0.002577499719336629,0.009021252393722534
test/Venomous_Snake/11.Monocled Cobra.jpg,Venomous_Snake,Venomous_Snake,Venomous_Snake,Venomous_Snake,0.9998559951782227,0.9998559951782227,0.9998550415039062,True,True,2.7893378273802227e-07,9.836367098614573e-07,2.7920870593334257e-07,9.855575626716018e-07
test/Venomous_Snake/1124russviper001.JPG,Venomous_Snake,Venomous_Snake,Venomous_Snake,Venomous_Snake,0.6923303008079529,0.6923284530639648,0.6914212703704834,True,True,0.0002597146958578378,0.0009090304374694824,0.0002591910306364298,0.0009071826934814453
test/Venomous_Snake/114-viper.jpg,Venomous_Snake,Venomous_Snake,Venomous_Snake,Venomous_Snake,0.9992659687995911,0.9992659687995911,0.9992554783821106,True,True,3.0005073767824797e-06,1.0501011274755001e-05,3.0001087907294277e-06,1.0498217307031155e-05
test/Venomous_Snake/119.jpg,Venomous_Snake,Venomous_Snake,Venomous_Snake,Venomous_Snake,0.936466634273529,0.9364674091339111,0.9378513097763062,True,True,0.000395612238207832,0.0013846755027770996,0.0003953961713705212,0.0013839006423950195
test/Venomous_Snake/12.SNAKECONFLICT2008SLIDE-1.jpg,Venomous_Snake,Venomous_Snake,Venomous_Snake,Venomous_Snake,0.9881195425987244,0.9881197214126587,0.9881410598754883,True,True,6.153931735752849e-06,2.155359834432602e-05,6.102842689870158e-06,2.1374784409999847e-05
test/Venomous_Snake/12700.jpg,Venomous_Snake,Venomous_Snake,Venomous_Snake,Venomous_Snake,0.9999868869781494,0.9999868869781494,0.9999877214431763,True,True,2.4440507218059793e-07,8.724373401491903e-07,2.444245694732672e-07,8.725737643544562e-07
test/Venomous_Snake/13-F-Keels--Scales-of-the-Saw-scaled-Viper.jpg,Venomous_Snake,Deer,Deer,Deer,0.5760765671730042,0.5760774612426758,0.5678470730781555,True,True,0.0024092476814985275,0.008229494094848633,0.002409587148576975,0.008230388164520264
test/Venomous_Snake/1317472028Naja kauthia.jpg,Venomous_Snake,Venomous_Snake,Venomous_Snake,Venomous_Snake,0.9998928308486938,0.9998928308486938,0.999887228012085,True,True,1.590372335158463e-06,5.602836608886719e-06,1.5903868870736915e-06,5.602836608886719e-06
test/Venomous_Snake/13350233_1079893875431314_5715026036656697829_o.jpg,Venomous_Snake,Non_Venomous_Snake,Non_Venomous_Snake,Non_Venomous_Snake,0.9715645909309387,0.9715642333030701,0.9719046354293823,True,True,9.715236956253648e-05,0.0003400444984436035,9.724842675495893e-05,0.00034040212631225586
test/Venomous_Snake/13582625-king-cobra-Ophiophagus-hannah-poisonous-white-background-Stock-Photo.jpg,Venomous_Snake,Venomous_Snake,Venomous_Snake,Venomous_Snake,0.9996680021286011,0.9996680021286011,0.99967360496521,True,True,1.6011905472623766e-06,5.6040589697659016e-06,1.6011905472623766e-06,5.6040589697659016e-06
test/Venomous_Snake/160110 100lop.jpg,Venomous_Snake,Venomous_Snake,Venomous_Snake,Venomous_Snake,1.0,1.0,1.0,True,True,1.7770053278246684e-13,1.1676631883617006e-12,1.7768966365568767e-13,1.1676007383165654e-12
test/Venomous_Snake/1930805.jpg,Venomous_Snake,Venomous_Snake,Venomous_Snake,Venomous_Snake,1.0,1.0,1.0,True,True,1.1434259030058957e-13,7.165310011991721e-13,1.1443644155114535e-13,7.171763183322355e-13
test/Venomous_Snake/2 (2).jpg,Venomous_Snake,Venomous_Snake,Venomous_Snake,Venomous_Snake,0.9263065457344055,0.9263063669204712,0.9254109859466553,True,True,0.00025586920673958957,0.0008955597877502441,0.00025581600493751466,0.000895380973815918
test/Venomous_Snake/2.jpg,Venomous_Snake,Venomous_Snake,Venomous_Snake,Venomous_Snake,0.9990515112876892,0.9990515112876892,0.9990567564964294,True,True,1.5146059695325675e-06,5.270994734019041e-06,1.5149898899835534e-06,5.2736722864210606e-06
test/Venomous_Snake/20090613_Daboia_russelii_Russells_Viper_Kettenviper_Pune.jpg,Venomous_Snake,Venomous_Snake,Venomous_Snake,Venomous_Snake,0.6902951598167419,0.6902963519096375,0.697747528553009,True,True,0.0021292525343596935,0.0074523985385894775,0.002128907712176442,0.007451176643371582
test/Venomous_Snake/200px-Naja_kaouthia.jpg,Venomous_Snake,Venomous_Snake,Venomous_Snake,Venomous_Snake,0.9984764456748962,0.9984765648841858,0.9985356330871582,True,True,1.6902304196264595e-05,5.918741226196289e-05,1.6881465853657573e-05,5.908531602472067e-05
test/Venomous_Snake/2013-KINGCOBRA-08.jpg,Venomous_Snake,Venomous_Snake,Venomous_Snake,Venomous_Snake,0.9999994039535522,0.9999994039535522,0.9999994039535522,True,True,2.554279676658666e-09,1.6228455024247523e-08,2.5549591331497368e-09,1.6232775124080945e-08
test/Venomous_Snake/20855503-Adult-Russell-s-Viper-Daboia-russelii-Tamil-Nadu-South-India-Stock-Photo.jpg,Venomous_Snake,Venomous_Snake,Venomous_Snake,Venomous_Snake,0.9944841265678406,0.9944841265678406,0.9945630431175232,True,True,2.254877472296357e-05,7.891654968261719e-05,2.255702202091925e-05,7.897336035966873e-05
test/Venomous_Snake/20855505-Camouflage-pattern-on-adult-Russell-s-Viper-Daboia-russelii-Tamil-Nadu-South-India-Stock-Photo.jpg,Venomous_Snake,Venomous_Snake,Venomous_Snake,Venomous_Snake,0.9222204685211182,0.9222208261489868,0.9200496673583984,True,True,0.0006202323129400611,0.0021708160638809204,0.000620331265963614,0.002171158790588379
test/Venomous_Snake/2180514e186a040692de298c7be66e95.jpg,Venomous_Snake,Venomous_Snake,Venomous_Snake,Venomous_Snake,0.9999933242797852,0.9999933242797852,0.9999933242797852,True,True,4.343747139756715e-09,3.033619577763602e-08,4.340105608235945e-09,3.031072992598638e-08
test/Venomous_Snake/2186482800_bfcf31f866_b.jpg,Venomous_Snake,Venomous_Snake,Venomous_Snake,Venomous_Snake,0.9999901056289673,0.9999901056289673,0.9999910593032837,True,True,2.6167245437136444e-07,9.5367431640625e-07,2.6165929511989816e-07,9.5367431640625e-07
test/Venomous_Snake/220px-King-Cobra.jpg,Venomous_Snake,Venomous_Snake,Venomous_Snake,Venomous_Snake,0.9999998807907104,0.9999998807907104,0.9999998807907104,True,True,4.3213882472414866e-10,1.8352235287011354e-09,4.3224870904801094e-10,1.8350689856561075e-09
test/Venomous_Snake/220px-Naja_naja_(Indian_cobra).jpg,Venomous_Snake,Non_Venomous_Snake,Non_Venomous_Snake,Non_Venomous_Snake,0.8289152979850769,0.828914225101471,0.8271523118019104,True,True,0.0005037163500674069,0.001762986183166504,0.0005034076748415828,0.0017619132995605469
test/Venomous_Snake/220px-Russells_viper_in_pune_zoo.jpg,Venomous_Snake,Non_Venomous_Snake,Non_Venomous_Snake,Non_Venomous_Snake,0.5864566564559937,0.5864589810371399,0.5904843807220459,True,True,0.0011507918825373054,0.004027813673019409,0.0011501320404931903,0.004025518894195557
test/Venomous_Snake/220px-Spectacled_cobra.JPG,Venomous_Snake,Venomous_Snake,Venomous_Snake,Venomous_Snake,0.998542070388794,0.998542070388794,0.9985532164573669,True,True,3.171938033119659e-06,1.1146068572998047e-05,3.1729318834550213e-06,1.1146068572998047e-05
test/Venomous_Snake/225296_10150320235058504_683593503_10024128_7013317_n.jpg,Venomous_Snake,Venomous_Snake,Venomous_Snake,Venomous_Snake,0.9999809265136719,0.9999809265136719,0.9999812841415405,True,True,9.91719204535002e-08,3.5762786865234375e-07,9.9148827814588e-08,3.5762786865234375e-07
test/Venomous_Snake/235edf110f56286064e2f303e6006fb8--pet-peeves-cobra-snake.jpg,Venomous_Snake,Venomous_Snake,Venomous_Snake,Venomous_Snake,0.9999998807907104,0.9999998807907104,0.9999998807907104,True,True,7.56348594865841e-10,4.31911928444606e-09,7.561612447304356e-10,4.3181884734622145e-09
test/Venomous_Snake/252576_10150346420778504_683593503_10295742_5461375_n.jpg,Venomous_Snake,Venomous_Snake,Venomous_Snake,Venomous_Snake,0.8447304964065552,0.8447293639183044,0.8517748713493347,True,True,0.0020126912277191877,0.007044464349746704,0.0020130148623138666,0.0070455968379974365
test/Venomous_Snake/26.jpg,Venomous_Snake,Venomous_Snake,Venomous_Snake,Venomous_Snake,0.7489269971847534,0.7489257454872131,0.7519242167472839,True,True,0.0008565134485252202,0.0029972195625305176,0.0008568710763938725,0.0029984712600708008
test/Venomous_Snake/263591_10150346421368504_683593503_10295748_8378405_n (6).jpg,Venomous_Snake,Venomous_Snake,Venomous_Snake,Venomous_Snake,0.999196469783783,0.999196469783783,0.9992203712463379,True,True,6.831567588960752e-06,2.3916363716125488e-05,6.829647190897958e-06,2.3902917746454477e-05
test/Venomous_Snake/27.jpg,Venomous_Snake,Venomous_Snake,Venomous_Snake,Venomous_Snake,0.9939380884170532,0.9939380884170532,0.9941656589508057,True,True,6.503173790406436e-05,0.0002276422455906868,6.50284782750532e-05,0.00022761942818760872
test/Venomous_Snake/2962717801_da28a393d6.jpg,Venomous_Snake,Venomous_Snake,Venomous_Snake,Venomous_Snake,0.9999974966049194,0.9999974966049194,0.999997615814209,True,True,4.2361957497405456e-08,1.7686534192762338e-07,4.2357871876674835e-08,1.7683669284451753e-07
test/Venomous_Snake/2E69467C00000578-3317003-image-m-26_1447421012740.jpg,Venomous_Snake,Non_Venomous_Snake,Non_Venomous_Snake,Non_Venomous_Snake,0.6597700715065002,0.6597681045532227,0.6473232507705688,True,True,0.003556216135621071,0.012446820735931396,0.0035556668881326914,0.012444853782653809
test/Venomous_Snake/3 (2).jpg,Venomous_Snake,Venomous_Snake,Venomous_Snake,Venomous_Snake,0.9968056678771973,0.9968056678771973,0.9969503283500671,True,True,4.133471520617604e-05,0.00014466047286987305,4.133750917389989e-05,0.00014466210268437862
test/Venomous_Snake/3.jpg,Venomous_Snake,Venomous_Snake,Venomous_Snake,Venomous_Snake,0.9997795224189758,0.9997795224189758,0.9997852444648743,True,True,1.6338009345417959e-06,5.7220458984375e-06,1.6342520439138752e-06,5.7220458984375e-06
test/Venomous_Snake/30 (2).jpg,Venomous_Snake,Venomous_Snake,Venomous_Snake,Venomous_Snake,0.7938058972358704,0.7938048839569092,0.7872542142868042,True,True,0.0018719079671427608,0.006551682949066162,0.0018716312479227781,0.0065506696701049805
test/Venomous_Snake/30 (3).jpg,Venomous_Snake,Venomous_Snake,Venomous_Snake,Venomous_Snake,0.9933658242225647,0.9933658242225647,0.9933406710624695,True,True,7.187122719187755e-06,2.5154557079076767e-05,7.1817339630797505e-06,2.5153160095214844e-05
test/Venomous_Snake/30.jpg,Venomous_Snake,Venomous_Snake,Venomous_Snake,Venomous_Snake,0.9998132586479187,0.9998132586479187,0.9998071789741516,True,True,1.7505741425338783e-06,6.162357749417424e-06,1.7507734355604043e-06,6.163769285194576e-06
test/Venomous_Snake/31 copy.jpg,Venomous_Snake,Venomous_Snake,Venomous_Snake,Venomous_Snake,0.9995644688606262,0.9995644688606262,0.999538779258728,True,True,7.345747235376621e-06,2.572257653810084e-05,7.344740424741758e-06,2.571553341113031e-05
test/Venomous_Snake/3110614239_af173ac2ae.jpg,Venomous_Snake,Venomous_Snake,Venomous_Snake,Venomous_Snake,0.9999754428863525,0.9999754428863525,0.9999750852584839,True,True,1.119460222298585e-07,3.5762786865234375e-07,1.119474291044753e-07,3.5762786865234375e-07
test/Venomous_Snake/32 (2).jpg,Venomous_Snake,Venomous_Snake,Venomous_Snake,Venomous_Snake,0.9999390840530396,0.9999390840530396,0.9999393224716187,True,True,7.836045057274532e-08,3.0969022191129625e-07,7.836876392275371e-08,3.097484295722097e-07
test/Venomous_Snake/32.jpg,Venomous_Snake,Venomous_Snake,Venomous_Snake,Venomous_Snake,0.9999998807907104,0.9999998807907104,0.9999998807907104,True,True,3.2572383679152495e-10,1.6517915923941473e-09,3.259257030929774e-10,1.653219783293025e-09
test/Venomous_Snake/34.jpg,Venomous_Snake,Venomous_Snake,Venomous_Snake,Venomous_Snake,0.9718598127365112,0.9718596935272217,0.9728941917419434,True,True,0.0002957020769827068,0.0010349452495574951,0.00029574171639978886,0.0010351035743951797
test/Venomous_Snake/35.jpg,Venomous_Snake,Venomous_Snake,Venomous_Snake,Venomous_Snake,0.9971445202827454,0.9971445202827454,0.997183620929718,True,True,1.1162934242747724e-05,3.910064697265625e-05,1.1163333510921802e-05,3.910064697265625e-05
test/Venomous_Snake/37.jpg,Venomous_Snake,Venomous_Snake,Venomous_Snake,Venomous_Snake,0.9997658133506775,0.9997658133506775,0.9997702240943909,True,True,1.2742657418129966e-06,4.508357960730791e-06,1.2741701311824727e-06,4.507688572630286e-06
test/Venomous_Snake/38 (2).jpg,Venomous_Snake,Venomous_Snake,Venomous_Snake,Venomous_Snake,0.704494059085846,0.7044958472251892,0.7050029039382935,True,True,0.0001453784789191559,0.0005088448524475098,0.00014486757572740316,0.000507056713104248
test/Venomous_Snake/38.jpg,Venomous_Snake,Venomous_Snake,Venomous_Snake,Venomous_Snake,0.9926419854164124,0.9926418662071228,0.9928820133209229,True,True,6.858442793600261e-05,0.00024002790451049805,6.861436850158498e-05,0.00024014711380004883
test/Venomous_Snake/39e574b4966c870035f7e3c9378379b2.jpg,Venomous_Snake,Venomous_Snake,Venomous_Snake,Venomous_Snake,0.9870381355285645,0.9870381355285645,0.9866325855255127,True,True,0.00011586358596105129,0.0004055500030517578,0.0001158530794782564,0.0004055500030517578
test/Venomous_Snake/3CA83C7400000578-4172360-image-m-57_1485792904526.jpg,Venomous_Snake,Venomous_Snake,Venomous_Snake,Venomous_Snake,0.7666471004486084,0.7666482925415039,0.7645857334136963,True,True,0.0007810940151102841,0.002650272101163864,0.0007809907547198236,0.0026498548686504364
test/Venomous_Snake/3D05259A00000578-4209222-image-a-31_1486675129282.jpg,Venomous_Snake,Venomous_Snake,Venomous_Snake,Venomous_Snake,0.9964995384216309,0.9964994192123413,0.9964876174926758,True,True,3.89159959013341e-06,1.3714656233787537e-05,3.859630396618741e-06,1.3609416782855988e-05
test/Venomous_Snake/3ddc49b3f743b547e095a1fd910cb902--king-cobra-snakes.jpg,Venomous_Snake,Venomous_Snake,Venomous_Snake,Venomous_Snake,0.9981486797332764,0.9981486797332764,0.9981684684753418,True,True,5.6344556469412055e-06,1.9788742065429688e-05,5.636671176034724e-06,1.9788742065429688e-05
test/Venomous_Snake/3f7b41317b2248121c9fa4fbbff48074--cobra-snake-slytherin.jpg,Venomous_Snake,Venomous_Snake,Venomous_Snake,Venomous_Snake,1.0,1.0,1.0,True,True,9.634874842401331e-11,4.3588421760887286e-10,9.637557418784581e-11,4.360689587201705e-10
test/Venomous_Snake/40.jpg,Venomous_Snake,Venomous_Snake,Venomous_Snake,Venomous_Snake,0.9936503767967224,0.993650496006012,0.993700385093689,True,True,1.5033760064397939e-05,5.254056304693222e-05,1.4999440281826537e-05,5.241949111223221e-05
test/Venomous_Snake/4179-39698.jpg,Venomous_Snake,Venomous_Snake,Venomous_Snake,Venomous_Snake,0.9990060925483704,0.9990060925483704,0.9990274906158447,True,True,6.115460109867854e-06,2.140557626262307e-05,6.115995347499847e-06,2.1409301552921534e-05
test/Venomous_Snake/4182f3e0ec2558bb23cf61828f7c752d--king-cobra-southeast-asia.jpg,Venomous_Snake,Venomous_Snake,Venomous_Snake,Venomous_Snake,0.9999998807907104,0.9999998807907104,0.9999998807907104,True,True,1.1507737818217123e-10,7.342393359976995e-10,1.1529981830404878e-10,7.354437059348129e-10
test/Venomous_Snake/42.jpg,Venomous_Snake,Venomous_Snake,Venomous_Snake,Venomous_Snake,0.7654480338096619,0.7654491066932678,0.7667652368545532,True,True,0.0003763438144233078,0.0013172030448913574,0.0003760457911994308,0.001316159963607788
test/Venomous_Snake/426b89d75ff053790e7ec2abe117f78c--cobra-snake-poisonous-snakes.jpg,Venomous_Snake,Venomous_Snake,Venomous_Snake,Venomous_Snake,0.9999954700469971,0.9999954700469971,0.9999955892562866,True,True,2.1455781151757947e-08,1.1920928955078125e-07,2.1443396391873648e-08,1.1920928955078125e-07
test/Venomous_Snake/429462b69e738da2cc54bd5a8ef5b4b1.jpg,Venomous_Snake,Venomous_Snake,Venomous_Snake,Venomous_Snake,0.9980462789535522,0.9980462789535522,0.9980995059013367,True,True,1.531214547867421e-05,5.322694778442383e-05,1.5314419215428643e-05,5.322694778442383e-05
test/Venomous_Snake/43.jpg,Venomous_Snake,Venomous_Snake,Venomous_Snake,Venomous_Snake,0.989087700843811,0.989087700843811,0.989425778388977,True,True,9.659946226747707e-05,0.0003381073474884033,9.659507486503571e-05,0.0003380775451660156
test/Venomous_Snake/44.jpg,Venomous_Snake,Venomous_Snake,Venomous_Snake,Venomous_Snake,0.9820292592048645,0.982029139995575,0.9823344945907593,True,True,8.721031917957589e-05,0.0003052353858947754,8.724437793716788e-05,0.00030535459518432617
test/Venomous_Snake/45.jpg,Venomous_Snake,Venomous_Snake,Venomous_Snake,Venomous_Snake,0.6624534130096436,0.6624553799629211,0.6687300801277161,True,True,0.001793330884538591,0.00627666711807251,0.0017927732551470399,0.006274700164794922
test/Venomous_Snake/4975186.jpg,Venomous_Snake,Venomous_Snake,Venomous_Snake,Venomous_Snake,0.9999548196792603,0.9999548196792603,0.999956488609314,True,True,4.742200019336451e-07,1.6689300537109375e-06,4.742200019336451e-07,1.6689300537109375e-06
test/Venomous_Snake/5-dog-beat-cobra-795x447.jpg,Venomous_Snake,Deer,Deer,Deer,0.9473154544830322,0.9473156332969666,0.9456760287284851,True,True,0.0004684919840656221,0.0016394257545471191,0.0004685321473516524,0.0016396045684814453
test/Venomous_Snake/5.jpg,Venomous_Snake,Venomous_Snake,Venomous_Snake,Venomous_Snake,0.998831570148468,0.998831570148468,0.998807430267334,True,True,6.900822882016655e-06,2.4159206077456474e-05,6.9028837970108725e-06,2.4173641577363014e-05
test/Venomous_Snake/501001_8697602067eba4ehhlpe07.jpg,Venomous_Snake,Venomous_Snake,Venomous_Snake,Venomous_Snake,0.682363748550415,0.6823672652244568,0.6990676522254944,True,True,0.004772548098117113,0.016703933477401733,0.004771543201059103,0.016700416803359985
test/Venomous_Snake/501121_298677f067eba4fv1mjc07.jpg,Venomous_Snake,Venomous_Snake,Venomous_Snake,Venomous_Snake,0.9722437858581543,0.9722439050674438,0.9730174541473389,True,True,0.00022104520758148283,0.0007736682891845703,0.0002210021048085764,0.0007735490798950195
test/Venomous_Snake/5207091.jpg,Venomous_Snake,Venomous_Snake,Venomous_Snake,Venomous_Snake,0.9998914003372192,0.9998914003372192,0.9998877048492432,True,True,1.0555767175901565e-06,3.6954879760742188e-06,1.0553854963291087e-06,3.6954879760742188e-06
test/Venomous_Snake/520e37a2-d600-4c4f-8f19-6b87429fc7a0.Full_.jpg,Venomous_Snake,Venomous_Snake,Venomous_Snake,Venomous_Snake,0.9974554181098938,0.9974555373191833,0.9974518418312073,True,True,1.0314425935575855e-06,3.616092726588249e-06,1.0507029628570308e-06,3.6954879760742188e-06
test/Venomous_Snake/5384077d7fe23.jpg,Venomous_Snake,Venomous_Snake,Venomous_Snake,Venomous_Snake,0.9115669131278992,0.9115662574768066,0.9089509844779968,True,True,0.0007505974499508739,0.0026159286499023438,0.0007503994856961071,0.0026152729988098145
test/Venomous_Snake/5384096bcdfba.jpg,Venomous_Snake,Venomous_Snake,Venomous_Snake,Venomous_Snake,0.9980564713478088,0.9980564713478088,0.9980890154838562,True,True,9.29829548113048e-06,3.254413604736328e-05,9.297763426729944e-06,3.254413604736328e-05
test/Venomous_Snake/5384096bea0ed.jpg,Venomous_Snake,Venomous_Snake,Venomous_Snake,Venomous_Snake,0.9968591928482056,0.9968591928482056,0.9968327879905701,True,True,7.541316790593555e-06,2.6404857635498047e-05,7.538955287600402e-06,2.6404857635498047e-05
test/Venomous_Snake/5384096c1c063.jpg,Venomous_Snake,Venomous_Snake,Venomous_Snake,Venomous_Snake,0.9999850988388062,0.9999850988388062,0.9999841451644897,True,True,2.735118869168218e-07,9.608966138330288e-07,2.7349173592483567e-07,9.60755642154254e-07
test/Venomous_Snake/5419812_orig.jpg,Venomous_Snake,Venomous_Snake,Venomous_Snake,Venomous_Snake,0.9990500807762146,0.9990500807762146,0.9990453124046326,True,True,1.364805370940303e-06,4.784727934747934e-06,1.3625520978166605e-06,4.768953658640385e-06
test/Venomous_Snake/58680357_PW36.jpg,Venomous_Snake,Venomous_Snake,Venomous_Snake,Venomous_Snake,0.9999730587005615,0.9999730587005615,0.9999721050262451,True,True,2.798450680074893e-07,9.5367431640625e-07,2.7985586825707287e-07,9.5367431640625e-07
test/Venomous_Snake/58680358_PW36.jpg,Venomous_Snake,Venomous_Snake,Venomous_Snake,Venomous_Snake,0.9999996423721313,0.9999996423721313,0.9999996423721313,True,True,1.8204068252813954e-09,1.219474654590158e-08,1.8208040630796063e-09,1.2196281318210822e-08
test/Venomous_Snake/58680361_PW36.jpg,Venomous_Snake,Venomous_Snake,Venomous_Snake,Venomous_Snake,0.9999988079071045,0.9999988079071045,0.9999988079071045,True,True,4.584458590528584e-09,3.186403318977682e-08,4.584131740870134e-09,3.186175945302239e-08
test/Venomous_Snake/6.jpg,Venomous_Snake,Venomous_Snake,Venomous_Snake,Venomous_Snake,1.0,1.0,1.0,True,True,7.444349303664666e-11,5.20595122566192e-10,7.449017097593824e-11,5.209219722246416e-10
test/Venomous_Snake/614a34a77654e6726429703e150dea3e.jpg,Venomous_Snake,Venomous_Snake,Venomous_Snake,Venomous_Snake,0.9975784420967102,0.9975784420967102,0.9975913763046265,True,True,3.682086344269919e-06,1.2934207916259766e-05,3.674362233141437e-06,1.2934207916259766e-05
test/Venomous_Snake/621cc2e9123ff3733add9cf51d374c1c--top-five-hady.jpg,Venomous_Snake,Venomous_Snake,Venomous_Snake,Venomous_Snake,0.9996169805526733,0.9996169805526733,0.9996410608291626,True,True,6.8863218984915875e-06,2.4123844923451543e-05,6.88642558088759e-06,2.412457251921296e-05
test/Venomous_Snake/628592919_285e1def53_b.jpg,Venomous_Snake,Venomous_Snake,Venomous_Snake,Venomous_Snake,0.9983521699905396,0.9983521699905396,0.9984015822410583,True,True,1.4118095350568183e-05,4.941364750266075e-05,1.4116748388914857e-05,4.941225051879883e-05
test/Venomous_Snake/6O4A0379.jpg,Venomous_Snake,Venomous_Snake,Venomous_Snake,Venomous_Snake,0.999984622001648,0.999984622001648,0.9999853372573853,True,True,2.1129535809905065e-07,7.636635928065516e-07,2.112932691034075e-07,7.636490408913232e-07
test/Venomous_Snake/6O4A0417.jpg,Venomous_Snake,Venomous_Snake,Venomous_Snake,Venomous_Snake,0.9999997615814209,0.9999997615814209,0.9999997615814209,True,True,7.522539258175698e-10,5.253866675047902e-09,7.518555777963343e-10,5.251081347523723e-09
test/Venomous_Snake/6b6da31906462414e878d1dd90aa146c--snake-wallpaper-hd-wallpaper.jpg,Venomous_Snake,Venomous_Snake,Venomous_Snake,Venomous_Snake,0.9999991655349731,0.9999991655349731,0.9999991655349731,True,True,3.2277494010912733e-09,2.075017846436822e-08,3.2242886138789117e-09,2.072505367323174e-08
test/Venomous_Snake/7417839_orig.jpg,Venomous_Snake,Venomous_Snake,Venomous_Snake,Venomous_Snake,0.9998220801353455,0.9998220801353455,0.9998359680175781,True,True,3.968179953517392e-06,1.388935197610408e-05,3.967525117332116e-06,1.3887882232666016e-05
test/Venomous_Snake/80098531.jpg,Venomous_Snake,Venomous_Snake,Venomous_Snake,Venomous_Snake,0.9997392296791077,0.9997392296791077,0.9997484087944031,True,True,2.614982122395304e-06,9.179115295410156e-06,2.614911409182241e-06,9.179115295410156e-06
test/Venomous_Snake/817-21250.jpg,Venomous_Snake,Venomous_Snake,Venomous_Snake,Venomous_Snake,0.9996906518936157,0.9996906518936157,0.9996912479400635,True,True,1.5315352186462405e-07,5.960464477539062e-07,1.5264377850598976e-07,5.960464477539062e-07
test/Venomous_Snake/858129_1280x720.jpg,Venomous_Snake,Venomous_Snake,Venomous_Snake,Venomous_Snake,0.9999723434448242,0.9999723434448242,0.9999735355377197,True,True,3.256609772961383e-07,1.1920928955078125e-06,3.256571403653652e-07,1.1920928955078125e-06
test/Venomous_Snake/8fa72038962b6df573adbdd40eb3bdea.jpg,Venomous_Snake,Venomous_Snake,Venomous_Snake,Venomous_Snake,0.9823834896087646,0.9823836088180542,0.9823530316352844,True,True,8.70924395712791e-06,3.049708902835846e-05,8.734255970921367e-06,3.057718276977539e-05
test/Venomous_Snake/900-464852747-russells-viper.jpg,Venomous_Snake,Non_Venomous_Snake,Non_Venomous_Snake,Non_Venomous_Snake,0.8438817858695984,0.8438827395439148,0.8399093151092529,True,True,0.0011349869892001152,0.003972470760345459,0.0011352680157870054,0.003973424434661865
test/Venomous_Snake/90202668.jpg,Venomous_Snake,Venomous_Snake,Venomous_Snake,Venomous_Snake,0.9908506274223328,0.9908507466316223,0.9912830591201782,True,True,0.00012355498620308936,0.0004324503242969513,0.00012352199701126665,0.00043233856558799744
test/Venomous_Snake/90215640.jpg,Venomous_Snake,Venomous_Snake,Venomous_Snake,Venomous_Snake,0.9999997615814209,0.9999997615814209,0.9999997615814209,True,True,9.282145607691916e-10,5.376975309445697e-09,9.279554347152441e-10,5.375525802264747e-09
test/Venomous_Snake/92.jpg,Venomous_Snake,Venomous_Snake,Venomous_Snake,Venomous_Snake,0.993718147277832,0.993718147277832,0.9937094449996948,True,True,2.9442887807817897e-06,1.0274816304445267e-05,2.942109858850017e-06,1.0259915143251419e-05
test/Venomous_Snake/9222.jpg,Venomous_Snake,Venomous_Snake,Venomous_Snake,Venomous_Snake,0.804595410823822,0.8045943975448608,0.8108078837394714,True,True,0.0017749888356775045,0.006212472915649414,0.0017752846470102668,0.006213486194610596
test/Venomous_Snake/9eb07e02004a8a7daa4e75dd0dade2a7.jpg,Venomous_Snake,Venomous_Snake,Venomous_Snake,Venomous_Snake,0.9999730587005615,0.9999730587005615,0.9999734163284302,True,True,9.799708777791238e-08,3.5762786865234375e-07,9.800824329886382e-08,3.5762786865234375e-07
test/Venomous_Snake/CY025J-1.jpg,Venomous_Snake,Venomous_Snake,Venomous_Snake,Venomous_Snake,0.9973748922348022,0.9973748922348022,0.9974895715713501,True,True,3.2786068913992494e-05,0.00011473521590232849,3.2789303077152e-05,0.00011475780047476292
test/Venomous_Snake/Close-up-of-Palestine-saw-scaled-viper.jpg,Venomous_Snake,Venomous_Snake,Venomous_Snake,Venomous_Snake,0.9662058353424072,0.9662057757377625,0.9663323163986206,True,True,3.638412817963399e-05,0.00012671202421188354,3.641550938482396e-05,0.0001268722116947174
test/Venomous_Snake/Echis carinatus sinhaleyus_001.jpg,Venomous_Snake,Venomous_Snake,Venomous_Snake,Venomous_Snake,0.994207501411438,0.9942076206207275,0.9942253232002258,True,True,5.1271822485432494e-06,1.788511872291565e-05,5.1035708565905225e-06,1.7839018255472183e-05
test/Venomous_Snake/Echis_carinatus_head_sal.jpg,Venomous_Snake,Venomous_Snake,Venomous_Snake,Venomous_Snake,0.9934484362602234,0.9934484362602234,0.9932475090026855,True,True,5.740340202464722e-05,0.0002009272575378418,5.740340202464722e-05,0.0002009272575378418
test/Venomous_Snake/_62580566__45828483_saw_scaled_viper_spl.jpg,Venomous_Snake,Venomous_Snake,Venomous_Snake,Venomous_Snake,0.9989567995071411,0.9989567995071411,0.9989737272262573,True,True,4.864883067057235e-06,1.703738234937191e-05,4.864811671723146e-06,1.7036800272762775e-05
test/Venomous_Snake/_837b1414-50e6-11e6-8d8d-a42edc5c5383.JPG,Venomous_Snake,Venomous_Snake,Venomous_Snake,Venomous_Snake,0.9881347417831421,0.9881348609924316,0.988097071647644,True,True,1.0781142918858677e-05,3.7797726690769196e-05,1.0802829820022453e-05,3.783032298088074e-05
test/Venomous_Snake/_D096405.jpg,Venomous_Snake,Venomous_Snake,Venomous_Snake,Venomous_Snake,0.7428649663925171,0.7428656220436096,0.7438973784446716,True,True,0.00029498361982405186,0.0010324716567993164,0.0002947792527265847,0.0010317564010620117
test/Venomous_Snake/_D096710.jpg,Venomous_Snake,Venomous_Snake,Venomous_Snake,Venomous_Snake,0.820072591304779,0.8200718760490417,0.8222611546516418,True,True,0.0006253625033423305,0.002188771963119507,0.0006255668704397976,0.0021894872188568115
test/Venomous_Snake/_DSC0082.jpg,Venomous_Snake,Non_Venomous_Snake,Non_Venomous_Snake,Non_Venomous_Snake,0.9290458559989929,0.9290463924407959,0.9298759698867798,True,True,0.00023716270516160876,0.0008301138877868652,0.00023701369354967028,0.0008295774459838867
test/Venomous_Snake/_DSC0260.jpg,Venomous_Snake,Venomous_Snake,Venomous_Snake,Venomous_Snake,0.999935507774353,0.999935507774353,0.9999334812164307,True,True,5.74081752802158e-07,2.0265579223632812e-06,5.740745336879627e-07,2.0265579223632812e-06
test/Venomous_Snake/_DSC0273g.jpg,Venomous_Snake,Venomous_Snake,Venomous_Snake,Venomous_Snake,0.9990572333335876,0.9990572333335876,0.999091386795044,True,True,9.758962733030785e-06,3.415567334741354e-05,9.758638043422252e-06,3.415346145629883e-05
test/Venomous_Snake/_a0addf20-4e76-11e6-8d8d-a42edc5c5383.jpg,Venomous_Snake,Venomous_Snake,Venomous_Snake,Venomous_Snake,0.9993058443069458,0.9993059635162354,0.9992932081222534,True,True,3.613703029259341e-06,1.265964237973094e-05,3.631389972724719e-06,1.2755393981933594e-05
test/Venomous_Snake/_afe8d134-4e76-11e6-8d8d-a42edc5c5383.jpg,Venomous_Snake,Venomous_Snake,Venomous_Snake,Venomous_Snake,0.9671609997749329,0.9671608805656433,0.9679067730903625,True,True,0.00021308114810381085,0.0007457733154296875,0.00021311917225830257,0.0007458925247192383
test/Venomous_Snake/arabic-saw-scaled-viper-palestine-saw-scaled-viper-echis-coloratus-CNW8JE.jpg,Venomous_Snake,Venomous_Snake,Venomous_Snake,Venomous_Snake,0.9992520213127136,0.9992520213127136,0.9992565512657166,True,True,1.3271146599436179e-06,4.679779522120953e-06,1.3255825024316437e-06,4.669069312512875e-06
test/Venomous_Snake/arabic-saw-scaled-viper-palestine-saw-scaled-viper-echis-coloratus-EBN3ET.jpg,Venomous_Snake,Venomous_Snake,Venomous_Snake,Venomous_Snake,0.9715116620063782,0.9715116620063782,0.9720165729522705,True,True,0.00014426086272578686,0.000504910945892334,0.00014426484995055944,0.000504910945892334
test/Venomous_Snake/arabic-saw-scaled-viper-palestine-saw-scaled-viper-echis-coloratus-EBN3EW.jpg,Venomous_Snake,Venomous_Snake,Venomous_Snake,Venomous_Snake,0.9727937579154968,0.9727935791015625,0.9734721183776855,True,True,0.00019404568593017757,0.0006783604621887207,0.00019409814558457583,0.0006785392761230469
test/Venomous_Snake/b447c6b7f0714cb8487330d3487a86c1--colorful-snakes-the-saw.jpg,Venomous_Snake,Venomous_Snake,Venomous_Snake,Venomous_Snake,0.9999432563781738,0.9999432563781738,0.9999423027038574,True,True,2.667066212325153e-07,9.5367431640625e-07,2.666979810328485e-07,9.5367431640625e-07
test/Venomous_Snake/bigfour-venomics-blog-7.jpg,Venomous_Snake,Venomous_Snake,Venomous_Snake,Venomous_Snake,0.9986044764518738,0.9986044764518738,0.9985561966896057,True,True,1.3781398592982441e-05,4.8279762268066406e-05,1.3782346286461689e-05,4.8279762268066406e-05
test/Venomous_Snake/ca58c07171fe7897f737fb00ac7ed33e.jpg,Venomous_Snake,Venomous_Snake,Venomous_Snake,Venomous_Snake,0.9996107220649719,0.9996107220649719,0.9996196031570435,True,True,2.5483266199444188e-06,8.942821295931935e-06,2.548168822613661e-06,8.94171535037458e-06
test/Venomous_Snake/carpet_viper_2.jpg,Venomous_Snake,Venomous_Snake,Venomous_Snake,Venomous_Snake,0.9947899580001831,0.9947899580001831,0.9947313070297241,True,True,1.6756195691414177e-05,5.8650970458984375e-05,1.6758744095568545e-05,5.8650970458984375e-05
test/Venomous_Snake/ce2f4d7322c5e71302a9ce29bf3b74f5.jpg,Venomous_Snake,Non_Venomous_Snake,Non_Venomous_Snake,Non_Venomous_Snake,0.9937346577644348,0.9937346577644348,0.9938592314720154,True,True,3.558885146048851e-05,0.0001245737075805664,3.559050310286693e-05,0.0001245737075805664
test/Venomous_Snake/coiled-sind-saw-scaled-viper.jpg,Venomous_Snake,Venomous_Snake,Venomous_Snake,Venomous_Snake,0.999271810054779,0.999271810054779,0.9992415904998779,True,True,8.633246579847764e-06,3.0219554901123047e-05,8.632565368316136e-06,3.0219554901123047e-05
test/Venomous_Snake/deadliest-world-Echis_carinatus.jpg,Venomous_Snake,Venomous_Snake,Venomous_Snake,Venomous_Snake,0.9928774237632751,0.9928775429725647,0.9931700229644775,True,True,8.361167419934645e-05,0.00029266905039548874,8.357827755389735e-05,0.00029255449771881104
test/Venomous_Snake/dsc_5371_720.jpg,Venomous_Snake,Venomous_Snake,Venomous_Snake,Venomous_Snake,0.9989773035049438,0.9989773035049438,0.9990000128746033,True,True,6.526366632897407e-06,2.2784690372645855e-05,6.528265203087358e-06,2.2798078134655952e-05
test/Wild_Boar/0001.jpg,Wild_Boar,Wild_Boar,Wild_Boar,Wild_Boar,1.0,1.0,1.0,True,True,1.2436297820814669e-14,6.023935690546711e-14,1.2436319843671297e-14,6.024542843763303e-14
test/Wild_Boar/0012.jpg,Wild_Boar,Wild_Boar,Wild_Boar,Wild_Boar,1.0,1.0,1.0,True,True,8.58735096920249e-11,4.530411601422202e-10,8.586663324816612e-11,4.5297809947442147e-10
test/Wild_Boar/0014.jpg,Wild_Boar,Wild_Boar,Wild_Boar,Wild_Boar,0.999459445476532,0.999459445476532,0.9994630217552185,True,True,1.014943336485885e-06,3.5762786865234375e-06,1.0151937885893858e-06,3.5762786865234375e-06
test/Wild_Boar/0025.jpg,Wild_Boar,Wild_Boar,Wild_Boar,Wild_Boar,1.0,1.0,1.0,True,True,4.068207576368721e-11,2.816928912352523e-10,4.0707996001865254e-11,2.8187407963287114e-10
test/Wild_Boar/0037.jpg,Wild_Boar,Wild_Boar,Wild_Boar,Wild_Boar,0.9999092817306519,0.9999092817306519,0.9999146461486816,True,True,1.5452309298780165e-06,5.364418029785156e-06,1.5452195611942443e-06,5.364418029785156e-06
test/Wild_Boar/0041.jpg,Wild_Boar,Wild_Boar,Wild_Boar,Wild_Boar,1.0,1.0,1.0,True,True,6.426697824087058e-13,4.494307703772904e-12,6.425447196881096e-13,4.493433403141012e-12
test/Wild_Boar/0043.jpg,Wild_Boar,Wild_Boar,Wild_Boar,Wild_Boar,1.0,1.0,1.0,True,True,1.8499080739475815e-11,1.2887735323374727e-10,1.8501171081264367e-11,1.2889200817767232e-10
test/Wild_Boar/0062.jpg,Wild_Boar,Wild_Boar,Wild_Boar,Wild_Boar,0.9977226853370667,0.9977226853370667,0.9977313876152039,True,True,2.4573205337219406e-06,8.702278137207031e-06,2.4546698114136234e-06,8.702278137207031e-06
test/Wild_Boar/0069.jpg,Wild_Boar,Wild_Boar,Wild_Boar,Wild_Boar,0.9995284080505371,0.9995284080505371,0.9995213747024536,True,True,5.1622287173813675e-06,1.8071936210617423e-05,5.16313821208314e-06,1.807857188396156e-05
test/Wild_Boar/0080.jpg,Wild_Boar,Wild_Boar,Wild_Boar,Wild_Boar,0.9999905824661255,0.9999905824661255,0.9999908208847046,True,True,6.489168669077117e-08,2.384185791015625e-07,6.484820858077e-08,2.384185791015625e-07
test/Wild_Boar/0101.jpg,Wild_Boar,Wild_Boar,Wild_Boar,Wild_Boar,1.0,1.0,1.0,True,True,9.293069785920594e-11,6.003135766263767e-10,9.295331171443877e-11,6.004459152109121e-10
test/Wild_Boar/0107.jpg,Wild_Boar,Wild_Boar,Wild_Boar,Wild_Boar,0.9999996423721313,0.9999996423721313,0.9999996423721313,True,True,9.072381179642264e-10,5.393985702539794e-09,9.072582685121233e-10,5.394554136728402e-09
test/Wild_Boar/0108.jpg,Wild_Boar,Wild_Boar,Wild_Boar,Wild_Boar,0.9999382495880127,0.9999382495880127,0.9999440908432007,True,True,1.6712352817194187e-06,5.856625648448244e-06,1.671486757004459e-06,5.858386430190876e-06
test/Wild_Boar/0120.jpg,Wild_Boar,Wild_Boar,Wild_Boar,Wild_Boar,0.9969868063926697,0.9969869256019592,0.9970930814743042,True,True,3.1190782465273514e-05,0.00010919175110757351,3.116161315119825e-05,0.0001091070007532835
test/Wild_Boar/0129.jpg,Wild_Boar,Wild_Boar,Wild_Boar,Wild_Boar,0.999992847442627,0.999992847442627,0.9999927282333374,True,True,4.0577400994834534e-08,1.6374406186514534e-07,4.0601623396696596e-08,1.6391186363762245e-07
test/Wild_Boar/0134.jpg,Wild_Boar,Wild_Boar,Wild_Boar,Wild_Boar,1.0,1.0,1.0,True,True,3.8775840177640575e-11,2.712545743577266e-10,3.877381055117368e-11,2.712403635030114e-10
test/Wild_Boar/0142.jpg,Wild_Boar,Wild_Boar,Wild_Boar,Wild_Boar,1.0,1.0,1.0,True,True,3.419785884594545e-13,1.8023083026008635e-12,3.4251104014636213e-13,1.8060553053089734e-12
test/Wild_Boar/0153.jpg,Wild_Boar,Wild_Boar,Wild_Boar,Wild_Boar,1.0,1.0,1.0,True,True,9.669746253715417e-11,6.750395797894271e-10,9.671400486022108e-11,6.751550429839881e-10
test/Wild_Boar/0176.jpg,Wild_Boar,Wild_Boar,Wild_Boar,Wild_Boar,0.9999985694885254,0.9999985694885254,0.9999985694885254,True,True,2.0470258821347898e-09,1.3968019629828632e-08,2.048416991584645e-09,1.3977796697872691e-08
test/Wild_Boar/0183.jpg,Wild_Boar,Elephant,Elephant,Elephant,0.8623817563056946,0.8623843789100647,0.8644047975540161,True,True,0.0005780250648967922,0.002023041248321533,0.0005772742442786694,0.002020418643951416
test/Wild_Boar/0187.jpg,Wild_Boar,Wild_Boar,Wild_Boar,Wild_Boar,1.0,1.0,1.0,True,True,1.0531268565538987e-11,5.152700488508799e-11,1.0535176030168625e-11,5.154143778440812e-11
test/Wild_Boar/0188.jpg,Wild_Boar,Wild_Boar,Wild_Boar,Wild_Boar,0.9999996423721313,0.9999996423721313,0.9999996423721313,True,True,4.2086140128461125e-10,2.81539769275696e-09,4.2055470217405855e-10,2.8132944862591103e-09
test/Wild_Boar/0193.jpg,Wild_Boar,Wild_Boar,Wild_Boar,Wild_Boar,1.0,1.0,1.0,True,True,3.3820240444987215e-12,2.366395968067536e-11,3.382348437788729e-12,2.3666235637875843e-11
test/Wild_Boar/0196.jpg,Wild_Boar,Wild_Boar,Wild_Boar,Wild_Boar,0.9999998807907104,0.9999998807907104,0.9999998807907104,True,True,4.5411888138779943e-10,1.8225492226520146e-09,4.545876453043718e-10,1.823377004939175e-09
test/Wild_Boar/0234.jpg,Wild_Boar,Wild_Boar,Wild_Boar,Wild_Boar,1.0,1.0,1.0,True,True,3.3410326913917154e-13,1.9928711458838677e-12,3.3467187896853157e-13,1.9970067266505964e-12
test/Wild_Boar/0235.jpg,Wild_Boar,Wild_Boar,Wild_Boar,Wild_Boar,0.9999915361404419,0.9999915361404419,0.999990701675415,True,True,2.353554293677007e-07,8.344650268554688e-07,2.3534583704076795e-07,8.344650268554688e-07
test/Wild_Boar/0239.jpg,Wild_Boar,Wild_Boar,Wild_Boar,Wild_Boar,1.0,1.0,1.0,True,True,1.819950914689998e-14,7.755655926505733e-14,1.8199075466030987e-14,7.755043352278279e-14
test/Wild_Boar/0241.jpg,Wild_Boar,Wild_Boar,Wild_Boar,Wild_Boar,0.9995249509811401,0.9995249509811401,0.999550998210907,True,True,7.42273141440819e-06,2.6047229766845703e-05,7.419474968628492e-06,2.6047229766845703e-05
test/Wild_Boar/0262.jpg,Wild_Boar,Wild_Boar,Wild_Boar,Wild_Boar,0.9877322912216187,0.9877324104309082,0.987621009349823,True,True,3.180859857820906e-05,0.0001112818717956543,3.1843988836044446e-05,0.000111408531665802
test/Wild_Boar/0267.jpg,Wild_Boar,Wild_Boar,Wild_Boar,Wild_Boar,0.9999996423721313,0.9999996423721313,0.9999996423721313,True,True,1.6586368944970786e-09,8.22417689505528e-09,1.6586055862077842e-09,8.224830594372179e-09
test/Wild_Boar/0277.jpg,Wild_Boar,Wild_Boar,Wild_Boar,Wild_Boar,0.9999829530715942,0.9999829530715942,0.9999825954437256,True,True,1.0976001618701048e-07,4.091343726031482e-07,1.0974641639904803e-07,4.090379661647603e-07
test/Wild_Boar/0283.jpg,Wild_Boar,Wild_Boar,Wild_Boar,Wild_Boar,0.9999572038650513,0.9999572038650513,0.9999582767486572,True,True,2.933367397872644e-07,1.0728836059570312e-06,2.9337101636883745e-07,1.0728836059570312e-06
test/Wild_Boar/0292.jpg,Wild_Boar,Wild_Boar,Wild_Boar,Wild_Boar,1.0,1.0,1.0,True,True,2.0719206854217555e-14,1.407953614807056e-13,2.0707287406583792e-14,1.4071036003038273e-13
test/Wild_Boar/0299.jpg,Wild_Boar,Wild_Boar,Wild_Boar,Wild_Boar,1.0,1.0,1.0,True,True,5.267557223742614e-13,3.5091374250839635e-12,5.266444290212557e-13,3.508360268966726e-12
test/Wild_Boar/0310.jpg,Wild_Boar,Wild_Boar,Wild_Boar,Wild_Boar,0.999998927116394,0.999998927116394,0.9999988079071045,True,True,2.410794763818558e-08,1.1920928955078125e-07,2.4105235141291814e-08,1.1920928955078125e-07
test/Wild_Boar/0321.jpg,Wild_Boar,Wild_Boar,Wild_Boar,Wild_Boar,0.999984860420227,0.999984860420227,0.9999845027923584,True,True,1.0660845362053806e-07,3.8816233427496627e-07,1.0657146276571439e-07,3.87903128284961e-07
test/Wild_Boar/0325.jpg,Wild_Boar,Wild_Boar,Wild_Boar,Wild_Boar,0.9999992847442627,0.9999992847442627,0.9999992847442627,True,True,6.9337753316744966e-09,4.249756102581159e-08,6.936781371535972e-09,4.2516660414548824e-08
test/Wild_Boar/0339.jpg,Wild_Boar,Wild_Boar,Wild_Boar,Wild_Boar,0.9999997615814209,0.9999997615814209,0.9999997615814209,True,True,1.963706086627326e-09,1.3656318742505391e-08,1.964218787620098e-09,1.3659871456184192e-08
test/Wild_Boar/0352.jpg,Wild_Boar,Wild_Boar,Wild_Boar,Wild_Boar,0.9999997615814209,0.9999997615814209,0.9999997615814209,True,True,1.1631547947033027e-09,8.137135409924667e-09,1.1627162566085758e-09,8.134065865306184e-09
test/Wild_Boar/0357.jpg,Wild_Boar,Wild_Boar,Wild_Boar,Wild_Boar,0.9999994039535522,0.9999994039535522,0.9999994039535522,True,True,2.2316473113903612e-09,1.546493422210915e-08,2.230715390183491e-09,1.5458283542102436e-08
test/Wild_Boar/0365.jpg,Wild_Boar,Wild_Boar,Wild_Boar,Wild_Boar,0.9999998807907104,0.9999998807907104,0.9999998807907104,True,True,1.1377184749861158e-09,7.960288428421336e-09,1.1376078967728631e-09,7.959513936839357e-09
test/Wild_Boar/0373.jpg,Wild_Boar,Wild_Boar,Wild_Boar,Wild_Boar,1.0,1.0,1.0,True,True,1.0959309318270163e-16,6.941722993951058e-16,1.0958121486910537e-16,6.940994545616419e-16
test/Wild_Boar/0394.jpg,Wild_Boar,Wild_Boar,Wild_Boar,Wild_Boar,0.9999991655349731,0.9999991655349731,0.9999991655349731,True,True,8.532284878626228e-10,5.892161425435916e-09,8.534374318358573e-10,5.893639354326297e-09
test/Wild_Boar/0423.jpg,Wild_Boar,Wild_Boar,Wild_Boar,Wild_Boar,0.9998106360435486,0.9998106360435486,0.999813973903656,True,True,9.63417051025317e-07,3.406006726436317e-06,9.639055633670068e-07,3.409426426514983e-06
test/Wild_Boar/0432.jpg,Wild_Boar,Wild_Boar,Wild_Boar,Wild_Boar,0.9999998807907104,0.9999998807907104,0.9999998807907104,True,True,6.596673207681647e-10,3.5450113955448614e-09,6.59963361737681e-10,3.546801963238977e-09
test/Wild_Boar/0437.jpg,Wild_Boar,Wild_Boar,Wild_Boar,Wild_Boar,0.999997615814209,0.999997615814209,0.9999977350234985,True,True,4.825725596901975e-08,1.928071924339747e-07,4.825860244750402e-08,1.92816060007317e-07
test/Wild_Boar/0446.jpg,Wild_Boar,Elephant,Elephant,Elephant,0.9048179388046265,0.9048183560371399,0.9172719717025757,True,True,0.0035590168554335833,0.012454032897949219,0.003558899974450469,0.012453615665435791
test/Wild_Boar/0460.jpg,Wild_Boar,Wild_Boar,Wild_Boar,Wild_Boar,1.0,1.0,1.0,True,True,6.9613195416429186e-12,4.8581361156152525e-11,6.953127743708487e-12,4.852407364808187e-11
test/Wild_Boar/0465.jpg,Wild_Boar,Wild_Boar,Wild_Boar,Wild_Boar,0.9999986886978149,0.9999986886978149,0.9999986886978149,True,True,1.0141704365196347e-08,7.018013548076851e-08,1.0143002882045948e-08,7.018877568043536e-08
test/Wild_Boar/0466.jpg,Wild_Boar,Wild_Boar,Wild_Boar,Wild_Boar,1.0,1.0,1.0,True,True,6.0533196870034365e-15,4.1506511769262566e-14,6.051471037596054e-15,4.1493935024061734e-14
test/Wild_Boar/0470.jpg,Wild_Boar,Wild_Boar,Wild_Boar,Wild_Boar,0.9999998807907104,0.9999998807907104,0.9999998807907104,True,True,1.7724920420292278e-09,1.2302990626267274e-08,1.7726725642930319e-09,1.2304241181482212e-08
test/Wild_Boar/0479.jpg,Wild_Boar,Wild_Boar,Wild_Boar,Wild_Boar,1.0,1.0,1.0,True,True,1.4763244880061643e-13,9.72485980632598e-13,1.4763229972281772e-13,9.72485980632598e-13
test/Wild_Boar/0486.jpg,Wild_Boar,Wild_Boar,Wild_Boar,Wild_Boar,1.0,1.0,1.0,True,True,5.599882016427138e-11,2.495168516247759e-10,5.60033026897333e-11,2.4952528931976303e-10
test/Wild_Boar/0525.jpg,Wild_Boar,Wild_Boar,Wild_Boar,Wild_Boar,1.0,1.0,1.0,True,True,1.6691412141334183e-11,1.1655165721435878e-10,1.669709683016496e-11,1.1659140319864036e-10
test/Wild_Boar/0542.jpg,Wild_Boar,Wild_Boar,Wild_Boar,Wild_Boar,0.9999957084655762,0.9999957084655762,0.9999958276748657,True,True,2.8459067991093434e-08,1.1920928955078125e-07,2.846364566266857e-08,1.1920928955078125e-07
test/Wild_Boar/0545.jpg,Wild_Boar,Wild_Boar,Wild_Boar,Wild_Boar,1.0,1.0,1.0,True,True,1.9434688165969986e-14,7.385650251101605e-14,1.9445818178896908e-14,7.389965375748098e-14
test/Wild_Boar/0565.jpg,Wild_Boar,Wild_Boar,Wild_Boar,Wild_Boar,1.0,1.0,1.0,True,True,1.1881448888715739e-14,8.216517743964147e-14,1.1883246292629813e-14,8.217862154658029e-14
test/Wild_Boar/0575.jpg,Wild_Boar,Wild_Boar,Wild_Boar,Wild_Boar,1.0,1.0,1.0,True,True,2.3994536826194013e-12,9.653444710266967e-12,2.4001874706497395e-12,9.65622026782853e-12
