review_id,image_path,species,parent_class,review_type,suspected_match_path,suspected_match_split,frozen_test_involved,similarity_summary,contact_sheet_path,human_decision,human_notes,final_recommended_status
REVIEW_0001,C:\Users\yesam\Desktop\anviksa_ai\new_training_data\snake_images\Indian-Snakes-Dataset-master\Non-Venomous\Banded Racer\1274635783_6d04848eae.jpg,Banded Racer,Non-Venomous,DUPLICATE_REVIEW,train/Non_Venomous_Snake/1274635783_6d04848eae.jpg,TRAIN,NO,pHash=0; dHash=1; aHash=0; aspect_delta=0.4580; pixel_corr=0.9991; SSIM=0.9962; hist_corr=0.9998; ORB_good=15; ORB_inliers=9; ORB_inlier_ratio=0.6000,contact_sheets/duplicate_review/review_0001_duplicate_review.png,,,
REVIEW_0002,C:\Users\yesam\Desktop\anviksa_ai\new_training_data\snake_images\Indian-Snakes-Dataset-master\Non-Venomous\Banded Racer\9678299431_e1027b9b6c_b.jpg,Banded Racer,Non-Venomous,DUPLICATE_REVIEW,train/Non_Venomous_Snake/9678299431_e1027b9b6c_b.jpg,TRAIN,NO,pHash=0; dHash=0; aHash=0; aspect_delta=0.4121; pixel_corr=0.9998; SSIM=0.9972; hist_corr=0.9994; ORB_good=14; ORB_inliers=8; ORB_inlier_ratio=0.5714,contact_sheets/duplicate_review/review_0002_duplicate_review.png,,,
REVIEW_0003,C:\Users\yesam\Desktop\anviksa_ai\new_training_data\snake_images\Indian-Snakes-Dataset-master\Non-Venomous\Banded Racer\Banded Racer Juvenile.jpg,Banded Racer,Non-Venomous,DUPLICATE_REVIEW,train/Non_Venomous_Snake/Banded Racer Juvenile.jpg,TRAIN,NO,pHash=0; dHash=0; aHash=0; aspect_delta=0.2880; pixel_corr=0.9994; SSIM=0.9972; hist_corr=0.9998; ORB_good=56; ORB_inliers=30; ORB_inlier_ratio=0.5357,contact_sheets/duplicate_review/review_0003_duplicate_review.png,,,
REVIEW_0004,C:\Users\yesam\Desktop\anviksa_ai\new_training_data\snake_images\Indian-Snakes-Dataset-master\Non-Venomous\Banded Racer\Banded Racer.jpg,Banded Racer,Non-Venomous,DUPLICATE_REVIEW,train/Non_Venomous_Snake/50.jpg,TRAIN,NO,pHash=0; dHash=0; aHash=0; aspect_delta=0.4719; pixel_corr=0.9967; SSIM=0.9793; hist_corr=0.9955; ORB_good=10; ORB_inliers=6; ORB_inlier_ratio=0.6000,contact_sheets/duplicate_review/review_0004_duplicate_review.png,,,
REVIEW_0005,C:\Users\yesam\Desktop\anviksa_ai\new_training_data\snake_images\Indian-Snakes-Dataset-master\Non-Venomous\Banded Racer\banded-racer-argyrogena-fasciolata-non-venomous-not-common-kalbeliya-AT2BHP.jpg,Banded Racer,Non-Venomous,FROZEN_TEST_REVIEW,test/Non_Venomous_Snake/banded-racer-argyrogena-fasciolata-non-venomous-not-common-kalbeliya-AT2BHP.jpg,TEST,YES,pHash=2; dHash=0; aHash=0; aspect_delta=0.3950; pixel_corr=0.9997; SSIM=0.9982; hist_corr=0.9997; ORB_good=19; ORB_inliers=16; ORB_inlier_ratio=0.8421,contact_sheets/frozen_test_review/review_0005_frozen_test_review.png,,,
REVIEW_0006,C:\Users\yesam\Desktop\anviksa_ai\new_training_data\snake_images\Indian-Snakes-Dataset-master\Non-Venomous\Banded Racer\medium.JPG,Banded Racer,Non-Venomous,FROZEN_TEST_REVIEW,test/Non_Venomous_Snake/medium.JPG,TEST,YES,pHash=0; dHash=0; aHash=0; aspect_delta=0.4340; pixel_corr=0.9995; SSIM=0.9983; hist_corr=0.9982; ORB_good=17; ORB_inliers=9; ORB_inlier_ratio=0.5294,contact_sheets/frozen_test_review/review_0006_frozen_test_review.png,,,
REVIEW_0007,C:\Users\yesam\Desktop\anviksa_ai\new_training_data\snake_images\Indian-Snakes-Dataset-master\Non-Venomous\Checkered Keelback\2.jpg,Checkered Keelback,Non-Venomous,DUPLICATE_REVIEW,train/Non_Venomous_Snake/2.jpg,TRAIN,NO,pHash=0; dHash=0; aHash=0; aspect_delta=0.4260; pixel_corr=0.9999; SSIM=0.9977; hist_corr=0.9987; ORB_good=20; ORB_inliers=11; ORB_inlier_ratio=0.5500,contact_sheets/duplicate_review/review_0007_duplicate_review.png,,,
REVIEW_0008,C:\Users\yesam\Desktop\anviksa_ai\new_training_data\snake_images\Indian-Snakes-Dataset-master\Non-Venomous\Checkered Keelback\24897900911_7d2ee1ecff_b.jpg,Checkered Keelback,Non-Venomous,DUPLICATE_REVIEW,validation/Non_Venomous_Snake/24897900911_7d2ee1ecff_b.jpg,VALIDATION,NO,pHash=0; dHash=0; aHash=0; aspect_delta=0.4277; pixel_corr=0.9987; SSIM=0.9944; hist_corr=0.9999; ORB_good=22; ORB_inliers=10; ORB_inlier_ratio=0.4545,contact_sheets/duplicate_review/review_0008_duplicate_review.png,,,
REVIEW_0009,C:\Users\yesam\Desktop\anviksa_ai\new_training_data\snake_images\Indian-Snakes-Dataset-master\Non-Venomous\Checkered Keelback\350_e_s_500.jpg,Checkered Keelback,Non-Venomous,DUPLICATE_REVIEW,train/Non_Venomous_Snake/350_e_s_500.jpg,TRAIN,NO,pHash=0; dHash=0; aHash=0; aspect_delta=0.3349; pixel_corr=0.9989; SSIM=0.9957; hist_corr=0.9997; ORB_good=11; ORB_inliers=8; ORB_inlier_ratio=0.7273,contact_sheets/duplicate_review/review_0009_duplicate_review.png,,,
REVIEW_0010,C:\Users\yesam\Desktop\anviksa_ai\new_training_data\snake_images\Indian-Snakes-Dataset-master\Non-Venomous\Checkered Keelback\491121-checkered-keeeled-back.jpg,Checkered Keelback,Non-Venomous,DUPLICATE_REVIEW,train/Non_Venomous_Snake/491121-checkered-keeeled-back.jpg,TRAIN,NO,pHash=0; dHash=0; aHash=1; aspect_delta=0.2499; pixel_corr=0.9998; SSIM=0.9989; hist_corr=0.9987; ORB_good=2; ORB_inliers=0; ORB_inlier_ratio=0.0000,contact_sheets/duplicate_review/review_0010_duplicate_review.png,,,
REVIEW_0011,C:\Users\yesam\Desktop\anviksa_ai\new_training_data\snake_images\Indian-Snakes-Dataset-master\Non-Venomous\Checkered Keelback\6.jpg,Checkered Keelback,Non-Venomous,DUPLICATE_REVIEW,train/Non_Venomous_Snake/6.jpg,TRAIN,NO,pHash=0; dHash=0; aHash=0; aspect_delta=0.5260; pixel_corr=0.9997; SSIM=0.9955; hist_corr=0.9999; ORB_good=7; ORB_inliers=5; ORB_inlier_ratio=0.7143,contact_sheets/duplicate_review/review_0011_duplicate_review.png,,,
REVIEW_0012,C:\Users\yesam\Desktop\anviksa_ai\new_training_data\snake_images\Indian-Snakes-Dataset-master\Non-Venomous\Checkered Keelback\9181975166_5a8900bcb4_b.jpg,Checkered Keelback,Non-Venomous,DUPLICATE_REVIEW,train/Non_Venomous_Snake/9181975166_5a8900bcb4_b.jpg,TRAIN,NO,pHash=2; dHash=0; aHash=1; aspect_delta=0.4375; pixel_corr=0.9988; SSIM=0.9937; hist_corr=0.9906; ORB_good=13; ORB_inliers=6; ORB_inlier_ratio=0.4615,contact_sheets/duplicate_review/review_0012_duplicate_review.png,,,
REVIEW_0013,C:\Users\yesam\Desktop\anviksa_ai\new_training_data\snake_images\Indian-Snakes-Dataset-master\Non-Venomous\Checkered Keelback\_DSC0413.jpg,Checkered Keelback,Non-Venomous,DUPLICATE_REVIEW,train/Non_Venomous_Snake/_DSC0413.jpg,TRAIN,NO,pHash=0; dHash=0; aHash=0; aspect_delta=0.3959; pixel_corr=0.9992; SSIM=0.9965; hist_corr=0.9991; ORB_good=9; ORB_inliers=9; ORB_inlier_ratio=1.0000,contact_sheets/duplicate_review/review_0013_duplicate_review.png,,,
REVIEW_0014,C:\Users\yesam\Desktop\anviksa_ai\new_training_data\snake_images\Indian-Snakes-Dataset-master\Non-Venomous\Checkered Keelback\_DSC0418.jpg,Checkered Keelback,Non-Venomous,DUPLICATE_REVIEW,train/Non_Venomous_Snake/_DSC0418.jpg,TRAIN,NO,pHash=2; dHash=0; aHash=0; aspect_delta=0.3462; pixel_corr=0.9991; SSIM=0.9930; hist_corr=0.9989; ORB_good=19; ORB_inliers=15; ORB_inlier_ratio=0.7895,contact_sheets/duplicate_review/review_0014_duplicate_review.png,,,
REVIEW_0015,C:\Users\yesam\Desktop\anviksa_ai\new_training_data\snake_images\Indian-Snakes-Dataset-master\Non-Venomous\Checkered Keelback\checkered keelback_002.jpg,Checkered Keelback,Non-Venomous,DUPLICATE_REVIEW,train/Non_Venomous_Snake/checkered keelback_002.jpg,TRAIN,NO,pHash=0; dHash=0; aHash=0; aspect_delta=0.3356; pixel_corr=0.9996; SSIM=0.9964; hist_corr=0.9997; ORB_good=12; ORB_inliers=7; ORB_inlier_ratio=0.5833,contact_sheets/duplicate_review/review_0015_duplicate_review.png,,,
REVIEW_0016,C:\Users\yesam\Desktop\anviksa_ai\new_training_data\snake_images\Indian-Snakes-Dataset-master\Non-Venomous\Checkered Keelback\Checkered-Keelback_001.jpg,Checkered Keelback,Non-Venomous,DUPLICATE_REVIEW,train/Non_Venomous_Snake/Checkered-Keelback_001.jpg,TRAIN,NO,pHash=0; dHash=1; aHash=0; aspect_delta=0.6700; pixel_corr=0.9998; SSIM=0.9949; hist_corr=0.9992; ORB_good=6; ORB_inliers=4; ORB_inlier_ratio=0.6667,contact_sheets/duplicate_review/review_0016_duplicate_review.png,,,
REVIEW_0017,C:\Users\yesam\Desktop\anviksa_ai\new_training_data\snake_images\Indian-Snakes-Dataset-master\Non-Venomous\Checkered Keelback\checkered-keelback_002.jpg,Checkered Keelback,Non-Venomous,DUPLICATE_REVIEW,train/Non_Venomous_Snake/checkered-keelback_002.jpg,TRAIN,NO,pHash=0; dHash=0; aHash=0; aspect_delta=0.4057; pixel_corr=0.9991; SSIM=0.9971; hist_corr=0.9998; ORB_good=10; ORB_inliers=4; ORB_inlier_ratio=0.4000,contact_sheets/duplicate_review/review_0017_duplicate_review.png,,,
REVIEW_0018,C:\Users\yesam\Desktop\anviksa_ai\new_training_data\snake_images\Indian-Snakes-Dataset-master\Non-Venomous\Checkered Keelback\Checkered-Keelback_003.jpg,Checkered Keelback,Non-Venomous,DUPLICATE_REVIEW,train/Non_Venomous_Snake/Checkered-Keelback_003.jpg,TRAIN,NO,pHash=0; dHash=1; aHash=0; aspect_delta=0.3350; pixel_corr=0.9997; SSIM=0.9983; hist_corr=0.9996; ORB_good=6; ORB_inliers=4; ORB_inlier_ratio=0.6667,contact_sheets/duplicate_review/review_0018_duplicate_review.png,,,
REVIEW_0019,C:\Users\yesam\Desktop\anviksa_ai\new_training_data\snake_images\Indian-Snakes-Dataset-master\Non-Venomous\Checkered Keelback\Checkered-Keelbacks-2.jpg,Checkered Keelback,Non-Venomous,DUPLICATE_REVIEW,train/Non_Venomous_Snake/Checkered-Keelbacks-2.jpg,TRAIN,NO,pHash=0; dHash=0; aHash=0; aspect_delta=0.5547; pixel_corr=0.9996; SSIM=0.9967; hist_corr=0.9982; ORB_good=3; ORB_inliers=0; ORB_inlier_ratio=0.0000,contact_sheets/duplicate_review/review_0019_duplicate_review.png,,,
REVIEW_0020,C:\Users\yesam\Desktop\anviksa_ai\new_training_data\snake_images\Indian-Snakes-Dataset-master\Non-Venomous\Checkered Keelback\Checkered-Keelbacks-4.jpg,Checkered Keelback,Non-Venomous,DUPLICATE_REVIEW,train/Non_Venomous_Snake/Checkered-Keelbacks-4.jpg,TRAIN,NO,pHash=0; dHash=0; aHash=0; aspect_delta=0.5283; pixel_corr=0.9996; SSIM=0.9967; hist_corr=0.9983; ORB_good=6; ORB_inliers=5; ORB_inlier_ratio=0.8333,contact_sheets/duplicate_review/review_0020_duplicate_review.png,,,
REVIEW_0021,C:\Users\yesam\Desktop\anviksa_ai\new_training_data\snake_images\Indian-Snakes-Dataset-master\Non-Venomous\Checkered Keelback\Checkered-Keelbacks-6.jpg,Checkered Keelback,Non-Venomous,DUPLICATE_REVIEW,train/Non_Venomous_Snake/Checkered-Keelbacks-6.jpg,TRAIN,NO,pHash=0; dHash=2; aHash=0; aspect_delta=0.5010; pixel_corr=0.9996; SSIM=0.9970; hist_corr=0.9947; ORB_good=7; ORB_inliers=5; ORB_inlier_ratio=0.7143,contact_sheets/duplicate_review/review_0021_duplicate_review.png,,,
REVIEW_0022,C:\Users\yesam\Desktop\anviksa_ai\new_training_data\snake_images\Indian-Snakes-Dataset-master\Non-Venomous\Checkered Keelback\checkered_keelback_water_snake.jpg,Checkered Keelback,Non-Venomous,DUPLICATE_REVIEW,train/Non_Venomous_Snake/checkered_keelback_water_snake.jpg,TRAIN,NO,pHash=0; dHash=0; aHash=0; aspect_delta=0.4810; pixel_corr=0.9998; SSIM=0.9982; hist_corr=0.9996; ORB_good=16; ORB_inliers=12; ORB_inlier_ratio=0.7500,contact_sheets/duplicate_review/review_0022_duplicate_review.png,,,
REVIEW_0023,"C:\Users\yesam\Desktop\anviksa_ai\new_training_data\snake_images\Indian-Snakes-Dataset-master\Non-Venomous\Checkered Keelback\Checkered_Keelback_Xenochrophis_piscator_Schneider,_1799_Assam_by_Dr_Raju_Kasambe_DSC_0477_(2).JPG",Checkered Keelback,Non-Venomous,DUPLICATE_REVIEW,"train/Non_Venomous_Snake/Checkered_Keelback_Xenochrophis_piscator_Schneider,_1799_Assam_by_Dr_Raju_Kasambe_DSC_0477_(2).JPG",TRAIN,NO,pHash=0; dHash=0; aHash=1; aspect_delta=0.3955; pixel_corr=0.9965; SSIM=0.9936; hist_corr=0.9998; ORB_good=16; ORB_inliers=10; ORB_inlier_ratio=0.6250,contact_sheets/duplicate_review/review_0023_duplicate_review.png,,,
REVIEW_0024,C:\Users\yesam\Desktop\anviksa_ai\new_training_data\snake_images\Indian-Snakes-Dataset-master\Non-Venomous\Checkered Keelback\DSC4977.jpg,Checkered Keelback,Non-Venomous,DUPLICATE_REVIEW,train/Non_Venomous_Snake/DSC4977.jpg,TRAIN,NO,pHash=0; dHash=1; aHash=0; aspect_delta=0.4316; pixel_corr=0.9989; SSIM=0.9974; hist_corr=0.9984; ORB_good=5; ORB_inliers=5; ORB_inlier_ratio=1.0000,contact_sheets/duplicate_review/review_0024_duplicate_review.png,,,
REVIEW_0025,C:\Users\yesam\Desktop\anviksa_ai\new_training_data\snake_images\Indian-Snakes-Dataset-master\Non-Venomous\Checkered Keelback\DSC_3798-1.jpg,Checkered Keelback,Non-Venomous,DUPLICATE_REVIEW,train/Non_Venomous_Snake/DSC_3798-1.jpg,TRAIN,NO,pHash=0; dHash=1; aHash=0; aspect_delta=0.3362; pixel_corr=0.9994; SSIM=0.9969; hist_corr=0.9998; ORB_good=17; ORB_inliers=12; ORB_inlier_ratio=0.7059,contact_sheets/duplicate_review/review_0025_duplicate_review.png,,,
REVIEW_0026,C:\Users\yesam\Desktop\anviksa_ai\new_training_data\snake_images\Indian-Snakes-Dataset-master\Non-Venomous\Checkered Keelback\IMG_4798.JPG,Checkered Keelback,Non-Venomous,DUPLICATE_REVIEW,train/Non_Venomous_Snake/IMG_4798.JPG,TRAIN,NO,pHash=0; dHash=1; aHash=0; aspect_delta=0.6800; pixel_corr=0.9998; SSIM=0.9975; hist_corr=0.9996; ORB_good=1; ORB_inliers=0; ORB_inlier_ratio=0.0000,contact_sheets/duplicate_review/review_0026_duplicate_review.png,,,
REVIEW_0027,C:\Users\yesam\Desktop\anviksa_ai\new_training_data\snake_images\Indian-Snakes-Dataset-master\Non-Venomous\Checkered Keelback\img_5554.jpg,Checkered Keelback,Non-Venomous,DUPLICATE_REVIEW,train/Non_Venomous_Snake/img_5554.jpg,TRAIN,NO,pHash=0; dHash=1; aHash=1; aspect_delta=0.3169; pixel_corr=0.9998; SSIM=0.9960; hist_corr=0.9988; ORB_good=4; ORB_inliers=4; ORB_inlier_ratio=1.0000,contact_sheets/duplicate_review/review_0027_duplicate_review.png,,,
REVIEW_0028,C:\Users\yesam\Desktop\anviksa_ai\new_training_data\snake_images\Indian-Snakes-Dataset-master\Non-Venomous\Checkered Keelback\img_6516.jpg,Checkered Keelback,Non-Venomous,DUPLICATE_REVIEW,train/Non_Venomous_Snake/img_6516.jpg,TRAIN,NO,pHash=0; dHash=0; aHash=0; aspect_delta=0.2500; pixel_corr=0.9998; SSIM=0.9962; hist_corr=0.9993; ORB_good=0; ORB_inliers=0; ORB_inlier_ratio=0.0000,contact_sheets/duplicate_review/review_0028_duplicate_review.png,,,
REVIEW_0029,C:\Users\yesam\Desktop\anviksa_ai\new_training_data\snake_images\Indian-Snakes-Dataset-master\Non-Venomous\Checkered Keelback\keelback1.jpg,Checkered Keelback,Non-Venomous,DUPLICATE_REVIEW,train/Non_Venomous_Snake/keelback1.jpg,TRAIN,NO,pHash=0; dHash=1; aHash=0; aspect_delta=0.3682; pixel_corr=0.9994; SSIM=0.9970; hist_corr=0.9998; ORB_good=40; ORB_inliers=23; ORB_inlier_ratio=0.5750,contact_sheets/duplicate_review/review_0029_duplicate_review.png,,,
REVIEW_0030,C:\Users\yesam\Desktop\anviksa_ai\new_training_data\snake_images\Indian-Snakes-Dataset-master\Non-Venomous\Checkered Keelback\maxresdefault_003.jpg,Checkered Keelback,Non-Venomous,DUPLICATE_REVIEW,train/Non_Venomous_Snake/maxresdefault_003.jpg,TRAIN,NO,pHash=0; dHash=0; aHash=0; aspect_delta=0.4375; pixel_corr=0.9998; SSIM=0.9991; hist_corr=0.9985; ORB_good=2; ORB_inliers=0; ORB_inlier_ratio=0.0000,contact_sheets/duplicate_review/review_0030_duplicate_review.png,,,
REVIEW_0031,C:\Users\yesam\Desktop\anviksa_ai\new_training_data\snake_images\Indian-Snakes-Dataset-master\Non-Venomous\Checkered Keelback\maxresdefault_004.jpg,Checkered Keelback,Non-Venomous,DUPLICATE_REVIEW,validation/Non_Venomous_Snake/maxresdefault_004.jpg,VALIDATION,NO,pHash=2; dHash=0; aHash=0; aspect_delta=0.4375; pixel_corr=0.9994; SSIM=0.9962; hist_corr=0.9999; ORB_good=4; ORB_inliers=4; ORB_inlier_ratio=1.0000,contact_sheets/duplicate_review/review_0031_duplicate_review.png,,,
REVIEW_0032,C:\Users\yesam\Desktop\anviksa_ai\new_training_data\snake_images\Indian-Snakes-Dataset-master\Non-Venomous\Checkered Keelback\maxresdefault_006.jpg,Checkered Keelback,Non-Venomous,FROZEN_TEST_REVIEW,test/Non_Venomous_Snake/maxresdefault_006.jpg,TEST,YES,pHash=0; dHash=0; aHash=0; aspect_delta=0.4375; pixel_corr=0.9995; SSIM=0.9968; hist_corr=0.9998; ORB_good=15; ORB_inliers=9; ORB_inlier_ratio=0.6000,contact_sheets/frozen_test_review/review_0032_frozen_test_review.png,,,
REVIEW_0033,C:\Users\yesam\Desktop\anviksa_ai\new_training_data\snake_images\Indian-Snakes-Dataset-master\Non-Venomous\Checkered Keelback\maxresdefault_009.jpg,Checkered Keelback,Non-Venomous,DUPLICATE_REVIEW,train/Non_Venomous_Snake/maxresdefault_009.jpg,TRAIN,NO,pHash=0; dHash=0; aHash=0; aspect_delta=0.4375; pixel_corr=0.9996; SSIM=0.9966; hist_corr=0.9998; ORB_good=12; ORB_inliers=11; ORB_inlier_ratio=0.9167,contact_sheets/duplicate_review/review_0033_duplicate_review.png,,,
REVIEW_0034,C:\Users\yesam\Desktop\anviksa_ai\new_training_data\snake_images\Indian-Snakes-Dataset-master\Non-Venomous\Checkered Keelback\maxresdefault_011.jpg,Checkered Keelback,Non-Venomous,DUPLICATE_REVIEW,train/Non_Venomous_Snake/maxresdefault_011.jpg,TRAIN,NO,pHash=0; dHash=0; aHash=0; aspect_delta=0.4375; pixel_corr=0.9996; SSIM=0.9970; hist_corr=0.9994; ORB_good=16; ORB_inliers=11; ORB_inlier_ratio=0.6875,contact_sheets/duplicate_review/review_0034_duplicate_review.png,,,
REVIEW_0035,C:\Users\yesam\Desktop\anviksa_ai\new_training_data\snake_images\Indian-Snakes-Dataset-master\Non-Venomous\Checkered Keelback\stock-photo-green-snake-checkered-keelback-xenochrophis-piscator-621348263.jpg,Checkered Keelback,Non-Venomous,FROZEN_TEST_REVIEW,test/Non_Venomous_Snake/stock-photo-green-snake-checkered-keelback-xenochrophis-piscator-621348263.jpg,TEST,YES,pHash=0; dHash=0; aHash=0; aspect_delta=0.4000; pixel_corr=0.9998; SSIM=0.9950; hist_corr=0.9999; ORB_good=14; ORB_inliers=11; ORB_inlier_ratio=0.7857,contact_sheets/frozen_test_review/review_0035_frozen_test_review.png,,,
REVIEW_0036,C:\Users\yesam\Desktop\anviksa_ai\new_training_data\snake_images\Indian-Snakes-Dataset-master\Non-Venomous\Checkered Keelback\yellow-spotted-keelback-11-26-10-in-payao-province-31.jpg,Checkered Keelback,Non-Venomous,FROZEN_TEST_REVIEW,test/Non_Venomous_Snake/yellow-spotted-keelback-11-26-10-in-payao-province-31.jpg,TEST,YES,pHash=0; dHash=1; aHash=0; aspect_delta=0.3356; pixel_corr=0.9989; SSIM=0.9966; hist_corr=0.9988; ORB_good=2; ORB_inliers=0; ORB_inlier_ratio=0.0000,contact_sheets/frozen_test_review/review_0036_frozen_test_review.png,,,
REVIEW_0037,C:\Users\yesam\Desktop\anviksa_ai\new_training_data\snake_images\Indian-Snakes-Dataset-master\Non-Venomous\Checkered Keelback\yellow-spotted-keelback-11-26-10-in-payao-province1.jpg,Checkered Keelback,Non-Venomous,FROZEN_TEST_REVIEW,test/Non_Venomous_Snake/yellow-spotted-keelback-11-26-10-in-payao-province1.jpg,TEST,YES,pHash=0; dHash=0; aHash=0; aspect_delta=0.3322; pixel_corr=0.9988; SSIM=0.9964; hist_corr=0.9987; ORB_good=1; ORB_inliers=0; ORB_inlier_ratio=0.0000,contact_sheets/frozen_test_review/review_0037_frozen_test_review.png,,,
REVIEW_0038,C:\Users\yesam\Desktop\anviksa_ai\new_training_data\snake_images\Indian-Snakes-Dataset-master\Non-Venomous\Checkered Keelback\yellow-spotted-keelback-3-17-11-in-ramkhamhaeng.jpg,Checkered Keelback,Non-Venomous,FROZEN_TEST_REVIEW,test/Non_Venomous_Snake/yellow-spotted-keelback-3-17-11-in-ramkhamhaeng.jpg,TEST,YES,pHash=0; dHash=0; aHash=0; aspect_delta=0.3314; pixel_corr=0.9998; SSIM=0.9967; hist_corr=0.9998; ORB_good=7; ORB_inliers=7; ORB_inlier_ratio=1.0000,contact_sheets/frozen_test_review/review_0038_frozen_test_review.png,,,
REVIEW_0039,C:\Users\yesam\Desktop\anviksa_ai\new_training_data\snake_images\Indian-Snakes-Dataset-master\Non-Venomous\Common Rat Snake\1463253_178992368962946_371907696_n.jpg,Common Rat Snake,Non-Venomous,DUPLICATE_REVIEW,train/Non_Venomous_Snake/1463253_178992368962946_371907696_n.jpg,TRAIN,NO,pHash=0; dHash=0; aHash=0; aspect_delta=0.3604; pixel_corr=0.9980; SSIM=0.9967; hist_corr=0.9988; ORB_good=11; ORB_inliers=10; ORB_inlier_ratio=0.9091,contact_sheets/duplicate_review/review_0039_duplicate_review.png,,,
REVIEW_0040,C:\Users\yesam\Desktop\anviksa_ai\new_training_data\snake_images\Indian-Snakes-Dataset-master\Non-Venomous\Common Rat Snake\16668569-Close-up-of-Indo-Chinese-Rat-snake-Thailand--Stock-Photo.jpg,Common Rat Snake,Non-Venomous,FROZEN_TEST_REVIEW,test/Non_Venomous_Snake/16668569-Close-up-of-Indo-Chinese-Rat-snake-Thailand--Stock-Photo.jpg,TEST,YES,pHash=0; dHash=0; aHash=0; aspect_delta=0.3377; pixel_corr=0.9997; SSIM=0.9974; hist_corr=0.9988; ORB_good=17; ORB_inliers=13; ORB_inlier_ratio=0.7647,contact_sheets/frozen_test_review/review_0040_frozen_test_review.png,,,
REVIEW_0041,C:\Users\yesam\Desktop\anviksa_ai\new_training_data\snake_images\Indian-Snakes-Dataset-master\Non-Venomous\Common Rat Snake\200907260821-radnor-lake-gray-rat-snake-500.jpg,Common Rat Snake,Non-Venomous,DUPLICATE_REVIEW,train/Non_Venomous_Snake/200907260821-radnor-lake-gray-rat-snake-500.jpg,TRAIN,NO,pHash=0; dHash=0; aHash=0; aspect_delta=0.4565; pixel_corr=0.9994; SSIM=0.9972; hist_corr=0.9990; ORB_good=12; ORB_inliers=9; ORB_inlier_ratio=0.7500,contact_sheets/duplicate_review/review_0041_duplicate_review.png,,,
REVIEW_0042,C:\Users\yesam\Desktop\anviksa_ai\new_training_data\snake_images\Indian-Snakes-Dataset-master\Non-Venomous\Common Rat Snake\220px-Rat_Snake.JPG,Common Rat Snake,Non-Venomous,DUPLICATE_REVIEW,validation/Non_Venomous_Snake/220px-Rat_Snake.JPG,VALIDATION,NO,pHash=2; dHash=0; aHash=1; aspect_delta=0.3318; pixel_corr=0.9989; SSIM=0.9969; hist_corr=1.0000; ORB_good=14; ORB_inliers=11; ORB_inlier_ratio=0.7857,contact_sheets/duplicate_review/review_0042_duplicate_review.png,,,
REVIEW_0043,C:\Users\yesam\Desktop\anviksa_ai\new_training_data\snake_images\Indian-Snakes-Dataset-master\Non-Venomous\Common Rat Snake\2973845429_d9d5ce06a3_b.jpg,Common Rat Snake,Non-Venomous,DUPLICATE_REVIEW,train/Non_Venomous_Snake/2973845429_d9d5ce06a3_b.jpg,TRAIN,NO,pHash=0; dHash=0; aHash=0; aspect_delta=0.4268; pixel_corr=0.9998; SSIM=0.9988; hist_corr=0.9977; ORB_good=16; ORB_inliers=15; ORB_inlier_ratio=0.9375,contact_sheets/duplicate_review/review_0043_duplicate_review.png,,,
REVIEW_0044,C:\Users\yesam\Desktop\anviksa_ai\new_training_data\snake_images\Indian-Snakes-Dataset-master\Non-Venomous\Common Rat Snake\33326151560_f9888f9e35_b.jpg,Common Rat Snake,Non-Venomous,DUPLICATE_REVIEW,train/Non_Venomous_Snake/33326151560_f9888f9e35_b.jpg,TRAIN,NO,pHash=0; dHash=0; aHash=0; aspect_delta=0.4766; pixel_corr=0.9994; SSIM=0.9984; hist_corr=0.9968; ORB_good=2; ORB_inliers=0; ORB_inlier_ratio=0.0000,contact_sheets/duplicate_review/review_0044_duplicate_review.png,,,
REVIEW_0045,C:\Users\yesam\Desktop\anviksa_ai\new_training_data\snake_images\Indian-Snakes-Dataset-master\Non-Venomous\Common Rat Snake\464685_469785913108783_1755378000_o.jpg,Common Rat Snake,Non-Venomous,FROZEN_TEST_REVIEW,test/Non_Venomous_Snake/464685_469785913108783_1755378000_o.jpg,TEST,YES,pHash=0; dHash=0; aHash=0; aspect_delta=0.4840; pixel_corr=0.9997; SSIM=0.9988; hist_corr=0.9993; ORB_good=9; ORB_inliers=5; ORB_inlier_ratio=0.5556,contact_sheets/frozen_test_review/review_0045_frozen_test_review.png,,,
REVIEW_0046,C:\Users\yesam\Desktop\anviksa_ai\new_training_data\snake_images\Indian-Snakes-Dataset-master\Non-Venomous\Common Rat Snake\blackratsnake2.jpg,Common Rat Snake,Non-Venomous,DUPLICATE_REVIEW,train/Non_Venomous_Snake/blackratsnake2.jpg,TRAIN,NO,pHash=0; dHash=0; aHash=1; aspect_delta=0.7596; pixel_corr=0.9987; SSIM=0.9964; hist_corr=0.9991; ORB_good=3; ORB_inliers=0; ORB_inlier_ratio=0.0000,contact_sheets/duplicate_review/review_0046_duplicate_review.png,,,
REVIEW_0047,C:\Users\yesam\Desktop\anviksa_ai\new_training_data\snake_images\Indian-Snakes-Dataset-master\Non-Venomous\Common Rat Snake\DSC00806.JPG,Common Rat Snake,Non-Venomous,DUPLICATE_REVIEW,validation/Non_Venomous_Snake/DSC00806.JPG,VALIDATION,NO,pHash=0; dHash=0; aHash=0; aspect_delta=0.4300; pixel_corr=0.9986; SSIM=0.9961; hist_corr=0.9998; ORB_good=13; ORB_inliers=11; ORB_inlier_ratio=0.8462,contact_sheets/duplicate_review/review_0047_duplicate_review.png,,,
REVIEW_0048,C:\Users\yesam\Desktop\anviksa_ai\new_training_data\snake_images\Indian-Snakes-Dataset-master\Non-Venomous\Common Rat Snake\eastern-rat-snake-large.jpg,Common Rat Snake,Non-Venomous,DUPLICATE_REVIEW,train/Non_Venomous_Snake/eastern-rat-snake-large.jpg,TRAIN,NO,pHash=0; dHash=0; aHash=0; aspect_delta=0.4117; pixel_corr=0.9998; SSIM=0.9983; hist_corr=0.9988; ORB_good=15; ORB_inliers=12; ORB_inlier_ratio=0.8000,contact_sheets/duplicate_review/review_0048_duplicate_review.png,,,
REVIEW_0049,C:\Users\yesam\Desktop\anviksa_ai\new_training_data\snake_images\Indian-Snakes-Dataset-master\Non-Venomous\Common Rat Snake\eastern-ratsnake-striped01.jpg,Common Rat Snake,Non-Venomous,DUPLICATE_REVIEW,train/Non_Venomous_Snake/eastern-ratsnake-striped01.jpg,TRAIN,NO,pHash=2; dHash=0; aHash=0; aspect_delta=0.3340; pixel_corr=0.9942; SSIM=0.9927; hist_corr=0.9965; ORB_good=14; ORB_inliers=14; ORB_inlier_ratio=1.0000,contact_sheets/duplicate_review/review_0049_duplicate_review.png,,,
REVIEW_0050,C:\Users\yesam\Desktop\anviksa_ai\new_training_data\snake_images\Indian-Snakes-Dataset-master\Non-Venomous\Common Rat Snake\easternratsnake2.jpg,Common Rat Snake,Non-Venomous,DUPLICATE_REVIEW,validation/Non_Venomous_Snake/easternratsnake2.jpg,VALIDATION,NO,pHash=0; dHash=0; aHash=0; aspect_delta=0.3358; pixel_corr=0.9998; SSIM=0.9945; hist_corr=0.9970; ORB_good=1; ORB_inliers=0; ORB_inlier_ratio=0.0000,contact_sheets/duplicate_review/review_0050_duplicate_review.png,,,
REVIEW_0051,C:\Users\yesam\Desktop\anviksa_ai\new_training_data\snake_images\Indian-Snakes-Dataset-master\Non-Venomous\Common Rat Snake\greatplainsratsnake.jpg,Common Rat Snake,Non-Venomous,DUPLICATE_REVIEW,train/Non_Venomous_Snake/greatplainsratsnake.jpg,TRAIN,NO,pHash=0; dHash=0; aHash=0; aspect_delta=0.4067; pixel_corr=0.9996; SSIM=0.9984; hist_corr=0.9990; ORB_good=18; ORB_inliers=16; ORB_inlier_ratio=0.8889,contact_sheets/duplicate_review/review_0051_duplicate_review.png,,,
REVIEW_0052,C:\Users\yesam\Desktop\anviksa_ai\new_training_data\snake_images\Indian-Snakes-Dataset-master\Non-Venomous\Common Rat Snake\indochinese-rat-snake-grey.jpg,Common Rat Snake,Non-Venomous,DUPLICATE_REVIEW,train/Non_Venomous_Snake/indochinese-rat-snake-grey.jpg,TRAIN,NO,pHash=0; dHash=0; aHash=0; aspect_delta=0.5759; pixel_corr=0.9998; SSIM=0.9971; hist_corr=0.9997; ORB_good=14; ORB_inliers=7; ORB_inlier_ratio=0.5000,contact_sheets/duplicate_review/review_0052_duplicate_review.png,,,
REVIEW_0053,C:\Users\yesam\Desktop\anviksa_ai\new_training_data\snake_images\Indian-Snakes-Dataset-master\Non-Venomous\Common Rat Snake\indochinese-rat-snake-grey2.jpg,Common Rat Snake,Non-Venomous,DUPLICATE_REVIEW,train/Non_Venomous_Snake/indochinese-rat-snake-grey2.jpg,TRAIN,NO,pHash=0; dHash=0; aHash=0; aspect_delta=0.7333; pixel_corr=0.9997; SSIM=0.9967; hist_corr=0.9993; ORB_good=1; ORB_inliers=0; ORB_inlier_ratio=0.0000,contact_sheets/duplicate_review/review_0053_duplicate_review.png,,,
REVIEW_0054,C:\Users\yesam\Desktop\anviksa_ai\new_training_data\snake_images\Indian-Snakes-Dataset-master\Non-Venomous\Common Rat Snake\maxresdefault.jpg,Common Rat Snake,Non-Venomous,DUPLICATE_REVIEW,validation/Non_Venomous_Snake/maxresdefault.jpg,VALIDATION,NO,pHash=0; dHash=0; aHash=0; aspect_delta=0.4375; pixel_corr=0.9997; SSIM=0.9979; hist_corr=0.9996; ORB_good=17; ORB_inliers=12; ORB_inlier_ratio=0.7059,contact_sheets/duplicate_review/review_0054_duplicate_review.png,,,
REVIEW_0055,C:\Users\yesam\Desktop\anviksa_ai\new_training_data\snake_images\Indian-Snakes-Dataset-master\Non-Venomous\Common Rat Snake\maxresdefault_001.jpg,Common Rat Snake,Non-Venomous,DUPLICATE_REVIEW,train/Non_Venomous_Snake/maxresdefault_001.jpg,TRAIN,NO,pHash=0; dHash=0; aHash=0; aspect_delta=0.4375; pixel_corr=0.9998; SSIM=0.9974; hist_corr=0.9999; ORB_good=2; ORB_inliers=0; ORB_inlier_ratio=0.0000,contact_sheets/duplicate_review/review_0055_duplicate_review.png,,,
REVIEW_0056,C:\Users\yesam\Desktop\anviksa_ai\new_training_data\snake_images\Indian-Snakes-Dataset-master\Non-Venomous\Common Rat Snake\ptyas-carinatus-keeled-rat-snake9.jpg,Common Rat Snake,Non-Venomous,DUPLICATE_REVIEW,train/Non_Venomous_Snake/ptyas-carinatus-keeled-rat-snake9.jpg,TRAIN,NO,pHash=0; dHash=0; aHash=0; aspect_delta=0.4836; pixel_corr=0.9996; SSIM=0.9980; hist_corr=0.9994; ORB_good=7; ORB_inliers=4; ORB_inlier_ratio=0.5714,contact_sheets/duplicate_review/review_0056_duplicate_review.png,,,
REVIEW_0057,C:\Users\yesam\Desktop\anviksa_ai\new_training_data\snake_images\Indian-Snakes-Dataset-master\Non-Venomous\Common Rat Snake\Ptyas-korros-Krabi.jpg,Common Rat Snake,Non-Venomous,DUPLICATE_REVIEW,train/Non_Venomous_Snake/Ptyas-korros-Krabi.jpg,TRAIN,NO,pHash=0; dHash=0; aHash=0; aspect_delta=0.6458; pixel_corr=0.9988; SSIM=0.9971; hist_corr=0.9993; ORB_good=0; ORB_inliers=0; ORB_inlier_ratio=0.0000,contact_sheets/duplicate_review/review_0057_duplicate_review.png,,,
REVIEW_0058,C:\Users\yesam\Desktop\anviksa_ai\new_training_data\snake_images\Indian-Snakes-Dataset-master\Non-Venomous\Common Rat Snake\Pytas-mucosus-Bob-Burgess-permissioned.jpg,Common Rat Snake,Non-Venomous,DUPLICATE_REVIEW,validation/Non_Venomous_Snake/Pytas-mucosus-Bob-Burgess-permissioned.jpg,VALIDATION,NO,pHash=0; dHash=1; aHash=0; aspect_delta=0.6200; pixel_corr=0.9995; SSIM=0.9957; hist_corr=0.9978; ORB_good=0; ORB_inliers=0; ORB_inlier_ratio=0.0000,contact_sheets/duplicate_review/review_0058_duplicate_review.png,,,
REVIEW_0059,C:\Users\yesam\Desktop\anviksa_ai\new_training_data\snake_images\Indian-Snakes-Dataset-master\Non-Venomous\Common Sand Boa\1200px-Eryx_jaculus.jpg,Common Sand Boa,Non-Venomous,FROZEN_TEST_REVIEW,test/Non_Venomous_Snake/1200px-Eryx_jaculus.jpg,TEST,YES,pHash=0; dHash=0; aHash=0; aspect_delta=0.3433; pixel_corr=0.9996; SSIM=0.9985; hist_corr=0.9986; ORB_good=18; ORB_inliers=18; ORB_inlier_ratio=1.0000,contact_sheets/frozen_test_review/review_0059_frozen_test_review.png,,,
REVIEW_0060,C:\Users\yesam\Desktop\anviksa_ai\new_training_data\snake_images\Indian-Snakes-Dataset-master\Non-Venomous\Common Sand Boa\20141005_190516.jpg,Common Sand Boa,Non-Venomous,DUPLICATE_REVIEW,train/Non_Venomous_Snake/20141005_190516.jpg,TRAIN,NO,pHash=0; dHash=0; aHash=0; aspect_delta=0.2500; pixel_corr=0.9999; SSIM=0.9978; hist_corr=1.0000; ORB_good=0; ORB_inliers=0; ORB_inlier_ratio=0.0000,contact_sheets/duplicate_review/review_0060_duplicate_review.png,,,
REVIEW_0061,C:\Users\yesam\Desktop\anviksa_ai\new_training_data\snake_images\Indian-Snakes-Dataset-master\Non-Venomous\Common Sand Boa\econf.jpg,Common Sand Boa,Non-Venomous,DUPLICATE_REVIEW,train/Non_Venomous_Snake/econf.jpg,TRAIN,NO,pHash=0; dHash=0; aHash=0; aspect_delta=0.4655; pixel_corr=0.9996; SSIM=0.9967; hist_corr=0.9999; ORB_good=13; ORB_inliers=8; ORB_inlier_ratio=0.6154,contact_sheets/duplicate_review/review_0061_duplicate_review.png,,,
REVIEW_0062,C:\Users\yesam\Desktop\anviksa_ai\new_training_data\snake_images\Indian-Snakes-Dataset-master\Non-Venomous\Common Sand Boa\emm_m1.jpg,Common Sand Boa,Non-Venomous,DUPLICATE_REVIEW,train/Non_Venomous_Snake/emm_m1.jpg,TRAIN,NO,pHash=0; dHash=0; aHash=0; aspect_delta=0.4947; pixel_corr=0.9998; SSIM=0.9953; hist_corr=1.0000; ORB_good=7; ORB_inliers=6; ORB_inlier_ratio=0.8571,contact_sheets/duplicate_review/review_0062_duplicate_review.png,,,
REVIEW_0063,C:\Users\yesam\Desktop\anviksa_ai\new_training_data\snake_images\Indian-Snakes-Dataset-master\Non-Venomous\Common Sand Boa\img_4608.jpg,Common Sand Boa,Non-Venomous,DUPLICATE_REVIEW,train/Non_Venomous_Snake/36.jpg,TRAIN,NO,pHash=2; dHash=2; aHash=0; aspect_delta=0.2500; pixel_corr=0.9994; SSIM=0.9869; hist_corr=0.9966; ORB_good=19; ORB_inliers=18; ORB_inlier_ratio=0.9474,contact_sheets/duplicate_review/review_0063_duplicate_review.png,,,
REVIEW_0064,C:\Users\yesam\Desktop\anviksa_ai\new_training_data\snake_images\Indian-Snakes-Dataset-master\Non-Venomous\Common Sand Boa\kenyan-sand-boa.jpg,Common Sand Boa,Non-Venomous,DUPLICATE_REVIEW,train/Non_Venomous_Snake/kenyan-sand-boa.jpg,TRAIN,NO,pHash=2; dHash=0; aHash=0; aspect_delta=0.4440; pixel_corr=0.9998; SSIM=0.9976; hist_corr=0.9997; ORB_good=9; ORB_inliers=6; ORB_inlier_ratio=0.6667,contact_sheets/duplicate_review/review_0064_duplicate_review.png,,,
REVIEW_0065,C:\Users\yesam\Desktop\anviksa_ai\new_training_data\snake_images\Indian-Snakes-Dataset-master\Non-Venomous\Common Sand Boa\Photo-0187.jpg,Common Sand Boa,Non-Venomous,DUPLICATE_REVIEW,train/Non_Venomous_Snake/Photo-0187.jpg,TRAIN,NO,pHash=0; dHash=0; aHash=0; aspect_delta=0.4686; pixel_corr=0.9994; SSIM=0.9972; hist_corr=1.0000; ORB_good=18; ORB_inliers=9; ORB_inlier_ratio=0.5000,contact_sheets/duplicate_review/review_0065_duplicate_review.png,,,
REVIEW_0066,C:\Users\yesam\Desktop\anviksa_ai\new_training_data\snake_images\Indian-Snakes-Dataset-master\Non-Venomous\Common Trinket\15021341824_55f46f452d_m.jpg,Common Trinket,Non-Venomous,DUPLICATE_REVIEW,train/Non_Venomous_Snake/15021341824_55f46f452d_m.jpg,TRAIN,NO,pHash=2; dHash=0; aHash=0; aspect_delta=0.3958; pixel_corr=0.9994; SSIM=0.9974; hist_corr=0.9999; ORB_good=10; ORB_inliers=8; ORB_inlier_ratio=0.8000,contact_sheets/duplicate_review/review_0066_duplicate_review.png,,,
REVIEW_0067,C:\Users\yesam\Desktop\anviksa_ai\new_training_data\snake_images\Indian-Snakes-Dataset-master\Non-Venomous\Common Trinket\habaraliya.jpg,Common Trinket,Non-Venomous,DUPLICATE_REVIEW,train/Non_Venomous_Snake/habaraliya.jpg,TRAIN,NO,pHash=0; dHash=0; aHash=0; aspect_delta=0.3600; pixel_corr=0.9998; SSIM=0.9988; hist_corr=0.9988; ORB_good=12; ORB_inliers=10; ORB_inlier_ratio=0.8333,contact_sheets/duplicate_review/review_0067_duplicate_review.png,,,
REVIEW_0068,C:\Users\yesam\Desktop\anviksa_ai\new_training_data\snake_images\Indian-Snakes-Dataset-master\Non-Venomous\Green Tree Vine\dbc07269d811693c59231e23ed0e404d.jpg,Green Tree Vine,Non-Venomous,DUPLICATE_REVIEW,train/Non_Venomous_Snake/dbc07269d811693c59231e23ed0e404d.jpg,TRAIN,NO,pHash=0; dHash=0; aHash=0; aspect_delta=0.5101; pixel_corr=0.9999; SSIM=0.9968; hist_corr=0.9995; ORB_good=12; ORB_inliers=12; ORB_inlier_ratio=1.0000,contact_sheets/duplicate_review/review_0068_duplicate_review.png,,,
REVIEW_0069,C:\Users\yesam\Desktop\anviksa_ai\new_training_data\snake_images\Indian-Snakes-Dataset-master\Non-Venomous\Indian Rock Python\1024px-Heller_Tigerpython_Python_molurus_molurus.jpg,Indian Rock Python,Non-Venomous,FROZEN_TEST_REVIEW,test/Non_Venomous_Snake/1024px-Heller_Tigerpython_Python_molurus_molurus.jpg,TEST,YES,pHash=0; dHash=0; aHash=0; aspect_delta=0.3613; pixel_corr=0.9997; SSIM=0.9963; hist_corr=0.9979; ORB_good=15; ORB_inliers=13; ORB_inlier_ratio=0.8667,contact_sheets/frozen_test_review/review_0069_frozen_test_review.png,,,
REVIEW_0070,C:\Users\yesam\Desktop\anviksa_ai\new_training_data\snake_images\Indian-Snakes-Dataset-master\Non-Venomous\Indian Rock Python\1753.jpeg,Indian Rock Python,Non-Venomous,DUPLICATE_REVIEW,train/Non_Venomous_Snake/1753.jpg,TRAIN,NO,pHash=6; dHash=5; aHash=12; aspect_delta=0.3547; pixel_corr=0.6250; SSIM=0.4290; hist_corr=0.9853; ORB_good=40; ORB_inliers=36; ORB_inlier_ratio=0.9000,contact_sheets/duplicate_review/review_0070_duplicate_review.png,,,
REVIEW_0071,C:\Users\yesam\Desktop\anviksa_ai\new_training_data\snake_images\Indian-Snakes-Dataset-master\Non-Venomous\Indian Rock Python\6O4A4956.jpg,Indian Rock Python,Non-Venomous,DUPLICATE_REVIEW,train/Non_Venomous_Snake/6O4A4956.jpg,TRAIN,NO,pHash=0; dHash=1; aHash=0; aspect_delta=0.3334; pixel_corr=0.9988; SSIM=0.9960; hist_corr=0.9993; ORB_good=0; ORB_inliers=0; ORB_inlier_ratio=0.0000,contact_sheets/duplicate_review/review_0071_duplicate_review.png,,,
REVIEW_0072,C:\Users\yesam\Desktop\anviksa_ai\new_training_data\snake_images\Indian-Snakes-Dataset-master\Non-Venomous\Indian Rock Python\6O4A7830.jpg,Indian Rock Python,Non-Venomous,FROZEN_TEST_REVIEW,test/Non_Venomous_Snake/6O4A7830.jpg,TEST,YES,pHash=2; dHash=0; aHash=0; aspect_delta=0.3334; pixel_corr=0.9997; SSIM=0.9969; hist_corr=0.9999; ORB_good=1; ORB_inliers=0; ORB_inlier_ratio=0.0000,contact_sheets/frozen_test_review/review_0072_frozen_test_review.png,,,
REVIEW_0073,C:\Users\yesam\Desktop\anviksa_ai\new_training_data\snake_images\Indian-Snakes-Dataset-master\Non-Venomous\Indian Rock Python\6O4A7844.jpg,Indian Rock Python,Non-Venomous,FROZEN_TEST_REVIEW,test/Non_Venomous_Snake/6O4A7844.jpg,TEST,YES,pHash=0; dHash=1; aHash=0; aspect_delta=0.3333; pixel_corr=0.9994; SSIM=0.9983; hist_corr=0.9994; ORB_good=1; ORB_inliers=0; ORB_inlier_ratio=0.0000,contact_sheets/frozen_test_review/review_0073_frozen_test_review.png,,,
REVIEW_0074,C:\Users\yesam\Desktop\anviksa_ai\new_training_data\snake_images\Indian-Snakes-Dataset-master\Non-Venomous\Indian Rock Python\6O4A7885.jpg,Indian Rock Python,Non-Venomous,DUPLICATE_REVIEW,train/Non_Venomous_Snake/6O4A7885.jpg,TRAIN,NO,pHash=0; dHash=0; aHash=0; aspect_delta=0.3333; pixel_corr=0.9995; SSIM=0.9972; hist_corr=0.9999; ORB_good=1; ORB_inliers=0; ORB_inlier_ratio=0.0000,contact_sheets/duplicate_review/review_0074_duplicate_review.png,,,
REVIEW_0075,C:\Users\yesam\Desktop\anviksa_ai\new_training_data\snake_images\Indian-Snakes-Dataset-master\Non-Venomous\Indian Rock Python\afe2.jpg,Indian Rock Python,Non-Venomous,DUPLICATE_REVIEW,train/Non_Venomous_Snake/afe2.jpg,TRAIN,NO,pHash=0; dHash=0; aHash=0; aspect_delta=0.5737; pixel_corr=0.9998; SSIM=0.9984; hist_corr=0.9994; ORB_good=3; ORB_inliers=0; ORB_inlier_ratio=0.0000,contact_sheets/duplicate_review/review_0075_duplicate_review.png,,,
REVIEW_0076,C:\Users\yesam\Desktop\anviksa_ai\new_training_data\snake_images\Indian-Snakes-Dataset-master\Non-Venomous\Indian Rock Python\Brown_Streaks_seen_from_Lateral_View_of_Head_of_Indian_Rock_Python_(_P_molurus).JPG,Indian Rock Python,Non-Venomous,DUPLICATE_REVIEW,train/Non_Venomous_Snake/Brown_Streaks_seen_from_Lateral_View_of_Head_of_Indian_Rock_Python_(_P_molurus).JPG,TRAIN,NO,pHash=0; dHash=1; aHash=0; aspect_delta=0.2500; pixel_corr=0.9999; SSIM=0.9964; hist_corr=0.9996; ORB_good=2; ORB_inliers=0; ORB_inlier_ratio=0.0000,contact_sheets/duplicate_review/review_0076_duplicate_review.png,,,
REVIEW_0077,C:\Users\yesam\Desktop\anviksa_ai\new_training_data\snake_images\Indian-Snakes-Dataset-master\Non-Venomous\Indian Rock Python\dc-Cover-bh58nkvuepsd83sgu14h9ieqn5-20160609032640.Medi.jpeg,Indian Rock Python,Non-Venomous,DUPLICATE_REVIEW,train/Non_Venomous_Snake/dc-Cover-bh58nkvuepsd83sgu14h9ieqn5-20160609032640.Medi.jpg,TRAIN,NO,pHash=0; dHash=0; aHash=0; aspect_delta=0.4400; pixel_corr=0.9920; SSIM=0.9403; hist_corr=0.9994; ORB_good=16; ORB_inliers=12; ORB_inlier_ratio=0.7500,contact_sheets/duplicate_review/review_0077_duplicate_review.png,,,
REVIEW_0078,C:\Users\yesam\Desktop\anviksa_ai\new_training_data\snake_images\Indian-Snakes-Dataset-master\Non-Venomous\Indian Rock Python\Indian rock python imprisoned in Gujarat after it swallows blue bull.jpg,Indian Rock Python,Non-Venomous,DUPLICATE_REVIEW,train/Non_Venomous_Snake/Indian rock python imprisoned in Gujarat after it swallows blue bull.jpg,TRAIN,NO,pHash=0; dHash=0; aHash=0; aspect_delta=0.4633; pixel_corr=0.9996; SSIM=0.9975; hist_corr=0.9999; ORB_good=13; ORB_inliers=10; ORB_inlier_ratio=0.7692,contact_sheets/duplicate_review/review_0078_duplicate_review.png,,,
REVIEW_0079,C:\Users\yesam\Desktop\anviksa_ai\new_training_data\snake_images\Indian-Snakes-Dataset-master\Non-Venomous\Indian Rock Python\Indian-Rock-Python-Langur-kill-4.jpg,Indian Rock Python,Non-Venomous,DUPLICATE_REVIEW,train/Non_Venomous_Snake/Indian-Rock-Python-Langur-kill-4.jpg,TRAIN,NO,pHash=0; dHash=0; aHash=0; aspect_delta=0.3330; pixel_corr=0.9989; SSIM=0.9966; hist_corr=0.9961; ORB_good=19; ORB_inliers=19; ORB_inlier_ratio=1.0000,contact_sheets/duplicate_review/review_0079_duplicate_review.png,,,
REVIEW_0080,C:\Users\yesam\Desktop\anviksa_ai\new_training_data\snake_images\Indian-Snakes-Dataset-master\Non-Venomous\Indian Rock Python\indian-rock-python-with-a-full-belly-in-a-stream-in-ranthambhore-tiger-D2H4CR.jpg,Indian Rock Python,Non-Venomous,DUPLICATE_REVIEW,train/Non_Venomous_Snake/indian-rock-python-with-a-full-belly-in-a-stream-in-ranthambhore-tiger-D2H4CR.jpg,TRAIN,NO,pHash=0; dHash=0; aHash=0; aspect_delta=0.3777; pixel_corr=0.9992; SSIM=0.9953; hist_corr=0.9985; ORB_good=11; ORB_inliers=8; ORB_inlier_ratio=0.7273,contact_sheets/duplicate_review/review_0080_duplicate_review.png,,,
REVIEW_0081,C:\Users\yesam\Desktop\anviksa_ai\new_training_data\snake_images\Indian-Snakes-Dataset-master\Non-Venomous\Indian Rock Python\Indian-Rock-Python_001.jpg,Indian Rock Python,Non-Venomous,DUPLICATE_REVIEW,validation/Non_Venomous_Snake/Indian-Rock-Python_001.jpg,VALIDATION,NO,pHash=0; dHash=0; aHash=0; aspect_delta=0.5161; pixel_corr=0.9994; SSIM=0.9983; hist_corr=0.9990; ORB_good=4; ORB_inliers=4; ORB_inlier_ratio=1.0000,contact_sheets/duplicate_review/review_0081_duplicate_review.png,,,
REVIEW_0082,C:\Users\yesam\Desktop\anviksa_ai\new_training_data\snake_images\Indian-Snakes-Dataset-master\Non-Venomous\Indian Rock Python\Indian_rock_python.jpg,Indian Rock Python,Non-Venomous,DUPLICATE_REVIEW,validation/Non_Venomous_Snake/Indian_rock_python.jpg,VALIDATION,NO,pHash=0; dHash=0; aHash=0; aspect_delta=0.3333; pixel_corr=0.9993; SSIM=0.9949; hist_corr=0.9998; ORB_good=1; ORB_inliers=0; ORB_inlier_ratio=0.0000,contact_sheets/duplicate_review/review_0082_duplicate_review.png,,,
REVIEW_0083,C:\Users\yesam\Desktop\anviksa_ai\new_training_data\snake_images\Indian-Snakes-Dataset-master\Non-Venomous\Indian Rock Python\Indian_Rock_Python_(_P_molurus)_rolled_up_into_a_ball.JPG,Indian Rock Python,Non-Venomous,DUPLICATE_REVIEW,train/Non_Venomous_Snake/Indian_Rock_Python_(_P_molurus)_rolled_up_into_a_ball.JPG,TRAIN,NO,pHash=0; dHash=0; aHash=0; aspect_delta=0.2500; pixel_corr=0.9998; SSIM=0.9980; hist_corr=0.9982; ORB_good=3; ORB_inliers=0; ORB_inlier_ratio=0.0000,contact_sheets/duplicate_review/review_0083_duplicate_review.png,,,
REVIEW_0084,C:\Users\yesam\Desktop\anviksa_ai\new_training_data\snake_images\Indian-Snakes-Dataset-master\Non-Venomous\Indian Rock Python\Indian_rock_python_(Python_molurus)_at_mysore_zoo.jpg,Indian Rock Python,Non-Venomous,DUPLICATE_REVIEW,validation/Non_Venomous_Snake/Indian_rock_python_(Python_molurus)_at_mysore_zoo.jpg,VALIDATION,NO,pHash=0; dHash=1; aHash=0; aspect_delta=0.5176; pixel_corr=0.9994; SSIM=0.9977; hist_corr=0.9992; ORB_good=9; ORB_inliers=6; ORB_inlier_ratio=0.6667,contact_sheets/duplicate_review/review_0084_duplicate_review.png,,,
REVIEW_0085,C:\Users\yesam\Desktop\anviksa_ai\new_training_data\snake_images\Indian-Snakes-Dataset-master\Non-Venomous\Indian Rock Python\Indian_rock_python_from_Nehru_Zoological_park_Hyderabad_4428.JPG,Indian Rock Python,Non-Venomous,DUPLICATE_REVIEW,train/Non_Venomous_Snake/Indian_rock_python_from_Nehru_Zoological_park_Hyderabad_4428.JPG,TRAIN,NO,pHash=0; dHash=0; aHash=0; aspect_delta=0.4444; pixel_corr=0.9997; SSIM=0.9967; hist_corr=0.9989; ORB_good=6; ORB_inliers=4; ORB_inlier_ratio=0.6667,contact_sheets/duplicate_review/review_0085_duplicate_review.png,,,
REVIEW_0086,C:\Users\yesam\Desktop\anviksa_ai\new_training_data\snake_images\Indian-Snakes-Dataset-master\Non-Venomous\Indian Rock Python\Indian_rock_python_from_Nehru_Zoological_park_Hyderabad_4430.JPG,Indian Rock Python,Non-Venomous,DUPLICATE_REVIEW,train/Non_Venomous_Snake/Indian_rock_python_from_Nehru_Zoological_park_Hyderabad_4430.JPG,TRAIN,NO,pHash=0; dHash=0; aHash=0; aspect_delta=0.4444; pixel_corr=0.9998; SSIM=0.9957; hist_corr=0.9996; ORB_good=8; ORB_inliers=4; ORB_inlier_ratio=0.5000,contact_sheets/duplicate_review/review_0086_duplicate_review.png,,,
REVIEW_0087,C:\Users\yesam\Desktop\anviksa_ai\new_training_data\snake_images\Indian-Snakes-Dataset-master\Non-Venomous\Indian Rock Python\Indian_rock_python_pratik_dahod.JPG,Indian Rock Python,Non-Venomous,DUPLICATE_REVIEW,train/Non_Venomous_Snake/Indian_rock_python_pratik_dahod.JPG,TRAIN,NO,pHash=0; dHash=0; aHash=0; aspect_delta=0.3345; pixel_corr=0.9997; SSIM=0.9978; hist_corr=0.9989; ORB_good=9; ORB_inliers=6; ORB_inlier_ratio=0.6667,contact_sheets/duplicate_review/review_0087_duplicate_review.png,,,
REVIEW_0088,C:\Users\yesam\Desktop\anviksa_ai\new_training_data\snake_images\Indian-Snakes-Dataset-master\Non-Venomous\Indian Rock Python\Juvenile_Indian_Rock_Python_(_P_molurus)_in_a_pensive_moment.JPG,Indian Rock Python,Non-Venomous,DUPLICATE_REVIEW,train/Non_Venomous_Snake/Juvenile_Indian_Rock_Python_(_P_molurus)_in_a_pensive_moment.JPG,TRAIN,NO,pHash=0; dHash=0; aHash=0; aspect_delta=0.2500; pixel_corr=0.9999; SSIM=0.9977; hist_corr=0.9997; ORB_good=3; ORB_inliers=0; ORB_inlier_ratio=0.0000,contact_sheets/duplicate_review/review_0088_duplicate_review.png,,,
REVIEW_0089,C:\Users\yesam\Desktop\anviksa_ai\new_training_data\snake_images\Indian-Snakes-Dataset-master\Non-Venomous\Indian Rock Python\Juvenilke_Indian_Rock_Python_(_P_molurus)_in_my_palm.JPG,Indian Rock Python,Non-Venomous,DUPLICATE_REVIEW,train/Non_Venomous_Snake/Juvenilke_Indian_Rock_Python_(_P_molurus)_in_my_palm.JPG,TRAIN,NO,pHash=0; dHash=0; aHash=0; aspect_delta=0.2500; pixel_corr=0.9997; SSIM=0.9977; hist_corr=0.9966; ORB_good=1; ORB_inliers=0; ORB_inlier_ratio=0.0000,contact_sheets/duplicate_review/review_0089_duplicate_review.png,,,
REVIEW_0090,C:\Users\yesam\Desktop\anviksa_ai\new_training_data\snake_images\Indian-Snakes-Dataset-master\Non-Venomous\Indian Rock Python\maxresdefault.jpg,Indian Rock Python,Non-Venomous,DUPLICATE_REVIEW,validation/Non_Venomous_Snake/maxresdefault (3).jpg,VALIDATION,NO,pHash=0; dHash=0; aHash=0; aspect_delta=0.4375; pixel_corr=0.9998; SSIM=0.9985; hist_corr=0.9996; ORB_good=11; ORB_inliers=9; ORB_inlier_ratio=0.8182,contact_sheets/duplicate_review/review_0090_duplicate_review.png,,,
REVIEW_0091,C:\Users\yesam\Desktop\anviksa_ai\new_training_data\snake_images\Indian-Snakes-Dataset-master\Non-Venomous\Indian Rock Python\maxresdefault_001.jpg,Indian Rock Python,Non-Venomous,DUPLICATE_REVIEW,train/Non_Venomous_Snake/maxresdefault_001 (2).jpg,TRAIN,NO,pHash=0; dHash=0; aHash=0; aspect_delta=0.4375; pixel_corr=0.9995; SSIM=0.9971; hist_corr=0.9999; ORB_good=9; ORB_inliers=9; ORB_inlier_ratio=1.0000,contact_sheets/duplicate_review/review_0091_duplicate_review.png,,,
REVIEW_0092,C:\Users\yesam\Desktop\anviksa_ai\new_training_data\snake_images\Indian-Snakes-Dataset-master\Non-Venomous\Indian Rock Python\maxresdefault_002.jpg,Indian Rock Python,Non-Venomous,DUPLICATE_REVIEW,train/Non_Venomous_Snake/maxresdefault_002.jpg,TRAIN,NO,pHash=0; dHash=0; aHash=0; aspect_delta=0.4375; pixel_corr=0.9998; SSIM=0.9976; hist_corr=0.9994; ORB_good=4; ORB_inliers=4; ORB_inlier_ratio=1.0000,contact_sheets/duplicate_review/review_0092_duplicate_review.png,,,
REVIEW_0093,C:\Users\yesam\Desktop\anviksa_ai\new_training_data\snake_images\Indian-Snakes-Dataset-master\Non-Venomous\Indian Rock Python\maxresdefault_003.jpg,Indian Rock Python,Non-Venomous,DUPLICATE_REVIEW,train/Non_Venomous_Snake/maxresdefault_003 (2).jpg,TRAIN,NO,pHash=0; dHash=0; aHash=0; aspect_delta=0.4375; pixel_corr=0.9993; SSIM=0.9980; hist_corr=0.9979; ORB_good=7; ORB_inliers=7; ORB_inlier_ratio=1.0000,contact_sheets/duplicate_review/review_0093_duplicate_review.png,,,
REVIEW_0094,C:\Users\yesam\Desktop\anviksa_ai\new_training_data\snake_images\Indian-Snakes-Dataset-master\Non-Venomous\Indian Rock Python\maxresdefault_004.jpg,Indian Rock Python,Non-Venomous,DUPLICATE_REVIEW,train/Non_Venomous_Snake/maxresdefault_004 (2).jpg,TRAIN,NO,pHash=0; dHash=0; aHash=1; aspect_delta=0.6085; pixel_corr=0.9995; SSIM=0.9986; hist_corr=0.9993; ORB_good=2; ORB_inliers=0; ORB_inlier_ratio=0.0000,contact_sheets/duplicate_review/review_0094_duplicate_review.png,,,
REVIEW_0095,C:\Users\yesam\Desktop\anviksa_ai\new_training_data\snake_images\Indian-Snakes-Dataset-master\Non-Venomous\Indian Rock Python\maxresdefault_006.jpg,Indian Rock Python,Non-Venomous,DUPLICATE_REVIEW,train/Non_Venomous_Snake/maxresdefault_006.jpg,TRAIN,NO,pHash=0; dHash=0; aHash=0; aspect_delta=0.4375; pixel_corr=0.9997; SSIM=0.9983; hist_corr=0.9996; ORB_good=9; ORB_inliers=8; ORB_inlier_ratio=0.8889,contact_sheets/duplicate_review/review_0095_duplicate_review.png,,,
REVIEW_0096,C:\Users\yesam\Desktop\anviksa_ai\new_training_data\snake_images\Indian-Snakes-Dataset-master\Non-Venomous\Indian Rock Python\maxresdefault_007.jpg,Indian Rock Python,Non-Venomous,DUPLICATE_REVIEW,train/Non_Venomous_Snake/maxresdefault_007.jpg,TRAIN,NO,pHash=0; dHash=0; aHash=0; aspect_delta=0.4375; pixel_corr=0.9996; SSIM=0.9972; hist_corr=0.9997; ORB_good=15; ORB_inliers=12; ORB_inlier_ratio=0.8000,contact_sheets/duplicate_review/review_0096_duplicate_review.png,,,
REVIEW_0097,C:\Users\yesam\Desktop\anviksa_ai\new_training_data\snake_images\Indian-Snakes-Dataset-master\Non-Venomous\Indian Rock Python\maxresdefault_008.jpg,Indian Rock Python,Non-Venomous,DUPLICATE_REVIEW,train/Non_Venomous_Snake/maxresdefault_008.jpg,TRAIN,NO,pHash=0; dHash=0; aHash=0; aspect_delta=0.4375; pixel_corr=0.9998; SSIM=0.9989; hist_corr=0.9999; ORB_good=12; ORB_inliers=8; ORB_inlier_ratio=0.6667,contact_sheets/duplicate_review/review_0097_duplicate_review.png,,,
REVIEW_0098,C:\Users\yesam\Desktop\anviksa_ai\new_training_data\snake_images\Indian-Snakes-Dataset-master\Non-Venomous\Indian Rock Python\maxresdefault_010.jpg,Indian Rock Python,Non-Venomous,DUPLICATE_REVIEW,validation/Non_Venomous_Snake/maxresdefault_010.jpg,VALIDATION,NO,pHash=0; dHash=0; aHash=0; aspect_delta=0.4375; pixel_corr=0.9999; SSIM=0.9969; hist_corr=0.9996; ORB_good=18; ORB_inliers=16; ORB_inlier_ratio=0.8889,contact_sheets/duplicate_review/review_0098_duplicate_review.png,,,
REVIEW_0099,C:\Users\yesam\Desktop\anviksa_ai\new_training_data\snake_images\Indian-Snakes-Dataset-master\Non-Venomous\Indian Rock Python\Python  molurus2.jpg,Indian Rock Python,Non-Venomous,DUPLICATE_REVIEW,train/Non_Venomous_Snake/Python  molurus2.jpg,TRAIN,NO,pHash=0; dHash=0; aHash=0; aspect_delta=0.3957; pixel_corr=0.9998; SSIM=0.9989; hist_corr=0.9995; ORB_good=9; ORB_inliers=9; ORB_inlier_ratio=1.0000,contact_sheets/duplicate_review/review_0099_duplicate_review.png,,,
REVIEW_0100,C:\Users\yesam\Desktop\anviksa_ai\new_training_data\snake_images\Indian-Snakes-Dataset-master\Non-Venomous\Indian Rock Python\Python  molurus3.jpg,Indian Rock Python,Non-Venomous,DUPLICATE_REVIEW,train/Non_Venomous_Snake/Python  molurus3.jpg,TRAIN,NO,pHash=0; dHash=0; aHash=0; aspect_delta=0.3957; pixel_corr=0.9998; SSIM=0.9975; hist_corr=0.9968; ORB_good=12; ORB_inliers=11; ORB_inlier_ratio=0.9167,contact_sheets/duplicate_review/review_0100_duplicate_review.png,,,
REVIEW_0101,C:\Users\yesam\Desktop\anviksa_ai\new_training_data\snake_images\Indian-Snakes-Dataset-master\Non-Venomous\Indian Rock Python\Python  molurus4.jpg,Indian Rock Python,Non-Venomous,DUPLICATE_REVIEW,validation/Non_Venomous_Snake/Python  molurus4.jpg,VALIDATION,NO,pHash=2; dHash=0; aHash=0; aspect_delta=0.3957; pixel_corr=0.9998; SSIM=0.9972; hist_corr=0.9947; ORB_good=14; ORB_inliers=11; ORB_inlier_ratio=0.7857,contact_sheets/duplicate_review/review_0101_duplicate_review.png,,,
REVIEW_0102,C:\Users\yesam\Desktop\anviksa_ai\new_training_data\snake_images\Indian-Snakes-Dataset-master\Non-Venomous\Indian Rock Python\python-generic_650x400_81472483726.jpg,Indian Rock Python,Non-Venomous,DUPLICATE_REVIEW,train/Non_Venomous_Snake/python-generic_650x400_81472483726.jpg,TRAIN,NO,pHash=0; dHash=0; aHash=0; aspect_delta=0.3846; pixel_corr=0.9998; SSIM=0.9964; hist_corr=0.9966; ORB_good=18; ORB_inliers=18; ORB_inlier_ratio=1.0000,contact_sheets/duplicate_review/review_0102_duplicate_review.png,,,
REVIEW_0103,C:\Users\yesam\Desktop\anviksa_ai\new_training_data\snake_images\Indian-Snakes-Dataset-master\Non-Venomous\Indian Rock Python\python_big_12.jpg,Indian Rock Python,Non-Venomous,DUPLICATE_REVIEW,train/Non_Venomous_Snake/python_big_12.jpg,TRAIN,NO,pHash=0; dHash=1; aHash=0; aspect_delta=0.4925; pixel_corr=0.9997; SSIM=0.9981; hist_corr=0.9975; ORB_good=13; ORB_inliers=10; ORB_inlier_ratio=0.7692,contact_sheets/duplicate_review/review_0103_duplicate_review.png,,,
REVIEW_0104,C:\Users\yesam\Desktop\anviksa_ai\new_training_data\snake_images\Indian-Snakes-Dataset-master\Non-Venomous\Indian Rock Python\udaipurtimes-6_1437804595.jpg,Indian Rock Python,Non-Venomous,DUPLICATE_REVIEW,validation/Non_Venomous_Snake/udaipurtimes-6_1437804595.jpg,VALIDATION,NO,pHash=0; dHash=0; aHash=0; aspect_delta=0.4583; pixel_corr=0.9998; SSIM=0.9987; hist_corr=0.9994; ORB_good=16; ORB_inliers=13; ORB_inlier_ratio=0.8125,contact_sheets/duplicate_review/review_0104_duplicate_review.png,,,
REVIEW_0105,C:\Users\yesam\Desktop\anviksa_ai\new_training_data\snake_images\Indian-Snakes-Dataset-master\Venomous\Common Krait\01DSC_6599.JPG,Common Krait,Venomous,FROZEN_TEST_REVIEW,test/Venomous_Snake/01DSC_6599.JPG,TEST,YES,pHash=0; dHash=0; aHash=0; aspect_delta=0.4281; pixel_corr=0.9991; SSIM=0.9949; hist_corr=0.9997; ORB_good=9; ORB_inliers=7; ORB_inlier_ratio=0.7778,contact_sheets/frozen_test_review/review_0105_frozen_test_review.png,,,
REVIEW_0106,C:\Users\yesam\Desktop\anviksa_ai\new_training_data\snake_images\Indian-Snakes-Dataset-master\Venomous\Common Krait\12382341385_f5af5fc558_b.jpg,Common Krait,Venomous,DUPLICATE_REVIEW,train/Venomous_Snake/12382341385_f5af5fc558_b.jpg,TRAIN,NO,pHash=0; dHash=0; aHash=0; aspect_delta=0.6367; pixel_corr=0.9996; SSIM=0.9957; hist_corr=0.9997; ORB_good=4; ORB_inliers=4; ORB_inlier_ratio=1.0000,contact_sheets/duplicate_review/review_0106_duplicate_review.png,,,
REVIEW_0107,C:\Users\yesam\Desktop\anviksa_ai\new_training_data\snake_images\Indian-Snakes-Dataset-master\Venomous\Common Krait\12474945055_9b6d772f9d_b.jpg,Common Krait,Venomous,DUPLICATE_REVIEW,train/Venomous_Snake/12474945055_9b6d772f9d_b.jpg,TRAIN,NO,pHash=0; dHash=0; aHash=0; aspect_delta=0.5137; pixel_corr=0.9997; SSIM=0.9962; hist_corr=0.9993; ORB_good=17; ORB_inliers=13; ORB_inlier_ratio=0.7647,contact_sheets/duplicate_review/review_0107_duplicate_review.png,,,
REVIEW_0108,C:\Users\yesam\Desktop\anviksa_ai\new_training_data\snake_images\Indian-Snakes-Dataset-master\Venomous\Common Krait\1438850347IMG_1543.jpg,Common Krait,Venomous,DUPLICATE_REVIEW,train/Venomous_Snake/1438850347IMG_1543.jpg,TRAIN,NO,pHash=0; dHash=0; aHash=0; aspect_delta=0.4383; pixel_corr=0.9987; SSIM=0.9977; hist_corr=0.9997; ORB_good=6; ORB_inliers=5; ORB_inlier_ratio=0.8333,contact_sheets/duplicate_review/review_0108_duplicate_review.png,,,
REVIEW_0109,C:\Users\yesam\Desktop\anviksa_ai\new_training_data\snake_images\Indian-Snakes-Dataset-master\Venomous\Common Krait\2816621425_c2ac28297a_b.jpg,Common Krait,Venomous,DUPLICATE_REVIEW,train/Venomous_Snake/2816621425_c2ac28297a_b.jpg,TRAIN,NO,pHash=0; dHash=1; aHash=1; aspect_delta=0.3311; pixel_corr=0.9983; SSIM=0.9963; hist_corr=0.9971; ORB_good=15; ORB_inliers=14; ORB_inlier_ratio=0.9333,contact_sheets/duplicate_review/review_0109_duplicate_review.png,,,
REVIEW_0110,C:\Users\yesam\Desktop\anviksa_ai\new_training_data\snake_images\Indian-Snakes-Dataset-master\Venomous\Common Krait\5556319714_5d0d0b919c.jpg,Common Krait,Venomous,DUPLICATE_REVIEW,train/Venomous_Snake/5556319714_5d0d0b919c.jpg,TRAIN,NO,pHash=0; dHash=0; aHash=0; aspect_delta=0.5760; pixel_corr=0.9998; SSIM=0.9979; hist_corr=0.9996; ORB_good=8; ORB_inliers=6; ORB_inlier_ratio=0.7500,contact_sheets/duplicate_review/review_0110_duplicate_review.png,,,
REVIEW_0111,C:\Users\yesam\Desktop\anviksa_ai\new_training_data\snake_images\Indian-Snakes-Dataset-master\Venomous\Common Krait\6674918465_fe1d46c3ab_b.jpg,Common Krait,Venomous,DUPLICATE_REVIEW,train/Venomous_Snake/6674918465_fe1d46c3ab_b.jpg,TRAIN,NO,pHash=0; dHash=0; aHash=0; aspect_delta=0.4375; pixel_corr=0.9995; SSIM=0.9970; hist_corr=0.9981; ORB_good=12; ORB_inliers=9; ORB_inlier_ratio=0.7500,contact_sheets/duplicate_review/review_0111_duplicate_review.png,,,
REVIEW_0112,C:\Users\yesam\Desktop\anviksa_ai\new_training_data\snake_images\Indian-Snakes-Dataset-master\Venomous\Common Krait\81cb1316d8bd6b5ec1dbf0e4d68cf367.jpg,Common Krait,Venomous,DUPLICATE_REVIEW,validation/Venomous_Snake/81cb1316d8bd6b5ec1dbf0e4d68cf367.jpg,VALIDATION,NO,pHash=0; dHash=0; aHash=0; aspect_delta=0.5342; pixel_corr=0.9994; SSIM=0.9971; hist_corr=0.9986; ORB_good=10; ORB_inliers=8; ORB_inlier_ratio=0.8000,contact_sheets/duplicate_review/review_0112_duplicate_review.png,,,
REVIEW_0113,C:\Users\yesam\Desktop\anviksa_ai\new_training_data\snake_images\Indian-Snakes-Dataset-master\Venomous\Common Krait\afc3fbd1c45e1f79f26e6271444de28e.jpg,Common Krait,Venomous,DUPLICATE_REVIEW,train/Venomous_Snake/afc3fbd1c45e1f79f26e6271444de28e.jpg,TRAIN,NO,pHash=0; dHash=1; aHash=2; aspect_delta=0.3318; pixel_corr=0.9993; SSIM=0.9961; hist_corr=1.0000; ORB_good=40; ORB_inliers=20; ORB_inlier_ratio=0.5000,contact_sheets/duplicate_review/review_0113_duplicate_review.png,,,
REVIEW_0114,C:\Users\yesam\Desktop\anviksa_ai\new_training_data\snake_images\Indian-Snakes-Dataset-master\Venomous\Common Krait\B_caeruleus_01-800x455.jpg,Common Krait,Venomous,DUPLICATE_REVIEW,train/Venomous_Snake/54.jpg,TRAIN,NO,pHash=0; dHash=1; aHash=1; aspect_delta=0.4312; pixel_corr=0.9935; SSIM=0.9678; hist_corr=0.9915; ORB_good=9; ORB_inliers=7; ORB_inlier_ratio=0.7778,contact_sheets/duplicate_review/review_0114_duplicate_review.png,,,
REVIEW_0115,C:\Users\yesam\Desktop\anviksa_ai\new_training_data\snake_images\Indian-Snakes-Dataset-master\Venomous\Common Krait\CJSSKalach1.jpg,Common Krait,Venomous,DUPLICATE_REVIEW,train/Venomous_Snake/CJSSKalach1.jpg,TRAIN,NO,pHash=0; dHash=0; aHash=0; aspect_delta=0.4280; pixel_corr=0.9991; SSIM=0.9960; hist_corr=0.9999; ORB_good=17; ORB_inliers=10; ORB_inlier_ratio=0.5882,contact_sheets/duplicate_review/review_0115_duplicate_review.png,,,
REVIEW_0116,C:\Users\yesam\Desktop\anviksa_ai\new_training_data\snake_images\Indian-Snakes-Dataset-master\Venomous\Common Krait\Common krait_001.jpg,Common Krait,Venomous,DUPLICATE_REVIEW,train/Venomous_Snake/Common krait_001.jpg,TRAIN,NO,pHash=0; dHash=0; aHash=0; aspect_delta=0.4106; pixel_corr=0.9993; SSIM=0.9976; hist_corr=0.9995; ORB_good=15; ORB_inliers=8; ORB_inlier_ratio=0.5333,contact_sheets/duplicate_review/review_0116_duplicate_review.png,,,
REVIEW_0117,C:\Users\yesam\Desktop\anviksa_ai\new_training_data\snake_images\Indian-Snakes-Dataset-master\Venomous\Common Krait\common-krait-1.jpg,Common Krait,Venomous,DUPLICATE_REVIEW,train/Venomous_Snake/common-krait-1.jpg,TRAIN,NO,pHash=0; dHash=0; aHash=0; aspect_delta=0.5417; pixel_corr=0.9994; SSIM=0.9965; hist_corr=0.9999; ORB_good=5; ORB_inliers=0; ORB_inlier_ratio=0.0000,contact_sheets/duplicate_review/review_0117_duplicate_review.png,,,
REVIEW_0118,C:\Users\yesam\Desktop\anviksa_ai\new_training_data\snake_images\Indian-Snakes-Dataset-master\Venomous\Common Krait\common-krait-snake.png,Common Krait,Venomous,DUPLICATE_REVIEW,train/Venomous_Snake/common-krait-snake.jpg,TRAIN,NO,pHash=0; dHash=1; aHash=0; aspect_delta=0.5312; pixel_corr=0.9880; SSIM=0.9585; hist_corr=0.9972; ORB_good=6; ORB_inliers=4; ORB_inlier_ratio=0.6667,contact_sheets/duplicate_review/review_0118_duplicate_review.png,,,
REVIEW_0119,C:\Users\yesam\Desktop\anviksa_ai\new_training_data\snake_images\Indian-Snakes-Dataset-master\Venomous\Common Krait\common-krait.jpg,Common Krait,Venomous,DUPLICATE_REVIEW,train/Venomous_Snake/common-krait.jpg,TRAIN,NO,pHash=0; dHash=0; aHash=0; aspect_delta=0.4747; pixel_corr=0.9995; SSIM=0.9973; hist_corr=0.9997; ORB_good=5; ORB_inliers=4; ORB_inlier_ratio=0.8000,contact_sheets/duplicate_review/review_0119_duplicate_review.png,,,
REVIEW_0120,C:\Users\yesam\Desktop\anviksa_ai\new_training_data\snake_images\Indian-Snakes-Dataset-master\Venomous\Common Krait\COMMON-KRAIT_011.jpg,Common Krait,Venomous,DUPLICATE_REVIEW,train/Venomous_Snake/COMMON-KRAIT_011.jpg,TRAIN,NO,pHash=0; dHash=0; aHash=0; aspect_delta=0.5085; pixel_corr=0.9997; SSIM=0.9966; hist_corr=0.9998; ORB_good=15; ORB_inliers=9; ORB_inlier_ratio=0.6000,contact_sheets/duplicate_review/review_0120_duplicate_review.png,,,
REVIEW_0121,C:\Users\yesam\Desktop\anviksa_ai\new_training_data\snake_images\Indian-Snakes-Dataset-master\Venomous\Common Krait\Common_Krait(Bungarus_Caeruleus)_in_Parassinikadavu_Snake_Park.jpg,Common Krait,Venomous,DUPLICATE_REVIEW,train/Venomous_Snake/Common_Krait(Bungarus_Caeruleus)_in_Parassinikadavu_Snake_Park.jpg,TRAIN,NO,pHash=0; dHash=0; aHash=0; aspect_delta=0.2500; pixel_corr=0.9992; SSIM=0.9950; hist_corr=0.9998; ORB_good=2; ORB_inliers=0; ORB_inlier_ratio=0.0000,contact_sheets/duplicate_review/review_0121_duplicate_review.png,,,
REVIEW_0122,C:\Users\yesam\Desktop\anviksa_ai\new_training_data\snake_images\Indian-Snakes-Dataset-master\Venomous\Common Krait\common_krait-bungarus_caeruleus.jpg,Common Krait,Venomous,DUPLICATE_REVIEW,train/Venomous_Snake/common_krait-bungarus_caeruleus.jpg,TRAIN,NO,pHash=0; dHash=0; aHash=0; aspect_delta=0.7423; pixel_corr=0.9997; SSIM=0.9969; hist_corr=0.9995; ORB_good=6; ORB_inliers=4; ORB_inlier_ratio=0.6667,contact_sheets/duplicate_review/review_0122_duplicate_review.png,,,
REVIEW_0123,C:\Users\yesam\Desktop\anviksa_ai\new_training_data\snake_images\Indian-Snakes-Dataset-master\Venomous\Common Krait\Commonkrait.jpg,Common Krait,Venomous,DUPLICATE_REVIEW,train/Venomous_Snake/Commonkrait.jpg,TRAIN,NO,pHash=0; dHash=0; aHash=0; aspect_delta=0.4250; pixel_corr=0.9996; SSIM=0.9958; hist_corr=0.9999; ORB_good=12; ORB_inliers=6; ORB_inlier_ratio=0.5000,contact_sheets/duplicate_review/review_0123_duplicate_review.png,,,
REVIEW_0124,C:\Users\yesam\Desktop\anviksa_ai\new_training_data\snake_images\Indian-Snakes-Dataset-master\Venomous\Common Krait\DSC_0019_0.jpg,Common Krait,Venomous,DUPLICATE_REVIEW,train/Venomous_Snake/DSC_0019_0.jpg,TRAIN,NO,pHash=0; dHash=0; aHash=0; aspect_delta=0.3351; pixel_corr=0.9998; SSIM=0.9984; hist_corr=0.9988; ORB_good=1; ORB_inliers=0; ORB_inlier_ratio=0.0000,contact_sheets/duplicate_review/review_0124_duplicate_review.png,,,
REVIEW_0125,C:\Users\yesam\Desktop\anviksa_ai\new_training_data\snake_images\Indian-Snakes-Dataset-master\Venomous\Common Krait\Krait-6.jpg,Common Krait,Venomous,DUPLICATE_REVIEW,train/Venomous_Snake/Krait-6.jpg,TRAIN,NO,pHash=0; dHash=0; aHash=0; aspect_delta=0.5420; pixel_corr=0.9992; SSIM=0.9927; hist_corr=0.9999; ORB_good=5; ORB_inliers=4; ORB_inlier_ratio=0.8000,contact_sheets/duplicate_review/review_0125_duplicate_review.png,,,
REVIEW_0126,C:\Users\yesam\Desktop\anviksa_ai\new_training_data\snake_images\Indian-Snakes-Dataset-master\Venomous\Common Krait\KRAIT2_H.JPG,Common Krait,Venomous,DUPLICATE_REVIEW,validation/Venomous_Snake/KRAIT2_H.JPG,VALIDATION,NO,pHash=0; dHash=0; aHash=0; aspect_delta=0.4804; pixel_corr=0.9995; SSIM=0.9981; hist_corr=0.9961; ORB_good=3; ORB_inliers=0; ORB_inlier_ratio=0.0000,contact_sheets/duplicate_review/review_0126_duplicate_review.png,,,
REVIEW_0127,C:\Users\yesam\Desktop\anviksa_ai\new_training_data\snake_images\Indian-Snakes-Dataset-master\Venomous\Common Krait\KRAIT_HA.JPG,Common Krait,Venomous,DUPLICATE_REVIEW,train/Venomous_Snake/KRAIT_HA.JPG,TRAIN,NO,pHash=2; dHash=0; aHash=0; aspect_delta=0.4367; pixel_corr=0.9994; SSIM=0.9978; hist_corr=0.9972; ORB_good=5; ORB_inliers=4; ORB_inlier_ratio=0.8000,contact_sheets/duplicate_review/review_0127_duplicate_review.png,,,
REVIEW_0128,C:\Users\yesam\Desktop\anviksa_ai\new_training_data\snake_images\Indian-Snakes-Dataset-master\Venomous\Common Krait\maxresdefault.jpg,Common Krait,Venomous,DUPLICATE_REVIEW,train/Venomous_Snake/maxresdefault.jpg,TRAIN,NO,pHash=0; dHash=0; aHash=0; aspect_delta=0.4375; pixel_corr=0.9997; SSIM=0.9985; hist_corr=0.9997; ORB_good=8; ORB_inliers=8; ORB_inlier_ratio=1.0000,contact_sheets/duplicate_review/review_0128_duplicate_review.png,,,
REVIEW_0129,C:\Users\yesam\Desktop\anviksa_ai\new_training_data\snake_images\Indian-Snakes-Dataset-master\Venomous\Common Krait\maxresdefault_002.jpg,Common Krait,Venomous,DUPLICATE_REVIEW,train/Venomous_Snake/maxresdefault_002.jpg,TRAIN,NO,pHash=0; dHash=0; aHash=0; aspect_delta=0.4375; pixel_corr=0.9998; SSIM=0.9981; hist_corr=0.9996; ORB_good=13; ORB_inliers=9; ORB_inlier_ratio=0.6923,contact_sheets/duplicate_review/review_0129_duplicate_review.png,,,
REVIEW_0130,C:\Users\yesam\Desktop\anviksa_ai\new_training_data\snake_images\Indian-Snakes-Dataset-master\Venomous\Common Krait\maxresdefault_003.jpg,Common Krait,Venomous,DUPLICATE_REVIEW,train/Venomous_Snake/maxresdefault_003.jpg,TRAIN,NO,pHash=0; dHash=1; aHash=0; aspect_delta=0.4375; pixel_corr=0.9997; SSIM=0.9981; hist_corr=0.9996; ORB_good=7; ORB_inliers=4; ORB_inlier_ratio=0.5714,contact_sheets/duplicate_review/review_0130_duplicate_review.png,,,
REVIEW_0131,C:\Users\yesam\Desktop\anviksa_ai\new_training_data\snake_images\Indian-Snakes-Dataset-master\Venomous\King Cobra\12700.jpg,King Cobra,Venomous,FROZEN_TEST_REVIEW,test/Venomous_Snake/12700.jpg,TEST,YES,pHash=2; dHash=0; aHash=0; aspect_delta=0.4375; pixel_corr=0.9999; SSIM=0.9964; hist_corr=0.9992; ORB_good=17; ORB_inliers=10; ORB_inlier_ratio=0.5882,contact_sheets/frozen_test_review/review_0131_frozen_test_review.png,,,
REVIEW_0132,C:\Users\yesam\Desktop\anviksa_ai\new_training_data\snake_images\Indian-Snakes-Dataset-master\Venomous\King Cobra\170px-Elapidae_-_Ophiophagus_hannah.JPG,King Cobra,Venomous,DUPLICATE_REVIEW,train/Venomous_Snake/170px-Elapidae_-_Ophiophagus_hannah.JPG,TRAIN,NO,pHash=0; dHash=1; aHash=0; aspect_delta=0.3359; pixel_corr=0.9984; SSIM=0.9962; hist_corr=0.9976; ORB_good=17; ORB_inliers=15; ORB_inlier_ratio=0.8824,contact_sheets/duplicate_review/review_0132_duplicate_review.png,,,
REVIEW_0133,C:\Users\yesam\Desktop\anviksa_ai\new_training_data\snake_images\Indian-Snakes-Dataset-master\Venomous\King Cobra\200352091-001.jpg,King Cobra,Venomous,DUPLICATE_REVIEW,train/Venomous_Snake/200352091-001.jpg,TRAIN,NO,pHash=0; dHash=0; aHash=0; aspect_delta=0.4299; pixel_corr=0.9999; SSIM=0.9963; hist_corr=0.9999; ORB_good=12; ORB_inliers=11; ORB_inlier_ratio=0.9167,contact_sheets/duplicate_review/review_0133_duplicate_review.png,,,
REVIEW_0134,C:\Users\yesam\Desktop\anviksa_ai\new_training_data\snake_images\Indian-Snakes-Dataset-master\Venomous\King Cobra\23360067593_23360067593_NLKS8443_Searching_for_King_Cobra.jpg,King Cobra,Venomous,DUPLICATE_REVIEW,train/Venomous_Snake/23360067593_23360067593_NLKS8443_Searching_for_King_Cobra.jpg,TRAIN,NO,pHash=0; dHash=0; aHash=0; aspect_delta=0.4375; pixel_corr=0.9998; SSIM=0.9960; hist_corr=0.9996; ORB_good=8; ORB_inliers=6; ORB_inlier_ratio=0.7500,contact_sheets/duplicate_review/review_0134_duplicate_review.png,,,
REVIEW_0135,C:\Users\yesam\Desktop\anviksa_ai\new_training_data\snake_images\Indian-Snakes-Dataset-master\Venomous\King Cobra\5-dog-beat-cobra-795x447.jpg,King Cobra,Venomous,FROZEN_TEST_REVIEW,test/Venomous_Snake/5-dog-beat-cobra-795x447.jpg,TEST,YES,pHash=0; dHash=0; aHash=0; aspect_delta=0.4377; pixel_corr=0.9997; SSIM=0.9968; hist_corr=0.9996; ORB_good=17; ORB_inliers=17; ORB_inlier_ratio=1.0000,contact_sheets/frozen_test_review/review_0135_frozen_test_review.png,,,
REVIEW_0136,C:\Users\yesam\Desktop\anviksa_ai\new_training_data\snake_images\Indian-Snakes-Dataset-master\Venomous\King Cobra\520e37a2-d600-4c4f-8f19-6b87429fc7a0.Full_.jpg,King Cobra,Venomous,FROZEN_TEST_REVIEW,test/Venomous_Snake/520e37a2-d600-4c4f-8f19-6b87429fc7a0.Full_.jpg,TEST,YES,pHash=0; dHash=0; aHash=0; aspect_delta=0.6037; pixel_corr=0.9998; SSIM=0.9966; hist_corr=0.9998; ORB_good=8; ORB_inliers=6; ORB_inlier_ratio=0.7500,contact_sheets/frozen_test_review/review_0136_frozen_test_review.png,,,
REVIEW_0137,C:\Users\yesam\Desktop\anviksa_ai\new_training_data\snake_images\Indian-Snakes-Dataset-master\Venomous\King Cobra\7691.jpg,King Cobra,Venomous,DUPLICATE_REVIEW,validation/Venomous_Snake/7691.jpg,VALIDATION,NO,pHash=0; dHash=0; aHash=0; aspect_delta=0.4375; pixel_corr=0.9998; SSIM=0.9969; hist_corr=1.0000; ORB_good=10; ORB_inliers=7; ORB_inlier_ratio=0.7000,contact_sheets/duplicate_review/review_0137_duplicate_review.png,,,
REVIEW_0138,C:\Users\yesam\Desktop\anviksa_ai\new_training_data\snake_images\Indian-Snakes-Dataset-master\Venomous\King Cobra\ap17207013744013.jpg,King Cobra,Venomous,DUPLICATE_REVIEW,validation/Venomous_Snake/ap17207013744013.jpg,VALIDATION,NO,pHash=0; dHash=0; aHash=1; aspect_delta=0.2500; pixel_corr=0.9997; SSIM=0.9975; hist_corr=0.9995; ORB_good=3; ORB_inliers=0; ORB_inlier_ratio=0.0000,contact_sheets/duplicate_review/review_0138_duplicate_review.png,,,
REVIEW_0139,C:\Users\yesam\Desktop\anviksa_ai\new_training_data\snake_images\Indian-Snakes-Dataset-master\Venomous\King Cobra\b3bddd06c161b0b368fca1845dff6e974aa48bcc87495bff50309d9b19296ae7.jpg,King Cobra,Venomous,DUPLICATE_REVIEW,validation/Venomous_Snake/b3bddd06c161b0b368fca1845dff6e974aa48bcc87495bff50309d9b19296ae7.jpg,VALIDATION,NO,pHash=0; dHash=0; aHash=0; aspect_delta=0.4658; pixel_corr=0.9998; SSIM=0.9973; hist_corr=0.9996; ORB_good=13; ORB_inliers=11; ORB_inlier_ratio=0.8462,contact_sheets/duplicate_review/review_0139_duplicate_review.png,,,
REVIEW_0140,C:\Users\yesam\Desktop\anviksa_ai\new_training_data\snake_images\Indian-Snakes-Dataset-master\Venomous\King Cobra\cobra-head.jpg,King Cobra,Venomous,DUPLICATE_REVIEW,train/Venomous_Snake/cobra-head.jpg,TRAIN,NO,pHash=0; dHash=0; aHash=1; aspect_delta=0.4618; pixel_corr=0.9999; SSIM=0.9982; hist_corr=0.9997; ORB_good=17; ORB_inliers=11; ORB_inlier_ratio=0.6471,contact_sheets/duplicate_review/review_0140_duplicate_review.png,,,
REVIEW_0141,C:\Users\yesam\Desktop\anviksa_ai\new_training_data\snake_images\Indian-Snakes-Dataset-master\Venomous\King Cobra\cobra-long.jpg,King Cobra,Venomous,DUPLICATE_REVIEW,train/Venomous_Snake/cobra-long.jpg,TRAIN,NO,pHash=0; dHash=0; aHash=0; aspect_delta=0.4380; pixel_corr=0.9998; SSIM=0.9978; hist_corr=0.9995; ORB_good=2; ORB_inliers=0; ORB_inlier_ratio=0.0000,contact_sheets/duplicate_review/review_0141_duplicate_review.png,,,
REVIEW_0142,C:\Users\yesam\Desktop\anviksa_ai\new_training_data\snake_images\Indian-Snakes-Dataset-master\Venomous\King Cobra\cobra6n.jpg,King Cobra,Venomous,DUPLICATE_REVIEW,train/Venomous_Snake/cobra6n.jpg,TRAIN,NO,pHash=0; dHash=0; aHash=0; aspect_delta=0.4333; pixel_corr=0.9999; SSIM=0.9968; hist_corr=0.9997; ORB_good=16; ORB_inliers=14; ORB_inlier_ratio=0.8750,contact_sheets/duplicate_review/review_0142_duplicate_review.png,,,
REVIEW_0143,C:\Users\yesam\Desktop\anviksa_ai\new_training_data\snake_images\Indian-Snakes-Dataset-master\Venomous\King Cobra\cobra_001.jpg,King Cobra,Venomous,DUPLICATE_REVIEW,train/Venomous_Snake/cobra_001.jpg,TRAIN,NO,pHash=0; dHash=1; aHash=0; aspect_delta=0.3218; pixel_corr=0.9997; SSIM=0.9977; hist_corr=0.9997; ORB_good=8; ORB_inliers=8; ORB_inlier_ratio=1.0000,contact_sheets/duplicate_review/review_0143_duplicate_review.png,,,
REVIEW_0144,C:\Users\yesam\Desktop\anviksa_ai\new_training_data\snake_images\Indian-Snakes-Dataset-master\Venomous\King Cobra\cobra_002.jpg,King Cobra,Venomous,DUPLICATE_REVIEW,train/Venomous_Snake/cobra_002.jpg,TRAIN,NO,pHash=0; dHash=0; aHash=0; aspect_delta=0.5112; pixel_corr=0.9995; SSIM=0.9962; hist_corr=0.9988; ORB_good=2; ORB_inliers=0; ORB_inlier_ratio=0.0000,contact_sheets/duplicate_review/review_0144_duplicate_review.png,,,
REVIEW_0145,C:\Users\yesam\Desktop\anviksa_ai\new_training_data\snake_images\Indian-Snakes-Dataset-master\Venomous\King Cobra\exotic_king_cobra_h.jpg,King Cobra,Venomous,DUPLICATE_REVIEW,train/Venomous_Snake/exotic_king_cobra_h.jpg,TRAIN,NO,pHash=0; dHash=0; aHash=0; aspect_delta=0.4375; pixel_corr=0.9997; SSIM=0.9965; hist_corr=0.9998; ORB_good=11; ORB_inliers=5; ORB_inlier_ratio=0.4545,contact_sheets/duplicate_review/review_0145_duplicate_review.png,,,
REVIEW_0146,C:\Users\yesam\Desktop\anviksa_ai\new_training_data\snake_images\Indian-Snakes-Dataset-master\Venomous\King Cobra\IMG_7375.jpg,King Cobra,Venomous,DUPLICATE_REVIEW,validation/Venomous_Snake/IMG_7375.jpg,VALIDATION,NO,pHash=0; dHash=0; aHash=0; aspect_delta=0.2931; pixel_corr=0.9997; SSIM=0.9979; hist_corr=0.9994; ORB_good=1; ORB_inliers=0; ORB_inlier_ratio=0.0000,contact_sheets/duplicate_review/review_0146_duplicate_review.png,,,
REVIEW_0147,C:\Users\yesam\Desktop\anviksa_ai\new_training_data\snake_images\Indian-Snakes-Dataset-master\Venomous\King Cobra\IMG_7415.jpg,King Cobra,Venomous,DUPLICATE_REVIEW,train/Venomous_Snake/IMG_7415.jpg,TRAIN,NO,pHash=0; dHash=0; aHash=0; aspect_delta=0.2220; pixel_corr=0.9994; SSIM=0.9949; hist_corr=0.9976; ORB_good=1; ORB_inliers=0; ORB_inlier_ratio=0.0000,contact_sheets/duplicate_review/review_0147_duplicate_review.png,,,
REVIEW_0148,C:\Users\yesam\Desktop\anviksa_ai\new_training_data\snake_images\Indian-Snakes-Dataset-master\Venomous\King Cobra\IMG_7421.jpg,King Cobra,Venomous,DUPLICATE_REVIEW,train/Venomous_Snake/IMG_7421.jpg,TRAIN,NO,pHash=0; dHash=0; aHash=0; aspect_delta=0.3205; pixel_corr=0.9996; SSIM=0.9955; hist_corr=0.9951; ORB_good=1; ORB_inliers=0; ORB_inlier_ratio=0.0000,contact_sheets/duplicate_review/review_0148_duplicate_review.png,,,
REVIEW_0149,C:\Users\yesam\Desktop\anviksa_ai\new_training_data\snake_images\Indian-Snakes-Dataset-master\Venomous\King Cobra\king-cobra-1_001.jpg,King Cobra,Venomous,DUPLICATE_REVIEW,train/Venomous_Snake/king-cobra-1_001.jpg,TRAIN,NO,pHash=0; dHash=0; aHash=0; aspect_delta=0.3047; pixel_corr=0.9995; SSIM=0.9968; hist_corr=0.9998; ORB_good=5; ORB_inliers=5; ORB_inlier_ratio=1.0000,contact_sheets/duplicate_review/review_0149_duplicate_review.png,,,
REVIEW_0150,C:\Users\yesam\Desktop\anviksa_ai\new_training_data\snake_images\Indian-Snakes-Dataset-master\Venomous\King Cobra\King-Cobra-by-kokotewan-640x326.jpg,King Cobra,Venomous,DUPLICATE_REVIEW,train/Venomous_Snake/King-Cobra-by-kokotewan-640x326.jpg,TRAIN,NO,pHash=0; dHash=0; aHash=0; aspect_delta=0.4906; pixel_corr=0.9999; SSIM=0.9987; hist_corr=0.9995; ORB_good=12; ORB_inliers=7; ORB_inlier_ratio=0.5833,contact_sheets/duplicate_review/review_0150_duplicate_review.png,,,
REVIEW_0151,C:\Users\yesam\Desktop\anviksa_ai\new_training_data\snake_images\Indian-Snakes-Dataset-master\Venomous\King Cobra\King-Cobra-captive.jpg,King Cobra,Venomous,DUPLICATE_REVIEW,train/Venomous_Snake/King-Cobra-captive.jpg,TRAIN,NO,pHash=0; dHash=0; aHash=0; aspect_delta=0.4711; pixel_corr=0.9998; SSIM=0.9975; hist_corr=0.9997; ORB_good=9; ORB_inliers=9; ORB_inlier_ratio=1.0000,contact_sheets/duplicate_review/review_0151_duplicate_review.png,,,
REVIEW_0152,C:\Users\yesam\Desktop\anviksa_ai\new_training_data\snake_images\Indian-Snakes-Dataset-master\Venomous\King Cobra\king-cobra-wallpapers-desktop-background.jpg,King Cobra,Venomous,DUPLICATE_REVIEW,train/Venomous_Snake/king-cobra-wallpapers-desktop-background.jpg,TRAIN,NO,pHash=0; dHash=0; aHash=0; aspect_delta=0.3750; pixel_corr=0.9998; SSIM=0.9978; hist_corr=0.9991; ORB_good=5; ORB_inliers=0; ORB_inlier_ratio=0.0000,contact_sheets/duplicate_review/review_0152_duplicate_review.png,,,
REVIEW_0153,C:\Users\yesam\Desktop\anviksa_ai\new_training_data\snake_images\Indian-Snakes-Dataset-master\Venomous\King Cobra\King_Cobra_25.jpg,King Cobra,Venomous,DUPLICATE_REVIEW,train/Venomous_Snake/King_Cobra_25.jpg,TRAIN,NO,pHash=0; dHash=0; aHash=0; aspect_delta=0.2000; pixel_corr=0.9996; SSIM=0.9975; hist_corr=0.9993; ORB_good=0; ORB_inliers=0; ORB_inlier_ratio=0.0000,contact_sheets/duplicate_review/review_0153_duplicate_review.png,,,
REVIEW_0154,C:\Users\yesam\Desktop\anviksa_ai\new_training_data\snake_images\Indian-Snakes-Dataset-master\Venomous\King Cobra\kingcobra-002.jpg,King Cobra,Venomous,DUPLICATE_REVIEW,train/Venomous_Snake/kingcobra-002.jpg,TRAIN,NO,pHash=0; dHash=0; aHash=0; aspect_delta=0.3964; pixel_corr=0.9998; SSIM=0.9975; hist_corr=0.9998; ORB_good=8; ORB_inliers=8; ORB_inlier_ratio=1.0000,contact_sheets/duplicate_review/review_0154_duplicate_review.png,,,
REVIEW_0155,C:\Users\yesam\Desktop\anviksa_ai\new_training_data\snake_images\Indian-Snakes-Dataset-master\Venomous\King Cobra\KingCobra_001.jpg,King Cobra,Venomous,DUPLICATE_REVIEW,train/Venomous_Snake/KingCobra_001.jpg,TRAIN,NO,pHash=0; dHash=0; aHash=1; aspect_delta=0.3333; pixel_corr=0.9996; SSIM=0.9966; hist_corr=0.9995; ORB_good=16; ORB_inliers=13; ORB_inlier_ratio=0.8125,contact_sheets/duplicate_review/review_0155_duplicate_review.png,,,
REVIEW_0156,C:\Users\yesam\Desktop\anviksa_ai\new_training_data\snake_images\Indian-Snakes-Dataset-master\Venomous\King Cobra\KingCobra_003.jpg,King Cobra,Venomous,DUPLICATE_REVIEW,train/Venomous_Snake/KingCobra_003.jpg,TRAIN,NO,pHash=2; dHash=0; aHash=0; aspect_delta=0.4178; pixel_corr=0.9998; SSIM=0.9953; hist_corr=0.9993; ORB_good=5; ORB_inliers=0; ORB_inlier_ratio=0.0000,contact_sheets/duplicate_review/review_0156_duplicate_review.png,,,
REVIEW_0157,C:\Users\yesam\Desktop\anviksa_ai\new_training_data\snake_images\Indian-Snakes-Dataset-master\Venomous\King Cobra\landing_king-cobra.jpg,King Cobra,Venomous,DUPLICATE_REVIEW,train/Venomous_Snake/landing_king-cobra.jpg,TRAIN,NO,pHash=0; dHash=0; aHash=0; aspect_delta=0.5339; pixel_corr=0.9999; SSIM=0.9962; hist_corr=0.9997; ORB_good=10; ORB_inliers=7; ORB_inlier_ratio=0.7000,contact_sheets/duplicate_review/review_0157_duplicate_review.png,,,
REVIEW_0158,C:\Users\yesam\Desktop\anviksa_ai\new_training_data\snake_images\Indian-Snakes-Dataset-master\Venomous\King Cobra\PAY-COBRA-SNAKE-RESCUE.jpg,King Cobra,Venomous,DUPLICATE_REVIEW,train/Venomous_Snake/PAY-COBRA-SNAKE-RESCUE.jpg,TRAIN,NO,pHash=0; dHash=0; aHash=0; aspect_delta=0.5154; pixel_corr=0.9997; SSIM=0.9972; hist_corr=0.9999; ORB_good=10; ORB_inliers=7; ORB_inlier_ratio=0.7000,contact_sheets/duplicate_review/review_0158_duplicate_review.png,,,
REVIEW_0159,C:\Users\yesam\Desktop\anviksa_ai\new_training_data\snake_images\Indian-Snakes-Dataset-master\Venomous\King Cobra\photos.medleyphoto.13543526.jpg,King Cobra,Venomous,DUPLICATE_REVIEW,validation/Venomous_Snake/photos.medleyphoto.13543526.jpg,VALIDATION,NO,pHash=0; dHash=0; aHash=0; aspect_delta=0.4025; pixel_corr=0.9998; SSIM=0.9965; hist_corr=0.9993; ORB_good=17; ORB_inliers=17; ORB_inlier_ratio=1.0000,contact_sheets/duplicate_review/review_0159_duplicate_review.png,,,
REVIEW_0160,C:\Users\yesam\Desktop\anviksa_ai\new_training_data\snake_images\Indian-Snakes-Dataset-master\Venomous\King Cobra\r0_135_2757_1691_w1200_h678_fmax.jpg,King Cobra,Venomous,DUPLICATE_REVIEW,train/Venomous_Snake/r0_135_2757_1691_w1200_h678_fmax.jpg,TRAIN,NO,pHash=0; dHash=3; aHash=0; aspect_delta=0.4358; pixel_corr=0.9990; SSIM=0.9967; hist_corr=0.9943; ORB_good=11; ORB_inliers=8; ORB_inlier_ratio=0.7273,contact_sheets/duplicate_review/review_0160_duplicate_review.png,,,
REVIEW_0161,C:\Users\yesam\Desktop\anviksa_ai\new_training_data\snake_images\Indian-Snakes-Dataset-master\Venomous\King Cobra\snake-kingcobra-reptile-597045-o.jpg,King Cobra,Venomous,DUPLICATE_REVIEW,validation/Venomous_Snake/snake-kingcobra-reptile-597045-o.jpg,VALIDATION,NO,pHash=0; dHash=0; aHash=0; aspect_delta=0.2500; pixel_corr=0.9999; SSIM=0.9971; hist_corr=0.9999; ORB_good=6; ORB_inliers=4; ORB_inlier_ratio=0.6667,contact_sheets/duplicate_review/review_0161_duplicate_review.png,,,
REVIEW_0162,C:\Users\yesam\Desktop\anviksa_ai\new_training_data\snake_images\Indian-Snakes-Dataset-master\Venomous\King Cobra\T05-0001-0111.jpg,King Cobra,Venomous,DUPLICATE_REVIEW,validation/Venomous_Snake/T05-0001-0111.jpg,VALIDATION,NO,pHash=0; dHash=1; aHash=0; aspect_delta=0.4416; pixel_corr=0.9999; SSIM=0.9975; hist_corr=0.9998; ORB_good=14; ORB_inliers=12; ORB_inlier_ratio=0.8571,contact_sheets/duplicate_review/review_0162_duplicate_review.png,,,
REVIEW_0163,C:\Users\yesam\Desktop\anviksa_ai\new_training_data\snake_images\Indian-Snakes-Dataset-master\Venomous\Monocled Cobra\13350233_1079893875431314_5715026036656697829_o.jpg,Monocled Cobra,Venomous,FROZEN_TEST_REVIEW,test/Venomous_Snake/13350233_1079893875431314_5715026036656697829_o.jpg,TEST,YES,pHash=0; dHash=0; aHash=0; aspect_delta=0.3750; pixel_corr=0.9994; SSIM=0.9979; hist_corr=0.9970; ORB_good=9; ORB_inliers=5; ORB_inlier_ratio=0.5556,contact_sheets/frozen_test_review/review_0163_frozen_test_review.png,,,
REVIEW_0164,C:\Users\yesam\Desktop\anviksa_ai\new_training_data\snake_images\Indian-Snakes-Dataset-master\Venomous\Monocled Cobra\1_001.jpg,Monocled Cobra,Venomous,DUPLICATE_REVIEW,train/Venomous_Snake/1_001.jpg,TRAIN,NO,pHash=0; dHash=0; aHash=0; aspect_delta=0.4366; pixel_corr=0.9995; SSIM=0.9973; hist_corr=0.9998; ORB_good=12; ORB_inliers=9; ORB_inlier_ratio=0.7500,contact_sheets/duplicate_review/review_0164_duplicate_review.png,,,
REVIEW_0165,C:\Users\yesam\Desktop\anviksa_ai\new_training_data\snake_images\Indian-Snakes-Dataset-master\Venomous\Monocled Cobra\1_002.jpg,Monocled Cobra,Venomous,DUPLICATE_REVIEW,train/Venomous_Snake/1_002.jpg,TRAIN,NO,pHash=0; dHash=0; aHash=0; aspect_delta=0.4366; pixel_corr=0.9991; SSIM=0.9971; hist_corr=0.9989; ORB_good=4; ORB_inliers=4; ORB_inlier_ratio=1.0000,contact_sheets/duplicate_review/review_0165_duplicate_review.png,,,
REVIEW_0166,C:\Users\yesam\Desktop\anviksa_ai\new_training_data\snake_images\Indian-Snakes-Dataset-master\Venomous\Monocled Cobra\1_010.jpg,Monocled Cobra,Venomous,DUPLICATE_REVIEW,validation/Venomous_Snake/1_010.jpg,VALIDATION,NO,pHash=0; dHash=0; aHash=0; aspect_delta=0.4366; pixel_corr=0.9990; SSIM=0.9965; hist_corr=0.9996; ORB_good=8; ORB_inliers=7; ORB_inlier_ratio=0.8750,contact_sheets/duplicate_review/review_0166_duplicate_review.png,,,
REVIEW_0167,C:\Users\yesam\Desktop\anviksa_ai\new_training_data\snake_images\Indian-Snakes-Dataset-master\Venomous\Monocled Cobra\263591_10150346421368504_683593503_10295748_8378405_n (6).jpg,Monocled Cobra,Venomous,FROZEN_TEST_REVIEW,test/Venomous_Snake/263591_10150346421368504_683593503_10295748_8378405_n (6).jpg,TEST,YES,pHash=0; dHash=1; aHash=2; aspect_delta=0.5194; pixel_corr=0.9990; SSIM=0.9954; hist_corr=0.9994; ORB_good=9; ORB_inliers=5; ORB_inlier_ratio=0.5556,contact_sheets/frozen_test_review/review_0167_frozen_test_review.png,,,
REVIEW_0168,C:\Users\yesam\Desktop\anviksa_ai\new_training_data\snake_images\Indian-Snakes-Dataset-master\Venomous\Monocled Cobra\858129_1280x720.jpg,Monocled Cobra,Venomous,FROZEN_TEST_REVIEW,test/Venomous_Snake/858129_1280x720.jpg,TEST,YES,pHash=0; dHash=0; aHash=0; aspect_delta=0.4375; pixel_corr=0.9998; SSIM=0.9975; hist_corr=0.9999; ORB_good=10; ORB_inliers=7; ORB_inlier_ratio=0.7000,contact_sheets/frozen_test_review/review_0168_frozen_test_review.png,,,
REVIEW_0169,C:\Users\yesam\Desktop\anviksa_ai\new_training_data\snake_images\Indian-Snakes-Dataset-master\Venomous\Monocled Cobra\9.jpg,Monocled Cobra,Venomous,DUPLICATE_REVIEW,train/Venomous_Snake/9 (3).jpg,TRAIN,NO,pHash=0; dHash=0; aHash=0; aspect_delta=0.4366; pixel_corr=0.9999; SSIM=0.9980; hist_corr=0.9886; ORB_good=11; ORB_inliers=7; ORB_inlier_ratio=0.6364,contact_sheets/duplicate_review/review_0169_duplicate_review.png,,,
REVIEW_0170,C:\Users\yesam\Desktop\anviksa_ai\new_training_data\snake_images\Indian-Snakes-Dataset-master\Venomous\Monocled Cobra\bi5uo5ktrmbc1bcqqdrf.jpg,Monocled Cobra,Venomous,DUPLICATE_REVIEW,train/Venomous_Snake/bi5uo5ktrmbc1bcqqdrf.jpg,TRAIN,NO,pHash=0; dHash=0; aHash=2; aspect_delta=0.4388; pixel_corr=0.9997; SSIM=0.9984; hist_corr=0.9992; ORB_good=16; ORB_inliers=10; ORB_inlier_ratio=0.6250,contact_sheets/duplicate_review/review_0170_duplicate_review.png,,,
REVIEW_0171,C:\Users\yesam\Desktop\anviksa_ai\new_training_data\snake_images\Indian-Snakes-Dataset-master\Venomous\Monocled Cobra\Cobra-Monocled-7356-full.jpg,Monocled Cobra,Venomous,DUPLICATE_REVIEW,train/Venomous_Snake/Cobra-Monocled-7356-full.jpg,TRAIN,NO,pHash=0; dHash=0; aHash=0; aspect_delta=0.4375; pixel_corr=0.9997; SSIM=0.9935; hist_corr=0.9994; ORB_good=10; ORB_inliers=8; ORB_inlier_ratio=0.8000,contact_sheets/duplicate_review/review_0171_duplicate_review.png,,,
REVIEW_0172,C:\Users\yesam\Desktop\anviksa_ai\new_training_data\snake_images\Indian-Snakes-Dataset-master\Venomous\Monocled Cobra\cobra-monocled-naja-very-dangerous-looking-rat-food-67509736.jpg,Monocled Cobra,Venomous,DUPLICATE_REVIEW,train/Venomous_Snake/cobra-monocled-naja-very-dangerous-looking-rat-food-67509736.jpg,TRAIN,NO,pHash=2; dHash=0; aHash=0; aspect_delta=0.4788; pixel_corr=0.9998; SSIM=0.9962; hist_corr=0.9994; ORB_good=15; ORB_inliers=7; ORB_inlier_ratio=0.4667,contact_sheets/duplicate_review/review_0172_duplicate_review.png,,,
REVIEW_0173,C:\Users\yesam\Desktop\anviksa_ai\new_training_data\snake_images\Indian-Snakes-Dataset-master\Venomous\Monocled Cobra\cobra-monocled.jpg,Monocled Cobra,Venomous,DUPLICATE_REVIEW,train/Venomous_Snake/cobra-monocled.jpg,TRAIN,NO,pHash=0; dHash=2; aHash=0; aspect_delta=0.3333; pixel_corr=0.9995; SSIM=0.9963; hist_corr=0.9996; ORB_good=18; ORB_inliers=15; ORB_inlier_ratio=0.8333,contact_sheets/duplicate_review/review_0173_duplicate_review.png,,,
REVIEW_0174,C:\Users\yesam\Desktop\anviksa_ai\new_training_data\snake_images\Indian-Snakes-Dataset-master\Venomous\Monocled Cobra\cobra.jpg,Monocled Cobra,Venomous,DUPLICATE_REVIEW,train/Venomous_Snake/cobra.jpg,TRAIN,NO,pHash=0; dHash=0; aHash=0; aspect_delta=0.4000; pixel_corr=0.9998; SSIM=0.9979; hist_corr=0.9991; ORB_good=19; ORB_inliers=17; ORB_inlier_ratio=0.8947,contact_sheets/duplicate_review/review_0174_duplicate_review.png,,,
REVIEW_0175,C:\Users\yesam\Desktop\anviksa_ai\new_training_data\snake_images\Indian-Snakes-Dataset-master\Venomous\Monocled Cobra\Krabi_King_Cobra_Show_4.jpg,Monocled Cobra,Venomous,DUPLICATE_REVIEW,train/Venomous_Snake/Krabi_King_Cobra_Show_4.jpg,TRAIN,NO,pHash=0; dHash=0; aHash=0; aspect_delta=0.3355; pixel_corr=0.9997; SSIM=0.9984; hist_corr=0.9991; ORB_good=12; ORB_inliers=12; ORB_inlier_ratio=1.0000,contact_sheets/duplicate_review/review_0175_duplicate_review.png,,,
REVIEW_0176,C:\Users\yesam\Desktop\anviksa_ai\new_training_data\snake_images\Indian-Snakes-Dataset-master\Venomous\Monocled Cobra\maxresdefault.jpg,Monocled Cobra,Venomous,DUPLICATE_REVIEW,validation/Venomous_Snake/maxresdefault (2).jpg,VALIDATION,NO,pHash=2; dHash=0; aHash=0; aspect_delta=0.4375; pixel_corr=0.9999; SSIM=0.9957; hist_corr=0.9995; ORB_good=12; ORB_inliers=7; ORB_inlier_ratio=0.5833,contact_sheets/duplicate_review/review_0176_duplicate_review.png,,,
REVIEW_0177,C:\Users\yesam\Desktop\anviksa_ai\new_training_data\snake_images\Indian-Snakes-Dataset-master\Venomous\Monocled Cobra\maxresdefault_002.jpg,Monocled Cobra,Venomous,DUPLICATE_REVIEW,train/Venomous_Snake/maxresdefault_002 (2).jpg,TRAIN,NO,pHash=0; dHash=0; aHash=0; aspect_delta=0.4375; pixel_corr=0.9997; SSIM=0.9972; hist_corr=0.9994; ORB_good=6; ORB_inliers=5; ORB_inlier_ratio=0.8333,contact_sheets/duplicate_review/review_0177_duplicate_review.png,,,
REVIEW_0178,C:\Users\yesam\Desktop\anviksa_ai\new_training_data\snake_images\Indian-Snakes-Dataset-master\Venomous\Monocled Cobra\maxresdefault_005.jpg,Monocled Cobra,Venomous,DUPLICATE_REVIEW,train/Venomous_Snake/maxresdefault_005.jpg,TRAIN,NO,pHash=0; dHash=1; aHash=0; aspect_delta=0.4375; pixel_corr=0.9998; SSIM=0.9971; hist_corr=0.9989; ORB_good=11; ORB_inliers=6; ORB_inlier_ratio=0.5455,contact_sheets/duplicate_review/review_0178_duplicate_review.png,,,
REVIEW_0179,C:\Users\yesam\Desktop\anviksa_ai\new_training_data\snake_images\Indian-Snakes-Dataset-master\Venomous\Monocled Cobra\monocled-61.jpg,Monocled Cobra,Venomous,DUPLICATE_REVIEW,train/Venomous_Snake/monocled-61.jpg,TRAIN,NO,pHash=0; dHash=0; aHash=0; aspect_delta=0.3333; pixel_corr=0.9997; SSIM=0.9979; hist_corr=0.9989; ORB_good=4; ORB_inliers=4; ORB_inlier_ratio=1.0000,contact_sheets/duplicate_review/review_0179_duplicate_review.png,,,
REVIEW_0180,C:\Users\yesam\Desktop\anviksa_ai\new_training_data\snake_images\Indian-Snakes-Dataset-master\Venomous\Monocled Cobra\monocled-baby-cobra3.jpg,Monocled Cobra,Venomous,DUPLICATE_REVIEW,train/Venomous_Snake/monocled-baby-cobra3.jpg,TRAIN,NO,pHash=0; dHash=0; aHash=0; aspect_delta=0.5462; pixel_corr=0.9994; SSIM=0.9977; hist_corr=0.9998; ORB_good=5; ORB_inliers=4; ORB_inlier_ratio=0.8000,contact_sheets/duplicate_review/review_0180_duplicate_review.png,,,
REVIEW_0181,C:\Users\yesam\Desktop\anviksa_ai\new_training_data\snake_images\Indian-Snakes-Dataset-master\Venomous\Monocled Cobra\monocled-cobra-back_1.jpg,Monocled Cobra,Venomous,DUPLICATE_REVIEW,train/Venomous_Snake/monocled-cobra-back_1.jpg,TRAIN,NO,pHash=0; dHash=1; aHash=0; aspect_delta=0.4452; pixel_corr=0.9993; SSIM=0.9969; hist_corr=1.0000; ORB_good=14; ORB_inliers=11; ORB_inlier_ratio=0.7857,contact_sheets/duplicate_review/review_0181_duplicate_review.png,,,
REVIEW_0182,C:\Users\yesam\Desktop\anviksa_ai\new_training_data\snake_images\Indian-Snakes-Dataset-master\Venomous\Monocled Cobra\monocled-cobra-snake-death_85876_ver1.0_1280_720.jpg,Monocled Cobra,Venomous,DUPLICATE_REVIEW,validation/Venomous_Snake/monocled-cobra-snake-death_85876_ver1.0_1280_720.jpg,VALIDATION,NO,pHash=0; dHash=0; aHash=0; aspect_delta=0.4375; pixel_corr=0.9996; SSIM=0.9961; hist_corr=0.9999; ORB_good=11; ORB_inliers=11; ORB_inlier_ratio=1.0000,contact_sheets/duplicate_review/review_0182_duplicate_review.png,,,
REVIEW_0183,C:\Users\yesam\Desktop\anviksa_ai\new_training_data\snake_images\Indian-Snakes-Dataset-master\Venomous\Monocled Cobra\naja-kaouthia-monocled-cobras-randy-ciuros.jpg,Monocled Cobra,Venomous,DUPLICATE_REVIEW,train/Venomous_Snake/naja-kaouthia-monocled-cobras-randy-ciuros.jpg,TRAIN,NO,pHash=2; dHash=0; aHash=0; aspect_delta=0.3333; pixel_corr=0.9997; SSIM=0.9958; hist_corr=0.9992; ORB_good=19; ORB_inliers=15; ORB_inlier_ratio=0.7895,contact_sheets/duplicate_review/review_0183_duplicate_review.png,,,
REVIEW_0184,C:\Users\yesam\Desktop\anviksa_ai\new_training_data\snake_images\Indian-Snakes-Dataset-master\Venomous\Monocled Cobra\texas-teen-suicide-snakebite.jpg,Monocled Cobra,Venomous,DUPLICATE_REVIEW,train/Venomous_Snake/texas-teen-suicide-snakebite.jpg,TRAIN,NO,pHash=0; dHash=0; aHash=0; aspect_delta=0.4202; pixel_corr=0.9993; SSIM=0.9967; hist_corr=0.9999; ORB_good=10; ORB_inliers=8; ORB_inlier_ratio=0.8000,contact_sheets/duplicate_review/review_0184_duplicate_review.png,,,
REVIEW_0185,C:\Users\yesam\Desktop\anviksa_ai\new_training_data\snake_images\Indian-Snakes-Dataset-master\Venomous\Russell's Viper\20090613_Daboia_russelii_Russells_Viper_Kettenviper_Pune.jpg,Russell's Viper,Venomous,FROZEN_TEST_REVIEW,test/Venomous_Snake/20090613_Daboia_russelii_Russells_Viper_Kettenviper_Pune.jpg,TEST,YES,pHash=0; dHash=0; aHash=0; aspect_delta=0.1081; pixel_corr=0.9990; SSIM=0.9943; hist_corr=0.9996; ORB_good=2; ORB_inliers=0; ORB_inlier_ratio=0.0000,contact_sheets/frozen_test_review/review_0185_frozen_test_review.png,,,
REVIEW_0186,C:\Users\yesam\Desktop\anviksa_ai\new_training_data\snake_images\Indian-Snakes-Dataset-master\Venomous\Russell's Viper\20855503-Adult-Russell-s-Viper-Daboia-russelii-Tamil-Nadu-South-India-Stock-Photo.jpg,Russell's Viper,Venomous,FROZEN_TEST_REVIEW,test/Venomous_Snake/20855503-Adult-Russell-s-Viper-Daboia-russelii-Tamil-Nadu-South-India-Stock-Photo.jpg,TEST,YES,pHash=0; dHash=0; aHash=0; aspect_delta=0.3354; pixel_corr=0.9988; SSIM=0.9939; hist_corr=0.9918; ORB_good=14; ORB_inliers=10; ORB_inlier_ratio=0.7143,contact_sheets/frozen_test_review/review_0186_frozen_test_review.png,,,
REVIEW_0187,C:\Users\yesam\Desktop\anviksa_ai\new_training_data\snake_images\Indian-Snakes-Dataset-master\Venomous\Russell's Viper\20855505-Camouflage-pattern-on-adult-Russell-s-Viper-Daboia-russelii-Tamil-Nadu-South-India-Stock-Photo.jpg,Russell's Viper,Venomous,FROZEN_TEST_REVIEW,test/Venomous_Snake/20855505-Camouflage-pattern-on-adult-Russell-s-Viper-Daboia-russelii-Tamil-Nadu-South-India-Stock-Photo.jpg,TEST,YES,pHash=0; dHash=0; aHash=0; aspect_delta=0.3369; pixel_corr=0.9994; SSIM=0.9965; hist_corr=0.9979; ORB_good=13; ORB_inliers=10; ORB_inlier_ratio=0.7692,contact_sheets/frozen_test_review/review_0187_frozen_test_review.png,,,
REVIEW_0188,C:\Users\yesam\Desktop\anviksa_ai\new_training_data\snake_images\Indian-Snakes-Dataset-master\Venomous\Russell's Viper\5384077d7fe23.jpg,Russell's Viper,Venomous,LABEL_REVIEW,Venomous/Saw-scaled Viper/5384077d7fe23.jpg,NEW_DATASET,YES,EXACT_DUPLICATE; Byte-identical image occurs in different species folders; biological label not inferred.,contact_sheets/label_review/review_0188_label_review.png,,,
REVIEW_0189,C:\Users\yesam\Desktop\anviksa_ai\new_training_data\snake_images\Indian-Snakes-Dataset-master\Venomous\Russell's Viper\5384096bcdfba.jpg,Russell's Viper,Venomous,FROZEN_TEST_REVIEW,test/Venomous_Snake/5384096bcdfba.jpg,TEST,YES,pHash=0; dHash=0; aHash=0; aspect_delta=0.5039; pixel_corr=0.9997; SSIM=0.9984; hist_corr=0.9997; ORB_good=11; ORB_inliers=8; ORB_inlier_ratio=0.7273,contact_sheets/frozen_test_review/review_0189_frozen_test_review.png,,,
REVIEW_0190,C:\Users\yesam\Desktop\anviksa_ai\new_training_data\snake_images\Indian-Snakes-Dataset-master\Venomous\Russell's Viper\5384096bea0ed.jpg,Russell's Viper,Venomous,FROZEN_TEST_REVIEW,test/Venomous_Snake/5384096bea0ed.jpg,TEST,YES,pHash=0; dHash=0; aHash=0; aspect_delta=0.5980; pixel_corr=0.9996; SSIM=0.9981; hist_corr=0.9998; ORB_good=4; ORB_inliers=4; ORB_inlier_ratio=1.0000,contact_sheets/frozen_test_review/review_0190_frozen_test_review.png,,,
REVIEW_0191,C:\Users\yesam\Desktop\anviksa_ai\new_training_data\snake_images\Indian-Snakes-Dataset-master\Venomous\Russell's Viper\a.JPG,Russell's Viper,Venomous,DUPLICATE_REVIEW,train/Venomous_Snake/a.JPG,TRAIN,NO,pHash=0; dHash=0; aHash=1; aspect_delta=0.3419; pixel_corr=0.9988; SSIM=0.9977; hist_corr=0.9734; ORB_good=11; ORB_inliers=10; ORB_inlier_ratio=0.9091,contact_sheets/duplicate_review/review_0191_duplicate_review.png,,,
REVIEW_0192,C:\Users\yesam\Desktop\anviksa_ai\new_training_data\snake_images\Indian-Snakes-Dataset-master\Venomous\Russell's Viper\aaaa.JPG,Russell's Viper,Venomous,DUPLICATE_REVIEW,train/Venomous_Snake/aaaa.JPG,TRAIN,NO,pHash=2; dHash=0; aHash=0; aspect_delta=0.3331; pixel_corr=0.9985; SSIM=0.9972; hist_corr=0.9913; ORB_good=9; ORB_inliers=7; ORB_inlier_ratio=0.7778,contact_sheets/duplicate_review/review_0192_duplicate_review.png,,,
REVIEW_0193,C:\Users\yesam\Desktop\anviksa_ai\new_training_data\snake_images\Indian-Snakes-Dataset-master\Venomous\Russell's Viper\D8B_8271_Daboia_siamensis_Sa_Keao9x16-300x169.jpg,Russell's Viper,Venomous,DUPLICATE_REVIEW,train/Venomous_Snake/D8B_8271_Daboia_siamensis_Sa_Keao9x16-300x169.jpg,TRAIN,NO,pHash=0; dHash=0; aHash=0; aspect_delta=0.4367; pixel_corr=0.9994; SSIM=0.9970; hist_corr=0.9998; ORB_good=12; ORB_inliers=10; ORB_inlier_ratio=0.8333,contact_sheets/duplicate_review/review_0193_duplicate_review.png,,,
REVIEW_0194,C:\Users\yesam\Desktop\anviksa_ai\new_training_data\snake_images\Indian-Snakes-Dataset-master\Venomous\Russell's Viper\D8B_8356_Daboia_Siamensis_Sa_Keao-720x340.jpg,Russell's Viper,Venomous,DUPLICATE_REVIEW,train/Venomous_Snake/D8B_8356_Daboia_Siamensis_Sa_Keao-720x340.jpg,TRAIN,NO,pHash=0; dHash=1; aHash=0; aspect_delta=0.5278; pixel_corr=0.9995; SSIM=0.9979; hist_corr=0.9994; ORB_good=7; ORB_inliers=7; ORB_inlier_ratio=1.0000,contact_sheets/duplicate_review/review_0194_duplicate_review.png,,,
REVIEW_0195,C:\Users\yesam\Desktop\anviksa_ai\new_training_data\snake_images\Indian-Snakes-Dataset-master\Venomous\Russell's Viper\daboia russelli copy.jpg,Russell's Viper,Venomous,DUPLICATE_REVIEW,train/Venomous_Snake/daboia russelli copy.jpg,TRAIN,NO,pHash=0; dHash=0; aHash=0; aspect_delta=0.4626; pixel_corr=0.9987; SSIM=0.9966; hist_corr=0.9924; ORB_good=4; ORB_inliers=4; ORB_inlier_ratio=1.0000,contact_sheets/duplicate_review/review_0195_duplicate_review.png,,,
REVIEW_0196,C:\Users\yesam\Desktop\anviksa_ai\new_training_data\snake_images\Indian-Snakes-Dataset-master\Venomous\Russell's Viper\Daboia-siamensis-–-Eastern-Russell’s-Viper-Siamese-Russell’s-Viper-2.jpg,Russell's Viper,Venomous,DUPLICATE_REVIEW,validation/Venomous_Snake/Daboia-siamensis-ΓÇô-Eastern-RussellΓÇÖs-Viper-Siamese-RussellΓÇÖs-Viper-2.jpg,VALIDATION,NO,pHash=0; dHash=0; aHash=0; aspect_delta=0.3637; pixel_corr=0.9983; SSIM=0.9953; hist_corr=0.9946; ORB_good=13; ORB_inliers=12; ORB_inlier_ratio=0.9231,contact_sheets/duplicate_review/review_0196_duplicate_review.png,,,
REVIEW_0197,C:\Users\yesam\Desktop\anviksa_ai\new_training_data\snake_images\Indian-Snakes-Dataset-master\Venomous\Russell's Viper\Daboia_russelii_A_Chawla01.jpg,Russell's Viper,Venomous,DUPLICATE_REVIEW,train/Venomous_Snake/Daboia_russelii_A_Chawla01.jpg,TRAIN,NO,pHash=0; dHash=1; aHash=0; aspect_delta=0.2500; pixel_corr=0.9993; SSIM=0.9919; hist_corr=0.9971; ORB_good=3; ORB_inliers=0; ORB_inlier_ratio=0.0000,contact_sheets/duplicate_review/review_0197_duplicate_review.png,,,
REVIEW_0198,C:\Users\yesam\Desktop\anviksa_ai\new_training_data\snake_images\Indian-Snakes-Dataset-master\Venomous\Russell's Viper\Daboia_siamensis_WN_adult_D8D_5167e.jpg,Russell's Viper,Venomous,DUPLICATE_REVIEW,train/Venomous_Snake/Daboia_siamensis_WN_adult_D8D_5167e.jpg,TRAIN,NO,pHash=0; dHash=1; aHash=0; aspect_delta=0.3623; pixel_corr=0.9998; SSIM=0.9960; hist_corr=0.9996; ORB_good=2; ORB_inliers=0; ORB_inlier_ratio=0.0000,contact_sheets/duplicate_review/review_0198_duplicate_review.png,,,
REVIEW_0199,C:\Users\yesam\Desktop\anviksa_ai\new_training_data\snake_images\Indian-Snakes-Dataset-master\Venomous\Russell's Viper\DSC_1996.JPG,Russell's Viper,Venomous,DUPLICATE_REVIEW,train/Venomous_Snake/DSC_1996.JPG,TRAIN,NO,pHash=0; dHash=1; aHash=0; aspect_delta=0.3306; pixel_corr=0.9997; SSIM=0.9969; hist_corr=0.9986; ORB_good=12; ORB_inliers=10; ORB_inlier_ratio=0.8333,contact_sheets/duplicate_review/review_0199_duplicate_review.png,,,
REVIEW_0200,C:\Users\yesam\Desktop\anviksa_ai\new_training_data\snake_images\Indian-Snakes-Dataset-master\Venomous\Russell's Viper\File-Daboia_russelii_head_A_Chawla02.jpg,Russell's Viper,Venomous,DUPLICATE_REVIEW,train/Venomous_Snake/File-Daboia_russelii_head_A_Chawla02.jpg,TRAIN,NO,pHash=2; dHash=1; aHash=0; aspect_delta=0.2500; pixel_corr=0.9986; SSIM=0.9957; hist_corr=0.9991; ORB_good=7; ORB_inliers=4; ORB_inlier_ratio=0.5714,contact_sheets/duplicate_review/review_0200_duplicate_review.png,,,
REVIEW_0201,C:\Users\yesam\Desktop\anviksa_ai\new_training_data\snake_images\Indian-Snakes-Dataset-master\Venomous\Russell's Viper\IMG_1426-Edit.jpg,Russell's Viper,Venomous,DUPLICATE_REVIEW,validation/Venomous_Snake/IMG_1426-Edit.jpg,VALIDATION,NO,pHash=0; dHash=0; aHash=0; aspect_delta=0.3337; pixel_corr=0.9991; SSIM=0.9971; hist_corr=0.9976; ORB_good=16; ORB_inliers=12; ORB_inlier_ratio=0.7500,contact_sheets/duplicate_review/review_0201_duplicate_review.png,,,
REVIEW_0202,C:\Users\yesam\Desktop\anviksa_ai\new_training_data\snake_images\Indian-Snakes-Dataset-master\Venomous\Russell's Viper\IMG_3809-2.jpg,Russell's Viper,Venomous,DUPLICATE_REVIEW,train/Venomous_Snake/IMG_3809-2.jpg,TRAIN,NO,pHash=0; dHash=1; aHash=0; aspect_delta=0.3303; pixel_corr=0.9995; SSIM=0.9972; hist_corr=0.9990; ORB_good=4; ORB_inliers=4; ORB_inlier_ratio=1.0000,contact_sheets/duplicate_review/review_0202_duplicate_review.png,,,
REVIEW_0203,C:\Users\yesam\Desktop\anviksa_ai\new_training_data\snake_images\Indian-Snakes-Dataset-master\Venomous\Russell's Viper\IMG_3822-2.jpg,Russell's Viper,Venomous,DUPLICATE_REVIEW,validation/Venomous_Snake/IMG_3822-2.jpg,VALIDATION,NO,pHash=0; dHash=0; aHash=0; aspect_delta=0.3484; pixel_corr=0.9990; SSIM=0.9965; hist_corr=0.9971; ORB_good=2; ORB_inliers=0; ORB_inlier_ratio=0.0000,contact_sheets/duplicate_review/review_0203_duplicate_review.png,,,
REVIEW_0204,C:\Users\yesam\Desktop\anviksa_ai\new_training_data\snake_images\Indian-Snakes-Dataset-master\Venomous\Russell's Viper\IMG_4386-2.jpg,Russell's Viper,Venomous,LABEL_REVIEW,Venomous/Saw-scaled Viper/IMG_4386-2.jpg,NEW_DATASET,NO,EXACT_DUPLICATE; Byte-identical image occurs in different species folders; biological label not inferred.,contact_sheets/label_review/review_0204_label_review.png,,,
REVIEW_0205,C:\Users\yesam\Desktop\anviksa_ai\new_training_data\snake_images\Indian-Snakes-Dataset-master\Venomous\Russell's Viper\maxresdefault.jpg,Russell's Viper,Venomous,DUPLICATE_REVIEW,train/Venomous_Snake/maxresdefault (3).jpg,TRAIN,NO,pHash=0; dHash=0; aHash=0; aspect_delta=0.4375; pixel_corr=0.9993; SSIM=0.9964; hist_corr=0.9995; ORB_good=4; ORB_inliers=4; ORB_inlier_ratio=1.0000,contact_sheets/duplicate_review/review_0205_duplicate_review.png,,,
REVIEW_0206,C:\Users\yesam\Desktop\anviksa_ai\new_training_data\snake_images\Indian-Snakes-Dataset-master\Venomous\Russell's Viper\maxresdefault_001.jpg,Russell's Viper,Venomous,DUPLICATE_REVIEW,train/Venomous_Snake/maxresdefault_001.jpg,TRAIN,NO,pHash=0; dHash=0; aHash=0; aspect_delta=0.4375; pixel_corr=0.9997; SSIM=0.9986; hist_corr=0.9994; ORB_good=10; ORB_inliers=6; ORB_inlier_ratio=0.6000,contact_sheets/duplicate_review/review_0206_duplicate_review.png,,,
REVIEW_0207,C:\Users\yesam\Desktop\anviksa_ai\new_training_data\snake_images\Indian-Snakes-Dataset-master\Venomous\Russell's Viper\maxresdefault_002.jpg,Russell's Viper,Venomous,DUPLICATE_REVIEW,train/Venomous_Snake/maxresdefault_002 (3).jpg,TRAIN,NO,pHash=0; dHash=1; aHash=0; aspect_delta=0.4375; pixel_corr=0.9978; SSIM=0.9943; hist_corr=0.9984; ORB_good=3; ORB_inliers=0; ORB_inlier_ratio=0.0000,contact_sheets/duplicate_review/review_0207_duplicate_review.png,,,
REVIEW_0208,C:\Users\yesam\Desktop\anviksa_ai\new_training_data\snake_images\Indian-Snakes-Dataset-master\Venomous\Russell's Viper\maxresdefault_006.jpg,Russell's Viper,Venomous,DUPLICATE_REVIEW,train/Venomous_Snake/maxresdefault_006.jpg,TRAIN,NO,pHash=0; dHash=0; aHash=0; aspect_delta=0.4375; pixel_corr=0.9997; SSIM=0.9987; hist_corr=0.9995; ORB_good=10; ORB_inliers=7; ORB_inlier_ratio=0.7000,contact_sheets/duplicate_review/review_0208_duplicate_review.png,,,
REVIEW_0209,C:\Users\yesam\Desktop\anviksa_ai\new_training_data\snake_images\Indian-Snakes-Dataset-master\Venomous\Russell's Viper\maxresdefault_007.jpg,Russell's Viper,Venomous,DUPLICATE_REVIEW,train/Venomous_Snake/maxresdefault_007.jpg,TRAIN,NO,pHash=0; dHash=0; aHash=0; aspect_delta=0.4375; pixel_corr=0.9996; SSIM=0.9967; hist_corr=0.9996; ORB_good=9; ORB_inliers=9; ORB_inlier_ratio=1.0000,contact_sheets/duplicate_review/review_0209_duplicate_review.png,,,
REVIEW_0210,C:\Users\yesam\Desktop\anviksa_ai\new_training_data\snake_images\Indian-Snakes-Dataset-master\Venomous\Russell's Viper\P7180061.jpg,Russell's Viper,Venomous,DUPLICATE_REVIEW,train/Venomous_Snake/P7180061.jpg,TRAIN,NO,pHash=0; dHash=1; aHash=0; aspect_delta=0.4460; pixel_corr=0.9992; SSIM=0.9981; hist_corr=0.9998; ORB_good=5; ORB_inliers=0; ORB_inlier_ratio=0.0000,contact_sheets/duplicate_review/review_0210_duplicate_review.png,,,
REVIEW_0211,C:\Users\yesam\Desktop\anviksa_ai\new_training_data\snake_images\Indian-Snakes-Dataset-master\Venomous\Russell's Viper\RC1848W.jpg,Russell's Viper,Venomous,DUPLICATE_REVIEW,train/Venomous_Snake/RC1848W.jpg,TRAIN,NO,pHash=0; dHash=1; aHash=0; aspect_delta=0.5562; pixel_corr=0.9996; SSIM=0.9953; hist_corr=0.9983; ORB_good=9; ORB_inliers=8; ORB_inlier_ratio=0.8889,contact_sheets/duplicate_review/review_0211_duplicate_review.png,,,
REVIEW_0212,C:\Users\yesam\Desktop\anviksa_ai\new_training_data\snake_images\Indian-Snakes-Dataset-master\Venomous\Russell's Viper\RUSFULL_.JPG,Russell's Viper,Venomous,DUPLICATE_REVIEW,train/Venomous_Snake/RUSFULL_.JPG,TRAIN,NO,pHash=0; dHash=0; aHash=0; aspect_delta=0.3383; pixel_corr=0.9994; SSIM=0.9970; hist_corr=0.9996; ORB_good=11; ORB_inliers=9; ORB_inlier_ratio=0.8182,contact_sheets/duplicate_review/review_0212_duplicate_review.png,,,
REVIEW_0213,C:\Users\yesam\Desktop\anviksa_ai\new_training_data\snake_images\Indian-Snakes-Dataset-master\Venomous\Russell's Viper\RUSHEAD1.JPG,Russell's Viper,Venomous,DUPLICATE_REVIEW,train/Venomous_Snake/RUSHEAD1.JPG,TRAIN,NO,pHash=0; dHash=0; aHash=0; aspect_delta=0.3517; pixel_corr=0.9996; SSIM=0.9960; hist_corr=0.9995; ORB_good=2; ORB_inliers=0; ORB_inlier_ratio=0.0000,contact_sheets/duplicate_review/review_0213_duplicate_review.png,,,
REVIEW_0214,C:\Users\yesam\Desktop\anviksa_ai\new_training_data\snake_images\Indian-Snakes-Dataset-master\Venomous\Russell's Viper\Russell's_Viper.JPG,Russell's Viper,Venomous,DUPLICATE_REVIEW,train/Venomous_Snake/Russells_Viper.JPG,TRAIN,NO,pHash=0; dHash=0; aHash=1; aspect_delta=0.3333; pixel_corr=0.9994; SSIM=0.9929; hist_corr=0.9993; ORB_good=2; ORB_inliers=0; ORB_inlier_ratio=0.0000,contact_sheets/duplicate_review/review_0214_duplicate_review.png,,,
REVIEW_0215,C:\Users\yesam\Desktop\anviksa_ai\new_training_data\snake_images\Indian-Snakes-Dataset-master\Venomous\Russell's Viper\Russell's_Viper_(Daboia_russelli).JPG,Russell's Viper,Venomous,DUPLICATE_REVIEW,train/Venomous_Snake/Russells_Viper_(Daboia_russelli).JPG,TRAIN,NO,pHash=0; dHash=0; aHash=0; aspect_delta=0.2500; pixel_corr=0.9996; SSIM=0.9967; hist_corr=0.9991; ORB_good=0; ORB_inliers=0; ORB_inlier_ratio=0.0000,contact_sheets/duplicate_review/review_0215_duplicate_review.png,,,
REVIEW_0216,C:\Users\yesam\Desktop\anviksa_ai\new_training_data\snake_images\Indian-Snakes-Dataset-master\Venomous\Russell's Viper\Russell's_Viper_-_Transportation_Box.JPG,Russell's Viper,Venomous,DUPLICATE_REVIEW,validation/Venomous_Snake/Russells_Viper_Transportation_Box.JPG,VALIDATION,NO,pHash=0; dHash=0; aHash=0; aspect_delta=0.3333; pixel_corr=0.9998; SSIM=0.9964; hist_corr=0.9985; ORB_good=1; ORB_inliers=0; ORB_inlier_ratio=0.0000,contact_sheets/duplicate_review/review_0216_duplicate_review.png,,,
REVIEW_0217,C:\Users\yesam\Desktop\anviksa_ai\new_training_data\snake_images\Indian-Snakes-Dataset-master\Venomous\Russell's Viper\russell-s-viper-male.jpg,Russell's Viper,Venomous,DUPLICATE_REVIEW,train/Venomous_Snake/russell-s-viper-male.jpg,TRAIN,NO,pHash=0; dHash=0; aHash=0; aspect_delta=0.4382; pixel_corr=0.9998; SSIM=0.9956; hist_corr=0.9999; ORB_good=44; ORB_inliers=21; ORB_inlier_ratio=0.4773,contact_sheets/duplicate_review/review_0217_duplicate_review.png,,,
REVIEW_0218,C:\Users\yesam\Desktop\anviksa_ai\new_training_data\snake_images\Indian-Snakes-Dataset-master\Venomous\Russell's Viper\RUSSELL_VIPER.JPG,Russell's Viper,Venomous,DUPLICATE_REVIEW,train/Venomous_Snake/RUSSELL_VIPER.JPG,TRAIN,NO,pHash=0; dHash=1; aHash=1; aspect_delta=0.2500; pixel_corr=0.9996; SSIM=0.9974; hist_corr=0.9962; ORB_good=1; ORB_inliers=0; ORB_inlier_ratio=0.0000,contact_sheets/duplicate_review/review_0218_duplicate_review.png,,,
REVIEW_0219,C:\Users\yesam\Desktop\anviksa_ai\new_training_data\snake_images\Indian-Snakes-Dataset-master\Venomous\Russell's Viper\Russels-viper-Mike-Lyssarides-permissioned.jpg,Russell's Viper,Venomous,DUPLICATE_REVIEW,train/Venomous_Snake/Russels-viper-Mike-Lyssarides-permissioned.jpg,TRAIN,NO,pHash=2; dHash=0; aHash=1; aspect_delta=0.4363; pixel_corr=0.9996; SSIM=0.9963; hist_corr=0.9994; ORB_good=10; ORB_inliers=10; ORB_inlier_ratio=1.0000,contact_sheets/duplicate_review/review_0219_duplicate_review.png,,,
REVIEW_0220,C:\Users\yesam\Desktop\anviksa_ai\new_training_data\snake_images\Indian-Snakes-Dataset-master\Venomous\Russell's Viper\RV1.jpg,Russell's Viper,Venomous,DUPLICATE_REVIEW,train/Venomous_Snake/RV1.jpg,TRAIN,NO,pHash=0; dHash=0; aHash=1; aspect_delta=0.4375; pixel_corr=0.9988; SSIM=0.9953; hist_corr=0.9992; ORB_good=1; ORB_inliers=0; ORB_inlier_ratio=0.0000,contact_sheets/duplicate_review/review_0220_duplicate_review.png,,,
REVIEW_0221,C:\Users\yesam\Desktop\anviksa_ai\new_training_data\snake_images\Indian-Snakes-Dataset-master\Venomous\Russell's Viper\siamese-russells-viper.jpg,Russell's Viper,Venomous,DUPLICATE_REVIEW,train/Venomous_Snake/siamese-russells-viper.jpg,TRAIN,NO,pHash=2; dHash=0; aHash=0; aspect_delta=0.2500; pixel_corr=0.9996; SSIM=0.9974; hist_corr=0.9991; ORB_good=1; ORB_inliers=0; ORB_inlier_ratio=0.0000,contact_sheets/duplicate_review/review_0221_duplicate_review.png,,,
REVIEW_0222,C:\Users\yesam\Desktop\anviksa_ai\new_training_data\snake_images\Indian-Snakes-Dataset-master\Venomous\Russell's Viper\sites_snake-antivenin.com_files_russell-viper-daboia-russelli-siamensis-antivenom-red-cross.jpg,Russell's Viper,Venomous,DUPLICATE_REVIEW,validation/Venomous_Snake/sites_snake-antivenin.com_files_russell-viper-daboia-russelli-siamensis-antivenom-red-cross.jpg,VALIDATION,NO,pHash=0; dHash=0; aHash=0; aspect_delta=0.4236; pixel_corr=0.9997; SSIM=0.9984; hist_corr=0.9932; ORB_good=12; ORB_inliers=8; ORB_inlier_ratio=0.6667,contact_sheets/duplicate_review/review_0222_duplicate_review.png,,,
REVIEW_0223,C:\Users\yesam\Desktop\anviksa_ai\new_training_data\snake_images\Indian-Snakes-Dataset-master\Venomous\Russell's Viper\snake-bit-mit-resize-1.jpg,Russell's Viper,Venomous,DUPLICATE_REVIEW,train/Venomous_Snake/snake-bit-mit-resize-1.jpg,TRAIN,NO,pHash=0; dHash=0; aHash=0; aspect_delta=0.4365; pixel_corr=0.9995; SSIM=0.9984; hist_corr=0.9979; ORB_good=10; ORB_inliers=4; ORB_inlier_ratio=0.4000,contact_sheets/duplicate_review/review_0223_duplicate_review.png,,,
REVIEW_0224,C:\Users\yesam\Desktop\anviksa_ai\new_training_data\snake_images\Indian-Snakes-Dataset-master\Venomous\Russell's Viper\toz19228l.jpg,Russell's Viper,Venomous,DUPLICATE_REVIEW,train/Venomous_Snake/toz19228l.jpg,TRAIN,NO,pHash=0; dHash=0; aHash=1; aspect_delta=0.2500; pixel_corr=0.9992; SSIM=0.9971; hist_corr=0.9997; ORB_good=16; ORB_inliers=15; ORB_inlier_ratio=0.9375,contact_sheets/duplicate_review/review_0224_duplicate_review.png,,,
REVIEW_0225,C:\Users\yesam\Desktop\anviksa_ai\new_training_data\snake_images\Indian-Snakes-Dataset-master\Venomous\Saw-scaled Viper\0240.jpeg,Saw-scaled Viper,Venomous,DUPLICATE_REVIEW,train/Venomous_Snake/0240.jpg,TRAIN,NO,pHash=4; dHash=0; aHash=0; aspect_delta=0.3920; pixel_corr=0.9677; SSIM=0.9154; hist_corr=0.9987; ORB_good=19; ORB_inliers=16; ORB_inlier_ratio=0.8421,contact_sheets/duplicate_review/review_0225_duplicate_review.png,,,
REVIEW_0226,C:\Users\yesam\Desktop\anviksa_ai\new_training_data\snake_images\Indian-Snakes-Dataset-master\Venomous\Saw-scaled Viper\0804.jpeg,Saw-scaled Viper,Venomous,DUPLICATE_REVIEW,train/Venomous_Snake/0804.jpg,TRAIN,NO,pHash=0; dHash=1; aHash=0; aspect_delta=0.4756; pixel_corr=0.9842; SSIM=0.9166; hist_corr=0.9977; ORB_good=9; ORB_inliers=9; ORB_inlier_ratio=1.0000,contact_sheets/duplicate_review/review_0226_duplicate_review.png,,,
REVIEW_0227,C:\Users\yesam\Desktop\anviksa_ai\new_training_data\snake_images\Indian-Snakes-Dataset-master\Venomous\Saw-scaled Viper\114-viper.jpg,Saw-scaled Viper,Venomous,FROZEN_TEST_REVIEW,test/Venomous_Snake/114-viper.jpg,TEST,YES,pHash=0; dHash=0; aHash=0; aspect_delta=0.4379; pixel_corr=0.9997; SSIM=0.9980; hist_corr=0.9995; ORB_good=5; ORB_inliers=4; ORB_inlier_ratio=0.8000,contact_sheets/frozen_test_review/review_0227_frozen_test_review.png,,,
REVIEW_0228,C:\Users\yesam\Desktop\anviksa_ai\new_training_data\snake_images\Indian-Snakes-Dataset-master\Venomous\Saw-scaled Viper\12873_2012_Article_167_Fig1_HTML.jpg,Saw-scaled Viper,Venomous,DUPLICATE_REVIEW,train/Venomous_Snake/12873_2012_Article_167_Fig1_HTML.jpg,TRAIN,NO,pHash=0; dHash=0; aHash=1; aspect_delta=0.4033; pixel_corr=0.9993; SSIM=0.9976; hist_corr=0.9968; ORB_good=7; ORB_inliers=5; ORB_inlier_ratio=0.7143,contact_sheets/duplicate_review/review_0228_duplicate_review.png,,,
REVIEW_0229,C:\Users\yesam\Desktop\anviksa_ai\new_training_data\snake_images\Indian-Snakes-Dataset-master\Venomous\Saw-scaled Viper\15155896108_9c22ac4833_b.jpg,Saw-scaled Viper,Venomous,DUPLICATE_REVIEW,train/Venomous_Snake/15155896108_9c22ac4833_b.jpg,TRAIN,NO,pHash=0; dHash=0; aHash=0; aspect_delta=0.4229; pixel_corr=0.9994; SSIM=0.9981; hist_corr=0.9983; ORB_good=9; ORB_inliers=8; ORB_inlier_ratio=0.8889,contact_sheets/duplicate_review/review_0229_duplicate_review.png,,,
REVIEW_0230,C:\Users\yesam\Desktop\anviksa_ai\new_training_data\snake_images\Indian-Snakes-Dataset-master\Venomous\Saw-scaled Viper\506552827-egyptian-saw-scaled-viper-wriggling-gecko-chad.jpg,Saw-scaled Viper,Venomous,DUPLICATE_REVIEW,train/Venomous_Snake/506552827-egyptian-saw-scaled-viper-wriggling-gecko-chad.jpg,TRAIN,NO,pHash=2; dHash=1; aHash=0; aspect_delta=0.4375; pixel_corr=0.9996; SSIM=0.9954; hist_corr=0.9995; ORB_good=16; ORB_inliers=14; ORB_inlier_ratio=0.8750,contact_sheets/duplicate_review/review_0230_duplicate_review.png,,,
REVIEW_0231,C:\Users\yesam\Desktop\anviksa_ai\new_training_data\snake_images\Indian-Snakes-Dataset-master\Venomous\Saw-scaled Viper\5739148026_6b28169cd9_b.jpg,Saw-scaled Viper,Venomous,DUPLICATE_REVIEW,validation/Venomous_Snake/5739148026_6b28169cd9_b.jpg,VALIDATION,NO,pHash=2; dHash=1; aHash=0; aspect_delta=0.4600; pixel_corr=0.9983; SSIM=0.9944; hist_corr=0.9999; ORB_good=6; ORB_inliers=5; ORB_inlier_ratio=0.8333,contact_sheets/duplicate_review/review_0231_duplicate_review.png,,,
REVIEW_0232,C:\Users\yesam\Desktop\anviksa_ai\new_training_data\snake_images\Indian-Snakes-Dataset-master\Venomous\Saw-scaled Viper\602197057-egyptian-saw-scaled-viper-lurking-worming-chad.jpg,Saw-scaled Viper,Venomous,DUPLICATE_REVIEW,train/Venomous_Snake/602197057-egyptian-saw-scaled-viper-lurking-worming-chad.jpg,TRAIN,NO,pHash=0; dHash=0; aHash=0; aspect_delta=0.4375; pixel_corr=0.9994; SSIM=0.9969; hist_corr=0.9999; ORB_good=13; ORB_inliers=9; ORB_inlier_ratio=0.6923,contact_sheets/duplicate_review/review_0232_duplicate_review.png,,,
REVIEW_0233,C:\Users\yesam\Desktop\anviksa_ai\new_training_data\snake_images\Indian-Snakes-Dataset-master\Venomous\Saw-scaled Viper\619283807-egyptian-saw-scaled-viper-lurking-chad-sahara-das-versunkene-paradies.jpg,Saw-scaled Viper,Venomous,DUPLICATE_REVIEW,train/Venomous_Snake/619283807-egyptian-saw-scaled-viper-lurking-chad-sahara-das-versunkene-paradies.jpg,TRAIN,NO,pHash=0; dHash=0; aHash=0; aspect_delta=0.4375; pixel_corr=0.9992; SSIM=0.9968; hist_corr=0.9998; ORB_good=13; ORB_inliers=12; ORB_inlier_ratio=0.9231,contact_sheets/duplicate_review/review_0233_duplicate_review.png,,,
REVIEW_0234,C:\Users\yesam\Desktop\anviksa_ai\new_training_data\snake_images\Indian-Snakes-Dataset-master\Venomous\Saw-scaled Viper\661453767-egyptian-saw-scaled-viper-lurking-worming-chad.jpg,Saw-scaled Viper,Venomous,DUPLICATE_REVIEW,train/Venomous_Snake/661453767-egyptian-saw-scaled-viper-lurking-worming-chad.jpg,TRAIN,NO,pHash=0; dHash=0; aHash=2; aspect_delta=0.4375; pixel_corr=0.9993; SSIM=0.9974; hist_corr=0.9998; ORB_good=13; ORB_inliers=11; ORB_inlier_ratio=0.8462,contact_sheets/duplicate_review/review_0234_duplicate_review.png,,,
REVIEW_0235,C:\Users\yesam\Desktop\anviksa_ai\new_training_data\snake_images\Indian-Snakes-Dataset-master\Venomous\Saw-scaled Viper\6834742881_d6100bca97_b.jpg,Saw-scaled Viper,Venomous,DUPLICATE_REVIEW,train/Venomous_Snake/6834742881_d6100bca97_b.jpg,TRAIN,NO,pHash=0; dHash=1; aHash=0; aspect_delta=0.3975; pixel_corr=0.9993; SSIM=0.9953; hist_corr=0.9997; ORB_good=18; ORB_inliers=17; ORB_inlier_ratio=0.9444,contact_sheets/duplicate_review/review_0235_duplicate_review.png,,,
REVIEW_0236,C:\Users\yesam\Desktop\anviksa_ai\new_training_data\snake_images\Indian-Snakes-Dataset-master\Venomous\Saw-scaled Viper\686451267-wall-gecko-egyptian-saw-scaled-viper-worming-chad.jpg,Saw-scaled Viper,Venomous,DUPLICATE_REVIEW,train/Venomous_Snake/686451267-wall-gecko-egyptian-saw-scaled-viper-worming-chad.jpg,TRAIN,NO,pHash=0; dHash=0; aHash=0; aspect_delta=0.4375; pixel_corr=0.9998; SSIM=0.9966; hist_corr=0.9990; ORB_good=16; ORB_inliers=13; ORB_inlier_ratio=0.8125,contact_sheets/duplicate_review/review_0236_duplicate_review.png,,,
REVIEW_0237,C:\Users\yesam\Desktop\anviksa_ai\new_training_data\snake_images\Indian-Snakes-Dataset-master\Venomous\Saw-scaled Viper\699780063-wall-gecko-egyptian-saw-scaled-viper-chad-sahara-das-versunkene-paradies.jpg,Saw-scaled Viper,Venomous,DUPLICATE_REVIEW,train/Venomous_Snake/699780063-wall-gecko-egyptian-saw-scaled-viper-chad-sahara-das-versunkene-paradies.jpg,TRAIN,NO,pHash=0; dHash=0; aHash=0; aspect_delta=0.4375; pixel_corr=0.9997; SSIM=0.9964; hist_corr=0.9987; ORB_good=19; ORB_inliers=19; ORB_inlier_ratio=1.0000,contact_sheets/duplicate_review/review_0237_duplicate_review.png,,,
REVIEW_0238,C:\Users\yesam\Desktop\anviksa_ai\new_training_data\snake_images\Indian-Snakes-Dataset-master\Venomous\Saw-scaled Viper\755725196-egyptian-saw-scaled-viper-gecko-chad-sahara-das-versunkene-paradies.jpg,Saw-scaled Viper,Venomous,DUPLICATE_REVIEW,validation/Venomous_Snake/755725196-egyptian-saw-scaled-viper-gecko-chad-sahara-das-versunkene-paradies.jpg,VALIDATION,NO,pHash=0; dHash=0; aHash=0; aspect_delta=0.4375; pixel_corr=0.9988; SSIM=0.9957; hist_corr=0.9996; ORB_good=11; ORB_inliers=9; ORB_inlier_ratio=0.8182,contact_sheets/duplicate_review/review_0238_duplicate_review.png,,,
REVIEW_0239,C:\Users\yesam\Desktop\anviksa_ai\new_training_data\snake_images\Indian-Snakes-Dataset-master\Venomous\Saw-scaled Viper\806797304-wall-gecko-egyptian-saw-scaled-viper-chad-sahara-das-versunkene-paradies.jpg,Saw-scaled Viper,Venomous,DUPLICATE_REVIEW,train/Venomous_Snake/806797304-wall-gecko-egyptian-saw-scaled-viper-chad-sahara-das-versunkene-paradies.jpg,TRAIN,NO,pHash=0; dHash=0; aHash=0; aspect_delta=0.4375; pixel_corr=0.9998; SSIM=0.9958; hist_corr=0.9996; ORB_good=14; ORB_inliers=9; ORB_inlier_ratio=0.6429,contact_sheets/duplicate_review/review_0239_duplicate_review.png,,,
REVIEW_0240,C:\Users\yesam\Desktop\anviksa_ai\new_training_data\snake_images\Indian-Snakes-Dataset-master\Venomous\Saw-scaled Viper\886949850-wall-gecko-egyptian-saw-scaled-viper-wriggling-chad.jpg,Saw-scaled Viper,Venomous,DUPLICATE_REVIEW,train/Venomous_Snake/886949850-wall-gecko-egyptian-saw-scaled-viper-wriggling-chad.jpg,TRAIN,NO,pHash=0; dHash=0; aHash=0; aspect_delta=0.4375; pixel_corr=0.9992; SSIM=0.9959; hist_corr=0.9998; ORB_good=13; ORB_inliers=7; ORB_inlier_ratio=0.5385,contact_sheets/duplicate_review/review_0240_duplicate_review.png,,,
REVIEW_0241,C:\Users\yesam\Desktop\anviksa_ai\new_training_data\snake_images\Indian-Snakes-Dataset-master\Venomous\Saw-scaled Viper\90130058.jpg,Saw-scaled Viper,Venomous,DUPLICATE_REVIEW,train/Venomous_Snake/90130058.jpg,TRAIN,NO,pHash=0; dHash=0; aHash=0; aspect_delta=0.4557; pixel_corr=0.9993; SSIM=0.9980; hist_corr=0.9972; ORB_good=4; ORB_inliers=4; ORB_inlier_ratio=1.0000,contact_sheets/duplicate_review/review_0241_duplicate_review.png,,,
REVIEW_0242,C:\Users\yesam\Desktop\anviksa_ai\new_training_data\snake_images\Indian-Snakes-Dataset-master\Venomous\Saw-scaled Viper\_afe8d134-4e76-11e6-8d8d-a42edc5c5383.jpg,Saw-scaled Viper,Venomous,FROZEN_TEST_REVIEW,test/Venomous_Snake/_afe8d134-4e76-11e6-8d8d-a42edc5c5383.jpg,TEST,YES,pHash=0; dHash=1; aHash=0; aspect_delta=0.4891; pixel_corr=0.9998; SSIM=0.9985; hist_corr=0.9995; ORB_good=12; ORB_inliers=7; ORB_inlier_ratio=0.5833,contact_sheets/frozen_test_review/review_0242_frozen_test_review.png,,,
REVIEW_0243,C:\Users\yesam\Desktop\anviksa_ai\new_training_data\snake_images\Indian-Snakes-Dataset-master\Venomous\Saw-scaled Viper\_DSC0260.jpg,Saw-scaled Viper,Venomous,FROZEN_TEST_REVIEW,test/Venomous_Snake/_DSC0260.jpg,TEST,YES,pHash=0; dHash=0; aHash=0; aspect_delta=0.3800; pixel_corr=0.9994; SSIM=0.9982; hist_corr=0.9996; ORB_good=14; ORB_inliers=9; ORB_inlier_ratio=0.6429,contact_sheets/frozen_test_review/review_0243_frozen_test_review.png,,,
REVIEW_0244,C:\Users\yesam\Desktop\anviksa_ai\new_training_data\snake_images\Indian-Snakes-Dataset-master\Venomous\Saw-scaled Viper\carpet_viper_2.jpg,Saw-scaled Viper,Venomous,FROZEN_TEST_REVIEW,test/Venomous_Snake/carpet_viper_2.jpg,TEST,YES,pHash=0; dHash=0; aHash=0; aspect_delta=0.3730; pixel_corr=0.9997; SSIM=0.9962; hist_corr=0.9964; ORB_good=18; ORB_inliers=15; ORB_inlier_ratio=0.8333,contact_sheets/frozen_test_review/review_0244_frozen_test_review.png,,,
REVIEW_0245,C:\Users\yesam\Desktop\anviksa_ai\new_training_data\snake_images\Indian-Snakes-Dataset-master\Venomous\Saw-scaled Viper\CY025J-1.jpg,Saw-scaled Viper,Venomous,FROZEN_TEST_REVIEW,test/Venomous_Snake/CY025J-1.jpg,TEST,YES,pHash=0; dHash=0; aHash=0; aspect_delta=0.3359; pixel_corr=0.9998; SSIM=0.9971; hist_corr=0.9995; ORB_good=12; ORB_inliers=5; ORB_inlier_ratio=0.4167,contact_sheets/frozen_test_review/review_0245_frozen_test_review.png,,,
REVIEW_0246,C:\Users\yesam\Desktop\anviksa_ai\new_training_data\snake_images\Indian-Snakes-Dataset-master\Venomous\Saw-scaled Viper\Desktop14 copy.jpg,Saw-scaled Viper,Venomous,DUPLICATE_REVIEW,validation/Venomous_Snake/Desktop14 copy.jpg,VALIDATION,NO,pHash=2; dHash=1; aHash=0; aspect_delta=0.4375; pixel_corr=0.9997; SSIM=0.9974; hist_corr=0.9999; ORB_good=32; ORB_inliers=14; ORB_inlier_ratio=0.4375,contact_sheets/duplicate_review/review_0246_duplicate_review.png,,,
REVIEW_0247,C:\Users\yesam\Desktop\anviksa_ai\new_training_data\snake_images\Indian-Snakes-Dataset-master\Venomous\Saw-scaled Viper\echis-carinatus-saw-scaled-viper-commonly-called-venomous-species-found-parts-middle-east-central-64402010_001.jpg,Saw-scaled Viper,Venomous,DUPLICATE_REVIEW,train/Venomous_Snake/echis-carinatus-saw-scaled-viper-commonly-called-venomous-species-found-parts-middle-east-central-64402010_001.jpg,TRAIN,NO,pHash=0; dHash=0; aHash=0; aspect_delta=0.3388; pixel_corr=0.9990; SSIM=0.9967; hist_corr=0.9988; ORB_good=18; ORB_inliers=13; ORB_inlier_ratio=0.7222,contact_sheets/duplicate_review/review_0247_duplicate_review.png,,,
REVIEW_0248,C:\Users\yesam\Desktop\anviksa_ai\new_training_data\snake_images\Indian-Snakes-Dataset-master\Venomous\Saw-scaled Viper\Echis_carinatus(Saw_Scaled_Viper)_Phansad.jpg,Saw-scaled Viper,Venomous,DUPLICATE_REVIEW,train/Venomous_Snake/Echis_carinatus(Saw_Scaled_Viper)_Phansad.jpg,TRAIN,NO,pHash=0; dHash=1; aHash=0; aspect_delta=0.3470; pixel_corr=0.9994; SSIM=0.9983; hist_corr=0.9946; ORB_good=2; ORB_inliers=0; ORB_inlier_ratio=0.0000,contact_sheets/duplicate_review/review_0248_duplicate_review.png,,,
REVIEW_0249,"C:\Users\yesam\Desktop\anviksa_ai\new_training_data\snake_images\Indian-Snakes-Dataset-master\Venomous\Saw-scaled Viper\flat,1000x1000,075,f.u4.jpg",Saw-scaled Viper,Venomous,DUPLICATE_REVIEW,"validation/Venomous_Snake/flat,1000x1000,075,f.u4.jpg",VALIDATION,NO,pHash=0; dHash=0; aHash=0; aspect_delta=0.4060; pixel_corr=0.9997; SSIM=0.9981; hist_corr=0.9995; ORB_good=16; ORB_inliers=15; ORB_inlier_ratio=0.9375,contact_sheets/duplicate_review/review_0249_duplicate_review.png,,,
REVIEW_0250,C:\Users\yesam\Desktop\anviksa_ai\new_training_data\snake_images\Indian-Snakes-Dataset-master\Venomous\Saw-scaled Viper\ht_saw_scaled_viper_heart_attack_treatment_lpl_130221_wmain.jpg,Saw-scaled Viper,Venomous,DUPLICATE_REVIEW,validation/Venomous_Snake/ht_saw_scaled_viper_heart_attack_treatment_lpl_130221_wmain.jpg,VALIDATION,NO,pHash=0; dHash=0; aHash=0; aspect_delta=0.4375; pixel_corr=0.9995; SSIM=0.9966; hist_corr=0.9959; ORB_good=18; ORB_inliers=15; ORB_inlier_ratio=0.8333,contact_sheets/duplicate_review/review_0250_duplicate_review.png,,,
REVIEW_0251,C:\Users\yesam\Desktop\anviksa_ai\new_training_data\snake_images\Indian-Snakes-Dataset-master\Venomous\Saw-scaled Viper\img_2505.jpg,Saw-scaled Viper,Venomous,DUPLICATE_REVIEW,validation/Venomous_Snake/img_2505.jpg,VALIDATION,NO,pHash=2; dHash=0; aHash=0; aspect_delta=0.2497; pixel_corr=0.9989; SSIM=0.9968; hist_corr=0.9972; ORB_good=5; ORB_inliers=0; ORB_inlier_ratio=0.0000,contact_sheets/duplicate_review/review_0251_duplicate_review.png,,,
REVIEW_0252,C:\Users\yesam\Desktop\anviksa_ai\new_training_data\snake_images\Indian-Snakes-Dataset-master\Venomous\Saw-scaled Viper\IMG_3806-2.jpg,Saw-scaled Viper,Venomous,DUPLICATE_REVIEW,train/Venomous_Snake/IMG_3806-2.jpg,TRAIN,NO,pHash=0; dHash=2; aHash=0; aspect_delta=0.3341; pixel_corr=0.9991; SSIM=0.9976; hist_corr=0.9988; ORB_good=2; ORB_inliers=0; ORB_inlier_ratio=0.0000,contact_sheets/duplicate_review/review_0252_duplicate_review.png,,,
REVIEW_0253,C:\Users\yesam\Desktop\anviksa_ai\new_training_data\snake_images\Indian-Snakes-Dataset-master\Venomous\Saw-scaled Viper\IMG_3808-2.jpg,Saw-scaled Viper,Venomous,DUPLICATE_REVIEW,train/Venomous_Snake/IMG_3808-2.jpg,TRAIN,NO,pHash=0; dHash=2; aHash=0; aspect_delta=0.2950; pixel_corr=0.9997; SSIM=0.9974; hist_corr=0.9993; ORB_good=18; ORB_inliers=18; ORB_inlier_ratio=1.0000,contact_sheets/duplicate_review/review_0253_duplicate_review.png,,,
REVIEW_0254,C:\Users\yesam\Desktop\anviksa_ai\new_training_data\snake_images\Indian-Snakes-Dataset-master\Venomous\Saw-scaled Viper\IMG_4588.jpg,Saw-scaled Viper,Venomous,DUPLICATE_REVIEW,train/Venomous_Snake/IMG_4588.jpg,TRAIN,NO,pHash=0; dHash=0; aHash=0; aspect_delta=0.3333; pixel_corr=0.9996; SSIM=0.9990; hist_corr=0.9943; ORB_good=5; ORB_inliers=4; ORB_inlier_ratio=0.8000,contact_sheets/duplicate_review/review_0254_duplicate_review.png,,,
REVIEW_0255,C:\Users\yesam\Desktop\anviksa_ai\new_training_data\snake_images\Indian-Snakes-Dataset-master\Venomous\Saw-scaled Viper\maxresdefault_001.jpg,Saw-scaled Viper,Venomous,DUPLICATE_REVIEW,train/Venomous_Snake/maxresdefault_001 (2).jpg,TRAIN,NO,pHash=0; dHash=0; aHash=0; aspect_delta=0.4375; pixel_corr=0.9993; SSIM=0.9978; hist_corr=0.9991; ORB_good=2; ORB_inliers=0; ORB_inlier_ratio=0.0000,contact_sheets/duplicate_review/review_0255_duplicate_review.png,,,
REVIEW_0256,C:\Users\yesam\Desktop\anviksa_ai\new_training_data\snake_images\Indian-Snakes-Dataset-master\Venomous\Saw-scaled Viper\maxresdefault_002.jpg,Saw-scaled Viper,Venomous,DUPLICATE_REVIEW,validation/Venomous_Snake/maxresdefault_002 (4).jpg,VALIDATION,NO,pHash=0; dHash=0; aHash=0; aspect_delta=0.2492; pixel_corr=0.9997; SSIM=0.9985; hist_corr=0.9992; ORB_good=13; ORB_inliers=11; ORB_inlier_ratio=0.8462,contact_sheets/duplicate_review/review_0256_duplicate_review.png,,,
REVIEW_0257,C:\Users\yesam\Desktop\anviksa_ai\new_training_data\snake_images\Indian-Snakes-Dataset-master\Venomous\Saw-scaled Viper\maxresdefault_003.jpg,Saw-scaled Viper,Venomous,DUPLICATE_REVIEW,train/Venomous_Snake/maxresdefault_003 (2).jpg,TRAIN,NO,pHash=0; dHash=0; aHash=0; aspect_delta=0.3687; pixel_corr=0.9995; SSIM=0.9983; hist_corr=1.0000; ORB_good=17; ORB_inliers=8; ORB_inlier_ratio=0.4706,contact_sheets/duplicate_review/review_0257_duplicate_review.png,,,
REVIEW_0258,C:\Users\yesam\Desktop\anviksa_ai\new_training_data\snake_images\Indian-Snakes-Dataset-master\Venomous\Saw-scaled Viper\maxresdefault_006.jpg,Saw-scaled Viper,Venomous,DUPLICATE_REVIEW,train/Venomous_Snake/maxresdefault_006 (2).jpg,TRAIN,NO,pHash=0; dHash=0; aHash=0; aspect_delta=0.4375; pixel_corr=0.9995; SSIM=0.9987; hist_corr=0.9982; ORB_good=9; ORB_inliers=5; ORB_inlier_ratio=0.5556,contact_sheets/duplicate_review/review_0258_duplicate_review.png,,,
REVIEW_0259,C:\Users\yesam\Desktop\anviksa_ai\new_training_data\snake_images\Indian-Snakes-Dataset-master\Venomous\Saw-scaled Viper\maxresdefault_007.jpg,Saw-scaled Viper,Venomous,DUPLICATE_REVIEW,train/Venomous_Snake/maxresdefault_007 (2).jpg,TRAIN,NO,pHash=0; dHash=0; aHash=0; aspect_delta=0.4375; pixel_corr=0.9996; SSIM=0.9970; hist_corr=0.9998; ORB_good=10; ORB_inliers=5; ORB_inlier_ratio=0.5000,contact_sheets/duplicate_review/review_0259_duplicate_review.png,,,
REVIEW_0260,C:\Users\yesam\Desktop\anviksa_ai\new_training_data\snake_images\Indian-Snakes-Dataset-master\Venomous\Saw-scaled Viper\maxresdefault_008.jpg,Saw-scaled Viper,Venomous,DUPLICATE_REVIEW,train/Venomous_Snake/maxresdefault_008.jpg,TRAIN,NO,pHash=0; dHash=0; aHash=0; aspect_delta=0.4375; pixel_corr=0.9998; SSIM=0.9980; hist_corr=0.9995; ORB_good=15; ORB_inliers=13; ORB_inlier_ratio=0.8667,contact_sheets/duplicate_review/review_0260_duplicate_review.png,,,
REVIEW_0261,C:\Users\yesam\Desktop\anviksa_ai\new_training_data\snake_images\Indian-Snakes-Dataset-master\Venomous\Saw-scaled Viper\maxresdefault_009.jpg,Saw-scaled Viper,Venomous,DUPLICATE_REVIEW,train/Venomous_Snake/maxresdefault_009.jpg,TRAIN,NO,pHash=0; dHash=0; aHash=0; aspect_delta=0.4375; pixel_corr=0.9990; SSIM=0.9972; hist_corr=0.9996; ORB_good=4; ORB_inliers=4; ORB_inlier_ratio=1.0000,contact_sheets/duplicate_review/review_0261_duplicate_review.png,,,
REVIEW_0262,C:\Users\yesam\Desktop\anviksa_ai\new_training_data\snake_images\Indian-Snakes-Dataset-master\Venomous\Saw-scaled Viper\saw-scale-viper.jpg,Saw-scaled Viper,Venomous,DUPLICATE_REVIEW,train/Venomous_Snake/saw-scale-viper.jpg,TRAIN,NO,pHash=0; dHash=1; aHash=1; aspect_delta=0.4750; pixel_corr=0.9939; SSIM=0.9842; hist_corr=0.9999; ORB_good=6; ORB_inliers=5; ORB_inlier_ratio=0.8333,contact_sheets/duplicate_review/review_0262_duplicate_review.png,,,
REVIEW_0263,C:\Users\yesam\Desktop\anviksa_ai\new_training_data\snake_images\Indian-Snakes-Dataset-master\Venomous\Saw-scaled Viper\Saw-Scaled-Viper-1 copy-X2.jpg,Saw-scaled Viper,Venomous,DUPLICATE_REVIEW,train/Venomous_Snake/Saw-Scaled-Viper-1 copy-X2.jpg,TRAIN,NO,pHash=0; dHash=0; aHash=0; aspect_delta=0.3336; pixel_corr=0.9994; SSIM=0.9983; hist_corr=0.9992; ORB_good=19; ORB_inliers=18; ORB_inlier_ratio=0.9474,contact_sheets/duplicate_review/review_0263_duplicate_review.png,,,
REVIEW_0264,C:\Users\yesam\Desktop\anviksa_ai\new_training_data\snake_images\Indian-Snakes-Dataset-master\Venomous\Saw-scaled Viper\Saw-Scaled-Viper-Bhavya-Joshi-Flickr.jpg,Saw-scaled Viper,Venomous,DUPLICATE_REVIEW,train/Venomous_Snake/Saw-Scaled-Viper-Bhavya-Joshi-Flickr.jpg,TRAIN,NO,pHash=0; dHash=0; aHash=0; aspect_delta=0.4119; pixel_corr=0.9998; SSIM=0.9965; hist_corr=0.9999; ORB_good=16; ORB_inliers=13; ORB_inlier_ratio=0.8125,contact_sheets/duplicate_review/review_0264_duplicate_review.png,,,
REVIEW_0265,C:\Users\yesam\Desktop\anviksa_ai\new_training_data\snake_images\Indian-Snakes-Dataset-master\Venomous\Saw-scaled Viper\saw-scaled-viper_006.jpg,Saw-scaled Viper,Venomous,DUPLICATE_REVIEW,validation/Venomous_Snake/saw-scaled-viper_006.jpg,VALIDATION,NO,pHash=0; dHash=0; aHash=0; aspect_delta=0.4328; pixel_corr=0.9998; SSIM=0.9991; hist_corr=0.9995; ORB_good=10; ORB_inliers=9; ORB_inlier_ratio=0.9000,contact_sheets/duplicate_review/review_0265_duplicate_review.png,,,
REVIEW_0266,C:\Users\yesam\Desktop\anviksa_ai\new_training_data\snake_images\Indian-Snakes-Dataset-master\Venomous\Saw-scaled Viper\Saw-Scaled-Viper_012.jpg,Saw-scaled Viper,Venomous,DUPLICATE_REVIEW,train/Venomous_Snake/Saw-Scaled-Viper_012.jpg,TRAIN,NO,pHash=0; dHash=0; aHash=0; aspect_delta=0.4901; pixel_corr=0.9995; SSIM=0.9970; hist_corr=0.9994; ORB_good=5; ORB_inliers=4; ORB_inlier_ratio=0.8000,contact_sheets/duplicate_review/review_0266_duplicate_review.png,,,
REVIEW_0267,C:\Users\yesam\Desktop\anviksa_ai\new_training_data\snake_images\Indian-Snakes-Dataset-master\Venomous\Saw-scaled Viper\Saw-scaled_viper_egg.JPG,Saw-scaled Viper,Venomous,DUPLICATE_REVIEW,validation/Venomous_Snake/Saw-scaled_viper_egg.JPG,VALIDATION,NO,pHash=0; dHash=0; aHash=0; aspect_delta=0.2500; pixel_corr=0.9992; SSIM=0.9972; hist_corr=0.9997; ORB_good=4; ORB_inliers=4; ORB_inlier_ratio=1.0000,contact_sheets/duplicate_review/review_0267_duplicate_review.png,,,
REVIEW_0268,C:\Users\yesam\Desktop\anviksa_ai\new_training_data\snake_images\Indian-Snakes-Dataset-master\Venomous\Saw-scaled Viper\saw_scaled_kid_with_biggie.jpg,Saw-scaled Viper,Venomous,DUPLICATE_REVIEW,train/Venomous_Snake/saw_scaled_kid_with_biggie.jpg,TRAIN,NO,pHash=0; dHash=0; aHash=1; aspect_delta=0.5225; pixel_corr=0.9985; SSIM=0.9968; hist_corr=0.9961; ORB_good=4; ORB_inliers=4; ORB_inlier_ratio=1.0000,contact_sheets/duplicate_review/review_0268_duplicate_review.png,,,
REVIEW_0269,C:\Users\yesam\Desktop\anviksa_ai\new_training_data\snake_images\Indian-Snakes-Dataset-master\Venomous\Saw-scaled Viper\Saw_scaled_viper_001.jpg,Saw-scaled Viper,Venomous,DUPLICATE_REVIEW,train/Venomous_Snake/Saw_scaled_viper_001.jpg,TRAIN,NO,pHash=0; dHash=0; aHash=0; aspect_delta=0.4234; pixel_corr=0.9998; SSIM=0.9973; hist_corr=0.9995; ORB_good=0; ORB_inliers=0; ORB_inlier_ratio=0.0000,contact_sheets/duplicate_review/review_0269_duplicate_review.png,,,
REVIEW_0270,C:\Users\yesam\Desktop\anviksa_ai\new_training_data\snake_images\Indian-Snakes-Dataset-master\Venomous\Saw-scaled Viper\SawScaledBG.jpg,Saw-scaled Viper,Venomous,DUPLICATE_REVIEW,validation/Venomous_Snake/SawScaledBG.jpg,VALIDATION,NO,pHash=0; dHash=0; aHash=0; aspect_delta=0.3333; pixel_corr=0.9994; SSIM=0.9976; hist_corr=0.9998; ORB_good=1; ORB_inliers=0; ORB_inlier_ratio=0.0000,contact_sheets/duplicate_review/review_0270_duplicate_review.png,,,
REVIEW_0271,C:\Users\yesam\Desktop\anviksa_ai\new_training_data\snake_images\Indian-Snakes-Dataset-master\Venomous\Saw-scaled Viper\Sind-saw-scaled-viper_001.jpg,Saw-scaled Viper,Venomous,DUPLICATE_REVIEW,validation/Venomous_Snake/Sind-saw-scaled-viper_001.jpg,VALIDATION,NO,pHash=2; dHash=0; aHash=0; aspect_delta=0.4415; pixel_corr=0.9996; SSIM=0.9956; hist_corr=0.9999; ORB_good=11; ORB_inliers=7; ORB_inlier_ratio=0.6364,contact_sheets/duplicate_review/review_0271_duplicate_review.png,,,
REVIEW_0272,C:\Users\yesam\Desktop\anviksa_ai\new_training_data\snake_images\Indian-Snakes-Dataset-master\Venomous\Saw-scaled Viper\Snakebite-DNase-saw-scaled-viper-31cd25oj9az8gi7dpey1vk.jpg,Saw-scaled Viper,Venomous,DUPLICATE_REVIEW,validation/Venomous_Snake/Snakebite-DNase-saw-scaled-viper-31cd25oj9az8gi7dpey1vk.jpg,VALIDATION,NO,pHash=2; dHash=1; aHash=0; aspect_delta=0.4082; pixel_corr=0.9999; SSIM=0.9977; hist_corr=0.9998; ORB_good=14; ORB_inliers=12; ORB_inlier_ratio=0.8571,contact_sheets/duplicate_review/review_0272_duplicate_review.png,,,
REVIEW_0273,C:\Users\yesam\Desktop\anviksa_ai\new_training_data\snake_images\Indian-Snakes-Dataset-master\Venomous\Saw-scaled Viper\SNP00571.jpg,Saw-scaled Viper,Venomous,DUPLICATE_REVIEW,train/Venomous_Snake/SNP00571.jpg,TRAIN,NO,pHash=0; dHash=0; aHash=0; aspect_delta=0.4600; pixel_corr=0.9995; SSIM=0.9974; hist_corr=0.9999; ORB_good=6; ORB_inliers=4; ORB_inlier_ratio=0.6667,contact_sheets/duplicate_review/review_0273_duplicate_review.png,,,
REVIEW_0274,C:\Users\yesam\Desktop\anviksa_ai\new_training_data\snake_images\Indian-Snakes-Dataset-master\Venomous\Spectacled Cobra\1438852857sub head shot-2.jpg,Spectacled Cobra,Venomous,DUPLICATE_REVIEW,train/Venomous_Snake/1438852857sub head shot-2.jpg,TRAIN,NO,pHash=0; dHash=0; aHash=0; aspect_delta=0.4141; pixel_corr=0.9998; SSIM=0.9979; hist_corr=0.9992; ORB_good=8; ORB_inliers=7; ORB_inlier_ratio=0.8750,contact_sheets/duplicate_review/review_0274_duplicate_review.png,,,
REVIEW_0275,C:\Users\yesam\Desktop\anviksa_ai\new_training_data\snake_images\Indian-Snakes-Dataset-master\Venomous\Spectacled Cobra\4cb43071ca703cf4778dd7473d3dfab8.jpg,Spectacled Cobra,Venomous,DUPLICATE_REVIEW,train/Venomous_Snake/4cb43071ca703cf4778dd7473d3dfab8.jpg,TRAIN,NO,pHash=0; dHash=0; aHash=0; aspect_delta=0.2500; pixel_corr=0.9988; SSIM=0.9958; hist_corr=0.9996; ORB_good=1; ORB_inliers=0; ORB_inlier_ratio=0.0000,contact_sheets/duplicate_review/review_0275_duplicate_review.png,,,
REVIEW_0276,C:\Users\yesam\Desktop\anviksa_ai\new_training_data\snake_images\Indian-Snakes-Dataset-master\Venomous\Spectacled Cobra\6b6da31906462414e878d1dd90aa146c--snake-wallpaper-hd-wallpaper.jpg,Spectacled Cobra,Venomous,FROZEN_TEST_REVIEW,test/Venomous_Snake/6b6da31906462414e878d1dd90aa146c--snake-wallpaper-hd-wallpaper.jpg,TEST,YES,pHash=0; dHash=0; aHash=0; aspect_delta=0.5245; pixel_corr=0.9997; SSIM=0.9974; hist_corr=0.9998; ORB_good=14; ORB_inliers=7; ORB_inlier_ratio=0.5000,contact_sheets/frozen_test_review/review_0276_frozen_test_review.png,,,
REVIEW_0277,C:\Users\yesam\Desktop\anviksa_ai\new_training_data\snake_images\Indian-Snakes-Dataset-master\Venomous\Spectacled Cobra\6O4A0379.jpg,Spectacled Cobra,Venomous,FROZEN_TEST_REVIEW,test/Venomous_Snake/6O4A0379.jpg,TEST,YES,pHash=0; dHash=0; aHash=1; aspect_delta=0.3333; pixel_corr=0.9997; SSIM=0.9962; hist_corr=1.0000; ORB_good=2; ORB_inliers=0; ORB_inlier_ratio=0.0000,contact_sheets/frozen_test_review/review_0277_frozen_test_review.png,,,
REVIEW_0278,C:\Users\yesam\Desktop\anviksa_ai\new_training_data\snake_images\Indian-Snakes-Dataset-master\Venomous\Spectacled Cobra\6O4A0409.jpg,Spectacled Cobra,Venomous,DUPLICATE_REVIEW,train/Venomous_Snake/6O4A0409.jpg,TRAIN,NO,pHash=0; dHash=1; aHash=0; aspect_delta=0.3333; pixel_corr=0.9994; SSIM=0.9970; hist_corr=0.9998; ORB_good=3; ORB_inliers=0; ORB_inlier_ratio=0.0000,contact_sheets/duplicate_review/review_0278_duplicate_review.png,,,
REVIEW_0279,C:\Users\yesam\Desktop\anviksa_ai\new_training_data\snake_images\Indian-Snakes-Dataset-master\Venomous\Spectacled Cobra\6O4A0417.jpg,Spectacled Cobra,Venomous,FROZEN_TEST_REVIEW,test/Venomous_Snake/6O4A0417.jpg,TEST,YES,pHash=0; dHash=1; aHash=0; aspect_delta=0.3333; pixel_corr=0.9993; SSIM=0.9969; hist_corr=0.9997; ORB_good=1; ORB_inliers=0; ORB_inlier_ratio=0.0000,contact_sheets/frozen_test_review/review_0279_frozen_test_review.png,,,
REVIEW_0280,C:\Users\yesam\Desktop\anviksa_ai\new_training_data\snake_images\Indian-Snakes-Dataset-master\Venomous\Spectacled Cobra\9619492326_56aa145611_b.jpg,Spectacled Cobra,Venomous,DUPLICATE_REVIEW,train/Venomous_Snake/9619492326_56aa145611_b.jpg,TRAIN,NO,pHash=0; dHash=0; aHash=0; aspect_delta=0.6680; pixel_corr=0.9996; SSIM=0.9977; hist_corr=0.9981; ORB_good=3; ORB_inliers=0; ORB_inlier_ratio=0.0000,contact_sheets/duplicate_review/review_0280_duplicate_review.png,,,
REVIEW_0281,C:\Users\yesam\Desktop\anviksa_ai\new_training_data\snake_images\Indian-Snakes-Dataset-master\Venomous\Spectacled Cobra\a28044f3db3d514d2fad5316904626c8_giant.jpg,Spectacled Cobra,Venomous,DUPLICATE_REVIEW,train/Venomous_Snake/a28044f3db3d514d2fad5316904626c8_giant.jpg,TRAIN,NO,pHash=0; dHash=0; aHash=0; aspect_delta=0.3510; pixel_corr=0.9996; SSIM=0.9970; hist_corr=0.9983; ORB_good=11; ORB_inliers=7; ORB_inlier_ratio=0.6364,contact_sheets/duplicate_review/review_0281_duplicate_review.png,,,
REVIEW_0282,C:\Users\yesam\Desktop\anviksa_ai\new_training_data\snake_images\Indian-Snakes-Dataset-master\Venomous\Spectacled Cobra\an-indian-or-spectacled-cobra-naja-naja-hooding-details-of-the-back-a2c9e6.jpg,Spectacled Cobra,Venomous,DUPLICATE_REVIEW,train/Venomous_Snake/an-indian-or-spectacled-cobra-naja-naja-hooding-details-of-the-back-a2c9e6.jpg,TRAIN,NO,pHash=0; dHash=0; aHash=0; aspect_delta=0.3681; pixel_corr=0.9998; SSIM=0.9985; hist_corr=0.9990; ORB_good=10; ORB_inliers=7; ORB_inlier_ratio=0.7000,contact_sheets/duplicate_review/review_0282_duplicate_review.png,,,
REVIEW_0283,C:\Users\yesam\Desktop\anviksa_ai\new_training_data\snake_images\Indian-Snakes-Dataset-master\Venomous\Spectacled Cobra\cobra-07.jpg,Spectacled Cobra,Venomous,DUPLICATE_REVIEW,train/Venomous_Snake/cobra-07.jpg,TRAIN,NO,pHash=0; dHash=0; aHash=0; aspect_delta=0.3096; pixel_corr=0.9995; SSIM=0.9973; hist_corr=0.9986; ORB_good=1; ORB_inliers=0; ORB_inlier_ratio=0.0000,contact_sheets/duplicate_review/review_0283_duplicate_review.png,,,
REVIEW_0284,C:\Users\yesam\Desktop\anviksa_ai\new_training_data\snake_images\Indian-Snakes-Dataset-master\Venomous\Spectacled Cobra\cobra_042611-8.jpg,Spectacled Cobra,Venomous,DUPLICATE_REVIEW,train/Venomous_Snake/cobra_042611-8.jpg,TRAIN,NO,pHash=0; dHash=0; aHash=0; aspect_delta=0.5182; pixel_corr=0.9994; SSIM=0.9984; hist_corr=0.9981; ORB_good=5; ORB_inliers=4; ORB_inlier_ratio=0.8000,contact_sheets/duplicate_review/review_0284_duplicate_review.png,,,
REVIEW_0285,C:\Users\yesam\Desktop\anviksa_ai\new_training_data\snake_images\Indian-Snakes-Dataset-master\Venomous\Spectacled Cobra\dscn2969.jpg,Spectacled Cobra,Venomous,DUPLICATE_REVIEW,train/Venomous_Snake/dscn2969.jpg,TRAIN,NO,pHash=0; dHash=0; aHash=0; aspect_delta=0.2500; pixel_corr=0.9996; SSIM=0.9968; hist_corr=0.9993; ORB_good=1; ORB_inliers=0; ORB_inlier_ratio=0.0000,contact_sheets/duplicate_review/review_0285_duplicate_review.png,,,
REVIEW_0286,C:\Users\yesam\Desktop\anviksa_ai\new_training_data\snake_images\Indian-Snakes-Dataset-master\Venomous\Spectacled Cobra\f5f5410cbb701105a26085bc85090b0a--pretty-animals-reptiles-and-amphibians.jpg,Spectacled Cobra,Venomous,DUPLICATE_REVIEW,train/Venomous_Snake/f5f5410cbb701105a26085bc85090b0a--pretty-animals-reptiles-and-amphibians.jpg,TRAIN,NO,pHash=0; dHash=0; aHash=0; aspect_delta=0.3357; pixel_corr=0.9998; SSIM=0.9979; hist_corr=0.9992; ORB_good=15; ORB_inliers=10; ORB_inlier_ratio=0.6667,contact_sheets/duplicate_review/review_0286_duplicate_review.png,,,
REVIEW_0287,C:\Users\yesam\Desktop\anviksa_ai\new_training_data\snake_images\Indian-Snakes-Dataset-master\Venomous\Spectacled Cobra\ika-80438-reptiles-snakes-cobra-indian-spectacled-cobra-naja-naja-CE8PWP.jpg,Spectacled Cobra,Venomous,DUPLICATE_REVIEW,validation/Venomous_Snake/ika-80438-reptiles-snakes-cobra-indian-spectacled-cobra-naja-naja-CE8PWP.jpg,VALIDATION,NO,pHash=0; dHash=1; aHash=0; aspect_delta=0.3705; pixel_corr=0.9986; SSIM=0.9973; hist_corr=0.9954; ORB_good=14; ORB_inliers=13; ORB_inlier_ratio=0.9286,contact_sheets/duplicate_review/review_0287_duplicate_review.png,,,
REVIEW_0288,C:\Users\yesam\Desktop\anviksa_ai\new_training_data\snake_images\Indian-Snakes-Dataset-master\Venomous\Spectacled Cobra\IMG_3863-2.jpg,Spectacled Cobra,Venomous,DUPLICATE_REVIEW,train/Venomous_Snake/IMG_3863-2.jpg,TRAIN,NO,pHash=0; dHash=0; aHash=0; aspect_delta=0.3571; pixel_corr=0.9992; SSIM=0.9955; hist_corr=0.9979; ORB_good=3; ORB_inliers=0; ORB_inlier_ratio=0.0000,contact_sheets/duplicate_review/review_0288_duplicate_review.png,,,
REVIEW_0289,C:\Users\yesam\Desktop\anviksa_ai\new_training_data\snake_images\Indian-Snakes-Dataset-master\Venomous\Spectacled Cobra\IMG_5785.jpg,Spectacled Cobra,Venomous,DUPLICATE_REVIEW,train/Venomous_Snake/IMG_5785.jpg,TRAIN,NO,pHash=0; dHash=0; aHash=0; aspect_delta=0.3331; pixel_corr=0.9997; SSIM=0.9958; hist_corr=0.9995; ORB_good=15; ORB_inliers=14; ORB_inlier_ratio=0.9333,contact_sheets/duplicate_review/review_0289_duplicate_review.png,,,
REVIEW_0290,C:\Users\yesam\Desktop\anviksa_ai\new_training_data\snake_images\Indian-Snakes-Dataset-master\Venomous\Spectacled Cobra\IMG_5971-2.jpg,Spectacled Cobra,Venomous,DUPLICATE_REVIEW,train/Venomous_Snake/IMG_5971-2.jpg,TRAIN,NO,pHash=0; dHash=0; aHash=0; aspect_delta=0.3187; pixel_corr=0.9998; SSIM=0.9971; hist_corr=0.9997; ORB_good=6; ORB_inliers=0; ORB_inlier_ratio=0.0000,contact_sheets/duplicate_review/review_0290_duplicate_review.png,,,
REVIEW_0291,C:\Users\yesam\Desktop\anviksa_ai\new_training_data\snake_images\Indian-Snakes-Dataset-master\Venomous\Spectacled Cobra\indian-cobra-asian-cobra-or-spectacled-cobra-naja-naja-in-a-snake-EB2R58.jpg,Spectacled Cobra,Venomous,DUPLICATE_REVIEW,train/Venomous_Snake/indian-cobra-asian-cobra-or-spectacled-cobra-naja-naja-in-a-snake-EB2R58.jpg,TRAIN,NO,pHash=0; dHash=0; aHash=0; aspect_delta=0.3777; pixel_corr=0.9994; SSIM=0.9968; hist_corr=0.9988; ORB_good=9; ORB_inliers=6; ORB_inlier_ratio=0.6667,contact_sheets/duplicate_review/review_0291_duplicate_review.png,,,
REVIEW_0292,C:\Users\yesam\Desktop\anviksa_ai\new_training_data\snake_images\Indian-Snakes-Dataset-master\Venomous\Spectacled Cobra\indian-cobra-asian-cobra-or-spectacled-cobra-naja-naja-in-a-snake-EB2T9E.jpg,Spectacled Cobra,Venomous,DUPLICATE_REVIEW,validation/Venomous_Snake/indian-cobra-asian-cobra-or-spectacled-cobra-naja-naja-in-a-snake-EB2T9E.jpg,VALIDATION,NO,pHash=0; dHash=0; aHash=0; aspect_delta=0.3777; pixel_corr=0.9995; SSIM=0.9967; hist_corr=0.9989; ORB_good=9; ORB_inliers=9; ORB_inlier_ratio=1.0000,contact_sheets/duplicate_review/review_0292_duplicate_review.png,,,
REVIEW_0293,C:\Users\yesam\Desktop\anviksa_ai\new_training_data\snake_images\Indian-Snakes-Dataset-master\Venomous\Spectacled Cobra\indian-cobra-asian-cobra-or-spectacled-cobra-naja-naja-pettigalawatta-DWNMJ8.jpg,Spectacled Cobra,Venomous,DUPLICATE_REVIEW,train/Venomous_Snake/indian-cobra-asian-cobra-or-spectacled-cobra-naja-naja-pettigalawatta-DWNMJ8.jpg,TRAIN,NO,pHash=0; dHash=1; aHash=0; aspect_delta=0.3770; pixel_corr=0.9998; SSIM=0.9973; hist_corr=0.9992; ORB_good=10; ORB_inliers=8; ORB_inlier_ratio=0.8000,contact_sheets/duplicate_review/review_0293_duplicate_review.png,,,
REVIEW_0294,C:\Users\yesam\Desktop\anviksa_ai\new_training_data\snake_images\Indian-Snakes-Dataset-master\Venomous\Spectacled Cobra\indian-cobra-front_2.jpg,Spectacled Cobra,Venomous,DUPLICATE_REVIEW,validation/Venomous_Snake/indian-cobra-front_2.jpg,VALIDATION,NO,pHash=0; dHash=0; aHash=0; aspect_delta=0.4952; pixel_corr=0.9998; SSIM=0.9985; hist_corr=0.9997; ORB_good=6; ORB_inliers=5; ORB_inlier_ratio=0.8333,contact_sheets/duplicate_review/review_0294_duplicate_review.png,,,
REVIEW_0295,C:\Users\yesam\Desktop\anviksa_ai\new_training_data\snake_images\Indian-Snakes-Dataset-master\Venomous\Spectacled Cobra\indian-cobra_002.jpg,Spectacled Cobra,Venomous,DUPLICATE_REVIEW,train/Venomous_Snake/indian-cobra_002.jpg,TRAIN,NO,pHash=2; dHash=0; aHash=0; aspect_delta=0.5208; pixel_corr=0.9993; SSIM=0.9969; hist_corr=0.9984; ORB_good=2; ORB_inliers=0; ORB_inlier_ratio=0.0000,contact_sheets/duplicate_review/review_0295_duplicate_review.png,,,
REVIEW_0296,C:\Users\yesam\Desktop\anviksa_ai\new_training_data\snake_images\Indian-Snakes-Dataset-master\Venomous\Spectacled Cobra\Kanha-426_Spectacled-Cobra.jpg,Spectacled Cobra,Venomous,DUPLICATE_REVIEW,train/Venomous_Snake/Kanha-426_Spectacled-Cobra.jpg,TRAIN,NO,pHash=0; dHash=2; aHash=0; aspect_delta=0.4000; pixel_corr=0.9979; SSIM=0.9917; hist_corr=0.9886; ORB_good=7; ORB_inliers=7; ORB_inlier_ratio=1.0000,contact_sheets/duplicate_review/review_0296_duplicate_review.png,,,
REVIEW_0297,C:\Users\yesam\Desktop\anviksa_ai\new_training_data\snake_images\Indian-Snakes-Dataset-master\Venomous\Spectacled Cobra\maxresdefault_006.jpg,Spectacled Cobra,Venomous,DUPLICATE_REVIEW,train/Venomous_Snake/maxresdefault_006 (3).jpg,TRAIN,NO,pHash=0; dHash=0; aHash=0; aspect_delta=0.4375; pixel_corr=0.9995; SSIM=0.9977; hist_corr=0.9983; ORB_good=3; ORB_inliers=0; ORB_inlier_ratio=0.0000,contact_sheets/duplicate_review/review_0297_duplicate_review.png,,,
REVIEW_0298,C:\Users\yesam\Desktop\anviksa_ai\new_training_data\snake_images\Indian-Snakes-Dataset-master\Venomous\Spectacled Cobra\Naja-naja-1-Spectacled-cobra.jpg,Spectacled Cobra,Venomous,DUPLICATE_REVIEW,train/Venomous_Snake/Naja-naja-1-Spectacled-cobra.jpg,TRAIN,NO,pHash=0; dHash=0; aHash=26; aspect_delta=0.3734; pixel_corr=0.0639; SSIM=0.0654; hist_corr=0.9984; ORB_good=4; ORB_inliers=4; ORB_inlier_ratio=1.0000,contact_sheets/duplicate_review/review_0298_duplicate_review.png,,,
REVIEW_0299,C:\Users\yesam\Desktop\anviksa_ai\new_training_data\snake_images\Indian-Snakes-Dataset-master\Venomous\Spectacled Cobra\Naja-naja-2-Spectacled-cobra-Copy.jpg,Spectacled Cobra,Venomous,DUPLICATE_REVIEW,train/Venomous_Snake/Naja-naja-2-Spectacled-cobra-Copy.jpg,TRAIN,NO,pHash=0; dHash=0; aHash=29; aspect_delta=0.3589; pixel_corr=-0.0065; SSIM=0.0557; hist_corr=0.9984; ORB_good=11; ORB_inliers=10; ORB_inlier_ratio=0.9091,contact_sheets/duplicate_review/review_0299_duplicate_review.png,,,
REVIEW_0300,C:\Users\yesam\Desktop\anviksa_ai\new_training_data\snake_images\Indian-Snakes-Dataset-master\Venomous\Spectacled Cobra\Naja-naja-3-Spectacled-cobra-1170x455.jpg,Spectacled Cobra,Venomous,DUPLICATE_REVIEW,train/Venomous_Snake/Naja-naja-3-Spectacled-cobra-1170x455.jpg,TRAIN,NO,pHash=0; dHash=0; aHash=0; aspect_delta=0.6111; pixel_corr=0.9987; SSIM=0.9969; hist_corr=0.9992; ORB_good=3; ORB_inliers=0; ORB_inlier_ratio=0.0000,contact_sheets/duplicate_review/review_0300_duplicate_review.png,,,
REVIEW_0301,C:\Users\yesam\Desktop\anviksa_ai\new_training_data\snake_images\Indian-Snakes-Dataset-master\Venomous\Spectacled Cobra\Naja-naja-4-Spectacled-cobra.jpg,Spectacled Cobra,Venomous,DUPLICATE_REVIEW,train/Venomous_Snake/Naja-naja-4-Spectacled-cobra.jpg,TRAIN,NO,pHash=0; dHash=0; aHash=0; aspect_delta=0.3333; pixel_corr=0.9993; SSIM=0.9975; hist_corr=0.9995; ORB_good=4; ORB_inliers=4; ORB_inlier_ratio=1.0000,contact_sheets/duplicate_review/review_0301_duplicate_review.png,,,
REVIEW_0302,C:\Users\yesam\Desktop\anviksa_ai\new_training_data\snake_images\Indian-Snakes-Dataset-master\Venomous\Spectacled Cobra\Naja-naja-5-Spectacled-cobra.jpg,Spectacled Cobra,Venomous,DUPLICATE_REVIEW,train/Venomous_Snake/Naja-naja-5-Spectacled-cobra.jpg,TRAIN,NO,pHash=0; dHash=0; aHash=0; aspect_delta=0.3904; pixel_corr=0.9991; SSIM=0.9970; hist_corr=0.9994; ORB_good=5; ORB_inliers=4; ORB_inlier_ratio=0.8000,contact_sheets/duplicate_review/review_0302_duplicate_review.png,,,
REVIEW_0303,C:\Users\yesam\Desktop\anviksa_ai\new_training_data\snake_images\Indian-Snakes-Dataset-master\Venomous\Spectacled Cobra\Naja-naja-Saleem-Hameed-e1442201686504.jpg,Spectacled Cobra,Venomous,DUPLICATE_REVIEW,train/Venomous_Snake/Naja-naja-Saleem-Hameed-e1442201686504.jpg,TRAIN,NO,pHash=0; dHash=0; aHash=0; aspect_delta=0.4740; pixel_corr=0.9998; SSIM=0.9965; hist_corr=0.9999; ORB_good=17; ORB_inliers=11; ORB_inlier_ratio=0.6471,contact_sheets/duplicate_review/review_0303_duplicate_review.png,,,
REVIEW_0304,C:\Users\yesam\Desktop\anviksa_ai\new_training_data\snake_images\Indian-Snakes-Dataset-master\Venomous\Spectacled Cobra\snake-cobra-indian-spectacled-cobra-naja-naja-with-open-hood-india-CE8R0T.jpg,Spectacled Cobra,Venomous,DUPLICATE_REVIEW,train/Venomous_Snake/snake-cobra-indian-spectacled-cobra-naja-naja-with-open-hood-india-CE8R0T.jpg,TRAIN,NO,pHash=0; dHash=0; aHash=1; aspect_delta=0.3763; pixel_corr=0.9991; SSIM=0.9965; hist_corr=0.9987; ORB_good=18; ORB_inliers=18; ORB_inlier_ratio=1.0000,contact_sheets/duplicate_review/review_0304_duplicate_review.png,,,
REVIEW_0305,C:\Users\yesam\Desktop\anviksa_ai\new_training_data\snake_images\Indian-Snakes-Dataset-master\Venomous\Spectacled Cobra\Spectacled cobra.jpg,Spectacled Cobra,Venomous,DUPLICATE_REVIEW,train/Venomous_Snake/Spectacled cobra.jpg,TRAIN,NO,pHash=0; dHash=1; aHash=0; aspect_delta=0.4060; pixel_corr=0.9993; SSIM=0.9968; hist_corr=0.9986; ORB_good=1; ORB_inliers=0; ORB_inlier_ratio=0.0000,contact_sheets/duplicate_review/review_0305_duplicate_review.png,,,
REVIEW_0306,C:\Users\yesam\Desktop\anviksa_ai\new_training_data\snake_images\Indian-Snakes-Dataset-master\Venomous\Spectacled Cobra\spectacled-cobra-in-basket-of-snake-charmer-new-delhi-india-naja-naja-DTRX7M.jpg,Spectacled Cobra,Venomous,DUPLICATE_REVIEW,validation/Venomous_Snake/spectacled-cobra-in-basket-of-snake-charmer-new-delhi-india-naja-naja-DTRX7M.jpg,VALIDATION,NO,pHash=0; dHash=0; aHash=0; aspect_delta=0.3777; pixel_corr=0.9996; SSIM=0.9965; hist_corr=0.9998; ORB_good=13; ORB_inliers=11; ORB_inlier_ratio=0.8462,contact_sheets/duplicate_review/review_0306_duplicate_review.png,,,
REVIEW_0307,C:\Users\yesam\Desktop\anviksa_ai\new_training_data\snake_images\Indian-Snakes-Dataset-master\Venomous\Spectacled Cobra\spectacled-cobra-naja-naja-bangalore-karnataka-theindian-cobrais-one-hnww7k.jpg,Spectacled Cobra,Venomous,DUPLICATE_REVIEW,train/Venomous_Snake/spectacled-cobra-naja-naja-bangalore-karnataka-theindian-cobrais-one-hnww7k.jpg,TRAIN,NO,pHash=2; dHash=0; aHash=0; aspect_delta=0.3617; pixel_corr=0.9998; SSIM=0.9960; hist_corr=0.9998; ORB_good=13; ORB_inliers=11; ORB_inlier_ratio=0.8462,contact_sheets/duplicate_review/review_0307_duplicate_review.png,,,
REVIEW_0308,C:\Users\yesam\Desktop\anviksa_ai\new_training_data\snake_images\Indian-Snakes-Dataset-master\Venomous\Spectacled Cobra\spectacled-cobra-naja-naja-family-elaphidae-aarey-milk-colony-mumbai-ECK40G.jpg,Spectacled Cobra,Venomous,DUPLICATE_REVIEW,train/Venomous_Snake/spectacled-cobra-naja-naja-family-elaphidae-aarey-milk-colony-mumbai-ECK40G.jpg,TRAIN,NO,pHash=0; dHash=0; aHash=0; aspect_delta=0.3770; pixel_corr=0.9985; SSIM=0.9953; hist_corr=0.9994; ORB_good=16; ORB_inliers=15; ORB_inlier_ratio=0.9375,contact_sheets/duplicate_review/review_0308_duplicate_review.png,,,
REVIEW_0309,C:\Users\yesam\Desktop\anviksa_ai\new_training_data\snake_images\Indian-Snakes-Dataset-master\Venomous\Spectacled Cobra\spectacled-cobra-naja-naja-venomous-common-dive-ghat-maharasthra-india-AA2KAR.jpg,Spectacled Cobra,Venomous,DUPLICATE_REVIEW,validation/Venomous_Snake/spectacled-cobra-naja-naja-venomous-common-dive-ghat-maharasthra-india-AA2KAR.jpg,VALIDATION,NO,pHash=2; dHash=0; aHash=0; aspect_delta=0.2986; pixel_corr=0.9996; SSIM=0.9964; hist_corr=0.9990; ORB_good=18; ORB_inliers=16; ORB_inlier_ratio=0.8889,contact_sheets/duplicate_review/review_0309_duplicate_review.png,,,
REVIEW_0310,C:\Users\yesam\Desktop\anviksa_ai\new_training_data\snake_images\Indian-Snakes-Dataset-master\Venomous\Spectacled Cobra\spectacled-cobra-naja-naja-venomous-common-elapidae-ajivali-devrai-BY1010.jpg,Spectacled Cobra,Venomous,DUPLICATE_REVIEW,train/Venomous_Snake/spectacled-cobra-naja-naja-venomous-common-elapidae-ajivali-devrai-BY1010.jpg,TRAIN,NO,pHash=0; dHash=0; aHash=0; aspect_delta=0.3770; pixel_corr=0.9994; SSIM=0.9970; hist_corr=0.9993; ORB_good=18; ORB_inliers=17; ORB_inlier_ratio=0.9444,contact_sheets/duplicate_review/review_0310_duplicate_review.png,,,
REVIEW_0311,C:\Users\yesam\Desktop\anviksa_ai\new_training_data\snake_images\Indian-Snakes-Dataset-master\Venomous\Spectacled Cobra\spectacled-cobra-naja-naja-venomous-common-genus-of-venomous-elapid-AX06FY.jpg,Spectacled Cobra,Venomous,DUPLICATE_REVIEW,validation/Venomous_Snake/spectacled-cobra-naja-naja-venomous-common-genus-of-venomous-elapid-AX06FY.jpg,VALIDATION,NO,pHash=0; dHash=0; aHash=0; aspect_delta=0.3741; pixel_corr=0.9993; SSIM=0.9969; hist_corr=0.9980; ORB_good=6; ORB_inliers=4; ORB_inlier_ratio=0.6667,contact_sheets/duplicate_review/review_0311_duplicate_review.png,,,
REVIEW_0312,C:\Users\yesam\Desktop\anviksa_ai\new_training_data\snake_images\Indian-Snakes-Dataset-master\Venomous\Spectacled Cobra\spectacled-cobra-naja-naja-venomous-common-genus-of-venomous-elapid-ax2f1m.jpg,Spectacled Cobra,Venomous,DUPLICATE_REVIEW,validation/Venomous_Snake/spectacled-cobra-naja-naja-venomous-common-genus-of-venomous-elapid-ax2f1m.jpg,VALIDATION,NO,pHash=0; dHash=1; aHash=0; aspect_delta=0.3556; pixel_corr=0.9997; SSIM=0.9980; hist_corr=0.9953; ORB_good=16; ORB_inliers=11; ORB_inlier_ratio=0.6875,contact_sheets/duplicate_review/review_0312_duplicate_review.png,,,
REVIEW_0313,C:\Users\yesam\Desktop\anviksa_ai\new_training_data\snake_images\Indian-Snakes-Dataset-master\Venomous\Spectacled Cobra\The_Common_Indian_Cobra_or_Spectacled_Cobra_02.JPG,Spectacled Cobra,Venomous,DUPLICATE_REVIEW,train/Venomous_Snake/The_Common_Indian_Cobra_or_Spectacled_Cobra_02.JPG,TRAIN,NO,pHash=0; dHash=0; aHash=2; aspect_delta=0.2500; pixel_corr=0.9993; SSIM=0.9970; hist_corr=0.9947; ORB_good=4; ORB_inliers=4; ORB_inlier_ratio=1.0000,contact_sheets/duplicate_review/review_0313_duplicate_review.png,,,
REVIEW_0314,C:\Users\yesam\Desktop\anviksa_ai\new_training_data\snake_images\Indian-Snakes-Dataset-master\Venomous\Spectacled Cobra\The_Common_Indian_Cobra_or_Spectacled_Cobra_04.JPG,Spectacled Cobra,Venomous,DUPLICATE_REVIEW,train/Venomous_Snake/The_Common_Indian_Cobra_or_Spectacled_Cobra_04.JPG,TRAIN,NO,pHash=0; dHash=0; aHash=3; aspect_delta=0.2500; pixel_corr=0.9991; SSIM=0.9967; hist_corr=0.9966; ORB_good=3; ORB_inliers=0; ORB_inlier_ratio=0.0000,contact_sheets/duplicate_review/review_0314_duplicate_review.png,,,
REVIEW_0315,C:\Users\yesam\Desktop\anviksa_ai\new_training_data\snake_images\Indian-Snakes-Dataset-master\Venomous\Spectacled Cobra\The_Common_Indian_Cobra_or_Spectacled_Cobra_07.JPG,Spectacled Cobra,Venomous,DUPLICATE_REVIEW,train/Venomous_Snake/The_Common_Indian_Cobra_or_Spectacled_Cobra_07.JPG,TRAIN,NO,pHash=0; dHash=0; aHash=0; aspect_delta=0.2500; pixel_corr=0.9995; SSIM=0.9976; hist_corr=0.9961; ORB_good=4; ORB_inliers=4; ORB_inlier_ratio=1.0000,contact_sheets/duplicate_review/review_0315_duplicate_review.png,,,
REVIEW_0316,C:\Users\yesam\Desktop\anviksa_ai\new_training_data\snake_images\Indian-Snakes-Dataset-master\Venomous\Spectacled Cobra\The_Common_Indian_Cobra_or_Spectacled_Cobra_08.JPG,Spectacled Cobra,Venomous,DUPLICATE_REVIEW,train/Venomous_Snake/The_Common_Indian_Cobra_or_Spectacled_Cobra_08.JPG,TRAIN,NO,pHash=0; dHash=0; aHash=0; aspect_delta=0.2500; pixel_corr=0.9993; SSIM=0.9968; hist_corr=0.9946; ORB_good=2; ORB_inliers=0; ORB_inlier_ratio=0.0000,contact_sheets/duplicate_review/review_0316_duplicate_review.png,,,
REVIEW_0317,C:\Users\yesam\Desktop\anviksa_ai\new_training_data\snake_images\Indian-Snakes-Dataset-master\Venomous\Spectacled Cobra\The_Common_Indian_Cobra_or_Spectacled_Cobra_13.JPG,Spectacled Cobra,Venomous,DUPLICATE_REVIEW,train/Venomous_Snake/The_Common_Indian_Cobra_or_Spectacled_Cobra_13.JPG,TRAIN,NO,pHash=0; dHash=0; aHash=0; aspect_delta=0.2500; pixel_corr=0.9992; SSIM=0.9970; hist_corr=0.9976; ORB_good=3; ORB_inliers=0; ORB_inlier_ratio=0.0000,contact_sheets/duplicate_review/review_0317_duplicate_review.png,,,
REVIEW_0318,C:\Users\yesam\Desktop\anviksa_ai\new_training_data\snake_images\Indian-Snakes-Dataset-master\Venomous\Spectacled Cobra\The_Common_Indian_Cobra_or_Spectacled_Cobra_14.JPG,Spectacled Cobra,Venomous,DUPLICATE_REVIEW,train/Venomous_Snake/The_Common_Indian_Cobra_or_Spectacled_Cobra_14.JPG,TRAIN,NO,pHash=0; dHash=0; aHash=0; aspect_delta=0.2500; pixel_corr=0.9988; SSIM=0.9963; hist_corr=0.9931; ORB_good=1; ORB_inliers=0; ORB_inlier_ratio=0.0000,contact_sheets/duplicate_review/review_0318_duplicate_review.png,,,
REVIEW_0319,C:\Users\yesam\Desktop\anviksa_ai\new_training_data\snake_images\Indian-Snakes-Dataset-master\Venomous\Spectacled Cobra\The_Common_Indian_Cobra_or_Spectacled_Cobra_21.JPG,Spectacled Cobra,Venomous,DUPLICATE_REVIEW,train/Venomous_Snake/The_Common_Indian_Cobra_or_Spectacled_Cobra_21.JPG,TRAIN,NO,pHash=0; dHash=0; aHash=0; aspect_delta=0.2500; pixel_corr=0.9996; SSIM=0.9973; hist_corr=0.9906; ORB_good=2; ORB_inliers=0; ORB_inlier_ratio=0.0000,contact_sheets/duplicate_review/review_0319_duplicate_review.png,,,
REVIEW_0320,C:\Users\yesam\Desktop\anviksa_ai\new_training_data\snake_images\Indian-Snakes-Dataset-master\Venomous\Spectacled Cobra\The_Common_Indian_Cobra_or_Spectacled_Cobra_23.JPG,Spectacled Cobra,Venomous,DUPLICATE_REVIEW,train/Venomous_Snake/The_Common_Indian_Cobra_or_Spectacled_Cobra_23.JPG,TRAIN,NO,pHash=0; dHash=0; aHash=0; aspect_delta=0.2500; pixel_corr=0.9996; SSIM=0.9975; hist_corr=0.9959; ORB_good=3; ORB_inliers=0; ORB_inlier_ratio=0.0000,contact_sheets/duplicate_review/review_0320_duplicate_review.png,,,
REVIEW_0321,C:\Users\yesam\Desktop\anviksa_ai\new_training_data\snake_images\Indian-Snakes-Dataset-master\Venomous\Spectacled Cobra\The_Common_Indian_Cobra_or_Spectacled_Cobra_29.JPG,Spectacled Cobra,Venomous,DUPLICATE_REVIEW,train/Venomous_Snake/The_Common_Indian_Cobra_or_Spectacled_Cobra_29.JPG,TRAIN,NO,pHash=0; dHash=1; aHash=0; aspect_delta=0.4386; pixel_corr=0.9990; SSIM=0.9965; hist_corr=0.9980; ORB_good=1; ORB_inliers=0; ORB_inlier_ratio=0.0000,contact_sheets/duplicate_review/review_0321_duplicate_review.png,,,
REVIEW_0322,C:\Users\yesam\Desktop\anviksa_ai\new_training_data\snake_images\Indian-Snakes-Dataset-master\Venomous\Spectacled Cobra\The_Common_Indian_Cobra_or_Spectacled_Cobra_30.JPG,Spectacled Cobra,Venomous,DUPLICATE_REVIEW,train/Venomous_Snake/The_Common_Indian_Cobra_or_Spectacled_Cobra_30.JPG,TRAIN,NO,pHash=0; dHash=0; aHash=0; aspect_delta=0.2500; pixel_corr=0.9994; SSIM=0.9971; hist_corr=0.9958; ORB_good=4; ORB_inliers=4; ORB_inlier_ratio=1.0000,contact_sheets/duplicate_review/review_0322_duplicate_review.png,,,
REVIEW_0323,C:\Users\yesam\Desktop\anviksa_ai\new_training_data\snake_images\Indian-Snakes-Dataset-master\Venomous\Spectacled Cobra\The_Common_Indian_Cobra_or_Spectacled_Cobra_34.JPG,Spectacled Cobra,Venomous,DUPLICATE_REVIEW,train/Venomous_Snake/The_Common_Indian_Cobra_or_Spectacled_Cobra_34.JPG,TRAIN,NO,pHash=0; dHash=0; aHash=0; aspect_delta=0.2500; pixel_corr=0.9996; SSIM=0.9973; hist_corr=0.9962; ORB_good=4; ORB_inliers=4; ORB_inlier_ratio=1.0000,contact_sheets/duplicate_review/review_0323_duplicate_review.png,,,
REVIEW_0324,C:\Users\yesam\Desktop\anviksa_ai\new_training_data\snake_images\Indian-Snakes-Dataset-master\Venomous\Spectacled Cobra\The_Common_Indian_Cobra_or_Spectacled_Cobra_35.JPG,Spectacled Cobra,Venomous,DUPLICATE_REVIEW,train/Venomous_Snake/The_Common_Indian_Cobra_or_Spectacled_Cobra_35.JPG,TRAIN,NO,pHash=0; dHash=0; aHash=0; aspect_delta=0.2500; pixel_corr=0.9995; SSIM=0.9973; hist_corr=0.9968; ORB_good=5; ORB_inliers=3; ORB_inlier_ratio=0.6000,contact_sheets/duplicate_review/review_0324_duplicate_review.png,,,
