relative_path,ground_truth,v1_prediction,v2_prediction,v3_prediction,v1_correct,v2_correct,v3_correct,v1_confidence,v2_confidence,v3_confidence,v1_venomous_probability,v2_venomous_probability,v3_venomous_probability
test/Cow/0002.jpg,Cow,Cow,Cow,Cow,True,True,True,0.9999998807907104,0.9999939203262329,0.9999934434890747,3.828128036786893e-09,9.046886617625205e-08,4.92538617891114e-07
test/Cow/0004.jpg,Cow,Cow,Cow,Cow,True,True,True,1.0,1.0,1.0,3.551826194270191e-11,9.02495370103118e-11,1.0353797819107058e-09
test/Cow/0005.jpg,Cow,Cow,Cow,Cow,True,True,True,0.9999998807907104,0.9999991655349731,0.9999995231628418,2.709134028222593e-09,1.1835370905544096e-08,2.3473925025996323e-08
test/Cow/0006.jpg,Cow,Cow,Cow,Cow,True,True,True,1.0,0.9999998807907104,1.0,1.2654147174551156e-10,4.3319975384648046e-10,1.7941426122547455e-09
test/Cow/0009.jpg,Cow,Cow,Cow,Cow,True,True,True,1.0,1.0,1.0,3.1955368256023076e-14,1.0807625410932942e-12,2.3278344529753525e-11
test/Cow/0010.jpg,Cow,Cow,Cow,Cow,True,True,True,0.9999972581863403,0.9998291730880737,0.9998164772987366,6.379672901069e-10,7.211201857870719e-09,7.647766864238292e-08
test/Cow/0011.jpg,Cow,Cow,Cow,Cow,True,True,True,1.0,1.0,1.0,7.852542943144469e-14,2.8082781326072004e-12,3.991392980018382e-11
test/Cow/0027.jpg,Cow,Cow,Cow,Cow,True,True,True,1.0,1.0,0.9999998807907104,2.925662143105079e-11,1.3345402560815955e-09,4.9449413452862245e-09
test/Cow/0032.jpg,Cow,Cow,Cow,Cow,True,True,True,1.0,0.9999996423721313,0.9999997615814209,8.798253098296627e-11,1.214873646127046e-09,5.856680029836525e-09
test/Cow/0046.jpg,Cow,Cow,Cow,Cow,True,True,True,1.0,0.9999992847442627,0.9999984502792358,1.8818803459996758e-10,1.036966690293184e-08,9.52750554006343e-08
test/Cow/0047.jpg,Cow,Cow,Cow,Cow,True,True,True,1.0,0.9999998807907104,0.9999994039535522,1.371060903698762e-10,5.436935790470443e-09,7.133981938522993e-08
test/Cow/0049.jpg,Cow,Cow,Cow,Cow,True,True,True,1.0,0.9999948740005493,0.9999979734420776,2.074815874664182e-10,7.442733984674987e-09,2.453411696023977e-08
test/Cow/0071.jpg,Cow,Cow,Cow,Cow,True,True,True,1.0,0.9999994039535522,0.9999996423721313,6.040412059427069e-10,1.4059224895390798e-08,3.715802776582677e-08
test/Cow/0096.jpg,Cow,Cow,Cow,Cow,True,True,True,0.9999998807907104,0.9999878406524658,0.999992847442627,2.1722624784017985e-13,1.140183000097883e-11,2.033165441561735e-10
test/Cow/0111.jpg,Cow,Cow,Cow,Cow,True,True,True,1.0,0.9999998807907104,0.9999997615814209,3.8423819681554505e-11,1.2620014755437836e-10,6.771858074294812e-10
test/Cow/0115.jpg,Cow,Cow,Cow,Cow,True,True,True,0.9996345043182373,0.9966968297958374,0.9968439340591431,1.0595790911338554e-07,2.5590867380742566e-07,3.902790012944024e-06
test/Cow/0116.jpg,Cow,Cow,Cow,Cow,True,True,True,0.999998927116394,0.9999754428863525,0.9999905824661255,1.797165083416985e-07,1.2360021628410323e-07,4.3795469650831365e-07
test/Cow/0118.jpg,Cow,Cow,Cow,Cow,True,True,True,0.999983549118042,0.9999655485153198,0.9999091625213623,6.769352012270247e-08,6.03773315788203e-08,5.789772785647074e-07
test/Cow/0123.jpg,Cow,Cow,Cow,Cow,True,True,True,1.0,0.9999997615814209,0.9999998807907104,1.9709556903224623e-11,8.583442116794071e-12,1.774413116439888e-10
test/Cow/0127.jpg,Cow,Cow,Cow,Cow,True,True,True,0.9994781613349915,0.9911865592002869,0.9995855689048767,3.409334325965574e-08,3.35861443545582e-07,1.8110659993908484e-07
test/Cow/0135.jpg,Cow,Cow,Cow,Cow,True,True,True,1.0,0.9999996423721313,0.9999997615814209,5.998113117300363e-11,1.5938410313776075e-10,2.355419859156882e-09
test/Cow/0164.jpg,Cow,Cow,Cow,Cow,True,True,True,0.9939190149307251,0.9719226360321045,0.9834915995597839,8.15945799814699e-09,3.4951286309592433e-09,2.99861149244407e-08
test/Cow/0201.jpg,Cow,Cow,Cow,Cow,True,True,True,1.0,1.0,1.0,5.894346425880381e-13,3.3538705666857904e-12,2.7891369769328378e-11
test/Cow/0220.jpg,Cow,Cow,Cow,Cow,True,True,True,1.0,1.0,1.0,1.4499856176852788e-11,4.570985812080153e-09,4.394657970863136e-09
test/Cow/0222.jpg,Cow,Cow,Cow,Cow,True,True,True,1.0,1.0,1.0,8.923060207388644e-11,1.5809015208034793e-10,7.465103535331252e-10
test/Cow/0226.jpg,Cow,Cow,Cow,Cow,True,True,True,1.0,0.9999997615814209,0.9999995231628418,1.6059226171094565e-10,1.2421570438903018e-09,6.32490149143905e-09
test/Cow/0247.jpg,Cow,Cow,Cow,Cow,True,True,True,1.0,1.0,1.0,7.382372165833095e-13,2.011271184321206e-11,7.612206004425914e-11
test/Cow/0258.jpg,Cow,Cow,Cow,Cow,True,True,True,0.9999994039535522,0.9999645948410034,0.9999456405639648,3.1178101767004307e-10,7.96160193328177e-10,4.641423245743681e-09
test/Cow/0274.jpg,Cow,Cow,Cow,Cow,True,True,True,0.9999996423721313,0.9997518658638,0.9999769926071167,5.257128066205041e-09,1.0405026387161342e-06,7.353472710747155e-07
test/Cow/0285.jpg,Cow,Cow,Cow,Cow,True,True,True,0.9999998807907104,0.9999979734420776,0.9999961853027344,1.2910200686278017e-10,2.4847135460248637e-09,4.371595352381519e-08
test/Cow/0288.jpg,Cow,Cow,Cow,Cow,True,True,True,0.999993085861206,0.9999115467071533,0.9999169111251831,2.8191694312340587e-08,4.250869523048095e-08,2.2217754747089202e-07
test/Cow/0306.jpg,Cow,Cow,Cow,Cow,True,True,True,0.9999905824661255,0.9999830722808838,0.9999959468841553,1.010943995183311e-09,5.046109752271377e-09,6.751277759065033e-09
test/Cow/0329.jpg,Cow,Cow,Cow,Cow,True,True,True,1.0,1.0,1.0,7.540885450796342e-12,1.0402943784182384e-10,1.2707332408545824e-10
test/Cow/0349.jpg,Cow,Cow,Cow,Cow,True,True,True,1.0,1.0,1.0,3.0455611990665155e-12,1.4735445502678246e-11,7.983764344077215e-11
test/Cow/0350.jpg,Cow,Cow,Cow,Cow,True,True,True,1.0,0.9999996423721313,0.9999997615814209,5.127535063209621e-10,3.0670694872725335e-09,1.4480941779027034e-08
test/Cow/0373.jpg,Cow,Cow,Cow,Cow,True,True,True,1.0,0.9999998807907104,0.9999998807907104,4.632242853186419e-11,1.6949405767796577e-10,2.664371612226546e-09
test/Cow/0375.jpg,Cow,Cow,Cow,Cow,True,True,True,0.9999665021896362,0.9997778534889221,0.9999552965164185,9.492664787558169e-08,1.314781457040226e-07,8.257131156597097e-08
test/Cow/0382.jpg,Cow,Cow,Cow,Cow,True,True,True,1.0,0.9999998807907104,1.0,9.916736182224994e-11,5.295984206732385e-10,2.4021291622489116e-09
test/Cow/0394.jpg,Cow,Cow,Cow,Cow,True,True,True,1.0,1.0,1.0,8.481815250149793e-11,7.535745361053614e-10,1.2377210367731095e-08
test/Deer/0022.jpg,Deer,Deer,Deer,Deer,True,True,True,1.0,1.0,1.0,7.737804841312368e-11,1.90745405581616e-11,5.46455602989937e-10
test/Deer/0023.jpg,Deer,Deer,Deer,Deer,True,True,True,0.9999990463256836,1.0,0.999996542930603,3.5859585523212445e-08,5.2689448359899416e-09,1.1167565361347442e-07
test/Deer/0034.jpg,Deer,Deer,Deer,Deer,True,True,True,0.999977707862854,0.9999885559082031,0.9999630451202393,1.9518758563208394e-05,1.135945876740152e-05,1.6440055333077908e-05
test/Deer/0037.jpg,Deer,Deer,Deer,Deer,True,True,True,0.9999998807907104,1.0,0.9999998807907104,4.926633753732368e-11,2.509367366676507e-11,5.23588172818279e-10
test/Deer/0038.jpg,Deer,Deer,Deer,Deer,True,True,True,0.9999961853027344,0.9999881982803345,0.9999599456787109,1.0484730950111043e-07,1.1630554297425988e-07,8.755063163334853e-07
test/Deer/0047.jpg,Deer,Deer,Deer,Deer,True,True,True,0.999925971031189,0.9999325275421143,0.9998363256454468,7.074031316278706e-08,6.675220021179484e-08,1.2751006579492241e-06
test/Deer/0049.jpg,Deer,Deer,Deer,Deer,True,True,True,1.0,1.0,1.0,2.7024580490087047e-11,4.545452989695997e-12,2.016645878066825e-10
test/Deer/0066.jpg,Deer,Deer,Deer,Deer,True,True,True,0.9999344348907471,0.9999598264694214,0.9998369216918945,1.9481509738739078e-08,4.143081255847392e-08,1.8766517939639016e-07
test/Deer/0081.jpg,Deer,Deer,Deer,Deer,True,True,True,1.0,1.0,1.0,1.1566325675005373e-09,1.7856785494707594e-10,8.629979397767329e-09
test/Deer/0085.jpg,Deer,Deer,Deer,Deer,True,True,True,1.0,1.0,1.0,1.8435421592077894e-11,1.5988149389481454e-12,1.6797502278009802e-10
test/Deer/0099.jpg,Deer,Deer,Deer,Deer,True,True,True,1.0,1.0,0.9999996423721313,1.9590080946318977e-10,7.136234658755569e-11,7.278419200673625e-09
test/Deer/0100.jpg,Deer,Deer,Deer,Deer,True,True,True,0.9999998807907104,1.0,0.9999998807907104,1.818613731829899e-10,2.5382801416284906e-10,4.11439859959728e-09
test/Deer/0104.jpg,Deer,Deer,Deer,Deer,True,True,True,1.0,1.0,1.0,1.86178912287005e-08,2.6750432424726966e-10,2.0116770471645395e-08
test/Deer/0112.jpg,Deer,Deer,Deer,Deer,True,True,True,0.982826292514801,0.8707361817359924,0.9818270802497864,2.117053327310714e-06,1.3323327948455699e-05,1.0580839443719015e-05
test/Deer/0126.jpg,Deer,Deer,Deer,Deer,True,True,True,1.0,0.9999998807907104,0.9999997615814209,1.311381558899427e-09,6.365408755648616e-10,1.2223842382752537e-08
test/Deer/0130.jpg,Deer,Deer,Deer,Deer,True,True,True,0.9999992847442627,0.9999998807907104,0.9999966621398926,9.763977404375623e-10,2.2042496716778714e-09,9.840349868284193e-09
test/Deer/0133.jpg,Deer,Deer,Deer,Deer,True,True,True,0.9998630285263062,0.9999855756759644,0.9999487400054932,1.591374996223749e-07,3.704110440594377e-08,1.471420318921446e-07
test/Deer/0152.jpg,Deer,Deer,Deer,Deer,True,True,True,0.9999969005584717,0.9999946355819702,0.9999815225601196,1.85030284427512e-08,1.3222295480730395e-09,4.278153831194231e-09
test/Deer/0155.jpg,Deer,Deer,Deer,Deer,True,True,True,1.0,1.0,0.9999998807907104,4.552442312011351e-10,1.3227857698083767e-10,3.244926105594459e-09
test/Deer/0174.jpg,Deer,Deer,Deer,Deer,True,True,True,0.9999305009841919,0.9999904632568359,0.9998868703842163,1.3253696806714288e-08,2.915682362214511e-09,9.367950326577557e-08
test/Deer/0181.jpg,Deer,Deer,Deer,Deer,True,True,True,0.9999212026596069,0.9999494552612305,0.9999077320098877,1.23475183499977e-06,1.6169236971563805e-07,3.134701387352834e-07
test/Deer/0185.jpg,Deer,Deer,Deer,Deer,True,True,True,0.9999984502792358,0.9999998807907104,0.9999971389770508,5.4567102836244885e-08,3.070156395779122e-08,6.321535011011292e-07
test/Deer/0188.jpg,Deer,Deer,Deer,Deer,True,True,True,0.999998927116394,1.0,0.999998927116394,3.573627083142128e-08,3.925882285926718e-09,2.010463475698998e-07
test/Deer/0198.jpg,Deer,Deer,Deer,Deer,True,True,True,0.9999980926513672,0.9999902248382568,0.9999713897705078,7.151588476972393e-08,4.075636894640411e-08,1.9489931446514674e-07
test/Deer/0200.jpg,Deer,Deer,Deer,Deer,True,True,True,0.9999637603759766,0.9999983310699463,0.9999583959579468,1.2661449666495628e-08,6.162313770374794e-09,1.243360685521111e-07
test/Deer/0205.jpg,Deer,Deer,Deer,Deer,True,True,True,0.9999988079071045,1.0,0.9999990463256836,1.699329565951757e-08,6.730679347199953e-10,1.0185833332343464e-07
test/Deer/0206.jpg,Deer,Deer,Deer,Deer,True,True,True,0.9999997615814209,1.0,0.9999994039535522,4.899575412053991e-09,1.5436061318041538e-09,5.112603673751437e-09
test/Deer/0238.jpg,Deer,Deer,Deer,Deer,True,True,True,1.0,1.0,0.9999997615814209,2.8455163225693525e-10,3.854546404280512e-10,7.146728986384687e-09
test/Deer/0265.jpg,Deer,Deer,Deer,Deer,True,True,True,0.9999971389770508,0.9999672174453735,0.999993085861206,2.142144062133866e-08,5.0386741889951736e-08,1.813818641949183e-07
test/Deer/0267.jpg,Deer,Deer,Deer,Deer,True,True,True,0.9999897480010986,0.9998960494995117,0.9995607733726501,6.664444640591682e-08,2.0908855091761325e-08,1.9450961019629176e-07
test/Deer/0271.jpg,Deer,Deer,Deer,Deer,True,True,True,1.0,1.0,1.0,5.332514892977466e-14,1.1786841237738065e-14,2.0010800742126245e-12
test/Deer/0277.jpg,Deer,Wild_Boar,Wild_Boar,Wild_Boar,False,False,False,0.992294192314148,0.9978356957435608,0.9756653904914856,0.00031283218413591385,6.424527236958966e-05,0.0017123556463047862
test/Deer/0279.jpg,Deer,Deer,Deer,Deer,True,True,True,0.999996542930603,0.9999995231628418,0.9999973773956299,2.148180744399042e-09,4.431758293677035e-10,3.252899727357317e-09
test/Deer/0286.jpg,Deer,Venomous_Snake,Venomous_Snake,Non_Venomous_Snake,False,False,False,0.5971245765686035,0.5646397471427917,0.7540978789329529,0.5971245765686035,0.5646397471427917,0.19447800517082214
test/Deer/0288.jpg,Deer,Deer,Deer,Deer,True,True,True,0.9999943971633911,1.0,0.9999836683273315,2.1943758099496335e-07,1.5435391631513085e-08,3.6332826880425273e-07
test/Deer/0294.jpg,Deer,Deer,Deer,Deer,True,True,True,0.9998326301574707,0.9999996423721313,0.9999877214431763,1.0398461114391466e-07,5.745452469341217e-08,2.369408548474894e-06
test/Deer/0309.jpg,Deer,Deer,Deer,Deer,True,True,True,0.9999983310699463,0.9999996423721313,0.999996542930603,1.8472297025340367e-09,1.0313054854549364e-09,2.4805345333334117e-08
test/Deer/0314.jpg,Deer,Deer,Deer,Deer,True,True,True,1.0,1.0,1.0,5.705284022994306e-10,2.1840690367369575e-10,7.384091560425077e-09
test/Deer/0316.jpg,Deer,Deer,Deer,Deer,True,True,True,0.9999901056289673,0.9999997615814209,0.9999707937240601,9.058635441760998e-06,1.9810464380043413e-07,1.6228439562837593e-05
test/Deer/0326.jpg,Deer,Deer,Deer,Deer,True,True,True,0.9999998807907104,1.0,0.999998927116394,9.614636170551805e-11,1.40199813564168e-11,5.623707610702411e-10
test/Deer/0328.jpg,Deer,Deer,Deer,Deer,True,True,True,0.9999995231628418,1.0,0.9999998807907104,6.266170360369472e-10,3.4827846162599485e-10,4.063146263888484e-09
test/Deer/0330.jpg,Deer,Deer,Deer,Deer,True,True,True,0.9999996423721313,1.0,0.9999997615814209,3.0181418475550004e-10,1.920505074415324e-11,6.059337032127132e-09
test/Deer/0341.jpg,Deer,Deer,Deer,Deer,True,True,True,1.0,1.0,0.9999996423721313,1.338448729626407e-08,5.9163332011280545e-09,8.353607228173132e-08
test/Deer/0359.jpg,Deer,Deer,Deer,Deer,True,True,True,0.9999998807907104,1.0,0.9999964237213135,1.510906599833106e-08,2.7955737724738583e-09,2.4267438902825234e-07
test/Deer/0378.jpg,Deer,Deer,Deer,Deer,True,True,True,0.9999973773956299,0.9999916553497314,0.999954342842102,2.483437526734633e-07,6.902235440975346e-07,2.719062194955768e-06
test/Deer/0402.jpg,Deer,Deer,Deer,Deer,True,True,True,0.9862104058265686,0.9959264993667603,0.9829288721084595,1.2907389645988587e-07,1.826660991355311e-07,2.029157030847273e-06
test/Deer/0404.jpg,Deer,Deer,Deer,Deer,True,True,True,0.8420329689979553,0.8305599093437195,0.7912231683731079,9.304278137278743e-06,1.086812153516803e-05,6.332079647108912e-05
test/Deer/0417.jpg,Deer,Deer,Deer,Deer,True,True,True,1.0,1.0,1.0,1.3365697437706103e-10,1.3180076821606157e-11,3.8401340440863407e-10
test/Deer/0432.jpg,Deer,Deer,Deer,Deer,True,True,True,1.0,1.0,1.0,4.7813281112141226e-11,2.6168342666388344e-12,2.604229332181518e-10
test/Deer/0438.jpg,Deer,Deer,Deer,Deer,True,True,True,1.0,1.0,1.0,1.15917778847896e-11,1.6652655816795647e-12,2.059093590078831e-10
test/Deer/0445.jpg,Deer,Deer,Deer,Deer,True,True,True,0.9997598528862,0.999996542930603,0.9999618530273438,1.3029100021100248e-09,6.337270708201004e-10,8.484820313015007e-08
test/Deer/0447.jpg,Deer,Deer,Deer,Deer,True,True,True,0.9999619722366333,0.9999797344207764,0.9997747540473938,2.3135854121392185e-08,1.9706142495579115e-08,4.672065472277609e-07
test/Deer/0456.jpg,Deer,Deer,Deer,Deer,True,True,True,1.0,1.0,1.0,3.678397170192582e-11,2.978764153740987e-12,2.198488335825033e-10
test/Deer/0459.jpg,Deer,Deer,Deer,Deer,True,True,True,0.9998620748519897,0.9984954595565796,0.9997851252555847,1.673431029303174e-07,6.74786974741437e-07,2.617645122882095e-06
test/Deer/0473.jpg,Deer,Deer,Deer,Deer,True,True,True,0.9999986886978149,0.9999980926513672,0.9999955892562866,3.8196263929535235e-09,1.557147477626586e-08,4.441638523644542e-08
test/Deer/0486.jpg,Deer,Deer,Deer,Deer,True,True,True,0.9999998807907104,1.0,0.9999997615814209,4.491018668062452e-10,2.243616264996362e-10,6.264548435552797e-09
test/Deer/0490.jpg,Deer,Deer,Deer,Deer,True,True,True,0.997359573841095,0.9933866858482361,0.9981603026390076,1.1058417470621862e-07,9.918193200064707e-08,5.777149567620654e-07
test/Deer/0491.jpg,Deer,Deer,Deer,Deer,True,True,True,0.999998927116394,0.9999995231628418,0.9999991655349731,4.1816328177901596e-10,2.6305418954208903e-10,2.8262490125996464e-09
test/Deer/0496.jpg,Deer,Deer,Deer,Deer,True,True,True,0.9818508625030518,0.9737617373466492,0.9948028326034546,0.007542480248957872,0.0023159568663686514,0.0013205239083617926
test/Deer/0510.jpg,Deer,Deer,Deer,Deer,True,True,True,0.9999997615814209,0.9999996423721313,0.9999951124191284,4.551412757791695e-08,1.8202419482804544e-07,9.172068757834495e-07
test/Deer/0518.jpg,Deer,Deer,Deer,Deer,True,True,True,1.0,1.0,0.9999997615814209,2.030087764559596e-10,3.977531151666547e-11,1.4174708073966258e-09
test/Deer/0530.jpg,Deer,Deer,Deer,Deer,True,True,True,0.9999574422836304,0.9999921321868896,0.9999827146530151,7.617015462813015e-09,7.438484495025932e-09,1.0772253489221839e-07
test/Deer/0566.jpg,Deer,Deer,Deer,Deer,True,True,True,0.999614953994751,0.9987953901290894,0.9995827078819275,5.903129363105108e-07,4.377043296699412e-06,6.9948782766005024e-06
test/Deer/0567.jpg,Deer,Deer,Deer,Deer,True,True,True,1.0,1.0,0.9999998807907104,4.389971372531498e-11,1.131479198529517e-11,8.182235999854015e-10
test/Deer/0568.jpg,Deer,Deer,Deer,Deer,True,True,True,0.9999353885650635,0.9999994039535522,0.9999904632568359,2.3959028538911298e-08,7.890587738756949e-09,1.114625902687294e-07
test/Deer/0575.jpg,Deer,Deer,Deer,Deer,True,True,True,0.9999924898147583,0.9999991655349731,0.9999755620956421,6.859429024785868e-09,2.084525441148344e-09,3.9578548438612415e-08
test/Deer/0600.jpg,Deer,Deer,Deer,Deer,True,True,True,1.0,1.0,0.9999998807907104,2.8749391756122122e-09,9.851343074629426e-10,6.598886770348145e-09
test/Deer/0614.jpg,Deer,Deer,Deer,Deer,True,True,True,0.999835729598999,0.9998989105224609,0.9998072981834412,9.506401887904303e-09,1.3811384924622416e-08,1.9064135869939491e-07
test/Deer/0663.jpg,Deer,Deer,Deer,Deer,True,True,True,1.0,1.0,0.9999996423721313,4.176729184734995e-09,3.852284713445897e-09,6.775261596203563e-08
test/Deer/0675.jpg,Deer,Deer,Deer,Deer,True,True,True,1.0,1.0,1.0,5.961732219006421e-10,1.0699223729204732e-09,2.1249730863814875e-08
test/Deer/0690.jpg,Deer,Deer,Deer,Deer,True,True,True,0.9999942779541016,0.9999710321426392,0.9999700784683228,3.2573012731518247e-07,1.7796105566958431e-06,2.694401246117195e-06
test/Deer/0720.jpg,Deer,Deer,Deer,Deer,True,True,True,1.0,1.0,1.0,3.399094200551289e-11,1.0168547427691355e-11,8.189075528797218e-10
test/Elephant/0004.jpg,Elephant,Elephant,Elephant,Elephant,True,True,True,1.0,1.0,1.0,3.534478612565728e-11,1.5872705927399977e-10,2.8689191022834848e-09
test/Elephant/0010.jpg,Elephant,Elephant,Elephant,Elephant,True,True,True,1.0,1.0,1.0,1.190669091100105e-10,2.565303969248589e-09,2.5058318087189946e-08
test/Elephant/0016.jpg,Elephant,Elephant,Elephant,Elephant,True,True,True,1.0,0.9999998807907104,0.9999988079071045,1.4106722900919522e-08,9.515223808875817e-08,2.395494220763794e-07
test/Elephant/0022.jpg,Elephant,Elephant,Elephant,Elephant,True,True,True,1.0,1.0,0.9999998807907104,8.505191689822666e-11,4.659556074315674e-10,7.4352937140531594e-09
test/Elephant/0027.jpg,Elephant,Elephant,Elephant,Elephant,True,True,True,1.0,1.0,1.0,5.986166423666006e-12,7.084776775662105e-12,2.2133658794665223e-10
test/Elephant/0054.jpg,Elephant,Elephant,Elephant,Elephant,True,True,True,1.0,1.0,0.9999992847442627,1.1245831821327101e-08,5.65577558120367e-08,2.678404484868224e-07
test/Elephant/0104.jpg,Elephant,Elephant,Elephant,Elephant,True,True,True,1.0,1.0,0.9999988079071045,5.323440022131365e-10,7.525978173994474e-10,4.80068429453695e-08
test/Elephant/0110.jpg,Elephant,Elephant,Elephant,Elephant,True,True,True,1.0,1.0,0.9999992847442627,1.243276148699124e-09,2.9813946866852348e-09,4.569459477465898e-08
test/Elephant/0136.jpg,Elephant,Elephant,Elephant,Elephant,True,True,True,1.0,1.0,0.9999995231628418,7.700881043959384e-10,9.93638238355743e-09,8.619090863248857e-08
test/Elephant/0149.jpg,Elephant,Elephant,Elephant,Elephant,True,True,True,1.0,1.0,0.9999998807907104,1.3796725914505537e-11,8.477011453900118e-11,1.819131623115311e-09
test/Elephant/0162.jpg,Elephant,Elephant,Elephant,Elephant,True,True,True,1.0,1.0,0.9999996423721313,4.238149831081728e-10,2.772892804259186e-09,2.3311251595714566e-08
test/Elephant/0168.jpg,Elephant,Elephant,Elephant,Elephant,True,True,True,0.9999978542327881,0.9999943971633911,0.9999583959579468,3.423797068080603e-07,2.8501319775386946e-06,1.1095367881353013e-05
test/Elephant/0177.jpg,Elephant,Elephant,Elephant,Elephant,True,True,True,0.9999830722808838,0.9992793202400208,0.9996329545974731,1.644229530306518e-09,1.3081894678634853e-08,5.933825164561313e-08
test/Elephant/0178.jpg,Elephant,Elephant,Elephant,Elephant,True,True,True,1.0,1.0,1.0,1.237254881880645e-10,1.355878603837013e-10,7.257724643494612e-09
test/Elephant/0182.jpg,Elephant,Elephant,Elephant,Elephant,True,True,True,1.0,1.0,0.9999998807907104,1.9789649086110472e-10,7.281695246774689e-10,8.837430343078267e-09
test/Elephant/0209.jpg,Elephant,Elephant,Elephant,Elephant,True,True,True,1.0,1.0,0.999998927116394,3.2649045689225886e-09,1.2451228492693645e-08,1.562062408311249e-07
test/Elephant/0217.jpg,Elephant,Elephant,Elephant,Elephant,True,True,True,1.0,1.0,1.0,1.1452142185952585e-11,5.1261050959539034e-11,1.693493678622815e-09
test/Elephant/0226.jpg,Elephant,Elephant,Elephant,Elephant,True,True,True,1.0,1.0,0.9999997615814209,9.966638181424514e-09,3.216956656615366e-08,1.8060029560729163e-07
test/Elephant/0237.jpg,Elephant,Elephant,Elephant,Elephant,True,True,True,1.0,1.0,0.9999990463256836,5.945201220214358e-09,4.466243197498443e-08,3.708580891270685e-07
test/Elephant/0249.jpg,Elephant,Elephant,Elephant,Elephant,True,True,True,1.0,1.0,0.9999988079071045,3.3795422016424936e-09,2.6497266603087155e-08,3.948684650367795e-07
test/Elephant/0262.jpg,Elephant,Elephant,Elephant,Elephant,True,True,True,1.0,1.0,1.0,1.628745749382432e-11,2.141682248213428e-10,2.9820146352221855e-09
test/Elephant/0294.jpg,Elephant,Elephant,Elephant,Elephant,True,True,True,0.9999998807907104,1.0,0.9999992847442627,1.804697710716674e-11,1.185007370008151e-10,4.032754574723185e-09
test/Elephant/0303.jpg,Elephant,Elephant,Elephant,Elephant,True,True,True,1.0,1.0,1.0,4.5282180782812986e-11,1.1723375603622799e-09,1.5435363209803654e-08
test/Elephant/0305.jpg,Elephant,Elephant,Elephant,Elephant,True,True,True,1.0,1.0,1.0,4.2377169481855326e-12,2.940885382440861e-11,2.1478348266601444e-10
test/Elephant/0315.jpg,Elephant,Elephant,Elephant,Elephant,True,True,True,1.0,1.0,1.0,2.169435638077477e-12,1.4799043934754508e-11,9.256312383243426e-11
test/Elephant/0322.jpg,Elephant,Elephant,Elephant,Elephant,True,True,True,1.0,1.0,0.9999991655349731,7.916304833877064e-10,7.007538105341382e-09,1.0093872759853184e-07
test/Elephant/0329.jpg,Elephant,Elephant,Elephant,Elephant,True,True,True,1.0,1.0,1.0,7.712118270386537e-12,8.187634598089133e-11,8.956227981471443e-10
test/Elephant/0356.jpg,Elephant,Elephant,Elephant,Elephant,True,True,True,1.0,1.0,1.0,3.7226816074209523e-10,2.3484314493060765e-09,2.9123878420023175e-08
test/Elephant/0367.jpg,Elephant,Elephant,Elephant,Elephant,True,True,True,1.0,1.0,0.9999998807907104,1.482897415971962e-10,8.030076159570854e-09,4.4273971155917025e-08
test/Elephant/0385.jpg,Elephant,Elephant,Elephant,Elephant,True,True,True,1.0,1.0,0.9999998807907104,6.316945300177679e-10,2.978262969577372e-09,3.8640241228904415e-08
test/Elephant/0386.jpg,Elephant,Elephant,Elephant,Elephant,True,True,True,1.0,1.0,0.9999994039535522,5.932466740077302e-10,1.136604477203207e-09,1.9409668539083214e-08
test/Elephant/0395.jpg,Elephant,Elephant,Elephant,Elephant,True,True,True,1.0,1.0,0.9999998807907104,2.555510802970673e-10,3.1268176936549708e-09,1.8080390518093736e-08
test/Elephant/0397.jpg,Elephant,Elephant,Elephant,Elephant,True,True,True,1.0,1.0,0.9999995231628418,7.860174733309577e-09,1.0251386406423535e-08,1.6202803010401112e-07
test/Elephant/0401.jpg,Elephant,Elephant,Elephant,Elephant,True,True,True,1.0,1.0,1.0,2.3387883296699385e-10,4.801766206874447e-10,3.0085343105668017e-09
test/Elephant/0413.jpg,Elephant,Elephant,Elephant,Elephant,True,True,True,1.0,1.0,0.9999991655349731,8.578071586384795e-09,4.083434390622642e-08,4.765492178648856e-07
test/Elephant/0417.jpg,Elephant,Elephant,Elephant,Elephant,True,True,True,1.0,1.0,0.9999991655349731,1.2394456128106413e-08,2.179676705793554e-08,1.4272336557041854e-07
test/Elephant/0435.jpg,Elephant,Elephant,Elephant,Elephant,True,True,True,1.0,1.0,0.9999991655349731,5.677324388386751e-09,1.1894332629935889e-08,1.7086264847421262e-07
test/Elephant/0440.jpg,Elephant,Elephant,Elephant,Elephant,True,True,True,0.9999996423721313,0.9999995231628418,0.9999966621398926,1.7119204187565629e-07,4.1273779061157256e-07,1.4333869557958678e-06
test/Elephant/0446.jpg,Elephant,Elephant,Elephant,Elephant,True,True,True,1.0,1.0,0.9999995231628418,5.077850917523108e-10,7.777388177920841e-10,9.873938111581992e-09
test/Elephant/0447.jpg,Elephant,Elephant,Elephant,Elephant,True,True,True,0.9999997615814209,0.9999992847442627,0.9999923706054688,5.344674924856463e-09,8.743350043971532e-09,4.8360078608311596e-08
test/Elephant/0456.jpg,Elephant,Elephant,Elephant,Elephant,True,True,True,0.9999587535858154,0.9999806880950928,0.9998277425765991,2.12112968256406e-06,3.3151313800772186e-06,6.8104691308690235e-06
test/Elephant/0462.jpg,Elephant,Elephant,Elephant,Elephant,True,True,True,1.0,1.0,1.0,5.075209458423047e-13,4.981200868447999e-11,1.7972516530573301e-10
test/Elephant/0469.jpg,Elephant,Elephant,Elephant,Elephant,True,True,True,1.0,1.0,0.9999998807907104,6.882491243587197e-10,4.0831726888512776e-10,1.0882881262830324e-08
test/Elephant/0474.jpg,Elephant,Elephant,Elephant,Elephant,True,True,True,0.9999980926513672,0.9999961853027344,0.9998854398727417,1.5143351106416958e-07,6.940540231425985e-08,1.6995421674437239e-06
test/Elephant/0480.jpg,Elephant,Elephant,Elephant,Elephant,True,True,True,1.0,1.0,1.0,9.864330186015735e-11,9.929612687642475e-10,7.505683186082024e-09
test/Elephant/0486.jpg,Elephant,Elephant,Elephant,Elephant,True,True,True,1.0,1.0,0.9999997615814209,5.565168770260698e-09,1.9523371364016384e-08,1.0436503572464062e-07
test/Elephant/0492.jpg,Elephant,Elephant,Elephant,Elephant,True,True,True,1.0,1.0,1.0,1.1189184995208379e-10,8.647787486104619e-10,7.251816480646767e-09
test/Elephant/0506.jpg,Elephant,Elephant,Elephant,Elephant,True,True,True,0.999997615814209,0.9999970197677612,0.9999423027038574,1.6681921977124148e-07,1.2796535884262994e-06,9.712892278912477e-06
test/Elephant/0515.jpg,Elephant,Elephant,Elephant,Elephant,True,True,True,1.0,1.0,0.9999996423721313,2.331772830377332e-10,1.746704558769352e-09,2.1125778459918365e-08
test/Elephant/0527.jpg,Elephant,Elephant,Elephant,Elephant,True,True,True,0.9999998807907104,1.0,0.9999943971633911,4.975965950393402e-08,5.094949884210109e-08,1.085383019017172e-06
test/Elephant/0529.jpg,Elephant,Elephant,Elephant,Elephant,True,True,True,1.0,1.0,1.0,3.0170782538974095e-10,1.4600944897580348e-09,9.216243768150889e-09
test/Elephant/0538.jpg,Elephant,Elephant,Elephant,Elephant,True,True,True,0.9999969005584717,0.9999940395355225,0.9999490976333618,1.4104704177952954e-06,4.864565653406316e-06,2.853354271792341e-05
test/Elephant/0569.jpg,Elephant,Elephant,Elephant,Cow,True,True,False,0.937936007976532,0.9983037710189819,0.634053111076355,2.2806604249581142e-07,1.2001803106898024e-08,7.806009989508311e-07
test/Elephant/0573.jpg,Elephant,Elephant,Elephant,Elephant,True,True,True,1.0,1.0,0.9999996423721313,3.454200037111832e-09,1.7879157709899118e-08,1.0034523967306086e-07
test/Elephant/0574.jpg,Elephant,Elephant,Elephant,Elephant,True,True,True,1.0,1.0,1.0,1.4109769776171621e-11,3.4816264454784474e-11,1.0967937669192906e-09
test/Elephant/0586.jpg,Elephant,Elephant,Elephant,Elephant,True,True,True,1.0,1.0,1.0,3.1552298968007264e-11,3.022186945145222e-10,2.4851878333009836e-09
test/Elephant/0595.jpg,Elephant,Elephant,Elephant,Elephant,True,True,True,1.0,0.9999998807907104,0.9999984502792358,2.4612181737104777e-10,6.965106824630141e-10,9.197754557987992e-09
test/Elephant/0596.jpg,Elephant,Elephant,Elephant,Elephant,True,True,True,1.0,1.0,1.0,4.478293007693229e-13,1.4372061483622356e-12,3.412000890157252e-11
test/Elephant/0604.jpg,Elephant,Elephant,Elephant,Elephant,True,True,True,1.0,1.0,1.0,1.9472505205508917e-11,8.887220820374964e-11,1.2801071314072487e-09
test/Elephant/0610.jpg,Elephant,Elephant,Elephant,Elephant,True,True,True,1.0,1.0,1.0,7.867459461685655e-10,4.926731245191718e-10,2.8130269225101756e-09
test/Elephant/0617.jpg,Elephant,Elephant,Elephant,Elephant,True,True,True,1.0,1.0,0.9999990463256836,1.182795550391802e-08,1.933009086130255e-09,9.742554141212167e-08
test/Elephant/0630.jpg,Elephant,Elephant,Elephant,Elephant,True,True,True,1.0,1.0,1.0,2.753590688797658e-10,1.2882881428311066e-09,9.890604779627665e-09
test/Elephant/0666.jpg,Elephant,Elephant,Elephant,Elephant,True,True,True,0.9999265670776367,0.9997988343238831,0.9990273714065552,2.9196866307756864e-05,0.00019936877652071416,0.0008388729766011238
test/Elephant/0672.jpg,Elephant,Elephant,Elephant,Elephant,True,True,True,1.0,1.0,1.0,4.8771844202155634e-11,5.3957720236308404e-11,2.7541493530236494e-09
test/Elephant/0673.jpg,Elephant,Elephant,Elephant,Elephant,True,True,True,0.9999988079071045,0.9999970197677612,0.9999735355377197,5.811297114632907e-07,1.8378099184701568e-06,8.809434802969918e-06
test/Elephant/0676.jpg,Elephant,Elephant,Elephant,Elephant,True,True,True,0.9999998807907104,0.9999996423721313,0.9999970197677612,5.4721001063740005e-09,3.39153416462068e-08,1.3600700299321034e-07
test/Elephant/0677.jpg,Elephant,Elephant,Elephant,Elephant,True,True,True,1.0,1.0,0.9999998807907104,5.246919010382101e-10,1.535545357533863e-09,6.9635150978797355e-09
test/Elephant/0681.jpg,Elephant,Elephant,Elephant,Elephant,True,True,True,0.9999985694885254,0.9999909400939941,0.9999085664749146,3.674202275760763e-09,4.7977174233437836e-08,5.433349201666715e-07
test/Elephant/0698.jpg,Elephant,Elephant,Elephant,Elephant,True,True,True,1.0,1.0,0.9999996423721313,5.72030245393762e-09,1.4495287636862031e-08,8.396080630745928e-08
test/Elephant/0700.jpg,Elephant,Elephant,Elephant,Elephant,True,True,True,0.9999963045120239,0.999990701675415,0.9999599456787109,2.177710012318812e-09,4.74192063393275e-08,6.847324129921617e-07
test/Elephant/0712.jpg,Elephant,Elephant,Elephant,Elephant,True,True,True,1.0,1.0,0.9999998807907104,3.9913561344917525e-10,1.4432876005443518e-09,1.216892009381354e-08
test/Elephant/0724.jpg,Elephant,Elephant,Elephant,Elephant,True,True,True,1.0,1.0,0.9999995231628418,6.52871368078678e-10,1.0402075867332883e-09,2.0924662891275148e-08
test/Elephant/0738.jpg,Elephant,Elephant,Elephant,Elephant,True,True,True,0.9999980926513672,0.9999947547912598,0.9999666213989258,3.276153393017012e-08,7.559218033748039e-07,2.9621135126944864e-06
test/Elephant/0750.jpg,Elephant,Elephant,Elephant,Elephant,True,True,True,0.9964382648468018,0.9996978044509888,0.9946454763412476,1.79666585609084e-07,1.8038140581211337e-07,1.4129119563222048e-06
test/Elephant/0754.jpg,Elephant,Elephant,Elephant,Elephant,True,True,True,1.0,0.9999997615814209,0.999992847442627,7.262858647827386e-10,2.483235173045273e-09,9.334055306453592e-08
test/Elephant/0755.jpg,Elephant,Elephant,Elephant,Elephant,True,True,True,1.0,1.0,0.9999995231628418,3.565027439922375e-11,3.9084047109838593e-10,8.065253354061497e-09
test/Elephant/0783.jpg,Elephant,Elephant,Elephant,Elephant,True,True,True,1.0,1.0,0.9999997615814209,1.7936412771701882e-11,3.34186740780229e-11,1.7636233584639172e-09
test/Elephant/0789.jpg,Elephant,Elephant,Elephant,Elephant,True,True,True,0.9999998807907104,0.9999998807907104,0.9999980926513672,3.239689760903275e-08,1.437826568917444e-07,6.26783787538443e-07
test/Elephant/0795.jpg,Elephant,Elephant,Elephant,Elephant,True,True,True,1.0,1.0,0.9999984502792358,2.5703681405531142e-09,4.863136116028954e-09,3.705458340164114e-08
test/Monkey/0004.jpg,Monkey,Monkey,Monkey,Monkey,True,True,True,1.0,0.9999998807907104,0.9999997615814209,1.0922719395622948e-09,2.3225412704164228e-09,7.62200347281805e-09
test/Monkey/0039.jpg,Monkey,Monkey,Monkey,Monkey,True,True,True,0.9999992847442627,0.9999914169311523,0.9999985694885254,2.9738049800442923e-09,9.293285252454098e-09,1.4696794892188336e-08
test/Monkey/0054.jpg,Monkey,Monkey,Monkey,Monkey,True,True,True,0.9999715089797974,0.9999892711639404,0.9999297857284546,3.913347882189555e-06,6.519881026179064e-07,1.6875897017598618e-06
test/Monkey/0067.jpg,Monkey,Monkey,Monkey,Monkey,True,True,True,1.0,0.9999998807907104,0.9999996423721313,6.78093581285566e-09,9.864454142416434e-09,8.066336221190795e-08
test/Monkey/0069.jpg,Monkey,Monkey,Monkey,Monkey,True,True,True,0.9999967813491821,0.9999994039535522,0.999967098236084,6.979852429367384e-08,8.153337560656837e-09,2.0861928362592153e-07
test/Monkey/0073.jpg,Monkey,Monkey,Monkey,Monkey,True,True,True,1.0,1.0,1.0,3.002582626976391e-10,9.809634875235229e-12,6.292606435920334e-10
test/Monkey/0084.jpg,Monkey,Monkey,Monkey,Monkey,True,True,True,0.9999996423721313,1.0,0.9999998807907104,1.492543333370122e-08,1.0571347131005382e-09,1.6138974601176415e-09
test/Monkey/0094.jpg,Monkey,Monkey,Monkey,Monkey,True,True,True,0.9999998807907104,1.0,0.9999996423721313,2.7401569901996936e-10,1.6845050354596935e-10,1.2935297277749669e-09
test/Monkey/0100.jpg,Monkey,Monkey,Monkey,Monkey,True,True,True,0.999919056892395,0.9998165965080261,0.9999927282333374,4.021706899948185e-06,2.581098669907078e-06,4.362536003554851e-07
test/Monkey/0105.jpg,Monkey,Monkey,Monkey,Monkey,True,True,True,0.999998927116394,0.9999986886978149,0.9999979734420776,3.668542376544792e-07,5.393200908088147e-08,1.7338423674573278e-07
test/Monkey/0112.jpg,Monkey,Monkey,Monkey,Monkey,True,True,True,1.0,1.0,0.9999998807907104,1.019020007264615e-10,5.64115802681453e-11,7.504719068407439e-10
test/Monkey/0114.jpg,Monkey,Monkey,Monkey,Monkey,True,True,True,0.9999992847442627,0.9999865293502808,0.9999998807907104,1.6648880885039574e-10,6.341253216968212e-11,2.181429203940155e-10
test/Monkey/0123.jpg,Monkey,Monkey,Monkey,Monkey,True,True,True,0.9999983310699463,0.9999861717224121,0.9999986886978149,1.9752945945583633e-08,7.28107041325643e-09,2.19727631645128e-08
test/Monkey/0126.jpg,Monkey,Monkey,Monkey,Monkey,True,True,True,1.0,1.0,1.0,2.255027241326868e-11,3.0704744302667564e-11,2.7248397982404526e-10
test/Monkey/0155.jpg,Monkey,Monkey,Monkey,Monkey,True,True,True,1.0,0.9999998807907104,0.9999998807907104,2.6871338487666208e-09,1.4200125519892026e-08,3.651294377959857e-08
test/Monkey/0160.jpg,Monkey,Monkey,Monkey,Monkey,True,True,True,1.0,1.0,1.0,3.7960235649281415e-11,4.187861168958307e-11,1.1500304181177867e-10
test/Monkey/0183.jpg,Monkey,Monkey,Monkey,Monkey,True,True,True,0.9999998807907104,0.9999998807907104,0.9999978542327881,1.7459390377894124e-08,2.820219835442117e-09,1.4302600881421768e-08
test/Monkey/0196.jpg,Monkey,Monkey,Monkey,Monkey,True,True,True,0.9999994039535522,0.9999998807907104,0.9999994039535522,2.6300915578758577e-07,1.5812817721894135e-09,3.939173609524005e-08
test/Monkey/0202.jpg,Monkey,Monkey,Monkey,Monkey,True,True,True,1.0,0.9999996423721313,1.0,5.35872191065323e-09,4.06597742141912e-08,8.845644217103654e-09
test/Monkey/0217.jpg,Monkey,Monkey,Monkey,Monkey,True,True,True,0.9999711513519287,0.9999674558639526,0.999351441860199,6.40053713141242e-06,8.972153409558814e-06,6.28804846201092e-05
test/Monkey/0223.jpg,Monkey,Monkey,Monkey,Monkey,True,True,True,0.9997356534004211,0.994432270526886,0.9959830045700073,9.430301724933088e-05,0.00017886419664137065,0.0001677527470747009
test/Monkey/0241.jpg,Monkey,Monkey,Monkey,Monkey,True,True,True,1.0,0.9999996423721313,0.9999996423721313,2.4296598066797515e-10,8.264831596882516e-10,2.6174760137109843e-09
test/Monkey/0244.jpg,Monkey,Monkey,Monkey,Monkey,True,True,True,0.9999964237213135,0.9999831914901733,0.9999785423278809,4.2361139596103214e-10,3.754306865388912e-10,1.2408070126923576e-09
test/Monkey/0260.jpg,Monkey,Monkey,Monkey,Monkey,True,True,True,1.0,1.0,1.0,9.567236759766562e-12,3.4621576439075596e-11,4.8968617355482635e-11
test/Monkey/0262.jpg,Monkey,Monkey,Monkey,Monkey,True,True,True,1.0,1.0,1.0,4.815024767790277e-11,1.2575419872096205e-10,2.904551876792283e-10
test/Monkey/0270.jpg,Monkey,Monkey,Monkey,Monkey,True,True,True,0.9999990463256836,0.9999678134918213,0.9999958276748657,2.7336051200421707e-09,7.025191539611342e-09,4.3151997530799235e-09
test/Monkey/0275.jpg,Monkey,Monkey,Monkey,Monkey,True,True,True,1.0,1.0,1.0,6.886189535260101e-11,5.7893374122430785e-11,3.2766939161987807e-10
test/Monkey/0283.jpg,Monkey,Monkey,Monkey,Monkey,True,True,True,1.0,1.0,0.9999998807907104,4.70738514835034e-09,4.655285490429151e-09,5.386820767228073e-09
test/Non_Venomous_Snake/1 (2).jpg,Non_Venomous_Snake,Non_Venomous_Snake,Non_Venomous_Snake,Non_Venomous_Snake,True,True,True,0.558361828327179,0.5791956186294556,0.6605994701385498,0.4416382312774658,0.42080435156822205,0.33940014243125916
test/Non_Venomous_Snake/1.jpg,Non_Venomous_Snake,Non_Venomous_Snake,Non_Venomous_Snake,Non_Venomous_Snake,True,True,True,0.9990598559379578,0.9967368245124817,0.9991554021835327,0.0009398388210684061,0.0032624283339828253,0.0008425863925367594
test/Non_Venomous_Snake/10.jpg,Non_Venomous_Snake,Non_Venomous_Snake,Non_Venomous_Snake,Non_Venomous_Snake,True,True,True,0.992284893989563,0.7670695781707764,0.9794904589653015,0.007715043146163225,0.23292872309684753,0.020508507266640663
test/Non_Venomous_Snake/1024px-Heller_Tigerpython_Python_molurus_molurus.jpg,Non_Venomous_Snake,Non_Venomous_Snake,Non_Venomous_Snake,Non_Venomous_Snake,True,True,True,0.9983953833580017,0.9951218962669373,0.9972696900367737,0.0016033686697483063,0.0048696077428758144,0.0027239469345659018
test/Non_Venomous_Snake/11.jpg,Non_Venomous_Snake,Non_Venomous_Snake,Non_Venomous_Snake,Non_Venomous_Snake,True,True,True,0.9885212182998657,0.7819220423698425,0.971989095211029,0.011478754691779613,0.21807798743247986,0.028009800240397453
test/Non_Venomous_Snake/112282-850x565-Yellow_Rat_Snake.jpg,Non_Venomous_Snake,Non_Venomous_Snake,Venomous_Snake,Non_Venomous_Snake,True,False,True,0.5937967896461487,0.5395143628120422,0.827820897102356,0.4062013626098633,0.5395143628120422,0.1721646636724472
test/Non_Venomous_Snake/1157751.jpg,Non_Venomous_Snake,Non_Venomous_Snake,Non_Venomous_Snake,Non_Venomous_Snake,True,True,True,0.9987064599990845,0.9907668828964233,0.9938448667526245,0.001292928820475936,0.00923164188861847,0.006148245185613632
test/Non_Venomous_Snake/1166420045-m.jpg,Non_Venomous_Snake,Venomous_Snake,Venomous_Snake,Venomous_Snake,False,False,False,0.9658645391464233,0.9941100478172302,0.845917284488678,0.9658645391464233,0.9941100478172302,0.845917284488678
test/Non_Venomous_Snake/12.jpg,Non_Venomous_Snake,Non_Venomous_Snake,Non_Venomous_Snake,Non_Venomous_Snake,True,True,True,0.9995259046554565,0.9977813363075256,0.9966038465499878,0.0004740176082123071,0.002218031557276845,0.0033899666741490364
test/Non_Venomous_Snake/1200px-Eryx_jaculus.jpg,Non_Venomous_Snake,Non_Venomous_Snake,Non_Venomous_Snake,Non_Venomous_Snake,True,True,True,0.9958778619766235,0.8870826959609985,0.9921914935112,0.004122171085327864,0.11291733384132385,0.0078084515407681465
test/Non_Venomous_Snake/126763-004-312A729C.jpg,Non_Venomous_Snake,Non_Venomous_Snake,Non_Venomous_Snake,Non_Venomous_Snake,True,True,True,0.8191643357276917,0.7756626009941101,0.9663159251213074,0.18083558976650238,0.22433699667453766,0.03368104621767998
test/Non_Venomous_Snake/1280px-Indian_rock_python_pratik.JPG,Non_Venomous_Snake,Non_Venomous_Snake,Non_Venomous_Snake,Non_Venomous_Snake,True,True,True,0.9986802935600281,0.9960371851921082,0.9959414601325989,0.0013185006100684404,0.0039601451717317104,0.004048303235322237
test/Non_Venomous_Snake/13 (2).jpg,Non_Venomous_Snake,Non_Venomous_Snake,Non_Venomous_Snake,Non_Venomous_Snake,True,True,True,0.9961447715759277,0.9788849949836731,0.9944761395454407,0.003855180460959673,0.021114978939294815,0.005523760337382555
test/Non_Venomous_Snake/13.jpg,Non_Venomous_Snake,Non_Venomous_Snake,Non_Venomous_Snake,Non_Venomous_Snake,True,True,True,0.9950457811355591,0.9892904162406921,0.9948431253433228,0.004911927040666342,0.010676626116037369,0.005127222277224064
test/Non_Venomous_Snake/131942656.vigSlaNz.jpg,Non_Venomous_Snake,Non_Venomous_Snake,Non_Venomous_Snake,Non_Venomous_Snake,True,True,True,0.9270888566970825,0.9060116410255432,0.9547187685966492,0.07291089743375778,0.09398796409368515,0.045280251652002335
test/Non_Venomous_Snake/14 (2).jpg,Non_Venomous_Snake,Non_Venomous_Snake,Non_Venomous_Snake,Non_Venomous_Snake,True,True,True,0.9342904686927795,0.8138375878334045,0.9759908318519592,0.06570880115032196,0.18616166710853577,0.024007825180888176
test/Non_Venomous_Snake/14.jpg,Non_Venomous_Snake,Non_Venomous_Snake,Non_Venomous_Snake,Non_Venomous_Snake,True,True,True,0.9633870720863342,0.8550684452056885,0.9733092784881592,0.036612819880247116,0.14493149518966675,0.026690514758229256
test/Non_Venomous_Snake/1406194043645_wps_2_EXCLUSIVE_GUJARAT_INDIA_U.jpg,Non_Venomous_Snake,Non_Venomous_Snake,Venomous_Snake,Non_Venomous_Snake,True,False,True,0.9090890884399414,0.6240556240081787,0.9156521558761597,0.09088865667581558,0.6240556240081787,0.08401975780725479
test/Non_Venomous_Snake/143197P3112612.JPG,Non_Venomous_Snake,Non_Venomous_Snake,Venomous_Snake,Non_Venomous_Snake,True,False,True,0.5727366805076599,0.7856552004814148,0.9121995568275452,0.42726197838783264,0.7856552004814148,0.08776804804801941
test/Non_Venomous_Snake/1438853319IMG-20141006-WA0017.jpg,Non_Venomous_Snake,Non_Venomous_Snake,Non_Venomous_Snake,Non_Venomous_Snake,True,True,True,0.8629642724990845,0.8038579821586609,0.833778977394104,0.1363353282213211,0.1940820962190628,0.1630152016878128
test/Non_Venomous_Snake/1438853319main -1.jpg,Non_Venomous_Snake,Non_Venomous_Snake,Non_Venomous_Snake,Non_Venomous_Snake,True,True,True,0.9998787641525269,0.9988201260566711,0.9977937936782837,0.00012111577962059528,0.0011791720753535628,0.0022041441407054663
test/Non_Venomous_Snake/1438853320sub headed shot-1.jpg,Non_Venomous_Snake,Non_Venomous_Snake,Non_Venomous_Snake,Non_Venomous_Snake,True,True,True,0.9985950589179993,0.9996497631072998,0.999291181564331,0.0014047323493286967,0.00034989684354513884,0.0007074799505062401
test/Non_Venomous_Snake/15.jpg,Non_Venomous_Snake,Non_Venomous_Snake,Non_Venomous_Snake,Non_Venomous_Snake,True,True,True,0.9984279870986938,0.9952096343040466,0.9948063492774963,0.0015720055671408772,0.00479035172611475,0.005192524753510952
test/Non_Venomous_Snake/16.jpg,Non_Venomous_Snake,Non_Venomous_Snake,Non_Venomous_Snake,Non_Venomous_Snake,True,True,True,0.9171788692474365,0.5130388140678406,0.5836482644081116,0.08280391991138458,0.48693710565567017,0.41627490520477295
test/Non_Venomous_Snake/16668569-Close-up-of-Indo-Chinese-Rat-snake-Thailand--Stock-Photo.jpg,Non_Venomous_Snake,Non_Venomous_Snake,Non_Venomous_Snake,Non_Venomous_Snake,True,True,True,0.5493175983428955,0.6399378776550293,0.8450536131858826,0.450680136680603,0.3600519001483917,0.1549273282289505
test/Non_Venomous_Snake/17 (2).jpg,Non_Venomous_Snake,Non_Venomous_Snake,Non_Venomous_Snake,Non_Venomous_Snake,True,True,True,0.9994207620620728,0.9955528378486633,0.9951245188713074,0.0005793041200377047,0.0044471630826592445,0.004874506499618292
test/Non_Venomous_Snake/17.jpg,Non_Venomous_Snake,Non_Venomous_Snake,Non_Venomous_Snake,Non_Venomous_Snake,True,True,True,0.934833824634552,0.5518377423286438,0.8942720293998718,0.06515824049711227,0.44815465807914734,0.10568145662546158
test/Non_Venomous_Snake/175a2372jpg-35eda8314988c49d.jpg,Non_Venomous_Snake,Venomous_Snake,Venomous_Snake,Venomous_Snake,False,False,False,0.8652934432029724,0.9945080876350403,0.8332238793373108,0.8652934432029724,0.9945080876350403,0.8332238793373108
test/Non_Venomous_Snake/178737411_XS.jpg,Non_Venomous_Snake,Non_Venomous_Snake,Non_Venomous_Snake,Non_Venomous_Snake,True,True,True,0.7257750630378723,0.7949581742286682,0.9274808764457703,0.2742150127887726,0.2050325721502304,0.07248684763908386
test/Non_Venomous_Snake/18.jpg,Non_Venomous_Snake,Non_Venomous_Snake,Non_Venomous_Snake,Non_Venomous_Snake,True,True,True,0.8070010542869568,0.9240149855613708,0.9441270232200623,0.19287200272083282,0.07593882828950882,0.05526041239500046
test/Non_Venomous_Snake/1YEL.jpg,Non_Venomous_Snake,Non_Venomous_Snake,Non_Venomous_Snake,Non_Venomous_Snake,True,True,True,0.9999505281448364,0.9989579916000366,0.9995718598365784,4.9416230467613786e-05,0.0010420300532132387,0.0004277692351024598
test/Non_Venomous_Snake/2.jpg,Non_Venomous_Snake,Non_Venomous_Snake,Non_Venomous_Snake,Non_Venomous_Snake,True,True,True,0.9588350057601929,0.9558036923408508,0.9671956896781921,0.04116497188806534,0.04419637843966484,0.03280378878116608
test/Non_Venomous_Snake/20 (2).jpg,Non_Venomous_Snake,Venomous_Snake,Venomous_Snake,Venomous_Snake,False,False,False,0.5650998950004578,0.6967803835868835,0.5399225354194641,0.5650998950004578,0.6967803835868835,0.5399225354194641
test/Non_Venomous_Snake/20 (3).jpg,Non_Venomous_Snake,Non_Venomous_Snake,Non_Venomous_Snake,Non_Venomous_Snake,True,True,True,0.999904990196228,0.9998044371604919,0.999647855758667,9.494377445662394e-05,0.00019558274652808905,0.0003513741830829531
test/Non_Venomous_Snake/20.jpg,Non_Venomous_Snake,Non_Venomous_Snake,Non_Venomous_Snake,Non_Venomous_Snake,True,True,True,0.9996460676193237,0.9972597360610962,0.9987481832504272,0.0003538654127623886,0.0027400823310017586,0.0012493969406932592
test/Non_Venomous_Snake/21.jpg,Non_Venomous_Snake,Non_Venomous_Snake,Non_Venomous_Snake,Non_Venomous_Snake,True,True,True,0.9570953845977783,0.8857768774032593,0.9469600915908813,0.04287399724125862,0.11412322521209717,0.052981726825237274
test/Non_Venomous_Snake/22cdfe6495d034308305a00eeee78be8.jpg,Non_Venomous_Snake,Non_Venomous_Snake,Non_Venomous_Snake,Non_Venomous_Snake,True,True,True,0.9179524779319763,0.9178963303565979,0.9706680178642273,0.08204568922519684,0.08209632337093353,0.029302537441253662
test/Non_Venomous_Snake/23.jpg,Non_Venomous_Snake,Non_Venomous_Snake,Non_Venomous_Snake,Non_Venomous_Snake,True,True,True,0.9999961853027344,0.999998927116394,0.999990701675415,2.5775696030905237e-06,1.0943451798084425e-06,8.641450222057756e-06
test/Non_Venomous_Snake/23acc8022303e373f72893f094dcd22f--snake-photos-corn-snake.jpg,Non_Venomous_Snake,Non_Venomous_Snake,Non_Venomous_Snake,Non_Venomous_Snake,True,True,True,0.9968360662460327,0.9972044825553894,0.9929320812225342,0.0031554577872157097,0.002792516490444541,0.007042251527309418
test/Non_Venomous_Snake/24.jpg,Non_Venomous_Snake,Non_Venomous_Snake,Non_Venomous_Snake,Non_Venomous_Snake,True,True,True,0.9997079968452454,0.9688581228256226,0.9944459199905396,0.00029195231036283076,0.03114166483283043,0.00555180199444294
test/Non_Venomous_Snake/240_F_57387590_X4C1GVMXiircJ9WijCsTxXmP3l08Pk2m.jpg,Non_Venomous_Snake,Non_Venomous_Snake,Non_Venomous_Snake,Non_Venomous_Snake,True,True,True,0.9899263381958008,0.9463196396827698,0.9847989678382874,0.010070418007671833,0.0536651648581028,0.015187161974608898
test/Non_Venomous_Snake/240_F_81777996_fXFZAxx4plJEMzc4ndaqAcPqLi5VB87h.jpg,Non_Venomous_Snake,Non_Venomous_Snake,Non_Venomous_Snake,Non_Venomous_Snake,True,True,True,0.9996039271354675,0.998902440071106,0.9983983635902405,0.00039568758802488446,0.0010954324388876557,0.0015962080797180533
test/Non_Venomous_Snake/249701_149478348456813_100001839476094_326585_731191_n.jpg,Non_Venomous_Snake,Non_Venomous_Snake,Non_Venomous_Snake,Non_Venomous_Snake,True,True,True,0.9950307607650757,0.8355856537818909,0.8671669363975525,0.004968342371284962,0.1644013673067093,0.13281027972698212
test/Non_Venomous_Snake/26.jpg,Non_Venomous_Snake,Non_Venomous_Snake,Non_Venomous_Snake,Non_Venomous_Snake,True,True,True,0.9998199343681335,0.9995841383934021,0.9996054768562317,0.00018000534328166395,0.0004158146621193737,0.0003931374230887741
test/Non_Venomous_Snake/27.jpg,Non_Venomous_Snake,Non_Venomous_Snake,Non_Venomous_Snake,Non_Venomous_Snake,True,True,True,0.7460690140724182,0.5233049988746643,0.9238547682762146,0.2539067268371582,0.47648370265960693,0.07597038149833679
test/Non_Venomous_Snake/29.jpg,Non_Venomous_Snake,Non_Venomous_Snake,Non_Venomous_Snake,Non_Venomous_Snake,True,True,True,0.9998502731323242,0.999854326248169,0.9995958209037781,8.978066762210801e-05,0.00010000447946367785,0.0002815446350723505
test/Non_Venomous_Snake/2953885821_2921103913.jpg,Non_Venomous_Snake,Non_Venomous_Snake,Non_Venomous_Snake,Non_Venomous_Snake,True,True,True,0.9980509281158447,0.9989854693412781,0.996579110622406,0.001948641613125801,0.0010144166881218553,0.0034199480433017015
test/Non_Venomous_Snake/3.jpg,Non_Venomous_Snake,Non_Venomous_Snake,Non_Venomous_Snake,Non_Venomous_Snake,True,True,True,0.9868566393852234,0.5855079293251038,0.967271089553833,0.013143143616616726,0.4144889712333679,0.032726116478443146
test/Non_Venomous_Snake/30.jpg,Non_Venomous_Snake,Venomous_Snake,Venomous_Snake,Venomous_Snake,False,False,False,0.8812358379364014,0.9610733985900879,0.6542198061943054,0.8812358379364014,0.9610733985900879,0.6542198061943054
test/Non_Venomous_Snake/300px-Boa.jpg,Non_Venomous_Snake,Non_Venomous_Snake,Venomous_Snake,Non_Venomous_Snake,True,False,True,0.7448633909225464,0.5815667510032654,0.9243502616882324,0.255136638879776,0.5815667510032654,0.07564979791641235
test/Non_Venomous_Snake/32.jpg,Non_Venomous_Snake,Non_Venomous_Snake,Non_Venomous_Snake,Non_Venomous_Snake,True,True,True,0.9998078942298889,0.9991466999053955,0.9987543821334839,0.00012477055133786052,0.0007362592732533813,0.001060628448612988
test/Non_Venomous_Snake/33.jpg,Non_Venomous_Snake,Non_Venomous_Snake,Non_Venomous_Snake,Non_Venomous_Snake,True,True,True,0.9882545471191406,0.996726393699646,0.9987700581550598,0.011552026495337486,0.003233835566788912,0.0012110579991713166
test/Non_Venomous_Snake/34.jpg,Non_Venomous_Snake,Non_Venomous_Snake,Non_Venomous_Snake,Non_Venomous_Snake,True,True,True,0.9915084838867188,0.9940523505210876,0.9921866655349731,0.007221605628728867,0.0057199206203222275,0.007076597306877375
test/Non_Venomous_Snake/36.jpg,Non_Venomous_Snake,Non_Venomous_Snake,Non_Venomous_Snake,Non_Venomous_Snake,True,True,True,0.9990552067756653,0.998267412185669,0.9988975524902344,0.000944217259529978,0.001731964643113315,0.0010980291990563273
test/Non_Venomous_Snake/37.jpg,Non_Venomous_Snake,Non_Venomous_Snake,Non_Venomous_Snake,Non_Venomous_Snake,True,True,True,0.9999532699584961,0.9998968839645386,0.9999721050262451,4.6700177335878834e-05,0.00010307261982234195,2.7825530196423642e-05
test/Non_Venomous_Snake/38AC2D51-1DD8-B71C-077A00C10D49AA3C-large.JPG,Non_Venomous_Snake,Non_Venomous_Snake,Non_Venomous_Snake,Non_Venomous_Snake,True,True,True,0.9609803557395935,0.8939085006713867,0.913577139377594,0.03901911899447441,0.10608923435211182,0.08640885353088379
test/Non_Venomous_Snake/39.jpg,Non_Venomous_Snake,Non_Venomous_Snake,Non_Venomous_Snake,Non_Venomous_Snake,True,True,True,0.9986234903335571,0.9965633749961853,0.998431384563446,0.001374022220261395,0.00343409925699234,0.0015583798522129655
test/Non_Venomous_Snake/4.jpg,Non_Venomous_Snake,Venomous_Snake,Venomous_Snake,Venomous_Snake,False,False,False,0.6374921202659607,0.8535320162773132,0.6003328561782837,0.6374921202659607,0.8535320162773132,0.6003328561782837
test/Non_Venomous_Snake/40.jpg,Non_Venomous_Snake,Non_Venomous_Snake,Non_Venomous_Snake,Non_Venomous_Snake,True,True,True,0.999987006187439,0.99997878074646,0.9999501705169678,1.2900663932668976e-05,2.119082819262985e-05,4.968528446624987e-05
test/Non_Venomous_Snake/4108235465_d0b32976cc_b.jpg,Non_Venomous_Snake,Non_Venomous_Snake,Non_Venomous_Snake,Non_Venomous_Snake,True,True,True,0.999593198299408,0.9996587038040161,0.9995338916778564,0.0004063407832290977,0.000341240520356223,0.00046579912304878235
test/Non_Venomous_Snake/450-27504292-common-sand-boa-snake.jpg,Non_Venomous_Snake,Non_Venomous_Snake,Non_Venomous_Snake,Non_Venomous_Snake,True,True,True,0.9992730021476746,0.9809808731079102,0.9997383952140808,0.0007270423811860383,0.019019057974219322,0.0002615962876006961
test/Non_Venomous_Snake/464685_469785913108783_1755378000_o.jpg,Non_Venomous_Snake,Non_Venomous_Snake,Non_Venomous_Snake,Non_Venomous_Snake,True,True,True,0.9997685551643372,0.9987446069717407,0.9991918206214905,0.00023106555454432964,0.0012544594937935472,0.0008026070427149534
test/Non_Venomous_Snake/5 blog.jpg,Non_Venomous_Snake,Non_Venomous_Snake,Non_Venomous_Snake,Non_Venomous_Snake,True,True,True,0.9463839530944824,0.623573899269104,0.9131491184234619,0.05361558124423027,0.37642502784729004,0.08684969693422318
test/Non_Venomous_Snake/5078041194_1f8a6af122_b.jpg,Non_Venomous_Snake,Non_Venomous_Snake,Non_Venomous_Snake,Non_Venomous_Snake,True,True,True,0.6861565113067627,0.7084004282951355,0.8718024492263794,0.3138425946235657,0.29159632325172424,0.12817487120628357
test/Non_Venomous_Snake/5c3dd3dc91c4283c73c5992e0a62b28f.jpg,Non_Venomous_Snake,Non_Venomous_Snake,Venomous_Snake,Non_Venomous_Snake,True,False,True,0.518875777721405,0.7735183238983154,0.7945791482925415,0.4811239242553711,0.7735183238983154,0.2053973376750946
test/Non_Venomous_Snake/6 (2).jpg,Non_Venomous_Snake,Non_Venomous_Snake,Non_Venomous_Snake,Non_Venomous_Snake,True,True,True,0.9854875802993774,0.732769787311554,0.9751482009887695,0.014512429013848305,0.2672281265258789,0.024845097213983536
test/Non_Venomous_Snake/6.jpg,Non_Venomous_Snake,Non_Venomous_Snake,Non_Venomous_Snake,Non_Venomous_Snake,True,True,True,0.9916803240776062,0.978223979473114,0.9857529997825623,0.008319247514009476,0.021774660795927048,0.014241574332118034
test/Non_Venomous_Snake/61571838_4ea666d98a_b.jpg,Non_Venomous_Snake,Non_Venomous_Snake,Non_Venomous_Snake,Non_Venomous_Snake,True,True,True,0.9995204210281372,0.9985492825508118,0.9977189898490906,0.0004792367690242827,0.0014500118559226394,0.0022775924298912287
test/Non_Venomous_Snake/62b8a1.jpg,Non_Venomous_Snake,Non_Venomous_Snake,Non_Venomous_Snake,Non_Venomous_Snake,True,True,True,0.929025411605835,0.9537907838821411,0.9528457522392273,0.0709744244813919,0.04620906338095665,0.047152891755104065
test/Non_Venomous_Snake/6O4A7830.jpg,Non_Venomous_Snake,Non_Venomous_Snake,Non_Venomous_Snake,Non_Venomous_Snake,True,True,True,0.992504358291626,0.9959951639175415,0.9974972605705261,0.0074927625246346,0.003997294697910547,0.0024923072196543217
test/Non_Venomous_Snake/6O4A7844.jpg,Non_Venomous_Snake,Venomous_Snake,Venomous_Snake,Venomous_Snake,False,False,False,0.9807270765304565,0.995965838432312,0.9673544764518738,0.9807270765304565,0.995965838432312,0.9673544764518738
test/Non_Venomous_Snake/7.jpg,Non_Venomous_Snake,Non_Venomous_Snake,Non_Venomous_Snake,Non_Venomous_Snake,True,True,True,0.9996345043182373,0.9973580241203308,0.9993495345115662,0.0003655266191344708,0.0026408967096358538,0.0006495190318673849
test/Non_Venomous_Snake/7044762725_5e3e754c31.jpg,Non_Venomous_Snake,Non_Venomous_Snake,Non_Venomous_Snake,Non_Venomous_Snake,True,True,True,0.9443336129188538,0.7718286514282227,0.8043071031570435,0.05566323921084404,0.2281649261713028,0.19565540552139282
test/Non_Venomous_Snake/7696c19d1eb4846d81269ecb4c77f5a5.jpg,Non_Venomous_Snake,Non_Venomous_Snake,Non_Venomous_Snake,Non_Venomous_Snake,True,True,True,0.9962074756622314,0.9804695248603821,0.9925013780593872,0.00376732274889946,0.019419796764850616,0.007436058018356562
test/Non_Venomous_Snake/78.jpg,Non_Venomous_Snake,Non_Venomous_Snake,Non_Venomous_Snake,Non_Venomous_Snake,True,True,True,0.9999964237213135,0.9996715784072876,0.9999247789382935,3.611277179516037e-06,0.0003282633260823786,7.495963654946536e-05
test/Non_Venomous_Snake/79.jpg,Non_Venomous_Snake,Non_Venomous_Snake,Non_Venomous_Snake,Non_Venomous_Snake,True,True,True,0.9932047128677368,0.9031481742858887,0.9699915051460266,0.006792015861719847,0.09682154655456543,0.029974376782774925
test/Non_Venomous_Snake/8.jpg,Non_Venomous_Snake,Non_Venomous_Snake,Non_Venomous_Snake,Non_Venomous_Snake,True,True,True,0.9909307360649109,0.9826535582542419,0.9818088412284851,0.00906929187476635,0.01734641008079052,0.018191147595643997
test/Non_Venomous_Snake/800px-Common_Rat_Snake_(Ptyas_mucosa)_µ░┤σ╛ï5.jpg,Non_Venomous_Snake,Non_Venomous_Snake,Non_Venomous_Snake,Non_Venomous_Snake,True,True,True,0.9992014765739441,0.999526858329773,0.9995297193527222,0.0007983462419360876,0.0004730067739728838,0.0004679193370975554
test/Non_Venomous_Snake/82.jpg,Non_Venomous_Snake,Non_Venomous_Snake,Non_Venomous_Snake,Non_Venomous_Snake,True,True,True,0.9829588532447815,0.9266785979270935,0.8976951241493225,0.017037400975823402,0.0733192041516304,0.10228946059942245
test/Non_Venomous_Snake/83.jpg,Non_Venomous_Snake,Non_Venomous_Snake,Venomous_Snake,Non_Venomous_Snake,True,False,True,0.961353600025177,0.5204804539680481,0.9010348320007324,0.03864642232656479,0.5204804539680481,0.09895671159029007
test/Non_Venomous_Snake/83612cc4c22f4694c89577510d3c9bdf.jpg,Non_Venomous_Snake,Venomous_Snake,Venomous_Snake,Non_Venomous_Snake,False,False,True,0.6579926013946533,0.8096526861190796,0.8257049322128296,0.6579926013946533,0.8096526861190796,0.1742887794971466
test/Non_Venomous_Snake/85.jpg,Non_Venomous_Snake,Non_Venomous_Snake,Non_Venomous_Snake,Non_Venomous_Snake,True,True,True,0.9779391884803772,0.9121592044830322,0.9741448760032654,0.022060131654143333,0.0878404974937439,0.02585303969681263
test/Non_Venomous_Snake/86.jpg,Non_Venomous_Snake,Non_Venomous_Snake,Non_Venomous_Snake,Non_Venomous_Snake,True,True,True,0.9872558116912842,0.9932546019554138,0.9990148544311523,0.012742981314659119,0.006744182202965021,0.000984049984253943
test/Non_Venomous_Snake/87457288_XS.jpg,Non_Venomous_Snake,Non_Venomous_Snake,Non_Venomous_Snake,Non_Venomous_Snake,True,True,True,0.9921287298202515,0.8865676522254944,0.8780558705329895,0.00786147452890873,0.11340276151895523,0.12186917662620544
test/Non_Venomous_Snake/9 (2).jpg,Non_Venomous_Snake,Non_Venomous_Snake,Non_Venomous_Snake,Non_Venomous_Snake,True,True,True,0.9197267889976501,0.790233850479126,0.9291897416114807,0.08027321845293045,0.20976607501506805,0.0708090215921402
test/Non_Venomous_Snake/9.jpg,Non_Venomous_Snake,Non_Venomous_Snake,Non_Venomous_Snake,Non_Venomous_Snake,True,True,True,0.9947357773780823,0.8674479126930237,0.9668315052986145,0.005263725761324167,0.13254913687705994,0.03315861523151398
test/Non_Venomous_Snake/9862346-Close-up-of-Common-Rat-Snake-Thailand--Stock-Photo-snake.jpg,Non_Venomous_Snake,Non_Venomous_Snake,Non_Venomous_Snake,Non_Venomous_Snake,True,True,True,0.7103542685508728,0.8388073444366455,0.8618311882019043,0.28964516520500183,0.16118237376213074,0.1381378173828125
test/Non_Venomous_Snake/9geraniyade.jpg,Non_Venomous_Snake,Non_Venomous_Snake,Non_Venomous_Snake,Non_Venomous_Snake,True,True,True,0.8134699463844299,0.87675940990448,0.8478809595108032,0.1865217387676239,0.12323610484600067,0.152106374502182
test/Non_Venomous_Snake/Banded Racer_1105.jpg,Non_Venomous_Snake,Venomous_Snake,Venomous_Snake,Non_Venomous_Snake,False,False,True,0.610837996006012,0.787201464176178,0.7200447916984558,0.610837996006012,0.787201464176178,0.27995195984840393
test/Non_Venomous_Snake/Banded-Racer-1-700x489.jpg,Non_Venomous_Snake,Non_Venomous_Snake,Non_Venomous_Snake,Non_Venomous_Snake,True,True,True,0.9975723624229431,0.9976716637611389,0.989426851272583,0.0024259937927126884,0.0023222288582473993,0.010554792359471321
test/Non_Venomous_Snake/Banded-Racer-3-700x417.jpg,Non_Venomous_Snake,Non_Venomous_Snake,Non_Venomous_Snake,Non_Venomous_Snake,True,True,True,0.9983963370323181,0.9730889797210693,0.9936250448226929,0.0016036699526011944,0.026910439133644104,0.006373193114995956
test/Non_Venomous_Snake/Banded_Racer_Argyrogena_fasciolata_by_Ashahar_alias_Krishna_Khan.jpg,Non_Venomous_Snake,Non_Venomous_Snake,Non_Venomous_Snake,Non_Venomous_Snake,True,True,True,0.5449572205543518,0.8711025714874268,0.9540675282478333,0.4550418257713318,0.1288970559835434,0.04592876881361008
test/Non_Venomous_Snake/Natrix piscator.jpg,Non_Venomous_Snake,Non_Venomous_Snake,Non_Venomous_Snake,Non_Venomous_Snake,True,True,True,0.9988694787025452,0.9983590245246887,0.9962382316589355,0.0011303586652502418,0.0016409303061664104,0.0037609559949487448
test/Non_Venomous_Snake/PICT6251_fcw.jpg,Non_Venomous_Snake,Non_Venomous_Snake,Non_Venomous_Snake,Non_Venomous_Snake,True,True,True,0.9987939596176147,0.9799760580062866,0.9995589852333069,0.0010180334793403745,0.019877910614013672,0.00035055962507613003
test/Non_Venomous_Snake/Xenochrophis_piscator_at_Kadavoor.jpg,Non_Venomous_Snake,Non_Venomous_Snake,Non_Venomous_Snake,Non_Venomous_Snake,True,True,True,0.9707019329071045,0.8799543976783752,0.9247732758522034,0.029292399063706398,0.11996762454509735,0.07506199181079865
test/Non_Venomous_Snake/banded Racer_001.jpg,Non_Venomous_Snake,Non_Venomous_Snake,Non_Venomous_Snake,Non_Venomous_Snake,True,True,True,0.98689204454422,0.9753170013427734,0.9748274087905884,0.013107976876199245,0.024682942777872086,0.02517259120941162
test/Non_Venomous_Snake/banded-racer-argyrogena-fasciolata-juvenile-non-venomous-locality-DCDHTP.jpg,Non_Venomous_Snake,Non_Venomous_Snake,Non_Venomous_Snake,Non_Venomous_Snake,True,True,True,0.8680048584938049,0.588330090045929,0.8554978370666504,0.1319946050643921,0.41166841983795166,0.14449571073055267
test/Non_Venomous_Snake/banded-racer-argyrogena-fasciolata-juvenile-non-venomous-locality-h9et85.jpg,Non_Venomous_Snake,Non_Venomous_Snake,Venomous_Snake,Non_Venomous_Snake,True,False,True,0.8193209171295166,0.8592814803123474,0.8600760102272034,0.18067912757396698,0.8592814803123474,0.13992275297641754
test/Non_Venomous_Snake/banded-racer-argyrogena-fasciolata-ncbs-bangalore-india-f7n70b.jpg,Non_Venomous_Snake,Non_Venomous_Snake,Non_Venomous_Snake,Non_Venomous_Snake,True,True,True,0.9752760529518127,0.7722676992416382,0.9635019302368164,0.02472386509180069,0.22773216664791107,0.03649795055389404
test/Non_Venomous_Snake/banded-racer-argyrogena-fasciolata-non-venomous-not-common-biting-ac6488.jpg,Non_Venomous_Snake,Non_Venomous_Snake,Non_Venomous_Snake,Non_Venomous_Snake,True,True,True,0.9987356066703796,0.9986901879310608,0.9980267882347107,0.0012634734157472849,0.0013080477947369218,0.001970362849533558
test/Non_Venomous_Snake/banded-racer-argyrogena-fasciolata-non-venomous-not-common-juvenile-A6TT4N.jpg,Non_Venomous_Snake,Non_Venomous_Snake,Non_Venomous_Snake,Non_Venomous_Snake,True,True,True,0.9712265729904175,0.7027277946472168,0.9151303172111511,0.02877327986061573,0.2972716987133026,0.08486542850732803
test/Non_Venomous_Snake/banded-racer-argyrogena-fasciolata-non-venomous-not-common-juvenile-A6TT4T.jpg,Non_Venomous_Snake,Non_Venomous_Snake,Non_Venomous_Snake,Non_Venomous_Snake,True,True,True,0.9874958992004395,0.8983450531959534,0.9666121006011963,0.012504039332270622,0.10165443271398544,0.03338609263300896
test/Non_Venomous_Snake/banded-racer-argyrogena-fasciolata-non-venomous-not-common-kalbeliya-AT2BHP.jpg,Non_Venomous_Snake,Venomous_Snake,Venomous_Snake,Venomous_Snake,False,False,False,0.958026111125946,0.9884588122367859,0.879956066608429,0.958026111125946,0.9884588122367859,0.879956066608429
test/Non_Venomous_Snake/banded-racerargyrogena-fasciolata-ncbs-bangalore-india-f7n6yr.jpg,Non_Venomous_Snake,Non_Venomous_Snake,Non_Venomous_Snake,Non_Venomous_Snake,True,True,True,0.9656478762626648,0.9610698819160461,0.9754932522773743,0.03435135260224342,0.038929421454668045,0.02449863776564598
test/Non_Venomous_Snake/banded.jpg,Non_Venomous_Snake,Non_Venomous_Snake,Non_Venomous_Snake,Non_Venomous_Snake,True,True,True,0.8871835470199585,0.5987629890441895,0.9135732650756836,0.11281640082597733,0.4012371003627777,0.08642624318599701
test/Non_Venomous_Snake/banded_racer2.JPG,Non_Venomous_Snake,Non_Venomous_Snake,Non_Venomous_Snake,Non_Venomous_Snake,True,True,True,0.9596182107925415,0.9206165075302124,0.9495807886123657,0.03998161479830742,0.07575999945402145,0.04920199513435364
test/Non_Venomous_Snake/bandedd.jpg,Non_Venomous_Snake,Non_Venomous_Snake,Non_Venomous_Snake,Non_Venomous_Snake,True,True,True,0.9981278777122498,0.9834833145141602,0.989027738571167,0.0018720055231824517,0.01651596836745739,0.010965400375425816
test/Non_Venomous_Snake/flagellum_19mar11_1b.jpg,Non_Venomous_Snake,Non_Venomous_Snake,Non_Venomous_Snake,Non_Venomous_Snake,True,True,True,0.9973588585853577,0.984660804271698,0.9922979474067688,0.002641049912199378,0.015338766388595104,0.007699418812990189
test/Non_Venomous_Snake/img6.jpg,Non_Venomous_Snake,Non_Venomous_Snake,Non_Venomous_Snake,Non_Venomous_Snake,True,True,True,0.9346027374267578,0.7549598217010498,0.9681065082550049,0.06539313495159149,0.24502620100975037,0.03181907534599304
test/Non_Venomous_Snake/maxresdefault_006.jpg,Non_Venomous_Snake,Non_Venomous_Snake,Non_Venomous_Snake,Non_Venomous_Snake,True,True,True,0.9810971021652222,0.9783260822296143,0.8924793601036072,0.018902359530329704,0.02167344279587269,0.10751776397228241
test/Non_Venomous_Snake/medium.JPG,Non_Venomous_Snake,Non_Venomous_Snake,Non_Venomous_Snake,Non_Venomous_Snake,True,True,True,0.9967513084411621,0.9773336052894592,0.9905179142951965,0.003248716937378049,0.0226662028580904,0.00948071014136076
test/Non_Venomous_Snake/stock-photo-green-snake-checkered-keelback-xenochrophis-piscator-621348263.jpg,Non_Venomous_Snake,Non_Venomous_Snake,Non_Venomous_Snake,Non_Venomous_Snake,True,True,True,0.9998877048492432,0.9997876286506653,0.9989676475524902,0.00011227327195229009,0.00021236184693407267,0.0010320974979549646
test/Non_Venomous_Snake/stock-photo-green-snake-checkered-keelback-xenochrophis-piscator-621348284.jpg,Non_Venomous_Snake,Non_Venomous_Snake,Non_Venomous_Snake,Non_Venomous_Snake,True,True,True,0.9913852214813232,0.9965084195137024,0.9962753057479858,0.008614436723291874,0.003491420764476061,0.0037226062268018723
test/Non_Venomous_Snake/stock-photo-green-snake-checkered-keelback-xenochrophis-piscator-621348332.jpg,Non_Venomous_Snake,Non_Venomous_Snake,Non_Venomous_Snake,Non_Venomous_Snake,True,True,True,0.9500409364700317,0.9485740065574646,0.9801763296127319,0.04994634538888931,0.05141704902052879,0.019793376326560974
test/Non_Venomous_Snake/stock-photo-green-snake-checkered-keelback-xenochrophis-piscator-621348356.jpg,Non_Venomous_Snake,Non_Venomous_Snake,Non_Venomous_Snake,Non_Venomous_Snake,True,True,True,0.9573488235473633,0.8597636222839355,0.9596241116523743,0.04261986166238785,0.14021208882331848,0.04035049304366112
test/Non_Venomous_Snake/stunningly-beautiful-snake-with-clear-checkered-marks.jpg,Non_Venomous_Snake,Non_Venomous_Snake,Non_Venomous_Snake,Non_Venomous_Snake,True,True,True,0.999416708946228,0.9985040426254272,0.9979579448699951,0.0005832606693729758,0.001495992299169302,0.002041999716311693
test/Non_Venomous_Snake/xenochrophis-piscator-checkered-keelback-non-venomous-arunachal-pradesh-h9erhb.jpg,Non_Venomous_Snake,Non_Venomous_Snake,Non_Venomous_Snake,Non_Venomous_Snake,True,True,True,0.9865416288375854,0.7182138562202454,0.9117767810821533,0.013458266854286194,0.2817857563495636,0.08822250366210938
test/Non_Venomous_Snake/xenochrophis-piscator-checkered-keelback-water-snake-close-up-non-h9erxp.jpg,Non_Venomous_Snake,Non_Venomous_Snake,Non_Venomous_Snake,Non_Venomous_Snake,True,True,True,0.7151012420654297,0.893771231174469,0.8771727085113525,0.2848985493183136,0.10622873902320862,0.12282685935497284
test/Non_Venomous_Snake/xenochrophis-piscator-checkered-keelback-water-snake-non-venomous-DFBH00.jpg,Non_Venomous_Snake,Venomous_Snake,Venomous_Snake,Venomous_Snake,False,False,False,0.9424067139625549,0.7864259481430054,0.5168768167495728,0.9424067139625549,0.7864259481430054,0.5168768167495728
test/Non_Venomous_Snake/xenochrophis-piscator-checkered-keelback-water-snake-non-venomous-H9ERXF.jpg,Non_Venomous_Snake,Non_Venomous_Snake,Non_Venomous_Snake,Non_Venomous_Snake,True,True,True,0.9571405053138733,0.9446576237678528,0.9674193263053894,0.042859502136707306,0.055342402309179306,0.032580696046352386
test/Non_Venomous_Snake/xenochrophis-piscator-checkered-keelback-water-snake-non-venomous-h9ertg.jpg,Non_Venomous_Snake,Non_Venomous_Snake,Non_Venomous_Snake,Non_Venomous_Snake,True,True,True,0.9927846193313599,0.9940810799598694,0.9915217161178589,0.007181861903518438,0.005910619627684355,0.008446882478892803
test/Non_Venomous_Snake/xenochrophis-piscator-checkered-keelback-water-snake-non-venomous-h9erxh.jpg,Non_Venomous_Snake,Non_Venomous_Snake,Non_Venomous_Snake,Non_Venomous_Snake,True,True,True,0.8017246127128601,0.859730064868927,0.9504044651985168,0.19827541708946228,0.14026987552642822,0.049595534801483154
test/Non_Venomous_Snake/xenochrophis-piscator-checkered-keelback-water-snake-non-venomous-h9erxk.jpg,Non_Venomous_Snake,Non_Venomous_Snake,Non_Venomous_Snake,Non_Venomous_Snake,True,True,True,0.9520492553710938,0.9271917343139648,0.8741971850395203,0.04795065149664879,0.07280807942152023,0.12580163776874542
test/Non_Venomous_Snake/yellow-spotted-keelback-11-26-10-in-payao-province-31.jpg,Non_Venomous_Snake,Non_Venomous_Snake,Venomous_Snake,Venomous_Snake,True,False,False,0.6804293394088745,0.5736656188964844,0.6641358137130737,0.31956079602241516,0.5736656188964844,0.6641358137130737
test/Non_Venomous_Snake/yellow-spotted-keelback-11-26-10-in-payao-province1.jpg,Non_Venomous_Snake,Non_Venomous_Snake,Non_Venomous_Snake,Non_Venomous_Snake,True,True,True,0.8931412100791931,0.6145296096801758,0.7604050636291504,0.10685836523771286,0.38547012209892273,0.23958900570869446
test/Non_Venomous_Snake/yellow-spotted-keelback-3-17-11-in-ramkhamhaeng.jpg,Non_Venomous_Snake,Non_Venomous_Snake,Non_Venomous_Snake,Non_Venomous_Snake,True,True,True,0.9999829530715942,0.9998615980148315,0.999915361404419,1.7045022104866803e-05,0.00013837910955771804,8.459215314360335e-05
test/Non_Venomous_Snake/yellow-spotted-keelback-xenocropis-flavipunctus-vietnam-alex-krohn-21.jpg,Non_Venomous_Snake,Non_Venomous_Snake,Non_Venomous_Snake,Non_Venomous_Snake,True,True,True,0.9516807198524475,0.8910346031188965,0.9478745460510254,0.04831843823194504,0.10896136611700058,0.052106231451034546
test/Non_Venomous_Snake/yellowspottedkeelback.jpg,Non_Venomous_Snake,Venomous_Snake,Venomous_Snake,Venomous_Snake,False,False,False,0.7904003262519836,0.9662836790084839,0.9474121332168579,0.7904003262519836,0.9662836790084839,0.9474121332168579
test/Venomous_Snake/0.jpg,Venomous_Snake,Venomous_Snake,Venomous_Snake,Venomous_Snake,True,True,True,0.9993484616279602,0.9996263980865479,0.9946507811546326,0.9993484616279602,0.9996263980865479,0.9946507811546326
test/Venomous_Snake/00409260.jpg,Venomous_Snake,Venomous_Snake,Venomous_Snake,Venomous_Snake,True,True,True,0.9973868727684021,0.9988275170326233,0.9588764905929565,0.9973868727684021,0.9988275170326233,0.9588764905929565
test/Venomous_Snake/00550438.jpg,Venomous_Snake,Venomous_Snake,Venomous_Snake,Venomous_Snake,True,True,True,0.9100675582885742,0.9429376125335693,0.7470104694366455,0.9100675582885742,0.9429376125335693,0.7470104694366455
test/Venomous_Snake/0191.jpg,Venomous_Snake,Venomous_Snake,Venomous_Snake,Venomous_Snake,True,True,True,0.9999442100524902,0.9999978542327881,0.9999278783798218,0.9999442100524902,0.9999978542327881,0.9999278783798218
test/Venomous_Snake/01AS-QYGA.jpg,Venomous_Snake,Venomous_Snake,Venomous_Snake,Venomous_Snake,True,True,True,0.9999624490737915,0.9999923706054688,0.9999275207519531,0.9999624490737915,0.9999923706054688,0.9999275207519531
test/Venomous_Snake/01DSC_6599.JPG,Venomous_Snake,Venomous_Snake,Non_Venomous_Snake,Venomous_Snake,True,False,True,0.7065824866294861,0.5981996655464172,0.5378031134605408,0.7065824866294861,0.40180036425590515,0.5378031134605408
test/Venomous_Snake/025c68f55a8efc9290a8435db743bbf3--the-big-four-the-ojays.jpg,Venomous_Snake,Venomous_Snake,Venomous_Snake,Venomous_Snake,True,True,True,0.9997255206108093,0.9995406866073608,0.9902340173721313,0.9997255206108093,0.9995406866073608,0.9902340173721313
test/Venomous_Snake/02tvCommon_Krait__S_824501g.jpg,Venomous_Snake,Venomous_Snake,Venomous_Snake,Venomous_Snake,True,True,True,0.9998641014099121,0.9999814033508301,0.9992849230766296,0.9998641014099121,0.9999814033508301,0.9992849230766296
test/Venomous_Snake/03 Spectacled Cobra 1.JPG,Venomous_Snake,Venomous_Snake,Venomous_Snake,Venomous_Snake,True,True,True,0.9995365142822266,0.9999741315841675,0.9996703863143921,0.9995365142822266,0.9999741315841675,0.9996703863143921
test/Venomous_Snake/0390.jpg,Venomous_Snake,Venomous_Snake,Venomous_Snake,Venomous_Snake,True,True,True,0.9999942779541016,0.9999985694885254,0.9999321699142456,0.9999942779541016,0.9999985694885254,0.9999321699142456
test/Venomous_Snake/03cobra.jpg,Venomous_Snake,Venomous_Snake,Venomous_Snake,Venomous_Snake,True,True,True,0.9996047616004944,0.9951813817024231,0.9861474633216858,0.9996047616004944,0.9951813817024231,0.9861474633216858
test/Venomous_Snake/0442c0e88fb9b22c0d608a9b25577469--naja-cobra.jpg,Venomous_Snake,Venomous_Snake,Venomous_Snake,Venomous_Snake,True,True,True,1.0,1.0,1.0,1.0,1.0,1.0
test/Venomous_Snake/0499.jpg,Venomous_Snake,Venomous_Snake,Venomous_Snake,Venomous_Snake,True,True,True,0.9998117089271545,0.9999037981033325,0.9994568228721619,0.9998117089271545,0.9999037981033325,0.9994568228721619
test/Venomous_Snake/0564.jpg,Venomous_Snake,Venomous_Snake,Venomous_Snake,Venomous_Snake,True,True,True,0.9998465776443481,0.9993512034416199,0.9891027212142944,0.9998465776443481,0.9993512034416199,0.9891027212142944
test/Venomous_Snake/06.jpg,Venomous_Snake,Venomous_Snake,Venomous_Snake,Venomous_Snake,True,True,True,0.9997130036354065,0.9999276399612427,0.9972400665283203,0.9997130036354065,0.9999276399612427,0.9972400665283203
test/Venomous_Snake/08JulPykke02 viper.ART_G835841D7.1+09THRUSSELL_VIPER_2.jpg,Venomous_Snake,Venomous_Snake,Venomous_Snake,Venomous_Snake,True,True,True,0.9253543019294739,0.9848150014877319,0.9223281741142273,0.9253543019294739,0.9848150014877319,0.9223281741142273
test/Venomous_Snake/0_7a209fcba04a5c21f4181e692723c0ca.jpg,Venomous_Snake,Venomous_Snake,Venomous_Snake,Venomous_Snake,True,True,True,0.9999983310699463,0.9999984502792358,0.9999849796295166,0.9999983310699463,0.9999984502792358,0.9999849796295166
test/Venomous_Snake/1 (2).jpg,Venomous_Snake,Venomous_Snake,Venomous_Snake,Venomous_Snake,True,True,True,0.9972381591796875,0.9996895790100098,0.9952508211135864,0.9972381591796875,0.9996895790100098,0.9952508211135864
test/Venomous_Snake/1 (3).jpg,Venomous_Snake,Venomous_Snake,Venomous_Snake,Venomous_Snake,True,True,True,0.9381643533706665,0.9350365996360779,0.9661301970481873,0.9381643533706665,0.9350365996360779,0.9661301970481873
test/Venomous_Snake/1-Common-Indian-Krait-Bungarus-Caeruleus.jpg,Venomous_Snake,Venomous_Snake,Venomous_Snake,Venomous_Snake,True,True,True,0.9836836457252502,0.9987218976020813,0.9833595752716064,0.9836836457252502,0.9987218976020813,0.9833595752716064
test/Venomous_Snake/1-s2.0-S1080603207702168-gr1.jpg,Venomous_Snake,Venomous_Snake,Venomous_Snake,Venomous_Snake,True,True,True,0.9878707528114319,0.9992382526397705,0.9842703938484192,0.9878707528114319,0.9992382526397705,0.9842703938484192
test/Venomous_Snake/1.jpg,Venomous_Snake,Venomous_Snake,Venomous_Snake,Venomous_Snake,True,True,True,0.9870505332946777,0.9818430542945862,0.9471590518951416,0.9870505332946777,0.9818430542945862,0.9471590518951416
test/Venomous_Snake/1015822449_d6aa87bc25.jpg,Venomous_Snake,Non_Venomous_Snake,Venomous_Snake,Non_Venomous_Snake,False,True,False,0.7369141578674316,0.6747465133666992,0.9497652649879456,0.2630853056907654,0.6747465133666992,0.050233710557222366
test/Venomous_Snake/11.Monocled Cobra.jpg,Venomous_Snake,Venomous_Snake,Venomous_Snake,Venomous_Snake,True,True,True,0.9998559951782227,0.9999567270278931,0.9992756247520447,0.9998559951782227,0.9999567270278931,0.9992756247520447
test/Venomous_Snake/1124russviper001.JPG,Venomous_Snake,Venomous_Snake,Venomous_Snake,Venomous_Snake,True,True,True,0.6923288702964783,0.9590049386024475,0.5716345310211182,0.6923288702964783,0.9590049386024475,0.5716345310211182
test/Venomous_Snake/114-viper.jpg,Venomous_Snake,Venomous_Snake,Venomous_Snake,Venomous_Snake,True,True,True,0.9992660880088806,0.9998028874397278,0.998396098613739,0.9992660880088806,0.9998028874397278,0.998396098613739
test/Venomous_Snake/119.jpg,Venomous_Snake,Venomous_Snake,Venomous_Snake,Venomous_Snake,True,True,True,0.9364665746688843,0.9893186688423157,0.9226442575454712,0.9364665746688843,0.9893186688423157,0.9226442575454712
test/Venomous_Snake/12.SNAKECONFLICT2008SLIDE-1.jpg,Venomous_Snake,Venomous_Snake,Venomous_Snake,Venomous_Snake,True,True,True,0.9881195425987244,0.9691264033317566,0.7975544929504395,0.9881195425987244,0.9691264033317566,0.7975544929504395
test/Venomous_Snake/12700.jpg,Venomous_Snake,Venomous_Snake,Venomous_Snake,Venomous_Snake,True,True,True,0.9999868869781494,0.9998607635498047,0.9996362924575806,0.9999868869781494,0.9998607635498047,0.9996362924575806
test/Venomous_Snake/13-F-Keels--Scales-of-the-Saw-scaled-Viper.jpg,Venomous_Snake,Deer,Deer,Deer,False,False,False,0.5760765075683594,0.6591646075248718,0.9650313258171082,0.06855408102273941,0.045659035444259644,0.01252987515181303
test/Venomous_Snake/1317472028Naja kauthia.jpg,Venomous_Snake,Venomous_Snake,Venomous_Snake,Venomous_Snake,True,True,True,0.9998928308486938,0.9999569654464722,0.9991206526756287,0.9998928308486938,0.9999569654464722,0.9991206526756287
test/Venomous_Snake/13350233_1079893875431314_5715026036656697829_o.jpg,Venomous_Snake,Non_Venomous_Snake,Non_Venomous_Snake,Non_Venomous_Snake,False,False,False,0.9715645909309387,0.9237586259841919,0.9916999936103821,0.028435345739126205,0.076241135597229,0.00829927995800972
test/Venomous_Snake/13582625-king-cobra-Ophiophagus-hannah-poisonous-white-background-Stock-Photo.jpg,Venomous_Snake,Venomous_Snake,Venomous_Snake,Venomous_Snake,True,True,True,0.9996680021286011,0.9995219707489014,0.9981188178062439,0.9996680021286011,0.9995219707489014,0.9981188178062439
test/Venomous_Snake/160110 100lop.jpg,Venomous_Snake,Venomous_Snake,Venomous_Snake,Venomous_Snake,True,True,True,1.0,1.0,1.0,1.0,1.0,1.0
test/Venomous_Snake/1930805.jpg,Venomous_Snake,Venomous_Snake,Venomous_Snake,Venomous_Snake,True,True,True,1.0,1.0,1.0,1.0,1.0,1.0
test/Venomous_Snake/2 (2).jpg,Venomous_Snake,Venomous_Snake,Venomous_Snake,Venomous_Snake,True,True,True,0.926306426525116,0.761205792427063,0.5129362940788269,0.926306426525116,0.761205792427063,0.5129362940788269
test/Venomous_Snake/2.jpg,Venomous_Snake,Venomous_Snake,Venomous_Snake,Venomous_Snake,True,True,True,0.9990515112876892,0.9988675117492676,0.9864881634712219,0.9990515112876892,0.9988675117492676,0.9864881634712219
test/Venomous_Snake/20090613_Daboia_russelii_Russells_Viper_Kettenviper_Pune.jpg,Venomous_Snake,Venomous_Snake,Venomous_Snake,Venomous_Snake,True,True,True,0.6902947425842285,0.7263336777687073,0.6611238718032837,0.6902947425842285,0.7263336777687073,0.6611238718032837
test/Venomous_Snake/200px-Naja_kaouthia.jpg,Venomous_Snake,Venomous_Snake,Venomous_Snake,Venomous_Snake,True,True,True,0.9984764456748962,0.9968915581703186,0.9814274907112122,0.9984764456748962,0.9968915581703186,0.9814274907112122
test/Venomous_Snake/2013-KINGCOBRA-08.jpg,Venomous_Snake,Venomous_Snake,Venomous_Snake,Venomous_Snake,True,True,True,0.9999994039535522,0.9999992847442627,0.9999600648880005,0.9999994039535522,0.9999992847442627,0.9999600648880005
test/Venomous_Snake/20855503-Adult-Russell-s-Viper-Daboia-russelii-Tamil-Nadu-South-India-Stock-Photo.jpg,Venomous_Snake,Venomous_Snake,Venomous_Snake,Venomous_Snake,True,True,True,0.9944841265678406,0.9999781847000122,0.9837625026702881,0.9944841265678406,0.9999781847000122,0.9837625026702881
test/Venomous_Snake/20855505-Camouflage-pattern-on-adult-Russell-s-Viper-Daboia-russelii-Tamil-Nadu-South-India-Stock-Photo.jpg,Venomous_Snake,Venomous_Snake,Venomous_Snake,Venomous_Snake,True,True,True,0.9222201704978943,0.9979363679885864,0.9294654726982117,0.9222201704978943,0.9979363679885864,0.9294654726982117
test/Venomous_Snake/2180514e186a040692de298c7be66e95.jpg,Venomous_Snake,Venomous_Snake,Venomous_Snake,Venomous_Snake,True,True,True,0.9999933242797852,0.999946117401123,0.9996219873428345,0.9999933242797852,0.999946117401123,0.9996219873428345
test/Venomous_Snake/2186482800_bfcf31f866_b.jpg,Venomous_Snake,Venomous_Snake,Venomous_Snake,Venomous_Snake,True,True,True,0.9999901056289673,0.9998480081558228,0.9997462630271912,0.9999901056289673,0.9998480081558228,0.9997462630271912
test/Venomous_Snake/220px-King-Cobra.jpg,Venomous_Snake,Venomous_Snake,Venomous_Snake,Venomous_Snake,True,True,True,0.9999998807907104,0.9999991655349731,0.9999967813491821,0.9999998807907104,0.9999991655349731,0.9999967813491821
test/Venomous_Snake/220px-Naja_naja_(Indian_cobra).jpg,Venomous_Snake,Non_Venomous_Snake,Venomous_Snake,Non_Venomous_Snake,False,True,False,0.8289154767990112,0.7236132025718689,0.8328297734260559,0.17106647789478302,0.7236132025718689,0.16675198078155518
test/Venomous_Snake/220px-Russells_viper_in_pune_zoo.jpg,Venomous_Snake,Non_Venomous_Snake,Non_Venomous_Snake,Non_Venomous_Snake,False,False,False,0.5864547491073608,0.754652738571167,0.8113924860954285,0.41354504227638245,0.24534687399864197,0.18860465288162231
test/Venomous_Snake/220px-Spectacled_cobra.JPG,Venomous_Snake,Venomous_Snake,Venomous_Snake,Venomous_Snake,True,True,True,0.998542070388794,0.9992069602012634,0.9834746718406677,0.998542070388794,0.9992069602012634,0.9834746718406677
test/Venomous_Snake/225296_10150320235058504_683593503_10024128_7013317_n.jpg,Venomous_Snake,Venomous_Snake,Venomous_Snake,Venomous_Snake,True,True,True,0.9999809265136719,0.9998927116394043,0.9994392991065979,0.9999809265136719,0.9998927116394043,0.9994392991065979
test/Venomous_Snake/235edf110f56286064e2f303e6006fb8--pet-peeves-cobra-snake.jpg,Venomous_Snake,Venomous_Snake,Venomous_Snake,Venomous_Snake,True,True,True,0.9999998807907104,0.9999995231628418,0.9999964237213135,0.9999998807907104,0.9999995231628418,0.9999964237213135
test/Venomous_Snake/252576_10150346420778504_683593503_10295742_5461375_n.jpg,Venomous_Snake,Venomous_Snake,Venomous_Snake,Venomous_Snake,True,True,True,0.8447301387786865,0.6720262765884399,0.5494218468666077,0.8447301387786865,0.6720262765884399,0.5494218468666077
test/Venomous_Snake/26.jpg,Venomous_Snake,Venomous_Snake,Venomous_Snake,Non_Venomous_Snake,True,True,False,0.7489269375801086,0.6514589786529541,0.6459890007972717,0.7489269375801086,0.6514589786529541,0.3538135886192322
test/Venomous_Snake/263591_10150346421368504_683593503_10295748_8378405_n (6).jpg,Venomous_Snake,Venomous_Snake,Venomous_Snake,Venomous_Snake,True,True,True,0.999196469783783,0.9971217513084412,0.9686360359191895,0.999196469783783,0.9971217513084412,0.9686360359191895
test/Venomous_Snake/27.jpg,Venomous_Snake,Venomous_Snake,Venomous_Snake,Venomous_Snake,True,True,True,0.9939380884170532,0.9946523904800415,0.9594126343727112,0.9939380884170532,0.9946523904800415,0.9594126343727112
test/Venomous_Snake/2962717801_da28a393d6.jpg,Venomous_Snake,Venomous_Snake,Venomous_Snake,Venomous_Snake,True,True,True,0.9999974966049194,0.9999692440032959,0.9997877478599548,0.9999974966049194,0.9999692440032959,0.9997877478599548
test/Venomous_Snake/2E69467C00000578-3317003-image-m-26_1447421012740.jpg,Venomous_Snake,Non_Venomous_Snake,Venomous_Snake,Non_Venomous_Snake,False,True,False,0.6597678661346436,0.9551801681518555,0.6874681115150452,0.3402317762374878,0.9551801681518555,0.31252288818359375
test/Venomous_Snake/3 (2).jpg,Venomous_Snake,Venomous_Snake,Venomous_Snake,Venomous_Snake,True,True,True,0.9968056678771973,0.9938300251960754,0.9860205054283142,0.9968056678771973,0.9938300251960754,0.9860205054283142
test/Venomous_Snake/3.jpg,Venomous_Snake,Venomous_Snake,Venomous_Snake,Venomous_Snake,True,True,True,0.9997795224189758,0.9998706579208374,0.9977625608444214,0.9997795224189758,0.9998706579208374,0.9977625608444214
test/Venomous_Snake/30 (2).jpg,Venomous_Snake,Venomous_Snake,Venomous_Snake,Venomous_Snake,True,True,True,0.7938060164451599,0.9494320154190063,0.8279386162757874,0.7938060164451599,0.9494320154190063,0.8279386162757874
test/Venomous_Snake/30 (3).jpg,Venomous_Snake,Venomous_Snake,Venomous_Snake,Venomous_Snake,True,True,True,0.9933658242225647,0.9937997460365295,0.9354010224342346,0.9933658242225647,0.9937997460365295,0.9354010224342346
test/Venomous_Snake/30.jpg,Venomous_Snake,Venomous_Snake,Venomous_Snake,Venomous_Snake,True,True,True,0.9998132586479187,0.9996160268783569,0.9938881993293762,0.9998132586479187,0.9996160268783569,0.9938881993293762
test/Venomous_Snake/31 copy.jpg,Venomous_Snake,Venomous_Snake,Venomous_Snake,Venomous_Snake,True,True,True,0.9995644688606262,0.9995989203453064,0.9987435936927795,0.9995644688606262,0.9995989203453064,0.9987435936927795
test/Venomous_Snake/3110614239_af173ac2ae.jpg,Venomous_Snake,Venomous_Snake,Venomous_Snake,Venomous_Snake,True,True,True,0.9999754428863525,0.9999074935913086,0.9986604452133179,0.9999754428863525,0.9999074935913086,0.9986604452133179
test/Venomous_Snake/32 (2).jpg,Venomous_Snake,Venomous_Snake,Venomous_Snake,Venomous_Snake,True,True,True,0.9999390840530396,0.9999475479125977,0.999444305896759,0.9999390840530396,0.9999475479125977,0.999444305896759
test/Venomous_Snake/32.jpg,Venomous_Snake,Venomous_Snake,Venomous_Snake,Venomous_Snake,True,True,True,0.9999998807907104,0.9999994039535522,0.9999229907989502,0.9999998807907104,0.9999994039535522,0.9999229907989502
test/Venomous_Snake/34.jpg,Venomous_Snake,Venomous_Snake,Venomous_Snake,Venomous_Snake,True,True,True,0.9718598127365112,0.9962700605392456,0.9636285305023193,0.9718598127365112,0.9962700605392456,0.9636285305023193
test/Venomous_Snake/35.jpg,Venomous_Snake,Venomous_Snake,Venomous_Snake,Venomous_Snake,True,True,True,0.9971446394920349,0.9909636974334717,0.9250680804252625,0.9971446394920349,0.9909636974334717,0.9250680804252625
test/Venomous_Snake/37.jpg,Venomous_Snake,Venomous_Snake,Venomous_Snake,Venomous_Snake,True,True,True,0.9997658133506775,0.9998410940170288,0.9936208128929138,0.9997658133506775,0.9998410940170288,0.9936208128929138
test/Venomous_Snake/38 (2).jpg,Venomous_Snake,Venomous_Snake,Venomous_Snake,Venomous_Snake,True,True,True,0.7044952511787415,0.7863964438438416,0.7866944074630737,0.7044952511787415,0.7863964438438416,0.7866944074630737
test/Venomous_Snake/38.jpg,Venomous_Snake,Venomous_Snake,Venomous_Snake,Venomous_Snake,True,True,True,0.9926418662071228,0.9965600371360779,0.9649242162704468,0.9926418662071228,0.9965600371360779,0.9649242162704468
test/Venomous_Snake/39e574b4966c870035f7e3c9378379b2.jpg,Venomous_Snake,Venomous_Snake,Venomous_Snake,Venomous_Snake,True,True,True,0.9870381355285645,0.9780805110931396,0.7505965232849121,0.9870381355285645,0.9780805110931396,0.7505965232849121
test/Venomous_Snake/3CA83C7400000578-4172360-image-m-57_1485792904526.jpg,Venomous_Snake,Venomous_Snake,Deer,Deer,True,False,False,0.7666494846343994,0.9695917367935181,0.8508668541908264,0.7666494846343994,0.01060347631573677,0.035967689007520676
test/Venomous_Snake/3D05259A00000578-4209222-image-a-31_1486675129282.jpg,Venomous_Snake,Venomous_Snake,Venomous_Snake,Venomous_Snake,True,True,True,0.9964995384216309,0.9997859597206116,0.9997255206108093,0.9964995384216309,0.9997859597206116,0.9997255206108093
test/Venomous_Snake/3ddc49b3f743b547e095a1fd910cb902--king-cobra-snakes.jpg,Venomous_Snake,Venomous_Snake,Venomous_Snake,Venomous_Snake,True,True,True,0.9981486797332764,0.9946348667144775,0.9526767134666443,0.9981486797332764,0.9946348667144775,0.9526767134666443
test/Venomous_Snake/3f7b41317b2248121c9fa4fbbff48074--cobra-snake-slytherin.jpg,Venomous_Snake,Venomous_Snake,Venomous_Snake,Venomous_Snake,True,True,True,1.0,0.9999996423721313,0.9999891519546509,1.0,0.9999996423721313,0.9999891519546509
test/Venomous_Snake/40.jpg,Venomous_Snake,Venomous_Snake,Venomous_Snake,Venomous_Snake,True,True,True,0.9936503767967224,0.9923898577690125,0.9789721965789795,0.9936503767967224,0.9923898577690125,0.9789721965789795
test/Venomous_Snake/4179-39698.jpg,Venomous_Snake,Venomous_Snake,Venomous_Snake,Venomous_Snake,True,True,True,0.9990060925483704,0.9998421669006348,0.9986371397972107,0.9990060925483704,0.9998421669006348,0.9986371397972107
test/Venomous_Snake/4182f3e0ec2558bb23cf61828f7c752d--king-cobra-southeast-asia.jpg,Venomous_Snake,Venomous_Snake,Venomous_Snake,Venomous_Snake,True,True,True,0.9999998807907104,0.9999991655349731,0.999985933303833,0.9999998807907104,0.9999991655349731,0.999985933303833
test/Venomous_Snake/42.jpg,Venomous_Snake,Venomous_Snake,Venomous_Snake,Venomous_Snake,True,True,True,0.7654483914375305,0.9364086389541626,0.6157439947128296,0.7654483914375305,0.9364086389541626,0.6157439947128296
test/Venomous_Snake/426b89d75ff053790e7ec2abe117f78c--cobra-snake-poisonous-snakes.jpg,Venomous_Snake,Venomous_Snake,Venomous_Snake,Venomous_Snake,True,True,True,0.9999954700469971,0.9999916553497314,0.9997696280479431,0.9999954700469971,0.9999916553497314,0.9997696280479431
test/Venomous_Snake/429462b69e738da2cc54bd5a8ef5b4b1.jpg,Venomous_Snake,Venomous_Snake,Venomous_Snake,Venomous_Snake,True,True,True,0.9980462789535522,0.9889168739318848,0.9790831208229065,0.9980462789535522,0.9889168739318848,0.9790831208229065
test/Venomous_Snake/43.jpg,Venomous_Snake,Venomous_Snake,Venomous_Snake,Venomous_Snake,True,True,True,0.9890878200531006,0.9985559582710266,0.9456533193588257,0.9890878200531006,0.9985559582710266,0.9456533193588257
test/Venomous_Snake/44.jpg,Venomous_Snake,Venomous_Snake,Venomous_Snake,Venomous_Snake,True,True,True,0.982029139995575,0.9534894824028015,0.9428678750991821,0.982029139995575,0.9534894824028015,0.9428678750991821
test/Venomous_Snake/45.jpg,Venomous_Snake,Venomous_Snake,Venomous_Snake,Venomous_Snake,True,True,True,0.6624532341957092,0.7992674708366394,0.5314256548881531,0.6624532341957092,0.7992674708366394,0.5314256548881531
test/Venomous_Snake/4975186.jpg,Venomous_Snake,Venomous_Snake,Venomous_Snake,Venomous_Snake,True,True,True,0.9999548196792603,0.9998996257781982,0.9975659847259521,0.9999548196792603,0.9998996257781982,0.9975659847259521
test/Venomous_Snake/5-dog-beat-cobra-795x447.jpg,Venomous_Snake,Deer,Deer,Deer,False,False,False,0.9473167061805725,0.9473614692687988,0.937063455581665,0.0007030316046439111,0.0012016315013170242,0.0006350793992169201
test/Venomous_Snake/5.jpg,Venomous_Snake,Venomous_Snake,Venomous_Snake,Venomous_Snake,True,True,True,0.998831570148468,0.995952844619751,0.9926471710205078,0.998831570148468,0.995952844619751,0.9926471710205078
test/Venomous_Snake/501001_8697602067eba4ehhlpe07.jpg,Venomous_Snake,Venomous_Snake,Venomous_Snake,Non_Venomous_Snake,True,True,False,0.6823623180389404,0.6937426328659058,0.5072192549705505,0.6823623180389404,0.6937426328659058,0.492773175239563
test/Venomous_Snake/501121_298677f067eba4fv1mjc07.jpg,Venomous_Snake,Venomous_Snake,Venomous_Snake,Venomous_Snake,True,True,True,0.9722437858581543,0.9718526005744934,0.8893559575080872,0.9722437858581543,0.9718526005744934,0.8893559575080872
test/Venomous_Snake/5207091.jpg,Venomous_Snake,Venomous_Snake,Venomous_Snake,Venomous_Snake,True,True,True,0.9998914003372192,0.9999465942382812,0.9996310472488403,0.9998914003372192,0.9999465942382812,0.9996310472488403
test/Venomous_Snake/520e37a2-d600-4c4f-8f19-6b87429fc7a0.Full_.jpg,Venomous_Snake,Venomous_Snake,Venomous_Snake,Venomous_Snake,True,True,True,0.9974555373191833,0.994411289691925,0.9787157773971558,0.9974555373191833,0.994411289691925,0.9787157773971558
test/Venomous_Snake/5384077d7fe23.jpg,Venomous_Snake,Venomous_Snake,Venomous_Snake,Venomous_Snake,True,True,True,0.9115667939186096,0.948648989200592,0.7295780181884766,0.9115667939186096,0.948648989200592,0.7295780181884766
test/Venomous_Snake/5384096bcdfba.jpg,Venomous_Snake,Venomous_Snake,Venomous_Snake,Venomous_Snake,True,True,True,0.9980564713478088,0.9904614090919495,0.842689037322998,0.9980564713478088,0.9904614090919495,0.842689037322998
test/Venomous_Snake/5384096bea0ed.jpg,Venomous_Snake,Venomous_Snake,Venomous_Snake,Venomous_Snake,True,True,True,0.9968591928482056,0.9988256096839905,0.9931829571723938,0.9968591928482056,0.9988256096839905,0.9931829571723938
test/Venomous_Snake/5384096c1c063.jpg,Venomous_Snake,Venomous_Snake,Venomous_Snake,Venomous_Snake,True,True,True,0.9999850988388062,0.9999994039535522,0.9997872710227966,0.9999850988388062,0.9999994039535522,0.9997872710227966
test/Venomous_Snake/5419812_orig.jpg,Venomous_Snake,Venomous_Snake,Venomous_Snake,Venomous_Snake,True,True,True,0.9990500807762146,0.9981837868690491,0.9776321649551392,0.9990500807762146,0.9981837868690491,0.9776321649551392
test/Venomous_Snake/58680357_PW36.jpg,Venomous_Snake,Venomous_Snake,Venomous_Snake,Venomous_Snake,True,True,True,0.9999730587005615,0.9998766183853149,0.9995161294937134,0.9999730587005615,0.9998766183853149,0.9995161294937134
test/Venomous_Snake/58680358_PW36.jpg,Venomous_Snake,Venomous_Snake,Venomous_Snake,Venomous_Snake,True,True,True,0.9999996423721313,0.999998927116394,0.9999955892562866,0.9999996423721313,0.999998927116394,0.9999955892562866
test/Venomous_Snake/58680361_PW36.jpg,Venomous_Snake,Venomous_Snake,Venomous_Snake,Venomous_Snake,True,True,True,0.9999988079071045,0.9999985694885254,0.999895453453064,0.9999988079071045,0.9999985694885254,0.999895453453064
test/Venomous_Snake/6.jpg,Venomous_Snake,Venomous_Snake,Venomous_Snake,Venomous_Snake,True,True,True,1.0,1.0,0.9999998807907104,1.0,1.0,0.9999998807907104
test/Venomous_Snake/614a34a77654e6726429703e150dea3e.jpg,Venomous_Snake,Venomous_Snake,Venomous_Snake,Venomous_Snake,True,True,True,0.9975784420967102,0.9965922236442566,0.9676364660263062,0.9975784420967102,0.9965922236442566,0.9676364660263062
test/Venomous_Snake/621cc2e9123ff3733add9cf51d374c1c--top-five-hady.jpg,Venomous_Snake,Venomous_Snake,Venomous_Snake,Venomous_Snake,True,True,True,0.9996169805526733,0.9990202188491821,0.9738449454307556,0.9996169805526733,0.9990202188491821,0.9738449454307556
test/Venomous_Snake/628592919_285e1def53_b.jpg,Venomous_Snake,Venomous_Snake,Venomous_Snake,Venomous_Snake,True,True,True,0.9983521699905396,0.9984796643257141,0.9706465601921082,0.9983521699905396,0.9984796643257141,0.9706465601921082
test/Venomous_Snake/6O4A0379.jpg,Venomous_Snake,Venomous_Snake,Venomous_Snake,Venomous_Snake,True,True,True,0.999984622001648,0.9999464750289917,0.9998661279678345,0.999984622001648,0.9999464750289917,0.9998661279678345
test/Venomous_Snake/6O4A0417.jpg,Venomous_Snake,Venomous_Snake,Venomous_Snake,Venomous_Snake,True,True,True,0.9999997615814209,0.9999994039535522,0.9999712705612183,0.9999997615814209,0.9999994039535522,0.9999712705612183
test/Venomous_Snake/6b6da31906462414e878d1dd90aa146c--snake-wallpaper-hd-wallpaper.jpg,Venomous_Snake,Venomous_Snake,Venomous_Snake,Venomous_Snake,True,True,True,0.9999991655349731,0.9999973773956299,0.9999651908874512,0.9999991655349731,0.9999973773956299,0.9999651908874512
test/Venomous_Snake/7417839_orig.jpg,Venomous_Snake,Venomous_Snake,Venomous_Snake,Venomous_Snake,True,True,True,0.9998220801353455,0.9999351501464844,0.9984059929847717,0.9998220801353455,0.9999351501464844,0.9984059929847717
test/Venomous_Snake/80098531.jpg,Venomous_Snake,Venomous_Snake,Venomous_Snake,Venomous_Snake,True,True,True,0.9997392296791077,0.9998488426208496,0.9973976612091064,0.9997392296791077,0.9998488426208496,0.9973976612091064
test/Venomous_Snake/817-21250.jpg,Venomous_Snake,Venomous_Snake,Venomous_Snake,Venomous_Snake,True,True,True,0.9996906518936157,0.9994367957115173,0.995672345161438,0.9996906518936157,0.9994367957115173,0.995672345161438
test/Venomous_Snake/858129_1280x720.jpg,Venomous_Snake,Venomous_Snake,Venomous_Snake,Venomous_Snake,True,True,True,0.9999723434448242,0.9999183416366577,0.9984629154205322,0.9999723434448242,0.9999183416366577,0.9984629154205322
test/Venomous_Snake/8fa72038962b6df573adbdd40eb3bdea.jpg,Venomous_Snake,Venomous_Snake,Venomous_Snake,Venomous_Snake,True,True,True,0.9823834896087646,0.9934743046760559,0.9528916478157043,0.9823834896087646,0.9934743046760559,0.9528916478157043
test/Venomous_Snake/900-464852747-russells-viper.jpg,Venomous_Snake,Non_Venomous_Snake,Venomous_Snake,Non_Venomous_Snake,False,True,False,0.8438819050788879,0.5974301695823669,0.8265755772590637,0.15611736476421356,0.5974301695823669,0.1734136939048767
test/Venomous_Snake/90202668.jpg,Venomous_Snake,Venomous_Snake,Venomous_Snake,Venomous_Snake,True,True,True,0.9908506274223328,0.9848435521125793,0.930293083190918,0.9908506274223328,0.9848435521125793,0.930293083190918
test/Venomous_Snake/90215640.jpg,Venomous_Snake,Venomous_Snake,Venomous_Snake,Venomous_Snake,True,True,True,0.9999997615814209,1.0,0.9999995231628418,0.9999997615814209,1.0,0.9999995231628418
test/Venomous_Snake/92.jpg,Venomous_Snake,Venomous_Snake,Venomous_Snake,Venomous_Snake,True,True,True,0.9937182664871216,0.9985528588294983,0.9789202213287354,0.9937182664871216,0.9985528588294983,0.9789202213287354
test/Venomous_Snake/9222.jpg,Venomous_Snake,Venomous_Snake,Venomous_Snake,Non_Venomous_Snake,True,True,False,0.8045948147773743,0.9457142949104309,0.7047582268714905,0.8045948147773743,0.9457142949104309,0.29512104392051697
test/Venomous_Snake/9eb07e02004a8a7daa4e75dd0dade2a7.jpg,Venomous_Snake,Venomous_Snake,Venomous_Snake,Venomous_Snake,True,True,True,0.9999730587005615,0.9999567270278931,0.9990757703781128,0.9999730587005615,0.9999567270278931,0.9990757703781128
test/Venomous_Snake/CY025J-1.jpg,Venomous_Snake,Venomous_Snake,Venomous_Snake,Venomous_Snake,True,True,True,0.9973748922348022,0.994019627571106,0.9832346439361572,0.9973748922348022,0.994019627571106,0.9832346439361572
test/Venomous_Snake/Close-up-of-Palestine-saw-scaled-viper.jpg,Venomous_Snake,Venomous_Snake,Venomous_Snake,Venomous_Snake,True,True,True,0.9662056565284729,0.9898569583892822,0.9007189273834229,0.9662056565284729,0.9898569583892822,0.9007189273834229
test/Venomous_Snake/Echis carinatus sinhaleyus_001.jpg,Venomous_Snake,Venomous_Snake,Venomous_Snake,Venomous_Snake,True,True,True,0.9942076206207275,0.9995187520980835,0.9943903088569641,0.9942076206207275,0.9995187520980835,0.9943903088569641
test/Venomous_Snake/Echis_carinatus_head_sal.jpg,Venomous_Snake,Venomous_Snake,Venomous_Snake,Venomous_Snake,True,True,True,0.9934484362602234,0.9979158043861389,0.9864757657051086,0.9934484362602234,0.9979158043861389,0.9864757657051086
test/Venomous_Snake/_62580566__45828483_saw_scaled_viper_spl.jpg,Venomous_Snake,Venomous_Snake,Venomous_Snake,Venomous_Snake,True,True,True,0.9989567995071411,0.9995135068893433,0.9976279139518738,0.9989567995071411,0.9995135068893433,0.9976279139518738
test/Venomous_Snake/_837b1414-50e6-11e6-8d8d-a42edc5c5383.JPG,Venomous_Snake,Venomous_Snake,Venomous_Snake,Venomous_Snake,True,True,True,0.9881348609924316,0.9847102761268616,0.9123196601867676,0.9881348609924316,0.9847102761268616,0.9123196601867676
test/Venomous_Snake/_D096405.jpg,Venomous_Snake,Venomous_Snake,Venomous_Snake,Venomous_Snake,True,True,True,0.7428649663925171,0.5114299058914185,0.5500472187995911,0.7428649663925171,0.5114299058914185,0.5500472187995911
test/Venomous_Snake/_D096710.jpg,Venomous_Snake,Venomous_Snake,Venomous_Snake,Venomous_Snake,True,True,True,0.8200723528862,0.9851122498512268,0.7623061537742615,0.8200723528862,0.9851122498512268,0.7623061537742615
test/Venomous_Snake/_DSC0082.jpg,Venomous_Snake,Non_Venomous_Snake,Non_Venomous_Snake,Non_Venomous_Snake,False,False,False,0.9290463924407959,0.6111522912979126,0.8598490953445435,0.07095355540513992,0.3888475000858307,0.14014862477779388
test/Venomous_Snake/_DSC0260.jpg,Venomous_Snake,Venomous_Snake,Venomous_Snake,Venomous_Snake,True,True,True,0.999935507774353,0.999987006187439,0.999724805355072,0.999935507774353,0.999987006187439,0.999724805355072
test/Venomous_Snake/_DSC0273g.jpg,Venomous_Snake,Venomous_Snake,Venomous_Snake,Venomous_Snake,True,True,True,0.9990572333335876,0.9997395873069763,0.997046172618866,0.9990572333335876,0.9997395873069763,0.997046172618866
test/Venomous_Snake/_a0addf20-4e76-11e6-8d8d-a42edc5c5383.jpg,Venomous_Snake,Venomous_Snake,Venomous_Snake,Venomous_Snake,True,True,True,0.9993059635162354,0.9999513626098633,0.9952144622802734,0.9993059635162354,0.9999513626098633,0.9952144622802734
test/Venomous_Snake/_afe8d134-4e76-11e6-8d8d-a42edc5c5383.jpg,Venomous_Snake,Venomous_Snake,Venomous_Snake,Venomous_Snake,True,True,True,0.9671609997749329,0.9937039017677307,0.9701781868934631,0.9671609997749329,0.9937039017677307,0.9701781868934631
test/Venomous_Snake/arabic-saw-scaled-viper-palestine-saw-scaled-viper-echis-coloratus-CNW8JE.jpg,Venomous_Snake,Venomous_Snake,Venomous_Snake,Venomous_Snake,True,True,True,0.9992520213127136,0.9998538494110107,0.9986750483512878,0.9992520213127136,0.9998538494110107,0.9986750483512878
test/Venomous_Snake/arabic-saw-scaled-viper-palestine-saw-scaled-viper-echis-coloratus-EBN3ET.jpg,Venomous_Snake,Venomous_Snake,Venomous_Snake,Venomous_Snake,True,True,True,0.9715120196342468,0.9916165471076965,0.816665530204773,0.9715120196342468,0.9916165471076965,0.816665530204773
test/Venomous_Snake/arabic-saw-scaled-viper-palestine-saw-scaled-viper-echis-coloratus-EBN3EW.jpg,Venomous_Snake,Venomous_Snake,Venomous_Snake,Venomous_Snake,True,True,True,0.9727939963340759,0.9945933222770691,0.9822589159011841,0.9727939963340759,0.9945933222770691,0.9822589159011841
test/Venomous_Snake/b447c6b7f0714cb8487330d3487a86c1--colorful-snakes-the-saw.jpg,Venomous_Snake,Venomous_Snake,Venomous_Snake,Venomous_Snake,True,True,True,0.9999432563781738,0.9999994039535522,0.999462902545929,0.9999432563781738,0.9999994039535522,0.999462902545929
test/Venomous_Snake/bigfour-venomics-blog-7.jpg,Venomous_Snake,Venomous_Snake,Venomous_Snake,Venomous_Snake,True,True,True,0.9986044764518738,0.9997369647026062,0.990566074848175,0.9986044764518738,0.9997369647026062,0.990566074848175
test/Venomous_Snake/ca58c07171fe7897f737fb00ac7ed33e.jpg,Venomous_Snake,Venomous_Snake,Venomous_Snake,Venomous_Snake,True,True,True,0.9996107220649719,0.9999890327453613,0.9996857643127441,0.9996107220649719,0.9999890327453613,0.9996857643127441
test/Venomous_Snake/carpet_viper_2.jpg,Venomous_Snake,Venomous_Snake,Venomous_Snake,Venomous_Snake,True,True,True,0.9947899580001831,0.9999067783355713,0.9981550574302673,0.9947899580001831,0.9999067783355713,0.9981550574302673
test/Venomous_Snake/ce2f4d7322c5e71302a9ce29bf3b74f5.jpg,Venomous_Snake,Non_Venomous_Snake,Non_Venomous_Snake,Non_Venomous_Snake,False,False,False,0.9937346577644348,0.5631054043769836,0.9837718605995178,0.006262183655053377,0.43683263659477234,0.016213832423090935
test/Venomous_Snake/coiled-sind-saw-scaled-viper.jpg,Venomous_Snake,Venomous_Snake,Venomous_Snake,Venomous_Snake,True,True,True,0.999271810054779,0.9998794794082642,0.9960152506828308,0.999271810054779,0.9998794794082642,0.9960152506828308
test/Venomous_Snake/deadliest-world-Echis_carinatus.jpg,Venomous_Snake,Venomous_Snake,Venomous_Snake,Venomous_Snake,True,True,True,0.9928774237632751,0.9991161227226257,0.984545111656189,0.9928774237632751,0.9991161227226257,0.984545111656189
test/Venomous_Snake/dsc_5371_720.jpg,Venomous_Snake,Venomous_Snake,Venomous_Snake,Venomous_Snake,True,True,True,0.9989773035049438,0.9996867179870605,0.9968106150627136,0.9989773035049438,0.9996867179870605,0.9968106150627136
test/Wild_Boar/0001.jpg,Wild_Boar,Wild_Boar,Wild_Boar,Wild_Boar,True,True,True,1.0,1.0,1.0,1.1282917196977485e-15,3.0464316507806954e-13,8.973043662263702e-12
test/Wild_Boar/0012.jpg,Wild_Boar,Wild_Boar,Wild_Boar,Wild_Boar,True,True,True,1.0,1.0,0.9999998807907104,8.69596616936974e-11,1.6851156581232374e-10,6.363201077164149e-09
test/Wild_Boar/0014.jpg,Wild_Boar,Wild_Boar,Wild_Boar,Wild_Boar,True,True,True,0.999459445476532,0.9996520280838013,0.9990794658660889,7.586496053590963e-08,1.1307679415040184e-06,2.0587076505762525e-06
test/Wild_Boar/0025.jpg,Wild_Boar,Wild_Boar,Wild_Boar,Wild_Boar,True,True,True,1.0,1.0,0.9999998807907104,7.557054808315922e-12,2.6727023372252745e-10,3.5739153858571626e-09
test/Wild_Boar/0037.jpg,Wild_Boar,Wild_Boar,Wild_Boar,Wild_Boar,True,True,True,0.9999092817306519,0.9993807077407837,0.9927583932876587,4.990014531358611e-06,1.4496462426905055e-05,8.500107651343569e-05
test/Wild_Boar/0041.jpg,Wild_Boar,Wild_Boar,Wild_Boar,Wild_Boar,True,True,True,1.0,1.0,1.0,8.373440761838373e-15,1.30088322926325e-13,3.0067341845463336e-12
test/Wild_Boar/0043.jpg,Wild_Boar,Wild_Boar,Wild_Boar,Wild_Boar,True,True,True,1.0,1.0,0.9999998807907104,9.91192371235794e-13,1.3671797201297853e-11,3.2842017994028083e-10
test/Wild_Boar/0062.jpg,Wild_Boar,Wild_Boar,Wild_Boar,Wild_Boar,True,True,True,0.9977226853370667,0.9997602105140686,0.9879254102706909,1.0923702831178161e-07,7.414685683215794e-07,2.961129894174519e-06
test/Wild_Boar/0069.jpg,Wild_Boar,Wild_Boar,Wild_Boar,Wild_Boar,True,True,True,0.9995284080505371,0.9925178289413452,0.964117169380188,7.647860911674798e-06,0.00023598239931743592,0.000903635285794735
test/Wild_Boar/0080.jpg,Wild_Boar,Wild_Boar,Wild_Boar,Wild_Boar,True,True,True,0.9999905824661255,0.9999518394470215,0.9997480511665344,3.2755570478215645e-10,1.1004708255768492e-09,1.892038703488197e-08
test/Wild_Boar/0101.jpg,Wild_Boar,Wild_Boar,Wild_Boar,Wild_Boar,True,True,True,1.0,1.0,0.9999996423721313,1.2219614209385554e-10,7.746199237601559e-09,3.367163259326844e-08
test/Wild_Boar/0107.jpg,Wild_Boar,Wild_Boar,Wild_Boar,Wild_Boar,True,True,True,0.9999996423721313,1.0,0.9999991655349731,1.0383088167031929e-08,1.3963740164157912e-09,2.5709898210379833e-08
test/Wild_Boar/0108.jpg,Wild_Boar,Wild_Boar,Wild_Boar,Wild_Boar,True,True,True,0.9999382495880127,0.9999946355819702,0.9999555349349976,2.2745396677237295e-09,3.541609450152805e-09,7.13965846443898e-08
test/Wild_Boar/0120.jpg,Wild_Boar,Wild_Boar,Wild_Boar,Wild_Boar,True,True,True,0.9969869256019592,0.9819895029067993,0.8583654165267944,8.426001585348786e-08,2.4560615656810114e-06,6.05043123869109e-06
test/Wild_Boar/0129.jpg,Wild_Boar,Wild_Boar,Wild_Boar,Wild_Boar,True,True,True,0.999992847442627,0.9999980926513672,0.999902606010437,6.2317799809363805e-09,3.078166344039346e-08,3.6877892739539675e-07
test/Wild_Boar/0134.jpg,Wild_Boar,Wild_Boar,Wild_Boar,Wild_Boar,True,True,True,1.0,1.0,0.9999998807907104,5.455820257377342e-13,1.973784850839433e-11,2.283298827787661e-10
test/Wild_Boar/0142.jpg,Wild_Boar,Wild_Boar,Wild_Boar,Wild_Boar,True,True,True,1.0,1.0,1.0,2.828943459695643e-12,3.818251270715223e-11,6.408497066345831e-10
test/Wild_Boar/0153.jpg,Wild_Boar,Wild_Boar,Wild_Boar,Wild_Boar,True,True,True,1.0,1.0,0.9999998807907104,3.1580580164836114e-12,1.7687760978102318e-11,2.9800970025029017e-10
test/Wild_Boar/0176.jpg,Wild_Boar,Wild_Boar,Wild_Boar,Wild_Boar,True,True,True,0.9999985694885254,0.9999990463256836,0.9999880790710449,3.2918126002812187e-09,3.4888877564753784e-08,1.4992502883615089e-07
test/Wild_Boar/0183.jpg,Wild_Boar,Elephant,Elephant,Elephant,False,False,False,0.8623815774917603,0.9964608550071716,0.9395065903663635,0.0008741949568502605,0.00012624164810404181,0.0027003667782992125
test/Wild_Boar/0187.jpg,Wild_Boar,Wild_Boar,Wild_Boar,Wild_Boar,True,True,True,1.0,1.0,1.0,9.849981941201236e-12,4.449330227168646e-12,1.6357327992100323e-10
test/Wild_Boar/0188.jpg,Wild_Boar,Wild_Boar,Wild_Boar,Wild_Boar,True,True,True,0.9999996423721313,1.0,0.9999980926513672,7.477652524956468e-11,3.207127063920012e-10,5.926136470435495e-09
test/Wild_Boar/0193.jpg,Wild_Boar,Wild_Boar,Wild_Boar,Wild_Boar,True,True,True,1.0,1.0,1.0,1.6704396045108365e-14,4.1563524540502716e-13,8.07825421139663e-12
test/Wild_Boar/0196.jpg,Wild_Boar,Wild_Boar,Wild_Boar,Wild_Boar,True,True,True,0.9999998807907104,1.0,0.9999960660934448,3.7020475573967815e-10,1.263481319568882e-09,1.633162227676621e-08
test/Wild_Boar/0234.jpg,Wild_Boar,Wild_Boar,Wild_Boar,Wild_Boar,True,True,True,1.0,1.0,1.0,5.608401020139775e-16,3.4631794375395244e-16,6.285095599349588e-14
test/Wild_Boar/0235.jpg,Wild_Boar,Wild_Boar,Wild_Boar,Wild_Boar,True,True,True,0.9999915361404419,0.9999936819076538,0.9992940425872803,1.5520855356498942e-07,1.1097060337306175e-07,1.1999545677099377e-06
test/Wild_Boar/0239.jpg,Wild_Boar,Wild_Boar,Wild_Boar,Wild_Boar,True,True,True,1.0,1.0,1.0,1.422045922179092e-15,9.13496302256192e-14,7.216840406526481e-12
test/Wild_Boar/0241.jpg,Wild_Boar,Wild_Boar,Wild_Boar,Wild_Boar,True,True,True,0.9995249509811401,0.9998699426651001,0.997554361820221,4.210083261568798e-06,3.2393863875768147e-06,3.249418659834191e-05
test/Wild_Boar/0262.jpg,Wild_Boar,Wild_Boar,Wild_Boar,Wild_Boar,True,True,True,0.9877322912216187,0.9418224096298218,0.8544127941131592,3.2678389061402413e-07,2.2685874228045577e-06,8.051107215578668e-06
test/Wild_Boar/0267.jpg,Wild_Boar,Wild_Boar,Wild_Boar,Wild_Boar,True,True,True,0.9999996423721313,0.9999997615814209,0.9999938011169434,1.501356483579741e-09,7.266781842929504e-09,1.582182136417032e-07
test/Wild_Boar/0277.jpg,Wild_Boar,Wild_Boar,Wild_Boar,Wild_Boar,True,True,True,0.9999829530715942,0.9999864101409912,0.9999297857284546,3.050620378530766e-08,3.259224712337527e-08,2.1458119192629965e-07
test/Wild_Boar/0283.jpg,Wild_Boar,Wild_Boar,Wild_Boar,Wild_Boar,True,True,True,0.9999572038650513,0.9999964237213135,0.9999285936355591,1.2816452343855644e-09,1.7918790895521397e-09,4.860027047470794e-08
test/Wild_Boar/0292.jpg,Wild_Boar,Wild_Boar,Wild_Boar,Wild_Boar,True,True,True,1.0,1.0,1.0,6.296779402417425e-15,1.6575139156170537e-13,3.060970530863183e-12
test/Wild_Boar/0299.jpg,Wild_Boar,Wild_Boar,Wild_Boar,Wild_Boar,True,True,True,1.0,1.0,1.0,5.256026191537144e-13,2.6936479088912613e-11,1.7790900697089995e-10
test/Wild_Boar/0310.jpg,Wild_Boar,Wild_Boar,Wild_Boar,Wild_Boar,True,True,True,0.999998927116394,0.9999995231628418,0.9997656941413879,6.425986045360821e-12,3.0292376940188603e-10,4.737398917598057e-09
test/Wild_Boar/0321.jpg,Wild_Boar,Wild_Boar,Wild_Boar,Wild_Boar,True,True,True,0.999984860420227,0.9999959468841553,0.9999217987060547,1.491296863775915e-09,7.999041429229692e-09,1.749881022305999e-07
test/Wild_Boar/0325.jpg,Wild_Boar,Wild_Boar,Wild_Boar,Wild_Boar,True,True,True,0.9999992847442627,0.9999997615814209,0.9999922513961792,3.2006754885349764e-11,1.8193248296771714e-10,4.34373159663437e-09
test/Wild_Boar/0339.jpg,Wild_Boar,Wild_Boar,Wild_Boar,Wild_Boar,True,True,True,0.9999997615814209,0.9999998807907104,0.9999973773956299,1.491839013434415e-10,3.685603766623302e-10,4.655974716882838e-09
test/Wild_Boar/0352.jpg,Wild_Boar,Wild_Boar,Wild_Boar,Wild_Boar,True,True,True,0.9999997615814209,0.9999998807907104,0.9999936819076538,5.258434746663321e-12,2.372924079452332e-10,3.3451019731955967e-09
test/Wild_Boar/0357.jpg,Wild_Boar,Wild_Boar,Wild_Boar,Wild_Boar,True,True,True,0.9999994039535522,1.0,0.9999984502792358,1.2072876032220847e-09,1.454158127245364e-09,1.529332749328205e-08
test/Wild_Boar/0365.jpg,Wild_Boar,Wild_Boar,Wild_Boar,Wild_Boar,True,True,True,0.9999998807907104,1.0,0.9999960660934448,1.017896704424981e-11,5.318434234680147e-11,1.2209765420934104e-09
test/Wild_Boar/0373.jpg,Wild_Boar,Wild_Boar,Wild_Boar,Wild_Boar,True,True,True,1.0,1.0,1.0,3.355089025473005e-18,8.449064181006592e-16,1.0492957753225653e-14
test/Wild_Boar/0394.jpg,Wild_Boar,Wild_Boar,Wild_Boar,Wild_Boar,True,True,True,0.9999991655349731,0.9999997615814209,0.9999970197677612,2.0343458861926678e-10,1.130856519537815e-09,5.1385180555030274e-09
test/Wild_Boar/0423.jpg,Wild_Boar,Wild_Boar,Wild_Boar,Wild_Boar,True,True,True,0.9998106360435486,0.9998798370361328,0.9998626708984375,7.725474704400881e-10,2.6724236157349424e-09,1.6384539947011945e-08
test/Wild_Boar/0432.jpg,Wild_Boar,Wild_Boar,Wild_Boar,Wild_Boar,True,True,True,0.9999998807907104,0.9999998807907104,0.9999980926513672,8.6032878598985e-09,4.866820901838764e-08,2.7877408115273283e-07
test/Wild_Boar/0437.jpg,Wild_Boar,Wild_Boar,Wild_Boar,Wild_Boar,True,True,True,0.999997615814209,0.9999988079071045,0.9999794960021973,3.839028206442663e-09,5.974009731346541e-09,5.5357851636017585e-08
test/Wild_Boar/0446.jpg,Wild_Boar,Elephant,Elephant,Elephant,False,False,False,0.9048187136650085,0.9878425598144531,0.899280846118927,0.00044057006016373634,0.00010089410352520645,0.00010248895705444738
test/Wild_Boar/0460.jpg,Wild_Boar,Wild_Boar,Wild_Boar,Wild_Boar,True,True,True,1.0,1.0,1.0,1.7592057097084307e-13,3.1936755757328017e-12,4.583666779467421e-11
test/Wild_Boar/0465.jpg,Wild_Boar,Wild_Boar,Wild_Boar,Wild_Boar,True,True,True,0.9999986886978149,0.9999990463256836,0.9999494552612305,9.821456842251663e-11,1.3514372954048781e-09,1.4026969807900969e-08
test/Wild_Boar/0466.jpg,Wild_Boar,Wild_Boar,Wild_Boar,Wild_Boar,True,True,True,1.0,1.0,1.0,6.954177766407485e-15,5.831778744809502e-13,5.2180616598451746e-12
test/Wild_Boar/0470.jpg,Wild_Boar,Wild_Boar,Wild_Boar,Wild_Boar,True,True,True,0.9999998807907104,1.0,0.999997615814209,2.1720355548870973e-12,4.010835500528609e-12,4.202175551970555e-10
test/Wild_Boar/0479.jpg,Wild_Boar,Wild_Boar,Wild_Boar,Wild_Boar,True,True,True,1.0,1.0,1.0,9.058896753393053e-14,1.2228976511985401e-12,1.8909178042814112e-11
test/Wild_Boar/0486.jpg,Wild_Boar,Wild_Boar,Wild_Boar,Wild_Boar,True,True,True,1.0,1.0,0.9999996423721313,2.2628085169507095e-11,8.147784530398994e-11,3.402800485829971e-09
test/Wild_Boar/0525.jpg,Wild_Boar,Wild_Boar,Wild_Boar,Wild_Boar,True,True,True,1.0,1.0,1.0,2.8825764475035043e-13,1.4720210727431349e-12,5.633942964933247e-11
test/Wild_Boar/0542.jpg,Wild_Boar,Wild_Boar,Wild_Boar,Wild_Boar,True,True,True,0.9999957084655762,0.9999996423721313,0.9999877214431763,3.5544984733348883e-09,1.7065442392549812e-09,6.229398508139639e-08
test/Wild_Boar/0545.jpg,Wild_Boar,Wild_Boar,Wild_Boar,Wild_Boar,True,True,True,1.0,1.0,1.0,5.019285158401436e-14,2.062145376333091e-12,5.2451053916824364e-11
test/Wild_Boar/0565.jpg,Wild_Boar,Wild_Boar,Wild_Boar,Wild_Boar,True,True,True,1.0,1.0,1.0,1.6216866644679247e-16,6.143830133736124e-16,2.6483343987314216e-14
test/Wild_Boar/0575.jpg,Wild_Boar,Wild_Boar,Wild_Boar,Wild_Boar,True,True,True,1.0,1.0,1.0,5.0065874568957364e-14,3.1566776644877115e-13,3.220684482996283e-11
