image_path,relative_path,filename,parent_class,species,sha256,width,height,repository_source,repository_provenance,repository_license,individual_image_rights,training_reuse_rights,exact_duplicate,exact_duplicate_match,near_duplicate_status,near_duplicate_match,near_duplicate_score,frozen_test_leakage_status,frozen_test_match,label_status,quality_status,technical_status,manual_review_required,exclusion_reason,notes
C:\Users\yesam\Desktop\anviksa_ai\new_training_data\snake_images\Indian-Snakes-Dataset-master\Non-Venomous\Banded Racer\1274635783_6d04848eae.jpg,Non-Venomous/Banded Racer/1274635783_6d04848eae.jpg,1274635783_6d04848eae.jpg,Non-Venomous,Banded Racer,22570158a74fa87acad401fd0681d2c329035aa1a43ff60aded1e58b23bffff5,500,271,https://github.com/arjun921/Indian-Snakes-Dataset,VERIFIED,MIT,UNCLEAR,REVIEW_REQUIRED,False,,POSSIBLE_NEAR_DUPLICATE,train/Non_Venomous_Snake/1274635783_6d04848eae.jpg,0.996181,NOT_TEST_LEAKAGE,,DIRECTORY_LABEL_PRESERVED,BASIC_QUALITY_PASS,MANUAL_REVIEW_REQUIRED,True,,Possible near-duplicate cannot be automatically cleared; technical status does not establish training/reuse rights
C:\Users\yesam\Desktop\anviksa_ai\new_training_data\snake_images\Indian-Snakes-Dataset-master\Non-Venomous\Banded Racer\9678299431_e1027b9b6c_b.jpg,Non-Venomous/Banded Racer/9678299431_e1027b9b6c_b.jpg,9678299431_e1027b9b6c_b.jpg,Non-Venomous,Banded Racer,7479046aa97f040784bad3d294d4c248c5500f0de2e658773996b43571568555,1024,602,https://github.com/arjun921/Indian-Snakes-Dataset,VERIFIED,MIT,UNCLEAR,REVIEW_REQUIRED,False,,POSSIBLE_NEAR_DUPLICATE,train/Non_Venomous_Snake/12.jpg | train/Non_Venomous_Snake/9678299431_e1027b9b6c_b.jpg | train/Non_Venomous_Snake/9678299431_e1027b9b6c_m.jpg,0.997221,NOT_TEST_LEAKAGE,,DIRECTORY_LABEL_PRESERVED,BASIC_QUALITY_PASS,MANUAL_REVIEW_REQUIRED,True,,Possible near-duplicate cannot be automatically cleared; technical status does not establish training/reuse rights
C:\Users\yesam\Desktop\anviksa_ai\new_training_data\snake_images\Indian-Snakes-Dataset-master\Non-Venomous\Banded Racer\Banded Racer Juvenile.jpg,Non-Venomous/Banded Racer/Banded Racer Juvenile.jpg,Banded Racer Juvenile.jpg,Non-Venomous,Banded Racer,aa7643da3288e1001b9626f641819f5f5db03158108b7be482a2526d500bc78e,250,178,https://github.com/arjun921/Indian-Snakes-Dataset,VERIFIED,MIT,UNCLEAR,REVIEW_REQUIRED,False,,POSSIBLE_NEAR_DUPLICATE,train/Non_Venomous_Snake/Banded Racer Juvenile.jpg,0.997165,NOT_TEST_LEAKAGE,,DIRECTORY_LABEL_PRESERVED,BASIC_QUALITY_PASS,MANUAL_REVIEW_REQUIRED,True,,Possible near-duplicate cannot be automatically cleared; technical status does not establish training/reuse rights
C:\Users\yesam\Desktop\anviksa_ai\new_training_data\snake_images\Indian-Snakes-Dataset-master\Non-Venomous\Banded Racer\Banded Racer.jpg,Non-Venomous/Banded Racer/Banded Racer.jpg,Banded Racer.jpg,Non-Venomous,Banded Racer,927390d322cafb88be3b8eef34ad032838777d6973b6ae0d7961cd5d4f4c99ed,640,338,https://github.com/arjun921/Indian-Snakes-Dataset,VERIFIED,MIT,UNCLEAR,REVIEW_REQUIRED,False,,POSSIBLE_NEAR_DUPLICATE,train/Non_Venomous_Snake/50.jpg,0.979268,NOT_TEST_LEAKAGE,,DIRECTORY_LABEL_PRESERVED,BASIC_QUALITY_PASS,MANUAL_REVIEW_REQUIRED,True,,Possible near-duplicate cannot be automatically cleared; technical status does not establish training/reuse rights
C:\Users\yesam\Desktop\anviksa_ai\new_training_data\snake_images\Indian-Snakes-Dataset-master\Non-Venomous\Banded Racer\banded-racer-argyrogena-fasciolata-non-venomous-not-common-kalbeliya-AT2BHP.jpg,Non-Venomous/Banded Racer/banded-racer-argyrogena-fasciolata-non-venomous-not-common-kalbeliya-AT2BHP.jpg,banded-racer-argyrogena-fasciolata-non-venomous-not-common-kalbeliya-AT2BHP.jpg,Non-Venomous,Banded Racer,a873327a8c4f98ba88ed5cb43906cc9adfe09eb8dac53c33cbf099afd608d955,841,1390,https://github.com/arjun921/Indian-Snakes-Dataset,VERIFIED,MIT,UNCLEAR,REVIEW_REQUIRED,False,,POSSIBLE_NEAR_DUPLICATE,test/Non_Venomous_Snake/banded-racer-argyrogena-fasciolata-non-venomous-not-common-kalbeliya-AT2BHP.jpg,0.998229,POSSIBLE_TEST_LEAKAGE,test/Non_Venomous_Snake/banded-racer-argyrogena-fasciolata-non-venomous-not-common-kalbeliya-AT2BHP.jpg,DIRECTORY_LABEL_PRESERVED,BASIC_QUALITY_PASS,MANUAL_REVIEW_REQUIRED,True,,Possible frozen-test leakage cannot be automatically cleared; technical status does not establish training/reuse rights
C:\Users\yesam\Desktop\anviksa_ai\new_training_data\snake_images\Indian-Snakes-Dataset-master\Non-Venomous\Banded Racer\medium.JPG,Non-Venomous/Banded Racer/medium.JPG,medium.JPG,Non-Venomous,Banded Racer,3d81cf1ba1a840f373a0526720b33a5815b366bda1328ee275149643eb62a24a,500,283,https://github.com/arjun921/Indian-Snakes-Dataset,VERIFIED,MIT,UNCLEAR,REVIEW_REQUIRED,False,,POSSIBLE_NEAR_DUPLICATE,test/Non_Venomous_Snake/medium.JPG,0.99828,POSSIBLE_TEST_LEAKAGE,test/Non_Venomous_Snake/medium.JPG,DIRECTORY_LABEL_PRESERVED,BASIC_QUALITY_PASS,MANUAL_REVIEW_REQUIRED,True,,Possible frozen-test leakage cannot be automatically cleared; technical status does not establish training/reuse rights
C:\Users\yesam\Desktop\anviksa_ai\new_training_data\snake_images\Indian-Snakes-Dataset-master\Non-Venomous\Checkered Keelback\2.jpg,Non-Venomous/Checkered Keelback/2.jpg,2.jpg,Non-Venomous,Checkered Keelback,7dfd05ef230ca8b3d0627f5c0e4cbcefde82cc392925a1d6b2b41db93d21f813,960,551,https://github.com/arjun921/Indian-Snakes-Dataset,VERIFIED,MIT,UNCLEAR,REVIEW_REQUIRED,False,,POSSIBLE_NEAR_DUPLICATE,train/Non_Venomous_Snake/2.jpg,0.997694,NOT_TEST_LEAKAGE,,DIRECTORY_LABEL_PRESERVED,BASIC_QUALITY_PASS,MANUAL_REVIEW_REQUIRED,True,,Possible near-duplicate cannot be automatically cleared; technical status does not establish training/reuse rights
C:\Users\yesam\Desktop\anviksa_ai\new_training_data\snake_images\Indian-Snakes-Dataset-master\Non-Venomous\Checkered Keelback\24897900911_7d2ee1ecff_b.jpg,Non-Venomous/Checkered Keelback/24897900911_7d2ee1ecff_b.jpg,24897900911_7d2ee1ecff_b.jpg,Non-Venomous,Checkered Keelback,e28510a4e4ca4cbf55fe8f2dbecdcd0b0e35145186d417b5f78c26aa05387db4,1024,586,https://github.com/arjun921/Indian-Snakes-Dataset,VERIFIED,MIT,UNCLEAR,REVIEW_REQUIRED,False,,POSSIBLE_NEAR_DUPLICATE,validation/Non_Venomous_Snake/24897900911_7d2ee1ecff_b.jpg,0.994425,NOT_TEST_LEAKAGE,,DIRECTORY_LABEL_PRESERVED,BASIC_QUALITY_PASS,MANUAL_REVIEW_REQUIRED,True,,Possible near-duplicate cannot be automatically cleared; technical status does not establish training/reuse rights
C:\Users\yesam\Desktop\anviksa_ai\new_training_data\snake_images\Indian-Snakes-Dataset-master\Non-Venomous\Checkered Keelback\350_e_s_500.jpg,Non-Venomous/Checkered Keelback/350_e_s_500.jpg,350_e_s_500.jpg,Non-Venomous,Checkered Keelback,8e64ce5421bf22fdc7f56cbabea6462777b6fe8b038632f773bea8c5b18d10b7,1493,993,https://github.com/arjun921/Indian-Snakes-Dataset,VERIFIED,MIT,UNCLEAR,REVIEW_REQUIRED,False,,POSSIBLE_NEAR_DUPLICATE,train/Non_Venomous_Snake/350_e_s_500.jpg,0.995664,NOT_TEST_LEAKAGE,,DIRECTORY_LABEL_PRESERVED,BASIC_QUALITY_PASS,MANUAL_REVIEW_REQUIRED,True,,Possible near-duplicate cannot be automatically cleared; technical status does not establish training/reuse rights
C:\Users\yesam\Desktop\anviksa_ai\new_training_data\snake_images\Indian-Snakes-Dataset-master\Non-Venomous\Checkered Keelback\491121-checkered-keeeled-back.jpg,Non-Venomous/Checkered Keelback/491121-checkered-keeeled-back.jpg,491121-checkered-keeeled-back.jpg,Non-Venomous,Checkered Keelback,cf65e66e23fd69dc86db7a5a02eaf928c7fdad4ea6529fd560d3e71d7a5e7172,3265,2449,https://github.com/arjun921/Indian-Snakes-Dataset,VERIFIED,MIT,UNCLEAR,REVIEW_REQUIRED,False,,POSSIBLE_NEAR_DUPLICATE,train/Non_Venomous_Snake/491121-checkered-keeeled-back.jpg,0.998942,NOT_TEST_LEAKAGE,,DIRECTORY_LABEL_PRESERVED,BASIC_QUALITY_PASS,MANUAL_REVIEW_REQUIRED,True,,Possible near-duplicate cannot be automatically cleared; technical status does not establish training/reuse rights
C:\Users\yesam\Desktop\anviksa_ai\new_training_data\snake_images\Indian-Snakes-Dataset-master\Non-Venomous\Checkered Keelback\6.jpg,Non-Venomous/Checkered Keelback/6.jpg,6.jpg,Non-Venomous,Checkered Keelback,7bb71e95fbd225c9373d2997235ca60d4cbe24ca940f38388441ee0ecd52f563,960,455,https://github.com/arjun921/Indian-Snakes-Dataset,VERIFIED,MIT,UNCLEAR,REVIEW_REQUIRED,False,,POSSIBLE_NEAR_DUPLICATE,train/Non_Venomous_Snake/6.jpg,0.995476,NOT_TEST_LEAKAGE,,DIRECTORY_LABEL_PRESERVED,BASIC_QUALITY_PASS,MANUAL_REVIEW_REQUIRED,True,,Possible near-duplicate cannot be automatically cleared; technical status does not establish training/reuse rights
C:\Users\yesam\Desktop\anviksa_ai\new_training_data\snake_images\Indian-Snakes-Dataset-master\Non-Venomous\Checkered Keelback\9181975166_5a8900bcb4_b.jpg,Non-Venomous/Checkered Keelback/9181975166_5a8900bcb4_b.jpg,9181975166_5a8900bcb4_b.jpg,Non-Venomous,Checkered Keelback,0571fdbdc18bad900dbf7b50ebed9b9e542eca167db67eef09737e26dcda0123,1024,576,https://github.com/arjun921/Indian-Snakes-Dataset,VERIFIED,MIT,UNCLEAR,REVIEW_REQUIRED,False,,POSSIBLE_NEAR_DUPLICATE,train/Non_Venomous_Snake/9181975166_5a8900bcb4_b.jpg,0.993673,NOT_TEST_LEAKAGE,,DIRECTORY_LABEL_PRESERVED,BASIC_QUALITY_PASS,MANUAL_REVIEW_REQUIRED,True,,Possible near-duplicate cannot be automatically cleared; technical status does not establish training/reuse rights
C:\Users\yesam\Desktop\anviksa_ai\new_training_data\snake_images\Indian-Snakes-Dataset-master\Non-Venomous\Checkered Keelback\_DSC0413.jpg,Non-Venomous/Checkered Keelback/_DSC0413.jpg,_DSC0413.jpg,Non-Venomous,Checkered Keelback,1a75ab6ab435730b14228d5c0f36f661419d2f69e94a1858df17e1963cc9ef33,1407,850,https://github.com/arjun921/Indian-Snakes-Dataset,VERIFIED,MIT,UNCLEAR,REVIEW_REQUIRED,False,,POSSIBLE_NEAR_DUPLICATE,train/Non_Venomous_Snake/_DSC0413.jpg,0.996486,NOT_TEST_LEAKAGE,,DIRECTORY_LABEL_PRESERVED,BASIC_QUALITY_PASS,MANUAL_REVIEW_REQUIRED,True,,Possible near-duplicate cannot be automatically cleared; technical status does not establish training/reuse rights
C:\Users\yesam\Desktop\anviksa_ai\new_training_data\snake_images\Indian-Snakes-Dataset-master\Non-Venomous\Checkered Keelback\_DSC0418.jpg,Non-Venomous/Checkered Keelback/_DSC0418.jpg,_DSC0418.jpg,Non-Venomous,Checkered Keelback,36edfd2877c35e6372af36ad4321aa9c65063ea89da402222ad5e768292847d3,1300,850,https://github.com/arjun921/Indian-Snakes-Dataset,VERIFIED,MIT,UNCLEAR,REVIEW_REQUIRED,False,,POSSIBLE_NEAR_DUPLICATE,train/Non_Venomous_Snake/_DSC0418.jpg,0.992958,NOT_TEST_LEAKAGE,,DIRECTORY_LABEL_PRESERVED,BASIC_QUALITY_PASS,MANUAL_REVIEW_REQUIRED,True,,Possible near-duplicate cannot be automatically cleared; technical status does not establish training/reuse rights
C:\Users\yesam\Desktop\anviksa_ai\new_training_data\snake_images\Indian-Snakes-Dataset-master\Non-Venomous\Checkered Keelback\checkered keelback_002.jpg,Non-Venomous/Checkered Keelback/checkered keelback_002.jpg,checkered keelback_002.jpg,Non-Venomous,Checkered Keelback,fc13beacccf975fda933206ae627644c869af032581b6df599fde36c415e3214,1600,1063,https://github.com/arjun921/Indian-Snakes-Dataset,VERIFIED,MIT,UNCLEAR,REVIEW_REQUIRED,False,,POSSIBLE_NEAR_DUPLICATE,train/Non_Venomous_Snake/checkered keelback_002.jpg,0.996434,NOT_TEST_LEAKAGE,,DIRECTORY_LABEL_PRESERVED,BASIC_QUALITY_PASS,MANUAL_REVIEW_REQUIRED,True,,Possible near-duplicate cannot be automatically cleared; technical status does not establish training/reuse rights
C:\Users\yesam\Desktop\anviksa_ai\new_training_data\snake_images\Indian-Snakes-Dataset-master\Non-Venomous\Checkered Keelback\Checkered-Keelback_001.jpg,Non-Venomous/Checkered Keelback/Checkered-Keelback_001.jpg,Checkered-Keelback_001.jpg,Non-Venomous,Checkered Keelback,89449733e87191517e533a26715b437b4f39c04c90a2857cc94e3eba572a75fa,800,264,https://github.com/arjun921/Indian-Snakes-Dataset,VERIFIED,MIT,UNCLEAR,REVIEW_REQUIRED,False,,POSSIBLE_NEAR_DUPLICATE,train/Non_Venomous_Snake/Checkered-Keelback_001.jpg,0.994911,NOT_TEST_LEAKAGE,,DIRECTORY_LABEL_PRESERVED,BASIC_QUALITY_PASS,MANUAL_REVIEW_REQUIRED,True,,Possible near-duplicate cannot be automatically cleared; technical status does not establish training/reuse rights
C:\Users\yesam\Desktop\anviksa_ai\new_training_data\snake_images\Indian-Snakes-Dataset-master\Non-Venomous\Checkered Keelback\checkered-keelback_002.jpg,Non-Venomous/Checkered Keelback/checkered-keelback_002.jpg,checkered-keelback_002.jpg,Non-Venomous,Checkered Keelback,8385d7466a0f0a5f9eaf9ec7e26c23a34a4bd667b39d93d98a2c4a1a797288fc,599,356,https://github.com/arjun921/Indian-Snakes-Dataset,VERIFIED,MIT,UNCLEAR,REVIEW_REQUIRED,False,,POSSIBLE_NEAR_DUPLICATE,train/Non_Venomous_Snake/checkered-keelback_002.jpg,0.997055,NOT_TEST_LEAKAGE,,DIRECTORY_LABEL_PRESERVED,BASIC_QUALITY_PASS,MANUAL_REVIEW_REQUIRED,True,,Possible near-duplicate cannot be automatically cleared; technical status does not establish training/reuse rights
C:\Users\yesam\Desktop\anviksa_ai\new_training_data\snake_images\Indian-Snakes-Dataset-master\Non-Venomous\Checkered Keelback\Checkered-Keelback_003.jpg,Non-Venomous/Checkered Keelback/Checkered-Keelback_003.jpg,Checkered-Keelback_003.jpg,Non-Venomous,Checkered Keelback,f9c97131b3019188770246e7789cdaaf62d8ac2e756e2d587a6cb803e1224e71,3000,1995,https://github.com/arjun921/Indian-Snakes-Dataset,VERIFIED,MIT,UNCLEAR,REVIEW_REQUIRED,False,,POSSIBLE_NEAR_DUPLICATE,train/Non_Venomous_Snake/Checkered-Keelback_003.jpg,0.998327,NOT_TEST_LEAKAGE,,DIRECTORY_LABEL_PRESERVED,BASIC_QUALITY_PASS,MANUAL_REVIEW_REQUIRED,True,,Possible near-duplicate cannot be automatically cleared; technical status does not establish training/reuse rights
C:\Users\yesam\Desktop\anviksa_ai\new_training_data\snake_images\Indian-Snakes-Dataset-master\Non-Venomous\Checkered Keelback\Checkered-Keelbacks-2.jpg,Non-Venomous/Checkered Keelback/Checkered-Keelbacks-2.jpg,Checkered-Keelbacks-2.jpg,Non-Venomous,Checkered Keelback,1e67914d22db7db2d924f827304ab97c247196c400f8c4463508be3d1a53e63f,1024,456,https://github.com/arjun921/Indian-Snakes-Dataset,VERIFIED,MIT,UNCLEAR,REVIEW_REQUIRED,False,,POSSIBLE_NEAR_DUPLICATE,train/Non_Venomous_Snake/Checkered-Keelbacks-2.jpg,0.99669,NOT_TEST_LEAKAGE,,DIRECTORY_LABEL_PRESERVED,BASIC_QUALITY_PASS,MANUAL_REVIEW_REQUIRED,True,,Possible near-duplicate cannot be automatically cleared; technical status does not establish training/reuse rights
C:\Users\yesam\Desktop\anviksa_ai\new_training_data\snake_images\Indian-Snakes-Dataset-master\Non-Venomous\Checkered Keelback\Checkered-Keelbacks-4.jpg,Non-Venomous/Checkered Keelback/Checkered-Keelbacks-4.jpg,Checkered-Keelbacks-4.jpg,Non-Venomous,Checkered Keelback,0abea4efbe17d9d0a21da1f36e1410aae6ac31cdf79e2229a48c9c841e876260,1024,483,https://github.com/arjun921/Indian-Snakes-Dataset,VERIFIED,MIT,UNCLEAR,REVIEW_REQUIRED,False,,POSSIBLE_NEAR_DUPLICATE,train/Non_Venomous_Snake/Checkered-Keelbacks-4.jpg,0.996703,NOT_TEST_LEAKAGE,,DIRECTORY_LABEL_PRESERVED,BASIC_QUALITY_PASS,MANUAL_REVIEW_REQUIRED,True,,Possible near-duplicate cannot be automatically cleared; technical status does not establish training/reuse rights
C:\Users\yesam\Desktop\anviksa_ai\new_training_data\snake_images\Indian-Snakes-Dataset-master\Non-Venomous\Checkered Keelback\Checkered-Keelbacks-6.jpg,Non-Venomous/Checkered Keelback/Checkered-Keelbacks-6.jpg,Checkered-Keelbacks-6.jpg,Non-Venomous,Checkered Keelback,41f8fc00bbc4e8006a61b22d63b645ee9c47ea077d4efc7a3043009a39eb122d,1024,511,https://github.com/arjun921/Indian-Snakes-Dataset,VERIFIED,MIT,UNCLEAR,REVIEW_REQUIRED,False,,POSSIBLE_NEAR_DUPLICATE,train/Non_Venomous_Snake/Checkered-Keelbacks-6.jpg,0.996961,NOT_TEST_LEAKAGE,,DIRECTORY_LABEL_PRESERVED,BASIC_QUALITY_PASS,MANUAL_REVIEW_REQUIRED,True,,Possible near-duplicate cannot be automatically cleared; technical status does not establish training/reuse rights
C:\Users\yesam\Desktop\anviksa_ai\new_training_data\snake_images\Indian-Snakes-Dataset-master\Non-Venomous\Checkered Keelback\checkered_keelback_water_snake.jpg,Non-Venomous/Checkered Keelback/checkered_keelback_water_snake.jpg,checkered_keelback_water_snake.jpg,Non-Venomous,Checkered Keelback,77d037d075fd8cbb5b9bc2d842babdf22aa428e387e8ea8a785baecfc7152d7f,632,328,https://github.com/arjun921/Indian-Snakes-Dataset,VERIFIED,MIT,UNCLEAR,REVIEW_REQUIRED,False,,POSSIBLE_NEAR_DUPLICATE,train/Non_Venomous_Snake/checkered_keelback_water_snake.jpg,0.998221,NOT_TEST_LEAKAGE,,DIRECTORY_LABEL_PRESERVED,BASIC_QUALITY_PASS,MANUAL_REVIEW_REQUIRED,True,,Possible near-duplicate cannot be automatically cleared; technical status does not establish training/reuse rights
"C:\Users\yesam\Desktop\anviksa_ai\new_training_data\snake_images\Indian-Snakes-Dataset-master\Non-Venomous\Checkered Keelback\Checkered_Keelback_Xenochrophis_piscator_Schneider,_1799_Assam_by_Dr_Raju_Kasambe_DSC_0477_(2).JPG","Non-Venomous/Checkered Keelback/Checkered_Keelback_Xenochrophis_piscator_Schneider,_1799_Assam_by_Dr_Raju_Kasambe_DSC_0477_(2).JPG","Checkered_Keelback_Xenochrophis_piscator_Schneider,_1799_Assam_by_Dr_Raju_Kasambe_DSC_0477_(2).JPG",Non-Venomous,Checkered Keelback,b562b63bff368ef83e70617ed1e4193d1c123cab1b3a8d87c1a0df56e01f5c42,220,133,https://github.com/arjun921/Indian-Snakes-Dataset,VERIFIED,MIT,UNCLEAR,REVIEW_REQUIRED,False,,POSSIBLE_NEAR_DUPLICATE,"train/Non_Venomous_Snake/Checkered_Keelback_Xenochrophis_piscator_Schneider,_1799_Assam_by_Dr_Raju_Kasambe_DSC_0477_(2).JPG",0.993576,NOT_TEST_LEAKAGE,,DIRECTORY_LABEL_PRESERVED,BASIC_QUALITY_PASS,MANUAL_REVIEW_REQUIRED,True,,Possible near-duplicate cannot be automatically cleared; technical status does not establish training/reuse rights
C:\Users\yesam\Desktop\anviksa_ai\new_training_data\snake_images\Indian-Snakes-Dataset-master\Non-Venomous\Checkered Keelback\DSC4977.jpg,Non-Venomous/Checkered Keelback/DSC4977.jpg,DSC4977.jpg,Non-Venomous,Checkered Keelback,4112c287bc213e8fe725d991c03ca5c77e1adbe6befe7854000c0a53f3f52fa6,1024,582,https://github.com/arjun921/Indian-Snakes-Dataset,VERIFIED,MIT,UNCLEAR,REVIEW_REQUIRED,False,,POSSIBLE_NEAR_DUPLICATE,train/Non_Venomous_Snake/DSC4977.jpg,0.997436,NOT_TEST_LEAKAGE,,DIRECTORY_LABEL_PRESERVED,BASIC_QUALITY_PASS,MANUAL_REVIEW_REQUIRED,True,,Possible near-duplicate cannot be automatically cleared; technical status does not establish training/reuse rights
C:\Users\yesam\Desktop\anviksa_ai\new_training_data\snake_images\Indian-Snakes-Dataset-master\Non-Venomous\Checkered Keelback\DSC_3798-1.jpg,Non-Venomous/Checkered Keelback/DSC_3798-1.jpg,DSC_3798-1.jpg,Non-Venomous,Checkered Keelback,1ad8f958b094aa0e0813eff74fe1bcae19776624f029741b94bf6d3972e92e04,1600,1062,https://github.com/arjun921/Indian-Snakes-Dataset,VERIFIED,MIT,UNCLEAR,REVIEW_REQUIRED,False,,POSSIBLE_NEAR_DUPLICATE,train/Non_Venomous_Snake/DSC_3798-1.jpg,0.996923,NOT_TEST_LEAKAGE,,DIRECTORY_LABEL_PRESERVED,BASIC_QUALITY_PASS,MANUAL_REVIEW_REQUIRED,True,,Possible near-duplicate cannot be automatically cleared; technical status does not establish training/reuse rights
C:\Users\yesam\Desktop\anviksa_ai\new_training_data\snake_images\Indian-Snakes-Dataset-master\Non-Venomous\Checkered Keelback\IMG_4798.JPG,Non-Venomous/Checkered Keelback/IMG_4798.JPG,IMG_4798.JPG,Non-Venomous,Checkered Keelback,670bbd31b09812b43380f48cfca855755e3b505badaf0e2c5ea143785077eb4f,700,224,https://github.com/arjun921/Indian-Snakes-Dataset,VERIFIED,MIT,UNCLEAR,REVIEW_REQUIRED,False,,POSSIBLE_NEAR_DUPLICATE,train/Non_Venomous_Snake/IMG_4798.JPG,0.997503,NOT_TEST_LEAKAGE,,DIRECTORY_LABEL_PRESERVED,BASIC_QUALITY_PASS,MANUAL_REVIEW_REQUIRED,True,,Possible near-duplicate cannot be automatically cleared; technical status does not establish training/reuse rights
C:\Users\yesam\Desktop\anviksa_ai\new_training_data\snake_images\Indian-Snakes-Dataset-master\Non-Venomous\Checkered Keelback\img_5554.jpg,Non-Venomous/Checkered Keelback/img_5554.jpg,img_5554.jpg,Non-Venomous,Checkered Keelback,58a61b8421bacf0f2e9c436c187465113c024e0d1061249114406163a64f1121,2935,2005,https://github.com/arjun921/Indian-Snakes-Dataset,VERIFIED,MIT,UNCLEAR,REVIEW_REQUIRED,False,,POSSIBLE_NEAR_DUPLICATE,train/Non_Venomous_Snake/img_5554.jpg,0.995997,NOT_TEST_LEAKAGE,,DIRECTORY_LABEL_PRESERVED,BASIC_QUALITY_PASS,MANUAL_REVIEW_REQUIRED,True,,Possible near-duplicate cannot be automatically cleared; technical status does not establish training/reuse rights
C:\Users\yesam\Desktop\anviksa_ai\new_training_data\snake_images\Indian-Snakes-Dataset-master\Non-Venomous\Checkered Keelback\img_6516.jpg,Non-Venomous/Checkered Keelback/img_6516.jpg,img_6516.jpg,Non-Venomous,Checkered Keelback,98a125ef503070a7aaf3566d09a218062c593fe3438e30c9d796883c99782fcf,4000,3000,https://github.com/arjun921/Indian-Snakes-Dataset,VERIFIED,MIT,UNCLEAR,REVIEW_REQUIRED,False,,POSSIBLE_NEAR_DUPLICATE,train/Non_Venomous_Snake/img_6516.jpg,0.996175,NOT_TEST_LEAKAGE,,DIRECTORY_LABEL_PRESERVED,BASIC_QUALITY_PASS,MANUAL_REVIEW_REQUIRED,True,,Possible near-duplicate cannot be automatically cleared; technical status does not establish training/reuse rights
C:\Users\yesam\Desktop\anviksa_ai\new_training_data\snake_images\Indian-Snakes-Dataset-master\Non-Venomous\Checkered Keelback\keelback1.jpg,Non-Venomous/Checkered Keelback/keelback1.jpg,keelback1.jpg,Non-Venomous,Checkered Keelback,948ee290c117831a37c300d27ed2412e0848d6cfe97f552281aab836c4644ad0,660,417,https://github.com/arjun921/Indian-Snakes-Dataset,VERIFIED,MIT,UNCLEAR,REVIEW_REQUIRED,False,,POSSIBLE_NEAR_DUPLICATE,train/Non_Venomous_Snake/keelback1.jpg,0.996994,NOT_TEST_LEAKAGE,,DIRECTORY_LABEL_PRESERVED,BASIC_QUALITY_PASS,MANUAL_REVIEW_REQUIRED,True,,Possible near-duplicate cannot be automatically cleared; technical status does not establish training/reuse rights
C:\Users\yesam\Desktop\anviksa_ai\new_training_data\snake_images\Indian-Snakes-Dataset-master\Non-Venomous\Checkered Keelback\maxresdefault_003.jpg,Non-Venomous/Checkered Keelback/maxresdefault_003.jpg,maxresdefault_003.jpg,Non-Venomous,Checkered Keelback,2a00830dac69681f7e7213fc6a706dc8768bc5fc0550db2c9a2d48c4781dc7f6,1280,720,https://github.com/arjun921/Indian-Snakes-Dataset,VERIFIED,MIT,UNCLEAR,REVIEW_REQUIRED,False,,POSSIBLE_NEAR_DUPLICATE,train/Non_Venomous_Snake/maxresdefault_003.jpg,0.999131,NOT_TEST_LEAKAGE,,DIRECTORY_LABEL_PRESERVED,BASIC_QUALITY_PASS,MANUAL_REVIEW_REQUIRED,True,,Possible near-duplicate cannot be automatically cleared; technical status does not establish training/reuse rights
C:\Users\yesam\Desktop\anviksa_ai\new_training_data\snake_images\Indian-Snakes-Dataset-master\Non-Venomous\Checkered Keelback\maxresdefault_004.jpg,Non-Venomous/Checkered Keelback/maxresdefault_004.jpg,maxresdefault_004.jpg,Non-Venomous,Checkered Keelback,af205572bef871ec5bf22eda13a24af72146c11502a4635eb4979756604f8152,1280,720,https://github.com/arjun921/Indian-Snakes-Dataset,VERIFIED,MIT,UNCLEAR,REVIEW_REQUIRED,False,,POSSIBLE_NEAR_DUPLICATE,validation/Non_Venomous_Snake/maxresdefault_004.jpg,0.996231,NOT_TEST_LEAKAGE,,DIRECTORY_LABEL_PRESERVED,BASIC_QUALITY_PASS,MANUAL_REVIEW_REQUIRED,True,,Possible near-duplicate cannot be automatically cleared; technical status does not establish training/reuse rights
C:\Users\yesam\Desktop\anviksa_ai\new_training_data\snake_images\Indian-Snakes-Dataset-master\Non-Venomous\Checkered Keelback\maxresdefault_006.jpg,Non-Venomous/Checkered Keelback/maxresdefault_006.jpg,maxresdefault_006.jpg,Non-Venomous,Checkered Keelback,af9942e060474ede6e6232d525c32a9ac1b86351382f0f6c4cb42fa167d21213,1280,720,https://github.com/arjun921/Indian-Snakes-Dataset,VERIFIED,MIT,UNCLEAR,REVIEW_REQUIRED,False,,POSSIBLE_NEAR_DUPLICATE,test/Non_Venomous_Snake/maxresdefault_006.jpg,0.99676,POSSIBLE_TEST_LEAKAGE,test/Non_Venomous_Snake/maxresdefault_006.jpg,DIRECTORY_LABEL_PRESERVED,BASIC_QUALITY_PASS,MANUAL_REVIEW_REQUIRED,True,,Possible frozen-test leakage cannot be automatically cleared; technical status does not establish training/reuse rights
C:\Users\yesam\Desktop\anviksa_ai\new_training_data\snake_images\Indian-Snakes-Dataset-master\Non-Venomous\Checkered Keelback\maxresdefault_009.jpg,Non-Venomous/Checkered Keelback/maxresdefault_009.jpg,maxresdefault_009.jpg,Non-Venomous,Checkered Keelback,501b46380e866a72db3785aee9c28e0bc0a2bb3c0f0696c10f801e41049b2fa3,1280,720,https://github.com/arjun921/Indian-Snakes-Dataset,VERIFIED,MIT,UNCLEAR,REVIEW_REQUIRED,False,,POSSIBLE_NEAR_DUPLICATE,train/Non_Venomous_Snake/maxresdefault_009.jpg,0.996616,NOT_TEST_LEAKAGE,,DIRECTORY_LABEL_PRESERVED,BASIC_QUALITY_PASS,MANUAL_REVIEW_REQUIRED,True,,Possible near-duplicate cannot be automatically cleared; technical status does not establish training/reuse rights
C:\Users\yesam\Desktop\anviksa_ai\new_training_data\snake_images\Indian-Snakes-Dataset-master\Non-Venomous\Checkered Keelback\maxresdefault_011.jpg,Non-Venomous/Checkered Keelback/maxresdefault_011.jpg,maxresdefault_011.jpg,Non-Venomous,Checkered Keelback,402bc0c9179b7d81a9cf09c3225032c914f374ed44469f26dcc6776aecf906c3,1280,720,https://github.com/arjun921/Indian-Snakes-Dataset,VERIFIED,MIT,UNCLEAR,REVIEW_REQUIRED,False,,POSSIBLE_NEAR_DUPLICATE,train/Non_Venomous_Snake/maxresdefault_011.jpg,0.997041,NOT_TEST_LEAKAGE,,DIRECTORY_LABEL_PRESERVED,BASIC_QUALITY_PASS,MANUAL_REVIEW_REQUIRED,True,,Possible near-duplicate cannot be automatically cleared; technical status does not establish training/reuse rights
C:\Users\yesam\Desktop\anviksa_ai\new_training_data\snake_images\Indian-Snakes-Dataset-master\Non-Venomous\Checkered Keelback\stock-photo-green-snake-checkered-keelback-xenochrophis-piscator-621348263.jpg,Non-Venomous/Checkered Keelback/stock-photo-green-snake-checkered-keelback-xenochrophis-piscator-621348263.jpg,stock-photo-green-snake-checkered-keelback-xenochrophis-piscator-621348263.jpg,Non-Venomous,Checkered Keelback,328df5deaaac00b2b8c33e8bce11865f40e87a50df40c0fb44b452d70e462fcc,450,270,https://github.com/arjun921/Indian-Snakes-Dataset,VERIFIED,MIT,UNCLEAR,REVIEW_REQUIRED,False,,POSSIBLE_NEAR_DUPLICATE,test/Non_Venomous_Snake/stock-photo-green-snake-checkered-keelback-xenochrophis-piscator-621348263.jpg,0.995048,POSSIBLE_TEST_LEAKAGE,test/Non_Venomous_Snake/stock-photo-green-snake-checkered-keelback-xenochrophis-piscator-621348263.jpg,DIRECTORY_LABEL_PRESERVED,BASIC_QUALITY_PASS,MANUAL_REVIEW_REQUIRED,True,,Possible frozen-test leakage cannot be automatically cleared; technical status does not establish training/reuse rights
C:\Users\yesam\Desktop\anviksa_ai\new_training_data\snake_images\Indian-Snakes-Dataset-master\Non-Venomous\Checkered Keelback\yellow-spotted-keelback-11-26-10-in-payao-province-31.jpg,Non-Venomous/Checkered Keelback/yellow-spotted-keelback-11-26-10-in-payao-province-31.jpg,yellow-spotted-keelback-11-26-10-in-payao-province-31.jpg,Non-Venomous,Checkered Keelback,2fe6a378f295516e25b7b8f373d62a146f6ead3f04287967cfb185095a3bee80,2512,1669,https://github.com/arjun921/Indian-Snakes-Dataset,VERIFIED,MIT,UNCLEAR,REVIEW_REQUIRED,False,,POSSIBLE_NEAR_DUPLICATE,test/Non_Venomous_Snake/yellow-spotted-keelback-11-26-10-in-payao-province-31.jpg,0.996561,POSSIBLE_TEST_LEAKAGE,test/Non_Venomous_Snake/yellow-spotted-keelback-11-26-10-in-payao-province-31.jpg,DIRECTORY_LABEL_PRESERVED,BASIC_QUALITY_PASS,MANUAL_REVIEW_REQUIRED,True,,Possible frozen-test leakage cannot be automatically cleared; technical status does not establish training/reuse rights
C:\Users\yesam\Desktop\anviksa_ai\new_training_data\snake_images\Indian-Snakes-Dataset-master\Non-Venomous\Checkered Keelback\yellow-spotted-keelback-11-26-10-in-payao-province1.jpg,Non-Venomous/Checkered Keelback/yellow-spotted-keelback-11-26-10-in-payao-province1.jpg,yellow-spotted-keelback-11-26-10-in-payao-province1.jpg,Non-Venomous,Checkered Keelback,740fdaa47a630fd6a24ab7e13d988496780e4fd6d2497ef91de49194aa9b1dcc,3648,2436,https://github.com/arjun921/Indian-Snakes-Dataset,VERIFIED,MIT,UNCLEAR,REVIEW_REQUIRED,False,,POSSIBLE_NEAR_DUPLICATE,test/Non_Venomous_Snake/yellow-spotted-keelback-11-26-10-in-payao-province1.jpg,0.996424,POSSIBLE_TEST_LEAKAGE,test/Non_Venomous_Snake/yellow-spotted-keelback-11-26-10-in-payao-province1.jpg,DIRECTORY_LABEL_PRESERVED,BASIC_QUALITY_PASS,MANUAL_REVIEW_REQUIRED,True,,Possible frozen-test leakage cannot be automatically cleared; technical status does not establish training/reuse rights
C:\Users\yesam\Desktop\anviksa_ai\new_training_data\snake_images\Indian-Snakes-Dataset-master\Non-Venomous\Checkered Keelback\yellow-spotted-keelback-3-17-11-in-ramkhamhaeng.jpg,Non-Venomous/Checkered Keelback/yellow-spotted-keelback-3-17-11-in-ramkhamhaeng.jpg,yellow-spotted-keelback-3-17-11-in-ramkhamhaeng.jpg,Non-Venomous,Checkered Keelback,ceafdb3fd6f7366324ded4c26d4f5752bf46d2b026d54018622f133b1cbcb34d,1693,1132,https://github.com/arjun921/Indian-Snakes-Dataset,VERIFIED,MIT,UNCLEAR,REVIEW_REQUIRED,False,,POSSIBLE_NEAR_DUPLICATE,test/Non_Venomous_Snake/yellow-spotted-keelback-3-17-11-in-ramkhamhaeng.jpg,0.996731,POSSIBLE_TEST_LEAKAGE,test/Non_Venomous_Snake/yellow-spotted-keelback-3-17-11-in-ramkhamhaeng.jpg,DIRECTORY_LABEL_PRESERVED,BASIC_QUALITY_PASS,MANUAL_REVIEW_REQUIRED,True,,Possible frozen-test leakage cannot be automatically cleared; technical status does not establish training/reuse rights
C:\Users\yesam\Desktop\anviksa_ai\new_training_data\snake_images\Indian-Snakes-Dataset-master\Non-Venomous\Common Rat Snake\1463253_178992368962946_371907696_n.jpg,Non-Venomous/Common Rat Snake/1463253_178992368962946_371907696_n.jpg,1463253_178992368962946_371907696_n.jpg,Non-Venomous,Common Rat Snake,6b4134d22bff274255c14480e6f31127b123fe5c76e4af8eac9fb997cd0f7c22,960,614,https://github.com/arjun921/Indian-Snakes-Dataset,VERIFIED,MIT,UNCLEAR,REVIEW_REQUIRED,False,,POSSIBLE_NEAR_DUPLICATE,train/Non_Venomous_Snake/1463253_178992368962946_371907696_n.jpg,0.996711,NOT_TEST_LEAKAGE,,DIRECTORY_LABEL_PRESERVED,BASIC_QUALITY_PASS,MANUAL_REVIEW_REQUIRED,True,,Possible near-duplicate cannot be automatically cleared; technical status does not establish training/reuse rights
C:\Users\yesam\Desktop\anviksa_ai\new_training_data\snake_images\Indian-Snakes-Dataset-master\Non-Venomous\Common Rat Snake\16668569-Close-up-of-Indo-Chinese-Rat-snake-Thailand--Stock-Photo.jpg,Non-Venomous/Common Rat Snake/16668569-Close-up-of-Indo-Chinese-Rat-snake-Thailand--Stock-Photo.jpg,16668569-Close-up-of-Indo-Chinese-Rat-snake-Thailand--Stock-Photo.jpg,Non-Venomous,Common Rat Snake,c5fbacb7e9b74913a9da5cbf4200b5f27f21ef485a8a1d55f18abfe1a34f78a8,1300,861,https://github.com/arjun921/Indian-Snakes-Dataset,VERIFIED,MIT,UNCLEAR,REVIEW_REQUIRED,False,,POSSIBLE_NEAR_DUPLICATE,test/Non_Venomous_Snake/16668569-Close-up-of-Indo-Chinese-Rat-snake-Thailand--Stock-Photo.jpg,0.997364,POSSIBLE_TEST_LEAKAGE,test/Non_Venomous_Snake/16668569-Close-up-of-Indo-Chinese-Rat-snake-Thailand--Stock-Photo.jpg,DIRECTORY_LABEL_PRESERVED,BASIC_QUALITY_PASS,MANUAL_REVIEW_REQUIRED,True,,Possible frozen-test leakage cannot be automatically cleared; technical status does not establish training/reuse rights
C:\Users\yesam\Desktop\anviksa_ai\new_training_data\snake_images\Indian-Snakes-Dataset-master\Non-Venomous\Common Rat Snake\200907260821-radnor-lake-gray-rat-snake-500.jpg,Non-Venomous/Common Rat Snake/200907260821-radnor-lake-gray-rat-snake-500.jpg,200907260821-radnor-lake-gray-rat-snake-500.jpg,Non-Venomous,Common Rat Snake,46a42aaf74fe6e8b203fe8b3e2c5be0837de7ffa6f8d8c77ccd6660a16aab40b,500,920,https://github.com/arjun921/Indian-Snakes-Dataset,VERIFIED,MIT,UNCLEAR,REVIEW_REQUIRED,False,,POSSIBLE_NEAR_DUPLICATE,train/Non_Venomous_Snake/200907260821-radnor-lake-gray-rat-snake-500.jpg,0.997241,NOT_TEST_LEAKAGE,,DIRECTORY_LABEL_PRESERVED,BASIC_QUALITY_PASS,MANUAL_REVIEW_REQUIRED,True,,Possible near-duplicate cannot be automatically cleared; technical status does not establish training/reuse rights
C:\Users\yesam\Desktop\anviksa_ai\new_training_data\snake_images\Indian-Snakes-Dataset-master\Non-Venomous\Common Rat Snake\220px-Rat_Snake.JPG,Non-Venomous/Common Rat Snake/220px-Rat_Snake.JPG,220px-Rat_Snake.JPG,Non-Venomous,Common Rat Snake,69eecf7836a04597a55f8305f6729f258527b1fc54b0fcd416abe181a916cfe0,220,147,https://github.com/arjun921/Indian-Snakes-Dataset,VERIFIED,MIT,UNCLEAR,REVIEW_REQUIRED,False,,POSSIBLE_NEAR_DUPLICATE,validation/Non_Venomous_Snake/220px-Rat_Snake.JPG,0.996947,NOT_TEST_LEAKAGE,,DIRECTORY_LABEL_PRESERVED,BASIC_QUALITY_PASS,MANUAL_REVIEW_REQUIRED,True,,Possible near-duplicate cannot be automatically cleared; technical status does not establish training/reuse rights
C:\Users\yesam\Desktop\anviksa_ai\new_training_data\snake_images\Indian-Snakes-Dataset-master\Non-Venomous\Common Rat Snake\2973845429_d9d5ce06a3_b.jpg,Non-Venomous/Common Rat Snake/2973845429_d9d5ce06a3_b.jpg,2973845429_d9d5ce06a3_b.jpg,Non-Venomous,Common Rat Snake,eba2288f51da5d8913d0a776eda576a1535f193a3394018fb7d1a11d88f39e2d,1024,587,https://github.com/arjun921/Indian-Snakes-Dataset,VERIFIED,MIT,UNCLEAR,REVIEW_REQUIRED,False,,POSSIBLE_NEAR_DUPLICATE,train/Non_Venomous_Snake/2973845429_d9d5ce06a3_b.jpg,0.998755,NOT_TEST_LEAKAGE,,DIRECTORY_LABEL_PRESERVED,BASIC_QUALITY_PASS,MANUAL_REVIEW_REQUIRED,True,,Possible near-duplicate cannot be automatically cleared; technical status does not establish training/reuse rights
C:\Users\yesam\Desktop\anviksa_ai\new_training_data\snake_images\Indian-Snakes-Dataset-master\Non-Venomous\Common Rat Snake\33326151560_f9888f9e35_b.jpg,Non-Venomous/Common Rat Snake/33326151560_f9888f9e35_b.jpg,33326151560_f9888f9e35_b.jpg,Non-Venomous,Common Rat Snake,7edd741e951b19186d3f92509d460dc633d0f1c8c3fb75ac123f3d07d754b0ab,1024,536,https://github.com/arjun921/Indian-Snakes-Dataset,VERIFIED,MIT,UNCLEAR,REVIEW_REQUIRED,False,,POSSIBLE_NEAR_DUPLICATE,train/Non_Venomous_Snake/33326151560_f9888f9e35_b.jpg,0.998422,NOT_TEST_LEAKAGE,,DIRECTORY_LABEL_PRESERVED,BASIC_QUALITY_PASS,MANUAL_REVIEW_REQUIRED,True,,Possible near-duplicate cannot be automatically cleared; technical status does not establish training/reuse rights
C:\Users\yesam\Desktop\anviksa_ai\new_training_data\snake_images\Indian-Snakes-Dataset-master\Non-Venomous\Common Rat Snake\464685_469785913108783_1755378000_o.jpg,Non-Venomous/Common Rat Snake/464685_469785913108783_1755378000_o.jpg,464685_469785913108783_1755378000_o.jpg,Non-Venomous,Common Rat Snake,23fef051a5db7cf502bcfad8e0e9601392b58b59039a00ece495825bc850d846,1500,774,https://github.com/arjun921/Indian-Snakes-Dataset,VERIFIED,MIT,UNCLEAR,REVIEW_REQUIRED,False,,POSSIBLE_NEAR_DUPLICATE,test/Non_Venomous_Snake/464685_469785913108783_1755378000_o.jpg,0.998828,POSSIBLE_TEST_LEAKAGE,test/Non_Venomous_Snake/464685_469785913108783_1755378000_o.jpg,DIRECTORY_LABEL_PRESERVED,BASIC_QUALITY_PASS,MANUAL_REVIEW_REQUIRED,True,,Possible frozen-test leakage cannot be automatically cleared; technical status does not establish training/reuse rights
C:\Users\yesam\Desktop\anviksa_ai\new_training_data\snake_images\Indian-Snakes-Dataset-master\Non-Venomous\Common Rat Snake\blackratsnake2.jpg,Non-Venomous/Common Rat Snake/blackratsnake2.jpg,blackratsnake2.jpg,Non-Venomous,Common Rat Snake,2ad5153724f69bd3a80aabe29181447046580ca7c4ce36a980db3c848fda63e3,832,200,https://github.com/arjun921/Indian-Snakes-Dataset,VERIFIED,MIT,UNCLEAR,REVIEW_REQUIRED,False,,POSSIBLE_NEAR_DUPLICATE,train/Non_Venomous_Snake/blackratsnake2.jpg,0.996404,NOT_TEST_LEAKAGE,,DIRECTORY_LABEL_PRESERVED,BASIC_QUALITY_PASS,MANUAL_REVIEW_REQUIRED,True,,Possible near-duplicate cannot be automatically cleared; technical status does not establish training/reuse rights
C:\Users\yesam\Desktop\anviksa_ai\new_training_data\snake_images\Indian-Snakes-Dataset-master\Non-Venomous\Common Rat Snake\DSC00806.JPG,Non-Venomous/Common Rat Snake/DSC00806.JPG,DSC00806.JPG,Non-Venomous,Common Rat Snake,a6d5992a9841033204f7d59d66d6d4b6826a1d5d27b9d554b7a5edd74ed7edd9,500,285,https://github.com/arjun921/Indian-Snakes-Dataset,VERIFIED,MIT,UNCLEAR,REVIEW_REQUIRED,False,,POSSIBLE_NEAR_DUPLICATE,validation/Non_Venomous_Snake/DSC00806.JPG,0.996112,NOT_TEST_LEAKAGE,,DIRECTORY_LABEL_PRESERVED,BASIC_QUALITY_PASS,MANUAL_REVIEW_REQUIRED,True,,Possible near-duplicate cannot be automatically cleared; technical status does not establish training/reuse rights
C:\Users\yesam\Desktop\anviksa_ai\new_training_data\snake_images\Indian-Snakes-Dataset-master\Non-Venomous\Common Rat Snake\eastern-rat-snake-large.jpg,Non-Venomous/Common Rat Snake/eastern-rat-snake-large.jpg,eastern-rat-snake-large.jpg,Non-Venomous,Common Rat Snake,6ffaef03736a35c366226a66b998238854ba8266b24b6e11c8fe64e1ea4ad6cf,600,353,https://github.com/arjun921/Indian-Snakes-Dataset,VERIFIED,MIT,UNCLEAR,REVIEW_REQUIRED,False,,POSSIBLE_NEAR_DUPLICATE,train/Non_Venomous_Snake/eastern-rat-snake-large.jpg,0.998275,NOT_TEST_LEAKAGE,,DIRECTORY_LABEL_PRESERVED,BASIC_QUALITY_PASS,MANUAL_REVIEW_REQUIRED,True,,Possible near-duplicate cannot be automatically cleared; technical status does not establish training/reuse rights
C:\Users\yesam\Desktop\anviksa_ai\new_training_data\snake_images\Indian-Snakes-Dataset-master\Non-Venomous\Common Rat Snake\eastern-ratsnake-striped01.jpg,Non-Venomous/Common Rat Snake/eastern-ratsnake-striped01.jpg,eastern-ratsnake-striped01.jpg,Non-Venomous,Common Rat Snake,c4801366be603f7fb23bfc2ca912158f406ec7956e690e91db47f4618835a206,1024,682,https://github.com/arjun921/Indian-Snakes-Dataset,VERIFIED,MIT,UNCLEAR,REVIEW_REQUIRED,False,,POSSIBLE_NEAR_DUPLICATE,train/Non_Venomous_Snake/eastern-ratsnake-striped01.jpg,0.992683,NOT_TEST_LEAKAGE,,DIRECTORY_LABEL_PRESERVED,BASIC_QUALITY_PASS,MANUAL_REVIEW_REQUIRED,True,,Possible near-duplicate cannot be automatically cleared; technical status does not establish training/reuse rights
C:\Users\yesam\Desktop\anviksa_ai\new_training_data\snake_images\Indian-Snakes-Dataset-master\Non-Venomous\Common Rat Snake\easternratsnake2.jpg,Non-Venomous/Common Rat Snake/easternratsnake2.jpg,easternratsnake2.jpg,Non-Venomous,Common Rat Snake,b6819710feaadd93d17b33a307bf3c899f8885eeb05c0878e5d078000728398b,4288,2848,https://github.com/arjun921/Indian-Snakes-Dataset,VERIFIED,MIT,UNCLEAR,REVIEW_REQUIRED,False,,POSSIBLE_NEAR_DUPLICATE,validation/Non_Venomous_Snake/easternratsnake2.jpg,0.994503,NOT_TEST_LEAKAGE,,DIRECTORY_LABEL_PRESERVED,BASIC_QUALITY_PASS,MANUAL_REVIEW_REQUIRED,True,,Possible near-duplicate cannot be automatically cleared; technical status does not establish training/reuse rights
C:\Users\yesam\Desktop\anviksa_ai\new_training_data\snake_images\Indian-Snakes-Dataset-master\Non-Venomous\Common Rat Snake\greatplainsratsnake.jpg,Non-Venomous/Common Rat Snake/greatplainsratsnake.jpg,greatplainsratsnake.jpg,Non-Venomous,Common Rat Snake,3b4e345b40f1784a8f88a35965dada4e016b1d52c16a7483370c20d7a000b2d8,600,356,https://github.com/arjun921/Indian-Snakes-Dataset,VERIFIED,MIT,UNCLEAR,REVIEW_REQUIRED,False,,POSSIBLE_NEAR_DUPLICATE,train/Non_Venomous_Snake/greatplainsratsnake.jpg,0.998399,NOT_TEST_LEAKAGE,,DIRECTORY_LABEL_PRESERVED,BASIC_QUALITY_PASS,MANUAL_REVIEW_REQUIRED,True,,Possible near-duplicate cannot be automatically cleared; technical status does not establish training/reuse rights
C:\Users\yesam\Desktop\anviksa_ai\new_training_data\snake_images\Indian-Snakes-Dataset-master\Non-Venomous\Common Rat Snake\indochinese-rat-snake-grey.jpg,Non-Venomous/Common Rat Snake/indochinese-rat-snake-grey.jpg,indochinese-rat-snake-grey.jpg,Non-Venomous,Common Rat Snake,5c48a014277d6a4cbe4685cc3939e75ead42194c265588429e3eec66afde249a,540,229,https://github.com/arjun921/Indian-Snakes-Dataset,VERIFIED,MIT,UNCLEAR,REVIEW_REQUIRED,False,,POSSIBLE_NEAR_DUPLICATE,train/Non_Venomous_Snake/indochinese-rat-snake-grey.jpg,0.997121,NOT_TEST_LEAKAGE,,DIRECTORY_LABEL_PRESERVED,BASIC_QUALITY_PASS,MANUAL_REVIEW_REQUIRED,True,,Possible near-duplicate cannot be automatically cleared; technical status does not establish training/reuse rights
C:\Users\yesam\Desktop\anviksa_ai\new_training_data\snake_images\Indian-Snakes-Dataset-master\Non-Venomous\Common Rat Snake\indochinese-rat-snake-grey2.jpg,Non-Venomous/Common Rat Snake/indochinese-rat-snake-grey2.jpg,indochinese-rat-snake-grey2.jpg,Non-Venomous,Common Rat Snake,65ea161878b6ca7a47dc16cbbfe5ad2b19e382a17caaf3f8a8b60e837229d961,540,144,https://github.com/arjun921/Indian-Snakes-Dataset,VERIFIED,MIT,UNCLEAR,REVIEW_REQUIRED,False,,POSSIBLE_NEAR_DUPLICATE,train/Non_Venomous_Snake/indochinese-rat-snake-grey2.jpg,0.996673,NOT_TEST_LEAKAGE,,DIRECTORY_LABEL_PRESERVED,BASIC_QUALITY_PASS,MANUAL_REVIEW_REQUIRED,True,,Possible near-duplicate cannot be automatically cleared; technical status does not establish training/reuse rights
C:\Users\yesam\Desktop\anviksa_ai\new_training_data\snake_images\Indian-Snakes-Dataset-master\Non-Venomous\Common Rat Snake\maxresdefault.jpg,Non-Venomous/Common Rat Snake/maxresdefault.jpg,maxresdefault.jpg,Non-Venomous,Common Rat Snake,4a3b19eb9bea861162a8634cf0d01ddad51ce7a1363fff31e22924bc4f46d082,1280,720,https://github.com/arjun921/Indian-Snakes-Dataset,VERIFIED,MIT,UNCLEAR,REVIEW_REQUIRED,False,,POSSIBLE_NEAR_DUPLICATE,validation/Non_Venomous_Snake/maxresdefault.jpg,0.997893,NOT_TEST_LEAKAGE,,DIRECTORY_LABEL_PRESERVED,BASIC_QUALITY_PASS,MANUAL_REVIEW_REQUIRED,True,,Possible near-duplicate cannot be automatically cleared; technical status does not establish training/reuse rights
C:\Users\yesam\Desktop\anviksa_ai\new_training_data\snake_images\Indian-Snakes-Dataset-master\Non-Venomous\Common Rat Snake\maxresdefault_001.jpg,Non-Venomous/Common Rat Snake/maxresdefault_001.jpg,maxresdefault_001.jpg,Non-Venomous,Common Rat Snake,2c361b9c108e8481546cbbeb1eafb3063dad92cd6a422bad9213e611912534aa,1280,720,https://github.com/arjun921/Indian-Snakes-Dataset,VERIFIED,MIT,UNCLEAR,REVIEW_REQUIRED,False,,POSSIBLE_NEAR_DUPLICATE,train/Non_Venomous_Snake/maxresdefault_001.jpg,0.997384,NOT_TEST_LEAKAGE,,DIRECTORY_LABEL_PRESERVED,BASIC_QUALITY_PASS,MANUAL_REVIEW_REQUIRED,True,,Possible near-duplicate cannot be automatically cleared; technical status does not establish training/reuse rights
C:\Users\yesam\Desktop\anviksa_ai\new_training_data\snake_images\Indian-Snakes-Dataset-master\Non-Venomous\Common Rat Snake\ptyas-carinatus-keeled-rat-snake9.jpg,Non-Venomous/Common Rat Snake/ptyas-carinatus-keeled-rat-snake9.jpg,ptyas-carinatus-keeled-rat-snake9.jpg,Non-Venomous,Common Rat Snake,d859bc1ebd549d1c0ded0b2324d1e659c7bf682b6320f492cf4b395ca7454036,550,284,https://github.com/arjun921/Indian-Snakes-Dataset,VERIFIED,MIT,UNCLEAR,REVIEW_REQUIRED,False,,POSSIBLE_NEAR_DUPLICATE,train/Non_Venomous_Snake/ptyas-carinatus-keeled-rat-snake9.jpg,0.998034,NOT_TEST_LEAKAGE,,DIRECTORY_LABEL_PRESERVED,BASIC_QUALITY_PASS,MANUAL_REVIEW_REQUIRED,True,,Possible near-duplicate cannot be automatically cleared; technical status does not establish training/reuse rights
C:\Users\yesam\Desktop\anviksa_ai\new_training_data\snake_images\Indian-Snakes-Dataset-master\Non-Venomous\Common Rat Snake\Ptyas-korros-Krabi.jpg,Non-Venomous/Common Rat Snake/Ptyas-korros-Krabi.jpg,Ptyas-korros-Krabi.jpg,Non-Venomous,Common Rat Snake,38fb87426306e74fcd26d8eb295ff57b7eca750006cdbe0153bc63a4a41d7fbe,1200,425,https://github.com/arjun921/Indian-Snakes-Dataset,VERIFIED,MIT,UNCLEAR,REVIEW_REQUIRED,False,,POSSIBLE_NEAR_DUPLICATE,train/Non_Venomous_Snake/Ptyas-korros-Krabi.jpg,0.997079,NOT_TEST_LEAKAGE,,DIRECTORY_LABEL_PRESERVED,BASIC_QUALITY_PASS,MANUAL_REVIEW_REQUIRED,True,,Possible near-duplicate cannot be automatically cleared; technical status does not establish training/reuse rights
C:\Users\yesam\Desktop\anviksa_ai\new_training_data\snake_images\Indian-Snakes-Dataset-master\Non-Venomous\Common Rat Snake\Pytas-mucosus-Bob-Burgess-permissioned.jpg,Non-Venomous/Common Rat Snake/Pytas-mucosus-Bob-Burgess-permissioned.jpg,Pytas-mucosus-Bob-Burgess-permissioned.jpg,Non-Venomous,Common Rat Snake,004c97521830249a71e7a2b73e4037f450c4cd05fa90a530d664a3fc2635aff6,1000,380,https://github.com/arjun921/Indian-Snakes-Dataset,VERIFIED,MIT,UNCLEAR,REVIEW_REQUIRED,False,,POSSIBLE_NEAR_DUPLICATE,validation/Non_Venomous_Snake/Pytas-mucosus-Bob-Burgess-permissioned.jpg,0.995707,NOT_TEST_LEAKAGE,,DIRECTORY_LABEL_PRESERVED,BASIC_QUALITY_PASS,MANUAL_REVIEW_REQUIRED,True,,Possible near-duplicate cannot be automatically cleared; technical status does not establish training/reuse rights
C:\Users\yesam\Desktop\anviksa_ai\new_training_data\snake_images\Indian-Snakes-Dataset-master\Non-Venomous\Common Sand Boa\1200px-Eryx_jaculus.jpg,Non-Venomous/Common Sand Boa/1200px-Eryx_jaculus.jpg,1200px-Eryx_jaculus.jpg,Non-Venomous,Common Sand Boa,aa81c22760a6ccde6258b4c6bcd2c4be48a0db28c90f0e70c2f3ce68dc7419cd,1200,788,https://github.com/arjun921/Indian-Snakes-Dataset,VERIFIED,MIT,UNCLEAR,REVIEW_REQUIRED,False,,POSSIBLE_NEAR_DUPLICATE,test/Non_Venomous_Snake/1200px-Eryx_jaculus.jpg,0.998511,POSSIBLE_TEST_LEAKAGE,test/Non_Venomous_Snake/1200px-Eryx_jaculus.jpg,DIRECTORY_LABEL_PRESERVED,BASIC_QUALITY_PASS,MANUAL_REVIEW_REQUIRED,True,,Possible frozen-test leakage cannot be automatically cleared; technical status does not establish training/reuse rights
C:\Users\yesam\Desktop\anviksa_ai\new_training_data\snake_images\Indian-Snakes-Dataset-master\Non-Venomous\Common Sand Boa\20141005_190516.jpg,Non-Venomous/Common Sand Boa/20141005_190516.jpg,20141005_190516.jpg,Non-Venomous,Common Sand Boa,e2a22fce15584abd501492bf3e0b0696048c240a823b6bb763a686fec34e17e9,3264,2448,https://github.com/arjun921/Indian-Snakes-Dataset,VERIFIED,MIT,UNCLEAR,REVIEW_REQUIRED,False,,POSSIBLE_NEAR_DUPLICATE,train/Non_Venomous_Snake/20141005_190516.jpg,0.997782,NOT_TEST_LEAKAGE,,DIRECTORY_LABEL_PRESERVED,BASIC_QUALITY_PASS,MANUAL_REVIEW_REQUIRED,True,,Possible near-duplicate cannot be automatically cleared; technical status does not establish training/reuse rights
C:\Users\yesam\Desktop\anviksa_ai\new_training_data\snake_images\Indian-Snakes-Dataset-master\Non-Venomous\Common Sand Boa\econf.jpg,Non-Venomous/Common Sand Boa/econf.jpg,econf.jpg,Non-Venomous,Common Sand Boa,cc305a6d504f9a3665cd093c5500618ad71027028fe5bdc65d9fe4aeac9b1195,449,240,https://github.com/arjun921/Indian-Snakes-Dataset,VERIFIED,MIT,UNCLEAR,REVIEW_REQUIRED,False,,POSSIBLE_NEAR_DUPLICATE,train/Non_Venomous_Snake/econf.jpg,0.996655,NOT_TEST_LEAKAGE,,DIRECTORY_LABEL_PRESERVED,BASIC_QUALITY_PASS,MANUAL_REVIEW_REQUIRED,True,,Possible near-duplicate cannot be automatically cleared; technical status does not establish training/reuse rights
C:\Users\yesam\Desktop\anviksa_ai\new_training_data\snake_images\Indian-Snakes-Dataset-master\Non-Venomous\Common Sand Boa\emm_m1.jpg,Non-Venomous/Common Sand Boa/emm_m1.jpg,emm_m1.jpg,Non-Venomous,Common Sand Boa,2e91a0437ddfabc0c7d4c4a1f5da702440e479abdfcd0a5c12164f410ffb38ae,570,288,https://github.com/arjun921/Indian-Snakes-Dataset,VERIFIED,MIT,UNCLEAR,REVIEW_REQUIRED,False,,POSSIBLE_NEAR_DUPLICATE,train/Non_Venomous_Snake/emm_m1.jpg,0.995258,NOT_TEST_LEAKAGE,,DIRECTORY_LABEL_PRESERVED,BASIC_QUALITY_PASS,MANUAL_REVIEW_REQUIRED,True,,Possible near-duplicate cannot be automatically cleared; technical status does not establish training/reuse rights
C:\Users\yesam\Desktop\anviksa_ai\new_training_data\snake_images\Indian-Snakes-Dataset-master\Non-Venomous\Common Sand Boa\img_4608.jpg,Non-Venomous/Common Sand Boa/img_4608.jpg,img_4608.jpg,Non-Venomous,Common Sand Boa,be52022f17aa52d1f45b9de3bdd13b7b12a3ebd2826946be590201f3bb5ed1bf,1200,1600,https://github.com/arjun921/Indian-Snakes-Dataset,VERIFIED,MIT,UNCLEAR,REVIEW_REQUIRED,False,,POSSIBLE_NEAR_DUPLICATE,train/Non_Venomous_Snake/36.jpg,0.986889,NOT_TEST_LEAKAGE,,DIRECTORY_LABEL_PRESERVED,BASIC_QUALITY_PASS,MANUAL_REVIEW_REQUIRED,True,,Possible near-duplicate cannot be automatically cleared; technical status does not establish training/reuse rights
C:\Users\yesam\Desktop\anviksa_ai\new_training_data\snake_images\Indian-Snakes-Dataset-master\Non-Venomous\Common Sand Boa\kenyan-sand-boa.jpg,Non-Venomous/Common Sand Boa/kenyan-sand-boa.jpg,kenyan-sand-boa.jpg,Non-Venomous,Common Sand Boa,bad799123b1b78fc3c18164f0c0e57e10a899123ddd2199fbe33398360c8502c,518,288,https://github.com/arjun921/Indian-Snakes-Dataset,VERIFIED,MIT,UNCLEAR,REVIEW_REQUIRED,False,,POSSIBLE_NEAR_DUPLICATE,train/Non_Venomous_Snake/kenyan-sand-boa.jpg,0.997641,NOT_TEST_LEAKAGE,,DIRECTORY_LABEL_PRESERVED,BASIC_QUALITY_PASS,MANUAL_REVIEW_REQUIRED,True,,Possible near-duplicate cannot be automatically cleared; technical status does not establish training/reuse rights
C:\Users\yesam\Desktop\anviksa_ai\new_training_data\snake_images\Indian-Snakes-Dataset-master\Non-Venomous\Common Sand Boa\Photo-0187.jpg,Non-Venomous/Common Sand Boa/Photo-0187.jpg,Photo-0187.jpg,Non-Venomous,Common Sand Boa,b1ba93435ae40e41c9fdddc1bbb5b27a2d4c03d13920cad67539bda3b3f662d3,636,338,https://github.com/arjun921/Indian-Snakes-Dataset,VERIFIED,MIT,UNCLEAR,REVIEW_REQUIRED,False,,POSSIBLE_NEAR_DUPLICATE,train/Non_Venomous_Snake/Photo-0187.jpg,0.99719,NOT_TEST_LEAKAGE,,DIRECTORY_LABEL_PRESERVED,BASIC_QUALITY_PASS,MANUAL_REVIEW_REQUIRED,True,,Possible near-duplicate cannot be automatically cleared; technical status does not establish training/reuse rights
C:\Users\yesam\Desktop\anviksa_ai\new_training_data\snake_images\Indian-Snakes-Dataset-master\Non-Venomous\Common Trinket\15021341824_55f46f452d_m.jpg,Non-Venomous/Common Trinket/15021341824_55f46f452d_m.jpg,15021341824_55f46f452d_m.jpg,Non-Venomous,Common Trinket,6137e39a0e0c78ea815da9ec60e55aa43b571bb00008bddc6ce014d5f27030b0,240,145,https://github.com/arjun921/Indian-Snakes-Dataset,VERIFIED,MIT,UNCLEAR,REVIEW_REQUIRED,False,,POSSIBLE_NEAR_DUPLICATE,train/Non_Venomous_Snake/15021341824_55f46f452d_m.jpg,0.997373,NOT_TEST_LEAKAGE,,DIRECTORY_LABEL_PRESERVED,BASIC_QUALITY_PASS,MANUAL_REVIEW_REQUIRED,True,,Possible near-duplicate cannot be automatically cleared; technical status does not establish training/reuse rights
C:\Users\yesam\Desktop\anviksa_ai\new_training_data\snake_images\Indian-Snakes-Dataset-master\Non-Venomous\Common Trinket\habaraliya.jpg,Non-Venomous/Common Trinket/habaraliya.jpg,habaraliya.jpg,Non-Venomous,Common Trinket,f609c320b0aedef16e3b25b962b23f6269a66f6ebaf56438e2d0fb68238af74d,1600,1024,https://github.com/arjun921/Indian-Snakes-Dataset,VERIFIED,MIT,UNCLEAR,REVIEW_REQUIRED,False,,POSSIBLE_NEAR_DUPLICATE,train/Non_Venomous_Snake/habaraliya.jpg,0.998765,NOT_TEST_LEAKAGE,,DIRECTORY_LABEL_PRESERVED,BASIC_QUALITY_PASS,MANUAL_REVIEW_REQUIRED,True,,Possible near-duplicate cannot be automatically cleared; technical status does not establish training/reuse rights
C:\Users\yesam\Desktop\anviksa_ai\new_training_data\snake_images\Indian-Snakes-Dataset-master\Non-Venomous\Green Tree Vine\dbc07269d811693c59231e23ed0e404d.jpg,Non-Venomous/Green Tree Vine/dbc07269d811693c59231e23ed0e404d.jpg,dbc07269d811693c59231e23ed0e404d.jpg,Non-Venomous,Green Tree Vine,8093a342c1b050511ef6d22ebedd0392e183fa5fc0c3ccd0006bd0ed38f3ab87,841,412,https://github.com/arjun921/Indian-Snakes-Dataset,VERIFIED,MIT,UNCLEAR,REVIEW_REQUIRED,False,,POSSIBLE_NEAR_DUPLICATE,train/Non_Venomous_Snake/dbc07269d811693c59231e23ed0e404d.jpg,0.996834,NOT_TEST_LEAKAGE,,DIRECTORY_LABEL_PRESERVED,BASIC_QUALITY_PASS,MANUAL_REVIEW_REQUIRED,True,,Possible near-duplicate cannot be automatically cleared; technical status does not establish training/reuse rights
C:\Users\yesam\Desktop\anviksa_ai\new_training_data\snake_images\Indian-Snakes-Dataset-master\Non-Venomous\Indian Rock Python\1024px-Heller_Tigerpython_Python_molurus_molurus.jpg,Non-Venomous/Indian Rock Python/1024px-Heller_Tigerpython_Python_molurus_molurus.jpg,1024px-Heller_Tigerpython_Python_molurus_molurus.jpg,Non-Venomous,Indian Rock Python,0ed85c36fe918b96966b8535e4630323abf16a484be2454ffa31324fc96d6254,1024,654,https://github.com/arjun921/Indian-Snakes-Dataset,VERIFIED,MIT,UNCLEAR,REVIEW_REQUIRED,False,,POSSIBLE_NEAR_DUPLICATE,test/Non_Venomous_Snake/1024px-Heller_Tigerpython_Python_molurus_molurus.jpg,0.996276,POSSIBLE_TEST_LEAKAGE,test/Non_Venomous_Snake/1024px-Heller_Tigerpython_Python_molurus_molurus.jpg,DIRECTORY_LABEL_PRESERVED,BASIC_QUALITY_PASS,MANUAL_REVIEW_REQUIRED,True,,Possible frozen-test leakage cannot be automatically cleared; technical status does not establish training/reuse rights
C:\Users\yesam\Desktop\anviksa_ai\new_training_data\snake_images\Indian-Snakes-Dataset-master\Non-Venomous\Indian Rock Python\1753.jpeg,Non-Venomous/Indian Rock Python/1753.jpeg,1753.jpeg,Non-Venomous,Indian Rock Python,6b3240471beab0eff411765a77e55d34b0f5631948483c0a6f6f753b15a84d73,750,484,https://github.com/arjun921/Indian-Snakes-Dataset,VERIFIED,MIT,UNCLEAR,REVIEW_REQUIRED,False,,POSSIBLE_NEAR_DUPLICATE,train/Non_Venomous_Snake/1753.jpg,0.429034,NOT_TEST_LEAKAGE,,DIRECTORY_LABEL_PRESERVED,BASIC_QUALITY_PASS,MANUAL_REVIEW_REQUIRED,True,,Possible near-duplicate cannot be automatically cleared; technical status does not establish training/reuse rights
C:\Users\yesam\Desktop\anviksa_ai\new_training_data\snake_images\Indian-Snakes-Dataset-master\Non-Venomous\Indian Rock Python\6O4A4956.jpg,Non-Venomous/Indian Rock Python/6O4A4956.jpg,6O4A4956.jpg,Non-Venomous,Indian Rock Python,99611cbd555ffddb345e1b97a80429e4d80d5432ca2915147a423992d0ce166c,4268,2845,https://github.com/arjun921/Indian-Snakes-Dataset,VERIFIED,MIT,UNCLEAR,REVIEW_REQUIRED,False,,POSSIBLE_NEAR_DUPLICATE,train/Non_Venomous_Snake/6O4A4956.jpg,0.995964,NOT_TEST_LEAKAGE,,DIRECTORY_LABEL_PRESERVED,BASIC_QUALITY_PASS,MANUAL_REVIEW_REQUIRED,True,,Possible near-duplicate cannot be automatically cleared; technical status does not establish training/reuse rights
C:\Users\yesam\Desktop\anviksa_ai\new_training_data\snake_images\Indian-Snakes-Dataset-master\Non-Venomous\Indian Rock Python\6O4A7830.jpg,Non-Venomous/Indian Rock Python/6O4A7830.jpg,6O4A7830.jpg,Non-Venomous,Indian Rock Python,0fa596095e65ac6c77a6da07bb25d18ab75e3991e741e40897abee493ba77ac0,4583,3055,https://github.com/arjun921/Indian-Snakes-Dataset,VERIFIED,MIT,UNCLEAR,REVIEW_REQUIRED,False,,POSSIBLE_NEAR_DUPLICATE,test/Non_Venomous_Snake/6O4A7830.jpg,0.996922,POSSIBLE_TEST_LEAKAGE,test/Non_Venomous_Snake/6O4A7830.jpg,DIRECTORY_LABEL_PRESERVED,BASIC_QUALITY_PASS,MANUAL_REVIEW_REQUIRED,True,,Possible frozen-test leakage cannot be automatically cleared; technical status does not establish training/reuse rights
C:\Users\yesam\Desktop\anviksa_ai\new_training_data\snake_images\Indian-Snakes-Dataset-master\Non-Venomous\Indian Rock Python\6O4A7844.jpg,Non-Venomous/Indian Rock Python/6O4A7844.jpg,6O4A7844.jpg,Non-Venomous,Indian Rock Python,9f1d235b78492b0d37fae8a2fb35567f1d91bfbd1473a6fdd51767757cd23252,3648,5472,https://github.com/arjun921/Indian-Snakes-Dataset,VERIFIED,MIT,UNCLEAR,REVIEW_REQUIRED,False,,POSSIBLE_NEAR_DUPLICATE,test/Non_Venomous_Snake/6O4A7844.jpg,0.998322,POSSIBLE_TEST_LEAKAGE,test/Non_Venomous_Snake/6O4A7844.jpg,DIRECTORY_LABEL_PRESERVED,BASIC_QUALITY_PASS,MANUAL_REVIEW_REQUIRED,True,,Possible frozen-test leakage cannot be automatically cleared; technical status does not establish training/reuse rights
C:\Users\yesam\Desktop\anviksa_ai\new_training_data\snake_images\Indian-Snakes-Dataset-master\Non-Venomous\Indian Rock Python\6O4A7885.jpg,Non-Venomous/Indian Rock Python/6O4A7885.jpg,6O4A7885.jpg,Non-Venomous,Indian Rock Python,8753bca87f31b9554751f6532f9dc72c541f4215ff65875d5a17a7272fdc4135,4254,2836,https://github.com/arjun921/Indian-Snakes-Dataset,VERIFIED,MIT,UNCLEAR,REVIEW_REQUIRED,False,,POSSIBLE_NEAR_DUPLICATE,train/Non_Venomous_Snake/6O4A7885.jpg,0.997194,NOT_TEST_LEAKAGE,,DIRECTORY_LABEL_PRESERVED,BASIC_QUALITY_PASS,MANUAL_REVIEW_REQUIRED,True,,Possible near-duplicate cannot be automatically cleared; technical status does not establish training/reuse rights
C:\Users\yesam\Desktop\anviksa_ai\new_training_data\snake_images\Indian-Snakes-Dataset-master\Non-Venomous\Indian Rock Python\afe2.jpg,Non-Venomous/Indian Rock Python/afe2.jpg,afe2.jpg,Non-Venomous,Indian Rock Python,a816ab63f3becdb98ff2c12b1317b9f590950de08c2f3c572be9291af5b53b4e,950,405,https://github.com/arjun921/Indian-Snakes-Dataset,VERIFIED,MIT,UNCLEAR,REVIEW_REQUIRED,False,,POSSIBLE_NEAR_DUPLICATE,train/Non_Venomous_Snake/afe2.jpg,0.998412,NOT_TEST_LEAKAGE,,DIRECTORY_LABEL_PRESERVED,BASIC_QUALITY_PASS,MANUAL_REVIEW_REQUIRED,True,,Possible near-duplicate cannot be automatically cleared; technical status does not establish training/reuse rights
C:\Users\yesam\Desktop\anviksa_ai\new_training_data\snake_images\Indian-Snakes-Dataset-master\Non-Venomous\Indian Rock Python\Brown_Streaks_seen_from_Lateral_View_of_Head_of_Indian_Rock_Python_(_P_molurus).JPG,Non-Venomous/Indian Rock Python/Brown_Streaks_seen_from_Lateral_View_of_Head_of_Indian_Rock_Python_(_P_molurus).JPG,Brown_Streaks_seen_from_Lateral_View_of_Head_of_Indian_Rock_Python_(_P_molurus).JPG,Non-Venomous,Indian Rock Python,fdfd463e5aad884286680522abbd403ed6aa149d44f7c56d21e2eb5f818d71ac,3648,2736,https://github.com/arjun921/Indian-Snakes-Dataset,VERIFIED,MIT,UNCLEAR,REVIEW_REQUIRED,False,,POSSIBLE_NEAR_DUPLICATE,train/Non_Venomous_Snake/Brown_Streaks_seen_from_Lateral_View_of_Head_of_Indian_Rock_Python_(_P_molurus).JPG,0.996372,NOT_TEST_LEAKAGE,,DIRECTORY_LABEL_PRESERVED,BASIC_QUALITY_PASS,MANUAL_REVIEW_REQUIRED,True,,Possible near-duplicate cannot be automatically cleared; technical status does not establish training/reuse rights
C:\Users\yesam\Desktop\anviksa_ai\new_training_data\snake_images\Indian-Snakes-Dataset-master\Non-Venomous\Indian Rock Python\dc-Cover-bh58nkvuepsd83sgu14h9ieqn5-20160609032640.Medi.jpeg,Non-Venomous/Indian Rock Python/dc-Cover-bh58nkvuepsd83sgu14h9ieqn5-20160609032640.Medi.jpeg,dc-Cover-bh58nkvuepsd83sgu14h9ieqn5-20160609032640.Medi.jpeg,Non-Venomous,Indian Rock Python,d7c8c8f71604629473d449ed83a379bafd25be50c61f04da932541bf5f113c77,800,448,https://github.com/arjun921/Indian-Snakes-Dataset,VERIFIED,MIT,UNCLEAR,REVIEW_REQUIRED,False,,POSSIBLE_NEAR_DUPLICATE,train/Non_Venomous_Snake/dc-Cover-bh58nkvuepsd83sgu14h9ieqn5-20160609032640.Medi.jpg,0.94032,NOT_TEST_LEAKAGE,,DIRECTORY_LABEL_PRESERVED,BASIC_QUALITY_PASS,MANUAL_REVIEW_REQUIRED,True,,Possible near-duplicate cannot be automatically cleared; technical status does not establish training/reuse rights
C:\Users\yesam\Desktop\anviksa_ai\new_training_data\snake_images\Indian-Snakes-Dataset-master\Non-Venomous\Indian Rock Python\Indian rock python imprisoned in Gujarat after it swallows blue bull.jpg,Non-Venomous/Indian Rock Python/Indian rock python imprisoned in Gujarat after it swallows blue bull.jpg,Indian rock python imprisoned in Gujarat after it swallows blue bull.jpg,Non-Venomous,Indian Rock Python,ca599a18ea1e018865e77851d322af24fc8f20b2b5e31da8dc08aebeb1354193,626,336,https://github.com/arjun921/Indian-Snakes-Dataset,VERIFIED,MIT,UNCLEAR,REVIEW_REQUIRED,False,,POSSIBLE_NEAR_DUPLICATE,train/Non_Venomous_Snake/Indian rock python imprisoned in Gujarat after it swallows blue bull.jpg,0.997499,NOT_TEST_LEAKAGE,,DIRECTORY_LABEL_PRESERVED,BASIC_QUALITY_PASS,MANUAL_REVIEW_REQUIRED,True,,Possible near-duplicate cannot be automatically cleared; technical status does not establish training/reuse rights
C:\Users\yesam\Desktop\anviksa_ai\new_training_data\snake_images\Indian-Snakes-Dataset-master\Non-Venomous\Indian Rock Python\Indian-Rock-Python-Langur-kill-4.jpg,Non-Venomous/Indian Rock Python/Indian-Rock-Python-Langur-kill-4.jpg,Indian-Rock-Python-Langur-kill-4.jpg,Non-Venomous,Indian Rock Python,892a9be030906bad6f1786e8c786751487f41640ff794b57a88842b95e211148,1024,683,https://github.com/arjun921/Indian-Snakes-Dataset,VERIFIED,MIT,UNCLEAR,REVIEW_REQUIRED,False,,POSSIBLE_NEAR_DUPLICATE,train/Non_Venomous_Snake/Indian-Rock-Python-Langur-kill-4.jpg,0.996558,NOT_TEST_LEAKAGE,,DIRECTORY_LABEL_PRESERVED,BASIC_QUALITY_PASS,MANUAL_REVIEW_REQUIRED,True,,Possible near-duplicate cannot be automatically cleared; technical status does not establish training/reuse rights
C:\Users\yesam\Desktop\anviksa_ai\new_training_data\snake_images\Indian-Snakes-Dataset-master\Non-Venomous\Indian Rock Python\indian-rock-python-with-a-full-belly-in-a-stream-in-ranthambhore-tiger-D2H4CR.jpg,Non-Venomous/Indian Rock Python/indian-rock-python-with-a-full-belly-in-a-stream-in-ranthambhore-tiger-D2H4CR.jpg,indian-rock-python-with-a-full-belly-in-a-stream-in-ranthambhore-tiger-D2H4CR.jpg,Non-Venomous,Indian Rock Python,6873bf3e7e2f5b0628614bc8cdd5b9e3340063d37d24ce852e03e225142826eb,865,1390,https://github.com/arjun921/Indian-Snakes-Dataset,VERIFIED,MIT,UNCLEAR,REVIEW_REQUIRED,False,,POSSIBLE_NEAR_DUPLICATE,train/Non_Venomous_Snake/indian-rock-python-with-a-full-belly-in-a-stream-in-ranthambhore-tiger-D2H4CR.jpg,0.995266,NOT_TEST_LEAKAGE,,DIRECTORY_LABEL_PRESERVED,BASIC_QUALITY_PASS,MANUAL_REVIEW_REQUIRED,True,,Possible near-duplicate cannot be automatically cleared; technical status does not establish training/reuse rights
C:\Users\yesam\Desktop\anviksa_ai\new_training_data\snake_images\Indian-Snakes-Dataset-master\Non-Venomous\Indian Rock Python\Indian-Rock-Python_001.jpg,Non-Venomous/Indian Rock Python/Indian-Rock-Python_001.jpg,Indian-Rock-Python_001.jpg,Non-Venomous,Indian Rock Python,cd7ed2c4afd6f1dcaeed20d692488fb7ba6b8f8b07bf6eb77a1bf7b985241c1f,932,451,https://github.com/arjun921/Indian-Snakes-Dataset,VERIFIED,MIT,UNCLEAR,REVIEW_REQUIRED,False,,POSSIBLE_NEAR_DUPLICATE,validation/Non_Venomous_Snake/Indian-Rock-Python_001.jpg,0.998263,NOT_TEST_LEAKAGE,,DIRECTORY_LABEL_PRESERVED,BASIC_QUALITY_PASS,MANUAL_REVIEW_REQUIRED,True,,Possible near-duplicate cannot be automatically cleared; technical status does not establish training/reuse rights
C:\Users\yesam\Desktop\anviksa_ai\new_training_data\snake_images\Indian-Snakes-Dataset-master\Non-Venomous\Indian Rock Python\Indian_rock_python.jpg,Non-Venomous/Indian Rock Python/Indian_rock_python.jpg,Indian_rock_python.jpg,Non-Venomous,Indian Rock Python,46a64262bf592735bd293d07bd436407f53e08d6a4f07193e4ff0503b8d53853,4608,3072,https://github.com/arjun921/Indian-Snakes-Dataset,VERIFIED,MIT,UNCLEAR,REVIEW_REQUIRED,False,,POSSIBLE_NEAR_DUPLICATE,validation/Non_Venomous_Snake/Indian_rock_python.jpg,0.994883,NOT_TEST_LEAKAGE,,DIRECTORY_LABEL_PRESERVED,BASIC_QUALITY_PASS,MANUAL_REVIEW_REQUIRED,True,,Possible near-duplicate cannot be automatically cleared; technical status does not establish training/reuse rights
C:\Users\yesam\Desktop\anviksa_ai\new_training_data\snake_images\Indian-Snakes-Dataset-master\Non-Venomous\Indian Rock Python\Indian_Rock_Python_(_P_molurus)_rolled_up_into_a_ball.JPG,Non-Venomous/Indian Rock Python/Indian_Rock_Python_(_P_molurus)_rolled_up_into_a_ball.JPG,Indian_Rock_Python_(_P_molurus)_rolled_up_into_a_ball.JPG,Non-Venomous,Indian Rock Python,2b63bca5c764a4dd156dab9bb4db0903841d8ebf8d263131c07090130c6f1f6a,3648,2736,https://github.com/arjun921/Indian-Snakes-Dataset,VERIFIED,MIT,UNCLEAR,REVIEW_REQUIRED,False,,POSSIBLE_NEAR_DUPLICATE,train/Non_Venomous_Snake/Indian_Rock_Python_(_P_molurus)_rolled_up_into_a_ball.JPG,0.998009,NOT_TEST_LEAKAGE,,DIRECTORY_LABEL_PRESERVED,BASIC_QUALITY_PASS,MANUAL_REVIEW_REQUIRED,True,,Possible near-duplicate cannot be automatically cleared; technical status does not establish training/reuse rights
C:\Users\yesam\Desktop\anviksa_ai\new_training_data\snake_images\Indian-Snakes-Dataset-master\Non-Venomous\Indian Rock Python\Indian_rock_python_(Python_molurus)_at_mysore_zoo.jpg,Non-Venomous/Indian Rock Python/Indian_rock_python_(Python_molurus)_at_mysore_zoo.jpg,Indian_rock_python_(Python_molurus)_at_mysore_zoo.jpg,Non-Venomous,Indian Rock Python,389557b497e78a84be994a41b9b27fc27f556105e06f6f115608124f36519aab,1024,494,https://github.com/arjun921/Indian-Snakes-Dataset,VERIFIED,MIT,UNCLEAR,REVIEW_REQUIRED,False,,POSSIBLE_NEAR_DUPLICATE,validation/Non_Venomous_Snake/Indian_rock_python_(Python_molurus)_at_mysore_zoo.jpg,0.997737,NOT_TEST_LEAKAGE,,DIRECTORY_LABEL_PRESERVED,BASIC_QUALITY_PASS,MANUAL_REVIEW_REQUIRED,True,,Possible near-duplicate cannot be automatically cleared; technical status does not establish training/reuse rights
C:\Users\yesam\Desktop\anviksa_ai\new_training_data\snake_images\Indian-Snakes-Dataset-master\Non-Venomous\Indian Rock Python\Indian_rock_python_from_Nehru_Zoological_park_Hyderabad_4428.JPG,Non-Venomous/Indian Rock Python/Indian_rock_python_from_Nehru_Zoological_park_Hyderabad_4428.JPG,Indian_rock_python_from_Nehru_Zoological_park_Hyderabad_4428.JPG,Non-Venomous,Indian Rock Python,7d1eb3d4021cddb19745edde86729988ab432f13b4536797cd8d37d22463be09,2592,1440,https://github.com/arjun921/Indian-Snakes-Dataset,VERIFIED,MIT,UNCLEAR,REVIEW_REQUIRED,False,,POSSIBLE_NEAR_DUPLICATE,train/Non_Venomous_Snake/Indian_rock_python_from_Nehru_Zoological_park_Hyderabad_4428.JPG,0.996711,NOT_TEST_LEAKAGE,,DIRECTORY_LABEL_PRESERVED,BASIC_QUALITY_PASS,MANUAL_REVIEW_REQUIRED,True,,Possible near-duplicate cannot be automatically cleared; technical status does not establish training/reuse rights
C:\Users\yesam\Desktop\anviksa_ai\new_training_data\snake_images\Indian-Snakes-Dataset-master\Non-Venomous\Indian Rock Python\Indian_rock_python_from_Nehru_Zoological_park_Hyderabad_4430.JPG,Non-Venomous/Indian Rock Python/Indian_rock_python_from_Nehru_Zoological_park_Hyderabad_4430.JPG,Indian_rock_python_from_Nehru_Zoological_park_Hyderabad_4430.JPG,Non-Venomous,Indian Rock Python,0d3a32a78e0c75a348b5dfac5d7eff0dfd2f26ed0e5e74c72fba5ef1fd8a419b,2592,1440,https://github.com/arjun921/Indian-Snakes-Dataset,VERIFIED,MIT,UNCLEAR,REVIEW_REQUIRED,False,,POSSIBLE_NEAR_DUPLICATE,train/Non_Venomous_Snake/Indian_rock_python_from_Nehru_Zoological_park_Hyderabad_4430.JPG,0.995665,NOT_TEST_LEAKAGE,,DIRECTORY_LABEL_PRESERVED,BASIC_QUALITY_PASS,MANUAL_REVIEW_REQUIRED,True,,Possible near-duplicate cannot be automatically cleared; technical status does not establish training/reuse rights
C:\Users\yesam\Desktop\anviksa_ai\new_training_data\snake_images\Indian-Snakes-Dataset-master\Non-Venomous\Indian Rock Python\Indian_rock_python_pratik_dahod.JPG,Non-Venomous/Indian Rock Python/Indian_rock_python_pratik_dahod.JPG,Indian_rock_python_pratik_dahod.JPG,Non-Venomous,Indian Rock Python,af736e383226af1904fe167443b916c83ea3d8fb6f42a96c42a053cc3689d9f0,2305,1534,https://github.com/arjun921/Indian-Snakes-Dataset,VERIFIED,MIT,UNCLEAR,REVIEW_REQUIRED,False,,POSSIBLE_NEAR_DUPLICATE,train/Non_Venomous_Snake/Indian_rock_python_pratik_dahod.JPG,0.997764,NOT_TEST_LEAKAGE,,DIRECTORY_LABEL_PRESERVED,BASIC_QUALITY_PASS,MANUAL_REVIEW_REQUIRED,True,,Possible near-duplicate cannot be automatically cleared; technical status does not establish training/reuse rights
C:\Users\yesam\Desktop\anviksa_ai\new_training_data\snake_images\Indian-Snakes-Dataset-master\Non-Venomous\Indian Rock Python\Juvenile_Indian_Rock_Python_(_P_molurus)_in_a_pensive_moment.JPG,Non-Venomous/Indian Rock Python/Juvenile_Indian_Rock_Python_(_P_molurus)_in_a_pensive_moment.JPG,Juvenile_Indian_Rock_Python_(_P_molurus)_in_a_pensive_moment.JPG,Non-Venomous,Indian Rock Python,8c84841005f3f7be25129f47c2dcd7611790f299eb09080c64a3d610bf483da2,3648,2736,https://github.com/arjun921/Indian-Snakes-Dataset,VERIFIED,MIT,UNCLEAR,REVIEW_REQUIRED,False,,POSSIBLE_NEAR_DUPLICATE,train/Non_Venomous_Snake/Juvenile_Indian_Rock_Python_(_P_molurus)_in_a_pensive_moment.JPG,0.997681,NOT_TEST_LEAKAGE,,DIRECTORY_LABEL_PRESERVED,BASIC_QUALITY_PASS,MANUAL_REVIEW_REQUIRED,True,,Possible near-duplicate cannot be automatically cleared; technical status does not establish training/reuse rights
C:\Users\yesam\Desktop\anviksa_ai\new_training_data\snake_images\Indian-Snakes-Dataset-master\Non-Venomous\Indian Rock Python\Juvenilke_Indian_Rock_Python_(_P_molurus)_in_my_palm.JPG,Non-Venomous/Indian Rock Python/Juvenilke_Indian_Rock_Python_(_P_molurus)_in_my_palm.JPG,Juvenilke_Indian_Rock_Python_(_P_molurus)_in_my_palm.JPG,Non-Venomous,Indian Rock Python,6cbe00d4d24d9e13f7a86b4e2a47252bfc1c411ba3a29366a3d6af638f29c90f,3648,2736,https://github.com/arjun921/Indian-Snakes-Dataset,VERIFIED,MIT,UNCLEAR,REVIEW_REQUIRED,False,,POSSIBLE_NEAR_DUPLICATE,train/Non_Venomous_Snake/Juvenilke_Indian_Rock_Python_(_P_molurus)_in_my_palm.JPG,0.99769,NOT_TEST_LEAKAGE,,DIRECTORY_LABEL_PRESERVED,BASIC_QUALITY_PASS,MANUAL_REVIEW_REQUIRED,True,,Possible near-duplicate cannot be automatically cleared; technical status does not establish training/reuse rights
C:\Users\yesam\Desktop\anviksa_ai\new_training_data\snake_images\Indian-Snakes-Dataset-master\Non-Venomous\Indian Rock Python\maxresdefault.jpg,Non-Venomous/Indian Rock Python/maxresdefault.jpg,maxresdefault.jpg,Non-Venomous,Indian Rock Python,fe781a2a56893ff947272ac367fd744ea603643c17d992ce4c96a1ae9fd8b3a0,1280,720,https://github.com/arjun921/Indian-Snakes-Dataset,VERIFIED,MIT,UNCLEAR,REVIEW_REQUIRED,False,,POSSIBLE_NEAR_DUPLICATE,validation/Non_Venomous_Snake/maxresdefault (3).jpg,0.998499,NOT_TEST_LEAKAGE,,DIRECTORY_LABEL_PRESERVED,BASIC_QUALITY_PASS,MANUAL_REVIEW_REQUIRED,True,,Possible near-duplicate cannot be automatically cleared; technical status does not establish training/reuse rights
C:\Users\yesam\Desktop\anviksa_ai\new_training_data\snake_images\Indian-Snakes-Dataset-master\Non-Venomous\Indian Rock Python\maxresdefault_001.jpg,Non-Venomous/Indian Rock Python/maxresdefault_001.jpg,maxresdefault_001.jpg,Non-Venomous,Indian Rock Python,0ecd80ceeab3710f03c243dc76d42e716034bf9e4eaf6f0fdecd52e5f261bd4e,1280,720,https://github.com/arjun921/Indian-Snakes-Dataset,VERIFIED,MIT,UNCLEAR,REVIEW_REQUIRED,False,,POSSIBLE_NEAR_DUPLICATE,train/Non_Venomous_Snake/maxresdefault_001 (2).jpg,0.997077,NOT_TEST_LEAKAGE,,DIRECTORY_LABEL_PRESERVED,BASIC_QUALITY_PASS,MANUAL_REVIEW_REQUIRED,True,,Possible near-duplicate cannot be automatically cleared; technical status does not establish training/reuse rights
C:\Users\yesam\Desktop\anviksa_ai\new_training_data\snake_images\Indian-Snakes-Dataset-master\Non-Venomous\Indian Rock Python\maxresdefault_002.jpg,Non-Venomous/Indian Rock Python/maxresdefault_002.jpg,maxresdefault_002.jpg,Non-Venomous,Indian Rock Python,9d27e752528e455c203ce17d84eea705ec8908976d9cc9011ef8bea9a5c934e1,1920,1080,https://github.com/arjun921/Indian-Snakes-Dataset,VERIFIED,MIT,UNCLEAR,REVIEW_REQUIRED,False,,POSSIBLE_NEAR_DUPLICATE,train/Non_Venomous_Snake/maxresdefault_002.jpg,0.997582,NOT_TEST_LEAKAGE,,DIRECTORY_LABEL_PRESERVED,BASIC_QUALITY_PASS,MANUAL_REVIEW_REQUIRED,True,,Possible near-duplicate cannot be automatically cleared; technical status does not establish training/reuse rights
C:\Users\yesam\Desktop\anviksa_ai\new_training_data\snake_images\Indian-Snakes-Dataset-master\Non-Venomous\Indian Rock Python\maxresdefault_003.jpg,Non-Venomous/Indian Rock Python/maxresdefault_003.jpg,maxresdefault_003.jpg,Non-Venomous,Indian Rock Python,c86a9566ab82f70da327290993f385e9ac0b91d497fe26b3ca653b3827a38cb5,1920,1080,https://github.com/arjun921/Indian-Snakes-Dataset,VERIFIED,MIT,UNCLEAR,REVIEW_REQUIRED,False,,POSSIBLE_NEAR_DUPLICATE,train/Non_Venomous_Snake/maxresdefault_003 (2).jpg,0.99804,NOT_TEST_LEAKAGE,,DIRECTORY_LABEL_PRESERVED,BASIC_QUALITY_PASS,MANUAL_REVIEW_REQUIRED,True,,Possible near-duplicate cannot be automatically cleared; technical status does not establish training/reuse rights
C:\Users\yesam\Desktop\anviksa_ai\new_training_data\snake_images\Indian-Snakes-Dataset-master\Non-Venomous\Indian Rock Python\maxresdefault_004.jpg,Non-Venomous/Indian Rock Python/maxresdefault_004.jpg,maxresdefault_004.jpg,Non-Venomous,Indian Rock Python,24d1cc3060a63f42ffa38b3d9e5f70df5c724bbb6ba9bc263e2cf14cb8729c06,2567,1005,https://github.com/arjun921/Indian-Snakes-Dataset,VERIFIED,MIT,UNCLEAR,REVIEW_REQUIRED,False,,POSSIBLE_NEAR_DUPLICATE,train/Non_Venomous_Snake/maxresdefault_004 (2).jpg,0.998589,NOT_TEST_LEAKAGE,,DIRECTORY_LABEL_PRESERVED,BASIC_QUALITY_PASS,MANUAL_REVIEW_REQUIRED,True,,Possible near-duplicate cannot be automatically cleared; technical status does not establish training/reuse rights
C:\Users\yesam\Desktop\anviksa_ai\new_training_data\snake_images\Indian-Snakes-Dataset-master\Non-Venomous\Indian Rock Python\maxresdefault_006.jpg,Non-Venomous/Indian Rock Python/maxresdefault_006.jpg,maxresdefault_006.jpg,Non-Venomous,Indian Rock Python,87b0f64c57d2a5a6d244ef72b72a4cdfad50b2497f18bd3218a47f9c382b5a02,1280,720,https://github.com/arjun921/Indian-Snakes-Dataset,VERIFIED,MIT,UNCLEAR,REVIEW_REQUIRED,False,,POSSIBLE_NEAR_DUPLICATE,train/Non_Venomous_Snake/maxresdefault_006.jpg,0.998274,NOT_TEST_LEAKAGE,,DIRECTORY_LABEL_PRESERVED,BASIC_QUALITY_PASS,MANUAL_REVIEW_REQUIRED,True,,Possible near-duplicate cannot be automatically cleared; technical status does not establish training/reuse rights
C:\Users\yesam\Desktop\anviksa_ai\new_training_data\snake_images\Indian-Snakes-Dataset-master\Non-Venomous\Indian Rock Python\maxresdefault_007.jpg,Non-Venomous/Indian Rock Python/maxresdefault_007.jpg,maxresdefault_007.jpg,Non-Venomous,Indian Rock Python,880547795a9c1497c321aa0e7f75287c68c34c9f0cb3e0e5f15ff14e9d8eb102,1280,720,https://github.com/arjun921/Indian-Snakes-Dataset,VERIFIED,MIT,UNCLEAR,REVIEW_REQUIRED,False,,POSSIBLE_NEAR_DUPLICATE,train/Non_Venomous_Snake/maxresdefault_007.jpg,0.997225,NOT_TEST_LEAKAGE,,DIRECTORY_LABEL_PRESERVED,BASIC_QUALITY_PASS,MANUAL_REVIEW_REQUIRED,True,,Possible near-duplicate cannot be automatically cleared; technical status does not establish training/reuse rights
C:\Users\yesam\Desktop\anviksa_ai\new_training_data\snake_images\Indian-Snakes-Dataset-master\Non-Venomous\Indian Rock Python\maxresdefault_008.jpg,Non-Venomous/Indian Rock Python/maxresdefault_008.jpg,maxresdefault_008.jpg,Non-Venomous,Indian Rock Python,41d0104fb0e122849de996e6ad9ef8d6be5b9442ab8a484deb9c5638790bd299,1280,720,https://github.com/arjun921/Indian-Snakes-Dataset,VERIFIED,MIT,UNCLEAR,REVIEW_REQUIRED,False,,POSSIBLE_NEAR_DUPLICATE,train/Non_Venomous_Snake/maxresdefault_008.jpg,0.998887,NOT_TEST_LEAKAGE,,DIRECTORY_LABEL_PRESERVED,BASIC_QUALITY_PASS,MANUAL_REVIEW_REQUIRED,True,,Possible near-duplicate cannot be automatically cleared; technical status does not establish training/reuse rights
C:\Users\yesam\Desktop\anviksa_ai\new_training_data\snake_images\Indian-Snakes-Dataset-master\Non-Venomous\Indian Rock Python\maxresdefault_010.jpg,Non-Venomous/Indian Rock Python/maxresdefault_010.jpg,maxresdefault_010.jpg,Non-Venomous,Indian Rock Python,b00398a40e371840a9caa37f3f1b17eeba04aa95deb9b4eeff346ef7302bdfd2,1280,720,https://github.com/arjun921/Indian-Snakes-Dataset,VERIFIED,MIT,UNCLEAR,REVIEW_REQUIRED,False,,POSSIBLE_NEAR_DUPLICATE,validation/Non_Venomous_Snake/maxresdefault_010.jpg,0.996908,NOT_TEST_LEAKAGE,,DIRECTORY_LABEL_PRESERVED,BASIC_QUALITY_PASS,MANUAL_REVIEW_REQUIRED,True,,Possible near-duplicate cannot be automatically cleared; technical status does not establish training/reuse rights
C:\Users\yesam\Desktop\anviksa_ai\new_training_data\snake_images\Indian-Snakes-Dataset-master\Non-Venomous\Indian Rock Python\Python  molurus2.jpg,Non-Venomous/Indian Rock Python/Python  molurus2.jpg,Python  molurus2.jpg,Non-Venomous,Indian Rock Python,a3910b0d35a87e36ed08ea5f8ea83ff8cd60e70f8523816d4c3fd8b5bd20a090,1400,846,https://github.com/arjun921/Indian-Snakes-Dataset,VERIFIED,MIT,UNCLEAR,REVIEW_REQUIRED,False,,POSSIBLE_NEAR_DUPLICATE,train/Non_Venomous_Snake/Python  molurus2.jpg,0.998863,NOT_TEST_LEAKAGE,,DIRECTORY_LABEL_PRESERVED,BASIC_QUALITY_PASS,MANUAL_REVIEW_REQUIRED,True,,Possible near-duplicate cannot be automatically cleared; technical status does not establish training/reuse rights
C:\Users\yesam\Desktop\anviksa_ai\new_training_data\snake_images\Indian-Snakes-Dataset-master\Non-Venomous\Indian Rock Python\Python  molurus3.jpg,Non-Venomous/Indian Rock Python/Python  molurus3.jpg,Python  molurus3.jpg,Non-Venomous,Indian Rock Python,5bc088f850680b5ddc56bc20fd07b2f58ab02a1da50a8bdb7b869a327ad3edb6,1400,846,https://github.com/arjun921/Indian-Snakes-Dataset,VERIFIED,MIT,UNCLEAR,REVIEW_REQUIRED,False,,POSSIBLE_NEAR_DUPLICATE,train/Non_Venomous_Snake/Python  molurus3.jpg,0.997511,NOT_TEST_LEAKAGE,,DIRECTORY_LABEL_PRESERVED,BASIC_QUALITY_PASS,MANUAL_REVIEW_REQUIRED,True,,Possible near-duplicate cannot be automatically cleared; technical status does not establish training/reuse rights
C:\Users\yesam\Desktop\anviksa_ai\new_training_data\snake_images\Indian-Snakes-Dataset-master\Non-Venomous\Indian Rock Python\Python  molurus4.jpg,Non-Venomous/Indian Rock Python/Python  molurus4.jpg,Python  molurus4.jpg,Non-Venomous,Indian Rock Python,de671418873105ce2a2e27ec734240fc141c3ed564bcc8b1845ab07b1719cba1,1400,846,https://github.com/arjun921/Indian-Snakes-Dataset,VERIFIED,MIT,UNCLEAR,REVIEW_REQUIRED,False,,POSSIBLE_NEAR_DUPLICATE,validation/Non_Venomous_Snake/Python  molurus4.jpg,0.997211,NOT_TEST_LEAKAGE,,DIRECTORY_LABEL_PRESERVED,BASIC_QUALITY_PASS,MANUAL_REVIEW_REQUIRED,True,,Possible near-duplicate cannot be automatically cleared; technical status does not establish training/reuse rights
C:\Users\yesam\Desktop\anviksa_ai\new_training_data\snake_images\Indian-Snakes-Dataset-master\Non-Venomous\Indian Rock Python\python-generic_650x400_81472483726.jpg,Non-Venomous/Indian Rock Python/python-generic_650x400_81472483726.jpg,python-generic_650x400_81472483726.jpg,Non-Venomous,Indian Rock Python,42ecaa621ed714368bf3a7c67448af7c7d6468e273b4a92ae85b608aac6c8db2,650,400,https://github.com/arjun921/Indian-Snakes-Dataset,VERIFIED,MIT,UNCLEAR,REVIEW_REQUIRED,False,,POSSIBLE_NEAR_DUPLICATE,train/Non_Venomous_Snake/python-generic_650x400_81472483726.jpg,0.99637,NOT_TEST_LEAKAGE,,DIRECTORY_LABEL_PRESERVED,BASIC_QUALITY_PASS,MANUAL_REVIEW_REQUIRED,True,,Possible near-duplicate cannot be automatically cleared; technical status does not establish training/reuse rights
C:\Users\yesam\Desktop\anviksa_ai\new_training_data\snake_images\Indian-Snakes-Dataset-master\Non-Venomous\Indian Rock Python\python_big_12.jpg,Non-Venomous/Indian Rock Python/python_big_12.jpg,python_big_12.jpg,Non-Venomous,Indian Rock Python,e8d242dc60609a649f71ee23222e19816b5a9d91a4566fe1a42012bb8e7cbf94,666,338,https://github.com/arjun921/Indian-Snakes-Dataset,VERIFIED,MIT,UNCLEAR,REVIEW_REQUIRED,False,,POSSIBLE_NEAR_DUPLICATE,train/Non_Venomous_Snake/python_big_12.jpg,0.998125,NOT_TEST_LEAKAGE,,DIRECTORY_LABEL_PRESERVED,BASIC_QUALITY_PASS,MANUAL_REVIEW_REQUIRED,True,,Possible near-duplicate cannot be automatically cleared; technical status does not establish training/reuse rights
C:\Users\yesam\Desktop\anviksa_ai\new_training_data\snake_images\Indian-Snakes-Dataset-master\Non-Venomous\Indian Rock Python\udaipurtimes-6_1437804595.jpg,Non-Venomous/Indian Rock Python/udaipurtimes-6_1437804595.jpg,udaipurtimes-6_1437804595.jpg,Non-Venomous,Indian Rock Python,6abc48d7c680ca7e4ce5764450c11f178b151733f165d0b7f75414357d39ff0b,600,325,https://github.com/arjun921/Indian-Snakes-Dataset,VERIFIED,MIT,UNCLEAR,REVIEW_REQUIRED,False,,POSSIBLE_NEAR_DUPLICATE,validation/Non_Venomous_Snake/udaipurtimes-6_1437804595.jpg,0.998705,NOT_TEST_LEAKAGE,,DIRECTORY_LABEL_PRESERVED,BASIC_QUALITY_PASS,MANUAL_REVIEW_REQUIRED,True,,Possible near-duplicate cannot be automatically cleared; technical status does not establish training/reuse rights
C:\Users\yesam\Desktop\anviksa_ai\new_training_data\snake_images\Indian-Snakes-Dataset-master\Venomous\Common Krait\01DSC_6599.JPG,Venomous/Common Krait/01DSC_6599.JPG,01DSC_6599.JPG,Venomous,Common Krait,9bcc5c4c10696417d24898d7a19fee368fb9faa1982c9efeef783bb9ca09382f,1600,915,https://github.com/arjun921/Indian-Snakes-Dataset,VERIFIED,MIT,UNCLEAR,REVIEW_REQUIRED,False,,POSSIBLE_NEAR_DUPLICATE,test/Venomous_Snake/01DSC_6599.JPG,0.994869,POSSIBLE_TEST_LEAKAGE,test/Venomous_Snake/01DSC_6599.JPG,DIRECTORY_LABEL_PRESERVED,BASIC_QUALITY_PASS,MANUAL_REVIEW_REQUIRED,True,,Possible frozen-test leakage cannot be automatically cleared; technical status does not establish training/reuse rights
C:\Users\yesam\Desktop\anviksa_ai\new_training_data\snake_images\Indian-Snakes-Dataset-master\Venomous\Common Krait\12382341385_f5af5fc558_b.jpg,Venomous/Common Krait/12382341385_f5af5fc558_b.jpg,12382341385_f5af5fc558_b.jpg,Venomous,Common Krait,d00ba8c62a72b6f54910368a73d4cce14f17c36fdbe5217b71d1003599af114c,1024,372,https://github.com/arjun921/Indian-Snakes-Dataset,VERIFIED,MIT,UNCLEAR,REVIEW_REQUIRED,False,,POSSIBLE_NEAR_DUPLICATE,train/Venomous_Snake/12382341385_f5af5fc558_b.jpg,0.995743,NOT_TEST_LEAKAGE,,DIRECTORY_LABEL_PRESERVED,BASIC_QUALITY_PASS,MANUAL_REVIEW_REQUIRED,True,,Possible near-duplicate cannot be automatically cleared; technical status does not establish training/reuse rights
C:\Users\yesam\Desktop\anviksa_ai\new_training_data\snake_images\Indian-Snakes-Dataset-master\Venomous\Common Krait\12474945055_9b6d772f9d_b.jpg,Venomous/Common Krait/12474945055_9b6d772f9d_b.jpg,12474945055_9b6d772f9d_b.jpg,Venomous,Common Krait,e3e9bdac54519448c2bbc710ed5fe16084bb9f8d4a5bf7c1596bf4fd40327ba3,1024,498,https://github.com/arjun921/Indian-Snakes-Dataset,VERIFIED,MIT,UNCLEAR,REVIEW_REQUIRED,False,,POSSIBLE_NEAR_DUPLICATE,train/Venomous_Snake/12474945055_9b6d772f9d_b.jpg,0.996235,NOT_TEST_LEAKAGE,,DIRECTORY_LABEL_PRESERVED,BASIC_QUALITY_PASS,MANUAL_REVIEW_REQUIRED,True,,Possible near-duplicate cannot be automatically cleared; technical status does not establish training/reuse rights
C:\Users\yesam\Desktop\anviksa_ai\new_training_data\snake_images\Indian-Snakes-Dataset-master\Venomous\Common Krait\1438850347IMG_1543.jpg,Venomous/Common Krait/1438850347IMG_1543.jpg,1438850347IMG_1543.jpg,Venomous,Common Krait,3237d80eb5948b14e8f6217aa71360000a01d5d93875ef05a030e52e2fc29c19,600,337,https://github.com/arjun921/Indian-Snakes-Dataset,VERIFIED,MIT,UNCLEAR,REVIEW_REQUIRED,False,,POSSIBLE_NEAR_DUPLICATE,train/Venomous_Snake/1438850347IMG_1543.jpg,0.997734,NOT_TEST_LEAKAGE,,DIRECTORY_LABEL_PRESERVED,BASIC_QUALITY_PASS,MANUAL_REVIEW_REQUIRED,True,,Possible near-duplicate cannot be automatically cleared; technical status does not establish training/reuse rights
C:\Users\yesam\Desktop\anviksa_ai\new_training_data\snake_images\Indian-Snakes-Dataset-master\Venomous\Common Krait\2816621425_c2ac28297a_b.jpg,Venomous/Common Krait/2816621425_c2ac28297a_b.jpg,2816621425_c2ac28297a_b.jpg,Venomous,Common Krait,6c3051961c216510e52368ff4c3fdd49cf5a2ccb1f32b3e62dac136c801b108a,685,1024,https://github.com/arjun921/Indian-Snakes-Dataset,VERIFIED,MIT,UNCLEAR,REVIEW_REQUIRED,False,,POSSIBLE_NEAR_DUPLICATE,train/Venomous_Snake/2816621425_c2ac28297a_b.jpg,0.996348,NOT_TEST_LEAKAGE,,DIRECTORY_LABEL_PRESERVED,BASIC_QUALITY_PASS,MANUAL_REVIEW_REQUIRED,True,,Possible near-duplicate cannot be automatically cleared; technical status does not establish training/reuse rights
C:\Users\yesam\Desktop\anviksa_ai\new_training_data\snake_images\Indian-Snakes-Dataset-master\Venomous\Common Krait\5556319714_5d0d0b919c.jpg,Venomous/Common Krait/5556319714_5d0d0b919c.jpg,5556319714_5d0d0b919c.jpg,Venomous,Common Krait,78a7e1ed9056f6816dbc562b08e9621226082b3ca973dba994a0713c69639f9b,500,212,https://github.com/arjun921/Indian-Snakes-Dataset,VERIFIED,MIT,UNCLEAR,REVIEW_REQUIRED,False,,POSSIBLE_NEAR_DUPLICATE,train/Venomous_Snake/5556319714_5d0d0b919c.jpg,0.997887,NOT_TEST_LEAKAGE,,DIRECTORY_LABEL_PRESERVED,BASIC_QUALITY_PASS,MANUAL_REVIEW_REQUIRED,True,,Possible near-duplicate cannot be automatically cleared; technical status does not establish training/reuse rights
C:\Users\yesam\Desktop\anviksa_ai\new_training_data\snake_images\Indian-Snakes-Dataset-master\Venomous\Common Krait\6674918465_fe1d46c3ab_b.jpg,Venomous/Common Krait/6674918465_fe1d46c3ab_b.jpg,6674918465_fe1d46c3ab_b.jpg,Venomous,Common Krait,e2336bcdccb8e7f299af7559180c62dfaa7b57b923b53c90f365505bc48d3bb4,1024,576,https://github.com/arjun921/Indian-Snakes-Dataset,VERIFIED,MIT,UNCLEAR,REVIEW_REQUIRED,False,,POSSIBLE_NEAR_DUPLICATE,train/Venomous_Snake/6674918465_fe1d46c3ab_b.jpg,0.996962,NOT_TEST_LEAKAGE,,DIRECTORY_LABEL_PRESERVED,BASIC_QUALITY_PASS,MANUAL_REVIEW_REQUIRED,True,,Possible near-duplicate cannot be automatically cleared; technical status does not establish training/reuse rights
C:\Users\yesam\Desktop\anviksa_ai\new_training_data\snake_images\Indian-Snakes-Dataset-master\Venomous\Common Krait\81cb1316d8bd6b5ec1dbf0e4d68cf367.jpg,Venomous/Common Krait/81cb1316d8bd6b5ec1dbf0e4d68cf367.jpg,81cb1316d8bd6b5ec1dbf0e4d68cf367.jpg,Venomous,Common Krait,a3ad6145b68986c9ea3de19b5b988a4733c7a7efb370de8e4a5e687669099e37,599,279,https://github.com/arjun921/Indian-Snakes-Dataset,VERIFIED,MIT,UNCLEAR,REVIEW_REQUIRED,False,,POSSIBLE_NEAR_DUPLICATE,validation/Venomous_Snake/81cb1316d8bd6b5ec1dbf0e4d68cf367.jpg,0.997077,NOT_TEST_LEAKAGE,,DIRECTORY_LABEL_PRESERVED,BASIC_QUALITY_PASS,MANUAL_REVIEW_REQUIRED,True,,Possible near-duplicate cannot be automatically cleared; technical status does not establish training/reuse rights
C:\Users\yesam\Desktop\anviksa_ai\new_training_data\snake_images\Indian-Snakes-Dataset-master\Venomous\Common Krait\afc3fbd1c45e1f79f26e6271444de28e.jpg,Venomous/Common Krait/afc3fbd1c45e1f79f26e6271444de28e.jpg,afc3fbd1c45e1f79f26e6271444de28e.jpg,Venomous,Common Krait,298cc3340e2cefb26c0e6cc42327f7f1d010fb4b35cc3b0c991ab2ff39195dd6,220,147,https://github.com/arjun921/Indian-Snakes-Dataset,VERIFIED,MIT,UNCLEAR,REVIEW_REQUIRED,False,,POSSIBLE_NEAR_DUPLICATE,train/Venomous_Snake/afc3fbd1c45e1f79f26e6271444de28e.jpg,0.996085,NOT_TEST_LEAKAGE,,DIRECTORY_LABEL_PRESERVED,BASIC_QUALITY_PASS,MANUAL_REVIEW_REQUIRED,True,,Possible near-duplicate cannot be automatically cleared; technical status does not establish training/reuse rights
C:\Users\yesam\Desktop\anviksa_ai\new_training_data\snake_images\Indian-Snakes-Dataset-master\Venomous\Common Krait\B_caeruleus_01-800x455.jpg,Venomous/Common Krait/B_caeruleus_01-800x455.jpg,B_caeruleus_01-800x455.jpg,Venomous,Common Krait,141451ae1ba5e561ebe19e88a886784452c8b08c8f17cb94faff3a03315e25d2,800,455,https://github.com/arjun921/Indian-Snakes-Dataset,VERIFIED,MIT,UNCLEAR,REVIEW_REQUIRED,False,,POSSIBLE_NEAR_DUPLICATE,train/Venomous_Snake/54.jpg,0.967778,NOT_TEST_LEAKAGE,,DIRECTORY_LABEL_PRESERVED,BASIC_QUALITY_PASS,MANUAL_REVIEW_REQUIRED,True,,Possible near-duplicate cannot be automatically cleared; technical status does not establish training/reuse rights
C:\Users\yesam\Desktop\anviksa_ai\new_training_data\snake_images\Indian-Snakes-Dataset-master\Venomous\Common Krait\CJSSKalach1.jpg,Venomous/Common Krait/CJSSKalach1.jpg,CJSSKalach1.jpg,Venomous,Common Krait,9a0e8b5d286d892e49ce83fe96e960fc6639a84d69d5f2d8eb9b7ceb540a8fba,500,286,https://github.com/arjun921/Indian-Snakes-Dataset,VERIFIED,MIT,UNCLEAR,REVIEW_REQUIRED,False,,POSSIBLE_NEAR_DUPLICATE,train/Venomous_Snake/CJSSKalach1.jpg,0.996049,NOT_TEST_LEAKAGE,,DIRECTORY_LABEL_PRESERVED,BASIC_QUALITY_PASS,MANUAL_REVIEW_REQUIRED,True,,Possible near-duplicate cannot be automatically cleared; technical status does not establish training/reuse rights
C:\Users\yesam\Desktop\anviksa_ai\new_training_data\snake_images\Indian-Snakes-Dataset-master\Venomous\Common Krait\Common krait_001.jpg,Venomous/Common Krait/Common krait_001.jpg,Common krait_001.jpg,Venomous,Common Krait,0baf6e961d8c711302fc5be8c6533c244da6b4ba83b85bf83092bb53b7e8442c,1152,679,https://github.com/arjun921/Indian-Snakes-Dataset,VERIFIED,MIT,UNCLEAR,REVIEW_REQUIRED,False,,POSSIBLE_NEAR_DUPLICATE,train/Venomous_Snake/Common krait_001.jpg,0.99759,NOT_TEST_LEAKAGE,,DIRECTORY_LABEL_PRESERVED,BASIC_QUALITY_PASS,MANUAL_REVIEW_REQUIRED,True,,Possible near-duplicate cannot be automatically cleared; technical status does not establish training/reuse rights
C:\Users\yesam\Desktop\anviksa_ai\new_training_data\snake_images\Indian-Snakes-Dataset-master\Venomous\Common Krait\common-krait-1.jpg,Venomous/Common Krait/common-krait-1.jpg,common-krait-1.jpg,Venomous,Common Krait,82de3a67a4518d113d9b5c478c9af81a5195d9b02ba77f6ce1d21fa2b244a64c,600,275,https://github.com/arjun921/Indian-Snakes-Dataset,VERIFIED,MIT,UNCLEAR,REVIEW_REQUIRED,False,,POSSIBLE_NEAR_DUPLICATE,train/Venomous_Snake/common-krait-1.jpg,0.996508,NOT_TEST_LEAKAGE,,DIRECTORY_LABEL_PRESERVED,BASIC_QUALITY_PASS,MANUAL_REVIEW_REQUIRED,True,,Possible near-duplicate cannot be automatically cleared; technical status does not establish training/reuse rights
C:\Users\yesam\Desktop\anviksa_ai\new_training_data\snake_images\Indian-Snakes-Dataset-master\Venomous\Common Krait\common-krait-snake.png,Venomous/Common Krait/common-krait-snake.png,common-krait-snake.png,Venomous,Common Krait,55e0f19f456213895a90591f0462dceae78c8e4d14b4ec9f9d14c9015330d366,1024,480,https://github.com/arjun921/Indian-Snakes-Dataset,VERIFIED,MIT,UNCLEAR,REVIEW_REQUIRED,False,,POSSIBLE_NEAR_DUPLICATE,train/Venomous_Snake/common-krait-snake.jpg,0.958526,NOT_TEST_LEAKAGE,,DIRECTORY_LABEL_PRESERVED,BASIC_QUALITY_PASS,MANUAL_REVIEW_REQUIRED,True,,Possible near-duplicate cannot be automatically cleared; technical status does not establish training/reuse rights
C:\Users\yesam\Desktop\anviksa_ai\new_training_data\snake_images\Indian-Snakes-Dataset-master\Venomous\Common Krait\common-krait.jpg,Venomous/Common Krait/common-krait.jpg,common-krait.jpg,Venomous,Common Krait,b8ed542956ae8f32741645464725cc1f9d1df62ed173c140f807387539d34178,415,218,https://github.com/arjun921/Indian-Snakes-Dataset,VERIFIED,MIT,UNCLEAR,REVIEW_REQUIRED,False,,POSSIBLE_NEAR_DUPLICATE,train/Venomous_Snake/common-krait.jpg,0.997257,NOT_TEST_LEAKAGE,,DIRECTORY_LABEL_PRESERVED,BASIC_QUALITY_PASS,MANUAL_REVIEW_REQUIRED,True,,Possible near-duplicate cannot be automatically cleared; technical status does not establish training/reuse rights
C:\Users\yesam\Desktop\anviksa_ai\new_training_data\snake_images\Indian-Snakes-Dataset-master\Venomous\Common Krait\COMMON-KRAIT_011.jpg,Venomous/Common Krait/COMMON-KRAIT_011.jpg,COMMON-KRAIT_011.jpg,Venomous,Common Krait,7278e8f802888e317089b2bf0e1316cded458085a62c604aa0e28e6281cc6199,710,349,https://github.com/arjun921/Indian-Snakes-Dataset,VERIFIED,MIT,UNCLEAR,REVIEW_REQUIRED,False,,POSSIBLE_NEAR_DUPLICATE,train/Venomous_Snake/COMMON-KRAIT_011.jpg,0.996646,NOT_TEST_LEAKAGE,,DIRECTORY_LABEL_PRESERVED,BASIC_QUALITY_PASS,MANUAL_REVIEW_REQUIRED,True,,Possible near-duplicate cannot be automatically cleared; technical status does not establish training/reuse rights
C:\Users\yesam\Desktop\anviksa_ai\new_training_data\snake_images\Indian-Snakes-Dataset-master\Venomous\Common Krait\Common_Krait(Bungarus_Caeruleus)_in_Parassinikadavu_Snake_Park.jpg,Venomous/Common Krait/Common_Krait(Bungarus_Caeruleus)_in_Parassinikadavu_Snake_Park.jpg,Common_Krait(Bungarus_Caeruleus)_in_Parassinikadavu_Snake_Park.jpg,Venomous,Common Krait,7e99475ac29c336a6e81845a9125c498329038efce14323b29df65a8aae49f44,4000,3000,https://github.com/arjun921/Indian-Snakes-Dataset,VERIFIED,MIT,UNCLEAR,REVIEW_REQUIRED,False,,POSSIBLE_NEAR_DUPLICATE,train/Venomous_Snake/Common_Krait(Bungarus_Caeruleus)_in_Parassinikadavu_Snake_Park.jpg,0.994994,NOT_TEST_LEAKAGE,,DIRECTORY_LABEL_PRESERVED,BASIC_QUALITY_PASS,MANUAL_REVIEW_REQUIRED,True,,Possible near-duplicate cannot be automatically cleared; technical status does not establish training/reuse rights
C:\Users\yesam\Desktop\anviksa_ai\new_training_data\snake_images\Indian-Snakes-Dataset-master\Venomous\Common Krait\common_krait-bungarus_caeruleus.jpg,Venomous/Common Krait/common_krait-bungarus_caeruleus.jpg,common_krait-bungarus_caeruleus.jpg,Venomous,Common Krait,d7181cc4141ad22f72ab312e37fcbf73a0c8395cb376cea61811a3a6e32ab064,970,250,https://github.com/arjun921/Indian-Snakes-Dataset,VERIFIED,MIT,UNCLEAR,REVIEW_REQUIRED,False,,POSSIBLE_NEAR_DUPLICATE,train/Venomous_Snake/common_krait-bungarus_caeruleus.jpg,0.996872,NOT_TEST_LEAKAGE,,DIRECTORY_LABEL_PRESERVED,BASIC_QUALITY_PASS,MANUAL_REVIEW_REQUIRED,True,,Possible near-duplicate cannot be automatically cleared; technical status does not establish training/reuse rights
C:\Users\yesam\Desktop\anviksa_ai\new_training_data\snake_images\Indian-Snakes-Dataset-master\Venomous\Common Krait\Commonkrait.jpg,Venomous/Common Krait/Commonkrait.jpg,Commonkrait.jpg,Venomous,Common Krait,2c0e0dabe002ebfc010388395071a0f11261b0879cb7b4a37fee8d0751857f8c,320,184,https://github.com/arjun921/Indian-Snakes-Dataset,VERIFIED,MIT,UNCLEAR,REVIEW_REQUIRED,False,,POSSIBLE_NEAR_DUPLICATE,train/Venomous_Snake/Commonkrait.jpg,0.995818,NOT_TEST_LEAKAGE,,DIRECTORY_LABEL_PRESERVED,BASIC_QUALITY_PASS,MANUAL_REVIEW_REQUIRED,True,,Possible near-duplicate cannot be automatically cleared; technical status does not establish training/reuse rights
C:\Users\yesam\Desktop\anviksa_ai\new_training_data\snake_images\Indian-Snakes-Dataset-master\Venomous\Common Krait\DSC_0019_0.jpg,Venomous/Common Krait/DSC_0019_0.jpg,DSC_0019_0.jpg,Venomous,Common Krait,2bb3996c89c9641d715c1c7383bb1559caef8356163c5ecfba635759b1381a98,3008,2000,https://github.com/arjun921/Indian-Snakes-Dataset,VERIFIED,MIT,UNCLEAR,REVIEW_REQUIRED,False,,POSSIBLE_NEAR_DUPLICATE,train/Venomous_Snake/DSC_0019_0.jpg,0.998435,NOT_TEST_LEAKAGE,,DIRECTORY_LABEL_PRESERVED,BASIC_QUALITY_PASS,MANUAL_REVIEW_REQUIRED,True,,Possible near-duplicate cannot be automatically cleared; technical status does not establish training/reuse rights
C:\Users\yesam\Desktop\anviksa_ai\new_training_data\snake_images\Indian-Snakes-Dataset-master\Venomous\Common Krait\Krait-6.jpg,Venomous/Common Krait/Krait-6.jpg,Krait-6.jpg,Venomous,Common Krait,4e47e10ffc6aca032182955c0642ae22140b10c5daf5347b5867fab2d273f26c,1024,469,https://github.com/arjun921/Indian-Snakes-Dataset,VERIFIED,MIT,UNCLEAR,REVIEW_REQUIRED,False,,POSSIBLE_NEAR_DUPLICATE,train/Venomous_Snake/25.jpg | train/Venomous_Snake/Krait-6.jpg,0.992702,NOT_TEST_LEAKAGE,,DIRECTORY_LABEL_PRESERVED,BASIC_QUALITY_PASS,MANUAL_REVIEW_REQUIRED,True,,Possible near-duplicate cannot be automatically cleared; technical status does not establish training/reuse rights
C:\Users\yesam\Desktop\anviksa_ai\new_training_data\snake_images\Indian-Snakes-Dataset-master\Venomous\Common Krait\KRAIT2_H.JPG,Venomous/Common Krait/KRAIT2_H.JPG,KRAIT2_H.JPG,Venomous,Common Krait,8574cfea53a3fe290e72ea1c01eef7314d3af8a2dde4ffabc03bea3e26f80db5,1278,664,https://github.com/arjun921/Indian-Snakes-Dataset,VERIFIED,MIT,UNCLEAR,REVIEW_REQUIRED,False,,POSSIBLE_NEAR_DUPLICATE,validation/Venomous_Snake/KRAIT2_H.JPG,0.998145,NOT_TEST_LEAKAGE,,DIRECTORY_LABEL_PRESERVED,BASIC_QUALITY_PASS,MANUAL_REVIEW_REQUIRED,True,,Possible near-duplicate cannot be automatically cleared; technical status does not establish training/reuse rights
C:\Users\yesam\Desktop\anviksa_ai\new_training_data\snake_images\Indian-Snakes-Dataset-master\Venomous\Common Krait\KRAIT_HA.JPG,Venomous/Common Krait/KRAIT_HA.JPG,KRAIT_HA.JPG,Venomous,Common Krait,ad5401262bf9482302234b559960e3c86ff4655f8b5cd5b68db3a93edcc52f63,1280,721,https://github.com/arjun921/Indian-Snakes-Dataset,VERIFIED,MIT,UNCLEAR,REVIEW_REQUIRED,False,,POSSIBLE_NEAR_DUPLICATE,train/Venomous_Snake/KRAIT_HA.JPG,0.997775,NOT_TEST_LEAKAGE,,DIRECTORY_LABEL_PRESERVED,BASIC_QUALITY_PASS,MANUAL_REVIEW_REQUIRED,True,,Possible near-duplicate cannot be automatically cleared; technical status does not establish training/reuse rights
C:\Users\yesam\Desktop\anviksa_ai\new_training_data\snake_images\Indian-Snakes-Dataset-master\Venomous\Common Krait\maxresdefault.jpg,Venomous/Common Krait/maxresdefault.jpg,maxresdefault.jpg,Venomous,Common Krait,87a56e24607540630b122e9dd54ca8117e5b67fef6df5749a1acdf80a96c2dde,1280,720,https://github.com/arjun921/Indian-Snakes-Dataset,VERIFIED,MIT,UNCLEAR,REVIEW_REQUIRED,False,,POSSIBLE_NEAR_DUPLICATE,train/Venomous_Snake/maxresdefault.jpg,0.998477,NOT_TEST_LEAKAGE,,DIRECTORY_LABEL_PRESERVED,BASIC_QUALITY_PASS,MANUAL_REVIEW_REQUIRED,True,,Possible near-duplicate cannot be automatically cleared; technical status does not establish training/reuse rights
C:\Users\yesam\Desktop\anviksa_ai\new_training_data\snake_images\Indian-Snakes-Dataset-master\Venomous\Common Krait\maxresdefault_002.jpg,Venomous/Common Krait/maxresdefault_002.jpg,maxresdefault_002.jpg,Venomous,Common Krait,006cf96054a9eec012657a564094baa96f4cb281c433bda84a2bfe7df1041422,1280,720,https://github.com/arjun921/Indian-Snakes-Dataset,VERIFIED,MIT,UNCLEAR,REVIEW_REQUIRED,False,,POSSIBLE_NEAR_DUPLICATE,train/Venomous_Snake/maxresdefault_002.jpg,0.998077,NOT_TEST_LEAKAGE,,DIRECTORY_LABEL_PRESERVED,BASIC_QUALITY_PASS,MANUAL_REVIEW_REQUIRED,True,,Possible near-duplicate cannot be automatically cleared; technical status does not establish training/reuse rights
C:\Users\yesam\Desktop\anviksa_ai\new_training_data\snake_images\Indian-Snakes-Dataset-master\Venomous\Common Krait\maxresdefault_003.jpg,Venomous/Common Krait/maxresdefault_003.jpg,maxresdefault_003.jpg,Venomous,Common Krait,72ecc236cc83e7664bbaf73cc859653166f3535dbefa027359591459c4ba7174,1280,720,https://github.com/arjun921/Indian-Snakes-Dataset,VERIFIED,MIT,UNCLEAR,REVIEW_REQUIRED,False,,POSSIBLE_NEAR_DUPLICATE,train/Venomous_Snake/maxresdefault_003.jpg,0.998054,NOT_TEST_LEAKAGE,,DIRECTORY_LABEL_PRESERVED,BASIC_QUALITY_PASS,MANUAL_REVIEW_REQUIRED,True,,Possible near-duplicate cannot be automatically cleared; technical status does not establish training/reuse rights
C:\Users\yesam\Desktop\anviksa_ai\new_training_data\snake_images\Indian-Snakes-Dataset-master\Venomous\King Cobra\12700.jpg,Venomous/King Cobra/12700.jpg,12700.jpg,Venomous,King Cobra,b3e3f119c21964a998dba94d66747350771b23ed76074d344524d78366ef4ea5,1280,720,https://github.com/arjun921/Indian-Snakes-Dataset,VERIFIED,MIT,UNCLEAR,REVIEW_REQUIRED,False,,POSSIBLE_NEAR_DUPLICATE,test/Venomous_Snake/12700.jpg,0.996402,POSSIBLE_TEST_LEAKAGE,test/Venomous_Snake/12700.jpg,DIRECTORY_LABEL_PRESERVED,BASIC_QUALITY_PASS,MANUAL_REVIEW_REQUIRED,True,,Possible frozen-test leakage cannot be automatically cleared; technical status does not establish training/reuse rights
C:\Users\yesam\Desktop\anviksa_ai\new_training_data\snake_images\Indian-Snakes-Dataset-master\Venomous\King Cobra\170px-Elapidae_-_Ophiophagus_hannah.JPG,Venomous/King Cobra/170px-Elapidae_-_Ophiophagus_hannah.JPG,170px-Elapidae_-_Ophiophagus_hannah.JPG,Venomous,King Cobra,82974c2d42df031986915a08516e286c51c91cb24a881052a0bd4d908a73ac90,170,256,https://github.com/arjun921/Indian-Snakes-Dataset,VERIFIED,MIT,UNCLEAR,REVIEW_REQUIRED,False,,POSSIBLE_NEAR_DUPLICATE,train/Venomous_Snake/170px-Elapidae_-_Ophiophagus_hannah.JPG,0.996226,NOT_TEST_LEAKAGE,,DIRECTORY_LABEL_PRESERVED,BASIC_QUALITY_PASS,MANUAL_REVIEW_REQUIRED,True,,Possible near-duplicate cannot be automatically cleared; technical status does not establish training/reuse rights
C:\Users\yesam\Desktop\anviksa_ai\new_training_data\snake_images\Indian-Snakes-Dataset-master\Venomous\King Cobra\200352091-001.jpg,Venomous/King Cobra/200352091-001.jpg,200352091-001.jpg,Venomous,King Cobra,d05c515bdf3492222254f33859b2a83ea82459cabf436baaabde8291a03317ff,877,500,https://github.com/arjun921/Indian-Snakes-Dataset,VERIFIED,MIT,UNCLEAR,REVIEW_REQUIRED,False,,POSSIBLE_NEAR_DUPLICATE,train/Venomous_Snake/200352091-001.jpg,0.996331,NOT_TEST_LEAKAGE,,DIRECTORY_LABEL_PRESERVED,BASIC_QUALITY_PASS,MANUAL_REVIEW_REQUIRED,True,,Possible near-duplicate cannot be automatically cleared; technical status does not establish training/reuse rights
C:\Users\yesam\Desktop\anviksa_ai\new_training_data\snake_images\Indian-Snakes-Dataset-master\Venomous\King Cobra\23360067593_23360067593_NLKS8443_Searching_for_King_Cobra.jpg,Venomous/King Cobra/23360067593_23360067593_NLKS8443_Searching_for_King_Cobra.jpg,23360067593_23360067593_NLKS8443_Searching_for_King_Cobra.jpg,Venomous,King Cobra,3a92d75d1f99b28ac33e3c6d0953819be5ee0a9f3f3234dc72966e6886ed566c,1920,1080,https://github.com/arjun921/Indian-Snakes-Dataset,VERIFIED,MIT,UNCLEAR,REVIEW_REQUIRED,False,,POSSIBLE_NEAR_DUPLICATE,train/Venomous_Snake/23360067593_23360067593_NLKS8443_Searching_for_King_Cobra.jpg,0.996041,NOT_TEST_LEAKAGE,,DIRECTORY_LABEL_PRESERVED,BASIC_QUALITY_PASS,MANUAL_REVIEW_REQUIRED,True,,Possible near-duplicate cannot be automatically cleared; technical status does not establish training/reuse rights
C:\Users\yesam\Desktop\anviksa_ai\new_training_data\snake_images\Indian-Snakes-Dataset-master\Venomous\King Cobra\5-dog-beat-cobra-795x447.jpg,Venomous/King Cobra/5-dog-beat-cobra-795x447.jpg,5-dog-beat-cobra-795x447.jpg,Venomous,King Cobra,2656a80d13f810f930a36294df8acf9b6b7d8304ea996d67d08bb4a3363c7320,795,447,https://github.com/arjun921/Indian-Snakes-Dataset,VERIFIED,MIT,UNCLEAR,REVIEW_REQUIRED,False,,POSSIBLE_NEAR_DUPLICATE,test/Venomous_Snake/5-dog-beat-cobra-795x447.jpg,0.996777,POSSIBLE_TEST_LEAKAGE,test/Venomous_Snake/5-dog-beat-cobra-795x447.jpg,DIRECTORY_LABEL_PRESERVED,BASIC_QUALITY_PASS,MANUAL_REVIEW_REQUIRED,True,,Possible frozen-test leakage cannot be automatically cleared; technical status does not establish training/reuse rights
C:\Users\yesam\Desktop\anviksa_ai\new_training_data\snake_images\Indian-Snakes-Dataset-master\Venomous\King Cobra\520e37a2-d600-4c4f-8f19-6b87429fc7a0.Full_.jpg,Venomous/King Cobra/520e37a2-d600-4c4f-8f19-6b87429fc7a0.Full_.jpg,520e37a2-d600-4c4f-8f19-6b87429fc7a0.Full_.jpg,Venomous,King Cobra,215829324ba29cf715b409b5d6e2553bcb59352baeb1857bff9bb95b2d85303c,588,233,https://github.com/arjun921/Indian-Snakes-Dataset,VERIFIED,MIT,UNCLEAR,REVIEW_REQUIRED,False,,POSSIBLE_NEAR_DUPLICATE,test/Venomous_Snake/520e37a2-d600-4c4f-8f19-6b87429fc7a0.Full_.jpg,0.996613,POSSIBLE_TEST_LEAKAGE,test/Venomous_Snake/520e37a2-d600-4c4f-8f19-6b87429fc7a0.Full_.jpg,DIRECTORY_LABEL_PRESERVED,BASIC_QUALITY_PASS,MANUAL_REVIEW_REQUIRED,True,,Possible frozen-test leakage cannot be automatically cleared; technical status does not establish training/reuse rights
C:\Users\yesam\Desktop\anviksa_ai\new_training_data\snake_images\Indian-Snakes-Dataset-master\Venomous\King Cobra\7691.jpg,Venomous/King Cobra/7691.jpg,7691.jpg,Venomous,King Cobra,65467fedf4dc295586d566bb0b9aa280101c95303ff45416cbeb8421f0da864a,1280,720,https://github.com/arjun921/Indian-Snakes-Dataset,VERIFIED,MIT,UNCLEAR,REVIEW_REQUIRED,False,,POSSIBLE_NEAR_DUPLICATE,validation/Venomous_Snake/7691.jpg,0.996919,NOT_TEST_LEAKAGE,,DIRECTORY_LABEL_PRESERVED,BASIC_QUALITY_PASS,MANUAL_REVIEW_REQUIRED,True,,Possible near-duplicate cannot be automatically cleared; technical status does not establish training/reuse rights
C:\Users\yesam\Desktop\anviksa_ai\new_training_data\snake_images\Indian-Snakes-Dataset-master\Venomous\King Cobra\ap17207013744013.jpg,Venomous/King Cobra/ap17207013744013.jpg,ap17207013744013.jpg,Venomous,King Cobra,a34bb721564e03b1b3bf427dc357d519c560186e53510369395a0878dfa19ff0,2400,1800,https://github.com/arjun921/Indian-Snakes-Dataset,VERIFIED,MIT,UNCLEAR,REVIEW_REQUIRED,False,,POSSIBLE_NEAR_DUPLICATE,validation/Venomous_Snake/ap17207013744013.jpg,0.997497,NOT_TEST_LEAKAGE,,DIRECTORY_LABEL_PRESERVED,BASIC_QUALITY_PASS,MANUAL_REVIEW_REQUIRED,True,,Possible near-duplicate cannot be automatically cleared; technical status does not establish training/reuse rights
C:\Users\yesam\Desktop\anviksa_ai\new_training_data\snake_images\Indian-Snakes-Dataset-master\Venomous\King Cobra\b3bddd06c161b0b368fca1845dff6e974aa48bcc87495bff50309d9b19296ae7.jpg,Venomous/King Cobra/b3bddd06c161b0b368fca1845dff6e974aa48bcc87495bff50309d9b19296ae7.jpg,b3bddd06c161b0b368fca1845dff6e974aa48bcc87495bff50309d9b19296ae7.jpg,Venomous,King Cobra,6ce30dbd428c41e83d82863f6993e83b483c65fa1fa3318d71512606baa4f3fd,468,250,https://github.com/arjun921/Indian-Snakes-Dataset,VERIFIED,MIT,UNCLEAR,REVIEW_REQUIRED,False,,POSSIBLE_NEAR_DUPLICATE,validation/Venomous_Snake/b3bddd06c161b0b368fca1845dff6e974aa48bcc87495bff50309d9b19296ae7.jpg,0.997281,NOT_TEST_LEAKAGE,,DIRECTORY_LABEL_PRESERVED,BASIC_QUALITY_PASS,MANUAL_REVIEW_REQUIRED,True,,Possible near-duplicate cannot be automatically cleared; technical status does not establish training/reuse rights
C:\Users\yesam\Desktop\anviksa_ai\new_training_data\snake_images\Indian-Snakes-Dataset-master\Venomous\King Cobra\cobra-head.jpg,Venomous/King Cobra/cobra-head.jpg,cobra-head.jpg,Venomous,King Cobra,311fc4ccefbd09a1b57d0d98a2b9f5519fd28229ece352cfbd27b18bcb56bacd,511,275,https://github.com/arjun921/Indian-Snakes-Dataset,VERIFIED,MIT,UNCLEAR,REVIEW_REQUIRED,False,,POSSIBLE_NEAR_DUPLICATE,train/Venomous_Snake/cobra-head.jpg,0.998154,NOT_TEST_LEAKAGE,,DIRECTORY_LABEL_PRESERVED,BASIC_QUALITY_PASS,MANUAL_REVIEW_REQUIRED,True,,Possible near-duplicate cannot be automatically cleared; technical status does not establish training/reuse rights
C:\Users\yesam\Desktop\anviksa_ai\new_training_data\snake_images\Indian-Snakes-Dataset-master\Venomous\King Cobra\cobra-long.jpg,Venomous/King Cobra/cobra-long.jpg,cobra-long.jpg,Venomous,King Cobra,feb2a2c9180af6393f5cc2c9763272d172792de5fd41e436150b93da6b10cfab,580,1032,https://github.com/arjun921/Indian-Snakes-Dataset,VERIFIED,MIT,UNCLEAR,REVIEW_REQUIRED,False,,POSSIBLE_NEAR_DUPLICATE,train/Venomous_Snake/cobra-long.jpg,0.997843,NOT_TEST_LEAKAGE,,DIRECTORY_LABEL_PRESERVED,BASIC_QUALITY_PASS,MANUAL_REVIEW_REQUIRED,True,,Possible near-duplicate cannot be automatically cleared; technical status does not establish training/reuse rights
C:\Users\yesam\Desktop\anviksa_ai\new_training_data\snake_images\Indian-Snakes-Dataset-master\Venomous\King Cobra\cobra6n.jpg,Venomous/King Cobra/cobra6n.jpg,cobra6n.jpg,Venomous,King Cobra,6a9c3f5ceb643f1a90655f77d29cc11a634385f41e8a6b4ba5fd28ae4fcd879d,750,425,https://github.com/arjun921/Indian-Snakes-Dataset,VERIFIED,MIT,UNCLEAR,REVIEW_REQUIRED,False,,POSSIBLE_NEAR_DUPLICATE,train/Venomous_Snake/cobra6n.jpg,0.996762,NOT_TEST_LEAKAGE,,DIRECTORY_LABEL_PRESERVED,BASIC_QUALITY_PASS,MANUAL_REVIEW_REQUIRED,True,,Possible near-duplicate cannot be automatically cleared; technical status does not establish training/reuse rights
C:\Users\yesam\Desktop\anviksa_ai\new_training_data\snake_images\Indian-Snakes-Dataset-master\Venomous\King Cobra\cobra_001.jpg,Venomous/King Cobra/cobra_001.jpg,cobra_001.jpg,Venomous,King Cobra,18ec701a98540da6bbec3e5006db510f9d1039e6ddd1e025d1b8755f0c14f4b0,1939,1315,https://github.com/arjun921/Indian-Snakes-Dataset,VERIFIED,MIT,UNCLEAR,REVIEW_REQUIRED,False,,POSSIBLE_NEAR_DUPLICATE,train/Venomous_Snake/cobra_001.jpg,0.997669,NOT_TEST_LEAKAGE,,DIRECTORY_LABEL_PRESERVED,BASIC_QUALITY_PASS,MANUAL_REVIEW_REQUIRED,True,,Possible near-duplicate cannot be automatically cleared; technical status does not establish training/reuse rights
C:\Users\yesam\Desktop\anviksa_ai\new_training_data\snake_images\Indian-Snakes-Dataset-master\Venomous\King Cobra\cobra_002.jpg,Venomous/King Cobra/cobra_002.jpg,cobra_002.jpg,Venomous,King Cobra,6826c5bfa9652af9824655e095f85a47c6f2e43ebed77483d49e0c6c1b86995f,2048,1001,https://github.com/arjun921/Indian-Snakes-Dataset,VERIFIED,MIT,UNCLEAR,REVIEW_REQUIRED,False,,POSSIBLE_NEAR_DUPLICATE,train/Venomous_Snake/cobra_002.jpg,0.996174,NOT_TEST_LEAKAGE,,DIRECTORY_LABEL_PRESERVED,BASIC_QUALITY_PASS,MANUAL_REVIEW_REQUIRED,True,,Possible near-duplicate cannot be automatically cleared; technical status does not establish training/reuse rights
C:\Users\yesam\Desktop\anviksa_ai\new_training_data\snake_images\Indian-Snakes-Dataset-master\Venomous\King Cobra\exotic_king_cobra_h.jpg,Venomous/King Cobra/exotic_king_cobra_h.jpg,exotic_king_cobra_h.jpg,Venomous,King Cobra,3d56b6666ecb1546f8274b3274cab6bdf0890f3e2bd0f8a6c052a9c3eb0be4a0,2048,1152,https://github.com/arjun921/Indian-Snakes-Dataset,VERIFIED,MIT,UNCLEAR,REVIEW_REQUIRED,False,,POSSIBLE_NEAR_DUPLICATE,train/Venomous_Snake/exotic_king_cobra_h.jpg,0.996539,NOT_TEST_LEAKAGE,,DIRECTORY_LABEL_PRESERVED,BASIC_QUALITY_PASS,MANUAL_REVIEW_REQUIRED,True,,Possible near-duplicate cannot be automatically cleared; technical status does not establish training/reuse rights
C:\Users\yesam\Desktop\anviksa_ai\new_training_data\snake_images\Indian-Snakes-Dataset-master\Venomous\King Cobra\IMG_7375.jpg,Venomous/King Cobra/IMG_7375.jpg,IMG_7375.jpg,Venomous,King Cobra,81b1edb11c6788cfd5bb4e037cfe7c7d96ac01dfd3e5366f07de1c242f693999,2890,4088,https://github.com/arjun921/Indian-Snakes-Dataset,VERIFIED,MIT,UNCLEAR,REVIEW_REQUIRED,False,,POSSIBLE_NEAR_DUPLICATE,validation/Venomous_Snake/IMG_7375.jpg,0.99791,NOT_TEST_LEAKAGE,,DIRECTORY_LABEL_PRESERVED,BASIC_QUALITY_PASS,MANUAL_REVIEW_REQUIRED,True,,Possible near-duplicate cannot be automatically cleared; technical status does not establish training/reuse rights
C:\Users\yesam\Desktop\anviksa_ai\new_training_data\snake_images\Indian-Snakes-Dataset-master\Venomous\King Cobra\IMG_7415.jpg,Venomous/King Cobra/IMG_7415.jpg,IMG_7415.jpg,Venomous,King Cobra,b465ddd90be16738358d5c8be5d9a06435718b3ef76ca43e9f3127c5b96a367a,3342,2600,https://github.com/arjun921/Indian-Snakes-Dataset,VERIFIED,MIT,UNCLEAR,REVIEW_REQUIRED,False,,POSSIBLE_NEAR_DUPLICATE,train/Venomous_Snake/IMG_7415.jpg,0.994884,NOT_TEST_LEAKAGE,,DIRECTORY_LABEL_PRESERVED,BASIC_QUALITY_PASS,MANUAL_REVIEW_REQUIRED,True,,Possible near-duplicate cannot be automatically cleared; technical status does not establish training/reuse rights
C:\Users\yesam\Desktop\anviksa_ai\new_training_data\snake_images\Indian-Snakes-Dataset-master\Venomous\King Cobra\IMG_7421.jpg,Venomous/King Cobra/IMG_7421.jpg,IMG_7421.jpg,Venomous,King Cobra,93e4f993106bc35e5b66772719a25997b731223a423cd4080e148bad5b20f9f0,3700,2514,https://github.com/arjun921/Indian-Snakes-Dataset,VERIFIED,MIT,UNCLEAR,REVIEW_REQUIRED,False,,POSSIBLE_NEAR_DUPLICATE,train/Venomous_Snake/IMG_7421.jpg,0.995482,NOT_TEST_LEAKAGE,,DIRECTORY_LABEL_PRESERVED,BASIC_QUALITY_PASS,MANUAL_REVIEW_REQUIRED,True,,Possible near-duplicate cannot be automatically cleared; technical status does not establish training/reuse rights
C:\Users\yesam\Desktop\anviksa_ai\new_training_data\snake_images\Indian-Snakes-Dataset-master\Venomous\King Cobra\king-cobra-1_001.jpg,Venomous/King Cobra/king-cobra-1_001.jpg,king-cobra-1_001.jpg,Venomous,King Cobra,37aba2799c4989471069fa6e56dee9c80faf21f758986d6b781920749856bd7e,2048,1424,https://github.com/arjun921/Indian-Snakes-Dataset,VERIFIED,MIT,UNCLEAR,REVIEW_REQUIRED,False,,POSSIBLE_NEAR_DUPLICATE,train/Venomous_Snake/king-cobra-1_001.jpg,0.996781,NOT_TEST_LEAKAGE,,DIRECTORY_LABEL_PRESERVED,BASIC_QUALITY_PASS,MANUAL_REVIEW_REQUIRED,True,,Possible near-duplicate cannot be automatically cleared; technical status does not establish training/reuse rights
C:\Users\yesam\Desktop\anviksa_ai\new_training_data\snake_images\Indian-Snakes-Dataset-master\Venomous\King Cobra\King-Cobra-by-kokotewan-640x326.jpg,Venomous/King Cobra/King-Cobra-by-kokotewan-640x326.jpg,King-Cobra-by-kokotewan-640x326.jpg,Venomous,King Cobra,63b9cefe19fc77a562cb2f95c7bd004d667cbcc6309a3ed8b3c08723e39a8dcb,640,326,https://github.com/arjun921/Indian-Snakes-Dataset,VERIFIED,MIT,UNCLEAR,REVIEW_REQUIRED,False,,POSSIBLE_NEAR_DUPLICATE,train/Venomous_Snake/King-Cobra-by-kokotewan-640x326.jpg,0.99869,NOT_TEST_LEAKAGE,,DIRECTORY_LABEL_PRESERVED,BASIC_QUALITY_PASS,MANUAL_REVIEW_REQUIRED,True,,Possible near-duplicate cannot be automatically cleared; technical status does not establish training/reuse rights
C:\Users\yesam\Desktop\anviksa_ai\new_training_data\snake_images\Indian-Snakes-Dataset-master\Venomous\King Cobra\King-Cobra-captive.jpg,Venomous/King Cobra/King-Cobra-captive.jpg,King-Cobra-captive.jpg,Venomous,King Cobra,4982aeddcb97b035e75a917712ec746dbd2865f52215b559878206e7fe2d043b,968,512,https://github.com/arjun921/Indian-Snakes-Dataset,VERIFIED,MIT,UNCLEAR,REVIEW_REQUIRED,False,,POSSIBLE_NEAR_DUPLICATE,train/Venomous_Snake/King-Cobra-captive.jpg,0.997487,NOT_TEST_LEAKAGE,,DIRECTORY_LABEL_PRESERVED,BASIC_QUALITY_PASS,MANUAL_REVIEW_REQUIRED,True,,Possible near-duplicate cannot be automatically cleared; technical status does not establish training/reuse rights
C:\Users\yesam\Desktop\anviksa_ai\new_training_data\snake_images\Indian-Snakes-Dataset-master\Venomous\King Cobra\king-cobra-wallpapers-desktop-background.jpg,Venomous/King Cobra/king-cobra-wallpapers-desktop-background.jpg,king-cobra-wallpapers-desktop-background.jpg,Venomous,King Cobra,5304f739c4c9d6619af5a89d390147d9845ae4bef8305eead8f80965b1e54c8f,2560,1600,https://github.com/arjun921/Indian-Snakes-Dataset,VERIFIED,MIT,UNCLEAR,REVIEW_REQUIRED,False,,POSSIBLE_NEAR_DUPLICATE,train/Venomous_Snake/king-cobra-wallpapers-desktop-background.jpg,0.997781,NOT_TEST_LEAKAGE,,DIRECTORY_LABEL_PRESERVED,BASIC_QUALITY_PASS,MANUAL_REVIEW_REQUIRED,True,,Possible near-duplicate cannot be automatically cleared; technical status does not establish training/reuse rights
C:\Users\yesam\Desktop\anviksa_ai\new_training_data\snake_images\Indian-Snakes-Dataset-master\Venomous\King Cobra\King_Cobra_25.jpg,Venomous/King Cobra/King_Cobra_25.jpg,King_Cobra_25.jpg,Venomous,King Cobra,71772281a1263a057b41bda3e3e80fc93567e7c85423fe2444454aa77dff3fa3,3310,2648,https://github.com/arjun921/Indian-Snakes-Dataset,VERIFIED,MIT,UNCLEAR,REVIEW_REQUIRED,False,,POSSIBLE_NEAR_DUPLICATE,train/Venomous_Snake/King_Cobra_25.jpg,0.997547,NOT_TEST_LEAKAGE,,DIRECTORY_LABEL_PRESERVED,BASIC_QUALITY_PASS,MANUAL_REVIEW_REQUIRED,True,,Possible near-duplicate cannot be automatically cleared; technical status does not establish training/reuse rights
C:\Users\yesam\Desktop\anviksa_ai\new_training_data\snake_images\Indian-Snakes-Dataset-master\Venomous\King Cobra\kingcobra-002.jpg,Venomous/King Cobra/kingcobra-002.jpg,kingcobra-002.jpg,Venomous,King Cobra,87fb9a880a54b0449baf58ea2cf8c283f4b027036937c313c4f90429472f0a30,1400,845,https://github.com/arjun921/Indian-Snakes-Dataset,VERIFIED,MIT,UNCLEAR,REVIEW_REQUIRED,False,,POSSIBLE_NEAR_DUPLICATE,train/Venomous_Snake/kingcobra-002.jpg,0.997465,NOT_TEST_LEAKAGE,,DIRECTORY_LABEL_PRESERVED,BASIC_QUALITY_PASS,MANUAL_REVIEW_REQUIRED,True,,Possible near-duplicate cannot be automatically cleared; technical status does not establish training/reuse rights
C:\Users\yesam\Desktop\anviksa_ai\new_training_data\snake_images\Indian-Snakes-Dataset-master\Venomous\King Cobra\KingCobra_001.jpg,Venomous/King Cobra/KingCobra_001.jpg,KingCobra_001.jpg,Venomous,King Cobra,9c133a1142399665d81d17af382dd805074f7ef9fed0006809396804e3063fc0,1800,1200,https://github.com/arjun921/Indian-Snakes-Dataset,VERIFIED,MIT,UNCLEAR,REVIEW_REQUIRED,False,,POSSIBLE_NEAR_DUPLICATE,train/Venomous_Snake/KingCobra_001.jpg,0.996609,NOT_TEST_LEAKAGE,,DIRECTORY_LABEL_PRESERVED,BASIC_QUALITY_PASS,MANUAL_REVIEW_REQUIRED,True,,Possible near-duplicate cannot be automatically cleared; technical status does not establish training/reuse rights
C:\Users\yesam\Desktop\anviksa_ai\new_training_data\snake_images\Indian-Snakes-Dataset-master\Venomous\King Cobra\KingCobra_003.jpg,Venomous/King Cobra/KingCobra_003.jpg,KingCobra_003.jpg,Venomous,King Cobra,3561af5b81369097f07d494cea8de615da5f27689b842b3075b558b2c65c26b1,2226,1296,https://github.com/arjun921/Indian-Snakes-Dataset,VERIFIED,MIT,UNCLEAR,REVIEW_REQUIRED,False,,POSSIBLE_NEAR_DUPLICATE,train/Venomous_Snake/KingCobra_003.jpg,0.995325,NOT_TEST_LEAKAGE,,DIRECTORY_LABEL_PRESERVED,BASIC_QUALITY_PASS,MANUAL_REVIEW_REQUIRED,True,,Possible near-duplicate cannot be automatically cleared; technical status does not establish training/reuse rights
C:\Users\yesam\Desktop\anviksa_ai\new_training_data\snake_images\Indian-Snakes-Dataset-master\Venomous\King Cobra\landing_king-cobra.jpg,Venomous/King Cobra/landing_king-cobra.jpg,landing_king-cobra.jpg,Venomous,King Cobra,1ce1d1e54735af29cf7d67902e97a47862d5adbb7b69c6cdf3e7b3b7b0fe2f79,768,358,https://github.com/arjun921/Indian-Snakes-Dataset,VERIFIED,MIT,UNCLEAR,REVIEW_REQUIRED,False,,POSSIBLE_NEAR_DUPLICATE,train/Venomous_Snake/landing_king-cobra.jpg,0.996203,NOT_TEST_LEAKAGE,,DIRECTORY_LABEL_PRESERVED,BASIC_QUALITY_PASS,MANUAL_REVIEW_REQUIRED,True,,Possible near-duplicate cannot be automatically cleared; technical status does not establish training/reuse rights
C:\Users\yesam\Desktop\anviksa_ai\new_training_data\snake_images\Indian-Snakes-Dataset-master\Venomous\King Cobra\PAY-COBRA-SNAKE-RESCUE.jpg,Venomous/King Cobra/PAY-COBRA-SNAKE-RESCUE.jpg,PAY-COBRA-SNAKE-RESCUE.jpg,Venomous,King Cobra,ab6ce1d6124bf868f8f9d0c05076cef11cc13cdfa0559e7bf0be0a2df638f7fd,615,298,https://github.com/arjun921/Indian-Snakes-Dataset,VERIFIED,MIT,UNCLEAR,REVIEW_REQUIRED,False,,POSSIBLE_NEAR_DUPLICATE,train/Venomous_Snake/PAY-COBRA-SNAKE-RESCUE.jpg,0.997164,NOT_TEST_LEAKAGE,,DIRECTORY_LABEL_PRESERVED,BASIC_QUALITY_PASS,MANUAL_REVIEW_REQUIRED,True,,Possible near-duplicate cannot be automatically cleared; technical status does not establish training/reuse rights
C:\Users\yesam\Desktop\anviksa_ai\new_training_data\snake_images\Indian-Snakes-Dataset-master\Venomous\King Cobra\photos.medleyphoto.13543526.jpg,Venomous/King Cobra/photos.medleyphoto.13543526.jpg,photos.medleyphoto.13543526.jpg,Venomous,King Cobra,7836ae7de01a113da0d0d6545a1d4b52c1c535f7114ed0617b3137736af1a192,800,478,https://github.com/arjun921/Indian-Snakes-Dataset,VERIFIED,MIT,UNCLEAR,REVIEW_REQUIRED,False,,POSSIBLE_NEAR_DUPLICATE,validation/Venomous_Snake/photos.medleyphoto.13543526.jpg,0.996547,NOT_TEST_LEAKAGE,,DIRECTORY_LABEL_PRESERVED,BASIC_QUALITY_PASS,MANUAL_REVIEW_REQUIRED,True,,Possible near-duplicate cannot be automatically cleared; technical status does not establish training/reuse rights
C:\Users\yesam\Desktop\anviksa_ai\new_training_data\snake_images\Indian-Snakes-Dataset-master\Venomous\King Cobra\r0_135_2757_1691_w1200_h678_fmax.jpg,Venomous/King Cobra/r0_135_2757_1691_w1200_h678_fmax.jpg,r0_135_2757_1691_w1200_h678_fmax.jpg,Venomous,King Cobra,37e2349d3d0b546906a93443809609b802feb213c3fbba48ec01a374bd29fcf7,1200,677,https://github.com/arjun921/Indian-Snakes-Dataset,VERIFIED,MIT,UNCLEAR,REVIEW_REQUIRED,False,,POSSIBLE_NEAR_DUPLICATE,train/Venomous_Snake/r0_135_2757_1691_w1200_h678_fmax.jpg,0.99667,NOT_TEST_LEAKAGE,,DIRECTORY_LABEL_PRESERVED,BASIC_QUALITY_PASS,MANUAL_REVIEW_REQUIRED,True,,Possible near-duplicate cannot be automatically cleared; technical status does not establish training/reuse rights
C:\Users\yesam\Desktop\anviksa_ai\new_training_data\snake_images\Indian-Snakes-Dataset-master\Venomous\King Cobra\snake-kingcobra-reptile-597045-o.jpg,Venomous/King Cobra/snake-kingcobra-reptile-597045-o.jpg,snake-kingcobra-reptile-597045-o.jpg,Venomous,King Cobra,de0291e114cb0432aa1331274aee4cf04ae4f64f79cc6ad8c4d6f87aedca58d9,4416,3312,https://github.com/arjun921/Indian-Snakes-Dataset,VERIFIED,MIT,UNCLEAR,REVIEW_REQUIRED,False,,POSSIBLE_NEAR_DUPLICATE,validation/Venomous_Snake/snake-kingcobra-reptile-597045-o.jpg,0.997066,NOT_TEST_LEAKAGE,,DIRECTORY_LABEL_PRESERVED,BASIC_QUALITY_PASS,MANUAL_REVIEW_REQUIRED,True,,Possible near-duplicate cannot be automatically cleared; technical status does not establish training/reuse rights
C:\Users\yesam\Desktop\anviksa_ai\new_training_data\snake_images\Indian-Snakes-Dataset-master\Venomous\King Cobra\T05-0001-0111.jpg,Venomous/King Cobra/T05-0001-0111.jpg,T05-0001-0111.jpg,Venomous,King Cobra,381962daa09513c42b4867da497c45053313c7fc288af981d4c35d86e5296b1a,770,430,https://github.com/arjun921/Indian-Snakes-Dataset,VERIFIED,MIT,UNCLEAR,REVIEW_REQUIRED,False,,POSSIBLE_NEAR_DUPLICATE,validation/Venomous_Snake/T05-0001-0111.jpg,0.997461,NOT_TEST_LEAKAGE,,DIRECTORY_LABEL_PRESERVED,BASIC_QUALITY_PASS,MANUAL_REVIEW_REQUIRED,True,,Possible near-duplicate cannot be automatically cleared; technical status does not establish training/reuse rights
C:\Users\yesam\Desktop\anviksa_ai\new_training_data\snake_images\Indian-Snakes-Dataset-master\Venomous\Monocled Cobra\13350233_1079893875431314_5715026036656697829_o.jpg,Venomous/Monocled Cobra/13350233_1079893875431314_5715026036656697829_o.jpg,13350233_1079893875431314_5715026036656697829_o.jpg,Venomous,Monocled Cobra,1c554c0e943e55f47ea4d87e5edca890ede09cb7928f721a8b0f0bf2a3766cbf,2048,1280,https://github.com/arjun921/Indian-Snakes-Dataset,VERIFIED,MIT,UNCLEAR,REVIEW_REQUIRED,False,,POSSIBLE_NEAR_DUPLICATE,test/Venomous_Snake/13350233_1079893875431314_5715026036656697829_o.jpg,0.997921,POSSIBLE_TEST_LEAKAGE,test/Venomous_Snake/13350233_1079893875431314_5715026036656697829_o.jpg,DIRECTORY_LABEL_PRESERVED,BASIC_QUALITY_PASS,MANUAL_REVIEW_REQUIRED,True,,Possible frozen-test leakage cannot be automatically cleared; technical status does not establish training/reuse rights
C:\Users\yesam\Desktop\anviksa_ai\new_training_data\snake_images\Indian-Snakes-Dataset-master\Venomous\Monocled Cobra\1_001.jpg,Venomous/Monocled Cobra/1_001.jpg,1_001.jpg,Venomous,Monocled Cobra,1e4e735f0e67b403e46a6284f6c173372a8b657c6a7542e83ce3afdb93d1dd71,852,480,https://github.com/arjun921/Indian-Snakes-Dataset,VERIFIED,MIT,UNCLEAR,REVIEW_REQUIRED,False,,POSSIBLE_NEAR_DUPLICATE,train/Venomous_Snake/1_001.jpg,0.99734,NOT_TEST_LEAKAGE,,DIRECTORY_LABEL_PRESERVED,BASIC_QUALITY_PASS,MANUAL_REVIEW_REQUIRED,True,,Possible near-duplicate cannot be automatically cleared; technical status does not establish training/reuse rights
C:\Users\yesam\Desktop\anviksa_ai\new_training_data\snake_images\Indian-Snakes-Dataset-master\Venomous\Monocled Cobra\1_002.jpg,Venomous/Monocled Cobra/1_002.jpg,1_002.jpg,Venomous,Monocled Cobra,00c39f8fc78070a2a2e6c0de23051cfec5f45397f2981c4206207d67aa701e38,852,480,https://github.com/arjun921/Indian-Snakes-Dataset,VERIFIED,MIT,UNCLEAR,REVIEW_REQUIRED,False,,POSSIBLE_NEAR_DUPLICATE,train/Venomous_Snake/1_002.jpg,0.997148,NOT_TEST_LEAKAGE,,DIRECTORY_LABEL_PRESERVED,BASIC_QUALITY_PASS,MANUAL_REVIEW_REQUIRED,True,,Possible near-duplicate cannot be automatically cleared; technical status does not establish training/reuse rights
C:\Users\yesam\Desktop\anviksa_ai\new_training_data\snake_images\Indian-Snakes-Dataset-master\Venomous\Monocled Cobra\1_010.jpg,Venomous/Monocled Cobra/1_010.jpg,1_010.jpg,Venomous,Monocled Cobra,0af0769abb4d58dbec76e0388f5959992b4278f75a29b3f060dbce245f197cca,852,480,https://github.com/arjun921/Indian-Snakes-Dataset,VERIFIED,MIT,UNCLEAR,REVIEW_REQUIRED,False,,POSSIBLE_NEAR_DUPLICATE,validation/Venomous_Snake/1_010.jpg,0.996486,NOT_TEST_LEAKAGE,,DIRECTORY_LABEL_PRESERVED,BASIC_QUALITY_PASS,MANUAL_REVIEW_REQUIRED,True,,Possible near-duplicate cannot be automatically cleared; technical status does not establish training/reuse rights
C:\Users\yesam\Desktop\anviksa_ai\new_training_data\snake_images\Indian-Snakes-Dataset-master\Venomous\Monocled Cobra\263591_10150346421368504_683593503_10295748_8378405_n (6).jpg,Venomous/Monocled Cobra/263591_10150346421368504_683593503_10295748_8378405_n (6).jpg,263591_10150346421368504_683593503_10295748_8378405_n (6).jpg,Venomous,Monocled Cobra,b10749defc6d4b455d3b4fef23463c4d4b58160a5d626831ba6ea8b79e491c70,720,346,https://github.com/arjun921/Indian-Snakes-Dataset,VERIFIED,MIT,UNCLEAR,REVIEW_REQUIRED,False,,POSSIBLE_NEAR_DUPLICATE,test/Venomous_Snake/263591_10150346421368504_683593503_10295748_8378405_n (6).jpg,0.995358,POSSIBLE_TEST_LEAKAGE,test/Venomous_Snake/263591_10150346421368504_683593503_10295748_8378405_n (6).jpg,DIRECTORY_LABEL_PRESERVED,BASIC_QUALITY_PASS,MANUAL_REVIEW_REQUIRED,True,,Possible frozen-test leakage cannot be automatically cleared; technical status does not establish training/reuse rights
C:\Users\yesam\Desktop\anviksa_ai\new_training_data\snake_images\Indian-Snakes-Dataset-master\Venomous\Monocled Cobra\858129_1280x720.jpg,Venomous/Monocled Cobra/858129_1280x720.jpg,858129_1280x720.jpg,Venomous,Monocled Cobra,37feb07519415be6efe3918a3a001d7276c3c6c90fee32535301b35bd7278a7a,1280,720,https://github.com/arjun921/Indian-Snakes-Dataset,VERIFIED,MIT,UNCLEAR,REVIEW_REQUIRED,False,,POSSIBLE_NEAR_DUPLICATE,test/Venomous_Snake/858129_1280x720.jpg,0.997499,POSSIBLE_TEST_LEAKAGE,test/Venomous_Snake/858129_1280x720.jpg,DIRECTORY_LABEL_PRESERVED,BASIC_QUALITY_PASS,MANUAL_REVIEW_REQUIRED,True,,Possible frozen-test leakage cannot be automatically cleared; technical status does not establish training/reuse rights
C:\Users\yesam\Desktop\anviksa_ai\new_training_data\snake_images\Indian-Snakes-Dataset-master\Venomous\Monocled Cobra\9.jpg,Venomous/Monocled Cobra/9.jpg,9.jpg,Venomous,Monocled Cobra,ab75d32c06a88c96909f6fddfd6f6200652058ee7dcc8a91b16a5dc7eba5ea81,852,480,https://github.com/arjun921/Indian-Snakes-Dataset,VERIFIED,MIT,UNCLEAR,REVIEW_REQUIRED,False,,POSSIBLE_NEAR_DUPLICATE,train/Venomous_Snake/9 (3).jpg,0.998018,NOT_TEST_LEAKAGE,,DIRECTORY_LABEL_PRESERVED,BASIC_QUALITY_PASS,MANUAL_REVIEW_REQUIRED,True,,Possible near-duplicate cannot be automatically cleared; technical status does not establish training/reuse rights
C:\Users\yesam\Desktop\anviksa_ai\new_training_data\snake_images\Indian-Snakes-Dataset-master\Venomous\Monocled Cobra\bi5uo5ktrmbc1bcqqdrf.jpg,Venomous/Monocled Cobra/bi5uo5ktrmbc1bcqqdrf.jpg,bi5uo5ktrmbc1bcqqdrf.jpg,Venomous,Monocled Cobra,2310fa7ae55ec512330a95dc8612666494dff45cbfe3e8129f76fc9136e23c44,654,367,https://github.com/arjun921/Indian-Snakes-Dataset,VERIFIED,MIT,UNCLEAR,REVIEW_REQUIRED,False,,POSSIBLE_NEAR_DUPLICATE,train/Venomous_Snake/bi5uo5ktrmbc1bcqqdrf.jpg,0.99838,NOT_TEST_LEAKAGE,,DIRECTORY_LABEL_PRESERVED,BASIC_QUALITY_PASS,MANUAL_REVIEW_REQUIRED,True,,Possible near-duplicate cannot be automatically cleared; technical status does not establish training/reuse rights
C:\Users\yesam\Desktop\anviksa_ai\new_training_data\snake_images\Indian-Snakes-Dataset-master\Venomous\Monocled Cobra\Cobra-Monocled-7356-full.jpg,Venomous/Monocled Cobra/Cobra-Monocled-7356-full.jpg,Cobra-Monocled-7356-full.jpg,Venomous,Monocled Cobra,b60282c45330ec0d946196a21c799cef0e55d230ffdffd4380ac198dccbfe2a0,1280,720,https://github.com/arjun921/Indian-Snakes-Dataset,VERIFIED,MIT,UNCLEAR,REVIEW_REQUIRED,False,,POSSIBLE_NEAR_DUPLICATE,train/Venomous_Snake/Cobra-Monocled-7356-full.jpg,0.993513,NOT_TEST_LEAKAGE,,DIRECTORY_LABEL_PRESERVED,BASIC_QUALITY_PASS,MANUAL_REVIEW_REQUIRED,True,,Possible near-duplicate cannot be automatically cleared; technical status does not establish training/reuse rights
C:\Users\yesam\Desktop\anviksa_ai\new_training_data\snake_images\Indian-Snakes-Dataset-master\Venomous\Monocled Cobra\cobra-monocled-naja-very-dangerous-looking-rat-food-67509736.jpg,Venomous/Monocled Cobra/cobra-monocled-naja-very-dangerous-looking-rat-food-67509736.jpg,cobra-monocled-naja-very-dangerous-looking-rat-food-67509736.jpg,Venomous,Monocled Cobra,0f8ec317d45d3e530f189ebf4e00215d894b2e9a0eb35c4bc194b6c3a38f807d,307,160,https://github.com/arjun921/Indian-Snakes-Dataset,VERIFIED,MIT,UNCLEAR,REVIEW_REQUIRED,False,,POSSIBLE_NEAR_DUPLICATE,train/Venomous_Snake/cobra-monocled-naja-very-dangerous-looking-rat-food-67509736.jpg,0.996194,NOT_TEST_LEAKAGE,,DIRECTORY_LABEL_PRESERVED,BASIC_QUALITY_PASS,MANUAL_REVIEW_REQUIRED,True,,Possible near-duplicate cannot be automatically cleared; technical status does not establish training/reuse rights
C:\Users\yesam\Desktop\anviksa_ai\new_training_data\snake_images\Indian-Snakes-Dataset-master\Venomous\Monocled Cobra\cobra-monocled.jpg,Venomous/Monocled Cobra/cobra-monocled.jpg,cobra-monocled.jpg,Venomous,Monocled Cobra,361e53088ad21220c58617a381c412963be51de2e6e7f3ef5499576aeb03e6b0,1140,760,https://github.com/arjun921/Indian-Snakes-Dataset,VERIFIED,MIT,UNCLEAR,REVIEW_REQUIRED,False,,POSSIBLE_NEAR_DUPLICATE,train/Venomous_Snake/cobra-monocled.jpg,0.996329,NOT_TEST_LEAKAGE,,DIRECTORY_LABEL_PRESERVED,BASIC_QUALITY_PASS,MANUAL_REVIEW_REQUIRED,True,,Possible near-duplicate cannot be automatically cleared; technical status does not establish training/reuse rights
C:\Users\yesam\Desktop\anviksa_ai\new_training_data\snake_images\Indian-Snakes-Dataset-master\Venomous\Monocled Cobra\cobra.jpg,Venomous/Monocled Cobra/cobra.jpg,cobra.jpg,Venomous,Monocled Cobra,3dd5fa235815b557a889088ebb241050feb1fc7fbe14a577cae6df31d91db2d1,800,480,https://github.com/arjun921/Indian-Snakes-Dataset,VERIFIED,MIT,UNCLEAR,REVIEW_REQUIRED,False,,POSSIBLE_NEAR_DUPLICATE,train/Venomous_Snake/cobra.jpg,0.99786,NOT_TEST_LEAKAGE,,DIRECTORY_LABEL_PRESERVED,BASIC_QUALITY_PASS,MANUAL_REVIEW_REQUIRED,True,,Possible near-duplicate cannot be automatically cleared; technical status does not establish training/reuse rights
C:\Users\yesam\Desktop\anviksa_ai\new_training_data\snake_images\Indian-Snakes-Dataset-master\Venomous\Monocled Cobra\Krabi_King_Cobra_Show_4.jpg,Venomous/Monocled Cobra/Krabi_King_Cobra_Show_4.jpg,Krabi_King_Cobra_Show_4.jpg,Venomous,Monocled Cobra,1e082f0ec8dd56bd64ca4d93a762d476b9fe915af558e8dd1b0c4fb937043c0f,1204,800,https://github.com/arjun921/Indian-Snakes-Dataset,VERIFIED,MIT,UNCLEAR,REVIEW_REQUIRED,False,,POSSIBLE_NEAR_DUPLICATE,train/Venomous_Snake/Krabi_King_Cobra_Show_4.jpg,0.998431,NOT_TEST_LEAKAGE,,DIRECTORY_LABEL_PRESERVED,BASIC_QUALITY_PASS,MANUAL_REVIEW_REQUIRED,True,,Possible near-duplicate cannot be automatically cleared; technical status does not establish training/reuse rights
C:\Users\yesam\Desktop\anviksa_ai\new_training_data\snake_images\Indian-Snakes-Dataset-master\Venomous\Monocled Cobra\maxresdefault.jpg,Venomous/Monocled Cobra/maxresdefault.jpg,maxresdefault.jpg,Venomous,Monocled Cobra,1ffa591d649c1d1f66b2b2e7352bd2e502b5dcd72a4cc067064e1e90b3344676,1920,1080,https://github.com/arjun921/Indian-Snakes-Dataset,VERIFIED,MIT,UNCLEAR,REVIEW_REQUIRED,False,,POSSIBLE_NEAR_DUPLICATE,validation/Venomous_Snake/maxresdefault (2).jpg,0.995691,NOT_TEST_LEAKAGE,,DIRECTORY_LABEL_PRESERVED,BASIC_QUALITY_PASS,MANUAL_REVIEW_REQUIRED,True,,Possible near-duplicate cannot be automatically cleared; technical status does not establish training/reuse rights
C:\Users\yesam\Desktop\anviksa_ai\new_training_data\snake_images\Indian-Snakes-Dataset-master\Venomous\Monocled Cobra\maxresdefault_002.jpg,Venomous/Monocled Cobra/maxresdefault_002.jpg,maxresdefault_002.jpg,Venomous,Monocled Cobra,638596f5d135714c527c74456e036c20061779d54234132e86d1c297fa972a43,1920,1080,https://github.com/arjun921/Indian-Snakes-Dataset,VERIFIED,MIT,UNCLEAR,REVIEW_REQUIRED,False,,POSSIBLE_NEAR_DUPLICATE,train/Venomous_Snake/maxresdefault_002 (2).jpg,0.997223,NOT_TEST_LEAKAGE,,DIRECTORY_LABEL_PRESERVED,BASIC_QUALITY_PASS,MANUAL_REVIEW_REQUIRED,True,,Possible near-duplicate cannot be automatically cleared; technical status does not establish training/reuse rights
C:\Users\yesam\Desktop\anviksa_ai\new_training_data\snake_images\Indian-Snakes-Dataset-master\Venomous\Monocled Cobra\maxresdefault_005.jpg,Venomous/Monocled Cobra/maxresdefault_005.jpg,maxresdefault_005.jpg,Venomous,Monocled Cobra,baba094e3cac308fd25ae87cd80fe5279f9f1aeffb0d930b1e515b64cc35390c,1920,1080,https://github.com/arjun921/Indian-Snakes-Dataset,VERIFIED,MIT,UNCLEAR,REVIEW_REQUIRED,False,,POSSIBLE_NEAR_DUPLICATE,train/Venomous_Snake/maxresdefault_005.jpg,0.997144,NOT_TEST_LEAKAGE,,DIRECTORY_LABEL_PRESERVED,BASIC_QUALITY_PASS,MANUAL_REVIEW_REQUIRED,True,,Possible near-duplicate cannot be automatically cleared; technical status does not establish training/reuse rights
C:\Users\yesam\Desktop\anviksa_ai\new_training_data\snake_images\Indian-Snakes-Dataset-master\Venomous\Monocled Cobra\monocled-61.jpg,Venomous/Monocled Cobra/monocled-61.jpg,monocled-61.jpg,Venomous,Monocled Cobra,ff71f8ec677c5de68775b5bbe1e057f5664df80569b807b46c35df38343e45f4,3888,2592,https://github.com/arjun921/Indian-Snakes-Dataset,VERIFIED,MIT,UNCLEAR,REVIEW_REQUIRED,False,,POSSIBLE_NEAR_DUPLICATE,train/Venomous_Snake/monocled-61.jpg,0.997935,NOT_TEST_LEAKAGE,,DIRECTORY_LABEL_PRESERVED,BASIC_QUALITY_PASS,MANUAL_REVIEW_REQUIRED,True,,Possible near-duplicate cannot be automatically cleared; technical status does not establish training/reuse rights
C:\Users\yesam\Desktop\anviksa_ai\new_training_data\snake_images\Indian-Snakes-Dataset-master\Venomous\Monocled Cobra\monocled-baby-cobra3.jpg,Venomous/Monocled Cobra/monocled-baby-cobra3.jpg,monocled-baby-cobra3.jpg,Venomous,Monocled Cobra,a75990696fdb3a6a0e4800db8a2580ce21e95190b4710383afd9f458dc68bbde,595,270,https://github.com/arjun921/Indian-Snakes-Dataset,VERIFIED,MIT,UNCLEAR,REVIEW_REQUIRED,False,,POSSIBLE_NEAR_DUPLICATE,train/Venomous_Snake/monocled-baby-cobra3.jpg,0.997664,NOT_TEST_LEAKAGE,,DIRECTORY_LABEL_PRESERVED,BASIC_QUALITY_PASS,MANUAL_REVIEW_REQUIRED,True,,Possible near-duplicate cannot be automatically cleared; technical status does not establish training/reuse rights
C:\Users\yesam\Desktop\anviksa_ai\new_training_data\snake_images\Indian-Snakes-Dataset-master\Venomous\Monocled Cobra\monocled-cobra-back_1.jpg,Venomous/Monocled Cobra/monocled-cobra-back_1.jpg,monocled-cobra-back_1.jpg,Venomous,Monocled Cobra,8944be2af2c916bce5565bb56a1f26d9b9b4e1d645216b83e04395bde9acb83e,620,344,https://github.com/arjun921/Indian-Snakes-Dataset,VERIFIED,MIT,UNCLEAR,REVIEW_REQUIRED,False,,POSSIBLE_NEAR_DUPLICATE,train/Venomous_Snake/monocled-cobra-back_1.jpg,0.996853,NOT_TEST_LEAKAGE,,DIRECTORY_LABEL_PRESERVED,BASIC_QUALITY_PASS,MANUAL_REVIEW_REQUIRED,True,,Possible near-duplicate cannot be automatically cleared; technical status does not establish training/reuse rights
C:\Users\yesam\Desktop\anviksa_ai\new_training_data\snake_images\Indian-Snakes-Dataset-master\Venomous\Monocled Cobra\monocled-cobra-snake-death_85876_ver1.0_1280_720.jpg,Venomous/Monocled Cobra/monocled-cobra-snake-death_85876_ver1.0_1280_720.jpg,monocled-cobra-snake-death_85876_ver1.0_1280_720.jpg,Venomous,Monocled Cobra,8093fa616e970f5218fe7df9b8a47792aa0a796d3e28f02997c322ede6745966,1280,720,https://github.com/arjun921/Indian-Snakes-Dataset,VERIFIED,MIT,UNCLEAR,REVIEW_REQUIRED,False,,POSSIBLE_NEAR_DUPLICATE,validation/Venomous_Snake/monocled-cobra-snake-death_85876_ver1.0_1280_720.jpg,0.996127,NOT_TEST_LEAKAGE,,DIRECTORY_LABEL_PRESERVED,BASIC_QUALITY_PASS,MANUAL_REVIEW_REQUIRED,True,,Possible near-duplicate cannot be automatically cleared; technical status does not establish training/reuse rights
C:\Users\yesam\Desktop\anviksa_ai\new_training_data\snake_images\Indian-Snakes-Dataset-master\Venomous\Monocled Cobra\naja-kaouthia-monocled-cobras-randy-ciuros.jpg,Venomous/Monocled Cobra/naja-kaouthia-monocled-cobras-randy-ciuros.jpg,naja-kaouthia-monocled-cobras-randy-ciuros.jpg,Venomous,Monocled Cobra,07e81eeea3cd2e4566db0882a6de82dbc7bf4deddc3e8b04c38770373159c713,963,642,https://github.com/arjun921/Indian-Snakes-Dataset,VERIFIED,MIT,UNCLEAR,REVIEW_REQUIRED,False,,POSSIBLE_NEAR_DUPLICATE,train/Venomous_Snake/naja-kaouthia-monocled-cobras-randy-ciuros.jpg,0.99577,NOT_TEST_LEAKAGE,,DIRECTORY_LABEL_PRESERVED,BASIC_QUALITY_PASS,MANUAL_REVIEW_REQUIRED,True,,Possible near-duplicate cannot be automatically cleared; technical status does not establish training/reuse rights
C:\Users\yesam\Desktop\anviksa_ai\new_training_data\snake_images\Indian-Snakes-Dataset-master\Venomous\Monocled Cobra\texas-teen-suicide-snakebite.jpg,Venomous/Monocled Cobra/texas-teen-suicide-snakebite.jpg,texas-teen-suicide-snakebite.jpg,Venomous,Monocled Cobra,76dbf3ee71345ba199ed9445738b73fcc25d5eda481b21a963d02baa805ce77a,940,545,https://github.com/arjun921/Indian-Snakes-Dataset,VERIFIED,MIT,UNCLEAR,REVIEW_REQUIRED,False,,POSSIBLE_NEAR_DUPLICATE,train/Venomous_Snake/texas-teen-suicide-snakebite.jpg,0.996689,NOT_TEST_LEAKAGE,,DIRECTORY_LABEL_PRESERVED,BASIC_QUALITY_PASS,MANUAL_REVIEW_REQUIRED,True,,Possible near-duplicate cannot be automatically cleared; technical status does not establish training/reuse rights
C:\Users\yesam\Desktop\anviksa_ai\new_training_data\snake_images\Indian-Snakes-Dataset-master\Venomous\Russell's Viper\20090613_Daboia_russelii_Russells_Viper_Kettenviper_Pune.jpg,Venomous/Russell's Viper/20090613_Daboia_russelii_Russells_Viper_Kettenviper_Pune.jpg,20090613_Daboia_russelii_Russells_Viper_Kettenviper_Pune.jpg,Venomous,Russell's Viper,b353b9e1cf1bccb3c1e0286652e8616fae7140999433e84625c84f2527edf007,1872,2099,https://github.com/arjun921/Indian-Snakes-Dataset,VERIFIED,MIT,UNCLEAR,REVIEW_REQUIRED,False,,POSSIBLE_NEAR_DUPLICATE,test/Venomous_Snake/20090613_Daboia_russelii_Russells_Viper_Kettenviper_Pune.jpg,0.994333,POSSIBLE_TEST_LEAKAGE,test/Venomous_Snake/20090613_Daboia_russelii_Russells_Viper_Kettenviper_Pune.jpg,DIRECTORY_LABEL_PRESERVED,BASIC_QUALITY_PASS,MANUAL_REVIEW_REQUIRED,True,,Possible frozen-test leakage cannot be automatically cleared; technical status does not establish training/reuse rights
C:\Users\yesam\Desktop\anviksa_ai\new_training_data\snake_images\Indian-Snakes-Dataset-master\Venomous\Russell's Viper\20855503-Adult-Russell-s-Viper-Daboia-russelii-Tamil-Nadu-South-India-Stock-Photo.jpg,Venomous/Russell's Viper/20855503-Adult-Russell-s-Viper-Daboia-russelii-Tamil-Nadu-South-India-Stock-Photo.jpg,20855503-Adult-Russell-s-Viper-Daboia-russelii-Tamil-Nadu-South-India-Stock-Photo.jpg,Venomous,Russell's Viper,39766b43e1a9eeafaa5be65b916b1cd6cabeaebffa073b70c9a139bec518266d,1300,864,https://github.com/arjun921/Indian-Snakes-Dataset,VERIFIED,MIT,UNCLEAR,REVIEW_REQUIRED,False,,POSSIBLE_NEAR_DUPLICATE,test/Venomous_Snake/20855503-Adult-Russell-s-Viper-Daboia-russelii-Tamil-Nadu-South-India-Stock-Photo.jpg,0.993936,POSSIBLE_TEST_LEAKAGE,test/Venomous_Snake/20855503-Adult-Russell-s-Viper-Daboia-russelii-Tamil-Nadu-South-India-Stock-Photo.jpg,DIRECTORY_LABEL_PRESERVED,BASIC_QUALITY_PASS,MANUAL_REVIEW_REQUIRED,True,,Possible frozen-test leakage cannot be automatically cleared; technical status does not establish training/reuse rights
C:\Users\yesam\Desktop\anviksa_ai\new_training_data\snake_images\Indian-Snakes-Dataset-master\Venomous\Russell's Viper\20855505-Camouflage-pattern-on-adult-Russell-s-Viper-Daboia-russelii-Tamil-Nadu-South-India-Stock-Photo.jpg,Venomous/Russell's Viper/20855505-Camouflage-pattern-on-adult-Russell-s-Viper-Daboia-russelii-Tamil-Nadu-South-India-Stock-Photo.jpg,20855505-Camouflage-pattern-on-adult-Russell-s-Viper-Daboia-russelii-Tamil-Nadu-South-India-Stock-Photo.jpg,Venomous,Russell's Viper,7da317e81bd9a93515d1352e5cac1369044f8567beeb7fa986aeaa6ac24c1a7f,1300,862,https://github.com/arjun921/Indian-Snakes-Dataset,VERIFIED,MIT,UNCLEAR,REVIEW_REQUIRED,False,,POSSIBLE_NEAR_DUPLICATE,test/Venomous_Snake/20855505-Camouflage-pattern-on-adult-Russell-s-Viper-Daboia-russelii-Tamil-Nadu-South-India-Stock-Photo.jpg,0.996485,POSSIBLE_TEST_LEAKAGE,test/Venomous_Snake/20855505-Camouflage-pattern-on-adult-Russell-s-Viper-Daboia-russelii-Tamil-Nadu-South-India-Stock-Photo.jpg,DIRECTORY_LABEL_PRESERVED,BASIC_QUALITY_PASS,MANUAL_REVIEW_REQUIRED,True,,Possible frozen-test leakage cannot be automatically cleared; technical status does not establish training/reuse rights
C:\Users\yesam\Desktop\anviksa_ai\new_training_data\snake_images\Indian-Snakes-Dataset-master\Venomous\Russell's Viper\5384077d7fe23.jpg,Venomous/Russell's Viper/5384077d7fe23.jpg,5384077d7fe23.jpg,Venomous,Russell's Viper,ebc69a87faca1b76babeada644dbba7d1d4ae78d9d9a1fd1f70b4b04dabfd179,439,207,https://github.com/arjun921/Indian-Snakes-Dataset,VERIFIED,MIT,UNCLEAR,REVIEW_REQUIRED,False,,POSSIBLE_NEAR_DUPLICATE,test/Venomous_Snake/5384077d7fe23.jpg,0.997638,POSSIBLE_TEST_LEAKAGE,test/Venomous_Snake/5384077d7fe23.jpg,LABEL_REVIEW_REQUIRED,BASIC_QUALITY_PASS,LABEL_REVIEW_REQUIRED,True,,Identical/near-identical imagery occurs in different species directories; technical status does not establish training/reuse rights
C:\Users\yesam\Desktop\anviksa_ai\new_training_data\snake_images\Indian-Snakes-Dataset-master\Venomous\Russell's Viper\5384096bcdfba.jpg,Venomous/Russell's Viper/5384096bcdfba.jpg,5384096bcdfba.jpg,Venomous,Russell's Viper,da27b41dc849a5660ec81bbbf08d44ed43f8c19cde445857d026974045514dd3,389,193,https://github.com/arjun921/Indian-Snakes-Dataset,VERIFIED,MIT,UNCLEAR,REVIEW_REQUIRED,False,,POSSIBLE_NEAR_DUPLICATE,test/Venomous_Snake/5384096bcdfba.jpg,0.998357,POSSIBLE_TEST_LEAKAGE,test/Venomous_Snake/5384096bcdfba.jpg,DIRECTORY_LABEL_PRESERVED,BASIC_QUALITY_PASS,MANUAL_REVIEW_REQUIRED,True,,Possible frozen-test leakage cannot be automatically cleared; technical status does not establish training/reuse rights
C:\Users\yesam\Desktop\anviksa_ai\new_training_data\snake_images\Indian-Snakes-Dataset-master\Venomous\Russell's Viper\5384096bea0ed.jpg,Venomous/Russell's Viper/5384096bea0ed.jpg,5384096bea0ed.jpg,Venomous,Russell's Viper,c405ce642e783c3f33d9e6c065994b6a6f725ed98bb179f5c826122bc4128d02,500,201,https://github.com/arjun921/Indian-Snakes-Dataset,VERIFIED,MIT,UNCLEAR,REVIEW_REQUIRED,False,,POSSIBLE_NEAR_DUPLICATE,test/Venomous_Snake/5384096bea0ed.jpg,0.998139,POSSIBLE_TEST_LEAKAGE,test/Venomous_Snake/5384096bea0ed.jpg,DIRECTORY_LABEL_PRESERVED,BASIC_QUALITY_PASS,MANUAL_REVIEW_REQUIRED,True,,Possible frozen-test leakage cannot be automatically cleared; technical status does not establish training/reuse rights
C:\Users\yesam\Desktop\anviksa_ai\new_training_data\snake_images\Indian-Snakes-Dataset-master\Venomous\Russell's Viper\a.JPG,Venomous/Russell's Viper/a.JPG,a.JPG,Venomous,Russell's Viper,635376e041003921c4291c32d5c88db5d21dc460af202296790de341bfff7d24,1600,1053,https://github.com/arjun921/Indian-Snakes-Dataset,VERIFIED,MIT,UNCLEAR,REVIEW_REQUIRED,False,,POSSIBLE_NEAR_DUPLICATE,train/Venomous_Snake/a.JPG,0.997657,NOT_TEST_LEAKAGE,,DIRECTORY_LABEL_PRESERVED,BASIC_QUALITY_PASS,MANUAL_REVIEW_REQUIRED,True,,Possible near-duplicate cannot be automatically cleared; technical status does not establish training/reuse rights
C:\Users\yesam\Desktop\anviksa_ai\new_training_data\snake_images\Indian-Snakes-Dataset-master\Venomous\Russell's Viper\aaaa.JPG,Venomous/Russell's Viper/aaaa.JPG,aaaa.JPG,Venomous,Russell's Viper,3fc772dcc3f2525b93f94c9b93335ff524dca5cb2679d95e76d5a2b64f11db21,1600,1067,https://github.com/arjun921/Indian-Snakes-Dataset,VERIFIED,MIT,UNCLEAR,REVIEW_REQUIRED,False,,POSSIBLE_NEAR_DUPLICATE,train/Venomous_Snake/aaaa.JPG,0.997237,NOT_TEST_LEAKAGE,,DIRECTORY_LABEL_PRESERVED,BASIC_QUALITY_PASS,MANUAL_REVIEW_REQUIRED,True,,Possible near-duplicate cannot be automatically cleared; technical status does not establish training/reuse rights
C:\Users\yesam\Desktop\anviksa_ai\new_training_data\snake_images\Indian-Snakes-Dataset-master\Venomous\Russell's Viper\D8B_8271_Daboia_siamensis_Sa_Keao9x16-300x169.jpg,Venomous/Russell's Viper/D8B_8271_Daboia_siamensis_Sa_Keao9x16-300x169.jpg,D8B_8271_Daboia_siamensis_Sa_Keao9x16-300x169.jpg,Venomous,Russell's Viper,c22688ee9d3c84ef49d3b771b32f28794c08e4e0f71d274aa0e389f57d1f6b7f,300,169,https://github.com/arjun921/Indian-Snakes-Dataset,VERIFIED,MIT,UNCLEAR,REVIEW_REQUIRED,False,,POSSIBLE_NEAR_DUPLICATE,train/Venomous_Snake/D8B_8271_Daboia_siamensis_Sa_Keao9x16-300x169.jpg,0.997018,NOT_TEST_LEAKAGE,,DIRECTORY_LABEL_PRESERVED,BASIC_QUALITY_PASS,MANUAL_REVIEW_REQUIRED,True,,Possible near-duplicate cannot be automatically cleared; technical status does not establish training/reuse rights
C:\Users\yesam\Desktop\anviksa_ai\new_training_data\snake_images\Indian-Snakes-Dataset-master\Venomous\Russell's Viper\D8B_8356_Daboia_Siamensis_Sa_Keao-720x340.jpg,Venomous/Russell's Viper/D8B_8356_Daboia_Siamensis_Sa_Keao-720x340.jpg,D8B_8356_Daboia_Siamensis_Sa_Keao-720x340.jpg,Venomous,Russell's Viper,1993e5c88726ac1a88c3a94e7e37555d6b5410fece586ddbfe70df19c8565f0b,720,340,https://github.com/arjun921/Indian-Snakes-Dataset,VERIFIED,MIT,UNCLEAR,REVIEW_REQUIRED,False,,POSSIBLE_NEAR_DUPLICATE,train/Venomous_Snake/D8B_8356_Daboia_Siamensis_Sa_Keao-720x340.jpg,0.997893,NOT_TEST_LEAKAGE,,DIRECTORY_LABEL_PRESERVED,BASIC_QUALITY_PASS,MANUAL_REVIEW_REQUIRED,True,,Possible near-duplicate cannot be automatically cleared; technical status does not establish training/reuse rights
C:\Users\yesam\Desktop\anviksa_ai\new_training_data\snake_images\Indian-Snakes-Dataset-master\Venomous\Russell's Viper\daboia russelli copy.jpg,Venomous/Russell's Viper/daboia russelli copy.jpg,daboia russelli copy.jpg,Venomous,Russell's Viper,13545e40084735e1289714bda42f099e68f4c3db9a7b912ab44720f2abb60039,1442,775,https://github.com/arjun921/Indian-Snakes-Dataset,VERIFIED,MIT,UNCLEAR,REVIEW_REQUIRED,False,,POSSIBLE_NEAR_DUPLICATE,train/Venomous_Snake/daboia russelli copy.jpg,0.996639,NOT_TEST_LEAKAGE,,DIRECTORY_LABEL_PRESERVED,BASIC_QUALITY_PASS,MANUAL_REVIEW_REQUIRED,True,,Possible near-duplicate cannot be automatically cleared; technical status does not establish training/reuse rights
C:\Users\yesam\Desktop\anviksa_ai\new_training_data\snake_images\Indian-Snakes-Dataset-master\Venomous\Russell's Viper\Daboia-siamensis-–-Eastern-Russell’s-Viper-Siamese-Russell’s-Viper-2.jpg,Venomous/Russell's Viper/Daboia-siamensis-–-Eastern-Russell’s-Viper-Siamese-Russell’s-Viper-2.jpg,Daboia-siamensis-–-Eastern-Russell’s-Viper-Siamese-Russell’s-Viper-2.jpg,Venomous,Russell's Viper,256319364b681ad631336acc3cb5c1e7ced6a80ce7398f70dd22ce1f4e96f685,800,509,https://github.com/arjun921/Indian-Snakes-Dataset,VERIFIED,MIT,UNCLEAR,REVIEW_REQUIRED,False,,POSSIBLE_NEAR_DUPLICATE,validation/Venomous_Snake/Daboia-siamensis-ΓÇô-Eastern-RussellΓÇÖs-Viper-Siamese-RussellΓÇÖs-Viper-2.jpg,0.995321,NOT_TEST_LEAKAGE,,DIRECTORY_LABEL_PRESERVED,BASIC_QUALITY_PASS,MANUAL_REVIEW_REQUIRED,True,,Possible near-duplicate cannot be automatically cleared; technical status does not establish training/reuse rights
C:\Users\yesam\Desktop\anviksa_ai\new_training_data\snake_images\Indian-Snakes-Dataset-master\Venomous\Russell's Viper\Daboia_russelii_A_Chawla01.jpg,Venomous/Russell's Viper/Daboia_russelii_A_Chawla01.jpg,Daboia_russelii_A_Chawla01.jpg,Venomous,Russell's Viper,a7299cbcadd9c8a709ebcb280e9c4e9debc3e248101b0c2983137337a4ba6c7a,3072,2304,https://github.com/arjun921/Indian-Snakes-Dataset,VERIFIED,MIT,UNCLEAR,REVIEW_REQUIRED,False,,POSSIBLE_NEAR_DUPLICATE,train/Venomous_Snake/Daboia_russelii_A_Chawla01.jpg,0.991874,NOT_TEST_LEAKAGE,,DIRECTORY_LABEL_PRESERVED,BASIC_QUALITY_PASS,MANUAL_REVIEW_REQUIRED,True,,Possible near-duplicate cannot be automatically cleared; technical status does not establish training/reuse rights
C:\Users\yesam\Desktop\anviksa_ai\new_training_data\snake_images\Indian-Snakes-Dataset-master\Venomous\Russell's Viper\Daboia_siamensis_WN_adult_D8D_5167e.jpg,Venomous/Russell's Viper/Daboia_siamensis_WN_adult_D8D_5167e.jpg,Daboia_siamensis_WN_adult_D8D_5167e.jpg,Venomous,Russell's Viper,8df81c6f1f26e9043f31d86f983f96137ee02cbd43354a6cdcf86c2403511bf1,2048,1306,https://github.com/arjun921/Indian-Snakes-Dataset,VERIFIED,MIT,UNCLEAR,REVIEW_REQUIRED,False,,POSSIBLE_NEAR_DUPLICATE,train/Venomous_Snake/Daboia_siamensis_WN_adult_D8D_5167e.jpg,0.995993,NOT_TEST_LEAKAGE,,DIRECTORY_LABEL_PRESERVED,BASIC_QUALITY_PASS,MANUAL_REVIEW_REQUIRED,True,,Possible near-duplicate cannot be automatically cleared; technical status does not establish training/reuse rights
C:\Users\yesam\Desktop\anviksa_ai\new_training_data\snake_images\Indian-Snakes-Dataset-master\Venomous\Russell's Viper\DSC_1996.JPG,Venomous/Russell's Viper/DSC_1996.JPG,DSC_1996.JPG,Venomous,Russell's Viper,8fe8dd1f9e332d91b3c41c216787a258905a3ebeb4f16ec5eabb5e72bcf25fea,1600,1071,https://github.com/arjun921/Indian-Snakes-Dataset,VERIFIED,MIT,UNCLEAR,REVIEW_REQUIRED,False,,POSSIBLE_NEAR_DUPLICATE,train/Venomous_Snake/DSC_1996.JPG,0.99689,NOT_TEST_LEAKAGE,,DIRECTORY_LABEL_PRESERVED,BASIC_QUALITY_PASS,MANUAL_REVIEW_REQUIRED,True,,Possible near-duplicate cannot be automatically cleared; technical status does not establish training/reuse rights
C:\Users\yesam\Desktop\anviksa_ai\new_training_data\snake_images\Indian-Snakes-Dataset-master\Venomous\Russell's Viper\File-Daboia_russelii_head_A_Chawla02.jpg,Venomous/Russell's Viper/File-Daboia_russelii_head_A_Chawla02.jpg,File-Daboia_russelii_head_A_Chawla02.jpg,Venomous,Russell's Viper,aa814bdfd2794acd6cffeac7e66307a0b542ad739358e7eb1159a804ab6ecd7e,3072,2304,https://github.com/arjun921/Indian-Snakes-Dataset,VERIFIED,MIT,UNCLEAR,REVIEW_REQUIRED,False,,POSSIBLE_NEAR_DUPLICATE,train/Venomous_Snake/File-Daboia_russelii_head_A_Chawla02.jpg,0.995718,NOT_TEST_LEAKAGE,,DIRECTORY_LABEL_PRESERVED,BASIC_QUALITY_PASS,MANUAL_REVIEW_REQUIRED,True,,Possible near-duplicate cannot be automatically cleared; technical status does not establish training/reuse rights
C:\Users\yesam\Desktop\anviksa_ai\new_training_data\snake_images\Indian-Snakes-Dataset-master\Venomous\Russell's Viper\IMG_1426-Edit.jpg,Venomous/Russell's Viper/IMG_1426-Edit.jpg,IMG_1426-Edit.jpg,Venomous,Russell's Viper,e94d9d2b85df826140f8d2f734723d287304dd9f630cc4380286a3ef5f876de6,1600,1066,https://github.com/arjun921/Indian-Snakes-Dataset,VERIFIED,MIT,UNCLEAR,REVIEW_REQUIRED,False,,POSSIBLE_NEAR_DUPLICATE,validation/Venomous_Snake/IMG_1426-Edit.jpg,0.997086,NOT_TEST_LEAKAGE,,DIRECTORY_LABEL_PRESERVED,BASIC_QUALITY_PASS,MANUAL_REVIEW_REQUIRED,True,,Possible near-duplicate cannot be automatically cleared; technical status does not establish training/reuse rights
C:\Users\yesam\Desktop\anviksa_ai\new_training_data\snake_images\Indian-Snakes-Dataset-master\Venomous\Russell's Viper\IMG_3809-2.jpg,Venomous/Russell's Viper/IMG_3809-2.jpg,IMG_3809-2.jpg,Venomous,Russell's Viper,620f4804beea4720b97054a1ddf393ff9388a870fb073d58733d27a809386d63,4148,2778,https://github.com/arjun921/Indian-Snakes-Dataset,VERIFIED,MIT,UNCLEAR,REVIEW_REQUIRED,False,,POSSIBLE_NEAR_DUPLICATE,train/Venomous_Snake/IMG_3809-2.jpg,0.997189,NOT_TEST_LEAKAGE,,DIRECTORY_LABEL_PRESERVED,BASIC_QUALITY_PASS,MANUAL_REVIEW_REQUIRED,True,,Possible near-duplicate cannot be automatically cleared; technical status does not establish training/reuse rights
C:\Users\yesam\Desktop\anviksa_ai\new_training_data\snake_images\Indian-Snakes-Dataset-master\Venomous\Russell's Viper\IMG_3822-2.jpg,Venomous/Russell's Viper/IMG_3822-2.jpg,IMG_3822-2.jpg,Venomous,Russell's Viper,92d24f7f6d638e8a79641a7db28da55d180475137d3e133a7d6c6d191c84a8e0,2764,1801,https://github.com/arjun921/Indian-Snakes-Dataset,VERIFIED,MIT,UNCLEAR,REVIEW_REQUIRED,False,,POSSIBLE_NEAR_DUPLICATE,validation/Venomous_Snake/IMG_3822-2.jpg,0.99652,NOT_TEST_LEAKAGE,,DIRECTORY_LABEL_PRESERVED,BASIC_QUALITY_PASS,MANUAL_REVIEW_REQUIRED,True,,Possible near-duplicate cannot be automatically cleared; technical status does not establish training/reuse rights
C:\Users\yesam\Desktop\anviksa_ai\new_training_data\snake_images\Indian-Snakes-Dataset-master\Venomous\Russell's Viper\IMG_4386-2.jpg,Venomous/Russell's Viper/IMG_4386-2.jpg,IMG_4386-2.jpg,Venomous,Russell's Viper,83ea1a4f9ec9d76f6342af190a5eefb778677eef86d34c87d47bc5dcab13d0b4,3267,2265,https://github.com/arjun921/Indian-Snakes-Dataset,VERIFIED,MIT,UNCLEAR,REVIEW_REQUIRED,False,,POSSIBLE_NEAR_DUPLICATE,train/Venomous_Snake/IMG_4386-2 (2).jpg,0.995724,NOT_TEST_LEAKAGE,,LABEL_REVIEW_REQUIRED,BASIC_QUALITY_PASS,LABEL_REVIEW_REQUIRED,True,,Identical/near-identical imagery occurs in different species directories; technical status does not establish training/reuse rights
C:\Users\yesam\Desktop\anviksa_ai\new_training_data\snake_images\Indian-Snakes-Dataset-master\Venomous\Russell's Viper\maxresdefault.jpg,Venomous/Russell's Viper/maxresdefault.jpg,maxresdefault.jpg,Venomous,Russell's Viper,8d027c7199aaceb46ff0c5e9fdcac12be1a2fc84133c26252d97b63858de8b1a,1280,720,https://github.com/arjun921/Indian-Snakes-Dataset,VERIFIED,MIT,UNCLEAR,REVIEW_REQUIRED,False,,POSSIBLE_NEAR_DUPLICATE,train/Venomous_Snake/maxresdefault (3).jpg,0.99639,NOT_TEST_LEAKAGE,,DIRECTORY_LABEL_PRESERVED,BASIC_QUALITY_PASS,MANUAL_REVIEW_REQUIRED,True,,Possible near-duplicate cannot be automatically cleared; technical status does not establish training/reuse rights
C:\Users\yesam\Desktop\anviksa_ai\new_training_data\snake_images\Indian-Snakes-Dataset-master\Venomous\Russell's Viper\maxresdefault_001.jpg,Venomous/Russell's Viper/maxresdefault_001.jpg,maxresdefault_001.jpg,Venomous,Russell's Viper,4dcc3798efe0248dfd56a168fb3220673fed78d2db1392f213ff574efd5b1b6e,1920,1080,https://github.com/arjun921/Indian-Snakes-Dataset,VERIFIED,MIT,UNCLEAR,REVIEW_REQUIRED,False,,POSSIBLE_NEAR_DUPLICATE,train/Venomous_Snake/maxresdefault_001.jpg,0.998558,NOT_TEST_LEAKAGE,,DIRECTORY_LABEL_PRESERVED,BASIC_QUALITY_PASS,MANUAL_REVIEW_REQUIRED,True,,Possible near-duplicate cannot be automatically cleared; technical status does not establish training/reuse rights
C:\Users\yesam\Desktop\anviksa_ai\new_training_data\snake_images\Indian-Snakes-Dataset-master\Venomous\Russell's Viper\maxresdefault_002.jpg,Venomous/Russell's Viper/maxresdefault_002.jpg,maxresdefault_002.jpg,Venomous,Russell's Viper,ff4da890dfb4afb273b45f4ce7398868b8f58076688d6645f4e7c1f9d4909f33,1920,1080,https://github.com/arjun921/Indian-Snakes-Dataset,VERIFIED,MIT,UNCLEAR,REVIEW_REQUIRED,False,,POSSIBLE_NEAR_DUPLICATE,train/Venomous_Snake/maxresdefault_002 (3).jpg,0.994288,NOT_TEST_LEAKAGE,,DIRECTORY_LABEL_PRESERVED,BASIC_QUALITY_PASS,MANUAL_REVIEW_REQUIRED,True,,Possible near-duplicate cannot be automatically cleared; technical status does not establish training/reuse rights
C:\Users\yesam\Desktop\anviksa_ai\new_training_data\snake_images\Indian-Snakes-Dataset-master\Venomous\Russell's Viper\maxresdefault_006.jpg,Venomous/Russell's Viper/maxresdefault_006.jpg,maxresdefault_006.jpg,Venomous,Russell's Viper,2b1f92e39964889abdfd87159e470c88b5b608082489320a82962ff07d93b963,1280,720,https://github.com/arjun921/Indian-Snakes-Dataset,VERIFIED,MIT,UNCLEAR,REVIEW_REQUIRED,False,,POSSIBLE_NEAR_DUPLICATE,train/Venomous_Snake/maxresdefault_006.jpg,0.998734,NOT_TEST_LEAKAGE,,DIRECTORY_LABEL_PRESERVED,BASIC_QUALITY_PASS,MANUAL_REVIEW_REQUIRED,True,,Possible near-duplicate cannot be automatically cleared; technical status does not establish training/reuse rights
C:\Users\yesam\Desktop\anviksa_ai\new_training_data\snake_images\Indian-Snakes-Dataset-master\Venomous\Russell's Viper\maxresdefault_007.jpg,Venomous/Russell's Viper/maxresdefault_007.jpg,maxresdefault_007.jpg,Venomous,Russell's Viper,f5624cb3c79bd92be236a2338fcf67864620d4d8f780f18aaac45cff2a07496d,1280,720,https://github.com/arjun921/Indian-Snakes-Dataset,VERIFIED,MIT,UNCLEAR,REVIEW_REQUIRED,False,,POSSIBLE_NEAR_DUPLICATE,train/Venomous_Snake/maxresdefault_007.jpg,0.996747,NOT_TEST_LEAKAGE,,DIRECTORY_LABEL_PRESERVED,BASIC_QUALITY_PASS,MANUAL_REVIEW_REQUIRED,True,,Possible near-duplicate cannot be automatically cleared; technical status does not establish training/reuse rights
C:\Users\yesam\Desktop\anviksa_ai\new_training_data\snake_images\Indian-Snakes-Dataset-master\Venomous\Russell's Viper\P7180061.jpg,Venomous/Russell's Viper/P7180061.jpg,P7180061.jpg,Venomous,Russell's Viper,2ad3fc96e083ac019500fe91ad8c27a222777a8de8a8c17536e43daeeb9249a8,200,361,https://github.com/arjun921/Indian-Snakes-Dataset,VERIFIED,MIT,UNCLEAR,REVIEW_REQUIRED,False,,POSSIBLE_NEAR_DUPLICATE,train/Venomous_Snake/P7180061.jpg,0.998121,NOT_TEST_LEAKAGE,,DIRECTORY_LABEL_PRESERVED,BASIC_QUALITY_PASS,MANUAL_REVIEW_REQUIRED,True,,Possible near-duplicate cannot be automatically cleared; technical status does not establish training/reuse rights
C:\Users\yesam\Desktop\anviksa_ai\new_training_data\snake_images\Indian-Snakes-Dataset-master\Venomous\Russell's Viper\RC1848W.jpg,Venomous/Russell's Viper/RC1848W.jpg,RC1848W.jpg,Venomous,Russell's Viper,50d31c0d681a5b34c32444f79c1077f9821470a07431bba20441e6e55e880c68,730,324,https://github.com/arjun921/Indian-Snakes-Dataset,VERIFIED,MIT,UNCLEAR,REVIEW_REQUIRED,False,,POSSIBLE_NEAR_DUPLICATE,train/Venomous_Snake/RC1848W.jpg,0.995298,NOT_TEST_LEAKAGE,,DIRECTORY_LABEL_PRESERVED,BASIC_QUALITY_PASS,MANUAL_REVIEW_REQUIRED,True,,Possible near-duplicate cannot be automatically cleared; technical status does not establish training/reuse rights
C:\Users\yesam\Desktop\anviksa_ai\new_training_data\snake_images\Indian-Snakes-Dataset-master\Venomous\Russell's Viper\RUSFULL_.JPG,Venomous/Russell's Viper/RUSFULL_.JPG,RUSFULL_.JPG,Venomous,Russell's Viper,07ac2c32dbf81e3c4c90fc0322c6e259754f63a1528f1f882875353ba4415d70,1070,708,https://github.com/arjun921/Indian-Snakes-Dataset,VERIFIED,MIT,UNCLEAR,REVIEW_REQUIRED,False,,POSSIBLE_NEAR_DUPLICATE,train/Venomous_Snake/RUSFULL_.JPG,0.996973,NOT_TEST_LEAKAGE,,DIRECTORY_LABEL_PRESERVED,BASIC_QUALITY_PASS,MANUAL_REVIEW_REQUIRED,True,,Possible near-duplicate cannot be automatically cleared; technical status does not establish training/reuse rights
C:\Users\yesam\Desktop\anviksa_ai\new_training_data\snake_images\Indian-Snakes-Dataset-master\Venomous\Russell's Viper\RUSHEAD1.JPG,Venomous/Russell's Viper/RUSHEAD1.JPG,RUSHEAD1.JPG,Venomous,Russell's Viper,372fe9c0592e3ed2ff44b7e1a62c51841466cae9928a49d046249ca54f73a5c0,1999,1296,https://github.com/arjun921/Indian-Snakes-Dataset,VERIFIED,MIT,UNCLEAR,REVIEW_REQUIRED,False,,POSSIBLE_NEAR_DUPLICATE,train/Venomous_Snake/RUSHEAD1.JPG,0.995973,NOT_TEST_LEAKAGE,,DIRECTORY_LABEL_PRESERVED,BASIC_QUALITY_PASS,MANUAL_REVIEW_REQUIRED,True,,Possible near-duplicate cannot be automatically cleared; technical status does not establish training/reuse rights
C:\Users\yesam\Desktop\anviksa_ai\new_training_data\snake_images\Indian-Snakes-Dataset-master\Venomous\Russell's Viper\Russell's_Viper.JPG,Venomous/Russell's Viper/Russell's_Viper.JPG,Russell's_Viper.JPG,Venomous,Russell's Viper,383248854f9c7268629e458c19dc8fe7add8569c8ec2c87a9f1344672294e820,5184,3456,https://github.com/arjun921/Indian-Snakes-Dataset,VERIFIED,MIT,UNCLEAR,REVIEW_REQUIRED,False,,POSSIBLE_NEAR_DUPLICATE,train/Venomous_Snake/Russells_Viper.JPG,0.992868,NOT_TEST_LEAKAGE,,DIRECTORY_LABEL_PRESERVED,BASIC_QUALITY_PASS,MANUAL_REVIEW_REQUIRED,True,,Possible near-duplicate cannot be automatically cleared; technical status does not establish training/reuse rights
C:\Users\yesam\Desktop\anviksa_ai\new_training_data\snake_images\Indian-Snakes-Dataset-master\Venomous\Russell's Viper\Russell's_Viper_(Daboia_russelli).JPG,Venomous/Russell's Viper/Russell's_Viper_(Daboia_russelli).JPG,Russell's_Viper_(Daboia_russelli).JPG,Venomous,Russell's Viper,bff4a06976f428550ff9bbd77c695f5bb3368e3662371ea03138e1bed4b77a66,3648,2736,https://github.com/arjun921/Indian-Snakes-Dataset,VERIFIED,MIT,UNCLEAR,REVIEW_REQUIRED,False,,POSSIBLE_NEAR_DUPLICATE,train/Venomous_Snake/Russells_Viper_(Daboia_russelli).JPG,0.996664,NOT_TEST_LEAKAGE,,DIRECTORY_LABEL_PRESERVED,BASIC_QUALITY_PASS,MANUAL_REVIEW_REQUIRED,True,,Possible near-duplicate cannot be automatically cleared; technical status does not establish training/reuse rights
C:\Users\yesam\Desktop\anviksa_ai\new_training_data\snake_images\Indian-Snakes-Dataset-master\Venomous\Russell's Viper\Russell's_Viper_-_Transportation_Box.JPG,Venomous/Russell's Viper/Russell's_Viper_-_Transportation_Box.JPG,Russell's_Viper_-_Transportation_Box.JPG,Venomous,Russell's Viper,08ee003272bede16c8c19df1239586955dfc95bcedc6319cfa3761515da66102,3456,2304,https://github.com/arjun921/Indian-Snakes-Dataset,VERIFIED,MIT,UNCLEAR,REVIEW_REQUIRED,False,,POSSIBLE_NEAR_DUPLICATE,validation/Venomous_Snake/Russells_Viper_Transportation_Box.JPG,0.996384,NOT_TEST_LEAKAGE,,DIRECTORY_LABEL_PRESERVED,BASIC_QUALITY_PASS,MANUAL_REVIEW_REQUIRED,True,,Possible near-duplicate cannot be automatically cleared; technical status does not establish training/reuse rights
C:\Users\yesam\Desktop\anviksa_ai\new_training_data\snake_images\Indian-Snakes-Dataset-master\Venomous\Russell's Viper\russell-s-viper-male.jpg,Venomous/Russell's Viper/russell-s-viper-male.jpg,russell-s-viper-male.jpg,Venomous,Russell's Viper,3520126ecef10ce140b27232dfe9c4b84e172f8ed9995fffafe0b0fc2a9cc110,550,309,https://github.com/arjun921/Indian-Snakes-Dataset,VERIFIED,MIT,UNCLEAR,REVIEW_REQUIRED,False,,POSSIBLE_NEAR_DUPLICATE,train/Venomous_Snake/russell-s-viper-male.jpg,0.995617,NOT_TEST_LEAKAGE,,DIRECTORY_LABEL_PRESERVED,BASIC_QUALITY_PASS,MANUAL_REVIEW_REQUIRED,True,,Possible near-duplicate cannot be automatically cleared; technical status does not establish training/reuse rights
C:\Users\yesam\Desktop\anviksa_ai\new_training_data\snake_images\Indian-Snakes-Dataset-master\Venomous\Russell's Viper\RUSSELL_VIPER.JPG,Venomous/Russell's Viper/RUSSELL_VIPER.JPG,RUSSELL_VIPER.JPG,Venomous,Russell's Viper,ac89969ee2743dbb484562cb68bcf130b106f5313ffc6e5571410e12283e3dca,2592,1944,https://github.com/arjun921/Indian-Snakes-Dataset,VERIFIED,MIT,UNCLEAR,REVIEW_REQUIRED,False,,POSSIBLE_NEAR_DUPLICATE,train/Venomous_Snake/RUSSELL_VIPER.JPG,0.997386,NOT_TEST_LEAKAGE,,DIRECTORY_LABEL_PRESERVED,BASIC_QUALITY_PASS,MANUAL_REVIEW_REQUIRED,True,,Possible near-duplicate cannot be automatically cleared; technical status does not establish training/reuse rights
C:\Users\yesam\Desktop\anviksa_ai\new_training_data\snake_images\Indian-Snakes-Dataset-master\Venomous\Russell's Viper\Russels-viper-Mike-Lyssarides-permissioned.jpg,Venomous/Russell's Viper/Russels-viper-Mike-Lyssarides-permissioned.jpg,Russels-viper-Mike-Lyssarides-permissioned.jpg,Venomous,Russell's Viper,54dce17743663895383e5097e3d78840c7b845c4c41a78d52c18c9c972934e6b,800,451,https://github.com/arjun921/Indian-Snakes-Dataset,VERIFIED,MIT,UNCLEAR,REVIEW_REQUIRED,False,,POSSIBLE_NEAR_DUPLICATE,train/Venomous_Snake/Russels-viper-Mike-Lyssarides-permissioned.jpg,0.996342,NOT_TEST_LEAKAGE,,DIRECTORY_LABEL_PRESERVED,BASIC_QUALITY_PASS,MANUAL_REVIEW_REQUIRED,True,,Possible near-duplicate cannot be automatically cleared; technical status does not establish training/reuse rights
C:\Users\yesam\Desktop\anviksa_ai\new_training_data\snake_images\Indian-Snakes-Dataset-master\Venomous\Russell's Viper\RV1.jpg,Venomous/Russell's Viper/RV1.jpg,RV1.jpg,Venomous,Russell's Viper,0d24bb18db0448cf09e1c006105dc14f7aaebfeaf31c93dcc0bedabf7fd967e3,1836,3264,https://github.com/arjun921/Indian-Snakes-Dataset,VERIFIED,MIT,UNCLEAR,REVIEW_REQUIRED,False,,POSSIBLE_NEAR_DUPLICATE,train/Venomous_Snake/RV1.jpg,0.995301,NOT_TEST_LEAKAGE,,DIRECTORY_LABEL_PRESERVED,BASIC_QUALITY_PASS,MANUAL_REVIEW_REQUIRED,True,,Possible near-duplicate cannot be automatically cleared; technical status does not establish training/reuse rights
C:\Users\yesam\Desktop\anviksa_ai\new_training_data\snake_images\Indian-Snakes-Dataset-master\Venomous\Russell's Viper\siamese-russells-viper.jpg,Venomous/Russell's Viper/siamese-russells-viper.jpg,siamese-russells-viper.jpg,Venomous,Russell's Viper,b0af6e9bad0cb1391990b54a21b9dafffeed6efc7d18e24d52b8304c502d78b5,3000,4000,https://github.com/arjun921/Indian-Snakes-Dataset,VERIFIED,MIT,UNCLEAR,REVIEW_REQUIRED,False,,POSSIBLE_NEAR_DUPLICATE,train/Venomous_Snake/siamese-russells-viper.jpg,0.997367,NOT_TEST_LEAKAGE,,DIRECTORY_LABEL_PRESERVED,BASIC_QUALITY_PASS,MANUAL_REVIEW_REQUIRED,True,,Possible near-duplicate cannot be automatically cleared; technical status does not establish training/reuse rights
C:\Users\yesam\Desktop\anviksa_ai\new_training_data\snake_images\Indian-Snakes-Dataset-master\Venomous\Russell's Viper\sites_snake-antivenin.com_files_russell-viper-daboia-russelli-siamensis-antivenom-red-cross.jpg,Venomous/Russell's Viper/sites_snake-antivenin.com_files_russell-viper-daboia-russelli-siamensis-antivenom-red-cross.jpg,sites_snake-antivenin.com_files_russell-viper-daboia-russelli-siamensis-antivenom-red-cross.jpg,Venomous,Russell's Viper,fc11d331c5226ec265a38174cbc664896c2848840645e3e3b19f3552a1c251f9,373,215,https://github.com/arjun921/Indian-Snakes-Dataset,VERIFIED,MIT,UNCLEAR,REVIEW_REQUIRED,False,,POSSIBLE_NEAR_DUPLICATE,validation/Venomous_Snake/sites_snake-antivenin.com_files_russell-viper-daboia-russelli-siamensis-antivenom-red-cross.jpg,0.998402,NOT_TEST_LEAKAGE,,DIRECTORY_LABEL_PRESERVED,BASIC_QUALITY_PASS,MANUAL_REVIEW_REQUIRED,True,,Possible near-duplicate cannot be automatically cleared; technical status does not establish training/reuse rights
C:\Users\yesam\Desktop\anviksa_ai\new_training_data\snake_images\Indian-Snakes-Dataset-master\Venomous\Russell's Viper\snake-bit-mit-resize-1.jpg,Venomous/Russell's Viper/snake-bit-mit-resize-1.jpg,snake-bit-mit-resize-1.jpg,Venomous,Russell's Viper,6659efe8a0c5352b0e224b21c7b0513d4e30ba7605757e6b3b6250e730018641,1024,577,https://github.com/arjun921/Indian-Snakes-Dataset,VERIFIED,MIT,UNCLEAR,REVIEW_REQUIRED,False,,POSSIBLE_NEAR_DUPLICATE,train/Venomous_Snake/snake-bit-mit-resize-1.jpg,0.998392,NOT_TEST_LEAKAGE,,DIRECTORY_LABEL_PRESERVED,BASIC_QUALITY_PASS,MANUAL_REVIEW_REQUIRED,True,,Possible near-duplicate cannot be automatically cleared; technical status does not establish training/reuse rights
C:\Users\yesam\Desktop\anviksa_ai\new_training_data\snake_images\Indian-Snakes-Dataset-master\Venomous\Russell's Viper\toz19228l.jpg,Venomous/Russell's Viper/toz19228l.jpg,toz19228l.jpg,Venomous,Russell's Viper,7cedb5340d248eda558971af4a35e5f850702485370cea40f82ddcccbbefd204,1600,1200,https://github.com/arjun921/Indian-Snakes-Dataset,VERIFIED,MIT,UNCLEAR,REVIEW_REQUIRED,False,,POSSIBLE_NEAR_DUPLICATE,train/Venomous_Snake/toz19228l.jpg,0.997064,NOT_TEST_LEAKAGE,,DIRECTORY_LABEL_PRESERVED,BASIC_QUALITY_PASS,MANUAL_REVIEW_REQUIRED,True,,Possible near-duplicate cannot be automatically cleared; technical status does not establish training/reuse rights
C:\Users\yesam\Desktop\anviksa_ai\new_training_data\snake_images\Indian-Snakes-Dataset-master\Venomous\Saw-scaled Viper\0240.jpeg,Venomous/Saw-scaled Viper/0240.jpeg,0240.jpeg,Venomous,Saw-scaled Viper,b11c2258055cfc70974c39dbac7436e4ca9a3d569fea74010bdd15ad89f36a71,500,304,https://github.com/arjun921/Indian-Snakes-Dataset,VERIFIED,MIT,UNCLEAR,REVIEW_REQUIRED,False,,POSSIBLE_NEAR_DUPLICATE,train/Venomous_Snake/0240.jpg,0.915357,NOT_TEST_LEAKAGE,,DIRECTORY_LABEL_PRESERVED,BASIC_QUALITY_PASS,MANUAL_REVIEW_REQUIRED,True,,Possible near-duplicate cannot be automatically cleared; technical status does not establish training/reuse rights
C:\Users\yesam\Desktop\anviksa_ai\new_training_data\snake_images\Indian-Snakes-Dataset-master\Venomous\Saw-scaled Viper\0804.jpeg,Venomous/Saw-scaled Viper/0804.jpeg,0804.jpeg,Venomous,Saw-scaled Viper,09ac14e3672cf5f4afb22c0dc9c993635f3a52b74c5f43e814fd44fba301d5b8,1024,537,https://github.com/arjun921/Indian-Snakes-Dataset,VERIFIED,MIT,UNCLEAR,REVIEW_REQUIRED,False,,POSSIBLE_NEAR_DUPLICATE,train/Venomous_Snake/0804.jpg,0.916592,NOT_TEST_LEAKAGE,,DIRECTORY_LABEL_PRESERVED,BASIC_QUALITY_PASS,MANUAL_REVIEW_REQUIRED,True,,Possible near-duplicate cannot be automatically cleared; technical status does not establish training/reuse rights
C:\Users\yesam\Desktop\anviksa_ai\new_training_data\snake_images\Indian-Snakes-Dataset-master\Venomous\Saw-scaled Viper\114-viper.jpg,Venomous/Saw-scaled Viper/114-viper.jpg,114-viper.jpg,Venomous,Saw-scaled Viper,4c5b4d11b63f1e9464e7e52df50df7edaed7986bbf05b2b713380bb20d6fe3e5,854,480,https://github.com/arjun921/Indian-Snakes-Dataset,VERIFIED,MIT,UNCLEAR,REVIEW_REQUIRED,False,,POSSIBLE_NEAR_DUPLICATE,test/Venomous_Snake/114-viper.jpg,0.997959,POSSIBLE_TEST_LEAKAGE,test/Venomous_Snake/114-viper.jpg,DIRECTORY_LABEL_PRESERVED,BASIC_QUALITY_PASS,MANUAL_REVIEW_REQUIRED,True,,Possible frozen-test leakage cannot be automatically cleared; technical status does not establish training/reuse rights
C:\Users\yesam\Desktop\anviksa_ai\new_training_data\snake_images\Indian-Snakes-Dataset-master\Venomous\Saw-scaled Viper\12873_2012_Article_167_Fig1_HTML.jpg,Venomous/Saw-scaled Viper/12873_2012_Article_167_Fig1_HTML.jpg,12873_2012_Article_167_Fig1_HTML.jpg,Venomous,Saw-scaled Viper,b6e2e6c711363d60b4a8b1244dda0c7a8d025e40d4afa2bddccf44e1bef80c3c,1200,716,https://github.com/arjun921/Indian-Snakes-Dataset,VERIFIED,MIT,UNCLEAR,REVIEW_REQUIRED,False,,POSSIBLE_NEAR_DUPLICATE,train/Venomous_Snake/12873_2012_Article_167_Fig1_HTML.jpg,0.99764,NOT_TEST_LEAKAGE,,DIRECTORY_LABEL_PRESERVED,BASIC_QUALITY_PASS,MANUAL_REVIEW_REQUIRED,True,,Possible near-duplicate cannot be automatically cleared; technical status does not establish training/reuse rights
C:\Users\yesam\Desktop\anviksa_ai\new_training_data\snake_images\Indian-Snakes-Dataset-master\Venomous\Saw-scaled Viper\15155896108_9c22ac4833_b.jpg,Venomous/Saw-scaled Viper/15155896108_9c22ac4833_b.jpg,15155896108_9c22ac4833_b.jpg,Venomous,Saw-scaled Viper,8beba0336d1b1a3ba68efe349d477ca4a3e47859a7fb1f6798e847b9b784fd93,1024,591,https://github.com/arjun921/Indian-Snakes-Dataset,VERIFIED,MIT,UNCLEAR,REVIEW_REQUIRED,False,,POSSIBLE_NEAR_DUPLICATE,train/Venomous_Snake/15155896108_9c22ac4833_b.jpg,0.998127,NOT_TEST_LEAKAGE,,DIRECTORY_LABEL_PRESERVED,BASIC_QUALITY_PASS,MANUAL_REVIEW_REQUIRED,True,,Possible near-duplicate cannot be automatically cleared; technical status does not establish training/reuse rights
C:\Users\yesam\Desktop\anviksa_ai\new_training_data\snake_images\Indian-Snakes-Dataset-master\Venomous\Saw-scaled Viper\506552827-egyptian-saw-scaled-viper-wriggling-gecko-chad.jpg,Venomous/Saw-scaled Viper/506552827-egyptian-saw-scaled-viper-wriggling-gecko-chad.jpg,506552827-egyptian-saw-scaled-viper-wriggling-gecko-chad.jpg,Venomous,Saw-scaled Viper,2b7ef46df26b6af5a72bbc7df33f47fd4f4bc7488110af5ab5d1ed61daf6e724,480,270,https://github.com/arjun921/Indian-Snakes-Dataset,VERIFIED,MIT,UNCLEAR,REVIEW_REQUIRED,False,,POSSIBLE_NEAR_DUPLICATE,train/Venomous_Snake/506552827-egyptian-saw-scaled-viper-wriggling-gecko-chad.jpg,0.995402,NOT_TEST_LEAKAGE,,DIRECTORY_LABEL_PRESERVED,BASIC_QUALITY_PASS,MANUAL_REVIEW_REQUIRED,True,,Possible near-duplicate cannot be automatically cleared; technical status does not establish training/reuse rights
C:\Users\yesam\Desktop\anviksa_ai\new_training_data\snake_images\Indian-Snakes-Dataset-master\Venomous\Saw-scaled Viper\5739148026_6b28169cd9_b.jpg,Venomous/Saw-scaled Viper/5739148026_6b28169cd9_b.jpg,5739148026_6b28169cd9_b.jpg,Venomous,Saw-scaled Viper,fbca7e3c9cae0dafeda0bf580954b434f1bf2d6353f4fcbdbfcb7b490f22d198,800,432,https://github.com/arjun921/Indian-Snakes-Dataset,VERIFIED,MIT,UNCLEAR,REVIEW_REQUIRED,False,,POSSIBLE_NEAR_DUPLICATE,validation/Venomous_Snake/5739148026_6b28169cd9_b.jpg,0.994368,NOT_TEST_LEAKAGE,,DIRECTORY_LABEL_PRESERVED,BASIC_QUALITY_PASS,MANUAL_REVIEW_REQUIRED,True,,Possible near-duplicate cannot be automatically cleared; technical status does not establish training/reuse rights
C:\Users\yesam\Desktop\anviksa_ai\new_training_data\snake_images\Indian-Snakes-Dataset-master\Venomous\Saw-scaled Viper\602197057-egyptian-saw-scaled-viper-lurking-worming-chad.jpg,Venomous/Saw-scaled Viper/602197057-egyptian-saw-scaled-viper-lurking-worming-chad.jpg,602197057-egyptian-saw-scaled-viper-lurking-worming-chad.jpg,Venomous,Saw-scaled Viper,202efa3896d12e3c38040b58974de767481c8a25f003867eb2b7d2b899b46eee,960,540,https://github.com/arjun921/Indian-Snakes-Dataset,VERIFIED,MIT,UNCLEAR,REVIEW_REQUIRED,False,,POSSIBLE_NEAR_DUPLICATE,train/Venomous_Snake/602197057-egyptian-saw-scaled-viper-lurking-worming-chad.jpg,0.996918,NOT_TEST_LEAKAGE,,DIRECTORY_LABEL_PRESERVED,BASIC_QUALITY_PASS,MANUAL_REVIEW_REQUIRED,True,,Possible near-duplicate cannot be automatically cleared; technical status does not establish training/reuse rights
C:\Users\yesam\Desktop\anviksa_ai\new_training_data\snake_images\Indian-Snakes-Dataset-master\Venomous\Saw-scaled Viper\619283807-egyptian-saw-scaled-viper-lurking-chad-sahara-das-versunkene-paradies.jpg,Venomous/Saw-scaled Viper/619283807-egyptian-saw-scaled-viper-lurking-chad-sahara-das-versunkene-paradies.jpg,619283807-egyptian-saw-scaled-viper-lurking-chad-sahara-das-versunkene-paradies.jpg,Venomous,Saw-scaled Viper,55881dff24fa31d54262e2fa9a68957ecca284145b8c87f16bb8b2ce9ecb17cf,960,540,https://github.com/arjun921/Indian-Snakes-Dataset,VERIFIED,MIT,UNCLEAR,REVIEW_REQUIRED,False,,POSSIBLE_NEAR_DUPLICATE,train/Venomous_Snake/619283807-egyptian-saw-scaled-viper-lurking-chad-sahara-das-versunkene-paradies.jpg,0.996834,NOT_TEST_LEAKAGE,,DIRECTORY_LABEL_PRESERVED,BASIC_QUALITY_PASS,MANUAL_REVIEW_REQUIRED,True,,Possible near-duplicate cannot be automatically cleared; technical status does not establish training/reuse rights
C:\Users\yesam\Desktop\anviksa_ai\new_training_data\snake_images\Indian-Snakes-Dataset-master\Venomous\Saw-scaled Viper\661453767-egyptian-saw-scaled-viper-lurking-worming-chad.jpg,Venomous/Saw-scaled Viper/661453767-egyptian-saw-scaled-viper-lurking-worming-chad.jpg,661453767-egyptian-saw-scaled-viper-lurking-worming-chad.jpg,Venomous,Saw-scaled Viper,3e3945edf47ebcd96052f960d66fa7882a8af6a969bf6801535da20050c0beae,480,270,https://github.com/arjun921/Indian-Snakes-Dataset,VERIFIED,MIT,UNCLEAR,REVIEW_REQUIRED,False,,POSSIBLE_NEAR_DUPLICATE,train/Venomous_Snake/661453767-egyptian-saw-scaled-viper-lurking-worming-chad.jpg,0.997407,NOT_TEST_LEAKAGE,,DIRECTORY_LABEL_PRESERVED,BASIC_QUALITY_PASS,MANUAL_REVIEW_REQUIRED,True,,Possible near-duplicate cannot be automatically cleared; technical status does not establish training/reuse rights
C:\Users\yesam\Desktop\anviksa_ai\new_training_data\snake_images\Indian-Snakes-Dataset-master\Venomous\Saw-scaled Viper\6834742881_d6100bca97_b.jpg,Venomous/Saw-scaled Viper/6834742881_d6100bca97_b.jpg,6834742881_d6100bca97_b.jpg,Venomous,Saw-scaled Viper,bc1f7334275b674ab4261cd3c7a0e4bec937bad6ec70f452345cfe7e48b5f2e4,1024,617,https://github.com/arjun921/Indian-Snakes-Dataset,VERIFIED,MIT,UNCLEAR,REVIEW_REQUIRED,False,,POSSIBLE_NEAR_DUPLICATE,train/Venomous_Snake/6834742881_d6100bca97_b.jpg,0.995255,NOT_TEST_LEAKAGE,,DIRECTORY_LABEL_PRESERVED,BASIC_QUALITY_PASS,MANUAL_REVIEW_REQUIRED,True,,Possible near-duplicate cannot be automatically cleared; technical status does not establish training/reuse rights
C:\Users\yesam\Desktop\anviksa_ai\new_training_data\snake_images\Indian-Snakes-Dataset-master\Venomous\Saw-scaled Viper\686451267-wall-gecko-egyptian-saw-scaled-viper-worming-chad.jpg,Venomous/Saw-scaled Viper/686451267-wall-gecko-egyptian-saw-scaled-viper-worming-chad.jpg,686451267-wall-gecko-egyptian-saw-scaled-viper-worming-chad.jpg,Venomous,Saw-scaled Viper,4e1a7dba2c446299e30a7ff1f00f4bd4044400b1ecfabdde17a12f171b7721c3,960,540,https://github.com/arjun921/Indian-Snakes-Dataset,VERIFIED,MIT,UNCLEAR,REVIEW_REQUIRED,False,,POSSIBLE_NEAR_DUPLICATE,train/Venomous_Snake/686451267-wall-gecko-egyptian-saw-scaled-viper-worming-chad.jpg,0.996613,NOT_TEST_LEAKAGE,,DIRECTORY_LABEL_PRESERVED,BASIC_QUALITY_PASS,MANUAL_REVIEW_REQUIRED,True,,Possible near-duplicate cannot be automatically cleared; technical status does not establish training/reuse rights
C:\Users\yesam\Desktop\anviksa_ai\new_training_data\snake_images\Indian-Snakes-Dataset-master\Venomous\Saw-scaled Viper\699780063-wall-gecko-egyptian-saw-scaled-viper-chad-sahara-das-versunkene-paradies.jpg,Venomous/Saw-scaled Viper/699780063-wall-gecko-egyptian-saw-scaled-viper-chad-sahara-das-versunkene-paradies.jpg,699780063-wall-gecko-egyptian-saw-scaled-viper-chad-sahara-das-versunkene-paradies.jpg,Venomous,Saw-scaled Viper,6e370757067e588bc1b0270208c61c85791e07f18d25cc72c189eaa9782525bf,960,540,https://github.com/arjun921/Indian-Snakes-Dataset,VERIFIED,MIT,UNCLEAR,REVIEW_REQUIRED,False,,POSSIBLE_NEAR_DUPLICATE,train/Venomous_Snake/699780063-wall-gecko-egyptian-saw-scaled-viper-chad-sahara-das-versunkene-paradies.jpg,0.996396,NOT_TEST_LEAKAGE,,DIRECTORY_LABEL_PRESERVED,BASIC_QUALITY_PASS,MANUAL_REVIEW_REQUIRED,True,,Possible near-duplicate cannot be automatically cleared; technical status does not establish training/reuse rights
C:\Users\yesam\Desktop\anviksa_ai\new_training_data\snake_images\Indian-Snakes-Dataset-master\Venomous\Saw-scaled Viper\755725196-egyptian-saw-scaled-viper-gecko-chad-sahara-das-versunkene-paradies.jpg,Venomous/Saw-scaled Viper/755725196-egyptian-saw-scaled-viper-gecko-chad-sahara-das-versunkene-paradies.jpg,755725196-egyptian-saw-scaled-viper-gecko-chad-sahara-das-versunkene-paradies.jpg,Venomous,Saw-scaled Viper,95d52acbf01d1a1ae97e9a3ee1bb474882475c7ddffb2948997d934dcde8e356,960,540,https://github.com/arjun921/Indian-Snakes-Dataset,VERIFIED,MIT,UNCLEAR,REVIEW_REQUIRED,False,,POSSIBLE_NEAR_DUPLICATE,validation/Venomous_Snake/755725196-egyptian-saw-scaled-viper-gecko-chad-sahara-das-versunkene-paradies.jpg,0.995728,NOT_TEST_LEAKAGE,,DIRECTORY_LABEL_PRESERVED,BASIC_QUALITY_PASS,MANUAL_REVIEW_REQUIRED,True,,Possible near-duplicate cannot be automatically cleared; technical status does not establish training/reuse rights
C:\Users\yesam\Desktop\anviksa_ai\new_training_data\snake_images\Indian-Snakes-Dataset-master\Venomous\Saw-scaled Viper\806797304-wall-gecko-egyptian-saw-scaled-viper-chad-sahara-das-versunkene-paradies.jpg,Venomous/Saw-scaled Viper/806797304-wall-gecko-egyptian-saw-scaled-viper-chad-sahara-das-versunkene-paradies.jpg,806797304-wall-gecko-egyptian-saw-scaled-viper-chad-sahara-das-versunkene-paradies.jpg,Venomous,Saw-scaled Viper,348a6740c9340dcff8e35c1bf2033215fbc5fb2811af50e1236f84b0cca50993,960,540,https://github.com/arjun921/Indian-Snakes-Dataset,VERIFIED,MIT,UNCLEAR,REVIEW_REQUIRED,False,,POSSIBLE_NEAR_DUPLICATE,train/Venomous_Snake/806797304-wall-gecko-egyptian-saw-scaled-viper-chad-sahara-das-versunkene-paradies.jpg,0.995776,NOT_TEST_LEAKAGE,,DIRECTORY_LABEL_PRESERVED,BASIC_QUALITY_PASS,MANUAL_REVIEW_REQUIRED,True,,Possible near-duplicate cannot be automatically cleared; technical status does not establish training/reuse rights
C:\Users\yesam\Desktop\anviksa_ai\new_training_data\snake_images\Indian-Snakes-Dataset-master\Venomous\Saw-scaled Viper\886949850-wall-gecko-egyptian-saw-scaled-viper-wriggling-chad.jpg,Venomous/Saw-scaled Viper/886949850-wall-gecko-egyptian-saw-scaled-viper-wriggling-chad.jpg,886949850-wall-gecko-egyptian-saw-scaled-viper-wriggling-chad.jpg,Venomous,Saw-scaled Viper,29e460384f70d5eb35e1c9bd5ceac88d078ed8177ea940a88c99345a2d1f1abe,960,540,https://github.com/arjun921/Indian-Snakes-Dataset,VERIFIED,MIT,UNCLEAR,REVIEW_REQUIRED,False,,POSSIBLE_NEAR_DUPLICATE,train/Venomous_Snake/886949850-wall-gecko-egyptian-saw-scaled-viper-wriggling-chad.jpg,0.995944,NOT_TEST_LEAKAGE,,DIRECTORY_LABEL_PRESERVED,BASIC_QUALITY_PASS,MANUAL_REVIEW_REQUIRED,True,,Possible near-duplicate cannot be automatically cleared; technical status does not establish training/reuse rights
C:\Users\yesam\Desktop\anviksa_ai\new_training_data\snake_images\Indian-Snakes-Dataset-master\Venomous\Saw-scaled Viper\90130058.jpg,Venomous/Saw-scaled Viper/90130058.jpg,90130058.jpg,Venomous,Saw-scaled Viper,6e0eb50f51ad7d4e75886fe42fda425d5973591928949982b8f6c0ffee664e58,700,381,https://github.com/arjun921/Indian-Snakes-Dataset,VERIFIED,MIT,UNCLEAR,REVIEW_REQUIRED,False,,POSSIBLE_NEAR_DUPLICATE,train/Venomous_Snake/90130058.jpg,0.997969,NOT_TEST_LEAKAGE,,DIRECTORY_LABEL_PRESERVED,BASIC_QUALITY_PASS,MANUAL_REVIEW_REQUIRED,True,,Possible near-duplicate cannot be automatically cleared; technical status does not establish training/reuse rights
C:\Users\yesam\Desktop\anviksa_ai\new_training_data\snake_images\Indian-Snakes-Dataset-master\Venomous\Saw-scaled Viper\_afe8d134-4e76-11e6-8d8d-a42edc5c5383.jpg,Venomous/Saw-scaled Viper/_afe8d134-4e76-11e6-8d8d-a42edc5c5383.jpg,_afe8d134-4e76-11e6-8d8d-a42edc5c5383.jpg,Venomous,Saw-scaled Viper,58004011c916e26b695fcc79ca7973d59dcedc783330a2bd707a55065e193b63,640,327,https://github.com/arjun921/Indian-Snakes-Dataset,VERIFIED,MIT,UNCLEAR,REVIEW_REQUIRED,False,,POSSIBLE_NEAR_DUPLICATE,test/Venomous_Snake/_afe8d134-4e76-11e6-8d8d-a42edc5c5383.jpg,0.998487,POSSIBLE_TEST_LEAKAGE,test/Venomous_Snake/_afe8d134-4e76-11e6-8d8d-a42edc5c5383.jpg,DIRECTORY_LABEL_PRESERVED,BASIC_QUALITY_PASS,MANUAL_REVIEW_REQUIRED,True,,Possible frozen-test leakage cannot be automatically cleared; technical status does not establish training/reuse rights
C:\Users\yesam\Desktop\anviksa_ai\new_training_data\snake_images\Indian-Snakes-Dataset-master\Venomous\Saw-scaled Viper\_DSC0260.jpg,Venomous/Saw-scaled Viper/_DSC0260.jpg,_DSC0260.jpg,Venomous,Saw-scaled Viper,2d66314c3dc1aedea5f2347f673ce806343f0c159b678887aa9c1a70a3572775,1600,992,https://github.com/arjun921/Indian-Snakes-Dataset,VERIFIED,MIT,UNCLEAR,REVIEW_REQUIRED,False,,POSSIBLE_NEAR_DUPLICATE,test/Venomous_Snake/_DSC0260.jpg,0.99822,POSSIBLE_TEST_LEAKAGE,test/Venomous_Snake/_DSC0260.jpg,DIRECTORY_LABEL_PRESERVED,BASIC_QUALITY_PASS,MANUAL_REVIEW_REQUIRED,True,,Possible frozen-test leakage cannot be automatically cleared; technical status does not establish training/reuse rights
C:\Users\yesam\Desktop\anviksa_ai\new_training_data\snake_images\Indian-Snakes-Dataset-master\Venomous\Saw-scaled Viper\carpet_viper_2.jpg,Venomous/Saw-scaled Viper/carpet_viper_2.jpg,carpet_viper_2.jpg,Venomous,Saw-scaled Viper,9ad2bc95338f5fd39967a31ab47ea5bd77227fe1b6944f19fe98ece90108788e,488,306,https://github.com/arjun921/Indian-Snakes-Dataset,VERIFIED,MIT,UNCLEAR,REVIEW_REQUIRED,False,,POSSIBLE_NEAR_DUPLICATE,test/Venomous_Snake/carpet_viper_2.jpg,0.996229,POSSIBLE_TEST_LEAKAGE,test/Venomous_Snake/carpet_viper_2.jpg,DIRECTORY_LABEL_PRESERVED,BASIC_QUALITY_PASS,MANUAL_REVIEW_REQUIRED,True,,Possible frozen-test leakage cannot be automatically cleared; technical status does not establish training/reuse rights
C:\Users\yesam\Desktop\anviksa_ai\new_training_data\snake_images\Indian-Snakes-Dataset-master\Venomous\Saw-scaled Viper\CY025J-1.jpg,Venomous/Saw-scaled Viper/CY025J-1.jpg,CY025J-1.jpg,Venomous,Saw-scaled Viper,69853efd59e6b0aa387707aee0bca1907d3dfdd3c71ffa0aab598ce5ec44a4f8,2048,1360,https://github.com/arjun921/Indian-Snakes-Dataset,VERIFIED,MIT,UNCLEAR,REVIEW_REQUIRED,False,,POSSIBLE_NEAR_DUPLICATE,test/Venomous_Snake/CY025J-1.jpg,0.997108,POSSIBLE_TEST_LEAKAGE,test/Venomous_Snake/CY025J-1.jpg,DIRECTORY_LABEL_PRESERVED,BASIC_QUALITY_PASS,MANUAL_REVIEW_REQUIRED,True,,Possible frozen-test leakage cannot be automatically cleared; technical status does not establish training/reuse rights
C:\Users\yesam\Desktop\anviksa_ai\new_training_data\snake_images\Indian-Snakes-Dataset-master\Venomous\Saw-scaled Viper\Desktop14 copy.jpg,Venomous/Saw-scaled Viper/Desktop14 copy.jpg,Desktop14 copy.jpg,Venomous,Saw-scaled Viper,fa05dc941ec7f1e9ca1fda51fde79b3ee3889bfe8870083c5a21db6cb332d134,640,360,https://github.com/arjun921/Indian-Snakes-Dataset,VERIFIED,MIT,UNCLEAR,REVIEW_REQUIRED,False,,POSSIBLE_NEAR_DUPLICATE,validation/Venomous_Snake/Desktop14 copy.jpg,0.99736,NOT_TEST_LEAKAGE,,DIRECTORY_LABEL_PRESERVED,BASIC_QUALITY_PASS,MANUAL_REVIEW_REQUIRED,True,,Possible near-duplicate cannot be automatically cleared; technical status does not establish training/reuse rights
C:\Users\yesam\Desktop\anviksa_ai\new_training_data\snake_images\Indian-Snakes-Dataset-master\Venomous\Saw-scaled Viper\echis-carinatus-saw-scaled-viper-commonly-called-venomous-species-found-parts-middle-east-central-64402010_001.jpg,Venomous/Saw-scaled Viper/echis-carinatus-saw-scaled-viper-commonly-called-venomous-species-found-parts-middle-east-central-64402010_001.jpg,echis-carinatus-saw-scaled-viper-commonly-called-venomous-species-found-parts-middle-east-central-64402010_001.jpg,Venomous,Saw-scaled Viper,30d331d243673a3c24b3d50a53664248cd00cdd53cc6f8189aec1832b4b77723,242,160,https://github.com/arjun921/Indian-Snakes-Dataset,VERIFIED,MIT,UNCLEAR,REVIEW_REQUIRED,False,,POSSIBLE_NEAR_DUPLICATE,train/Venomous_Snake/echis-carinatus-saw-scaled-viper-commonly-called-venomous-species-found-parts-middle-east-central-64402010_001.jpg,0.996652,NOT_TEST_LEAKAGE,,DIRECTORY_LABEL_PRESERVED,BASIC_QUALITY_PASS,MANUAL_REVIEW_REQUIRED,True,,Possible near-duplicate cannot be automatically cleared; technical status does not establish training/reuse rights
C:\Users\yesam\Desktop\anviksa_ai\new_training_data\snake_images\Indian-Snakes-Dataset-master\Venomous\Saw-scaled Viper\Echis_carinatus(Saw_Scaled_Viper)_Phansad.jpg,Venomous/Saw-scaled Viper/Echis_carinatus(Saw_Scaled_Viper)_Phansad.jpg,Echis_carinatus(Saw_Scaled_Viper)_Phansad.jpg,Venomous,Saw-scaled Viper,14c2f40b49b1287d2316b4134dc9050212641352d2d70889c137fd179aeff27f,2922,1908,https://github.com/arjun921/Indian-Snakes-Dataset,VERIFIED,MIT,UNCLEAR,REVIEW_REQUIRED,False,,POSSIBLE_NEAR_DUPLICATE,train/Venomous_Snake/Echis_carinatus(Saw_Scaled_Viper)_Phansad.jpg,0.998286,NOT_TEST_LEAKAGE,,DIRECTORY_LABEL_PRESERVED,BASIC_QUALITY_PASS,MANUAL_REVIEW_REQUIRED,True,,Possible near-duplicate cannot be automatically cleared; technical status does not establish training/reuse rights
"C:\Users\yesam\Desktop\anviksa_ai\new_training_data\snake_images\Indian-Snakes-Dataset-master\Venomous\Saw-scaled Viper\flat,1000x1000,075,f.u4.jpg","Venomous/Saw-scaled Viper/flat,1000x1000,075,f.u4.jpg","flat,1000x1000,075,f.u4.jpg",Venomous,Saw-scaled Viper,25eccd42f7f99f4bcd062c987cd9fdc06dbfcc05633910c4a671c1d13069a44d,1000,594,https://github.com/arjun921/Indian-Snakes-Dataset,VERIFIED,MIT,UNCLEAR,REVIEW_REQUIRED,False,,POSSIBLE_NEAR_DUPLICATE,"validation/Venomous_Snake/flat,1000x1000,075,f.u4.jpg",0.998101,NOT_TEST_LEAKAGE,,DIRECTORY_LABEL_PRESERVED,BASIC_QUALITY_PASS,MANUAL_REVIEW_REQUIRED,True,,Possible near-duplicate cannot be automatically cleared; technical status does not establish training/reuse rights
C:\Users\yesam\Desktop\anviksa_ai\new_training_data\snake_images\Indian-Snakes-Dataset-master\Venomous\Saw-scaled Viper\ht_saw_scaled_viper_heart_attack_treatment_lpl_130221_wmain.jpg,Venomous/Saw-scaled Viper/ht_saw_scaled_viper_heart_attack_treatment_lpl_130221_wmain.jpg,ht_saw_scaled_viper_heart_attack_treatment_lpl_130221_wmain.jpg,Venomous,Saw-scaled Viper,6ad8e486794aa940659188b0f311f5a58cc6805cf44fb3c7285294cc74bd6f66,640,360,https://github.com/arjun921/Indian-Snakes-Dataset,VERIFIED,MIT,UNCLEAR,REVIEW_REQUIRED,False,,POSSIBLE_NEAR_DUPLICATE,validation/Venomous_Snake/ht_saw_scaled_viper_heart_attack_treatment_lpl_130221_wmain.jpg,0.996596,NOT_TEST_LEAKAGE,,DIRECTORY_LABEL_PRESERVED,BASIC_QUALITY_PASS,MANUAL_REVIEW_REQUIRED,True,,Possible near-duplicate cannot be automatically cleared; technical status does not establish training/reuse rights
C:\Users\yesam\Desktop\anviksa_ai\new_training_data\snake_images\Indian-Snakes-Dataset-master\Venomous\Saw-scaled Viper\img_2505.jpg,Venomous/Saw-scaled Viper/img_2505.jpg,img_2505.jpg,Venomous,Saw-scaled Viper,f14ad0f3074c8ad9c06a9c29a17de829d09badf11cfb215e4a2db29535d5056f,2431,1824,https://github.com/arjun921/Indian-Snakes-Dataset,VERIFIED,MIT,UNCLEAR,REVIEW_REQUIRED,False,,POSSIBLE_NEAR_DUPLICATE,validation/Venomous_Snake/img_2505.jpg,0.996763,NOT_TEST_LEAKAGE,,DIRECTORY_LABEL_PRESERVED,BASIC_QUALITY_PASS,MANUAL_REVIEW_REQUIRED,True,,Possible near-duplicate cannot be automatically cleared; technical status does not establish training/reuse rights
C:\Users\yesam\Desktop\anviksa_ai\new_training_data\snake_images\Indian-Snakes-Dataset-master\Venomous\Saw-scaled Viper\IMG_3806-2.jpg,Venomous/Saw-scaled Viper/IMG_3806-2.jpg,IMG_3806-2.jpg,Venomous,Saw-scaled Viper,8c258459e6210cab5992c81c91b7bf46caf85b743ca73d2991f980857c82f90d,4170,2777,https://github.com/arjun921/Indian-Snakes-Dataset,VERIFIED,MIT,UNCLEAR,REVIEW_REQUIRED,False,,POSSIBLE_NEAR_DUPLICATE,train/Venomous_Snake/IMG_3806-2.jpg,0.997562,NOT_TEST_LEAKAGE,,DIRECTORY_LABEL_PRESERVED,BASIC_QUALITY_PASS,MANUAL_REVIEW_REQUIRED,True,,Possible near-duplicate cannot be automatically cleared; technical status does not establish training/reuse rights
C:\Users\yesam\Desktop\anviksa_ai\new_training_data\snake_images\Indian-Snakes-Dataset-master\Venomous\Saw-scaled Viper\IMG_3808-2.jpg,Venomous/Saw-scaled Viper/IMG_3808-2.jpg,IMG_3808-2.jpg,Venomous,Saw-scaled Viper,70c63c031bde35f4032478156a036b144a0cd97647ef785e4073cb05ab42238a,1834,1293,https://github.com/arjun921/Indian-Snakes-Dataset,VERIFIED,MIT,UNCLEAR,REVIEW_REQUIRED,False,,POSSIBLE_NEAR_DUPLICATE,train/Venomous_Snake/IMG_3808-2.jpg,0.997433,NOT_TEST_LEAKAGE,,DIRECTORY_LABEL_PRESERVED,BASIC_QUALITY_PASS,MANUAL_REVIEW_REQUIRED,True,,Possible near-duplicate cannot be automatically cleared; technical status does not establish training/reuse rights
C:\Users\yesam\Desktop\anviksa_ai\new_training_data\snake_images\Indian-Snakes-Dataset-master\Venomous\Saw-scaled Viper\IMG_4588.jpg,Venomous/Saw-scaled Viper/IMG_4588.jpg,IMG_4588.jpg,Venomous,Saw-scaled Viper,219a184f7d9356710c6ad873f8c073f4c74920f11dfd6df2c3ac6fbc3478e021,3456,2304,https://github.com/arjun921/Indian-Snakes-Dataset,VERIFIED,MIT,UNCLEAR,REVIEW_REQUIRED,False,,POSSIBLE_NEAR_DUPLICATE,train/Venomous_Snake/IMG_4588.jpg,0.998969,NOT_TEST_LEAKAGE,,DIRECTORY_LABEL_PRESERVED,BASIC_QUALITY_PASS,MANUAL_REVIEW_REQUIRED,True,,Possible near-duplicate cannot be automatically cleared; technical status does not establish training/reuse rights
C:\Users\yesam\Desktop\anviksa_ai\new_training_data\snake_images\Indian-Snakes-Dataset-master\Venomous\Saw-scaled Viper\maxresdefault_001.jpg,Venomous/Saw-scaled Viper/maxresdefault_001.jpg,maxresdefault_001.jpg,Venomous,Saw-scaled Viper,f028fb6ab02fe600e4f379bfe410f057873fc399771e4812d3b4ddb54e3d99a5,1920,1080,https://github.com/arjun921/Indian-Snakes-Dataset,VERIFIED,MIT,UNCLEAR,REVIEW_REQUIRED,False,,POSSIBLE_NEAR_DUPLICATE,train/Venomous_Snake/maxresdefault_001 (2).jpg,0.99776,NOT_TEST_LEAKAGE,,DIRECTORY_LABEL_PRESERVED,BASIC_QUALITY_PASS,MANUAL_REVIEW_REQUIRED,True,,Possible near-duplicate cannot be automatically cleared; technical status does not establish training/reuse rights
C:\Users\yesam\Desktop\anviksa_ai\new_training_data\snake_images\Indian-Snakes-Dataset-master\Venomous\Saw-scaled Viper\maxresdefault_002.jpg,Venomous/Saw-scaled Viper/maxresdefault_002.jpg,maxresdefault_002.jpg,Venomous,Saw-scaled Viper,c85af7d3680324621380060a50bf07b020542355a1a07b8687b34ff93722b423,1946,1461,https://github.com/arjun921/Indian-Snakes-Dataset,VERIFIED,MIT,UNCLEAR,REVIEW_REQUIRED,False,,POSSIBLE_NEAR_DUPLICATE,validation/Venomous_Snake/maxresdefault_002 (4).jpg,0.998454,NOT_TEST_LEAKAGE,,DIRECTORY_LABEL_PRESERVED,BASIC_QUALITY_PASS,MANUAL_REVIEW_REQUIRED,True,,Possible near-duplicate cannot be automatically cleared; technical status does not establish training/reuse rights
C:\Users\yesam\Desktop\anviksa_ai\new_training_data\snake_images\Indian-Snakes-Dataset-master\Venomous\Saw-scaled Viper\maxresdefault_003.jpg,Venomous/Saw-scaled Viper/maxresdefault_003.jpg,maxresdefault_003.jpg,Venomous,Saw-scaled Viper,02a8ea5641d146f7779318820761fbf3478c2dc4d8460c295020ae18139a8544,1500,947,https://github.com/arjun921/Indian-Snakes-Dataset,VERIFIED,MIT,UNCLEAR,REVIEW_REQUIRED,False,,POSSIBLE_NEAR_DUPLICATE,train/Venomous_Snake/maxresdefault_003 (2).jpg,0.998301,NOT_TEST_LEAKAGE,,DIRECTORY_LABEL_PRESERVED,BASIC_QUALITY_PASS,MANUAL_REVIEW_REQUIRED,True,,Possible near-duplicate cannot be automatically cleared; technical status does not establish training/reuse rights
C:\Users\yesam\Desktop\anviksa_ai\new_training_data\snake_images\Indian-Snakes-Dataset-master\Venomous\Saw-scaled Viper\maxresdefault_006.jpg,Venomous/Saw-scaled Viper/maxresdefault_006.jpg,maxresdefault_006.jpg,Venomous,Saw-scaled Viper,09011c9a99ab0594c1aac739252a091a37dc82d64823d87bf45fc51e83eeb505,1920,1080,https://github.com/arjun921/Indian-Snakes-Dataset,VERIFIED,MIT,UNCLEAR,REVIEW_REQUIRED,False,,POSSIBLE_NEAR_DUPLICATE,train/Venomous_Snake/maxresdefault_006 (2).jpg,0.998692,NOT_TEST_LEAKAGE,,DIRECTORY_LABEL_PRESERVED,BASIC_QUALITY_PASS,MANUAL_REVIEW_REQUIRED,True,,Possible near-duplicate cannot be automatically cleared; technical status does not establish training/reuse rights
C:\Users\yesam\Desktop\anviksa_ai\new_training_data\snake_images\Indian-Snakes-Dataset-master\Venomous\Saw-scaled Viper\maxresdefault_007.jpg,Venomous/Saw-scaled Viper/maxresdefault_007.jpg,maxresdefault_007.jpg,Venomous,Saw-scaled Viper,76b2bf7d0863656fd6b18266cc90e6bd2e1d23348d6cc7af465448cdb0b74583,1280,720,https://github.com/arjun921/Indian-Snakes-Dataset,VERIFIED,MIT,UNCLEAR,REVIEW_REQUIRED,False,,POSSIBLE_NEAR_DUPLICATE,train/Venomous_Snake/maxresdefault_007 (2).jpg,0.997009,NOT_TEST_LEAKAGE,,DIRECTORY_LABEL_PRESERVED,BASIC_QUALITY_PASS,MANUAL_REVIEW_REQUIRED,True,,Possible near-duplicate cannot be automatically cleared; technical status does not establish training/reuse rights
C:\Users\yesam\Desktop\anviksa_ai\new_training_data\snake_images\Indian-Snakes-Dataset-master\Venomous\Saw-scaled Viper\maxresdefault_008.jpg,Venomous/Saw-scaled Viper/maxresdefault_008.jpg,maxresdefault_008.jpg,Venomous,Saw-scaled Viper,d0bfb7d9c0fc6a655e3a9869c495e142050416dff2927406acb09e510c591e96,1280,720,https://github.com/arjun921/Indian-Snakes-Dataset,VERIFIED,MIT,UNCLEAR,REVIEW_REQUIRED,False,,POSSIBLE_NEAR_DUPLICATE,train/Venomous_Snake/maxresdefault_008.jpg,0.998029,NOT_TEST_LEAKAGE,,DIRECTORY_LABEL_PRESERVED,BASIC_QUALITY_PASS,MANUAL_REVIEW_REQUIRED,True,,Possible near-duplicate cannot be automatically cleared; technical status does not establish training/reuse rights
C:\Users\yesam\Desktop\anviksa_ai\new_training_data\snake_images\Indian-Snakes-Dataset-master\Venomous\Saw-scaled Viper\maxresdefault_009.jpg,Venomous/Saw-scaled Viper/maxresdefault_009.jpg,maxresdefault_009.jpg,Venomous,Saw-scaled Viper,ad17979685b645d1ad2972c0f363951af5e9db1ef058661f6e9f13ebd7ec1dfa,1280,720,https://github.com/arjun921/Indian-Snakes-Dataset,VERIFIED,MIT,UNCLEAR,REVIEW_REQUIRED,False,,POSSIBLE_NEAR_DUPLICATE,train/Venomous_Snake/maxresdefault_009.jpg,0.997151,NOT_TEST_LEAKAGE,,DIRECTORY_LABEL_PRESERVED,BASIC_QUALITY_PASS,MANUAL_REVIEW_REQUIRED,True,,Possible near-duplicate cannot be automatically cleared; technical status does not establish training/reuse rights
C:\Users\yesam\Desktop\anviksa_ai\new_training_data\snake_images\Indian-Snakes-Dataset-master\Venomous\Saw-scaled Viper\saw-scale-viper.jpg,Venomous/Saw-scaled Viper/saw-scale-viper.jpg,saw-scale-viper.jpg,Venomous,Saw-scaled Viper,00a7fc9fbb263864a718d8e3c1b82d9d183a88ca99ac650d046f152b118602dd,240,126,https://github.com/arjun921/Indian-Snakes-Dataset,VERIFIED,MIT,UNCLEAR,REVIEW_REQUIRED,False,,POSSIBLE_NEAR_DUPLICATE,train/Venomous_Snake/saw-scale-viper.jpg,0.984197,NOT_TEST_LEAKAGE,,DIRECTORY_LABEL_PRESERVED,BASIC_QUALITY_PASS,MANUAL_REVIEW_REQUIRED,True,,Possible near-duplicate cannot be automatically cleared; technical status does not establish training/reuse rights
C:\Users\yesam\Desktop\anviksa_ai\new_training_data\snake_images\Indian-Snakes-Dataset-master\Venomous\Saw-scaled Viper\Saw-Scaled-Viper-1 copy-X2.jpg,Venomous/Saw-scaled Viper/Saw-Scaled-Viper-1 copy-X2.jpg,Saw-Scaled-Viper-1 copy-X2.jpg,Venomous,Saw-scaled Viper,3573bf01367d03397eb328f76cc2804cccd2972a136366370c4839c6f8619b16,1280,853,https://github.com/arjun921/Indian-Snakes-Dataset,VERIFIED,MIT,UNCLEAR,REVIEW_REQUIRED,False,,POSSIBLE_NEAR_DUPLICATE,train/Venomous_Snake/Saw-Scaled-Viper-1 copy-X2.jpg,0.998327,NOT_TEST_LEAKAGE,,DIRECTORY_LABEL_PRESERVED,BASIC_QUALITY_PASS,MANUAL_REVIEW_REQUIRED,True,,Possible near-duplicate cannot be automatically cleared; technical status does not establish training/reuse rights
C:\Users\yesam\Desktop\anviksa_ai\new_training_data\snake_images\Indian-Snakes-Dataset-master\Venomous\Saw-scaled Viper\Saw-Scaled-Viper-Bhavya-Joshi-Flickr.jpg,Venomous/Saw-scaled Viper/Saw-Scaled-Viper-Bhavya-Joshi-Flickr.jpg,Saw-Scaled-Viper-Bhavya-Joshi-Flickr.jpg,Venomous,Saw-scaled Viper,bad0275796f0dc61bd23e3f8a90fa3398307059e3d3c5192775d10a08d4ad27b,704,414,https://github.com/arjun921/Indian-Snakes-Dataset,VERIFIED,MIT,UNCLEAR,REVIEW_REQUIRED,False,,POSSIBLE_NEAR_DUPLICATE,train/Venomous_Snake/Saw-Scaled-Viper-Bhavya-Joshi-Flickr.jpg,0.996517,NOT_TEST_LEAKAGE,,DIRECTORY_LABEL_PRESERVED,BASIC_QUALITY_PASS,MANUAL_REVIEW_REQUIRED,True,,Possible near-duplicate cannot be automatically cleared; technical status does not establish training/reuse rights
C:\Users\yesam\Desktop\anviksa_ai\new_training_data\snake_images\Indian-Snakes-Dataset-master\Venomous\Saw-scaled Viper\saw-scaled-viper_006.jpg,Venomous/Saw-scaled Viper/saw-scaled-viper_006.jpg,saw-scaled-viper_006.jpg,Venomous,Saw-scaled Viper,b575b3809fde482e0527181e1d32bfdb53e6f8e3d681d0aeeba9debdf6880f82,580,329,https://github.com/arjun921/Indian-Snakes-Dataset,VERIFIED,MIT,UNCLEAR,REVIEW_REQUIRED,False,,POSSIBLE_NEAR_DUPLICATE,validation/Venomous_Snake/saw-scaled-viper_006.jpg,0.999066,NOT_TEST_LEAKAGE,,DIRECTORY_LABEL_PRESERVED,BASIC_QUALITY_PASS,MANUAL_REVIEW_REQUIRED,True,,Possible near-duplicate cannot be automatically cleared; technical status does not establish training/reuse rights
C:\Users\yesam\Desktop\anviksa_ai\new_training_data\snake_images\Indian-Snakes-Dataset-master\Venomous\Saw-scaled Viper\Saw-Scaled-Viper_012.jpg,Venomous/Saw-scaled Viper/Saw-Scaled-Viper_012.jpg,Saw-Scaled-Viper_012.jpg,Venomous,Saw-scaled Viper,b10936ff9e34c7b7d84dab18278a42b2a2e04e02d02e0f8b4a164c1be2445a70,757,386,https://github.com/arjun921/Indian-Snakes-Dataset,VERIFIED,MIT,UNCLEAR,REVIEW_REQUIRED,False,,POSSIBLE_NEAR_DUPLICATE,train/Venomous_Snake/Saw-Scaled-Viper_012.jpg,0.996954,NOT_TEST_LEAKAGE,,DIRECTORY_LABEL_PRESERVED,BASIC_QUALITY_PASS,MANUAL_REVIEW_REQUIRED,True,,Possible near-duplicate cannot be automatically cleared; technical status does not establish training/reuse rights
C:\Users\yesam\Desktop\anviksa_ai\new_training_data\snake_images\Indian-Snakes-Dataset-master\Venomous\Saw-scaled Viper\Saw-scaled_viper_egg.JPG,Venomous/Saw-scaled Viper/Saw-scaled_viper_egg.JPG,Saw-scaled_viper_egg.JPG,Venomous,Saw-scaled Viper,830951968c25cc52e76b2884a881b6b33a7e0f514a6d7185439a1f0ffc000a01,3648,2736,https://github.com/arjun921/Indian-Snakes-Dataset,VERIFIED,MIT,UNCLEAR,REVIEW_REQUIRED,False,,POSSIBLE_NEAR_DUPLICATE,validation/Venomous_Snake/Saw-scaled_viper_egg.JPG,0.997193,NOT_TEST_LEAKAGE,,DIRECTORY_LABEL_PRESERVED,BASIC_QUALITY_PASS,MANUAL_REVIEW_REQUIRED,True,,Possible near-duplicate cannot be automatically cleared; technical status does not establish training/reuse rights
C:\Users\yesam\Desktop\anviksa_ai\new_training_data\snake_images\Indian-Snakes-Dataset-master\Venomous\Saw-scaled Viper\saw_scaled_kid_with_biggie.jpg,Venomous/Saw-scaled Viper/saw_scaled_kid_with_biggie.jpg,saw_scaled_kid_with_biggie.jpg,Venomous,Saw-scaled Viper,a2026557287e4d35043053ffbbce15899614c248338103272375801ecea490c4,2048,978,https://github.com/arjun921/Indian-Snakes-Dataset,VERIFIED,MIT,UNCLEAR,REVIEW_REQUIRED,False,,POSSIBLE_NEAR_DUPLICATE,train/Venomous_Snake/saw_scaled_kid_with_biggie.jpg,0.99681,NOT_TEST_LEAKAGE,,DIRECTORY_LABEL_PRESERVED,BASIC_QUALITY_PASS,MANUAL_REVIEW_REQUIRED,True,,Possible near-duplicate cannot be automatically cleared; technical status does not establish training/reuse rights
C:\Users\yesam\Desktop\anviksa_ai\new_training_data\snake_images\Indian-Snakes-Dataset-master\Venomous\Saw-scaled Viper\Saw_scaled_viper_001.jpg,Venomous/Saw-scaled Viper/Saw_scaled_viper_001.jpg,Saw_scaled_viper_001.jpg,Venomous,Saw-scaled Viper,8890c8a3a01601936e84fa5b638f754bcaca13a7c97f53d9d787f4c207acd646,4036,2327,https://github.com/arjun921/Indian-Snakes-Dataset,VERIFIED,MIT,UNCLEAR,REVIEW_REQUIRED,False,,POSSIBLE_NEAR_DUPLICATE,train/Venomous_Snake/Saw_scaled_viper_001.jpg,0.99727,NOT_TEST_LEAKAGE,,DIRECTORY_LABEL_PRESERVED,BASIC_QUALITY_PASS,MANUAL_REVIEW_REQUIRED,True,,Possible near-duplicate cannot be automatically cleared; technical status does not establish training/reuse rights
C:\Users\yesam\Desktop\anviksa_ai\new_training_data\snake_images\Indian-Snakes-Dataset-master\Venomous\Saw-scaled Viper\SawScaledBG.jpg,Venomous/Saw-scaled Viper/SawScaledBG.jpg,SawScaledBG.jpg,Venomous,Saw-scaled Viper,24061c561468008fe5177784305d8c149bfdad6939bedb3487232f96ba8ba878,6000,4000,https://github.com/arjun921/Indian-Snakes-Dataset,VERIFIED,MIT,UNCLEAR,REVIEW_REQUIRED,False,,POSSIBLE_NEAR_DUPLICATE,validation/Venomous_Snake/SawScaledBG.jpg,0.997578,NOT_TEST_LEAKAGE,,DIRECTORY_LABEL_PRESERVED,BASIC_QUALITY_PASS,MANUAL_REVIEW_REQUIRED,True,,Possible near-duplicate cannot be automatically cleared; technical status does not establish training/reuse rights
C:\Users\yesam\Desktop\anviksa_ai\new_training_data\snake_images\Indian-Snakes-Dataset-master\Venomous\Saw-scaled Viper\Sind-saw-scaled-viper_001.jpg,Venomous/Saw-scaled Viper/Sind-saw-scaled-viper_001.jpg,Sind-saw-scaled-viper_001.jpg,Venomous,Saw-scaled Viper,fc71cd87086d57d9715abbb6fa5d3b750fcb284eee1bb39344ba36a156f7c34b,650,363,https://github.com/arjun921/Indian-Snakes-Dataset,VERIFIED,MIT,UNCLEAR,REVIEW_REQUIRED,False,,POSSIBLE_NEAR_DUPLICATE,validation/Venomous_Snake/Sind-saw-scaled-viper_001.jpg,0.99557,NOT_TEST_LEAKAGE,,DIRECTORY_LABEL_PRESERVED,BASIC_QUALITY_PASS,MANUAL_REVIEW_REQUIRED,True,,Possible near-duplicate cannot be automatically cleared; technical status does not establish training/reuse rights
C:\Users\yesam\Desktop\anviksa_ai\new_training_data\snake_images\Indian-Snakes-Dataset-master\Venomous\Saw-scaled Viper\Snakebite-DNase-saw-scaled-viper-31cd25oj9az8gi7dpey1vk.jpg,Venomous/Saw-scaled Viper/Snakebite-DNase-saw-scaled-viper-31cd25oj9az8gi7dpey1vk.jpg,Snakebite-DNase-saw-scaled-viper-31cd25oj9az8gi7dpey1vk.jpg,Venomous,Saw-scaled Viper,45d65b4cb04f8e7e69fc6480d23895a854aec5484f54769ded6fb869f4299ebc,1024,606,https://github.com/arjun921/Indian-Snakes-Dataset,VERIFIED,MIT,UNCLEAR,REVIEW_REQUIRED,False,,POSSIBLE_NEAR_DUPLICATE,validation/Venomous_Snake/Snakebite-DNase-saw-scaled-viper-31cd25oj9az8gi7dpey1vk.jpg,0.99768,NOT_TEST_LEAKAGE,,DIRECTORY_LABEL_PRESERVED,BASIC_QUALITY_PASS,MANUAL_REVIEW_REQUIRED,True,,Possible near-duplicate cannot be automatically cleared; technical status does not establish training/reuse rights
C:\Users\yesam\Desktop\anviksa_ai\new_training_data\snake_images\Indian-Snakes-Dataset-master\Venomous\Saw-scaled Viper\SNP00571.jpg,Venomous/Saw-scaled Viper/SNP00571.jpg,SNP00571.jpg,Venomous,Saw-scaled Viper,fa578bbc391ed14b3cb9fea86fab4c6db622bff87c70c65b8e194525feea0578,300,162,https://github.com/arjun921/Indian-Snakes-Dataset,VERIFIED,MIT,UNCLEAR,REVIEW_REQUIRED,False,,POSSIBLE_NEAR_DUPLICATE,train/Venomous_Snake/SNP00571.jpg,0.997439,NOT_TEST_LEAKAGE,,DIRECTORY_LABEL_PRESERVED,BASIC_QUALITY_PASS,MANUAL_REVIEW_REQUIRED,True,,Possible near-duplicate cannot be automatically cleared; technical status does not establish training/reuse rights
C:\Users\yesam\Desktop\anviksa_ai\new_training_data\snake_images\Indian-Snakes-Dataset-master\Venomous\Spectacled Cobra\1438852857sub head shot-2.jpg,Venomous/Spectacled Cobra/1438852857sub head shot-2.jpg,1438852857sub head shot-2.jpg,Venomous,Spectacled Cobra,f2bad7d7c13021b6e7958993ae2fde0d3607eaf526b991c75d1b712f3bf77e4a,600,1024,https://github.com/arjun921/Indian-Snakes-Dataset,VERIFIED,MIT,UNCLEAR,REVIEW_REQUIRED,False,,POSSIBLE_NEAR_DUPLICATE,train/Venomous_Snake/1438852857sub head shot-2.jpg,0.99788,NOT_TEST_LEAKAGE,,DIRECTORY_LABEL_PRESERVED,BASIC_QUALITY_PASS,MANUAL_REVIEW_REQUIRED,True,,Possible near-duplicate cannot be automatically cleared; technical status does not establish training/reuse rights
C:\Users\yesam\Desktop\anviksa_ai\new_training_data\snake_images\Indian-Snakes-Dataset-master\Venomous\Spectacled Cobra\4cb43071ca703cf4778dd7473d3dfab8.jpg,Venomous/Spectacled Cobra/4cb43071ca703cf4778dd7473d3dfab8.jpg,4cb43071ca703cf4778dd7473d3dfab8.jpg,Venomous,Spectacled Cobra,35782ec4bb42420feda4dc65e2a79ec2f8ee20f74d33542a77f5132a5bd29647,3456,2592,https://github.com/arjun921/Indian-Snakes-Dataset,VERIFIED,MIT,UNCLEAR,REVIEW_REQUIRED,False,,POSSIBLE_NEAR_DUPLICATE,train/Venomous_Snake/4cb43071ca703cf4778dd7473d3dfab8.jpg,0.995833,NOT_TEST_LEAKAGE,,DIRECTORY_LABEL_PRESERVED,BASIC_QUALITY_PASS,MANUAL_REVIEW_REQUIRED,True,,Possible near-duplicate cannot be automatically cleared; technical status does not establish training/reuse rights
C:\Users\yesam\Desktop\anviksa_ai\new_training_data\snake_images\Indian-Snakes-Dataset-master\Venomous\Spectacled Cobra\6b6da31906462414e878d1dd90aa146c--snake-wallpaper-hd-wallpaper.jpg,Venomous/Spectacled Cobra/6b6da31906462414e878d1dd90aa146c--snake-wallpaper-hd-wallpaper.jpg,6b6da31906462414e878d1dd90aa146c--snake-wallpaper-hd-wallpaper.jpg,Venomous,Spectacled Cobra,efe2f6e9fbcd0192e4eefabe6b25fcd1ae35418cf6f91ce0688036a186d227de,736,350,https://github.com/arjun921/Indian-Snakes-Dataset,VERIFIED,MIT,UNCLEAR,REVIEW_REQUIRED,False,,POSSIBLE_NEAR_DUPLICATE,test/Venomous_Snake/6b6da31906462414e878d1dd90aa146c--snake-wallpaper-hd-wallpaper.jpg,0.99736,POSSIBLE_TEST_LEAKAGE,test/Venomous_Snake/6b6da31906462414e878d1dd90aa146c--snake-wallpaper-hd-wallpaper.jpg,DIRECTORY_LABEL_PRESERVED,BASIC_QUALITY_PASS,MANUAL_REVIEW_REQUIRED,True,,Possible frozen-test leakage cannot be automatically cleared; technical status does not establish training/reuse rights
C:\Users\yesam\Desktop\anviksa_ai\new_training_data\snake_images\Indian-Snakes-Dataset-master\Venomous\Spectacled Cobra\6O4A0379.jpg,Venomous/Spectacled Cobra/6O4A0379.jpg,6O4A0379.jpg,Venomous,Spectacled Cobra,e71e36e590f8a886392b356a08c72dde44fa5c3468b500bdc58552b4c6f90557,4278,2852,https://github.com/arjun921/Indian-Snakes-Dataset,VERIFIED,MIT,UNCLEAR,REVIEW_REQUIRED,False,,POSSIBLE_NEAR_DUPLICATE,test/Venomous_Snake/6O4A0379.jpg,0.996172,POSSIBLE_TEST_LEAKAGE,test/Venomous_Snake/6O4A0379.jpg,DIRECTORY_LABEL_PRESERVED,BASIC_QUALITY_PASS,MANUAL_REVIEW_REQUIRED,True,,Possible frozen-test leakage cannot be automatically cleared; technical status does not establish training/reuse rights
C:\Users\yesam\Desktop\anviksa_ai\new_training_data\snake_images\Indian-Snakes-Dataset-master\Venomous\Spectacled Cobra\6O4A0409.jpg,Venomous/Spectacled Cobra/6O4A0409.jpg,6O4A0409.jpg,Venomous,Spectacled Cobra,6cd7d37b5aa888a0166f06401fc77795fc0ee75fd8e5307856e1d807dffdb81a,3753,2502,https://github.com/arjun921/Indian-Snakes-Dataset,VERIFIED,MIT,UNCLEAR,REVIEW_REQUIRED,False,,POSSIBLE_NEAR_DUPLICATE,train/Venomous_Snake/6O4A0409.jpg,0.997033,NOT_TEST_LEAKAGE,,DIRECTORY_LABEL_PRESERVED,BASIC_QUALITY_PASS,MANUAL_REVIEW_REQUIRED,True,,Possible near-duplicate cannot be automatically cleared; technical status does not establish training/reuse rights
C:\Users\yesam\Desktop\anviksa_ai\new_training_data\snake_images\Indian-Snakes-Dataset-master\Venomous\Spectacled Cobra\6O4A0417.jpg,Venomous/Spectacled Cobra/6O4A0417.jpg,6O4A0417.jpg,Venomous,Spectacled Cobra,3efa252d010b25cc931464531316503f9ab248f1f2ce8de0f1ffcc88775746c4,4702,3135,https://github.com/arjun921/Indian-Snakes-Dataset,VERIFIED,MIT,UNCLEAR,REVIEW_REQUIRED,False,,POSSIBLE_NEAR_DUPLICATE,test/Venomous_Snake/6O4A0417.jpg,0.996917,POSSIBLE_TEST_LEAKAGE,test/Venomous_Snake/6O4A0417.jpg,DIRECTORY_LABEL_PRESERVED,BASIC_QUALITY_PASS,MANUAL_REVIEW_REQUIRED,True,,Possible frozen-test leakage cannot be automatically cleared; technical status does not establish training/reuse rights
C:\Users\yesam\Desktop\anviksa_ai\new_training_data\snake_images\Indian-Snakes-Dataset-master\Venomous\Spectacled Cobra\9619492326_56aa145611_b.jpg,Venomous/Spectacled Cobra/9619492326_56aa145611_b.jpg,9619492326_56aa145611_b.jpg,Venomous,Spectacled Cobra,4707e7312dfd2e8162c1cf541e8d418d1ab7d62c84fcab0f16d9a4115da99332,1024,340,https://github.com/arjun921/Indian-Snakes-Dataset,VERIFIED,MIT,UNCLEAR,REVIEW_REQUIRED,False,,POSSIBLE_NEAR_DUPLICATE,train/Venomous_Snake/9619492326_56aa145611_b.jpg,0.997679,NOT_TEST_LEAKAGE,,DIRECTORY_LABEL_PRESERVED,BASIC_QUALITY_PASS,MANUAL_REVIEW_REQUIRED,True,,Possible near-duplicate cannot be automatically cleared; technical status does not establish training/reuse rights
C:\Users\yesam\Desktop\anviksa_ai\new_training_data\snake_images\Indian-Snakes-Dataset-master\Venomous\Spectacled Cobra\a28044f3db3d514d2fad5316904626c8_giant.jpg,Venomous/Spectacled Cobra/a28044f3db3d514d2fad5316904626c8_giant.jpg,a28044f3db3d514d2fad5316904626c8_giant.jpg,Venomous,Spectacled Cobra,068a1b6e1473fd13fa347bfd2c5e60b1791b458bcf292417ba30bb7b43765152,649,1000,https://github.com/arjun921/Indian-Snakes-Dataset,VERIFIED,MIT,UNCLEAR,REVIEW_REQUIRED,False,,POSSIBLE_NEAR_DUPLICATE,train/Venomous_Snake/a28044f3db3d514d2fad5316904626c8_giant.jpg,0.997043,NOT_TEST_LEAKAGE,,DIRECTORY_LABEL_PRESERVED,BASIC_QUALITY_PASS,MANUAL_REVIEW_REQUIRED,True,,Possible near-duplicate cannot be automatically cleared; technical status does not establish training/reuse rights
C:\Users\yesam\Desktop\anviksa_ai\new_training_data\snake_images\Indian-Snakes-Dataset-master\Venomous\Spectacled Cobra\an-indian-or-spectacled-cobra-naja-naja-hooding-details-of-the-back-a2c9e6.jpg,Venomous/Spectacled Cobra/an-indian-or-spectacled-cobra-naja-naja-hooding-details-of-the-back-a2c9e6.jpg,an-indian-or-spectacled-cobra-naja-naja-hooding-details-of-the-back-a2c9e6.jpg,Venomous,Spectacled Cobra,8e381bea8440ad727bf0c481b842309ce07b7f4284663601b6c631cd80c72cc7,297,470,https://github.com/arjun921/Indian-Snakes-Dataset,VERIFIED,MIT,UNCLEAR,REVIEW_REQUIRED,False,,POSSIBLE_NEAR_DUPLICATE,train/Venomous_Snake/an-indian-or-spectacled-cobra-naja-naja-hooding-details-of-the-back-a2c9e6.jpg,0.998536,NOT_TEST_LEAKAGE,,DIRECTORY_LABEL_PRESERVED,BASIC_QUALITY_PASS,MANUAL_REVIEW_REQUIRED,True,,Possible near-duplicate cannot be automatically cleared; technical status does not establish training/reuse rights
C:\Users\yesam\Desktop\anviksa_ai\new_training_data\snake_images\Indian-Snakes-Dataset-master\Venomous\Spectacled Cobra\cobra-07.jpg,Venomous/Spectacled Cobra/cobra-07.jpg,cobra-07.jpg,Venomous,Spectacled Cobra,9d9c673f4f800603092997bf37610fd98a2b7a4cacefd201cf88c13a98975e44,3818,2636,https://github.com/arjun921/Indian-Snakes-Dataset,VERIFIED,MIT,UNCLEAR,REVIEW_REQUIRED,False,,POSSIBLE_NEAR_DUPLICATE,train/Venomous_Snake/cobra-07.jpg,0.997291,NOT_TEST_LEAKAGE,,DIRECTORY_LABEL_PRESERVED,BASIC_QUALITY_PASS,MANUAL_REVIEW_REQUIRED,True,,Possible near-duplicate cannot be automatically cleared; technical status does not establish training/reuse rights
C:\Users\yesam\Desktop\anviksa_ai\new_training_data\snake_images\Indian-Snakes-Dataset-master\Venomous\Spectacled Cobra\cobra_042611-8.jpg,Venomous/Spectacled Cobra/cobra_042611-8.jpg,cobra_042611-8.jpg,Venomous,Spectacled Cobra,570274ffd20fbf213a9f8641dc27868458999e2bf434544541263164b20ec457,550,265,https://github.com/arjun921/Indian-Snakes-Dataset,VERIFIED,MIT,UNCLEAR,REVIEW_REQUIRED,False,,POSSIBLE_NEAR_DUPLICATE,train/Venomous_Snake/cobra_042611-8.jpg,0.998421,NOT_TEST_LEAKAGE,,DIRECTORY_LABEL_PRESERVED,BASIC_QUALITY_PASS,MANUAL_REVIEW_REQUIRED,True,,Possible near-duplicate cannot be automatically cleared; technical status does not establish training/reuse rights
C:\Users\yesam\Desktop\anviksa_ai\new_training_data\snake_images\Indian-Snakes-Dataset-master\Venomous\Spectacled Cobra\dscn2969.jpg,Venomous/Spectacled Cobra/dscn2969.jpg,dscn2969.jpg,Venomous,Spectacled Cobra,5b02b2400fb5f0a290e107225a95b118264e55a0e8f00f58d898aa720dee7c42,4608,3456,https://github.com/arjun921/Indian-Snakes-Dataset,VERIFIED,MIT,UNCLEAR,REVIEW_REQUIRED,False,,POSSIBLE_NEAR_DUPLICATE,train/Venomous_Snake/dscn2969.jpg,0.996801,NOT_TEST_LEAKAGE,,DIRECTORY_LABEL_PRESERVED,BASIC_QUALITY_PASS,MANUAL_REVIEW_REQUIRED,True,,Possible near-duplicate cannot be automatically cleared; technical status does not establish training/reuse rights
C:\Users\yesam\Desktop\anviksa_ai\new_training_data\snake_images\Indian-Snakes-Dataset-master\Venomous\Spectacled Cobra\f5f5410cbb701105a26085bc85090b0a--pretty-animals-reptiles-and-amphibians.jpg,Venomous/Spectacled Cobra/f5f5410cbb701105a26085bc85090b0a--pretty-animals-reptiles-and-amphibians.jpg,f5f5410cbb701105a26085bc85090b0a--pretty-animals-reptiles-and-amphibians.jpg,Venomous,Spectacled Cobra,0b31e4f2c6b5f03fb8dd7212a7cb4f31bc96d8d37439690a465fc8b4e8ca59ad,736,1108,https://github.com/arjun921/Indian-Snakes-Dataset,VERIFIED,MIT,UNCLEAR,REVIEW_REQUIRED,False,,POSSIBLE_NEAR_DUPLICATE,train/Venomous_Snake/f5f5410cbb701105a26085bc85090b0a--pretty-animals-reptiles-and-amphibians.jpg,0.99785,NOT_TEST_LEAKAGE,,DIRECTORY_LABEL_PRESERVED,BASIC_QUALITY_PASS,MANUAL_REVIEW_REQUIRED,True,,Possible near-duplicate cannot be automatically cleared; technical status does not establish training/reuse rights
C:\Users\yesam\Desktop\anviksa_ai\new_training_data\snake_images\Indian-Snakes-Dataset-master\Venomous\Spectacled Cobra\ika-80438-reptiles-snakes-cobra-indian-spectacled-cobra-naja-naja-CE8PWP.jpg,Venomous/Spectacled Cobra/ika-80438-reptiles-snakes-cobra-indian-spectacled-cobra-naja-naja-CE8PWP.jpg,ika-80438-reptiles-snakes-cobra-indian-spectacled-cobra-naja-naja-CE8PWP.jpg,Venomous,Spectacled Cobra,d3eaac366969b1b31c1fc39a45c02d91c34891e664c38ed883b5ff5cf3f69bf4,875,1390,https://github.com/arjun921/Indian-Snakes-Dataset,VERIFIED,MIT,UNCLEAR,REVIEW_REQUIRED,False,,POSSIBLE_NEAR_DUPLICATE,validation/Venomous_Snake/ika-80438-reptiles-snakes-cobra-indian-spectacled-cobra-naja-naja-CE8PWP.jpg,0.997281,NOT_TEST_LEAKAGE,,DIRECTORY_LABEL_PRESERVED,BASIC_QUALITY_PASS,MANUAL_REVIEW_REQUIRED,True,,Possible near-duplicate cannot be automatically cleared; technical status does not establish training/reuse rights
C:\Users\yesam\Desktop\anviksa_ai\new_training_data\snake_images\Indian-Snakes-Dataset-master\Venomous\Spectacled Cobra\IMG_3863-2.jpg,Venomous/Spectacled Cobra/IMG_3863-2.jpg,IMG_3863-2.jpg,Venomous,Spectacled Cobra,96df3c4de0aba76bcfaec34b8a21eb18e55a8746c162f5ac882f466bf257eda2,4080,2623,https://github.com/arjun921/Indian-Snakes-Dataset,VERIFIED,MIT,UNCLEAR,REVIEW_REQUIRED,False,,POSSIBLE_NEAR_DUPLICATE,train/Venomous_Snake/IMG_3863-2.jpg,0.995507,NOT_TEST_LEAKAGE,,DIRECTORY_LABEL_PRESERVED,BASIC_QUALITY_PASS,MANUAL_REVIEW_REQUIRED,True,,Possible near-duplicate cannot be automatically cleared; technical status does not establish training/reuse rights
C:\Users\yesam\Desktop\anviksa_ai\new_training_data\snake_images\Indian-Snakes-Dataset-master\Venomous\Spectacled Cobra\IMG_5785.jpg,Venomous/Spectacled Cobra/IMG_5785.jpg,IMG_5785.jpg,Venomous,Spectacled Cobra,09b32fbd3d4990690eef0ba9154fab2d80222fdc5f287476a11b2bb3262db1f3,1600,1067,https://github.com/arjun921/Indian-Snakes-Dataset,VERIFIED,MIT,UNCLEAR,REVIEW_REQUIRED,False,,POSSIBLE_NEAR_DUPLICATE,train/Venomous_Snake/IMG_5785.jpg,0.995793,NOT_TEST_LEAKAGE,,DIRECTORY_LABEL_PRESERVED,BASIC_QUALITY_PASS,MANUAL_REVIEW_REQUIRED,True,,Possible near-duplicate cannot be automatically cleared; technical status does not establish training/reuse rights
C:\Users\yesam\Desktop\anviksa_ai\new_training_data\snake_images\Indian-Snakes-Dataset-master\Venomous\Spectacled Cobra\IMG_5971-2.jpg,Venomous/Spectacled Cobra/IMG_5971-2.jpg,IMG_5971-2.jpg,Venomous,Spectacled Cobra,9dc4ddd9b5d58c7776123a2e863d85e94aeb20798d0477be791c04118cd51ca6,4396,2995,https://github.com/arjun921/Indian-Snakes-Dataset,VERIFIED,MIT,UNCLEAR,REVIEW_REQUIRED,False,,POSSIBLE_NEAR_DUPLICATE,train/Venomous_Snake/IMG_5971-2.jpg,0.997081,NOT_TEST_LEAKAGE,,DIRECTORY_LABEL_PRESERVED,BASIC_QUALITY_PASS,MANUAL_REVIEW_REQUIRED,True,,Possible near-duplicate cannot be automatically cleared; technical status does not establish training/reuse rights
C:\Users\yesam\Desktop\anviksa_ai\new_training_data\snake_images\Indian-Snakes-Dataset-master\Venomous\Spectacled Cobra\indian-cobra-asian-cobra-or-spectacled-cobra-naja-naja-in-a-snake-EB2R58.jpg,Venomous/Spectacled Cobra/indian-cobra-asian-cobra-or-spectacled-cobra-naja-naja-in-a-snake-EB2R58.jpg,indian-cobra-asian-cobra-or-spectacled-cobra-naja-naja-in-a-snake-EB2R58.jpg,Venomous,Spectacled Cobra,5080496567123e9107d04c533eae57dd491c7781166441d6b905d99aea9239c0,865,1390,https://github.com/arjun921/Indian-Snakes-Dataset,VERIFIED,MIT,UNCLEAR,REVIEW_REQUIRED,False,,POSSIBLE_NEAR_DUPLICATE,train/Venomous_Snake/indian-cobra-asian-cobra-or-spectacled-cobra-naja-naja-in-a-snake-EB2R58.jpg,0.996785,NOT_TEST_LEAKAGE,,DIRECTORY_LABEL_PRESERVED,BASIC_QUALITY_PASS,MANUAL_REVIEW_REQUIRED,True,,Possible near-duplicate cannot be automatically cleared; technical status does not establish training/reuse rights
C:\Users\yesam\Desktop\anviksa_ai\new_training_data\snake_images\Indian-Snakes-Dataset-master\Venomous\Spectacled Cobra\indian-cobra-asian-cobra-or-spectacled-cobra-naja-naja-in-a-snake-EB2T9E.jpg,Venomous/Spectacled Cobra/indian-cobra-asian-cobra-or-spectacled-cobra-naja-naja-in-a-snake-EB2T9E.jpg,indian-cobra-asian-cobra-or-spectacled-cobra-naja-naja-in-a-snake-EB2T9E.jpg,Venomous,Spectacled Cobra,fa966a59202610cb7d63a3706936282942d79aa123e7c6aadf806df9495b2860,865,1390,https://github.com/arjun921/Indian-Snakes-Dataset,VERIFIED,MIT,UNCLEAR,REVIEW_REQUIRED,False,,POSSIBLE_NEAR_DUPLICATE,validation/Venomous_Snake/indian-cobra-asian-cobra-or-spectacled-cobra-naja-naja-in-a-snake-EB2T9E.jpg,0.996698,NOT_TEST_LEAKAGE,,DIRECTORY_LABEL_PRESERVED,BASIC_QUALITY_PASS,MANUAL_REVIEW_REQUIRED,True,,Possible near-duplicate cannot be automatically cleared; technical status does not establish training/reuse rights
C:\Users\yesam\Desktop\anviksa_ai\new_training_data\snake_images\Indian-Snakes-Dataset-master\Venomous\Spectacled Cobra\indian-cobra-asian-cobra-or-spectacled-cobra-naja-naja-pettigalawatta-DWNMJ8.jpg,Venomous/Spectacled Cobra/indian-cobra-asian-cobra-or-spectacled-cobra-naja-naja-pettigalawatta-DWNMJ8.jpg,indian-cobra-asian-cobra-or-spectacled-cobra-naja-naja-pettigalawatta-DWNMJ8.jpg,Venomous,Spectacled Cobra,ee0db1269e45c1b706872e272e18057a161312e3f17aa090238f376f5e39406f,866,1390,https://github.com/arjun921/Indian-Snakes-Dataset,VERIFIED,MIT,UNCLEAR,REVIEW_REQUIRED,False,,POSSIBLE_NEAR_DUPLICATE,train/Venomous_Snake/indian-cobra-asian-cobra-or-spectacled-cobra-naja-naja-pettigalawatta-DWNMJ8.jpg,0.997275,NOT_TEST_LEAKAGE,,DIRECTORY_LABEL_PRESERVED,BASIC_QUALITY_PASS,MANUAL_REVIEW_REQUIRED,True,,Possible near-duplicate cannot be automatically cleared; technical status does not establish training/reuse rights
C:\Users\yesam\Desktop\anviksa_ai\new_training_data\snake_images\Indian-Snakes-Dataset-master\Venomous\Spectacled Cobra\indian-cobra-front_2.jpg,Venomous/Spectacled Cobra/indian-cobra-front_2.jpg,indian-cobra-front_2.jpg,Venomous,Spectacled Cobra,c5a4acaedb0779ce6c14ecb5c2ad6cfc3e724c5ab59e12ed30d47e5aacc4b76a,620,313,https://github.com/arjun921/Indian-Snakes-Dataset,VERIFIED,MIT,UNCLEAR,REVIEW_REQUIRED,False,,POSSIBLE_NEAR_DUPLICATE,validation/Venomous_Snake/indian-cobra-front_2.jpg,0.998498,NOT_TEST_LEAKAGE,,DIRECTORY_LABEL_PRESERVED,BASIC_QUALITY_PASS,MANUAL_REVIEW_REQUIRED,True,,Possible near-duplicate cannot be automatically cleared; technical status does not establish training/reuse rights
C:\Users\yesam\Desktop\anviksa_ai\new_training_data\snake_images\Indian-Snakes-Dataset-master\Venomous\Spectacled Cobra\indian-cobra_002.jpg,Venomous/Spectacled Cobra/indian-cobra_002.jpg,indian-cobra_002.jpg,Venomous,Spectacled Cobra,a5e07b05d23b36d5ad2410009c8399ed49eb88186f8fa641a9362aa11be32ffa,530,254,https://github.com/arjun921/Indian-Snakes-Dataset,VERIFIED,MIT,UNCLEAR,REVIEW_REQUIRED,False,,POSSIBLE_NEAR_DUPLICATE,train/Venomous_Snake/indian-cobra_002.jpg,0.996946,NOT_TEST_LEAKAGE,,DIRECTORY_LABEL_PRESERVED,BASIC_QUALITY_PASS,MANUAL_REVIEW_REQUIRED,True,,Possible near-duplicate cannot be automatically cleared; technical status does not establish training/reuse rights
C:\Users\yesam\Desktop\anviksa_ai\new_training_data\snake_images\Indian-Snakes-Dataset-master\Venomous\Spectacled Cobra\Kanha-426_Spectacled-Cobra.jpg,Venomous/Spectacled Cobra/Kanha-426_Spectacled-Cobra.jpg,Kanha-426_Spectacled-Cobra.jpg,Venomous,Spectacled Cobra,0a79f633483387b8811e91d9ae3409ea45aeaa18f65f3c75fb97ef386ba24bb0,1000,600,https://github.com/arjun921/Indian-Snakes-Dataset,VERIFIED,MIT,UNCLEAR,REVIEW_REQUIRED,False,,POSSIBLE_NEAR_DUPLICATE,train/Venomous_Snake/Kanha-426_Spectacled-Cobra.jpg,0.991714,NOT_TEST_LEAKAGE,,DIRECTORY_LABEL_PRESERVED,BASIC_QUALITY_PASS,MANUAL_REVIEW_REQUIRED,True,,Possible near-duplicate cannot be automatically cleared; technical status does not establish training/reuse rights
C:\Users\yesam\Desktop\anviksa_ai\new_training_data\snake_images\Indian-Snakes-Dataset-master\Venomous\Spectacled Cobra\maxresdefault_006.jpg,Venomous/Spectacled Cobra/maxresdefault_006.jpg,maxresdefault_006.jpg,Venomous,Spectacled Cobra,2730121e7b573eb647e4afb999861bcaa5505fe428e80ef226cb6a56afc213fe,1920,1080,https://github.com/arjun921/Indian-Snakes-Dataset,VERIFIED,MIT,UNCLEAR,REVIEW_REQUIRED,False,,POSSIBLE_NEAR_DUPLICATE,train/Venomous_Snake/maxresdefault_006 (3).jpg,0.997675,NOT_TEST_LEAKAGE,,DIRECTORY_LABEL_PRESERVED,BASIC_QUALITY_PASS,MANUAL_REVIEW_REQUIRED,True,,Possible near-duplicate cannot be automatically cleared; technical status does not establish training/reuse rights
C:\Users\yesam\Desktop\anviksa_ai\new_training_data\snake_images\Indian-Snakes-Dataset-master\Venomous\Spectacled Cobra\Naja-naja-1-Spectacled-cobra.jpg,Venomous/Spectacled Cobra/Naja-naja-1-Spectacled-cobra.jpg,Naja-naja-1-Spectacled-cobra.jpg,Venomous,Spectacled Cobra,19efcecd95546410ddcf2d90d569411410f585a4fd77356eab27d20711adb043,1858,2965,https://github.com/arjun921/Indian-Snakes-Dataset,VERIFIED,MIT,UNCLEAR,REVIEW_REQUIRED,False,,POSSIBLE_NEAR_DUPLICATE,train/Venomous_Snake/Naja-naja-1-Spectacled-cobra.jpg,0.065374,NOT_TEST_LEAKAGE,,DIRECTORY_LABEL_PRESERVED,BASIC_QUALITY_PASS,MANUAL_REVIEW_REQUIRED,True,,Possible near-duplicate cannot be automatically cleared; technical status does not establish training/reuse rights
C:\Users\yesam\Desktop\anviksa_ai\new_training_data\snake_images\Indian-Snakes-Dataset-master\Venomous\Spectacled Cobra\Naja-naja-2-Spectacled-cobra-Copy.jpg,Venomous/Spectacled Cobra/Naja-naja-2-Spectacled-cobra-Copy.jpg,Naja-naja-2-Spectacled-cobra-Copy.jpg,Venomous,Spectacled Cobra,a3a334319b3829d29699d441e2cc0696783837ba265ea39da5b4893a5482c818,811,1265,https://github.com/arjun921/Indian-Snakes-Dataset,VERIFIED,MIT,UNCLEAR,REVIEW_REQUIRED,False,,POSSIBLE_NEAR_DUPLICATE,train/Venomous_Snake/Naja-naja-2-Spectacled-cobra-Copy.jpg,0.05574,NOT_TEST_LEAKAGE,,DIRECTORY_LABEL_PRESERVED,BASIC_QUALITY_PASS,MANUAL_REVIEW_REQUIRED,True,,Possible near-duplicate cannot be automatically cleared; technical status does not establish training/reuse rights
C:\Users\yesam\Desktop\anviksa_ai\new_training_data\snake_images\Indian-Snakes-Dataset-master\Venomous\Spectacled Cobra\Naja-naja-3-Spectacled-cobra-1170x455.jpg,Venomous/Spectacled Cobra/Naja-naja-3-Spectacled-cobra-1170x455.jpg,Naja-naja-3-Spectacled-cobra-1170x455.jpg,Venomous,Spectacled Cobra,befd3e59f69162619c6d6cb3528e67f9614f90a03a683f7b723ac87233315e8b,1170,455,https://github.com/arjun921/Indian-Snakes-Dataset,VERIFIED,MIT,UNCLEAR,REVIEW_REQUIRED,False,,POSSIBLE_NEAR_DUPLICATE,train/Venomous_Snake/Naja-naja-3-Spectacled-cobra-1170x455.jpg,0.996896,NOT_TEST_LEAKAGE,,DIRECTORY_LABEL_PRESERVED,BASIC_QUALITY_PASS,MANUAL_REVIEW_REQUIRED,True,,Possible near-duplicate cannot be automatically cleared; technical status does not establish training/reuse rights
C:\Users\yesam\Desktop\anviksa_ai\new_training_data\snake_images\Indian-Snakes-Dataset-master\Venomous\Spectacled Cobra\Naja-naja-4-Spectacled-cobra.jpg,Venomous/Spectacled Cobra/Naja-naja-4-Spectacled-cobra.jpg,Naja-naja-4-Spectacled-cobra.jpg,Venomous,Spectacled Cobra,ebf45ec57dbcaf4bf223a2caf86fc859329ab2d3da2cfceaea2481fb98eb61e9,2438,3657,https://github.com/arjun921/Indian-Snakes-Dataset,VERIFIED,MIT,UNCLEAR,REVIEW_REQUIRED,False,,POSSIBLE_NEAR_DUPLICATE,train/Venomous_Snake/Naja-naja-4-Spectacled-cobra.jpg,0.997468,NOT_TEST_LEAKAGE,,DIRECTORY_LABEL_PRESERVED,BASIC_QUALITY_PASS,MANUAL_REVIEW_REQUIRED,True,,Possible near-duplicate cannot be automatically cleared; technical status does not establish training/reuse rights
C:\Users\yesam\Desktop\anviksa_ai\new_training_data\snake_images\Indian-Snakes-Dataset-master\Venomous\Spectacled Cobra\Naja-naja-5-Spectacled-cobra.jpg,Venomous/Spectacled Cobra/Naja-naja-5-Spectacled-cobra.jpg,Naja-naja-5-Spectacled-cobra.jpg,Venomous,Spectacled Cobra,238bf6e059eb6f38cd0b45b2bf32a8b3bb0da039cfb149b8d2b6fb83a37b01d2,2219,3640,https://github.com/arjun921/Indian-Snakes-Dataset,VERIFIED,MIT,UNCLEAR,REVIEW_REQUIRED,False,,POSSIBLE_NEAR_DUPLICATE,train/Venomous_Snake/Naja-naja-5-Spectacled-cobra.jpg,0.996969,NOT_TEST_LEAKAGE,,DIRECTORY_LABEL_PRESERVED,BASIC_QUALITY_PASS,MANUAL_REVIEW_REQUIRED,True,,Possible near-duplicate cannot be automatically cleared; technical status does not establish training/reuse rights
C:\Users\yesam\Desktop\anviksa_ai\new_training_data\snake_images\Indian-Snakes-Dataset-master\Venomous\Spectacled Cobra\Naja-naja-Saleem-Hameed-e1442201686504.jpg,Venomous/Spectacled Cobra/Naja-naja-Saleem-Hameed-e1442201686504.jpg,Naja-naja-Saleem-Hameed-e1442201686504.jpg,Venomous,Spectacled Cobra,2eed3df15f0074fd843d1d564394e34c03d357071af5ff44b44f44fc2e7a1419,253,481,https://github.com/arjun921/Indian-Snakes-Dataset,VERIFIED,MIT,UNCLEAR,REVIEW_REQUIRED,False,,POSSIBLE_NEAR_DUPLICATE,train/Venomous_Snake/Naja-naja-Saleem-Hameed-e1442201686504.jpg,0.996472,NOT_TEST_LEAKAGE,,DIRECTORY_LABEL_PRESERVED,BASIC_QUALITY_PASS,MANUAL_REVIEW_REQUIRED,True,,Possible near-duplicate cannot be automatically cleared; technical status does not establish training/reuse rights
C:\Users\yesam\Desktop\anviksa_ai\new_training_data\snake_images\Indian-Snakes-Dataset-master\Venomous\Spectacled Cobra\snake-cobra-indian-spectacled-cobra-naja-naja-with-open-hood-india-CE8R0T.jpg,Venomous/Spectacled Cobra/snake-cobra-indian-spectacled-cobra-naja-naja-with-open-hood-india-CE8R0T.jpg,snake-cobra-indian-spectacled-cobra-naja-naja-with-open-hood-india-CE8R0T.jpg,Venomous,Spectacled Cobra,d9d955ed6aeb2a15412ebbcca217a318b9e3519e32ad291c7432cbc9e005a606,867,1390,https://github.com/arjun921/Indian-Snakes-Dataset,VERIFIED,MIT,UNCLEAR,REVIEW_REQUIRED,False,,POSSIBLE_NEAR_DUPLICATE,train/Venomous_Snake/snake-cobra-indian-spectacled-cobra-naja-naja-with-open-hood-india-CE8R0T.jpg,0.996529,NOT_TEST_LEAKAGE,,DIRECTORY_LABEL_PRESERVED,BASIC_QUALITY_PASS,MANUAL_REVIEW_REQUIRED,True,,Possible near-duplicate cannot be automatically cleared; technical status does not establish training/reuse rights
C:\Users\yesam\Desktop\anviksa_ai\new_training_data\snake_images\Indian-Snakes-Dataset-master\Venomous\Spectacled Cobra\Spectacled cobra.jpg,Venomous/Spectacled Cobra/Spectacled cobra.jpg,Spectacled cobra.jpg,Venomous,Spectacled Cobra,b2743479c4e55eeae0ad7b3f372caa02a0dd3e975c3a5a4f83f5e16590f031d2,4928,2927,https://github.com/arjun921/Indian-Snakes-Dataset,VERIFIED,MIT,UNCLEAR,REVIEW_REQUIRED,False,,POSSIBLE_NEAR_DUPLICATE,train/Venomous_Snake/Spectacled cobra.jpg,0.996847,NOT_TEST_LEAKAGE,,DIRECTORY_LABEL_PRESERVED,BASIC_QUALITY_PASS,MANUAL_REVIEW_REQUIRED,True,,Possible near-duplicate cannot be automatically cleared; technical status does not establish training/reuse rights
C:\Users\yesam\Desktop\anviksa_ai\new_training_data\snake_images\Indian-Snakes-Dataset-master\Venomous\Spectacled Cobra\spectacled-cobra-in-basket-of-snake-charmer-new-delhi-india-naja-naja-DTRX7M.jpg,Venomous/Spectacled Cobra/spectacled-cobra-in-basket-of-snake-charmer-new-delhi-india-naja-naja-DTRX7M.jpg,spectacled-cobra-in-basket-of-snake-charmer-new-delhi-india-naja-naja-DTRX7M.jpg,Venomous,Spectacled Cobra,c442be0a52a830f68529aae14e124fa0a5ae91366fdf7d0ecf0a438eb15f4f6e,865,1390,https://github.com/arjun921/Indian-Snakes-Dataset,VERIFIED,MIT,UNCLEAR,REVIEW_REQUIRED,False,,POSSIBLE_NEAR_DUPLICATE,validation/Venomous_Snake/spectacled-cobra-in-basket-of-snake-charmer-new-delhi-india-naja-naja-DTRX7M.jpg,0.996479,NOT_TEST_LEAKAGE,,DIRECTORY_LABEL_PRESERVED,BASIC_QUALITY_PASS,MANUAL_REVIEW_REQUIRED,True,,Possible near-duplicate cannot be automatically cleared; technical status does not establish training/reuse rights
C:\Users\yesam\Desktop\anviksa_ai\new_training_data\snake_images\Indian-Snakes-Dataset-master\Venomous\Spectacled Cobra\spectacled-cobra-naja-naja-bangalore-karnataka-theindian-cobrais-one-hnww7k.jpg,Venomous/Spectacled Cobra/spectacled-cobra-naja-naja-bangalore-karnataka-theindian-cobrais-one-hnww7k.jpg,spectacled-cobra-naja-naja-bangalore-karnataka-theindian-cobrais-one-hnww7k.jpg,Venomous,Spectacled Cobra,10330a80fa61187b02b6a6deadddca809dd6d8409f493f66a64ddc3748a7c48c,300,470,https://github.com/arjun921/Indian-Snakes-Dataset,VERIFIED,MIT,UNCLEAR,REVIEW_REQUIRED,False,,POSSIBLE_NEAR_DUPLICATE,train/Venomous_Snake/spectacled-cobra-naja-naja-bangalore-karnataka-theindian-cobrais-one-hnww7k.jpg,0.996037,NOT_TEST_LEAKAGE,,DIRECTORY_LABEL_PRESERVED,BASIC_QUALITY_PASS,MANUAL_REVIEW_REQUIRED,True,,Possible near-duplicate cannot be automatically cleared; technical status does not establish training/reuse rights
C:\Users\yesam\Desktop\anviksa_ai\new_training_data\snake_images\Indian-Snakes-Dataset-master\Venomous\Spectacled Cobra\spectacled-cobra-naja-naja-family-elaphidae-aarey-milk-colony-mumbai-ECK40G.jpg,Venomous/Spectacled Cobra/spectacled-cobra-naja-naja-family-elaphidae-aarey-milk-colony-mumbai-ECK40G.jpg,spectacled-cobra-naja-naja-family-elaphidae-aarey-milk-colony-mumbai-ECK40G.jpg,Venomous,Spectacled Cobra,4787a0f22179534bd50221ddd8f6c6524324c12436d14ed5b8f9f253548e7b18,866,1390,https://github.com/arjun921/Indian-Snakes-Dataset,VERIFIED,MIT,UNCLEAR,REVIEW_REQUIRED,False,,POSSIBLE_NEAR_DUPLICATE,train/Venomous_Snake/spectacled-cobra-naja-naja-family-elaphidae-aarey-milk-colony-mumbai-ECK40G.jpg,0.9953,NOT_TEST_LEAKAGE,,DIRECTORY_LABEL_PRESERVED,BASIC_QUALITY_PASS,MANUAL_REVIEW_REQUIRED,True,,Possible near-duplicate cannot be automatically cleared; technical status does not establish training/reuse rights
C:\Users\yesam\Desktop\anviksa_ai\new_training_data\snake_images\Indian-Snakes-Dataset-master\Venomous\Spectacled Cobra\spectacled-cobra-naja-naja-venomous-common-dive-ghat-maharasthra-india-AA2KAR.jpg,Venomous/Spectacled Cobra/spectacled-cobra-naja-naja-venomous-common-dive-ghat-maharasthra-india-AA2KAR.jpg,spectacled-cobra-naja-naja-venomous-common-dive-ghat-maharasthra-india-AA2KAR.jpg,Venomous,Spectacled Cobra,190a40b404d96df4cbcc8f1d7883d2165110b44c995f34a7709c7266770cda88,975,1390,https://github.com/arjun921/Indian-Snakes-Dataset,VERIFIED,MIT,UNCLEAR,REVIEW_REQUIRED,False,,POSSIBLE_NEAR_DUPLICATE,validation/Venomous_Snake/spectacled-cobra-naja-naja-venomous-common-dive-ghat-maharasthra-india-AA2KAR.jpg,0.996408,NOT_TEST_LEAKAGE,,DIRECTORY_LABEL_PRESERVED,BASIC_QUALITY_PASS,MANUAL_REVIEW_REQUIRED,True,,Possible near-duplicate cannot be automatically cleared; technical status does not establish training/reuse rights
C:\Users\yesam\Desktop\anviksa_ai\new_training_data\snake_images\Indian-Snakes-Dataset-master\Venomous\Spectacled Cobra\spectacled-cobra-naja-naja-venomous-common-elapidae-ajivali-devrai-BY1010.jpg,Venomous/Spectacled Cobra/spectacled-cobra-naja-naja-venomous-common-elapidae-ajivali-devrai-BY1010.jpg,spectacled-cobra-naja-naja-venomous-common-elapidae-ajivali-devrai-BY1010.jpg,Venomous,Spectacled Cobra,4d6181fdcaed9c548c7cace36eda26a8b87575a345eb760ae411e05d0671a916,866,1390,https://github.com/arjun921/Indian-Snakes-Dataset,VERIFIED,MIT,UNCLEAR,REVIEW_REQUIRED,False,,POSSIBLE_NEAR_DUPLICATE,train/Venomous_Snake/spectacled-cobra-naja-naja-venomous-common-elapidae-ajivali-devrai-BY1010.jpg,0.997041,NOT_TEST_LEAKAGE,,DIRECTORY_LABEL_PRESERVED,BASIC_QUALITY_PASS,MANUAL_REVIEW_REQUIRED,True,,Possible near-duplicate cannot be automatically cleared; technical status does not establish training/reuse rights
C:\Users\yesam\Desktop\anviksa_ai\new_training_data\snake_images\Indian-Snakes-Dataset-master\Venomous\Spectacled Cobra\spectacled-cobra-naja-naja-venomous-common-genus-of-venomous-elapid-AX06FY.jpg,Venomous/Spectacled Cobra/spectacled-cobra-naja-naja-venomous-common-genus-of-venomous-elapid-AX06FY.jpg,spectacled-cobra-naja-naja-venomous-common-genus-of-venomous-elapid-AX06FY.jpg,Venomous,Spectacled Cobra,69d6b794c12e569fc61840139f2e2b0a59aa56080f3356964e81c8acbef3882f,870,1390,https://github.com/arjun921/Indian-Snakes-Dataset,VERIFIED,MIT,UNCLEAR,REVIEW_REQUIRED,False,,POSSIBLE_NEAR_DUPLICATE,validation/Venomous_Snake/spectacled-cobra-naja-naja-venomous-common-genus-of-venomous-elapid-AX06FY.jpg,0.996945,NOT_TEST_LEAKAGE,,DIRECTORY_LABEL_PRESERVED,BASIC_QUALITY_PASS,MANUAL_REVIEW_REQUIRED,True,,Possible near-duplicate cannot be automatically cleared; technical status does not establish training/reuse rights
C:\Users\yesam\Desktop\anviksa_ai\new_training_data\snake_images\Indian-Snakes-Dataset-master\Venomous\Spectacled Cobra\spectacled-cobra-naja-naja-venomous-common-genus-of-venomous-elapid-ax2f1m.jpg,Venomous/Spectacled Cobra/spectacled-cobra-naja-naja-venomous-common-genus-of-venomous-elapid-ax2f1m.jpg,spectacled-cobra-naja-naja-venomous-common-genus-of-venomous-elapid-ax2f1m.jpg,Venomous,Spectacled Cobra,17d9f1fc7913b6d4bdc6e89802423af688193cafd783d85e1701402e60e4f6f9,348,540,https://github.com/arjun921/Indian-Snakes-Dataset,VERIFIED,MIT,UNCLEAR,REVIEW_REQUIRED,False,,POSSIBLE_NEAR_DUPLICATE,validation/Venomous_Snake/spectacled-cobra-naja-naja-venomous-common-genus-of-venomous-elapid-ax2f1m.jpg,0.997971,NOT_TEST_LEAKAGE,,DIRECTORY_LABEL_PRESERVED,BASIC_QUALITY_PASS,MANUAL_REVIEW_REQUIRED,True,,Possible near-duplicate cannot be automatically cleared; technical status does not establish training/reuse rights
C:\Users\yesam\Desktop\anviksa_ai\new_training_data\snake_images\Indian-Snakes-Dataset-master\Venomous\Spectacled Cobra\The_Common_Indian_Cobra_or_Spectacled_Cobra_02.JPG,Venomous/Spectacled Cobra/The_Common_Indian_Cobra_or_Spectacled_Cobra_02.JPG,The_Common_Indian_Cobra_or_Spectacled_Cobra_02.JPG,Venomous,Spectacled Cobra,7a84c233ea6b49d4ad01f33212edeae0d32b34a4a60d166071e9524d489b2749,3648,2736,https://github.com/arjun921/Indian-Snakes-Dataset,VERIFIED,MIT,UNCLEAR,REVIEW_REQUIRED,False,,POSSIBLE_NEAR_DUPLICATE,train/Venomous_Snake/The_Common_Indian_Cobra_or_Spectacled_Cobra_02.JPG,0.997037,NOT_TEST_LEAKAGE,,DIRECTORY_LABEL_PRESERVED,BASIC_QUALITY_PASS,MANUAL_REVIEW_REQUIRED,True,,Possible near-duplicate cannot be automatically cleared; technical status does not establish training/reuse rights
C:\Users\yesam\Desktop\anviksa_ai\new_training_data\snake_images\Indian-Snakes-Dataset-master\Venomous\Spectacled Cobra\The_Common_Indian_Cobra_or_Spectacled_Cobra_04.JPG,Venomous/Spectacled Cobra/The_Common_Indian_Cobra_or_Spectacled_Cobra_04.JPG,The_Common_Indian_Cobra_or_Spectacled_Cobra_04.JPG,Venomous,Spectacled Cobra,7199c58518339c0e9f11d9b5eb28daf962b3571101a261e21ecf304972d922b7,3648,2736,https://github.com/arjun921/Indian-Snakes-Dataset,VERIFIED,MIT,UNCLEAR,REVIEW_REQUIRED,False,,POSSIBLE_NEAR_DUPLICATE,train/Venomous_Snake/The_Common_Indian_Cobra_or_Spectacled_Cobra_04.JPG,0.996716,NOT_TEST_LEAKAGE,,DIRECTORY_LABEL_PRESERVED,BASIC_QUALITY_PASS,MANUAL_REVIEW_REQUIRED,True,,Possible near-duplicate cannot be automatically cleared; technical status does not establish training/reuse rights
C:\Users\yesam\Desktop\anviksa_ai\new_training_data\snake_images\Indian-Snakes-Dataset-master\Venomous\Spectacled Cobra\The_Common_Indian_Cobra_or_Spectacled_Cobra_07.JPG,Venomous/Spectacled Cobra/The_Common_Indian_Cobra_or_Spectacled_Cobra_07.JPG,The_Common_Indian_Cobra_or_Spectacled_Cobra_07.JPG,Venomous,Spectacled Cobra,8a6a635a9542a75acec3a6d819acdf8f5fc2c64ab72823a56fb6586626b5f7bb,3648,2736,https://github.com/arjun921/Indian-Snakes-Dataset,VERIFIED,MIT,UNCLEAR,REVIEW_REQUIRED,False,,POSSIBLE_NEAR_DUPLICATE,train/Venomous_Snake/The_Common_Indian_Cobra_or_Spectacled_Cobra_07.JPG,0.997584,NOT_TEST_LEAKAGE,,DIRECTORY_LABEL_PRESERVED,BASIC_QUALITY_PASS,MANUAL_REVIEW_REQUIRED,True,,Possible near-duplicate cannot be automatically cleared; technical status does not establish training/reuse rights
C:\Users\yesam\Desktop\anviksa_ai\new_training_data\snake_images\Indian-Snakes-Dataset-master\Venomous\Spectacled Cobra\The_Common_Indian_Cobra_or_Spectacled_Cobra_08.JPG,Venomous/Spectacled Cobra/The_Common_Indian_Cobra_or_Spectacled_Cobra_08.JPG,The_Common_Indian_Cobra_or_Spectacled_Cobra_08.JPG,Venomous,Spectacled Cobra,0651204aec205fb9621bf4bbfef42e7c85cad0daaf6f69ef7c09bad70c57cb49,3648,2736,https://github.com/arjun921/Indian-Snakes-Dataset,VERIFIED,MIT,UNCLEAR,REVIEW_REQUIRED,False,,POSSIBLE_NEAR_DUPLICATE,train/Venomous_Snake/The_Common_Indian_Cobra_or_Spectacled_Cobra_08.JPG,0.99677,NOT_TEST_LEAKAGE,,DIRECTORY_LABEL_PRESERVED,BASIC_QUALITY_PASS,MANUAL_REVIEW_REQUIRED,True,,Possible near-duplicate cannot be automatically cleared; technical status does not establish training/reuse rights
C:\Users\yesam\Desktop\anviksa_ai\new_training_data\snake_images\Indian-Snakes-Dataset-master\Venomous\Spectacled Cobra\The_Common_Indian_Cobra_or_Spectacled_Cobra_13.JPG,Venomous/Spectacled Cobra/The_Common_Indian_Cobra_or_Spectacled_Cobra_13.JPG,The_Common_Indian_Cobra_or_Spectacled_Cobra_13.JPG,Venomous,Spectacled Cobra,a48d6a9154e6fa9a1b589e6e1e5198948c49ff67eb9e53aa2f796dd5c1ed16be,3648,2736,https://github.com/arjun921/Indian-Snakes-Dataset,VERIFIED,MIT,UNCLEAR,REVIEW_REQUIRED,False,,POSSIBLE_NEAR_DUPLICATE,train/Venomous_Snake/The_Common_Indian_Cobra_or_Spectacled_Cobra_13.JPG,0.997005,NOT_TEST_LEAKAGE,,DIRECTORY_LABEL_PRESERVED,BASIC_QUALITY_PASS,MANUAL_REVIEW_REQUIRED,True,,Possible near-duplicate cannot be automatically cleared; technical status does not establish training/reuse rights
C:\Users\yesam\Desktop\anviksa_ai\new_training_data\snake_images\Indian-Snakes-Dataset-master\Venomous\Spectacled Cobra\The_Common_Indian_Cobra_or_Spectacled_Cobra_14.JPG,Venomous/Spectacled Cobra/The_Common_Indian_Cobra_or_Spectacled_Cobra_14.JPG,The_Common_Indian_Cobra_or_Spectacled_Cobra_14.JPG,Venomous,Spectacled Cobra,84646c6089d9802ec8da100d3957ac67c57af6ed4e3d66fde6779623fab460dd,3648,2736,https://github.com/arjun921/Indian-Snakes-Dataset,VERIFIED,MIT,UNCLEAR,REVIEW_REQUIRED,False,,POSSIBLE_NEAR_DUPLICATE,train/Venomous_Snake/The_Common_Indian_Cobra_or_Spectacled_Cobra_14.JPG,0.99631,NOT_TEST_LEAKAGE,,DIRECTORY_LABEL_PRESERVED,BASIC_QUALITY_PASS,MANUAL_REVIEW_REQUIRED,True,,Possible near-duplicate cannot be automatically cleared; technical status does not establish training/reuse rights
C:\Users\yesam\Desktop\anviksa_ai\new_training_data\snake_images\Indian-Snakes-Dataset-master\Venomous\Spectacled Cobra\The_Common_Indian_Cobra_or_Spectacled_Cobra_21.JPG,Venomous/Spectacled Cobra/The_Common_Indian_Cobra_or_Spectacled_Cobra_21.JPG,The_Common_Indian_Cobra_or_Spectacled_Cobra_21.JPG,Venomous,Spectacled Cobra,25e470feac6fea0cdf5efec742fe5242bd1871a6e6997c022fb732ef73e6739f,3648,2736,https://github.com/arjun921/Indian-Snakes-Dataset,VERIFIED,MIT,UNCLEAR,REVIEW_REQUIRED,False,,POSSIBLE_NEAR_DUPLICATE,train/Venomous_Snake/The_Common_Indian_Cobra_or_Spectacled_Cobra_21.JPG,0.997331,NOT_TEST_LEAKAGE,,DIRECTORY_LABEL_PRESERVED,BASIC_QUALITY_PASS,MANUAL_REVIEW_REQUIRED,True,,Possible near-duplicate cannot be automatically cleared; technical status does not establish training/reuse rights
C:\Users\yesam\Desktop\anviksa_ai\new_training_data\snake_images\Indian-Snakes-Dataset-master\Venomous\Spectacled Cobra\The_Common_Indian_Cobra_or_Spectacled_Cobra_23.JPG,Venomous/Spectacled Cobra/The_Common_Indian_Cobra_or_Spectacled_Cobra_23.JPG,The_Common_Indian_Cobra_or_Spectacled_Cobra_23.JPG,Venomous,Spectacled Cobra,a2f3457bedc90faa1a7acb6ec4ec35af9b090a03198c2c9a6744553b4d523b16,3648,2736,https://github.com/arjun921/Indian-Snakes-Dataset,VERIFIED,MIT,UNCLEAR,REVIEW_REQUIRED,False,,POSSIBLE_NEAR_DUPLICATE,train/Venomous_Snake/The_Common_Indian_Cobra_or_Spectacled_Cobra_23.JPG,0.997478,NOT_TEST_LEAKAGE,,DIRECTORY_LABEL_PRESERVED,BASIC_QUALITY_PASS,MANUAL_REVIEW_REQUIRED,True,,Possible near-duplicate cannot be automatically cleared; technical status does not establish training/reuse rights
C:\Users\yesam\Desktop\anviksa_ai\new_training_data\snake_images\Indian-Snakes-Dataset-master\Venomous\Spectacled Cobra\The_Common_Indian_Cobra_or_Spectacled_Cobra_29.JPG,Venomous/Spectacled Cobra/The_Common_Indian_Cobra_or_Spectacled_Cobra_29.JPG,The_Common_Indian_Cobra_or_Spectacled_Cobra_29.JPG,Venomous,Spectacled Cobra,b38a4a426f8a83a82bed586ffdd3444d79e250318ad9334f4a10261a5f5a6acd,3648,2048,https://github.com/arjun921/Indian-Snakes-Dataset,VERIFIED,MIT,UNCLEAR,REVIEW_REQUIRED,False,,POSSIBLE_NEAR_DUPLICATE,train/Venomous_Snake/The_Common_Indian_Cobra_or_Spectacled_Cobra_29.JPG,0.996536,NOT_TEST_LEAKAGE,,DIRECTORY_LABEL_PRESERVED,BASIC_QUALITY_PASS,MANUAL_REVIEW_REQUIRED,True,,Possible near-duplicate cannot be automatically cleared; technical status does not establish training/reuse rights
C:\Users\yesam\Desktop\anviksa_ai\new_training_data\snake_images\Indian-Snakes-Dataset-master\Venomous\Spectacled Cobra\The_Common_Indian_Cobra_or_Spectacled_Cobra_30.JPG,Venomous/Spectacled Cobra/The_Common_Indian_Cobra_or_Spectacled_Cobra_30.JPG,The_Common_Indian_Cobra_or_Spectacled_Cobra_30.JPG,Venomous,Spectacled Cobra,115d184308f0f8d965205f2838569fb52dc68d253870188d961f4ced33ad8c83,3648,2736,https://github.com/arjun921/Indian-Snakes-Dataset,VERIFIED,MIT,UNCLEAR,REVIEW_REQUIRED,False,,POSSIBLE_NEAR_DUPLICATE,train/Venomous_Snake/The_Common_Indian_Cobra_or_Spectacled_Cobra_30.JPG,0.997131,NOT_TEST_LEAKAGE,,DIRECTORY_LABEL_PRESERVED,BASIC_QUALITY_PASS,MANUAL_REVIEW_REQUIRED,True,,Possible near-duplicate cannot be automatically cleared; technical status does not establish training/reuse rights
C:\Users\yesam\Desktop\anviksa_ai\new_training_data\snake_images\Indian-Snakes-Dataset-master\Venomous\Spectacled Cobra\The_Common_Indian_Cobra_or_Spectacled_Cobra_34.JPG,Venomous/Spectacled Cobra/The_Common_Indian_Cobra_or_Spectacled_Cobra_34.JPG,The_Common_Indian_Cobra_or_Spectacled_Cobra_34.JPG,Venomous,Spectacled Cobra,ef1b7475044777422bdf77a3b4b0d385a150843be3183b421b87520a473dc1c9,3648,2736,https://github.com/arjun921/Indian-Snakes-Dataset,VERIFIED,MIT,UNCLEAR,REVIEW_REQUIRED,False,,POSSIBLE_NEAR_DUPLICATE,train/Venomous_Snake/The_Common_Indian_Cobra_or_Spectacled_Cobra_34.JPG,0.997348,NOT_TEST_LEAKAGE,,DIRECTORY_LABEL_PRESERVED,BASIC_QUALITY_PASS,MANUAL_REVIEW_REQUIRED,True,,Possible near-duplicate cannot be automatically cleared; technical status does not establish training/reuse rights
C:\Users\yesam\Desktop\anviksa_ai\new_training_data\snake_images\Indian-Snakes-Dataset-master\Venomous\Spectacled Cobra\The_Common_Indian_Cobra_or_Spectacled_Cobra_35.JPG,Venomous/Spectacled Cobra/The_Common_Indian_Cobra_or_Spectacled_Cobra_35.JPG,The_Common_Indian_Cobra_or_Spectacled_Cobra_35.JPG,Venomous,Spectacled Cobra,016384bcf6b76fd521cbe548cfffdadc728d603db774d562bea6f97601bb4e6f,3648,2736,https://github.com/arjun921/Indian-Snakes-Dataset,VERIFIED,MIT,UNCLEAR,REVIEW_REQUIRED,False,,POSSIBLE_NEAR_DUPLICATE,train/Venomous_Snake/The_Common_Indian_Cobra_or_Spectacled_Cobra_35.JPG,0.997302,NOT_TEST_LEAKAGE,,DIRECTORY_LABEL_PRESERVED,BASIC_QUALITY_PASS,MANUAL_REVIEW_REQUIRED,True,,Possible near-duplicate cannot be automatically cleared; technical status does not establish training/reuse rights
