relative_path,filename,parent_label,species_label,sha256,width,height,exact_duplicate_group,near_duplicate_group,source_group,exact_existing_match,strict_existing_classification,frozen_test_leakage_status,species_label_conflict,provenance_status,license_status,technical_filter_survivor,resolution_status,reason
Non-Venomous/Banded Racer/1274635783_6d04848eae.jpg,1274635783_6d04848eae.jpg,Non-Venomous,Banded Racer,22570158a74fa87acad401fd0681d2c329035aa1a43ff60aded1e58b23bffff5,500,271,,,,False,LIKELY_NEAR_DUPLICATE,NO_TEST_CANDIDATE,False,REPOSITORY_LICENSE_VERIFIED; ORIGINAL_REPOSITORY_VERIFIED,THIRD_PARTY_IMAGE_RIGHTS_UNCLEAR; REVIEW_REQUIRED,True,REVIEW_LIKELY_NEAR_DUPLICATE,Likely near-duplicate requires human decision
Non-Venomous/Banded Racer/9678299431_e1027b9b6c_b.jpg,9678299431_e1027b9b6c_b.jpg,Non-Venomous,Banded Racer,7479046aa97f040784bad3d294d4c248c5500f0de2e658773996b43571568555,1024,602,,NEAR0001,SOURCE_GROUP_0001,False,POSSIBLE_NEAR_DUPLICATE,NO_TEST_CANDIDATE,False,REPOSITORY_LICENSE_VERIFIED; ORIGINAL_REPOSITORY_VERIFIED,THIRD_PARTY_IMAGE_RIGHTS_UNCLEAR; REVIEW_REQUIRED,True,REVIEW_LICENSE,"Repository MIT license verified, but README says Google-sourced images may be copyrighted"
Non-Venomous/Banded Racer/Banded Racer Juvenile.jpg,Banded Racer Juvenile.jpg,Non-Venomous,Banded Racer,aa7643da3288e1001b9626f641819f5f5db03158108b7be482a2526d500bc78e,250,178,,,,False,LIKELY_NEAR_DUPLICATE,NO_TEST_CANDIDATE,False,REPOSITORY_LICENSE_VERIFIED; ORIGINAL_REPOSITORY_VERIFIED,THIRD_PARTY_IMAGE_RIGHTS_UNCLEAR; REVIEW_REQUIRED,True,REVIEW_LIKELY_NEAR_DUPLICATE,Likely near-duplicate requires human decision
Non-Venomous/Banded Racer/Banded Racer.jpg,Banded Racer.jpg,Non-Venomous,Banded Racer,927390d322cafb88be3b8eef34ad032838777d6973b6ae0d7961cd5d4f4c99ed,640,338,,,,False,POSSIBLE_NEAR_DUPLICATE,NO_TEST_CANDIDATE,False,REPOSITORY_LICENSE_VERIFIED; ORIGINAL_REPOSITORY_VERIFIED,THIRD_PARTY_IMAGE_RIGHTS_UNCLEAR; REVIEW_REQUIRED,True,REVIEW_LICENSE,"Repository MIT license verified, but README says Google-sourced images may be copyrighted"
Non-Venomous/Banded Racer/snake.JPG,snake.JPG,Non-Venomous,Banded Racer,ca5836096e419b5ccebfa0aa51da86ede858e5ac42f6a22e9914b1e94546fae2,1600,987,,,,False,NO_STRICT_MATCH,NO_TEST_CANDIDATE,False,REPOSITORY_LICENSE_VERIFIED; ORIGINAL_REPOSITORY_VERIFIED,THIRD_PARTY_IMAGE_RIGHTS_UNCLEAR; REVIEW_REQUIRED,True,REVIEW_LICENSE,"Repository MIT license verified, but README says Google-sourced images may be copyrighted"
Non-Venomous/Banded Racer/wildclicks.jpg,wildclicks.jpg,Non-Venomous,Banded Racer,0d37a30940448166f5defd42cd5b9d4a9e895c04c05b7fd646c613c989f3a56c,620,407,,,,False,NO_STRICT_MATCH,NO_TEST_CANDIDATE,False,REPOSITORY_LICENSE_VERIFIED; ORIGINAL_REPOSITORY_VERIFIED,THIRD_PARTY_IMAGE_RIGHTS_UNCLEAR; REVIEW_REQUIRED,True,REVIEW_LICENSE,"Repository MIT license verified, but README says Google-sourced images may be copyrighted"
Non-Venomous/Checkered Keelback/03.jpg,03.jpg,Non-Venomous,Checkered Keelback,8f69826f9b701e7647172d55b60050326a3b01d62f5a9f6406b3cd9f049ad0fa,640,432,,,,False,NO_STRICT_MATCH,NO_TEST_CANDIDATE,False,REPOSITORY_LICENSE_VERIFIED; ORIGINAL_REPOSITORY_VERIFIED,THIRD_PARTY_IMAGE_RIGHTS_UNCLEAR; REVIEW_REQUIRED,True,REVIEW_LICENSE,"Repository MIT license verified, but README says Google-sourced images may be copyrighted"
Non-Venomous/Checkered Keelback/14587184738_dc5b7b3054_b.jpg,14587184738_dc5b7b3054_b.jpg,Non-Venomous,Checkered Keelback,7c845fe9f2de9977afd3b5e0473106629130e2d1c7a6e6df6ae45fa7bd47017c,1024,683,,,,False,NO_STRICT_MATCH,NO_TEST_CANDIDATE,False,REPOSITORY_LICENSE_VERIFIED; ORIGINAL_REPOSITORY_VERIFIED,THIRD_PARTY_IMAGE_RIGHTS_UNCLEAR; REVIEW_REQUIRED,True,REVIEW_LICENSE,"Repository MIT license verified, but README says Google-sourced images may be copyrighted"
Non-Venomous/Checkered Keelback/1474640693Checkered Keelback ( Samanya dhoria sanp).JPG,1474640693Checkered Keelback ( Samanya dhoria sanp).JPG,Non-Venomous,Checkered Keelback,eb781c82081c282b59871b13ae8453ed6c8099954670bc86e9350c2ae65d6a36,600,397,,,,False,NO_STRICT_MATCH,NO_TEST_CANDIDATE,False,REPOSITORY_LICENSE_VERIFIED; ORIGINAL_REPOSITORY_VERIFIED,THIRD_PARTY_IMAGE_RIGHTS_UNCLEAR; REVIEW_REQUIRED,True,REVIEW_LICENSE,"Repository MIT license verified, but README says Google-sourced images may be copyrighted"
Non-Venomous/Checkered Keelback/2.jpg,2.jpg,Non-Venomous,Checkered Keelback,7dfd05ef230ca8b3d0627f5c0e4cbcefde82cc392925a1d6b2b41db93d21f813,960,551,,,,False,LIKELY_NEAR_DUPLICATE,NO_TEST_CANDIDATE,False,REPOSITORY_LICENSE_VERIFIED; ORIGINAL_REPOSITORY_VERIFIED,THIRD_PARTY_IMAGE_RIGHTS_UNCLEAR; REVIEW_REQUIRED,True,REVIEW_LIKELY_NEAR_DUPLICATE,Likely near-duplicate requires human decision
Non-Venomous/Checkered Keelback/20390939692_0c4df08d01_k.jpg,20390939692_0c4df08d01_k.jpg,Non-Venomous,Checkered Keelback,d905fd226926f4b1c7ee4502b052f4c27a385d6674610231bef1041a302bdce9,2048,1365,,,,False,NO_STRICT_MATCH,NO_TEST_CANDIDATE,False,REPOSITORY_LICENSE_VERIFIED; ORIGINAL_REPOSITORY_VERIFIED,THIRD_PARTY_IMAGE_RIGHTS_UNCLEAR; REVIEW_REQUIRED,True,REVIEW_LICENSE,"Repository MIT license verified, but README says Google-sourced images may be copyrighted"
Non-Venomous/Checkered Keelback/233_s.jpg,233_s.jpg,Non-Venomous,Checkered Keelback,090723c19f1eea3bcddbced85c18606995fd0429e654b2eeea1bd53a99f14ff9,1201,800,,,,False,NO_STRICT_MATCH,NO_TEST_CANDIDATE,False,REPOSITORY_LICENSE_VERIFIED; ORIGINAL_REPOSITORY_VERIFIED,THIRD_PARTY_IMAGE_RIGHTS_UNCLEAR; REVIEW_REQUIRED,True,REVIEW_LICENSE,"Repository MIT license verified, but README says Google-sourced images may be copyrighted"
Non-Venomous/Checkered Keelback/24897900911_7d2ee1ecff_b.jpg,24897900911_7d2ee1ecff_b.jpg,Non-Venomous,Checkered Keelback,e28510a4e4ca4cbf55fe8f2dbecdcd0b0e35145186d417b5f78c26aa05387db4,1024,586,,,,False,LIKELY_NEAR_DUPLICATE,NO_TEST_CANDIDATE,False,REPOSITORY_LICENSE_VERIFIED; ORIGINAL_REPOSITORY_VERIFIED,THIRD_PARTY_IMAGE_RIGHTS_UNCLEAR; REVIEW_REQUIRED,True,REVIEW_LIKELY_NEAR_DUPLICATE,Likely near-duplicate requires human decision
Non-Venomous/Checkered Keelback/350_e_s_500.jpg,350_e_s_500.jpg,Non-Venomous,Checkered Keelback,8e64ce5421bf22fdc7f56cbabea6462777b6fe8b038632f773bea8c5b18d10b7,1493,993,,,,False,POSSIBLE_NEAR_DUPLICATE,NO_TEST_CANDIDATE,False,REPOSITORY_LICENSE_VERIFIED; ORIGINAL_REPOSITORY_VERIFIED,THIRD_PARTY_IMAGE_RIGHTS_UNCLEAR; REVIEW_REQUIRED,True,REVIEW_LICENSE,"Repository MIT license verified, but README says Google-sourced images may be copyrighted"
Non-Venomous/Checkered Keelback/483d1b4810b93241b433267681151497--snakes-animals.jpg,483d1b4810b93241b433267681151497--snakes-animals.jpg,Non-Venomous,Checkered Keelback,5ad014bdd9267a7f85acf8c068130f503088f59a7e0220ce25c07a92c44b123b,736,551,,,,False,NO_STRICT_MATCH,NO_TEST_CANDIDATE,False,REPOSITORY_LICENSE_VERIFIED; ORIGINAL_REPOSITORY_VERIFIED,THIRD_PARTY_IMAGE_RIGHTS_UNCLEAR; REVIEW_REQUIRED,True,REVIEW_LICENSE,"Repository MIT license verified, but README says Google-sourced images may be copyrighted"
Non-Venomous/Checkered Keelback/491121-checkered-keeeled-back.jpg,491121-checkered-keeeled-back.jpg,Non-Venomous,Checkered Keelback,cf65e66e23fd69dc86db7a5a02eaf928c7fdad4ea6529fd560d3e71d7a5e7172,3265,2449,,,,False,POSSIBLE_NEAR_DUPLICATE,NO_TEST_CANDIDATE,False,REPOSITORY_LICENSE_VERIFIED; ORIGINAL_REPOSITORY_VERIFIED,THIRD_PARTY_IMAGE_RIGHTS_UNCLEAR; REVIEW_REQUIRED,True,REVIEW_LICENSE,"Repository MIT license verified, but README says Google-sourced images may be copyrighted"
Non-Venomous/Checkered Keelback/6.jpg,6.jpg,Non-Venomous,Checkered Keelback,7bb71e95fbd225c9373d2997235ca60d4cbe24ca940f38388441ee0ecd52f563,960,455,,,,False,POSSIBLE_NEAR_DUPLICATE,NO_TEST_CANDIDATE,False,REPOSITORY_LICENSE_VERIFIED; ORIGINAL_REPOSITORY_VERIFIED,THIRD_PARTY_IMAGE_RIGHTS_UNCLEAR; REVIEW_REQUIRED,True,REVIEW_LICENSE,"Repository MIT license verified, but README says Google-sourced images may be copyrighted"
Non-Venomous/Checkered Keelback/6069690177_f5cd0dbe69_o.jpg,6069690177_f5cd0dbe69_o.jpg,Non-Venomous,Checkered Keelback,5aba4240384c6959dbfb8980ccf8225a44da5052e113fd38465932d06514cef4,800,533,,,,False,NO_STRICT_MATCH,NO_TEST_CANDIDATE,False,REPOSITORY_LICENSE_VERIFIED; ORIGINAL_REPOSITORY_VERIFIED,THIRD_PARTY_IMAGE_RIGHTS_UNCLEAR; REVIEW_REQUIRED,True,REVIEW_LICENSE,"Repository MIT license verified, but README says Google-sourced images may be copyrighted"
Non-Venomous/Checkered Keelback/7170810054_1373b1b24f_b.jpg,7170810054_1373b1b24f_b.jpg,Non-Venomous,Checkered Keelback,b7945cfae0931f10626a060f7a79d3cac37c1d36c5a8bc9227df01b77929f523,1024,547,,,,False,NO_STRICT_MATCH,NO_TEST_CANDIDATE,False,REPOSITORY_LICENSE_VERIFIED; ORIGINAL_REPOSITORY_VERIFIED,THIRD_PARTY_IMAGE_RIGHTS_UNCLEAR; REVIEW_REQUIRED,True,REVIEW_LICENSE,"Repository MIT license verified, but README says Google-sourced images may be copyrighted"
Non-Venomous/Checkered Keelback/7170812976_3a35bbdba2_b.jpg,7170812976_3a35bbdba2_b.jpg,Non-Venomous,Checkered Keelback,c3dd6883ebf9eddcb2ca19acd2cef98d8e0f5c05bf367a13a0498210efa2653d,1024,717,,,,False,NO_STRICT_MATCH,NO_TEST_CANDIDATE,False,REPOSITORY_LICENSE_VERIFIED; ORIGINAL_REPOSITORY_VERIFIED,THIRD_PARTY_IMAGE_RIGHTS_UNCLEAR; REVIEW_REQUIRED,True,REVIEW_LICENSE,"Repository MIT license verified, but README says Google-sourced images may be copyrighted"
Non-Venomous/Checkered Keelback/9181975166_5a8900bcb4_b.jpg,9181975166_5a8900bcb4_b.jpg,Non-Venomous,Checkered Keelback,0571fdbdc18bad900dbf7b50ebed9b9e542eca167db67eef09737e26dcda0123,1024,576,,,,False,POSSIBLE_NEAR_DUPLICATE,NO_TEST_CANDIDATE,False,REPOSITORY_LICENSE_VERIFIED; ORIGINAL_REPOSITORY_VERIFIED,THIRD_PARTY_IMAGE_RIGHTS_UNCLEAR; REVIEW_REQUIRED,True,REVIEW_LICENSE,"Repository MIT license verified, but README says Google-sourced images may be copyrighted"
Non-Venomous/Checkered Keelback/_DSC0413.jpg,_DSC0413.jpg,Non-Venomous,Checkered Keelback,1a75ab6ab435730b14228d5c0f36f661419d2f69e94a1858df17e1963cc9ef33,1407,850,,,,False,POSSIBLE_NEAR_DUPLICATE,NO_TEST_CANDIDATE,False,REPOSITORY_LICENSE_VERIFIED; ORIGINAL_REPOSITORY_VERIFIED,THIRD_PARTY_IMAGE_RIGHTS_UNCLEAR; REVIEW_REQUIRED,True,REVIEW_LICENSE,"Repository MIT license verified, but README says Google-sourced images may be copyrighted"
Non-Venomous/Checkered Keelback/_DSC0418.jpg,_DSC0418.jpg,Non-Venomous,Checkered Keelback,36edfd2877c35e6372af36ad4321aa9c65063ea89da402222ad5e768292847d3,1300,850,,,,False,LIKELY_NEAR_DUPLICATE,NO_TEST_CANDIDATE,False,REPOSITORY_LICENSE_VERIFIED; ORIGINAL_REPOSITORY_VERIFIED,THIRD_PARTY_IMAGE_RIGHTS_UNCLEAR; REVIEW_REQUIRED,True,REVIEW_LIKELY_NEAR_DUPLICATE,Likely near-duplicate requires human decision
Non-Venomous/Checkered Keelback/checkered keelback_002.jpg,checkered keelback_002.jpg,Non-Venomous,Checkered Keelback,fc13beacccf975fda933206ae627644c869af032581b6df599fde36c415e3214,1600,1063,,,,False,POSSIBLE_NEAR_DUPLICATE,NO_TEST_CANDIDATE,False,REPOSITORY_LICENSE_VERIFIED; ORIGINAL_REPOSITORY_VERIFIED,THIRD_PARTY_IMAGE_RIGHTS_UNCLEAR; REVIEW_REQUIRED,True,REVIEW_LICENSE,"Repository MIT license verified, but README says Google-sourced images may be copyrighted"
Non-Venomous/Checkered Keelback/checkered-keel-back-water-snake-xenochropis-piscator-et0cmb.jpg,checkered-keel-back-water-snake-xenochropis-piscator-et0cmb.jpg,Non-Venomous,Checkered Keelback,1b6cd4ba45aba541bcda4199473d0ca99532e25d60d63f18aeba2edbdccaf82c,640,447,,,,False,NO_STRICT_MATCH,NO_TEST_CANDIDATE,False,REPOSITORY_LICENSE_VERIFIED; ORIGINAL_REPOSITORY_VERIFIED,THIRD_PARTY_IMAGE_RIGHTS_UNCLEAR; REVIEW_REQUIRED,True,REVIEW_LICENSE,"Repository MIT license verified, but README says Google-sourced images may be copyrighted"
Non-Venomous/Checkered Keelback/Checkered-Keelback-.jpg,Checkered-Keelback-.jpg,Non-Venomous,Checkered Keelback,b24d9dc41cef25b7732591f7b1c2f6e9e1b123647bed023fb261f34c713f5f05,960,640,,,,False,NO_STRICT_MATCH,NO_TEST_CANDIDATE,False,REPOSITORY_LICENSE_VERIFIED; ORIGINAL_REPOSITORY_VERIFIED,THIRD_PARTY_IMAGE_RIGHTS_UNCLEAR; REVIEW_REQUIRED,True,REVIEW_LICENSE,"Repository MIT license verified, but README says Google-sourced images may be copyrighted"
Non-Venomous/Checkered Keelback/Checkered-Keelback-1.jpg,Checkered-Keelback-1.jpg,Non-Venomous,Checkered Keelback,43e377ff05e2fd2b607d5f0928a1baa2ce0969c7c60cb75b206ffd2b24f5daa1,640,480,,,,False,NO_STRICT_MATCH,NO_TEST_CANDIDATE,False,REPOSITORY_LICENSE_VERIFIED; ORIGINAL_REPOSITORY_VERIFIED,THIRD_PARTY_IMAGE_RIGHTS_UNCLEAR; REVIEW_REQUIRED,True,REVIEW_LICENSE,"Repository MIT license verified, but README says Google-sourced images may be copyrighted"
Non-Venomous/Checkered Keelback/Checkered-Keelback-2.jpg,Checkered-Keelback-2.jpg,Non-Venomous,Checkered Keelback,6decb1cd01c344de9bf1a274b6bf94fcee0f34ab99976b6ae62a3857e4a63106,640,480,,,,False,NO_STRICT_MATCH,NO_TEST_CANDIDATE,False,REPOSITORY_LICENSE_VERIFIED; ORIGINAL_REPOSITORY_VERIFIED,THIRD_PARTY_IMAGE_RIGHTS_UNCLEAR; REVIEW_REQUIRED,True,REVIEW_LICENSE,"Repository MIT license verified, but README says Google-sourced images may be copyrighted"
Non-Venomous/Checkered Keelback/Checkered-Keelback_001.jpg,Checkered-Keelback_001.jpg,Non-Venomous,Checkered Keelback,89449733e87191517e533a26715b437b4f39c04c90a2857cc94e3eba572a75fa,800,264,,,,False,POSSIBLE_NEAR_DUPLICATE,NO_TEST_CANDIDATE,False,REPOSITORY_LICENSE_VERIFIED; ORIGINAL_REPOSITORY_VERIFIED,THIRD_PARTY_IMAGE_RIGHTS_UNCLEAR; REVIEW_REQUIRED,True,REVIEW_LICENSE,"Repository MIT license verified, but README says Google-sourced images may be copyrighted"
Non-Venomous/Checkered Keelback/checkered-keelback_002.jpg,checkered-keelback_002.jpg,Non-Venomous,Checkered Keelback,8385d7466a0f0a5f9eaf9ec7e26c23a34a4bd667b39d93d98a2c4a1a797288fc,599,356,,,,False,POSSIBLE_NEAR_DUPLICATE,NO_TEST_CANDIDATE,False,REPOSITORY_LICENSE_VERIFIED; ORIGINAL_REPOSITORY_VERIFIED,THIRD_PARTY_IMAGE_RIGHTS_UNCLEAR; REVIEW_REQUIRED,True,REVIEW_LICENSE,"Repository MIT license verified, but README says Google-sourced images may be copyrighted"
Non-Venomous/Checkered Keelback/Checkered-Keelback_003.jpg,Checkered-Keelback_003.jpg,Non-Venomous,Checkered Keelback,f9c97131b3019188770246e7789cdaaf62d8ac2e756e2d587a6cb803e1224e71,3000,1995,,,,False,POSSIBLE_NEAR_DUPLICATE,NO_TEST_CANDIDATE,False,REPOSITORY_LICENSE_VERIFIED; ORIGINAL_REPOSITORY_VERIFIED,THIRD_PARTY_IMAGE_RIGHTS_UNCLEAR; REVIEW_REQUIRED,True,REVIEW_LICENSE,"Repository MIT license verified, but README says Google-sourced images may be copyrighted"
Non-Venomous/Checkered Keelback/Checkered-Keelbacks-2.jpg,Checkered-Keelbacks-2.jpg,Non-Venomous,Checkered Keelback,1e67914d22db7db2d924f827304ab97c247196c400f8c4463508be3d1a53e63f,1024,456,,,,False,POSSIBLE_NEAR_DUPLICATE,NO_TEST_CANDIDATE,False,REPOSITORY_LICENSE_VERIFIED; ORIGINAL_REPOSITORY_VERIFIED,THIRD_PARTY_IMAGE_RIGHTS_UNCLEAR; REVIEW_REQUIRED,True,REVIEW_LICENSE,"Repository MIT license verified, but README says Google-sourced images may be copyrighted"
Non-Venomous/Checkered Keelback/Checkered-Keelbacks-4.jpg,Checkered-Keelbacks-4.jpg,Non-Venomous,Checkered Keelback,0abea4efbe17d9d0a21da1f36e1410aae6ac31cdf79e2229a48c9c841e876260,1024,483,,,,False,POSSIBLE_NEAR_DUPLICATE,NO_TEST_CANDIDATE,False,REPOSITORY_LICENSE_VERIFIED; ORIGINAL_REPOSITORY_VERIFIED,THIRD_PARTY_IMAGE_RIGHTS_UNCLEAR; REVIEW_REQUIRED,True,REVIEW_LICENSE,"Repository MIT license verified, but README says Google-sourced images may be copyrighted"
Non-Venomous/Checkered Keelback/Checkered-Keelbacks-6.jpg,Checkered-Keelbacks-6.jpg,Non-Venomous,Checkered Keelback,41f8fc00bbc4e8006a61b22d63b645ee9c47ea077d4efc7a3043009a39eb122d,1024,511,,,,False,POSSIBLE_NEAR_DUPLICATE,NO_TEST_CANDIDATE,False,REPOSITORY_LICENSE_VERIFIED; ORIGINAL_REPOSITORY_VERIFIED,THIRD_PARTY_IMAGE_RIGHTS_UNCLEAR; REVIEW_REQUIRED,True,REVIEW_LICENSE,"Repository MIT license verified, but README says Google-sourced images may be copyrighted"
Non-Venomous/Checkered Keelback/checkered_keelback_water_snake.jpg,checkered_keelback_water_snake.jpg,Non-Venomous,Checkered Keelback,77d037d075fd8cbb5b9bc2d842babdf22aa428e387e8ea8a785baecfc7152d7f,632,328,,,,False,LIKELY_NEAR_DUPLICATE,NO_TEST_CANDIDATE,False,REPOSITORY_LICENSE_VERIFIED; ORIGINAL_REPOSITORY_VERIFIED,THIRD_PARTY_IMAGE_RIGHTS_UNCLEAR; REVIEW_REQUIRED,True,REVIEW_LIKELY_NEAR_DUPLICATE,Likely near-duplicate requires human decision
"Non-Venomous/Checkered Keelback/Checkered_Keelback_Xenochrophis_piscator_Schneider,_1799_Assam_by_Dr_Raju_Kasambe_DSC_0477_(2).JPG","Checkered_Keelback_Xenochrophis_piscator_Schneider,_1799_Assam_by_Dr_Raju_Kasambe_DSC_0477_(2).JPG",Non-Venomous,Checkered Keelback,b562b63bff368ef83e70617ed1e4193d1c123cab1b3a8d87c1a0df56e01f5c42,220,133,,,,False,LIKELY_NEAR_DUPLICATE,NO_TEST_CANDIDATE,False,REPOSITORY_LICENSE_VERIFIED; ORIGINAL_REPOSITORY_VERIFIED,THIRD_PARTY_IMAGE_RIGHTS_UNCLEAR; REVIEW_REQUIRED,True,REVIEW_LIKELY_NEAR_DUPLICATE,Likely near-duplicate requires human decision
Non-Venomous/Checkered Keelback/checkeredkeelback.jpg,checkeredkeelback.jpg,Non-Venomous,Checkered Keelback,b10cc8acf0b7a230ef42da662d8dfdef7434007b863ebd597963246621470e80,621,462,,,,False,NO_STRICT_MATCH,NO_TEST_CANDIDATE,False,REPOSITORY_LICENSE_VERIFIED; ORIGINAL_REPOSITORY_VERIFIED,THIRD_PARTY_IMAGE_RIGHTS_UNCLEAR; REVIEW_REQUIRED,True,REVIEW_LICENSE,"Repository MIT license verified, but README says Google-sourced images may be copyrighted"
Non-Venomous/Checkered Keelback/ckb full3.jpg,ckb full3.jpg,Non-Venomous,Checkered Keelback,ab31acd1d76f7fe33a408f233f92e9842ead625b5f302b3ee5433cac44492410,1024,505,,,,False,NO_STRICT_MATCH,NO_TEST_CANDIDATE,False,REPOSITORY_LICENSE_VERIFIED; ORIGINAL_REPOSITORY_VERIFIED,THIRD_PARTY_IMAGE_RIGHTS_UNCLEAR; REVIEW_REQUIRED,True,REVIEW_LICENSE,"Repository MIT license verified, but README says Google-sourced images may be copyrighted"
Non-Venomous/Checkered Keelback/DSC4977.jpg,DSC4977.jpg,Non-Venomous,Checkered Keelback,4112c287bc213e8fe725d991c03ca5c77e1adbe6befe7854000c0a53f3f52fa6,1024,582,,,,False,POSSIBLE_NEAR_DUPLICATE,NO_TEST_CANDIDATE,False,REPOSITORY_LICENSE_VERIFIED; ORIGINAL_REPOSITORY_VERIFIED,THIRD_PARTY_IMAGE_RIGHTS_UNCLEAR; REVIEW_REQUIRED,True,REVIEW_LICENSE,"Repository MIT license verified, but README says Google-sourced images may be copyrighted"
Non-Venomous/Checkered Keelback/DSC_3798-1.jpg,DSC_3798-1.jpg,Non-Venomous,Checkered Keelback,1ad8f958b094aa0e0813eff74fe1bcae19776624f029741b94bf6d3972e92e04,1600,1062,,,,False,LIKELY_NEAR_DUPLICATE,NO_TEST_CANDIDATE,False,REPOSITORY_LICENSE_VERIFIED; ORIGINAL_REPOSITORY_VERIFIED,THIRD_PARTY_IMAGE_RIGHTS_UNCLEAR; REVIEW_REQUIRED,True,REVIEW_LIKELY_NEAR_DUPLICATE,Likely near-duplicate requires human decision
Non-Venomous/Checkered Keelback/entomology-ornithology-herpetology-Xenochorpis-piscator-4-136-g003.png,entomology-ornithology-herpetology-Xenochorpis-piscator-4-136-g003.png,Non-Venomous,Checkered Keelback,050aab68d028951564180538b0cf5044841078ce96179bcb73bb9edbda7eef1e,477,355,,,,False,NO_STRICT_MATCH,NO_TEST_CANDIDATE,False,REPOSITORY_LICENSE_VERIFIED; ORIGINAL_REPOSITORY_VERIFIED,THIRD_PARTY_IMAGE_RIGHTS_UNCLEAR; REVIEW_REQUIRED,True,REVIEW_LICENSE,"Repository MIT license verified, but README says Google-sourced images may be copyrighted"
Non-Venomous/Checkered Keelback/hqdefault_002.jpg,hqdefault_002.jpg,Non-Venomous,Checkered Keelback,9c6faac6dc2bed67fdc696c80e0bca2d8e06d04139d1963826ca0d4f6b6c91f9,480,360,,,,False,NO_STRICT_MATCH,NO_TEST_CANDIDATE,False,REPOSITORY_LICENSE_VERIFIED; ORIGINAL_REPOSITORY_VERIFIED,THIRD_PARTY_IMAGE_RIGHTS_UNCLEAR; REVIEW_REQUIRED,True,REVIEW_LICENSE,"Repository MIT license verified, but README says Google-sourced images may be copyrighted"
Non-Venomous/Checkered Keelback/hqdefault_005.jpg,hqdefault_005.jpg,Non-Venomous,Checkered Keelback,50fef1055e0a0592697016bf8bc2b14f563f79e105f5de33ae9a7f4e6f82c0f9,480,360,,,,False,NO_STRICT_MATCH,NO_TEST_CANDIDATE,False,REPOSITORY_LICENSE_VERIFIED; ORIGINAL_REPOSITORY_VERIFIED,THIRD_PARTY_IMAGE_RIGHTS_UNCLEAR; REVIEW_REQUIRED,True,REVIEW_LICENSE,"Repository MIT license verified, but README says Google-sourced images may be copyrighted"
Non-Venomous/Checkered Keelback/IMG_4798.JPG,IMG_4798.JPG,Non-Venomous,Checkered Keelback,670bbd31b09812b43380f48cfca855755e3b505badaf0e2c5ea143785077eb4f,700,224,,,,False,POSSIBLE_NEAR_DUPLICATE,NO_TEST_CANDIDATE,False,REPOSITORY_LICENSE_VERIFIED; ORIGINAL_REPOSITORY_VERIFIED,THIRD_PARTY_IMAGE_RIGHTS_UNCLEAR; REVIEW_REQUIRED,True,REVIEW_LICENSE,"Repository MIT license verified, but README says Google-sourced images may be copyrighted"
Non-Venomous/Checkered Keelback/img_5554.jpg,img_5554.jpg,Non-Venomous,Checkered Keelback,58a61b8421bacf0f2e9c436c187465113c024e0d1061249114406163a64f1121,2935,2005,,,,False,POSSIBLE_NEAR_DUPLICATE,NO_TEST_CANDIDATE,False,REPOSITORY_LICENSE_VERIFIED; ORIGINAL_REPOSITORY_VERIFIED,THIRD_PARTY_IMAGE_RIGHTS_UNCLEAR; REVIEW_REQUIRED,True,REVIEW_LICENSE,"Repository MIT license verified, but README says Google-sourced images may be copyrighted"
Non-Venomous/Checkered Keelback/img_6516.jpg,img_6516.jpg,Non-Venomous,Checkered Keelback,98a125ef503070a7aaf3566d09a218062c593fe3438e30c9d796883c99782fcf,4000,3000,,,,False,POSSIBLE_NEAR_DUPLICATE,NO_TEST_CANDIDATE,False,REPOSITORY_LICENSE_VERIFIED; ORIGINAL_REPOSITORY_VERIFIED,THIRD_PARTY_IMAGE_RIGHTS_UNCLEAR; REVIEW_REQUIRED,True,REVIEW_LICENSE,"Repository MIT license verified, but README says Google-sourced images may be copyrighted"
Non-Venomous/Checkered Keelback/keelback1.jpg,keelback1.jpg,Non-Venomous,Checkered Keelback,948ee290c117831a37c300d27ed2412e0848d6cfe97f552281aab836c4644ad0,660,417,,,,False,LIKELY_NEAR_DUPLICATE,NO_TEST_CANDIDATE,False,REPOSITORY_LICENSE_VERIFIED; ORIGINAL_REPOSITORY_VERIFIED,THIRD_PARTY_IMAGE_RIGHTS_UNCLEAR; REVIEW_REQUIRED,True,REVIEW_LIKELY_NEAR_DUPLICATE,Likely near-duplicate requires human decision
Non-Venomous/Checkered Keelback/maxresdefault.jpg,maxresdefault.jpg,Non-Venomous,Checkered Keelback,2ab826651b52572d606d44f397fa03f3c17ff45f1342463b74e1f2aaa0d01f49,697,1014,,,,False,NO_STRICT_MATCH,NO_TEST_CANDIDATE,False,REPOSITORY_LICENSE_VERIFIED; ORIGINAL_REPOSITORY_VERIFIED,THIRD_PARTY_IMAGE_RIGHTS_UNCLEAR; REVIEW_REQUIRED,True,REVIEW_LICENSE,"Repository MIT license verified, but README says Google-sourced images may be copyrighted"
Non-Venomous/Checkered Keelback/maxresdefault_003.jpg,maxresdefault_003.jpg,Non-Venomous,Checkered Keelback,2a00830dac69681f7e7213fc6a706dc8768bc5fc0550db2c9a2d48c4781dc7f6,1280,720,,,,False,POSSIBLE_NEAR_DUPLICATE,NO_TEST_CANDIDATE,False,REPOSITORY_LICENSE_VERIFIED; ORIGINAL_REPOSITORY_VERIFIED,THIRD_PARTY_IMAGE_RIGHTS_UNCLEAR; REVIEW_REQUIRED,True,REVIEW_LICENSE,"Repository MIT license verified, but README says Google-sourced images may be copyrighted"
Non-Venomous/Checkered Keelback/maxresdefault_004.jpg,maxresdefault_004.jpg,Non-Venomous,Checkered Keelback,af205572bef871ec5bf22eda13a24af72146c11502a4635eb4979756604f8152,1280,720,,,,False,POSSIBLE_NEAR_DUPLICATE,NO_TEST_CANDIDATE,False,REPOSITORY_LICENSE_VERIFIED; ORIGINAL_REPOSITORY_VERIFIED,THIRD_PARTY_IMAGE_RIGHTS_UNCLEAR; REVIEW_REQUIRED,True,REVIEW_LICENSE,"Repository MIT license verified, but README says Google-sourced images may be copyrighted"
Non-Venomous/Checkered Keelback/maxresdefault_009.jpg,maxresdefault_009.jpg,Non-Venomous,Checkered Keelback,501b46380e866a72db3785aee9c28e0bc0a2bb3c0f0696c10f801e41049b2fa3,1280,720,,,,False,POSSIBLE_NEAR_DUPLICATE,NO_TEST_CANDIDATE,False,REPOSITORY_LICENSE_VERIFIED; ORIGINAL_REPOSITORY_VERIFIED,THIRD_PARTY_IMAGE_RIGHTS_UNCLEAR; REVIEW_REQUIRED,True,REVIEW_LICENSE,"Repository MIT license verified, but README says Google-sourced images may be copyrighted"
Non-Venomous/Checkered Keelback/maxresdefault_011.jpg,maxresdefault_011.jpg,Non-Venomous,Checkered Keelback,402bc0c9179b7d81a9cf09c3225032c914f374ed44469f26dcc6776aecf906c3,1280,720,,,,False,LIKELY_NEAR_DUPLICATE,NO_TEST_CANDIDATE,False,REPOSITORY_LICENSE_VERIFIED; ORIGINAL_REPOSITORY_VERIFIED,THIRD_PARTY_IMAGE_RIGHTS_UNCLEAR; REVIEW_REQUIRED,True,REVIEW_LIKELY_NEAR_DUPLICATE,Likely near-duplicate requires human decision
Non-Venomous/Checkered Keelback/red-necked-keelback-800x600.jpg,red-necked-keelback-800x600.jpg,Non-Venomous,Checkered Keelback,5e46e2bf973d9084f55f7561cde883f46642faab31d58b33d590f2da60f8e941,800,534,,,,False,NO_STRICT_MATCH,NO_TEST_CANDIDATE,False,REPOSITORY_LICENSE_VERIFIED; ORIGINAL_REPOSITORY_VERIFIED,THIRD_PARTY_IMAGE_RIGHTS_UNCLEAR; REVIEW_REQUIRED,True,REVIEW_LICENSE,"Repository MIT license verified, but README says Google-sourced images may be copyrighted"
Non-Venomous/Checkered Keelback/stock-photo-green-snake-checkered-keelback-xenochrophis-piscator-621348263.jpg,stock-photo-green-snake-checkered-keelback-xenochrophis-piscator-621348263.jpg,Non-Venomous,Checkered Keelback,328df5deaaac00b2b8c33e8bce11865f40e87a50df40c0fb44b452d70e462fcc,450,270,,,,False,POSSIBLE_NEAR_DUPLICATE,POSSIBLE_LEAKAGE_RISK,False,REPOSITORY_LICENSE_VERIFIED; ORIGINAL_REPOSITORY_VERIFIED,THIRD_PARTY_IMAGE_RIGHTS_UNCLEAR; REVIEW_REQUIRED,True,REVIEW_LICENSE,"Repository MIT license verified, but README says Google-sourced images may be copyrighted"
Non-Venomous/Checkered Keelback/stunningly-beautiful-snake-with-clear-checkered-marks.jpg,stunningly-beautiful-snake-with-clear-checkered-marks.jpg,Non-Venomous,Checkered Keelback,bd4f8c35b4a6a636ffa376e9198a95666b1249722f863ae5670208f94bc403db,3906,2602,,,,False,NO_STRICT_MATCH,NO_TEST_CANDIDATE,False,REPOSITORY_LICENSE_VERIFIED; ORIGINAL_REPOSITORY_VERIFIED,THIRD_PARTY_IMAGE_RIGHTS_UNCLEAR; REVIEW_REQUIRED,True,REVIEW_LICENSE,"Repository MIT license verified, but README says Google-sourced images may be copyrighted"
Non-Venomous/Checkered Keelback/yellow-spotted-keelback-11-26-10-in-payao-province-31.jpg,yellow-spotted-keelback-11-26-10-in-payao-province-31.jpg,Non-Venomous,Checkered Keelback,2fe6a378f295516e25b7b8f373d62a146f6ead3f04287967cfb185095a3bee80,2512,1669,,,,False,POSSIBLE_NEAR_DUPLICATE,POSSIBLE_LEAKAGE_RISK,False,REPOSITORY_LICENSE_VERIFIED; ORIGINAL_REPOSITORY_VERIFIED,THIRD_PARTY_IMAGE_RIGHTS_UNCLEAR; REVIEW_REQUIRED,True,REVIEW_LICENSE,"Repository MIT license verified, but README says Google-sourced images may be copyrighted"
Non-Venomous/Checkered Keelback/yellow-spotted-keelback-11-26-10-in-payao-province1.jpg,yellow-spotted-keelback-11-26-10-in-payao-province1.jpg,Non-Venomous,Checkered Keelback,740fdaa47a630fd6a24ab7e13d988496780e4fd6d2497ef91de49194aa9b1dcc,3648,2436,,,,False,POSSIBLE_NEAR_DUPLICATE,POSSIBLE_LEAKAGE_RISK,False,REPOSITORY_LICENSE_VERIFIED; ORIGINAL_REPOSITORY_VERIFIED,THIRD_PARTY_IMAGE_RIGHTS_UNCLEAR; REVIEW_REQUIRED,True,REVIEW_LICENSE,"Repository MIT license verified, but README says Google-sourced images may be copyrighted"
Non-Venomous/Checkered Keelback/yellow-spotted-keelback-3-17-11-in-ramkhamhaeng.jpg,yellow-spotted-keelback-3-17-11-in-ramkhamhaeng.jpg,Non-Venomous,Checkered Keelback,ceafdb3fd6f7366324ded4c26d4f5752bf46d2b026d54018622f133b1cbcb34d,1693,1132,,,,False,POSSIBLE_NEAR_DUPLICATE,POSSIBLE_LEAKAGE_RISK,False,REPOSITORY_LICENSE_VERIFIED; ORIGINAL_REPOSITORY_VERIFIED,THIRD_PARTY_IMAGE_RIGHTS_UNCLEAR; REVIEW_REQUIRED,True,REVIEW_LICENSE,"Repository MIT license verified, but README says Google-sourced images may be copyrighted"
Non-Venomous/Common Rat Snake/1463253_178992368962946_371907696_n.jpg,1463253_178992368962946_371907696_n.jpg,Non-Venomous,Common Rat Snake,6b4134d22bff274255c14480e6f31127b123fe5c76e4af8eac9fb997cd0f7c22,960,614,,,,False,POSSIBLE_NEAR_DUPLICATE,NO_TEST_CANDIDATE,False,REPOSITORY_LICENSE_VERIFIED; ORIGINAL_REPOSITORY_VERIFIED,THIRD_PARTY_IMAGE_RIGHTS_UNCLEAR; REVIEW_REQUIRED,True,REVIEW_LICENSE,"Repository MIT license verified, but README says Google-sourced images may be copyrighted"
Non-Venomous/Common Rat Snake/200907260821-radnor-lake-gray-rat-snake-500.jpg,200907260821-radnor-lake-gray-rat-snake-500.jpg,Non-Venomous,Common Rat Snake,46a42aaf74fe6e8b203fe8b3e2c5be0837de7ffa6f8d8c77ccd6660a16aab40b,500,920,,,,False,POSSIBLE_NEAR_DUPLICATE,NO_TEST_CANDIDATE,False,REPOSITORY_LICENSE_VERIFIED; ORIGINAL_REPOSITORY_VERIFIED,THIRD_PARTY_IMAGE_RIGHTS_UNCLEAR; REVIEW_REQUIRED,True,REVIEW_LICENSE,"Repository MIT license verified, but README says Google-sourced images may be copyrighted"
Non-Venomous/Common Rat Snake/220px-Rat_Snake.JPG,220px-Rat_Snake.JPG,Non-Venomous,Common Rat Snake,69eecf7836a04597a55f8305f6729f258527b1fc54b0fcd416abe181a916cfe0,220,147,,,,False,POSSIBLE_NEAR_DUPLICATE,NO_TEST_CANDIDATE,False,REPOSITORY_LICENSE_VERIFIED; ORIGINAL_REPOSITORY_VERIFIED,THIRD_PARTY_IMAGE_RIGHTS_UNCLEAR; REVIEW_REQUIRED,True,REVIEW_LICENSE,"Repository MIT license verified, but README says Google-sourced images may be copyrighted"
Non-Venomous/Common Rat Snake/2973845429_d9d5ce06a3_b.jpg,2973845429_d9d5ce06a3_b.jpg,Non-Venomous,Common Rat Snake,eba2288f51da5d8913d0a776eda576a1535f193a3394018fb7d1a11d88f39e2d,1024,587,,,,False,LIKELY_NEAR_DUPLICATE,NO_TEST_CANDIDATE,False,REPOSITORY_LICENSE_VERIFIED; ORIGINAL_REPOSITORY_VERIFIED,THIRD_PARTY_IMAGE_RIGHTS_UNCLEAR; REVIEW_REQUIRED,True,REVIEW_LIKELY_NEAR_DUPLICATE,Likely near-duplicate requires human decision
Non-Venomous/Common Rat Snake/33326151560_f9888f9e35_b.jpg,33326151560_f9888f9e35_b.jpg,Non-Venomous,Common Rat Snake,7edd741e951b19186d3f92509d460dc633d0f1c8c3fb75ac123f3d07d754b0ab,1024,536,,,,False,POSSIBLE_NEAR_DUPLICATE,NO_TEST_CANDIDATE,False,REPOSITORY_LICENSE_VERIFIED; ORIGINAL_REPOSITORY_VERIFIED,THIRD_PARTY_IMAGE_RIGHTS_UNCLEAR; REVIEW_REQUIRED,True,REVIEW_LICENSE,"Repository MIT license verified, but README says Google-sourced images may be copyrighted"
Non-Venomous/Common Rat Snake/464685_469785913108783_1755378000_o.jpg,464685_469785913108783_1755378000_o.jpg,Non-Venomous,Common Rat Snake,23fef051a5db7cf502bcfad8e0e9601392b58b59039a00ece495825bc850d846,1500,774,,,,False,POSSIBLE_NEAR_DUPLICATE,POSSIBLE_LEAKAGE_RISK,False,REPOSITORY_LICENSE_VERIFIED; ORIGINAL_REPOSITORY_VERIFIED,THIRD_PARTY_IMAGE_RIGHTS_UNCLEAR; REVIEW_REQUIRED,True,REVIEW_LICENSE,"Repository MIT license verified, but README says Google-sourced images may be copyrighted"
Non-Venomous/Common Rat Snake/blackratsnake2.jpg,blackratsnake2.jpg,Non-Venomous,Common Rat Snake,2ad5153724f69bd3a80aabe29181447046580ca7c4ce36a980db3c848fda63e3,832,200,,,,False,POSSIBLE_NEAR_DUPLICATE,NO_TEST_CANDIDATE,False,REPOSITORY_LICENSE_VERIFIED; ORIGINAL_REPOSITORY_VERIFIED,THIRD_PARTY_IMAGE_RIGHTS_UNCLEAR; REVIEW_REQUIRED,True,REVIEW_LICENSE,"Repository MIT license verified, but README says Google-sourced images may be copyrighted"
Non-Venomous/Common Rat Snake/DSC00806.JPG,DSC00806.JPG,Non-Venomous,Common Rat Snake,a6d5992a9841033204f7d59d66d6d4b6826a1d5d27b9d554b7a5edd74ed7edd9,500,285,,,,False,POSSIBLE_NEAR_DUPLICATE,NO_TEST_CANDIDATE,False,REPOSITORY_LICENSE_VERIFIED; ORIGINAL_REPOSITORY_VERIFIED,THIRD_PARTY_IMAGE_RIGHTS_UNCLEAR; REVIEW_REQUIRED,True,REVIEW_LICENSE,"Repository MIT license verified, but README says Google-sourced images may be copyrighted"
Non-Venomous/Common Rat Snake/eastern-rat-snake-large.jpg,eastern-rat-snake-large.jpg,Non-Venomous,Common Rat Snake,6ffaef03736a35c366226a66b998238854ba8266b24b6e11c8fe64e1ea4ad6cf,600,353,,,,False,LIKELY_NEAR_DUPLICATE,NO_TEST_CANDIDATE,False,REPOSITORY_LICENSE_VERIFIED; ORIGINAL_REPOSITORY_VERIFIED,THIRD_PARTY_IMAGE_RIGHTS_UNCLEAR; REVIEW_REQUIRED,True,REVIEW_LIKELY_NEAR_DUPLICATE,Likely near-duplicate requires human decision
Non-Venomous/Common Rat Snake/eastern-ratsnake-striped01.jpg,eastern-ratsnake-striped01.jpg,Non-Venomous,Common Rat Snake,c4801366be603f7fb23bfc2ca912158f406ec7956e690e91db47f4618835a206,1024,682,,,,False,POSSIBLE_NEAR_DUPLICATE,NO_TEST_CANDIDATE,False,REPOSITORY_LICENSE_VERIFIED; ORIGINAL_REPOSITORY_VERIFIED,THIRD_PARTY_IMAGE_RIGHTS_UNCLEAR; REVIEW_REQUIRED,True,REVIEW_LICENSE,"Repository MIT license verified, but README says Google-sourced images may be copyrighted"
Non-Venomous/Common Rat Snake/easternratsnake2.jpg,easternratsnake2.jpg,Non-Venomous,Common Rat Snake,b6819710feaadd93d17b33a307bf3c899f8885eeb05c0878e5d078000728398b,4288,2848,,,,False,POSSIBLE_NEAR_DUPLICATE,NO_TEST_CANDIDATE,False,REPOSITORY_LICENSE_VERIFIED; ORIGINAL_REPOSITORY_VERIFIED,THIRD_PARTY_IMAGE_RIGHTS_UNCLEAR; REVIEW_REQUIRED,True,REVIEW_LICENSE,"Repository MIT license verified, but README says Google-sourced images may be copyrighted"
Non-Venomous/Common Rat Snake/erat4-id.jpg,erat4-id.jpg,Non-Venomous,Common Rat Snake,188f753ca5fe12f01009d5369a193c84b4e87b8d9ea011c9dec22770e4342131,773,504,,,,False,NO_STRICT_MATCH,NO_TEST_CANDIDATE,False,REPOSITORY_LICENSE_VERIFIED; ORIGINAL_REPOSITORY_VERIFIED,THIRD_PARTY_IMAGE_RIGHTS_UNCLEAR; REVIEW_REQUIRED,True,REVIEW_LICENSE,"Repository MIT license verified, but README says Google-sourced images may be copyrighted"
Non-Venomous/Common Rat Snake/gray-rat-snake-blending-sugar-sand-33013422.jpg,gray-rat-snake-blending-sugar-sand-33013422.jpg,Non-Venomous,Common Rat Snake,73c46996153de45fd26e772da0cdc29ea0f8f3f972c94a44be86d888684450fd,1300,957,,,,False,NO_STRICT_MATCH,NO_TEST_CANDIDATE,False,REPOSITORY_LICENSE_VERIFIED; ORIGINAL_REPOSITORY_VERIFIED,THIRD_PARTY_IMAGE_RIGHTS_UNCLEAR; REVIEW_REQUIRED,True,REVIEW_LICENSE,"Repository MIT license verified, but README says Google-sourced images may be copyrighted"
Non-Venomous/Common Rat Snake/Gray_Ratsnake_25.jpg,Gray_Ratsnake_25.jpg,Non-Venomous,Common Rat Snake,e05ccc91fe48230dba476eaf476a7509c2e6c9766d9c4f5ce0b1b26759c15f2d,1200,1800,,,,False,NO_STRICT_MATCH,NO_TEST_CANDIDATE,False,REPOSITORY_LICENSE_VERIFIED; ORIGINAL_REPOSITORY_VERIFIED,THIRD_PARTY_IMAGE_RIGHTS_UNCLEAR; REVIEW_REQUIRED,True,REVIEW_LICENSE,"Repository MIT license verified, but README says Google-sourced images may be copyrighted"
Non-Venomous/Common Rat Snake/grayrat2.jpg,grayrat2.jpg,Non-Venomous,Common Rat Snake,49657147b91b2ce8cfd41f1da5301debf3cfe3796ba3da131031859a177b72b8,450,323,,,,False,NO_STRICT_MATCH,NO_TEST_CANDIDATE,False,REPOSITORY_LICENSE_VERIFIED; ORIGINAL_REPOSITORY_VERIFIED,THIRD_PARTY_IMAGE_RIGHTS_UNCLEAR; REVIEW_REQUIRED,True,REVIEW_LICENSE,"Repository MIT license verified, but README says Google-sourced images may be copyrighted"
Non-Venomous/Common Rat Snake/great-plains-rat-snake.jpg,great-plains-rat-snake.jpg,Non-Venomous,Common Rat Snake,4f7adb345354e75ddcdd15b6981d4767e43c831303dcce07d7269c9f42ee7f7c,650,430,,,,False,NO_STRICT_MATCH,NO_TEST_CANDIDATE,False,REPOSITORY_LICENSE_VERIFIED; ORIGINAL_REPOSITORY_VERIFIED,THIRD_PARTY_IMAGE_RIGHTS_UNCLEAR; REVIEW_REQUIRED,True,REVIEW_LICENSE,"Repository MIT license verified, but README says Google-sourced images may be copyrighted"
Non-Venomous/Common Rat Snake/greatplainsratsnake.jpg,greatplainsratsnake.jpg,Non-Venomous,Common Rat Snake,3b4e345b40f1784a8f88a35965dada4e016b1d52c16a7483370c20d7a000b2d8,600,356,,,,False,LIKELY_NEAR_DUPLICATE,NO_TEST_CANDIDATE,False,REPOSITORY_LICENSE_VERIFIED; ORIGINAL_REPOSITORY_VERIFIED,THIRD_PARTY_IMAGE_RIGHTS_UNCLEAR; REVIEW_REQUIRED,True,REVIEW_LIKELY_NEAR_DUPLICATE,Likely near-duplicate requires human decision
Non-Venomous/Common Rat Snake/IMG_7256-2.jpg,IMG_7256-2.jpg,Non-Venomous,Common Rat Snake,b7daafa3ef9c97e662adcacd00e8c109c25ecb25556f01ec2106b445853416ee,2822,2033,,,,False,NO_STRICT_MATCH,NO_TEST_CANDIDATE,False,REPOSITORY_LICENSE_VERIFIED; ORIGINAL_REPOSITORY_VERIFIED,THIRD_PARTY_IMAGE_RIGHTS_UNCLEAR; REVIEW_REQUIRED,True,REVIEW_LICENSE,"Repository MIT license verified, but README says Google-sourced images may be copyrighted"
Non-Venomous/Common Rat Snake/indian-rat-snake-ptyas-mucosa-rolled-up-on-a-root-sri-lanka-sinharaja-EBNR90.jpg,indian-rat-snake-ptyas-mucosa-rolled-up-on-a-root-sri-lanka-sinharaja-EBNR90.jpg,Non-Venomous,Common Rat Snake,a7cba351f8d41594247984fd69521d02575918ccac4290f6816853ae47667c8f,1300,955,,,,False,NO_STRICT_MATCH,NO_TEST_CANDIDATE,False,REPOSITORY_LICENSE_VERIFIED; ORIGINAL_REPOSITORY_VERIFIED,THIRD_PARTY_IMAGE_RIGHTS_UNCLEAR; REVIEW_REQUIRED,True,REVIEW_LICENSE,"Repository MIT license verified, but README says Google-sourced images may be copyrighted"
Non-Venomous/Common Rat Snake/indianratsnake.jpg,indianratsnake.jpg,Non-Venomous,Common Rat Snake,2d1d5855b2c7c4a677b848813f10b1750df57db7201be41baaffb51c1022ffec,621,463,,,,False,NO_STRICT_MATCH,NO_TEST_CANDIDATE,False,REPOSITORY_LICENSE_VERIFIED; ORIGINAL_REPOSITORY_VERIFIED,THIRD_PARTY_IMAGE_RIGHTS_UNCLEAR; REVIEW_REQUIRED,True,REVIEW_LICENSE,"Repository MIT license verified, but README says Google-sourced images may be copyrighted"
Non-Venomous/Common Rat Snake/indo-chinese-rat-snake-ptyas-korros-non-venomous-common-arunachal-A0BB61.jpg,indo-chinese-rat-snake-ptyas-korros-non-venomous-common-arunachal-A0BB61.jpg,Non-Venomous,Common Rat Snake,5b82d2aabc724b4e754fbdaaa2060df8acb512ddeeae14b8256a2ba9518c3a43,1300,953,,,,False,NO_STRICT_MATCH,NO_TEST_CANDIDATE,False,REPOSITORY_LICENSE_VERIFIED; ORIGINAL_REPOSITORY_VERIFIED,THIRD_PARTY_IMAGE_RIGHTS_UNCLEAR; REVIEW_REQUIRED,True,REVIEW_LICENSE,"Repository MIT license verified, but README says Google-sourced images may be copyrighted"
Non-Venomous/Common Rat Snake/indochinese-rat-snake-grey.jpg,indochinese-rat-snake-grey.jpg,Non-Venomous,Common Rat Snake,5c48a014277d6a4cbe4685cc3939e75ead42194c265588429e3eec66afde249a,540,229,,,,False,POSSIBLE_NEAR_DUPLICATE,NO_TEST_CANDIDATE,False,REPOSITORY_LICENSE_VERIFIED; ORIGINAL_REPOSITORY_VERIFIED,THIRD_PARTY_IMAGE_RIGHTS_UNCLEAR; REVIEW_REQUIRED,True,REVIEW_LICENSE,"Repository MIT license verified, but README says Google-sourced images may be copyrighted"
Non-Venomous/Common Rat Snake/indochinese-rat-snake-grey2.jpg,indochinese-rat-snake-grey2.jpg,Non-Venomous,Common Rat Snake,65ea161878b6ca7a47dc16cbbfe5ad2b19e382a17caaf3f8a8b60e837229d961,540,144,,,,False,POSSIBLE_NEAR_DUPLICATE,NO_TEST_CANDIDATE,False,REPOSITORY_LICENSE_VERIFIED; ORIGINAL_REPOSITORY_VERIFIED,THIRD_PARTY_IMAGE_RIGHTS_UNCLEAR; REVIEW_REQUIRED,True,REVIEW_LICENSE,"Repository MIT license verified, but README says Google-sourced images may be copyrighted"
Non-Venomous/Common Rat Snake/indochinese-rat-snake-nick-baker-malaysia.jpg,indochinese-rat-snake-nick-baker-malaysia.jpg,Non-Venomous,Common Rat Snake,2bd40e65d622e12a2371b5a0283b00904ca7677dff9deca4c7f740b376b64bae,600,400,,,,False,NO_STRICT_MATCH,NO_TEST_CANDIDATE,False,REPOSITORY_LICENSE_VERIFIED; ORIGINAL_REPOSITORY_VERIFIED,THIRD_PARTY_IMAGE_RIGHTS_UNCLEAR; REVIEW_REQUIRED,True,REVIEW_LICENSE,"Repository MIT license verified, but README says Google-sourced images may be copyrighted"
Non-Venomous/Common Rat Snake/King-ratsnake.jpg,King-ratsnake.jpg,Non-Venomous,Common Rat Snake,a579db131cc2908196bd5163bd55b108d53b2b89d3387d1f6116979cf10f3a71,650,421,,,,False,NO_STRICT_MATCH,NO_TEST_CANDIDATE,False,REPOSITORY_LICENSE_VERIFIED; ORIGINAL_REPOSITORY_VERIFIED,THIRD_PARTY_IMAGE_RIGHTS_UNCLEAR; REVIEW_REQUIRED,True,REVIEW_LICENSE,"Repository MIT license verified, but README says Google-sourced images may be copyrighted"
Non-Venomous/Common Rat Snake/maryland-black-rat-snake-2.jpg,maryland-black-rat-snake-2.jpg,Non-Venomous,Common Rat Snake,f3f194c5e63fee217d6cd6837283ab85d4ad5362684f81e3354415b743f4eeae,1936,1936,,,,False,NO_STRICT_MATCH,NO_TEST_CANDIDATE,False,REPOSITORY_LICENSE_VERIFIED; ORIGINAL_REPOSITORY_VERIFIED,THIRD_PARTY_IMAGE_RIGHTS_UNCLEAR; REVIEW_REQUIRED,True,REVIEW_LICENSE,"Repository MIT license verified, but README says Google-sourced images may be copyrighted"
Non-Venomous/Common Rat Snake/maxresdefault.jpg,maxresdefault.jpg,Non-Venomous,Common Rat Snake,4a3b19eb9bea861162a8634cf0d01ddad51ce7a1363fff31e22924bc4f46d082,1280,720,,,,False,LIKELY_NEAR_DUPLICATE,NO_TEST_CANDIDATE,False,REPOSITORY_LICENSE_VERIFIED; ORIGINAL_REPOSITORY_VERIFIED,THIRD_PARTY_IMAGE_RIGHTS_UNCLEAR; REVIEW_REQUIRED,True,REVIEW_LIKELY_NEAR_DUPLICATE,Likely near-duplicate requires human decision
Non-Venomous/Common Rat Snake/maxresdefault_001.jpg,maxresdefault_001.jpg,Non-Venomous,Common Rat Snake,2c361b9c108e8481546cbbeb1eafb3063dad92cd6a422bad9213e611912534aa,1280,720,,,,False,POSSIBLE_NEAR_DUPLICATE,NO_TEST_CANDIDATE,False,REPOSITORY_LICENSE_VERIFIED; ORIGINAL_REPOSITORY_VERIFIED,THIRD_PARTY_IMAGE_RIGHTS_UNCLEAR; REVIEW_REQUIRED,True,REVIEW_LICENSE,"Repository MIT license verified, but README says Google-sourced images may be copyrighted"
Non-Venomous/Common Rat Snake/ptyas-carinatus-keeled-rat-snake9.jpg,ptyas-carinatus-keeled-rat-snake9.jpg,Non-Venomous,Common Rat Snake,d859bc1ebd549d1c0ded0b2324d1e659c7bf682b6320f492cf4b395ca7454036,550,284,,,,False,POSSIBLE_NEAR_DUPLICATE,NO_TEST_CANDIDATE,False,REPOSITORY_LICENSE_VERIFIED; ORIGINAL_REPOSITORY_VERIFIED,THIRD_PARTY_IMAGE_RIGHTS_UNCLEAR; REVIEW_REQUIRED,True,REVIEW_LICENSE,"Repository MIT license verified, but README says Google-sourced images may be copyrighted"
Non-Venomous/Common Rat Snake/Ptyas-korros-Krabi.jpg,Ptyas-korros-Krabi.jpg,Non-Venomous,Common Rat Snake,38fb87426306e74fcd26d8eb295ff57b7eca750006cdbe0153bc63a4a41d7fbe,1200,425,,,,False,POSSIBLE_NEAR_DUPLICATE,NO_TEST_CANDIDATE,False,REPOSITORY_LICENSE_VERIFIED; ORIGINAL_REPOSITORY_VERIFIED,THIRD_PARTY_IMAGE_RIGHTS_UNCLEAR; REVIEW_REQUIRED,True,REVIEW_LICENSE,"Repository MIT license verified, but README says Google-sourced images may be copyrighted"
Non-Venomous/Common Rat Snake/Ptyas_mucosus_04.JPG,Ptyas_mucosus_04.JPG,Non-Venomous,Common Rat Snake,ecf3a889d2ee9b330e662175c9999d84447c8ce4c96ca4825a0d60105531fae8,640,480,,,,False,NO_STRICT_MATCH,NO_TEST_CANDIDATE,False,REPOSITORY_LICENSE_VERIFIED; ORIGINAL_REPOSITORY_VERIFIED,THIRD_PARTY_IMAGE_RIGHTS_UNCLEAR; REVIEW_REQUIRED,True,REVIEW_LICENSE,"Repository MIT license verified, but README says Google-sourced images may be copyrighted"
Non-Venomous/Common Rat Snake/Pytas-mucosus-Bob-Burgess-permissioned.jpg,Pytas-mucosus-Bob-Burgess-permissioned.jpg,Non-Venomous,Common Rat Snake,004c97521830249a71e7a2b73e4037f450c4cd05fa90a530d664a3fc2635aff6,1000,380,,,,False,POSSIBLE_NEAR_DUPLICATE,NO_TEST_CANDIDATE,False,REPOSITORY_LICENSE_VERIFIED; ORIGINAL_REPOSITORY_VERIFIED,THIRD_PARTY_IMAGE_RIGHTS_UNCLEAR; REVIEW_REQUIRED,True,REVIEW_LICENSE,"Repository MIT license verified, but README says Google-sourced images may be copyrighted"
Non-Venomous/Common Sand Boa/0604.jpeg,0604.jpeg,Non-Venomous,Common Sand Boa,f5d56a1d6e4c2200911aeaf6f04f367e14d1d459b54bb2739ff3a027d731e112,1024,768,,,,False,NO_STRICT_MATCH,NO_TEST_CANDIDATE,False,REPOSITORY_LICENSE_VERIFIED; ORIGINAL_REPOSITORY_VERIFIED,THIRD_PARTY_IMAGE_RIGHTS_UNCLEAR; REVIEW_REQUIRED,True,REVIEW_LICENSE,"Repository MIT license verified, but README says Google-sourced images may be copyrighted"
Non-Venomous/Common Sand Boa/20141005_190516.jpg,20141005_190516.jpg,Non-Venomous,Common Sand Boa,e2a22fce15584abd501492bf3e0b0696048c240a823b6bb763a686fec34e17e9,3264,2448,,,,False,POSSIBLE_NEAR_DUPLICATE,NO_TEST_CANDIDATE,False,REPOSITORY_LICENSE_VERIFIED; ORIGINAL_REPOSITORY_VERIFIED,THIRD_PARTY_IMAGE_RIGHTS_UNCLEAR; REVIEW_REQUIRED,True,REVIEW_LICENSE,"Repository MIT license verified, but README says Google-sourced images may be copyrighted"
Non-Venomous/Common Sand Boa/87.jpg,87.jpg,Non-Venomous,Common Sand Boa,4e983cadad74d51c7574a2968a2f0e2fcdd8fb2c611641d691f34091d046d0ec,828,540,,,,False,NO_STRICT_MATCH,NO_TEST_CANDIDATE,False,REPOSITORY_LICENSE_VERIFIED; ORIGINAL_REPOSITORY_VERIFIED,THIRD_PARTY_IMAGE_RIGHTS_UNCLEAR; REVIEW_REQUIRED,True,REVIEW_LICENSE,"Repository MIT license verified, but README says Google-sourced images may be copyrighted"
Non-Venomous/Common Sand Boa/econf.jpg,econf.jpg,Non-Venomous,Common Sand Boa,cc305a6d504f9a3665cd093c5500618ad71027028fe5bdc65d9fe4aeac9b1195,449,240,,,,False,POSSIBLE_NEAR_DUPLICATE,NO_TEST_CANDIDATE,False,REPOSITORY_LICENSE_VERIFIED; ORIGINAL_REPOSITORY_VERIFIED,THIRD_PARTY_IMAGE_RIGHTS_UNCLEAR; REVIEW_REQUIRED,True,REVIEW_LICENSE,"Repository MIT license verified, but README says Google-sourced images may be copyrighted"
Non-Venomous/Common Sand Boa/emm_m1.jpg,emm_m1.jpg,Non-Venomous,Common Sand Boa,2e91a0437ddfabc0c7d4c4a1f5da702440e479abdfcd0a5c12164f410ffb38ae,570,288,,,,False,POSSIBLE_NEAR_DUPLICATE,NO_TEST_CANDIDATE,False,REPOSITORY_LICENSE_VERIFIED; ORIGINAL_REPOSITORY_VERIFIED,THIRD_PARTY_IMAGE_RIGHTS_UNCLEAR; REVIEW_REQUIRED,True,REVIEW_LICENSE,"Repository MIT license verified, but README says Google-sourced images may be copyrighted"
Non-Venomous/Common Sand Boa/hqdefault.jpg,hqdefault.jpg,Non-Venomous,Common Sand Boa,af274a5881decd805689161d8e74e2eeba7c1870dc3ede7dab96ca2c9f15ee0a,480,360,,,,False,NO_STRICT_MATCH,NO_TEST_CANDIDATE,False,REPOSITORY_LICENSE_VERIFIED; ORIGINAL_REPOSITORY_VERIFIED,THIRD_PARTY_IMAGE_RIGHTS_UNCLEAR; REVIEW_REQUIRED,True,REVIEW_LICENSE,"Repository MIT license verified, but README says Google-sourced images may be copyrighted"
Non-Venomous/Common Sand Boa/img2.jpg,img2.jpg,Non-Venomous,Common Sand Boa,8cb22d8ee00b30efc64c98d61f704bcf499a1388c7cc9d45d2502aeb191b5ae4,601,417,,,,False,NO_STRICT_MATCH,NO_TEST_CANDIDATE,False,REPOSITORY_LICENSE_VERIFIED; ORIGINAL_REPOSITORY_VERIFIED,THIRD_PARTY_IMAGE_RIGHTS_UNCLEAR; REVIEW_REQUIRED,True,REVIEW_LICENSE,"Repository MIT license verified, but README says Google-sourced images may be copyrighted"
Non-Venomous/Common Sand Boa/img_4608.jpg,img_4608.jpg,Non-Venomous,Common Sand Boa,be52022f17aa52d1f45b9de3bdd13b7b12a3ebd2826946be590201f3bb5ed1bf,1200,1600,,,,False,LIKELY_NEAR_DUPLICATE,NO_TEST_CANDIDATE,False,REPOSITORY_LICENSE_VERIFIED; ORIGINAL_REPOSITORY_VERIFIED,THIRD_PARTY_IMAGE_RIGHTS_UNCLEAR; REVIEW_REQUIRED,True,REVIEW_LIKELY_NEAR_DUPLICATE,Likely near-duplicate requires human decision
Non-Venomous/Common Sand Boa/kenyan-sand-boa-subspecies-loveridgei.jpg,kenyan-sand-boa-subspecies-loveridgei.jpg,Non-Venomous,Common Sand Boa,cb05000e54dcb6f08c5176535e7c088bb4004802693f6efa19ec734aee33639f,650,433,,,,False,NO_STRICT_MATCH,NO_TEST_CANDIDATE,False,REPOSITORY_LICENSE_VERIFIED; ORIGINAL_REPOSITORY_VERIFIED,THIRD_PARTY_IMAGE_RIGHTS_UNCLEAR; REVIEW_REQUIRED,True,REVIEW_LICENSE,"Repository MIT license verified, but README says Google-sourced images may be copyrighted"
Non-Venomous/Common Sand Boa/kenyan-sand-boa.jpg,kenyan-sand-boa.jpg,Non-Venomous,Common Sand Boa,bad799123b1b78fc3c18164f0c0e57e10a899123ddd2199fbe33398360c8502c,518,288,,,,False,POSSIBLE_NEAR_DUPLICATE,NO_TEST_CANDIDATE,False,REPOSITORY_LICENSE_VERIFIED; ORIGINAL_REPOSITORY_VERIFIED,THIRD_PARTY_IMAGE_RIGHTS_UNCLEAR; REVIEW_REQUIRED,True,REVIEW_LICENSE,"Repository MIT license verified, but README says Google-sourced images may be copyrighted"
Non-Venomous/Common Sand Boa/Photo-0187.jpg,Photo-0187.jpg,Non-Venomous,Common Sand Boa,b1ba93435ae40e41c9fdddc1bbb5b27a2d4c03d13920cad67539bda3b3f662d3,636,338,,,,False,LIKELY_NEAR_DUPLICATE,NO_TEST_CANDIDATE,False,REPOSITORY_LICENSE_VERIFIED; ORIGINAL_REPOSITORY_VERIFIED,THIRD_PARTY_IMAGE_RIGHTS_UNCLEAR; REVIEW_REQUIRED,True,REVIEW_LIKELY_NEAR_DUPLICATE,Likely near-duplicate requires human decision
Non-Venomous/Common Sand Boa/Red sand Boa.png,Red sand Boa.png,Non-Venomous,Common Sand Boa,685b48695c899fb647ff9a96491b0fca428070dc376384076ddcc633bc8f68ee,1094,882,,,,False,NO_STRICT_MATCH,NO_TEST_CANDIDATE,False,REPOSITORY_LICENSE_VERIFIED; ORIGINAL_REPOSITORY_VERIFIED,THIRD_PARTY_IMAGE_RIGHTS_UNCLEAR; REVIEW_REQUIRED,True,REVIEW_LICENSE,"Repository MIT license verified, but README says Google-sourced images may be copyrighted"
Non-Venomous/Common Sand Boa/red-sand-boa-eryx-johnii-non-venomous-common-saswad-maharashtra-india-G2A95R.jpg,red-sand-boa-eryx-johnii-non-venomous-common-saswad-maharashtra-india-G2A95R.jpg,Non-Venomous,Common Sand Boa,2c809efdd5b8e0054ed424198eb8c8d00ab7eb9bdddf1fed840b71486b938d53,1300,1064,,,,False,NO_STRICT_MATCH,NO_TEST_CANDIDATE,False,REPOSITORY_LICENSE_VERIFIED; ORIGINAL_REPOSITORY_VERIFIED,THIRD_PARTY_IMAGE_RIGHTS_UNCLEAR; REVIEW_REQUIRED,True,REVIEW_LICENSE,"Repository MIT license verified, but README says Google-sourced images may be copyrighted"
Non-Venomous/Common Sand Boa/snake-common-sand-boa-eryx-conicus-ET0CMG.jpg,snake-common-sand-boa-eryx-conicus-ET0CMG.jpg,Non-Venomous,Common Sand Boa,6b7f1edebd23ab524f3f138ac8daf1ee0e4535b410118d9baab3643df9ac764d,1300,956,,,,False,NO_STRICT_MATCH,NO_TEST_CANDIDATE,False,REPOSITORY_LICENSE_VERIFIED; ORIGINAL_REPOSITORY_VERIFIED,THIRD_PARTY_IMAGE_RIGHTS_UNCLEAR; REVIEW_REQUIRED,True,REVIEW_LICENSE,"Repository MIT license verified, but README says Google-sourced images may be copyrighted"
Non-Venomous/Common Sand Boa/unnamed.png,unnamed.png,Non-Venomous,Common Sand Boa,0a4ee8856677481a914eccc1450bd571b1da4ddf490e6f69924b913114a5b105,512,257,,,,False,FALSE_POSITIVE_PERCEPTUAL_MATCH,NO_TEST_CANDIDATE,False,REPOSITORY_LICENSE_VERIFIED; ORIGINAL_REPOSITORY_VERIFIED,THIRD_PARTY_IMAGE_RIGHTS_UNCLEAR; REVIEW_REQUIRED,True,REVIEW_LICENSE,"Repository MIT license verified, but README says Google-sourced images may be copyrighted"
Non-Venomous/Common Trinket/0582.jpeg,0582.jpeg,Non-Venomous,Common Trinket,8cce3b007df6752f146c099b95e00cd2c5a7424f98ba79bdcf42ba1d357ed6e4,1000,708,,,,False,NO_STRICT_MATCH,NO_TEST_CANDIDATE,False,REPOSITORY_LICENSE_VERIFIED; ORIGINAL_REPOSITORY_VERIFIED,THIRD_PARTY_IMAGE_RIGHTS_UNCLEAR; REVIEW_REQUIRED,True,REVIEW_LICENSE,"Repository MIT license verified, but README says Google-sourced images may be copyrighted"
Non-Venomous/Common Trinket/0821.jpeg,0821.jpeg,Non-Venomous,Common Trinket,f427383d7dbacfe093a1cdb0294b8bd64f464ac2864ad428dd78756e597c792d,192,128,,,,False,NO_STRICT_MATCH,NO_TEST_CANDIDATE,False,REPOSITORY_LICENSE_VERIFIED; ORIGINAL_REPOSITORY_VERIFIED,THIRD_PARTY_IMAGE_RIGHTS_UNCLEAR; REVIEW_REQUIRED,True,REVIEW_LICENSE,"Repository MIT license verified, but README says Google-sourced images may be copyrighted"
Non-Venomous/Common Trinket/14388445958.JPG,14388445958.JPG,Non-Venomous,Common Trinket,627dcaa8d95052c761af0df4ac32b8ae8a3f63f6d5ed7f6ad92b01034917549b,600,337,,,,False,NO_STRICT_MATCH,NO_TEST_CANDIDATE,False,REPOSITORY_LICENSE_VERIFIED; ORIGINAL_REPOSITORY_VERIFIED,THIRD_PARTY_IMAGE_RIGHTS_UNCLEAR; REVIEW_REQUIRED,True,REVIEW_LICENSE,"Repository MIT license verified, but README says Google-sourced images may be copyrighted"
Non-Venomous/Common Trinket/1438844596IMG_0396.JPG,1438844596IMG_0396.JPG,Non-Venomous,Common Trinket,558320779fab9a52e75f45a3ac784fad79b690ce273e32e0935db9eefad81999,600,337,,,,False,NO_STRICT_MATCH,NO_TEST_CANDIDATE,False,REPOSITORY_LICENSE_VERIFIED; ORIGINAL_REPOSITORY_VERIFIED,THIRD_PARTY_IMAGE_RIGHTS_UNCLEAR; REVIEW_REQUIRED,True,REVIEW_LICENSE,"Repository MIT license verified, but README says Google-sourced images may be copyrighted"
Non-Venomous/Common Trinket/15021341824_55f46f452d_m.jpg,15021341824_55f46f452d_m.jpg,Non-Venomous,Common Trinket,6137e39a0e0c78ea815da9ec60e55aa43b571bb00008bddc6ce014d5f27030b0,240,145,,,,False,POSSIBLE_NEAR_DUPLICATE,NO_TEST_CANDIDATE,False,REPOSITORY_LICENSE_VERIFIED; ORIGINAL_REPOSITORY_VERIFIED,THIRD_PARTY_IMAGE_RIGHTS_UNCLEAR; REVIEW_REQUIRED,True,REVIEW_LICENSE,"Repository MIT license verified, but README says Google-sourced images may be copyrighted"
Non-Venomous/Common Trinket/6123216202_563c31e3eb.jpg,6123216202_563c31e3eb.jpg,Non-Venomous,Common Trinket,905d52d404ea320e279fe7bf30be1a010a7bde3408f7350fa0fca2b0ed50c743,500,347,,,,False,NO_STRICT_MATCH,NO_TEST_CANDIDATE,False,REPOSITORY_LICENSE_VERIFIED; ORIGINAL_REPOSITORY_VERIFIED,THIRD_PARTY_IMAGE_RIGHTS_UNCLEAR; REVIEW_REQUIRED,True,REVIEW_LICENSE,"Repository MIT license verified, but README says Google-sourced images may be copyrighted"
Non-Venomous/Common Trinket/7207338458_12efc7a0c8_b.jpg,7207338458_12efc7a0c8_b.jpg,Non-Venomous,Common Trinket,cbd5d636eaf02cdb658641c13be92db5b735903d3f07ff7ef0492462b24da996,1024,699,,,,False,NO_STRICT_MATCH,NO_TEST_CANDIDATE,False,REPOSITORY_LICENSE_VERIFIED; ORIGINAL_REPOSITORY_VERIFIED,THIRD_PARTY_IMAGE_RIGHTS_UNCLEAR; REVIEW_REQUIRED,True,REVIEW_LICENSE,"Repository MIT license verified, but README says Google-sourced images may be copyrighted"
Non-Venomous/Common Trinket/7528802344_7b2d630b51.jpg,7528802344_7b2d630b51.jpg,Non-Venomous,Common Trinket,18c7e88e8fcfae3546597fcf3c5091a1756801a1010490b1fd437b076e1a733e,500,333,,,,False,NO_STRICT_MATCH,NO_TEST_CANDIDATE,False,REPOSITORY_LICENSE_VERIFIED; ORIGINAL_REPOSITORY_VERIFIED,THIRD_PARTY_IMAGE_RIGHTS_UNCLEAR; REVIEW_REQUIRED,True,REVIEW_LICENSE,"Repository MIT license verified, but README says Google-sourced images may be copyrighted"
Non-Venomous/Common Trinket/common-indian-trinket-coelognathus-helena-ncbs-bangalore-india-f7n7nw.jpg,common-indian-trinket-coelognathus-helena-ncbs-bangalore-india-f7n7nw.jpg,Non-Venomous,Common Trinket,575365dddb471bec4d2004eb1bea880985470b1f15b7f8107140a2947f156b70,640,447,,,,False,NO_STRICT_MATCH,NO_TEST_CANDIDATE,False,REPOSITORY_LICENSE_VERIFIED; ORIGINAL_REPOSITORY_VERIFIED,THIRD_PARTY_IMAGE_RIGHTS_UNCLEAR; REVIEW_REQUIRED,True,REVIEW_LICENSE,"Repository MIT license verified, but README says Google-sourced images may be copyrighted"
Non-Venomous/Common Trinket/common-trinket-snake-coelognathus-helena-helena-non-venomous-common-BY0Y0B.jpg,common-trinket-snake-coelognathus-helena-helena-non-venomous-common-BY0Y0B.jpg,Non-Venomous,Common Trinket,cc32638e87d103cdc30a0c448c7ef25b62452e2823dfb3c367f3ed7a23a58378,1300,956,,,,False,NO_STRICT_MATCH,NO_TEST_CANDIDATE,False,REPOSITORY_LICENSE_VERIFIED; ORIGINAL_REPOSITORY_VERIFIED,THIRD_PARTY_IMAGE_RIGHTS_UNCLEAR; REVIEW_REQUIRED,True,REVIEW_LICENSE,"Repository MIT license verified, but README says Google-sourced images may be copyrighted"
Non-Venomous/Common Trinket/common-trinket-snake-D4NP90.jpg,common-trinket-snake-D4NP90.jpg,Non-Venomous,Common Trinket,e4c062ac9279ec55c71b078c2ec3d2fbbf268549dac4bf8672074f0da8179376,1300,956,,,,False,NO_STRICT_MATCH,NO_TEST_CANDIDATE,False,REPOSITORY_LICENSE_VERIFIED; ORIGINAL_REPOSITORY_VERIFIED,THIRD_PARTY_IMAGE_RIGHTS_UNCLEAR; REVIEW_REQUIRED,True,REVIEW_LICENSE,"Repository MIT license verified, but README says Google-sourced images may be copyrighted"
Non-Venomous/Common Trinket/Common_Trinket.jpg,Common_Trinket.jpg,Non-Venomous,Common Trinket,b20899dc35c875b8c7172533fd05f49c8cafbc3e5dc4482eb560cc458a16e771,1632,916,,,,False,NO_STRICT_MATCH,NO_TEST_CANDIDATE,False,REPOSITORY_LICENSE_VERIFIED; ORIGINAL_REPOSITORY_VERIFIED,THIRD_PARTY_IMAGE_RIGHTS_UNCLEAR; REVIEW_REQUIRED,True,REVIEW_LICENSE,"Repository MIT license verified, but README says Google-sourced images may be copyrighted"
Non-Venomous/Common Trinket/common_trinket_snake_5_foot_long_approx.jpg,common_trinket_snake_5_foot_long_approx.jpg,Non-Venomous,Common Trinket,c46c829911d9759727e06d43a44cb161407a8a23ee2c2b5b237541c1a611d5f3,700,355,,,,False,NO_STRICT_MATCH,NO_TEST_CANDIDATE,False,REPOSITORY_LICENSE_VERIFIED; ORIGINAL_REPOSITORY_VERIFIED,THIRD_PARTY_IMAGE_RIGHTS_UNCLEAR; REVIEW_REQUIRED,True,REVIEW_LICENSE,"Repository MIT license verified, but README says Google-sourced images may be copyrighted"
Non-Venomous/Common Trinket/copper-headed-trinket-snake-coelognathus-radiatus-non-venomous-common-BN1WY8.jpg,copper-headed-trinket-snake-coelognathus-radiatus-non-venomous-common-BN1WY8.jpg,Non-Venomous,Common Trinket,dc3875e68fee13bc7f58194ef2f8434dca5f9490d78a607b2833c97b33bfc5e9,1300,960,,,,False,NO_STRICT_MATCH,NO_TEST_CANDIDATE,False,REPOSITORY_LICENSE_VERIFIED; ORIGINAL_REPOSITORY_VERIFIED,THIRD_PARTY_IMAGE_RIGHTS_UNCLEAR; REVIEW_REQUIRED,True,REVIEW_LICENSE,"Repository MIT license verified, but README says Google-sourced images may be copyrighted"
Non-Venomous/Common Trinket/d2563876349b5563a3d4d98f79f4ea77.jpg,d2563876349b5563a3d4d98f79f4ea77.jpg,Non-Venomous,Common Trinket,d683dc2f6fd5443aab6c7c80b91b973c8a4ba9b232b9273f91c6edf995a68ff7,2048,1070,,,,False,NO_STRICT_MATCH,NO_TEST_CANDIDATE,False,REPOSITORY_LICENSE_VERIFIED; ORIGINAL_REPOSITORY_VERIFIED,THIRD_PARTY_IMAGE_RIGHTS_UNCLEAR; REVIEW_REQUIRED,True,REVIEW_LICENSE,"Repository MIT license verified, but README says Google-sourced images may be copyrighted"
Non-Venomous/Common Trinket/DSC01535-Edit0.jpg,DSC01535-Edit0.jpg,Non-Venomous,Common Trinket,efa30a3eac5ff39696d9d3f98553b9c235c3ae928df899592e5ff3573b5a98d3,5390,3492,,,,False,NO_STRICT_MATCH,NO_TEST_CANDIDATE,False,REPOSITORY_LICENSE_VERIFIED; ORIGINAL_REPOSITORY_VERIFIED,THIRD_PARTY_IMAGE_RIGHTS_UNCLEAR; REVIEW_REQUIRED,True,REVIEW_LICENSE,"Repository MIT license verified, but README says Google-sourced images may be copyrighted"
Non-Venomous/Common Trinket/dsc_0011.jpg,dsc_0011.jpg,Non-Venomous,Common Trinket,4b228e8c912f8dd389244f32ec8f2f9ac31c7edea4b99fac572c25e88dc50784,6016,4000,,,,False,NO_STRICT_MATCH,NO_TEST_CANDIDATE,False,REPOSITORY_LICENSE_VERIFIED; ORIGINAL_REPOSITORY_VERIFIED,THIRD_PARTY_IMAGE_RIGHTS_UNCLEAR; REVIEW_REQUIRED,True,REVIEW_LICENSE,"Repository MIT license verified, but README says Google-sourced images may be copyrighted"
Non-Venomous/Common Trinket/habaraliya.jpg,habaraliya.jpg,Non-Venomous,Common Trinket,f609c320b0aedef16e3b25b962b23f6269a66f6ebaf56438e2d0fb68238af74d,1600,1024,,,,False,POSSIBLE_NEAR_DUPLICATE,NO_TEST_CANDIDATE,False,REPOSITORY_LICENSE_VERIFIED; ORIGINAL_REPOSITORY_VERIFIED,THIRD_PARTY_IMAGE_RIGHTS_UNCLEAR; REVIEW_REQUIRED,True,REVIEW_LICENSE,"Repository MIT license verified, but README says Google-sourced images may be copyrighted"
Non-Venomous/Common Trinket/IMG_0001 (1).JPG,IMG_0001 (1).JPG,Non-Venomous,Common Trinket,8a1cdd0118905981fff88692fb0e14fa0e3f3ada227b0954fc8f686fd606a0f6,1199,1600,,,,False,NO_STRICT_MATCH,NO_TEST_CANDIDATE,False,REPOSITORY_LICENSE_VERIFIED; ORIGINAL_REPOSITORY_VERIFIED,THIRD_PARTY_IMAGE_RIGHTS_UNCLEAR; REVIEW_REQUIRED,True,REVIEW_LICENSE,"Repository MIT license verified, but README says Google-sourced images may be copyrighted"
Non-Venomous/Common Trinket/img_2194.jpg,img_2194.jpg,Non-Venomous,Common Trinket,8e73957aa4d0c077d5d2ff398e1eddd2da75a033ff04fbf7baa4226d9308cb72,1600,1200,,,,False,NO_STRICT_MATCH,NO_TEST_CANDIDATE,False,REPOSITORY_LICENSE_VERIFIED; ORIGINAL_REPOSITORY_VERIFIED,THIRD_PARTY_IMAGE_RIGHTS_UNCLEAR; REVIEW_REQUIRED,True,REVIEW_LICENSE,"Repository MIT license verified, but README says Google-sourced images may be copyrighted"
Non-Venomous/Common Trinket/trinketsnake.jpg,trinketsnake.jpg,Non-Venomous,Common Trinket,e7dab7509458f5c9a921cc9c4267a73cecb44c461c22f33ba0a0b2cf7c73e286,620,463,,,,False,NO_STRICT_MATCH,NO_TEST_CANDIDATE,False,REPOSITORY_LICENSE_VERIFIED; ORIGINAL_REPOSITORY_VERIFIED,THIRD_PARTY_IMAGE_RIGHTS_UNCLEAR; REVIEW_REQUIRED,True,REVIEW_LICENSE,"Repository MIT license verified, but README says Google-sourced images may be copyrighted"
Non-Venomous/Green Tree Vine/1.jpg,1.jpg,Non-Venomous,Green Tree Vine,a0108b8d4773324eab5a76dc95f7c44c83c5fc93750d118fb13838177e037f69,852,480,,,,False,NO_STRICT_MATCH,NO_TEST_CANDIDATE,False,REPOSITORY_LICENSE_VERIFIED; ORIGINAL_REPOSITORY_VERIFIED,THIRD_PARTY_IMAGE_RIGHTS_UNCLEAR; REVIEW_REQUIRED,True,REVIEW_LICENSE,"Repository MIT license verified, but README says Google-sourced images may be copyrighted"
Non-Venomous/Green Tree Vine/541d920462f53a965ce8d6fd7a1f7476.jpg,541d920462f53a965ce8d6fd7a1f7476.jpg,Non-Venomous,Green Tree Vine,3c5020d0b9cfed8e3da32821f4986b9f6f2092453a1b3ba23590739f3817ca94,720,537,,,,False,NO_STRICT_MATCH,NO_TEST_CANDIDATE,False,REPOSITORY_LICENSE_VERIFIED; ORIGINAL_REPOSITORY_VERIFIED,THIRD_PARTY_IMAGE_RIGHTS_UNCLEAR; REVIEW_REQUIRED,True,REVIEW_LICENSE,"Repository MIT license verified, but README says Google-sourced images may be copyrighted"
Non-Venomous/Green Tree Vine/dbc07269d811693c59231e23ed0e404d.jpg,dbc07269d811693c59231e23ed0e404d.jpg,Non-Venomous,Green Tree Vine,8093a342c1b050511ef6d22ebedd0392e183fa5fc0c3ccd0006bd0ed38f3ab87,841,412,,,,False,POSSIBLE_NEAR_DUPLICATE,NO_TEST_CANDIDATE,False,REPOSITORY_LICENSE_VERIFIED; ORIGINAL_REPOSITORY_VERIFIED,THIRD_PARTY_IMAGE_RIGHTS_UNCLEAR; REVIEW_REQUIRED,True,REVIEW_LICENSE,"Repository MIT license verified, but README says Google-sourced images may be copyrighted"
Non-Venomous/Green Tree Vine/long-nosed-tree-snake-green-vine-snake-long-nosed-whip-snake-or-asian-FFHA8W.jpg,long-nosed-tree-snake-green-vine-snake-long-nosed-whip-snake-or-asian-FFHA8W.jpg,Non-Venomous,Green Tree Vine,ce705c83c92be65f32be2406276609826d15daea5c05c2bae74998fcd6067a7f,1300,954,,,,False,NO_STRICT_MATCH,NO_TEST_CANDIDATE,False,REPOSITORY_LICENSE_VERIFIED; ORIGINAL_REPOSITORY_VERIFIED,THIRD_PARTY_IMAGE_RIGHTS_UNCLEAR; REVIEW_REQUIRED,True,REVIEW_LICENSE,"Repository MIT license verified, but README says Google-sourced images may be copyrighted"
Non-Venomous/Green Tree Vine/the-common-vine-snake-ahaetulla-nasuta-is-a-slender-green-tree-snake-F947R9.jpg,the-common-vine-snake-ahaetulla-nasuta-is-a-slender-green-tree-snake-F947R9.jpg,Non-Venomous,Green Tree Vine,a072aa4797abb54ddf820ad2236ee4215f40f07610d3ae232f1f93cd01a259e8,1300,956,,,,False,NO_STRICT_MATCH,NO_TEST_CANDIDATE,False,REPOSITORY_LICENSE_VERIFIED; ORIGINAL_REPOSITORY_VERIFIED,THIRD_PARTY_IMAGE_RIGHTS_UNCLEAR; REVIEW_REQUIRED,True,REVIEW_LICENSE,"Repository MIT license verified, but README says Google-sourced images may be copyrighted"
Non-Venomous/Green Tree Vine/the-common-vine-snake-ahaetulla-nasuta-is-a-slender-green-tree-snake-F947RF.jpg,the-common-vine-snake-ahaetulla-nasuta-is-a-slender-green-tree-snake-F947RF.jpg,Non-Venomous,Green Tree Vine,450d754704fb7f3e03ced5f860d14222374910703bf67c4dc7631859e70a6707,1300,956,,,,False,NO_STRICT_MATCH,NO_TEST_CANDIDATE,False,REPOSITORY_LICENSE_VERIFIED; ORIGINAL_REPOSITORY_VERIFIED,THIRD_PARTY_IMAGE_RIGHTS_UNCLEAR; REVIEW_REQUIRED,True,REVIEW_LICENSE,"Repository MIT license verified, but README says Google-sourced images may be copyrighted"
Non-Venomous/Green Tree Vine/the-common-vine-snake-ahaetulla-nasuta-is-a-slender-green-tree-snake-F947RJ.jpg,the-common-vine-snake-ahaetulla-nasuta-is-a-slender-green-tree-snake-F947RJ.jpg,Non-Venomous,Green Tree Vine,4823f064da48b1e9cc4931f06fcee94a0782103acc71d8136e4f1baddc3b2cb2,1300,956,,,,False,NO_STRICT_MATCH,NO_TEST_CANDIDATE,False,REPOSITORY_LICENSE_VERIFIED; ORIGINAL_REPOSITORY_VERIFIED,THIRD_PARTY_IMAGE_RIGHTS_UNCLEAR; REVIEW_REQUIRED,True,REVIEW_LICENSE,"Repository MIT license verified, but README says Google-sourced images may be copyrighted"
Non-Venomous/Green Tree Vine/the-common-vine-snake-ahaetulla-nasuta-is-a-slender-green-tree-snake-F947RY.jpg,the-common-vine-snake-ahaetulla-nasuta-is-a-slender-green-tree-snake-F947RY.jpg,Non-Venomous,Green Tree Vine,b60ed6f1654e776e3069a7de243098a8c878c3beb36c7f6ba2804261ae308f94,1300,956,,,,False,NO_STRICT_MATCH,NO_TEST_CANDIDATE,False,REPOSITORY_LICENSE_VERIFIED; ORIGINAL_REPOSITORY_VERIFIED,THIRD_PARTY_IMAGE_RIGHTS_UNCLEAR; REVIEW_REQUIRED,True,REVIEW_LICENSE,"Repository MIT license verified, but README says Google-sourced images may be copyrighted"
Non-Venomous/Indian Rock Python/1753.jpeg,1753.jpeg,Non-Venomous,Indian Rock Python,6b3240471beab0eff411765a77e55d34b0f5631948483c0a6f6f753b15a84d73,750,484,,,,False,LIKELY_NEAR_DUPLICATE,NO_TEST_CANDIDATE,False,REPOSITORY_LICENSE_VERIFIED; ORIGINAL_REPOSITORY_VERIFIED,THIRD_PARTY_IMAGE_RIGHTS_UNCLEAR; REVIEW_REQUIRED,True,REVIEW_LIKELY_NEAR_DUPLICATE,Likely near-duplicate requires human decision
Non-Venomous/Indian Rock Python/6O4A4956.jpg,6O4A4956.jpg,Non-Venomous,Indian Rock Python,99611cbd555ffddb345e1b97a80429e4d80d5432ca2915147a423992d0ce166c,4268,2845,,,,False,POSSIBLE_NEAR_DUPLICATE,NO_TEST_CANDIDATE,False,REPOSITORY_LICENSE_VERIFIED; ORIGINAL_REPOSITORY_VERIFIED,THIRD_PARTY_IMAGE_RIGHTS_UNCLEAR; REVIEW_REQUIRED,True,REVIEW_LICENSE,"Repository MIT license verified, but README says Google-sourced images may be copyrighted"
Non-Venomous/Indian Rock Python/6O4A7830.jpg,6O4A7830.jpg,Non-Venomous,Indian Rock Python,0fa596095e65ac6c77a6da07bb25d18ab75e3991e741e40897abee493ba77ac0,4583,3055,,,,False,POSSIBLE_NEAR_DUPLICATE,POSSIBLE_LEAKAGE_RISK,False,REPOSITORY_LICENSE_VERIFIED; ORIGINAL_REPOSITORY_VERIFIED,THIRD_PARTY_IMAGE_RIGHTS_UNCLEAR; REVIEW_REQUIRED,True,REVIEW_LICENSE,"Repository MIT license verified, but README says Google-sourced images may be copyrighted"
Non-Venomous/Indian Rock Python/6O4A7844.jpg,6O4A7844.jpg,Non-Venomous,Indian Rock Python,9f1d235b78492b0d37fae8a2fb35567f1d91bfbd1473a6fdd51767757cd23252,3648,5472,,,,False,POSSIBLE_NEAR_DUPLICATE,POSSIBLE_LEAKAGE_RISK,False,REPOSITORY_LICENSE_VERIFIED; ORIGINAL_REPOSITORY_VERIFIED,THIRD_PARTY_IMAGE_RIGHTS_UNCLEAR; REVIEW_REQUIRED,True,REVIEW_LICENSE,"Repository MIT license verified, but README says Google-sourced images may be copyrighted"
Non-Venomous/Indian Rock Python/6O4A7885.jpg,6O4A7885.jpg,Non-Venomous,Indian Rock Python,8753bca87f31b9554751f6532f9dc72c541f4215ff65875d5a17a7272fdc4135,4254,2836,,,,False,POSSIBLE_NEAR_DUPLICATE,NO_TEST_CANDIDATE,False,REPOSITORY_LICENSE_VERIFIED; ORIGINAL_REPOSITORY_VERIFIED,THIRD_PARTY_IMAGE_RIGHTS_UNCLEAR; REVIEW_REQUIRED,True,REVIEW_LICENSE,"Repository MIT license verified, but README says Google-sourced images may be copyrighted"
Non-Venomous/Indian Rock Python/afe2.jpg,afe2.jpg,Non-Venomous,Indian Rock Python,a816ab63f3becdb98ff2c12b1317b9f590950de08c2f3c572be9291af5b53b4e,950,405,,,,False,POSSIBLE_NEAR_DUPLICATE,NO_TEST_CANDIDATE,False,REPOSITORY_LICENSE_VERIFIED; ORIGINAL_REPOSITORY_VERIFIED,THIRD_PARTY_IMAGE_RIGHTS_UNCLEAR; REVIEW_REQUIRED,True,REVIEW_LICENSE,"Repository MIT license verified, but README says Google-sourced images may be copyrighted"
Non-Venomous/Indian Rock Python/Brown_Streaks_seen_from_Lateral_View_of_Head_of_Indian_Rock_Python_(_P_molurus).JPG,Brown_Streaks_seen_from_Lateral_View_of_Head_of_Indian_Rock_Python_(_P_molurus).JPG,Non-Venomous,Indian Rock Python,fdfd463e5aad884286680522abbd403ed6aa149d44f7c56d21e2eb5f818d71ac,3648,2736,,,,False,POSSIBLE_NEAR_DUPLICATE,NO_TEST_CANDIDATE,False,REPOSITORY_LICENSE_VERIFIED; ORIGINAL_REPOSITORY_VERIFIED,THIRD_PARTY_IMAGE_RIGHTS_UNCLEAR; REVIEW_REQUIRED,True,REVIEW_LICENSE,"Repository MIT license verified, but README says Google-sourced images may be copyrighted"
Non-Venomous/Indian Rock Python/dc-Cover-bh58nkvuepsd83sgu14h9ieqn5-20160609032640.Medi.jpeg,dc-Cover-bh58nkvuepsd83sgu14h9ieqn5-20160609032640.Medi.jpeg,Non-Venomous,Indian Rock Python,d7c8c8f71604629473d449ed83a379bafd25be50c61f04da932541bf5f113c77,800,448,,,,False,LIKELY_NEAR_DUPLICATE,NO_TEST_CANDIDATE,False,REPOSITORY_LICENSE_VERIFIED; ORIGINAL_REPOSITORY_VERIFIED,THIRD_PARTY_IMAGE_RIGHTS_UNCLEAR; REVIEW_REQUIRED,True,REVIEW_LIKELY_NEAR_DUPLICATE,Likely near-duplicate requires human decision
Non-Venomous/Indian Rock Python/Indian rock python imprisoned in Gujarat after it swallows blue bull.jpg,Indian rock python imprisoned in Gujarat after it swallows blue bull.jpg,Non-Venomous,Indian Rock Python,ca599a18ea1e018865e77851d322af24fc8f20b2b5e31da8dc08aebeb1354193,626,336,,,,False,POSSIBLE_NEAR_DUPLICATE,NO_TEST_CANDIDATE,False,REPOSITORY_LICENSE_VERIFIED; ORIGINAL_REPOSITORY_VERIFIED,THIRD_PARTY_IMAGE_RIGHTS_UNCLEAR; REVIEW_REQUIRED,True,REVIEW_LICENSE,"Repository MIT license verified, but README says Google-sourced images may be copyrighted"
Non-Venomous/Indian Rock Python/indian-rock-python-in-western-ghats-awd4r9.jpg,indian-rock-python-in-western-ghats-awd4r9.jpg,Non-Venomous,Indian Rock Python,8c62100cfa58f346c8e13d283e8ac510a54583cf00f2c3f296761385348eec5c,450,314,,,,False,NO_STRICT_MATCH,NO_TEST_CANDIDATE,False,REPOSITORY_LICENSE_VERIFIED; ORIGINAL_REPOSITORY_VERIFIED,THIRD_PARTY_IMAGE_RIGHTS_UNCLEAR; REVIEW_REQUIRED,True,REVIEW_LICENSE,"Repository MIT license verified, but README says Google-sourced images may be copyrighted"
Non-Venomous/Indian Rock Python/Indian-Rock-Python-Langur-kill-4.jpg,Indian-Rock-Python-Langur-kill-4.jpg,Non-Venomous,Indian Rock Python,892a9be030906bad6f1786e8c786751487f41640ff794b57a88842b95e211148,1024,683,,,,False,LIKELY_NEAR_DUPLICATE,NO_TEST_CANDIDATE,False,REPOSITORY_LICENSE_VERIFIED; ORIGINAL_REPOSITORY_VERIFIED,THIRD_PARTY_IMAGE_RIGHTS_UNCLEAR; REVIEW_REQUIRED,True,REVIEW_LIKELY_NEAR_DUPLICATE,Likely near-duplicate requires human decision
Non-Venomous/Indian Rock Python/indian-rock-python-on-the-road--nagarhole.jpg,indian-rock-python-on-the-road--nagarhole.jpg,Non-Venomous,Indian Rock Python,ab2252a278f24e081318d033b862925e778298e031af98d3577e04b20a04d439,800,600,,,,False,NO_STRICT_MATCH,NO_TEST_CANDIDATE,False,REPOSITORY_LICENSE_VERIFIED; ORIGINAL_REPOSITORY_VERIFIED,THIRD_PARTY_IMAGE_RIGHTS_UNCLEAR; REVIEW_REQUIRED,True,REVIEW_LICENSE,"Repository MIT license verified, but README says Google-sourced images may be copyrighted"
Non-Venomous/Indian Rock Python/indian-rock-python-python-molurus-aka-indian-python-rock-python-black-F2JD6R.jpg,indian-rock-python-python-molurus-aka-indian-python-rock-python-black-F2JD6R.jpg,Non-Venomous,Indian Rock Python,b4ccf75137bc3a0dd09339a0c508ebf62fb7250b99f26ec6e665d5b95ef7cedd,1300,956,,,,False,NO_STRICT_MATCH,NO_TEST_CANDIDATE,False,REPOSITORY_LICENSE_VERIFIED; ORIGINAL_REPOSITORY_VERIFIED,THIRD_PARTY_IMAGE_RIGHTS_UNCLEAR; REVIEW_REQUIRED,True,REVIEW_LICENSE,"Repository MIT license verified, but README says Google-sourced images may be copyrighted"
Non-Venomous/Indian Rock Python/indian-rock-python-python-molurus-molurus-non-venomous-rare-C691AR.jpg,indian-rock-python-python-molurus-molurus-non-venomous-rare-C691AR.jpg,Non-Venomous,Indian Rock Python,c6d773cb3d794381204c80344a77fcd6b342f179717f3e8cf2b915c611876ddf,1300,956,,,,False,NO_STRICT_MATCH,NO_TEST_CANDIDATE,False,REPOSITORY_LICENSE_VERIFIED; ORIGINAL_REPOSITORY_VERIFIED,THIRD_PARTY_IMAGE_RIGHTS_UNCLEAR; REVIEW_REQUIRED,True,REVIEW_LICENSE,"Repository MIT license verified, but README says Google-sourced images may be copyrighted"
Non-Venomous/Indian Rock Python/indian-rock-python-python-molurus-molurus-non-venomous-rare-called-B325DN.jpg,indian-rock-python-python-molurus-molurus-non-venomous-rare-called-B325DN.jpg,Non-Venomous,Indian Rock Python,98f9d2506fc2ce92d506a3e3713e9e1a8a7182a7e7bee1c7f2d5aa71face0ebb,1300,956,,,,False,NO_STRICT_MATCH,NO_TEST_CANDIDATE,False,REPOSITORY_LICENSE_VERIFIED; ORIGINAL_REPOSITORY_VERIFIED,THIRD_PARTY_IMAGE_RIGHTS_UNCLEAR; REVIEW_REQUIRED,True,REVIEW_LICENSE,"Repository MIT license verified, but README says Google-sourced images may be copyrighted"
Non-Venomous/Indian Rock Python/indian-rock-python-python-molurus-molurus-non-venomous-rare-called-B325FG.jpg,indian-rock-python-python-molurus-molurus-non-venomous-rare-called-B325FG.jpg,Non-Venomous,Indian Rock Python,4eaa2bec5b01059c6e18dcb522bdb2dfdc1a30731c9d12f104ea2891c9f16561,1300,956,,,,False,NO_STRICT_MATCH,NO_TEST_CANDIDATE,False,REPOSITORY_LICENSE_VERIFIED; ORIGINAL_REPOSITORY_VERIFIED,THIRD_PARTY_IMAGE_RIGHTS_UNCLEAR; REVIEW_REQUIRED,True,REVIEW_LICENSE,"Repository MIT license verified, but README says Google-sourced images may be copyrighted"
Non-Venomous/Indian Rock Python/indian-rock-python-python-molurus-molurus-non-venomous-rare-kanha-BN1N7E.jpg,indian-rock-python-python-molurus-molurus-non-venomous-rare-kanha-BN1N7E.jpg,Non-Venomous,Indian Rock Python,6083a2fe6402ea2d7df0fce42f7858005e1873fab4d43990e2f63a309ca19dba,1300,960,,,,False,NO_STRICT_MATCH,NO_TEST_CANDIDATE,False,REPOSITORY_LICENSE_VERIFIED; ORIGINAL_REPOSITORY_VERIFIED,THIRD_PARTY_IMAGE_RIGHTS_UNCLEAR; REVIEW_REQUIRED,True,REVIEW_LICENSE,"Repository MIT license verified, but README says Google-sourced images may be copyrighted"
Non-Venomous/Indian Rock Python/indian-rock-python-with-a-full-belly-in-a-stream-in-ranthambhore-tiger-D2H4CR.jpg,indian-rock-python-with-a-full-belly-in-a-stream-in-ranthambhore-tiger-D2H4CR.jpg,Non-Venomous,Indian Rock Python,6873bf3e7e2f5b0628614bc8cdd5b9e3340063d37d24ce852e03e225142826eb,865,1390,,,,False,POSSIBLE_NEAR_DUPLICATE,NO_TEST_CANDIDATE,False,REPOSITORY_LICENSE_VERIFIED; ORIGINAL_REPOSITORY_VERIFIED,THIRD_PARTY_IMAGE_RIGHTS_UNCLEAR; REVIEW_REQUIRED,True,REVIEW_LICENSE,"Repository MIT license verified, but README says Google-sourced images may be copyrighted"
Non-Venomous/Indian Rock Python/Indian-Rock-Python_001.jpg,Indian-Rock-Python_001.jpg,Non-Venomous,Indian Rock Python,cd7ed2c4afd6f1dcaeed20d692488fb7ba6b8f8b07bf6eb77a1bf7b985241c1f,932,451,,,,False,POSSIBLE_NEAR_DUPLICATE,NO_TEST_CANDIDATE,False,REPOSITORY_LICENSE_VERIFIED; ORIGINAL_REPOSITORY_VERIFIED,THIRD_PARTY_IMAGE_RIGHTS_UNCLEAR; REVIEW_REQUIRED,True,REVIEW_LICENSE,"Repository MIT license verified, but README says Google-sourced images may be copyrighted"
Non-Venomous/Indian Rock Python/Indian_rock_python.jpg,Indian_rock_python.jpg,Non-Venomous,Indian Rock Python,46a64262bf592735bd293d07bd436407f53e08d6a4f07193e4ff0503b8d53853,4608,3072,,,,False,POSSIBLE_NEAR_DUPLICATE,NO_TEST_CANDIDATE,False,REPOSITORY_LICENSE_VERIFIED; ORIGINAL_REPOSITORY_VERIFIED,THIRD_PARTY_IMAGE_RIGHTS_UNCLEAR; REVIEW_REQUIRED,True,REVIEW_LICENSE,"Repository MIT license verified, but README says Google-sourced images may be copyrighted"
Non-Venomous/Indian Rock Python/Indian_Rock_Python_(_P_molurus)_rolled_up_into_a_ball.JPG,Indian_Rock_Python_(_P_molurus)_rolled_up_into_a_ball.JPG,Non-Venomous,Indian Rock Python,2b63bca5c764a4dd156dab9bb4db0903841d8ebf8d263131c07090130c6f1f6a,3648,2736,,,,False,POSSIBLE_NEAR_DUPLICATE,NO_TEST_CANDIDATE,False,REPOSITORY_LICENSE_VERIFIED; ORIGINAL_REPOSITORY_VERIFIED,THIRD_PARTY_IMAGE_RIGHTS_UNCLEAR; REVIEW_REQUIRED,True,REVIEW_LICENSE,"Repository MIT license verified, but README says Google-sourced images may be copyrighted"
Non-Venomous/Indian Rock Python/Indian_rock_python_(Python_molurus)_at_mysore_zoo.jpg,Indian_rock_python_(Python_molurus)_at_mysore_zoo.jpg,Non-Venomous,Indian Rock Python,389557b497e78a84be994a41b9b27fc27f556105e06f6f115608124f36519aab,1024,494,,,,False,POSSIBLE_NEAR_DUPLICATE,NO_TEST_CANDIDATE,False,REPOSITORY_LICENSE_VERIFIED; ORIGINAL_REPOSITORY_VERIFIED,THIRD_PARTY_IMAGE_RIGHTS_UNCLEAR; REVIEW_REQUIRED,True,REVIEW_LICENSE,"Repository MIT license verified, but README says Google-sourced images may be copyrighted"
Non-Venomous/Indian Rock Python/Indian_rock_python_from_Nehru_Zoological_park_Hyderabad_4428.JPG,Indian_rock_python_from_Nehru_Zoological_park_Hyderabad_4428.JPG,Non-Venomous,Indian Rock Python,7d1eb3d4021cddb19745edde86729988ab432f13b4536797cd8d37d22463be09,2592,1440,,,,False,POSSIBLE_NEAR_DUPLICATE,NO_TEST_CANDIDATE,False,REPOSITORY_LICENSE_VERIFIED; ORIGINAL_REPOSITORY_VERIFIED,THIRD_PARTY_IMAGE_RIGHTS_UNCLEAR; REVIEW_REQUIRED,True,REVIEW_LICENSE,"Repository MIT license verified, but README says Google-sourced images may be copyrighted"
Non-Venomous/Indian Rock Python/Indian_rock_python_from_Nehru_Zoological_park_Hyderabad_4430.JPG,Indian_rock_python_from_Nehru_Zoological_park_Hyderabad_4430.JPG,Non-Venomous,Indian Rock Python,0d3a32a78e0c75a348b5dfac5d7eff0dfd2f26ed0e5e74c72fba5ef1fd8a419b,2592,1440,,,,False,POSSIBLE_NEAR_DUPLICATE,NO_TEST_CANDIDATE,False,REPOSITORY_LICENSE_VERIFIED; ORIGINAL_REPOSITORY_VERIFIED,THIRD_PARTY_IMAGE_RIGHTS_UNCLEAR; REVIEW_REQUIRED,True,REVIEW_LICENSE,"Repository MIT license verified, but README says Google-sourced images may be copyrighted"
Non-Venomous/Indian Rock Python/Indian_rock_python_pratik_dahod.JPG,Indian_rock_python_pratik_dahod.JPG,Non-Venomous,Indian Rock Python,af736e383226af1904fe167443b916c83ea3d8fb6f42a96c42a053cc3689d9f0,2305,1534,,,,False,POSSIBLE_NEAR_DUPLICATE,NO_TEST_CANDIDATE,False,REPOSITORY_LICENSE_VERIFIED; ORIGINAL_REPOSITORY_VERIFIED,THIRD_PARTY_IMAGE_RIGHTS_UNCLEAR; REVIEW_REQUIRED,True,REVIEW_LICENSE,"Repository MIT license verified, but README says Google-sourced images may be copyrighted"
Non-Venomous/Indian Rock Python/indianrockpython.jpg,indianrockpython.jpg,Non-Venomous,Indian Rock Python,f80997dba22cdc0f0ca854191d7a2be4d69ce7a4d0856b863e315937e8f14153,621,463,,,,False,NO_STRICT_MATCH,NO_TEST_CANDIDATE,False,REPOSITORY_LICENSE_VERIFIED; ORIGINAL_REPOSITORY_VERIFIED,THIRD_PARTY_IMAGE_RIGHTS_UNCLEAR; REVIEW_REQUIRED,True,REVIEW_LICENSE,"Repository MIT license verified, but README says Google-sourced images may be copyrighted"
Non-Venomous/Indian Rock Python/Juvenile_Indian_Rock_Python_(_P_molurus)_in_a_pensive_moment.JPG,Juvenile_Indian_Rock_Python_(_P_molurus)_in_a_pensive_moment.JPG,Non-Venomous,Indian Rock Python,8c84841005f3f7be25129f47c2dcd7611790f299eb09080c64a3d610bf483da2,3648,2736,,,,False,POSSIBLE_NEAR_DUPLICATE,NO_TEST_CANDIDATE,False,REPOSITORY_LICENSE_VERIFIED; ORIGINAL_REPOSITORY_VERIFIED,THIRD_PARTY_IMAGE_RIGHTS_UNCLEAR; REVIEW_REQUIRED,True,REVIEW_LICENSE,"Repository MIT license verified, but README says Google-sourced images may be copyrighted"
Non-Venomous/Indian Rock Python/Juvenilke_Indian_Rock_Python_(_P_molurus)_in_my_palm.JPG,Juvenilke_Indian_Rock_Python_(_P_molurus)_in_my_palm.JPG,Non-Venomous,Indian Rock Python,6cbe00d4d24d9e13f7a86b4e2a47252bfc1c411ba3a29366a3d6af638f29c90f,3648,2736,,,,False,POSSIBLE_NEAR_DUPLICATE,NO_TEST_CANDIDATE,False,REPOSITORY_LICENSE_VERIFIED; ORIGINAL_REPOSITORY_VERIFIED,THIRD_PARTY_IMAGE_RIGHTS_UNCLEAR; REVIEW_REQUIRED,True,REVIEW_LICENSE,"Repository MIT license verified, but README says Google-sourced images may be copyrighted"
Non-Venomous/Indian Rock Python/maa-60451-reptiles-python-indian-rock-python-molurus-snake-on-tree-BFNR5E.jpg,maa-60451-reptiles-python-indian-rock-python-molurus-snake-on-tree-BFNR5E.jpg,Non-Venomous,Indian Rock Python,f83d82294da3069c350c47994fd35a24aa75773bb716d228bfbbeaa1550b738c,854,1390,,,,False,NO_STRICT_MATCH,NO_TEST_CANDIDATE,False,REPOSITORY_LICENSE_VERIFIED; ORIGINAL_REPOSITORY_VERIFIED,THIRD_PARTY_IMAGE_RIGHTS_UNCLEAR; REVIEW_REQUIRED,True,REVIEW_LICENSE,"Repository MIT license verified, but README says Google-sourced images may be copyrighted"
Non-Venomous/Indian Rock Python/maxresdefault.jpg,maxresdefault.jpg,Non-Venomous,Indian Rock Python,fe781a2a56893ff947272ac367fd744ea603643c17d992ce4c96a1ae9fd8b3a0,1280,720,,,,False,POSSIBLE_NEAR_DUPLICATE,NO_TEST_CANDIDATE,False,REPOSITORY_LICENSE_VERIFIED; ORIGINAL_REPOSITORY_VERIFIED,THIRD_PARTY_IMAGE_RIGHTS_UNCLEAR; REVIEW_REQUIRED,True,REVIEW_LICENSE,"Repository MIT license verified, but README says Google-sourced images may be copyrighted"
Non-Venomous/Indian Rock Python/maxresdefault_001.jpg,maxresdefault_001.jpg,Non-Venomous,Indian Rock Python,0ecd80ceeab3710f03c243dc76d42e716034bf9e4eaf6f0fdecd52e5f261bd4e,1280,720,,,,False,POSSIBLE_NEAR_DUPLICATE,NO_TEST_CANDIDATE,False,REPOSITORY_LICENSE_VERIFIED; ORIGINAL_REPOSITORY_VERIFIED,THIRD_PARTY_IMAGE_RIGHTS_UNCLEAR; REVIEW_REQUIRED,True,REVIEW_LICENSE,"Repository MIT license verified, but README says Google-sourced images may be copyrighted"
Non-Venomous/Indian Rock Python/maxresdefault_002.jpg,maxresdefault_002.jpg,Non-Venomous,Indian Rock Python,9d27e752528e455c203ce17d84eea705ec8908976d9cc9011ef8bea9a5c934e1,1920,1080,,,,False,POSSIBLE_NEAR_DUPLICATE,NO_TEST_CANDIDATE,False,REPOSITORY_LICENSE_VERIFIED; ORIGINAL_REPOSITORY_VERIFIED,THIRD_PARTY_IMAGE_RIGHTS_UNCLEAR; REVIEW_REQUIRED,True,REVIEW_LICENSE,"Repository MIT license verified, but README says Google-sourced images may be copyrighted"
Non-Venomous/Indian Rock Python/maxresdefault_003.jpg,maxresdefault_003.jpg,Non-Venomous,Indian Rock Python,c86a9566ab82f70da327290993f385e9ac0b91d497fe26b3ca653b3827a38cb5,1920,1080,,,,False,POSSIBLE_NEAR_DUPLICATE,NO_TEST_CANDIDATE,False,REPOSITORY_LICENSE_VERIFIED; ORIGINAL_REPOSITORY_VERIFIED,THIRD_PARTY_IMAGE_RIGHTS_UNCLEAR; REVIEW_REQUIRED,True,REVIEW_LICENSE,"Repository MIT license verified, but README says Google-sourced images may be copyrighted"
Non-Venomous/Indian Rock Python/maxresdefault_004.jpg,maxresdefault_004.jpg,Non-Venomous,Indian Rock Python,24d1cc3060a63f42ffa38b3d9e5f70df5c724bbb6ba9bc263e2cf14cb8729c06,2567,1005,,,,False,POSSIBLE_NEAR_DUPLICATE,NO_TEST_CANDIDATE,False,REPOSITORY_LICENSE_VERIFIED; ORIGINAL_REPOSITORY_VERIFIED,THIRD_PARTY_IMAGE_RIGHTS_UNCLEAR; REVIEW_REQUIRED,True,REVIEW_LICENSE,"Repository MIT license verified, but README says Google-sourced images may be copyrighted"
Non-Venomous/Indian Rock Python/maxresdefault_006.jpg,maxresdefault_006.jpg,Non-Venomous,Indian Rock Python,87b0f64c57d2a5a6d244ef72b72a4cdfad50b2497f18bd3218a47f9c382b5a02,1280,720,,,,False,POSSIBLE_NEAR_DUPLICATE,NO_TEST_CANDIDATE,False,REPOSITORY_LICENSE_VERIFIED; ORIGINAL_REPOSITORY_VERIFIED,THIRD_PARTY_IMAGE_RIGHTS_UNCLEAR; REVIEW_REQUIRED,True,REVIEW_LICENSE,"Repository MIT license verified, but README says Google-sourced images may be copyrighted"
Non-Venomous/Indian Rock Python/maxresdefault_007.jpg,maxresdefault_007.jpg,Non-Venomous,Indian Rock Python,880547795a9c1497c321aa0e7f75287c68c34c9f0cb3e0e5f15ff14e9d8eb102,1280,720,,,,False,LIKELY_NEAR_DUPLICATE,NO_TEST_CANDIDATE,False,REPOSITORY_LICENSE_VERIFIED; ORIGINAL_REPOSITORY_VERIFIED,THIRD_PARTY_IMAGE_RIGHTS_UNCLEAR; REVIEW_REQUIRED,True,REVIEW_LIKELY_NEAR_DUPLICATE,Likely near-duplicate requires human decision
Non-Venomous/Indian Rock Python/maxresdefault_008.jpg,maxresdefault_008.jpg,Non-Venomous,Indian Rock Python,41d0104fb0e122849de996e6ad9ef8d6be5b9442ab8a484deb9c5638790bd299,1280,720,,,,False,POSSIBLE_NEAR_DUPLICATE,NO_TEST_CANDIDATE,False,REPOSITORY_LICENSE_VERIFIED; ORIGINAL_REPOSITORY_VERIFIED,THIRD_PARTY_IMAGE_RIGHTS_UNCLEAR; REVIEW_REQUIRED,True,REVIEW_LICENSE,"Repository MIT license verified, but README says Google-sourced images may be copyrighted"
Non-Venomous/Indian Rock Python/maxresdefault_010.jpg,maxresdefault_010.jpg,Non-Venomous,Indian Rock Python,b00398a40e371840a9caa37f3f1b17eeba04aa95deb9b4eeff346ef7302bdfd2,1280,720,,,,False,LIKELY_NEAR_DUPLICATE,NO_TEST_CANDIDATE,False,REPOSITORY_LICENSE_VERIFIED; ORIGINAL_REPOSITORY_VERIFIED,THIRD_PARTY_IMAGE_RIGHTS_UNCLEAR; REVIEW_REQUIRED,True,REVIEW_LIKELY_NEAR_DUPLICATE,Likely near-duplicate requires human decision
Non-Venomous/Indian Rock Python/Python  molurus2.jpg,Python  molurus2.jpg,Non-Venomous,Indian Rock Python,a3910b0d35a87e36ed08ea5f8ea83ff8cd60e70f8523816d4c3fd8b5bd20a090,1400,846,,,,False,POSSIBLE_NEAR_DUPLICATE,NO_TEST_CANDIDATE,False,REPOSITORY_LICENSE_VERIFIED; ORIGINAL_REPOSITORY_VERIFIED,THIRD_PARTY_IMAGE_RIGHTS_UNCLEAR; REVIEW_REQUIRED,True,REVIEW_LICENSE,"Repository MIT license verified, but README says Google-sourced images may be copyrighted"
Non-Venomous/Indian Rock Python/Python  molurus3.jpg,Python  molurus3.jpg,Non-Venomous,Indian Rock Python,5bc088f850680b5ddc56bc20fd07b2f58ab02a1da50a8bdb7b869a327ad3edb6,1400,846,,,,False,POSSIBLE_NEAR_DUPLICATE,NO_TEST_CANDIDATE,False,REPOSITORY_LICENSE_VERIFIED; ORIGINAL_REPOSITORY_VERIFIED,THIRD_PARTY_IMAGE_RIGHTS_UNCLEAR; REVIEW_REQUIRED,True,REVIEW_LICENSE,"Repository MIT license verified, but README says Google-sourced images may be copyrighted"
Non-Venomous/Indian Rock Python/Python  molurus4.jpg,Python  molurus4.jpg,Non-Venomous,Indian Rock Python,de671418873105ce2a2e27ec734240fc141c3ed564bcc8b1845ab07b1719cba1,1400,846,,,,False,POSSIBLE_NEAR_DUPLICATE,NO_TEST_CANDIDATE,False,REPOSITORY_LICENSE_VERIFIED; ORIGINAL_REPOSITORY_VERIFIED,THIRD_PARTY_IMAGE_RIGHTS_UNCLEAR; REVIEW_REQUIRED,True,REVIEW_LICENSE,"Repository MIT license verified, but README says Google-sourced images may be copyrighted"
Non-Venomous/Indian Rock Python/python-generic_650x400_81472483726.jpg,python-generic_650x400_81472483726.jpg,Non-Venomous,Indian Rock Python,42ecaa621ed714368bf3a7c67448af7c7d6468e273b4a92ae85b608aac6c8db2,650,400,,,,False,LIKELY_NEAR_DUPLICATE,NO_TEST_CANDIDATE,False,REPOSITORY_LICENSE_VERIFIED; ORIGINAL_REPOSITORY_VERIFIED,THIRD_PARTY_IMAGE_RIGHTS_UNCLEAR; REVIEW_REQUIRED,True,REVIEW_LIKELY_NEAR_DUPLICATE,Likely near-duplicate requires human decision
Non-Venomous/Indian Rock Python/python1.jpg,python1.jpg,Non-Venomous,Indian Rock Python,a49b68053c8e350bea932ff4cbffe2d3f8e39c051fc7a9f09409e2aa4985056e,510,431,,,,False,NO_STRICT_MATCH,NO_TEST_CANDIDATE,False,REPOSITORY_LICENSE_VERIFIED; ORIGINAL_REPOSITORY_VERIFIED,THIRD_PARTY_IMAGE_RIGHTS_UNCLEAR; REVIEW_REQUIRED,True,REVIEW_LICENSE,"Repository MIT license verified, but README says Google-sourced images may be copyrighted"
Non-Venomous/Indian Rock Python/python_big_12.jpg,python_big_12.jpg,Non-Venomous,Indian Rock Python,e8d242dc60609a649f71ee23222e19816b5a9d91a4566fe1a42012bb8e7cbf94,666,338,,,,False,POSSIBLE_NEAR_DUPLICATE,NO_TEST_CANDIDATE,False,REPOSITORY_LICENSE_VERIFIED; ORIGINAL_REPOSITORY_VERIFIED,THIRD_PARTY_IMAGE_RIGHTS_UNCLEAR; REVIEW_REQUIRED,True,REVIEW_LICENSE,"Repository MIT license verified, but README says Google-sourced images may be copyrighted"
Non-Venomous/Indian Rock Python/stock-photo-indian-rock-python-python-molurus-isolated-on-white-background-33295459.jpg,stock-photo-indian-rock-python-python-molurus-isolated-on-white-background-33295459.jpg,Non-Venomous,Indian Rock Python,cda9d5b99ec075e9d41a747f0cd7fe5df8f181aea3ed5185301c2b71bef3f9fd,1500,1101,,,,False,NO_STRICT_MATCH,NO_TEST_CANDIDATE,False,REPOSITORY_LICENSE_VERIFIED; ORIGINAL_REPOSITORY_VERIFIED,THIRD_PARTY_IMAGE_RIGHTS_UNCLEAR; REVIEW_REQUIRED,True,REVIEW_LICENSE,"Repository MIT license verified, but README says Google-sourced images may be copyrighted"
Non-Venomous/Indian Rock Python/udaipurtimes-6_1437804595.jpg,udaipurtimes-6_1437804595.jpg,Non-Venomous,Indian Rock Python,6abc48d7c680ca7e4ce5764450c11f178b151733f165d0b7f75414357d39ff0b,600,325,,,,False,LIKELY_NEAR_DUPLICATE,NO_TEST_CANDIDATE,False,REPOSITORY_LICENSE_VERIFIED; ORIGINAL_REPOSITORY_VERIFIED,THIRD_PARTY_IMAGE_RIGHTS_UNCLEAR; REVIEW_REQUIRED,True,REVIEW_LIKELY_NEAR_DUPLICATE,Likely near-duplicate requires human decision
Venomous/Common Krait/01DSC_6599.JPG,01DSC_6599.JPG,Venomous,Common Krait,9bcc5c4c10696417d24898d7a19fee368fb9faa1982c9efeef783bb9ca09382f,1600,915,,,,False,POSSIBLE_NEAR_DUPLICATE,POSSIBLE_LEAKAGE_RISK,False,REPOSITORY_LICENSE_VERIFIED; ORIGINAL_REPOSITORY_VERIFIED,THIRD_PARTY_IMAGE_RIGHTS_UNCLEAR; REVIEW_REQUIRED,True,REVIEW_LICENSE,"Repository MIT license verified, but README says Google-sourced images may be copyrighted"
Venomous/Common Krait/12382341385_f5af5fc558_b.jpg,12382341385_f5af5fc558_b.jpg,Venomous,Common Krait,d00ba8c62a72b6f54910368a73d4cce14f17c36fdbe5217b71d1003599af114c,1024,372,,,,False,POSSIBLE_NEAR_DUPLICATE,NO_TEST_CANDIDATE,False,REPOSITORY_LICENSE_VERIFIED; ORIGINAL_REPOSITORY_VERIFIED,THIRD_PARTY_IMAGE_RIGHTS_UNCLEAR; REVIEW_REQUIRED,True,REVIEW_LICENSE,"Repository MIT license verified, but README says Google-sourced images may be copyrighted"
Venomous/Common Krait/12387351175_937273a2dd_b.jpg,12387351175_937273a2dd_b.jpg,Venomous,Common Krait,e4264546825b0a1c53e3dc53af45578353decadbd5b2266c26adcc9327c242e3,1024,993,,,,False,NO_STRICT_MATCH,NO_TEST_CANDIDATE,False,REPOSITORY_LICENSE_VERIFIED; ORIGINAL_REPOSITORY_VERIFIED,THIRD_PARTY_IMAGE_RIGHTS_UNCLEAR; REVIEW_REQUIRED,True,REVIEW_LICENSE,"Repository MIT license verified, but README says Google-sourced images may be copyrighted"
Venomous/Common Krait/12474945055_9b6d772f9d_b.jpg,12474945055_9b6d772f9d_b.jpg,Venomous,Common Krait,e3e9bdac54519448c2bbc710ed5fe16084bb9f8d4a5bf7c1596bf4fd40327ba3,1024,498,,,,False,LIKELY_NEAR_DUPLICATE,NO_TEST_CANDIDATE,False,REPOSITORY_LICENSE_VERIFIED; ORIGINAL_REPOSITORY_VERIFIED,THIRD_PARTY_IMAGE_RIGHTS_UNCLEAR; REVIEW_REQUIRED,True,REVIEW_LIKELY_NEAR_DUPLICATE,Likely near-duplicate requires human decision
Venomous/Common Krait/12475101553_432da47bde_b.jpg,12475101553_432da47bde_b.jpg,Venomous,Common Krait,5a8d5c23aa0a0a6b566ba73544cb53cc5d971053d436f934d5bf870a8e437d05,1024,662,,,,False,NO_STRICT_MATCH,NO_TEST_CANDIDATE,False,REPOSITORY_LICENSE_VERIFIED; ORIGINAL_REPOSITORY_VERIFIED,THIRD_PARTY_IMAGE_RIGHTS_UNCLEAR; REVIEW_REQUIRED,True,REVIEW_LICENSE,"Repository MIT license verified, but README says Google-sourced images may be copyrighted"
Venomous/Common Krait/1438850347IMG_1543.jpg,1438850347IMG_1543.jpg,Venomous,Common Krait,3237d80eb5948b14e8f6217aa71360000a01d5d93875ef05a030e52e2fc29c19,600,337,,,,False,POSSIBLE_NEAR_DUPLICATE,NO_TEST_CANDIDATE,False,REPOSITORY_LICENSE_VERIFIED; ORIGINAL_REPOSITORY_VERIFIED,THIRD_PARTY_IMAGE_RIGHTS_UNCLEAR; REVIEW_REQUIRED,True,REVIEW_LICENSE,"Repository MIT license verified, but README says Google-sourced images may be copyrighted"
Venomous/Common Krait/14726606771_f1dda9c3b9_b.jpg,14726606771_f1dda9c3b9_b.jpg,Venomous,Common Krait,51d3c464346a4b407d092ec7b7bf8b227fdbeade94354cd7dba69ce12ad4cb83,1024,671,,,,False,NO_STRICT_MATCH,NO_TEST_CANDIDATE,False,REPOSITORY_LICENSE_VERIFIED; ORIGINAL_REPOSITORY_VERIFIED,THIRD_PARTY_IMAGE_RIGHTS_UNCLEAR; REVIEW_REQUIRED,True,REVIEW_LICENSE,"Repository MIT license verified, but README says Google-sourced images may be copyrighted"
Venomous/Common Krait/2056.jpeg,2056.jpeg,Venomous,Common Krait,af1a94236c45fa49d44b0edc4d4ab84c86281e9c66b992392e18b16dbe0fb458,750,500,,,,False,NO_STRICT_MATCH,NO_TEST_CANDIDATE,False,REPOSITORY_LICENSE_VERIFIED; ORIGINAL_REPOSITORY_VERIFIED,THIRD_PARTY_IMAGE_RIGHTS_UNCLEAR; REVIEW_REQUIRED,True,REVIEW_LICENSE,"Repository MIT license verified, but README says Google-sourced images may be copyrighted"
Venomous/Common Krait/2816621425_c2ac28297a_b.jpg,2816621425_c2ac28297a_b.jpg,Venomous,Common Krait,6c3051961c216510e52368ff4c3fdd49cf5a2ccb1f32b3e62dac136c801b108a,685,1024,,,,False,LIKELY_NEAR_DUPLICATE,NO_TEST_CANDIDATE,False,REPOSITORY_LICENSE_VERIFIED; ORIGINAL_REPOSITORY_VERIFIED,THIRD_PARTY_IMAGE_RIGHTS_UNCLEAR; REVIEW_REQUIRED,True,REVIEW_LIKELY_NEAR_DUPLICATE,Likely near-duplicate requires human decision
Venomous/Common Krait/5556319714_5d0d0b919c.jpg,5556319714_5d0d0b919c.jpg,Venomous,Common Krait,78a7e1ed9056f6816dbc562b08e9621226082b3ca973dba994a0713c69639f9b,500,212,,,,False,POSSIBLE_NEAR_DUPLICATE,NO_TEST_CANDIDATE,False,REPOSITORY_LICENSE_VERIFIED; ORIGINAL_REPOSITORY_VERIFIED,THIRD_PARTY_IMAGE_RIGHTS_UNCLEAR; REVIEW_REQUIRED,True,REVIEW_LICENSE,"Repository MIT license verified, but README says Google-sourced images may be copyrighted"
Venomous/Common Krait/6674918465_fe1d46c3ab_b.jpg,6674918465_fe1d46c3ab_b.jpg,Venomous,Common Krait,e2336bcdccb8e7f299af7559180c62dfaa7b57b923b53c90f365505bc48d3bb4,1024,576,,,,False,POSSIBLE_NEAR_DUPLICATE,NO_TEST_CANDIDATE,False,REPOSITORY_LICENSE_VERIFIED; ORIGINAL_REPOSITORY_VERIFIED,THIRD_PARTY_IMAGE_RIGHTS_UNCLEAR; REVIEW_REQUIRED,True,REVIEW_LICENSE,"Repository MIT license verified, but README says Google-sourced images may be copyrighted"
Venomous/Common Krait/6O4A4560.jpg,6O4A4560.jpg,Venomous,Common Krait,ba53991cc74212f6d0310605c6d787cbd5c758fd5a3d79c7b5c32deb4f3a91c9,4055,2703,,,,False,NO_STRICT_MATCH,NO_TEST_CANDIDATE,False,REPOSITORY_LICENSE_VERIFIED; ORIGINAL_REPOSITORY_VERIFIED,THIRD_PARTY_IMAGE_RIGHTS_UNCLEAR; REVIEW_REQUIRED,True,REVIEW_LICENSE,"Repository MIT license verified, but README says Google-sourced images may be copyrighted"
Venomous/Common Krait/81cb1316d8bd6b5ec1dbf0e4d68cf367.jpg,81cb1316d8bd6b5ec1dbf0e4d68cf367.jpg,Venomous,Common Krait,a3ad6145b68986c9ea3de19b5b988a4733c7a7efb370de8e4a5e687669099e37,599,279,,,,False,POSSIBLE_NEAR_DUPLICATE,NO_TEST_CANDIDATE,False,REPOSITORY_LICENSE_VERIFIED; ORIGINAL_REPOSITORY_VERIFIED,THIRD_PARTY_IMAGE_RIGHTS_UNCLEAR; REVIEW_REQUIRED,True,REVIEW_LICENSE,"Repository MIT license verified, but README says Google-sourced images may be copyrighted"
Venomous/Common Krait/_a0addf20-4e76-11e6-8d8d-a42edc5c5383.jpg,_a0addf20-4e76-11e6-8d8d-a42edc5c5383.jpg,Venomous,Common Krait,ea85305552e53d062fc5147638de719be4892deeb514f2291852b2b7074b55f3,640,468,,,,False,NO_STRICT_MATCH,NO_TEST_CANDIDATE,False,REPOSITORY_LICENSE_VERIFIED; ORIGINAL_REPOSITORY_VERIFIED,THIRD_PARTY_IMAGE_RIGHTS_UNCLEAR; REVIEW_REQUIRED,True,REVIEW_LICENSE,"Repository MIT license verified, but README says Google-sourced images may be copyrighted"
Venomous/Common Krait/_DSC0082.jpg,_DSC0082.jpg,Venomous,Common Krait,311ad5abf59ed0702f9faa8063e299a205e65a2fd4a34b4cbdf58cc4774372ec,1600,948,,,,False,NO_STRICT_MATCH,NO_TEST_CANDIDATE,False,REPOSITORY_LICENSE_VERIFIED; ORIGINAL_REPOSITORY_VERIFIED,THIRD_PARTY_IMAGE_RIGHTS_UNCLEAR; REVIEW_REQUIRED,True,REVIEW_LICENSE,"Repository MIT license verified, but README says Google-sourced images may be copyrighted"
Venomous/Common Krait/afc3fbd1c45e1f79f26e6271444de28e.jpg,afc3fbd1c45e1f79f26e6271444de28e.jpg,Venomous,Common Krait,298cc3340e2cefb26c0e6cc42327f7f1d010fb4b35cc3b0c991ab2ff39195dd6,220,147,,,,False,LIKELY_NEAR_DUPLICATE,NO_TEST_CANDIDATE,False,REPOSITORY_LICENSE_VERIFIED; ORIGINAL_REPOSITORY_VERIFIED,THIRD_PARTY_IMAGE_RIGHTS_UNCLEAR; REVIEW_REQUIRED,True,REVIEW_LIKELY_NEAR_DUPLICATE,Likely near-duplicate requires human decision
Venomous/Common Krait/B_caeruleus_01-800x455.jpg,B_caeruleus_01-800x455.jpg,Venomous,Common Krait,141451ae1ba5e561ebe19e88a886784452c8b08c8f17cb94faff3a03315e25d2,800,455,,,,False,POSSIBLE_NEAR_DUPLICATE,NO_TEST_CANDIDATE,False,REPOSITORY_LICENSE_VERIFIED; ORIGINAL_REPOSITORY_VERIFIED,THIRD_PARTY_IMAGE_RIGHTS_UNCLEAR; REVIEW_REQUIRED,True,REVIEW_LICENSE,"Repository MIT license verified, but README says Google-sourced images may be copyrighted"
Venomous/Common Krait/baby-krait.jpg,baby-krait.jpg,Venomous,Common Krait,af262e57ff702bb6f44619cb89ba0236cfd835ff7af058edaa988826b2e32c22,1024,768,,,,False,NO_STRICT_MATCH,NO_TEST_CANDIDATE,False,REPOSITORY_LICENSE_VERIFIED; ORIGINAL_REPOSITORY_VERIFIED,THIRD_PARTY_IMAGE_RIGHTS_UNCLEAR; REVIEW_REQUIRED,True,REVIEW_LICENSE,"Repository MIT license verified, but README says Google-sourced images may be copyrighted"
Venomous/Common Krait/body.gif,body.gif,Venomous,Common Krait,742fcbdc8bdabf0320cb67629c60d5445f9a8f33039bf5fd1d043753b3552e15,400,200,,,,False,NO_STRICT_MATCH,NO_TEST_CANDIDATE,False,REPOSITORY_LICENSE_VERIFIED; ORIGINAL_REPOSITORY_VERIFIED,THIRD_PARTY_IMAGE_RIGHTS_UNCLEAR; REVIEW_REQUIRED,True,REVIEW_LICENSE,"Repository MIT license verified, but README says Google-sourced images may be copyrighted"
Venomous/Common Krait/CJSSKalach1.jpg,CJSSKalach1.jpg,Venomous,Common Krait,9a0e8b5d286d892e49ce83fe96e960fc6639a84d69d5f2d8eb9b7ceb540a8fba,500,286,,,,False,LIKELY_NEAR_DUPLICATE,NO_TEST_CANDIDATE,False,REPOSITORY_LICENSE_VERIFIED; ORIGINAL_REPOSITORY_VERIFIED,THIRD_PARTY_IMAGE_RIGHTS_UNCLEAR; REVIEW_REQUIRED,True,REVIEW_LIKELY_NEAR_DUPLICATE,Likely near-duplicate requires human decision
Venomous/Common Krait/common krait 2.png,common krait 2.png,Venomous,Common Krait,50d185a093befcf7fc296df638d0eaa212368955c70074e778c6c11d55c03c6e,320,273,,,,False,NO_STRICT_MATCH,NO_TEST_CANDIDATE,False,REPOSITORY_LICENSE_VERIFIED; ORIGINAL_REPOSITORY_VERIFIED,THIRD_PARTY_IMAGE_RIGHTS_UNCLEAR; REVIEW_REQUIRED,True,REVIEW_LICENSE,"Repository MIT license verified, but README says Google-sourced images may be copyrighted"
Venomous/Common Krait/Common krait_001.jpg,Common krait_001.jpg,Venomous,Common Krait,0baf6e961d8c711302fc5be8c6533c244da6b4ba83b85bf83092bb53b7e8442c,1152,679,,,,False,LIKELY_NEAR_DUPLICATE,NO_TEST_CANDIDATE,False,REPOSITORY_LICENSE_VERIFIED; ORIGINAL_REPOSITORY_VERIFIED,THIRD_PARTY_IMAGE_RIGHTS_UNCLEAR; REVIEW_REQUIRED,True,REVIEW_LIKELY_NEAR_DUPLICATE,Likely near-duplicate requires human decision
Venomous/Common Krait/common-krait-1.jpg,common-krait-1.jpg,Venomous,Common Krait,82de3a67a4518d113d9b5c478c9af81a5195d9b02ba77f6ce1d21fa2b244a64c,600,275,,,,False,POSSIBLE_NEAR_DUPLICATE,NO_TEST_CANDIDATE,False,REPOSITORY_LICENSE_VERIFIED; ORIGINAL_REPOSITORY_VERIFIED,THIRD_PARTY_IMAGE_RIGHTS_UNCLEAR; REVIEW_REQUIRED,True,REVIEW_LICENSE,"Repository MIT license verified, but README says Google-sourced images may be copyrighted"
Venomous/Common Krait/common-krait-final.jpg,common-krait-final.jpg,Venomous,Common Krait,dc7f40280b41e271db358d787c3a98fef1ab8af4134209145fc3b92d908f503e,3888,2592,,,,False,NO_STRICT_MATCH,NO_TEST_CANDIDATE,False,REPOSITORY_LICENSE_VERIFIED; ORIGINAL_REPOSITORY_VERIFIED,THIRD_PARTY_IMAGE_RIGHTS_UNCLEAR; REVIEW_REQUIRED,True,REVIEW_LICENSE,"Repository MIT license verified, but README says Google-sourced images may be copyrighted"
Venomous/Common Krait/common-krait-in-latrine-pan.jpg,common-krait-in-latrine-pan.jpg,Venomous,Common Krait,15bfcbf023c65b18dfbe40b65c4462dfaef30df5c0a6b1f70c9a967044ca166d,800,600,,,,False,NO_STRICT_MATCH,NO_TEST_CANDIDATE,False,REPOSITORY_LICENSE_VERIFIED; ORIGINAL_REPOSITORY_VERIFIED,THIRD_PARTY_IMAGE_RIGHTS_UNCLEAR; REVIEW_REQUIRED,True,REVIEW_LICENSE,"Repository MIT license verified, but README says Google-sourced images may be copyrighted"
Venomous/Common Krait/common-krait-snake.png,common-krait-snake.png,Venomous,Common Krait,55e0f19f456213895a90591f0462dceae78c8e4d14b4ec9f9d14c9015330d366,1024,480,,,,False,POSSIBLE_NEAR_DUPLICATE,NO_TEST_CANDIDATE,False,REPOSITORY_LICENSE_VERIFIED; ORIGINAL_REPOSITORY_VERIFIED,THIRD_PARTY_IMAGE_RIGHTS_UNCLEAR; REVIEW_REQUIRED,True,REVIEW_LICENSE,"Repository MIT license verified, but README says Google-sourced images may be copyrighted"
Venomous/Common Krait/common-krait-snake_1500128186.jpeg,common-krait-snake_1500128186.jpeg,Venomous,Common Krait,54f7da18c8047c7be95b4c298958b6e28fb5ec7f627302b337cac908721a5ed7,337,156,,,,False,FALSE_POSITIVE_PERCEPTUAL_MATCH,NO_TEST_CANDIDATE,False,REPOSITORY_LICENSE_VERIFIED; ORIGINAL_REPOSITORY_VERIFIED,THIRD_PARTY_IMAGE_RIGHTS_UNCLEAR; REVIEW_REQUIRED,True,REVIEW_LICENSE,"Repository MIT license verified, but README says Google-sourced images may be copyrighted"
Venomous/Common Krait/common-krait.jpg,common-krait.jpg,Venomous,Common Krait,b8ed542956ae8f32741645464725cc1f9d1df62ed173c140f807387539d34178,415,218,,,,False,POSSIBLE_NEAR_DUPLICATE,NO_TEST_CANDIDATE,False,REPOSITORY_LICENSE_VERIFIED; ORIGINAL_REPOSITORY_VERIFIED,THIRD_PARTY_IMAGE_RIGHTS_UNCLEAR; REVIEW_REQUIRED,True,REVIEW_LICENSE,"Repository MIT license verified, but README says Google-sourced images may be copyrighted"
Venomous/Common Krait/common-krait_007.jpg,common-krait_007.jpg,Venomous,Common Krait,1487e5be1b3508f223bba5363e774850b8655b2419cc0a073fb55f0b9d7fef98,1000,496,,,,False,NO_STRICT_MATCH,NO_TEST_CANDIDATE,False,REPOSITORY_LICENSE_VERIFIED; ORIGINAL_REPOSITORY_VERIFIED,THIRD_PARTY_IMAGE_RIGHTS_UNCLEAR; REVIEW_REQUIRED,True,REVIEW_LICENSE,"Repository MIT license verified, but README says Google-sourced images may be copyrighted"
Venomous/Common Krait/common-krait_008.jpg,common-krait_008.jpg,Venomous,Common Krait,cf9a85e28d82cb5f72658e8550cb57d697e04d698478c70944abf37b68e4ab17,252,202,,,,False,NO_STRICT_MATCH,NO_TEST_CANDIDATE,False,REPOSITORY_LICENSE_VERIFIED; ORIGINAL_REPOSITORY_VERIFIED,THIRD_PARTY_IMAGE_RIGHTS_UNCLEAR; REVIEW_REQUIRED,True,REVIEW_LICENSE,"Repository MIT license verified, but README says Google-sourced images may be copyrighted"
Venomous/Common Krait/COMMON-KRAIT_011.jpg,COMMON-KRAIT_011.jpg,Venomous,Common Krait,7278e8f802888e317089b2bf0e1316cded458085a62c604aa0e28e6281cc6199,710,349,,,,False,LIKELY_NEAR_DUPLICATE,NO_TEST_CANDIDATE,False,REPOSITORY_LICENSE_VERIFIED; ORIGINAL_REPOSITORY_VERIFIED,THIRD_PARTY_IMAGE_RIGHTS_UNCLEAR; REVIEW_REQUIRED,True,REVIEW_LIKELY_NEAR_DUPLICATE,Likely near-duplicate requires human decision
Venomous/Common Krait/Common_Krait(Bungarus_Caeruleus)_in_Parassinikadavu_Snake_Park.jpg,Common_Krait(Bungarus_Caeruleus)_in_Parassinikadavu_Snake_Park.jpg,Venomous,Common Krait,7e99475ac29c336a6e81845a9125c498329038efce14323b29df65a8aae49f44,4000,3000,,,,False,POSSIBLE_NEAR_DUPLICATE,NO_TEST_CANDIDATE,False,REPOSITORY_LICENSE_VERIFIED; ORIGINAL_REPOSITORY_VERIFIED,THIRD_PARTY_IMAGE_RIGHTS_UNCLEAR; REVIEW_REQUIRED,True,REVIEW_LICENSE,"Repository MIT license verified, but README says Google-sourced images may be copyrighted"
Venomous/Common Krait/common_krait-bungarus_caeruleus.jpg,common_krait-bungarus_caeruleus.jpg,Venomous,Common Krait,d7181cc4141ad22f72ab312e37fcbf73a0c8395cb376cea61811a3a6e32ab064,970,250,,,,False,POSSIBLE_NEAR_DUPLICATE,NO_TEST_CANDIDATE,False,REPOSITORY_LICENSE_VERIFIED; ORIGINAL_REPOSITORY_VERIFIED,THIRD_PARTY_IMAGE_RIGHTS_UNCLEAR; REVIEW_REQUIRED,True,REVIEW_LICENSE,"Repository MIT license verified, but README says Google-sourced images may be copyrighted"
Venomous/Common Krait/Commonkrait.jpg,Commonkrait.jpg,Venomous,Common Krait,2c0e0dabe002ebfc010388395071a0f11261b0879cb7b4a37fee8d0751857f8c,320,184,,,,False,POSSIBLE_NEAR_DUPLICATE,NO_TEST_CANDIDATE,False,REPOSITORY_LICENSE_VERIFIED; ORIGINAL_REPOSITORY_VERIFIED,THIRD_PARTY_IMAGE_RIGHTS_UNCLEAR; REVIEW_REQUIRED,True,REVIEW_LICENSE,"Repository MIT license verified, but README says Google-sourced images may be copyrighted"
Venomous/Common Krait/DSC_0019_0.jpg,DSC_0019_0.jpg,Venomous,Common Krait,2bb3996c89c9641d715c1c7383bb1559caef8356163c5ecfba635759b1381a98,3008,2000,,,,False,POSSIBLE_NEAR_DUPLICATE,NO_TEST_CANDIDATE,False,REPOSITORY_LICENSE_VERIFIED; ORIGINAL_REPOSITORY_VERIFIED,THIRD_PARTY_IMAGE_RIGHTS_UNCLEAR; REVIEW_REQUIRED,True,REVIEW_LICENSE,"Repository MIT license verified, but README says Google-sourced images may be copyrighted"
Venomous/Common Krait/hqdefault_010.jpg,hqdefault_010.jpg,Venomous,Common Krait,ee14e582158cffbc6c760156373575e7f30c3f16fee9f5de4422b6607164eb72,480,360,,,,False,NO_STRICT_MATCH,NO_TEST_CANDIDATE,False,REPOSITORY_LICENSE_VERIFIED; ORIGINAL_REPOSITORY_VERIFIED,THIRD_PARTY_IMAGE_RIGHTS_UNCLEAR; REVIEW_REQUIRED,True,REVIEW_LICENSE,"Repository MIT license verified, but README says Google-sourced images may be copyrighted"
Venomous/Common Krait/IMG_0010 (1).JPG,IMG_0010 (1).JPG,Venomous,Common Krait,93854205ac551b1b14b6ec12e16d55cc72eaffe99b90b6cbd3f59edcd58c6f59,1199,1600,,,,False,NO_STRICT_MATCH,NO_TEST_CANDIDATE,False,REPOSITORY_LICENSE_VERIFIED; ORIGINAL_REPOSITORY_VERIFIED,THIRD_PARTY_IMAGE_RIGHTS_UNCLEAR; REVIEW_REQUIRED,True,REVIEW_LICENSE,"Repository MIT license verified, but README says Google-sourced images may be copyrighted"
Venomous/Common Krait/Krait-6.jpg,Krait-6.jpg,Venomous,Common Krait,4e47e10ffc6aca032182955c0642ae22140b10c5daf5347b5867fab2d273f26c,1024,469,,,,False,POSSIBLE_NEAR_DUPLICATE,NO_TEST_CANDIDATE,False,REPOSITORY_LICENSE_VERIFIED; ORIGINAL_REPOSITORY_VERIFIED,THIRD_PARTY_IMAGE_RIGHTS_UNCLEAR; REVIEW_REQUIRED,True,REVIEW_LICENSE,"Repository MIT license verified, but README says Google-sourced images may be copyrighted"
Venomous/Common Krait/krait.jpg,krait.jpg,Venomous,Common Krait,5a5e16dd9a0a73b7c045e4d2b114b71bfe5bd4e69b426ed0108caed1f8e17728,621,466,,,,False,NO_STRICT_MATCH,NO_TEST_CANDIDATE,False,REPOSITORY_LICENSE_VERIFIED; ORIGINAL_REPOSITORY_VERIFIED,THIRD_PARTY_IMAGE_RIGHTS_UNCLEAR; REVIEW_REQUIRED,True,REVIEW_LICENSE,"Repository MIT license verified, but README says Google-sourced images may be copyrighted"
Venomous/Common Krait/KRAIT2_H.JPG,KRAIT2_H.JPG,Venomous,Common Krait,8574cfea53a3fe290e72ea1c01eef7314d3af8a2dde4ffabc03bea3e26f80db5,1278,664,,NEAR0003,SOURCE_GROUP_0002,False,POSSIBLE_NEAR_DUPLICATE,NO_TEST_CANDIDATE,False,REPOSITORY_LICENSE_VERIFIED; ORIGINAL_REPOSITORY_VERIFIED,THIRD_PARTY_IMAGE_RIGHTS_UNCLEAR; REVIEW_REQUIRED,True,REVIEW_LICENSE,"Repository MIT license verified, but README says Google-sourced images may be copyrighted"
Venomous/Common Krait/KRAIT_HA.JPG,KRAIT_HA.JPG,Venomous,Common Krait,ad5401262bf9482302234b559960e3c86ff4655f8b5cd5b68db3a93edcc52f63,1280,721,,,,False,POSSIBLE_NEAR_DUPLICATE,NO_TEST_CANDIDATE,False,REPOSITORY_LICENSE_VERIFIED; ORIGINAL_REPOSITORY_VERIFIED,THIRD_PARTY_IMAGE_RIGHTS_UNCLEAR; REVIEW_REQUIRED,True,REVIEW_LICENSE,"Repository MIT license verified, but README says Google-sourced images may be copyrighted"
Venomous/Common Krait/maxresdefault.jpg,maxresdefault.jpg,Venomous,Common Krait,87a56e24607540630b122e9dd54ca8117e5b67fef6df5749a1acdf80a96c2dde,1280,720,,,,False,POSSIBLE_NEAR_DUPLICATE,NO_TEST_CANDIDATE,False,REPOSITORY_LICENSE_VERIFIED; ORIGINAL_REPOSITORY_VERIFIED,THIRD_PARTY_IMAGE_RIGHTS_UNCLEAR; REVIEW_REQUIRED,True,REVIEW_LICENSE,"Repository MIT license verified, but README says Google-sourced images may be copyrighted"
Venomous/Common Krait/maxresdefault_002.jpg,maxresdefault_002.jpg,Venomous,Common Krait,006cf96054a9eec012657a564094baa96f4cb281c433bda84a2bfe7df1041422,1280,720,,,,False,POSSIBLE_NEAR_DUPLICATE,NO_TEST_CANDIDATE,False,REPOSITORY_LICENSE_VERIFIED; ORIGINAL_REPOSITORY_VERIFIED,THIRD_PARTY_IMAGE_RIGHTS_UNCLEAR; REVIEW_REQUIRED,True,REVIEW_LICENSE,"Repository MIT license verified, but README says Google-sourced images may be copyrighted"
Venomous/Common Krait/maxresdefault_003.jpg,maxresdefault_003.jpg,Venomous,Common Krait,72ecc236cc83e7664bbaf73cc859653166f3535dbefa027359591459c4ba7174,1280,720,,,,False,POSSIBLE_NEAR_DUPLICATE,NO_TEST_CANDIDATE,False,REPOSITORY_LICENSE_VERIFIED; ORIGINAL_REPOSITORY_VERIFIED,THIRD_PARTY_IMAGE_RIGHTS_UNCLEAR; REVIEW_REQUIRED,True,REVIEW_LICENSE,"Repository MIT license verified, but README says Google-sourced images may be copyrighted"
Venomous/Common Krait/srep238-g002.gif,srep238-g002.gif,Venomous,Common Krait,98b3b7b249285308f55edbdf4e12acb835cc26a82e74fea4671dadd1829c8fba,500,391,,,,False,NO_STRICT_MATCH,NO_TEST_CANDIDATE,False,REPOSITORY_LICENSE_VERIFIED; ORIGINAL_REPOSITORY_VERIFIED,THIRD_PARTY_IMAGE_RIGHTS_UNCLEAR; REVIEW_REQUIRED,True,REVIEW_LICENSE,"Repository MIT license verified, but README says Google-sourced images may be copyrighted"
Venomous/Common Krait/wallssindkrait.jpg,wallssindkrait.jpg,Venomous,Common Krait,096b4345b934f1ce20fed5db052b242b9bcf58d1ffeb0ef15dcf8a0ff19288ab,621,466,,,,False,NO_STRICT_MATCH,NO_TEST_CANDIDATE,False,REPOSITORY_LICENSE_VERIFIED; ORIGINAL_REPOSITORY_VERIFIED,THIRD_PARTY_IMAGE_RIGHTS_UNCLEAR; REVIEW_REQUIRED,True,REVIEW_LICENSE,"Repository MIT license verified, but README says Google-sourced images may be copyrighted"
Venomous/Common Krait/wolfsnake.jpg,wolfsnake.jpg,Venomous,Common Krait,8d647f5db4617ab4ec671c1c7763b5366337790d4dfc65ad366810a98f5b98c1,715,517,,,,False,NO_STRICT_MATCH,NO_TEST_CANDIDATE,False,REPOSITORY_LICENSE_VERIFIED; ORIGINAL_REPOSITORY_VERIFIED,THIRD_PARTY_IMAGE_RIGHTS_UNCLEAR; REVIEW_REQUIRED,True,REVIEW_LICENSE,"Repository MIT license verified, but README says Google-sourced images may be copyrighted"
Venomous/King Cobra/120418-Rom-Whitaker-with-adult-male-king-cobra-rescued-from-a-house-in-Agumbe.jpg,120418-Rom-Whitaker-with-adult-male-king-cobra-rescued-from-a-house-in-Agumbe.jpg,Venomous,King Cobra,f9f6aaf51fdbc53adbb912074c986ebb0efc7f258c7274193fa80c09cc6a15f3,800,800,,,,False,NO_STRICT_MATCH,NO_TEST_CANDIDATE,False,REPOSITORY_LICENSE_VERIFIED; ORIGINAL_REPOSITORY_VERIFIED,THIRD_PARTY_IMAGE_RIGHTS_UNCLEAR; REVIEW_REQUIRED,True,REVIEW_LICENSE,"Repository MIT license verified, but README says Google-sourced images may be copyrighted"
Venomous/King Cobra/170px-Elapidae_-_Ophiophagus_hannah.JPG,170px-Elapidae_-_Ophiophagus_hannah.JPG,Venomous,King Cobra,82974c2d42df031986915a08516e286c51c91cb24a881052a0bd4d908a73ac90,170,256,,,,False,LIKELY_NEAR_DUPLICATE,NO_TEST_CANDIDATE,False,REPOSITORY_LICENSE_VERIFIED; ORIGINAL_REPOSITORY_VERIFIED,THIRD_PARTY_IMAGE_RIGHTS_UNCLEAR; REVIEW_REQUIRED,True,REVIEW_LIKELY_NEAR_DUPLICATE,Likely near-duplicate requires human decision
Venomous/King Cobra/200352091-001.jpg,200352091-001.jpg,Venomous,King Cobra,d05c515bdf3492222254f33859b2a83ea82459cabf436baaabde8291a03317ff,877,500,,,,False,POSSIBLE_NEAR_DUPLICATE,NO_TEST_CANDIDATE,False,REPOSITORY_LICENSE_VERIFIED; ORIGINAL_REPOSITORY_VERIFIED,THIRD_PARTY_IMAGE_RIGHTS_UNCLEAR; REVIEW_REQUIRED,True,REVIEW_LICENSE,"Repository MIT license verified, but README says Google-sourced images may be copyrighted"
Venomous/King Cobra/23360067593_23360067593_NLKS8443_Searching_for_King_Cobra.jpg,23360067593_23360067593_NLKS8443_Searching_for_King_Cobra.jpg,Venomous,King Cobra,3a92d75d1f99b28ac33e3c6d0953819be5ee0a9f3f3234dc72966e6886ed566c,1920,1080,,,,False,POSSIBLE_NEAR_DUPLICATE,NO_TEST_CANDIDATE,False,REPOSITORY_LICENSE_VERIFIED; ORIGINAL_REPOSITORY_VERIFIED,THIRD_PARTY_IMAGE_RIGHTS_UNCLEAR; REVIEW_REQUIRED,True,REVIEW_LICENSE,"Repository MIT license verified, but README says Google-sourced images may be copyrighted"
Venomous/King Cobra/31AFC94800000578-3469122-Footage_shows_the_incredible_moment_a_plucky_12_year_old_boy_tou-a-1_1456742703298.jpg,31AFC94800000578-3469122-Footage_shows_the_incredible_moment_a_plucky_12_year_old_boy_tou-a-1_1456742703298.jpg,Venomous,King Cobra,d4839fc39dfdbc90d3f4db55fa6609fc4073960cbd8f996162a54c0e18981f14,634,357,,,,False,NO_STRICT_MATCH,NO_TEST_CANDIDATE,False,REPOSITORY_LICENSE_VERIFIED; ORIGINAL_REPOSITORY_VERIFIED,THIRD_PARTY_IMAGE_RIGHTS_UNCLEAR; REVIEW_REQUIRED,True,REVIEW_LICENSE,"Repository MIT license verified, but README says Google-sourced images may be copyrighted"
Venomous/King Cobra/3705023_orig.png,3705023_orig.png,Venomous,King Cobra,ff822c068b33a717e8121b36d96cf8ad663c93bdd202f35d0fefa571b16e6fc1,903,450,,,,False,NO_STRICT_MATCH,NO_TEST_CANDIDATE,False,REPOSITORY_LICENSE_VERIFIED; ORIGINAL_REPOSITORY_VERIFIED,THIRD_PARTY_IMAGE_RIGHTS_UNCLEAR; REVIEW_REQUIRED,True,REVIEW_LICENSE,"Repository MIT license verified, but README says Google-sourced images may be copyrighted"
Venomous/King Cobra/520e37a2-d600-4c4f-8f19-6b87429fc7a0.Full_.jpg,520e37a2-d600-4c4f-8f19-6b87429fc7a0.Full_.jpg,Venomous,King Cobra,215829324ba29cf715b409b5d6e2553bcb59352baeb1857bff9bb95b2d85303c,588,233,,,,False,POSSIBLE_NEAR_DUPLICATE,POSSIBLE_LEAKAGE_RISK,False,REPOSITORY_LICENSE_VERIFIED; ORIGINAL_REPOSITORY_VERIFIED,THIRD_PARTY_IMAGE_RIGHTS_UNCLEAR; REVIEW_REQUIRED,True,REVIEW_LICENSE,"Repository MIT license verified, but README says Google-sourced images may be copyrighted"
Venomous/King Cobra/69bb5d81e366d17ee82869fca4ab08b9.jpg,69bb5d81e366d17ee82869fca4ab08b9.jpg,Venomous,King Cobra,0f049972790253a463a0edb4936d7aa89940aa21a616a3a664bd845e8d2116ed,1024,805,,,,False,NO_STRICT_MATCH,NO_TEST_CANDIDATE,False,REPOSITORY_LICENSE_VERIFIED; ORIGINAL_REPOSITORY_VERIFIED,THIRD_PARTY_IMAGE_RIGHTS_UNCLEAR; REVIEW_REQUIRED,True,REVIEW_LICENSE,"Repository MIT license verified, but README says Google-sourced images may be copyrighted"
Venomous/King Cobra/7691.jpg,7691.jpg,Venomous,King Cobra,65467fedf4dc295586d566bb0b9aa280101c95303ff45416cbeb8421f0da864a,1280,720,,,,False,POSSIBLE_NEAR_DUPLICATE,NO_TEST_CANDIDATE,False,REPOSITORY_LICENSE_VERIFIED; ORIGINAL_REPOSITORY_VERIFIED,THIRD_PARTY_IMAGE_RIGHTS_UNCLEAR; REVIEW_REQUIRED,True,REVIEW_LICENSE,"Repository MIT license verified, but README says Google-sourced images may be copyrighted"
Venomous/King Cobra/ap17207013744013.jpg,ap17207013744013.jpg,Venomous,King Cobra,a34bb721564e03b1b3bf427dc357d519c560186e53510369395a0878dfa19ff0,2400,1800,,,,False,POSSIBLE_NEAR_DUPLICATE,NO_TEST_CANDIDATE,False,REPOSITORY_LICENSE_VERIFIED; ORIGINAL_REPOSITORY_VERIFIED,THIRD_PARTY_IMAGE_RIGHTS_UNCLEAR; REVIEW_REQUIRED,True,REVIEW_LICENSE,"Repository MIT license verified, but README says Google-sourced images may be copyrighted"
Venomous/King Cobra/b3bddd06c161b0b368fca1845dff6e974aa48bcc87495bff50309d9b19296ae7.jpg,b3bddd06c161b0b368fca1845dff6e974aa48bcc87495bff50309d9b19296ae7.jpg,Venomous,King Cobra,6ce30dbd428c41e83d82863f6993e83b483c65fa1fa3318d71512606baa4f3fd,468,250,,,,False,POSSIBLE_NEAR_DUPLICATE,NO_TEST_CANDIDATE,False,REPOSITORY_LICENSE_VERIFIED; ORIGINAL_REPOSITORY_VERIFIED,THIRD_PARTY_IMAGE_RIGHTS_UNCLEAR; REVIEW_REQUIRED,True,REVIEW_LICENSE,"Repository MIT license verified, but README says Google-sourced images may be copyrighted"
Venomous/King Cobra/cobra-head.jpg,cobra-head.jpg,Venomous,King Cobra,311fc4ccefbd09a1b57d0d98a2b9f5519fd28229ece352cfbd27b18bcb56bacd,511,275,,,,False,LIKELY_NEAR_DUPLICATE,NO_TEST_CANDIDATE,False,REPOSITORY_LICENSE_VERIFIED; ORIGINAL_REPOSITORY_VERIFIED,THIRD_PARTY_IMAGE_RIGHTS_UNCLEAR; REVIEW_REQUIRED,True,REVIEW_LIKELY_NEAR_DUPLICATE,Likely near-duplicate requires human decision
Venomous/King Cobra/cobra-long.jpg,cobra-long.jpg,Venomous,King Cobra,feb2a2c9180af6393f5cc2c9763272d172792de5fd41e436150b93da6b10cfab,580,1032,,,,False,POSSIBLE_NEAR_DUPLICATE,NO_TEST_CANDIDATE,False,REPOSITORY_LICENSE_VERIFIED; ORIGINAL_REPOSITORY_VERIFIED,THIRD_PARTY_IMAGE_RIGHTS_UNCLEAR; REVIEW_REQUIRED,True,REVIEW_LICENSE,"Repository MIT license verified, but README says Google-sourced images may be copyrighted"
Venomous/King Cobra/cobra6n.jpg,cobra6n.jpg,Venomous,King Cobra,6a9c3f5ceb643f1a90655f77d29cc11a634385f41e8a6b4ba5fd28ae4fcd879d,750,425,,,,False,LIKELY_NEAR_DUPLICATE,NO_TEST_CANDIDATE,False,REPOSITORY_LICENSE_VERIFIED; ORIGINAL_REPOSITORY_VERIFIED,THIRD_PARTY_IMAGE_RIGHTS_UNCLEAR; REVIEW_REQUIRED,True,REVIEW_LIKELY_NEAR_DUPLICATE,Likely near-duplicate requires human decision
Venomous/King Cobra/cobra_001.jpg,cobra_001.jpg,Venomous,King Cobra,18ec701a98540da6bbec3e5006db510f9d1039e6ddd1e025d1b8755f0c14f4b0,1939,1315,,,,False,POSSIBLE_NEAR_DUPLICATE,NO_TEST_CANDIDATE,False,REPOSITORY_LICENSE_VERIFIED; ORIGINAL_REPOSITORY_VERIFIED,THIRD_PARTY_IMAGE_RIGHTS_UNCLEAR; REVIEW_REQUIRED,True,REVIEW_LICENSE,"Repository MIT license verified, but README says Google-sourced images may be copyrighted"
Venomous/King Cobra/cobra_002.jpg,cobra_002.jpg,Venomous,King Cobra,6826c5bfa9652af9824655e095f85a47c6f2e43ebed77483d49e0c6c1b86995f,2048,1001,,,,False,POSSIBLE_NEAR_DUPLICATE,NO_TEST_CANDIDATE,False,REPOSITORY_LICENSE_VERIFIED; ORIGINAL_REPOSITORY_VERIFIED,THIRD_PARTY_IMAGE_RIGHTS_UNCLEAR; REVIEW_REQUIRED,True,REVIEW_LICENSE,"Repository MIT license verified, but README says Google-sourced images may be copyrighted"
Venomous/King Cobra/exotic_king_cobra_h.jpg,exotic_king_cobra_h.jpg,Venomous,King Cobra,3d56b6666ecb1546f8274b3274cab6bdf0890f3e2bd0f8a6c052a9c3eb0be4a0,2048,1152,,,,False,POSSIBLE_NEAR_DUPLICATE,NO_TEST_CANDIDATE,False,REPOSITORY_LICENSE_VERIFIED; ORIGINAL_REPOSITORY_VERIFIED,THIRD_PARTY_IMAGE_RIGHTS_UNCLEAR; REVIEW_REQUIRED,True,REVIEW_LICENSE,"Repository MIT license verified, but README says Google-sourced images may be copyrighted"
Venomous/King Cobra/IMG_7375.jpg,IMG_7375.jpg,Venomous,King Cobra,81b1edb11c6788cfd5bb4e037cfe7c7d96ac01dfd3e5366f07de1c242f693999,2890,4088,,,,False,POSSIBLE_NEAR_DUPLICATE,NO_TEST_CANDIDATE,False,REPOSITORY_LICENSE_VERIFIED; ORIGINAL_REPOSITORY_VERIFIED,THIRD_PARTY_IMAGE_RIGHTS_UNCLEAR; REVIEW_REQUIRED,True,REVIEW_LICENSE,"Repository MIT license verified, but README says Google-sourced images may be copyrighted"
Venomous/King Cobra/IMG_7415.jpg,IMG_7415.jpg,Venomous,King Cobra,b465ddd90be16738358d5c8be5d9a06435718b3ef76ca43e9f3127c5b96a367a,3342,2600,,,,False,POSSIBLE_NEAR_DUPLICATE,NO_TEST_CANDIDATE,False,REPOSITORY_LICENSE_VERIFIED; ORIGINAL_REPOSITORY_VERIFIED,THIRD_PARTY_IMAGE_RIGHTS_UNCLEAR; REVIEW_REQUIRED,True,REVIEW_LICENSE,"Repository MIT license verified, but README says Google-sourced images may be copyrighted"
Venomous/King Cobra/IMG_7421.jpg,IMG_7421.jpg,Venomous,King Cobra,93e4f993106bc35e5b66772719a25997b731223a423cd4080e148bad5b20f9f0,3700,2514,,,,False,POSSIBLE_NEAR_DUPLICATE,NO_TEST_CANDIDATE,False,REPOSITORY_LICENSE_VERIFIED; ORIGINAL_REPOSITORY_VERIFIED,THIRD_PARTY_IMAGE_RIGHTS_UNCLEAR; REVIEW_REQUIRED,True,REVIEW_LICENSE,"Repository MIT license verified, but README says Google-sourced images may be copyrighted"
Venomous/King Cobra/king-cobra-1_001.jpg,king-cobra-1_001.jpg,Venomous,King Cobra,37aba2799c4989471069fa6e56dee9c80faf21f758986d6b781920749856bd7e,2048,1424,,,,False,POSSIBLE_NEAR_DUPLICATE,NO_TEST_CANDIDATE,False,REPOSITORY_LICENSE_VERIFIED; ORIGINAL_REPOSITORY_VERIFIED,THIRD_PARTY_IMAGE_RIGHTS_UNCLEAR; REVIEW_REQUIRED,True,REVIEW_LICENSE,"Repository MIT license verified, but README says Google-sourced images may be copyrighted"
Venomous/King Cobra/King-Cobra-by-kokotewan-640x326.jpg,King-Cobra-by-kokotewan-640x326.jpg,Venomous,King Cobra,63b9cefe19fc77a562cb2f95c7bd004d667cbcc6309a3ed8b3c08723e39a8dcb,640,326,,,,False,POSSIBLE_NEAR_DUPLICATE,NO_TEST_CANDIDATE,False,REPOSITORY_LICENSE_VERIFIED; ORIGINAL_REPOSITORY_VERIFIED,THIRD_PARTY_IMAGE_RIGHTS_UNCLEAR; REVIEW_REQUIRED,True,REVIEW_LICENSE,"Repository MIT license verified, but README says Google-sourced images may be copyrighted"
Venomous/King Cobra/King-Cobra-captive.jpg,King-Cobra-captive.jpg,Venomous,King Cobra,4982aeddcb97b035e75a917712ec746dbd2865f52215b559878206e7fe2d043b,968,512,,,,False,POSSIBLE_NEAR_DUPLICATE,NO_TEST_CANDIDATE,False,REPOSITORY_LICENSE_VERIFIED; ORIGINAL_REPOSITORY_VERIFIED,THIRD_PARTY_IMAGE_RIGHTS_UNCLEAR; REVIEW_REQUIRED,True,REVIEW_LICENSE,"Repository MIT license verified, but README says Google-sourced images may be copyrighted"
Venomous/King Cobra/king-cobra-wallpapers-desktop-background.jpg,king-cobra-wallpapers-desktop-background.jpg,Venomous,King Cobra,5304f739c4c9d6619af5a89d390147d9845ae4bef8305eead8f80965b1e54c8f,2560,1600,,,,False,POSSIBLE_NEAR_DUPLICATE,NO_TEST_CANDIDATE,False,REPOSITORY_LICENSE_VERIFIED; ORIGINAL_REPOSITORY_VERIFIED,THIRD_PARTY_IMAGE_RIGHTS_UNCLEAR; REVIEW_REQUIRED,True,REVIEW_LICENSE,"Repository MIT license verified, but README says Google-sourced images may be copyrighted"
Venomous/King Cobra/king_cobra2.jpg,king_cobra2.jpg,Venomous,King Cobra,1b3c7106cf805ba16af531a7fde34ad9ed71d95abb1d044846d1d3d6b379d41d,791,507,,,,False,NO_STRICT_MATCH,NO_TEST_CANDIDATE,False,REPOSITORY_LICENSE_VERIFIED; ORIGINAL_REPOSITORY_VERIFIED,THIRD_PARTY_IMAGE_RIGHTS_UNCLEAR; REVIEW_REQUIRED,True,REVIEW_LICENSE,"Repository MIT license verified, but README says Google-sourced images may be copyrighted"
Venomous/King Cobra/king_cobra3.jpg,king_cobra3.jpg,Venomous,King Cobra,10d43b894abb7f2c89583c0fc2ea34af500dbd195bc1349c132b6f0eac1afe02,791,507,,,,False,NO_STRICT_MATCH,NO_TEST_CANDIDATE,False,REPOSITORY_LICENSE_VERIFIED; ORIGINAL_REPOSITORY_VERIFIED,THIRD_PARTY_IMAGE_RIGHTS_UNCLEAR; REVIEW_REQUIRED,True,REVIEW_LICENSE,"Repository MIT license verified, but README says Google-sourced images may be copyrighted"
Venomous/King Cobra/King_Cobra_25.jpg,King_Cobra_25.jpg,Venomous,King Cobra,71772281a1263a057b41bda3e3e80fc93567e7c85423fe2444454aa77dff3fa3,3310,2648,,,,False,POSSIBLE_NEAR_DUPLICATE,NO_TEST_CANDIDATE,False,REPOSITORY_LICENSE_VERIFIED; ORIGINAL_REPOSITORY_VERIFIED,THIRD_PARTY_IMAGE_RIGHTS_UNCLEAR; REVIEW_REQUIRED,True,REVIEW_LICENSE,"Repository MIT license verified, but README says Google-sourced images may be copyrighted"
Venomous/King Cobra/kingcobra-002.jpg,kingcobra-002.jpg,Venomous,King Cobra,87fb9a880a54b0449baf58ea2cf8c283f4b027036937c313c4f90429472f0a30,1400,845,,,,False,POSSIBLE_NEAR_DUPLICATE,NO_TEST_CANDIDATE,False,REPOSITORY_LICENSE_VERIFIED; ORIGINAL_REPOSITORY_VERIFIED,THIRD_PARTY_IMAGE_RIGHTS_UNCLEAR; REVIEW_REQUIRED,True,REVIEW_LICENSE,"Repository MIT license verified, but README says Google-sourced images may be copyrighted"
Venomous/King Cobra/KingCobra_001.jpg,KingCobra_001.jpg,Venomous,King Cobra,9c133a1142399665d81d17af382dd805074f7ef9fed0006809396804e3063fc0,1800,1200,,,,False,LIKELY_NEAR_DUPLICATE,NO_TEST_CANDIDATE,False,REPOSITORY_LICENSE_VERIFIED; ORIGINAL_REPOSITORY_VERIFIED,THIRD_PARTY_IMAGE_RIGHTS_UNCLEAR; REVIEW_REQUIRED,True,REVIEW_LIKELY_NEAR_DUPLICATE,Likely near-duplicate requires human decision
Venomous/King Cobra/KingCobra_003.jpg,KingCobra_003.jpg,Venomous,King Cobra,3561af5b81369097f07d494cea8de615da5f27689b842b3075b558b2c65c26b1,2226,1296,,,,False,POSSIBLE_NEAR_DUPLICATE,NO_TEST_CANDIDATE,False,REPOSITORY_LICENSE_VERIFIED; ORIGINAL_REPOSITORY_VERIFIED,THIRD_PARTY_IMAGE_RIGHTS_UNCLEAR; REVIEW_REQUIRED,True,REVIEW_LICENSE,"Repository MIT license verified, but README says Google-sourced images may be copyrighted"
Venomous/King Cobra/landing_king-cobra.jpg,landing_king-cobra.jpg,Venomous,King Cobra,1ce1d1e54735af29cf7d67902e97a47862d5adbb7b69c6cdf3e7b3b7b0fe2f79,768,358,,,,False,POSSIBLE_NEAR_DUPLICATE,NO_TEST_CANDIDATE,False,REPOSITORY_LICENSE_VERIFIED; ORIGINAL_REPOSITORY_VERIFIED,THIRD_PARTY_IMAGE_RIGHTS_UNCLEAR; REVIEW_REQUIRED,True,REVIEW_LICENSE,"Repository MIT license verified, but README says Google-sourced images may be copyrighted"
Venomous/King Cobra/PAY-COBRA-SNAKE-RESCUE.jpg,PAY-COBRA-SNAKE-RESCUE.jpg,Venomous,King Cobra,ab6ce1d6124bf868f8f9d0c05076cef11cc13cdfa0559e7bf0be0a2df638f7fd,615,298,,,,False,POSSIBLE_NEAR_DUPLICATE,NO_TEST_CANDIDATE,False,REPOSITORY_LICENSE_VERIFIED; ORIGINAL_REPOSITORY_VERIFIED,THIRD_PARTY_IMAGE_RIGHTS_UNCLEAR; REVIEW_REQUIRED,True,REVIEW_LICENSE,"Repository MIT license verified, but README says Google-sourced images may be copyrighted"
Venomous/King Cobra/photos.medleyphoto.13543526.jpg,photos.medleyphoto.13543526.jpg,Venomous,King Cobra,7836ae7de01a113da0d0d6545a1d4b52c1c535f7114ed0617b3137736af1a192,800,478,,,,False,LIKELY_NEAR_DUPLICATE,NO_TEST_CANDIDATE,False,REPOSITORY_LICENSE_VERIFIED; ORIGINAL_REPOSITORY_VERIFIED,THIRD_PARTY_IMAGE_RIGHTS_UNCLEAR; REVIEW_REQUIRED,True,REVIEW_LIKELY_NEAR_DUPLICATE,Likely near-duplicate requires human decision
Venomous/King Cobra/r0_135_2757_1691_w1200_h678_fmax.jpg,r0_135_2757_1691_w1200_h678_fmax.jpg,Venomous,King Cobra,37e2349d3d0b546906a93443809609b802feb213c3fbba48ec01a374bd29fcf7,1200,677,,,,False,POSSIBLE_NEAR_DUPLICATE,NO_TEST_CANDIDATE,False,REPOSITORY_LICENSE_VERIFIED; ORIGINAL_REPOSITORY_VERIFIED,THIRD_PARTY_IMAGE_RIGHTS_UNCLEAR; REVIEW_REQUIRED,True,REVIEW_LICENSE,"Repository MIT license verified, but README says Google-sourced images may be copyrighted"
Venomous/King Cobra/snake-kingcobra-reptile-597045-o.jpg,snake-kingcobra-reptile-597045-o.jpg,Venomous,King Cobra,de0291e114cb0432aa1331274aee4cf04ae4f64f79cc6ad8c4d6f87aedca58d9,4416,3312,,,,False,POSSIBLE_NEAR_DUPLICATE,NO_TEST_CANDIDATE,False,REPOSITORY_LICENSE_VERIFIED; ORIGINAL_REPOSITORY_VERIFIED,THIRD_PARTY_IMAGE_RIGHTS_UNCLEAR; REVIEW_REQUIRED,True,REVIEW_LICENSE,"Repository MIT license verified, but README says Google-sourced images may be copyrighted"
Venomous/King Cobra/T05-0001-0111.jpg,T05-0001-0111.jpg,Venomous,King Cobra,381962daa09513c42b4867da497c45053313c7fc288af981d4c35d86e5296b1a,770,430,,,,False,POSSIBLE_NEAR_DUPLICATE,NO_TEST_CANDIDATE,False,REPOSITORY_LICENSE_VERIFIED; ORIGINAL_REPOSITORY_VERIFIED,THIRD_PARTY_IMAGE_RIGHTS_UNCLEAR; REVIEW_REQUIRED,True,REVIEW_LICENSE,"Repository MIT license verified, but README says Google-sourced images may be copyrighted"
Venomous/King Cobra/villagers-in-a-drought-hit-region-of-india-let-a-king-cobra-drink-from-a-bottle-of-water.jpg,villagers-in-a-drought-hit-region-of-india-let-a-king-cobra-drink-from-a-bottle-of-water.jpg,Venomous,King Cobra,03e2d46503088356f586c4741ec147b45f11f27d3526798de5e13e6ad6cb5c2c,1440,1080,,,,False,NO_STRICT_MATCH,NO_TEST_CANDIDATE,False,REPOSITORY_LICENSE_VERIFIED; ORIGINAL_REPOSITORY_VERIFIED,THIRD_PARTY_IMAGE_RIGHTS_UNCLEAR; REVIEW_REQUIRED,True,REVIEW_LICENSE,"Repository MIT license verified, but README says Google-sourced images may be copyrighted"
Venomous/Monocled Cobra/13350233_1079893875431314_5715026036656697829_o.jpg,13350233_1079893875431314_5715026036656697829_o.jpg,Venomous,Monocled Cobra,1c554c0e943e55f47ea4d87e5edca890ede09cb7928f721a8b0f0bf2a3766cbf,2048,1280,,,,False,POSSIBLE_NEAR_DUPLICATE,POSSIBLE_LEAKAGE_RISK,False,REPOSITORY_LICENSE_VERIFIED; ORIGINAL_REPOSITORY_VERIFIED,THIRD_PARTY_IMAGE_RIGHTS_UNCLEAR; REVIEW_REQUIRED,True,REVIEW_LICENSE,"Repository MIT license verified, but README says Google-sourced images may be copyrighted"
Venomous/Monocled Cobra/1_001.jpg,1_001.jpg,Venomous,Monocled Cobra,1e4e735f0e67b403e46a6284f6c173372a8b657c6a7542e83ce3afdb93d1dd71,852,480,,,,False,POSSIBLE_NEAR_DUPLICATE,NO_TEST_CANDIDATE,False,REPOSITORY_LICENSE_VERIFIED; ORIGINAL_REPOSITORY_VERIFIED,THIRD_PARTY_IMAGE_RIGHTS_UNCLEAR; REVIEW_REQUIRED,True,REVIEW_LICENSE,"Repository MIT license verified, but README says Google-sourced images may be copyrighted"
Venomous/Monocled Cobra/1_002.jpg,1_002.jpg,Venomous,Monocled Cobra,00c39f8fc78070a2a2e6c0de23051cfec5f45397f2981c4206207d67aa701e38,852,480,,,,False,POSSIBLE_NEAR_DUPLICATE,NO_TEST_CANDIDATE,False,REPOSITORY_LICENSE_VERIFIED; ORIGINAL_REPOSITORY_VERIFIED,THIRD_PARTY_IMAGE_RIGHTS_UNCLEAR; REVIEW_REQUIRED,True,REVIEW_LICENSE,"Repository MIT license verified, but README says Google-sourced images may be copyrighted"
Venomous/Monocled Cobra/1_010.jpg,1_010.jpg,Venomous,Monocled Cobra,0af0769abb4d58dbec76e0388f5959992b4278f75a29b3f060dbce245f197cca,852,480,,,,False,POSSIBLE_NEAR_DUPLICATE,NO_TEST_CANDIDATE,False,REPOSITORY_LICENSE_VERIFIED; ORIGINAL_REPOSITORY_VERIFIED,THIRD_PARTY_IMAGE_RIGHTS_UNCLEAR; REVIEW_REQUIRED,True,REVIEW_LICENSE,"Repository MIT license verified, but README says Google-sourced images may be copyrighted"
Venomous/Monocled Cobra/263591_10150346421368504_683593503_10295748_8378405_n (6).jpg,263591_10150346421368504_683593503_10295748_8378405_n (6).jpg,Venomous,Monocled Cobra,b10749defc6d4b455d3b4fef23463c4d4b58160a5d626831ba6ea8b79e491c70,720,346,,,,False,POSSIBLE_NEAR_DUPLICATE,POSSIBLE_LEAKAGE_RISK,False,REPOSITORY_LICENSE_VERIFIED; ORIGINAL_REPOSITORY_VERIFIED,THIRD_PARTY_IMAGE_RIGHTS_UNCLEAR; REVIEW_REQUIRED,True,REVIEW_LICENSE,"Repository MIT license verified, but README says Google-sourced images may be copyrighted"
Venomous/Monocled Cobra/858129_1280x720.jpg,858129_1280x720.jpg,Venomous,Monocled Cobra,37feb07519415be6efe3918a3a001d7276c3c6c90fee32535301b35bd7278a7a,1280,720,,,,False,POSSIBLE_NEAR_DUPLICATE,POSSIBLE_LEAKAGE_RISK,False,REPOSITORY_LICENSE_VERIFIED; ORIGINAL_REPOSITORY_VERIFIED,THIRD_PARTY_IMAGE_RIGHTS_UNCLEAR; REVIEW_REQUIRED,True,REVIEW_LICENSE,"Repository MIT license verified, but README says Google-sourced images may be copyrighted"
Venomous/Monocled Cobra/9.jpg,9.jpg,Venomous,Monocled Cobra,ab75d32c06a88c96909f6fddfd6f6200652058ee7dcc8a91b16a5dc7eba5ea81,852,480,,,,False,POSSIBLE_NEAR_DUPLICATE,NO_TEST_CANDIDATE,False,REPOSITORY_LICENSE_VERIFIED; ORIGINAL_REPOSITORY_VERIFIED,THIRD_PARTY_IMAGE_RIGHTS_UNCLEAR; REVIEW_REQUIRED,True,REVIEW_LICENSE,"Repository MIT license verified, but README says Google-sourced images may be copyrighted"
Venomous/Monocled Cobra/bi5uo5ktrmbc1bcqqdrf.jpg,bi5uo5ktrmbc1bcqqdrf.jpg,Venomous,Monocled Cobra,2310fa7ae55ec512330a95dc8612666494dff45cbfe3e8129f76fc9136e23c44,654,367,,,,False,LIKELY_NEAR_DUPLICATE,NO_TEST_CANDIDATE,False,REPOSITORY_LICENSE_VERIFIED; ORIGINAL_REPOSITORY_VERIFIED,THIRD_PARTY_IMAGE_RIGHTS_UNCLEAR; REVIEW_REQUIRED,True,REVIEW_LIKELY_NEAR_DUPLICATE,Likely near-duplicate requires human decision
Venomous/Monocled Cobra/Cobra-Monocled-7356-full.jpg,Cobra-Monocled-7356-full.jpg,Venomous,Monocled Cobra,b60282c45330ec0d946196a21c799cef0e55d230ffdffd4380ac198dccbfe2a0,1280,720,,,,False,POSSIBLE_NEAR_DUPLICATE,NO_TEST_CANDIDATE,False,REPOSITORY_LICENSE_VERIFIED; ORIGINAL_REPOSITORY_VERIFIED,THIRD_PARTY_IMAGE_RIGHTS_UNCLEAR; REVIEW_REQUIRED,True,REVIEW_LICENSE,"Repository MIT license verified, but README says Google-sourced images may be copyrighted"
Venomous/Monocled Cobra/cobra-monocled-naja-very-dangerous-looking-rat-food-67509736.jpg,cobra-monocled-naja-very-dangerous-looking-rat-food-67509736.jpg,Venomous,Monocled Cobra,0f8ec317d45d3e530f189ebf4e00215d894b2e9a0eb35c4bc194b6c3a38f807d,307,160,,,,False,POSSIBLE_NEAR_DUPLICATE,NO_TEST_CANDIDATE,False,REPOSITORY_LICENSE_VERIFIED; ORIGINAL_REPOSITORY_VERIFIED,THIRD_PARTY_IMAGE_RIGHTS_UNCLEAR; REVIEW_REQUIRED,True,REVIEW_LICENSE,"Repository MIT license verified, but README says Google-sourced images may be copyrighted"
Venomous/Monocled Cobra/cobra-monocled.jpg,cobra-monocled.jpg,Venomous,Monocled Cobra,361e53088ad21220c58617a381c412963be51de2e6e7f3ef5499576aeb03e6b0,1140,760,,,,False,LIKELY_NEAR_DUPLICATE,NO_TEST_CANDIDATE,False,REPOSITORY_LICENSE_VERIFIED; ORIGINAL_REPOSITORY_VERIFIED,THIRD_PARTY_IMAGE_RIGHTS_UNCLEAR; REVIEW_REQUIRED,True,REVIEW_LIKELY_NEAR_DUPLICATE,Likely near-duplicate requires human decision
Venomous/Monocled Cobra/cobra.jpg,cobra.jpg,Venomous,Monocled Cobra,3dd5fa235815b557a889088ebb241050feb1fc7fbe14a577cae6df31d91db2d1,800,480,,,,False,LIKELY_NEAR_DUPLICATE,NO_TEST_CANDIDATE,False,REPOSITORY_LICENSE_VERIFIED; ORIGINAL_REPOSITORY_VERIFIED,THIRD_PARTY_IMAGE_RIGHTS_UNCLEAR; REVIEW_REQUIRED,True,REVIEW_LIKELY_NEAR_DUPLICATE,Likely near-duplicate requires human decision
Venomous/Monocled Cobra/Krabi_King_Cobra_Show_4.jpg,Krabi_King_Cobra_Show_4.jpg,Venomous,Monocled Cobra,1e082f0ec8dd56bd64ca4d93a762d476b9fe915af558e8dd1b0c4fb937043c0f,1204,800,,,,False,POSSIBLE_NEAR_DUPLICATE,NO_TEST_CANDIDATE,False,REPOSITORY_LICENSE_VERIFIED; ORIGINAL_REPOSITORY_VERIFIED,THIRD_PARTY_IMAGE_RIGHTS_UNCLEAR; REVIEW_REQUIRED,True,REVIEW_LICENSE,"Repository MIT license verified, but README says Google-sourced images may be copyrighted"
Venomous/Monocled Cobra/maxresdefault.jpg,maxresdefault.jpg,Venomous,Monocled Cobra,1ffa591d649c1d1f66b2b2e7352bd2e502b5dcd72a4cc067064e1e90b3344676,1920,1080,,,,False,POSSIBLE_NEAR_DUPLICATE,NO_TEST_CANDIDATE,False,REPOSITORY_LICENSE_VERIFIED; ORIGINAL_REPOSITORY_VERIFIED,THIRD_PARTY_IMAGE_RIGHTS_UNCLEAR; REVIEW_REQUIRED,True,REVIEW_LICENSE,"Repository MIT license verified, but README says Google-sourced images may be copyrighted"
Venomous/Monocled Cobra/maxresdefault_002.jpg,maxresdefault_002.jpg,Venomous,Monocled Cobra,638596f5d135714c527c74456e036c20061779d54234132e86d1c297fa972a43,1920,1080,,,,False,POSSIBLE_NEAR_DUPLICATE,NO_TEST_CANDIDATE,False,REPOSITORY_LICENSE_VERIFIED; ORIGINAL_REPOSITORY_VERIFIED,THIRD_PARTY_IMAGE_RIGHTS_UNCLEAR; REVIEW_REQUIRED,True,REVIEW_LICENSE,"Repository MIT license verified, but README says Google-sourced images may be copyrighted"
Venomous/Monocled Cobra/maxresdefault_005.jpg,maxresdefault_005.jpg,Venomous,Monocled Cobra,baba094e3cac308fd25ae87cd80fe5279f9f1aeffb0d930b1e515b64cc35390c,1920,1080,,,,False,POSSIBLE_NEAR_DUPLICATE,NO_TEST_CANDIDATE,False,REPOSITORY_LICENSE_VERIFIED; ORIGINAL_REPOSITORY_VERIFIED,THIRD_PARTY_IMAGE_RIGHTS_UNCLEAR; REVIEW_REQUIRED,True,REVIEW_LICENSE,"Repository MIT license verified, but README says Google-sourced images may be copyrighted"
Venomous/Monocled Cobra/monocled-61.jpg,monocled-61.jpg,Venomous,Monocled Cobra,ff71f8ec677c5de68775b5bbe1e057f5664df80569b807b46c35df38343e45f4,3888,2592,,,,False,POSSIBLE_NEAR_DUPLICATE,NO_TEST_CANDIDATE,False,REPOSITORY_LICENSE_VERIFIED; ORIGINAL_REPOSITORY_VERIFIED,THIRD_PARTY_IMAGE_RIGHTS_UNCLEAR; REVIEW_REQUIRED,True,REVIEW_LICENSE,"Repository MIT license verified, but README says Google-sourced images may be copyrighted"
Venomous/Monocled Cobra/monocled-baby-cobra3.jpg,monocled-baby-cobra3.jpg,Venomous,Monocled Cobra,a75990696fdb3a6a0e4800db8a2580ce21e95190b4710383afd9f458dc68bbde,595,270,,,,False,POSSIBLE_NEAR_DUPLICATE,NO_TEST_CANDIDATE,False,REPOSITORY_LICENSE_VERIFIED; ORIGINAL_REPOSITORY_VERIFIED,THIRD_PARTY_IMAGE_RIGHTS_UNCLEAR; REVIEW_REQUIRED,True,REVIEW_LICENSE,"Repository MIT license verified, but README says Google-sourced images may be copyrighted"
Venomous/Monocled Cobra/monocled-cobra-back_1.jpg,monocled-cobra-back_1.jpg,Venomous,Monocled Cobra,8944be2af2c916bce5565bb56a1f26d9b9b4e1d645216b83e04395bde9acb83e,620,344,,,,False,POSSIBLE_NEAR_DUPLICATE,NO_TEST_CANDIDATE,False,REPOSITORY_LICENSE_VERIFIED; ORIGINAL_REPOSITORY_VERIFIED,THIRD_PARTY_IMAGE_RIGHTS_UNCLEAR; REVIEW_REQUIRED,True,REVIEW_LICENSE,"Repository MIT license verified, but README says Google-sourced images may be copyrighted"
Venomous/Monocled Cobra/monocled-cobra-snake-death_85876_ver1.0_1280_720.jpg,monocled-cobra-snake-death_85876_ver1.0_1280_720.jpg,Venomous,Monocled Cobra,8093fa616e970f5218fe7df9b8a47792aa0a796d3e28f02997c322ede6745966,1280,720,,,,False,POSSIBLE_NEAR_DUPLICATE,NO_TEST_CANDIDATE,False,REPOSITORY_LICENSE_VERIFIED; ORIGINAL_REPOSITORY_VERIFIED,THIRD_PARTY_IMAGE_RIGHTS_UNCLEAR; REVIEW_REQUIRED,True,REVIEW_LICENSE,"Repository MIT license verified, but README says Google-sourced images may be copyrighted"
Venomous/Monocled Cobra/naja-kaouthia-monocled-cobras-randy-ciuros.jpg,naja-kaouthia-monocled-cobras-randy-ciuros.jpg,Venomous,Monocled Cobra,07e81eeea3cd2e4566db0882a6de82dbc7bf4deddc3e8b04c38770373159c713,963,642,,,,False,LIKELY_NEAR_DUPLICATE,NO_TEST_CANDIDATE,False,REPOSITORY_LICENSE_VERIFIED; ORIGINAL_REPOSITORY_VERIFIED,THIRD_PARTY_IMAGE_RIGHTS_UNCLEAR; REVIEW_REQUIRED,True,REVIEW_LIKELY_NEAR_DUPLICATE,Likely near-duplicate requires human decision
Venomous/Monocled Cobra/rearfanged~~element117.JPG,rearfanged~~element117.JPG,Venomous,Monocled Cobra,3f48cd55dfe2ccb623faf8eebff33df03cb6c066e3e4ec5f0905e98b1ded379c,791,525,,,,False,NO_STRICT_MATCH,NO_TEST_CANDIDATE,False,REPOSITORY_LICENSE_VERIFIED; ORIGINAL_REPOSITORY_VERIFIED,THIRD_PARTY_IMAGE_RIGHTS_UNCLEAR; REVIEW_REQUIRED,True,REVIEW_LICENSE,"Repository MIT license verified, but README says Google-sourced images may be copyrighted"
Venomous/Monocled Cobra/texas-teen-suicide-snakebite.jpg,texas-teen-suicide-snakebite.jpg,Venomous,Monocled Cobra,76dbf3ee71345ba199ed9445738b73fcc25d5eda481b21a963d02baa805ce77a,940,545,,,,False,POSSIBLE_NEAR_DUPLICATE,NO_TEST_CANDIDATE,False,REPOSITORY_LICENSE_VERIFIED; ORIGINAL_REPOSITORY_VERIFIED,THIRD_PARTY_IMAGE_RIGHTS_UNCLEAR; REVIEW_REQUIRED,True,REVIEW_LICENSE,"Repository MIT license verified, but README says Google-sourced images may be copyrighted"
Venomous/Russell's Viper/20855503-Adult-Russell-s-Viper-Daboia-russelii-Tamil-Nadu-South-India-Stock-Photo.jpg,20855503-Adult-Russell-s-Viper-Daboia-russelii-Tamil-Nadu-South-India-Stock-Photo.jpg,Venomous,Russell's Viper,39766b43e1a9eeafaa5be65b916b1cd6cabeaebffa073b70c9a139bec518266d,1300,864,,,,False,POSSIBLE_NEAR_DUPLICATE,POSSIBLE_LEAKAGE_RISK,False,REPOSITORY_LICENSE_VERIFIED; ORIGINAL_REPOSITORY_VERIFIED,THIRD_PARTY_IMAGE_RIGHTS_UNCLEAR; REVIEW_REQUIRED,True,REVIEW_LICENSE,"Repository MIT license verified, but README says Google-sourced images may be copyrighted"
Venomous/Russell's Viper/20855505-Camouflage-pattern-on-adult-Russell-s-Viper-Daboia-russelii-Tamil-Nadu-South-India-Stock-Photo.jpg,20855505-Camouflage-pattern-on-adult-Russell-s-Viper-Daboia-russelii-Tamil-Nadu-South-India-Stock-Photo.jpg,Venomous,Russell's Viper,7da317e81bd9a93515d1352e5cac1369044f8567beeb7fa986aeaa6ac24c1a7f,1300,862,,,,False,POSSIBLE_NEAR_DUPLICATE,POSSIBLE_LEAKAGE_RISK,False,REPOSITORY_LICENSE_VERIFIED; ORIGINAL_REPOSITORY_VERIFIED,THIRD_PARTY_IMAGE_RIGHTS_UNCLEAR; REVIEW_REQUIRED,True,REVIEW_LICENSE,"Repository MIT license verified, but README says Google-sourced images may be copyrighted"
Venomous/Russell's Viper/5384077d7fe23.jpg,5384077d7fe23.jpg,Venomous,Russell's Viper,ebc69a87faca1b76babeada644dbba7d1d4ae78d9d9a1fd1f70b4b04dabfd179,439,207,EXACT0004,,SOURCE_GROUP_0005,False,POSSIBLE_NEAR_DUPLICATE,POSSIBLE_LEAKAGE_RISK,True,REPOSITORY_LICENSE_VERIFIED; ORIGINAL_REPOSITORY_VERIFIED,THIRD_PARTY_IMAGE_RIGHTS_UNCLEAR; REVIEW_REQUIRED,True,REVIEW_SPECIES_CONFLICT,Same-parent species metadata conflict
Venomous/Russell's Viper/5384096bcdfba.jpg,5384096bcdfba.jpg,Venomous,Russell's Viper,da27b41dc849a5660ec81bbbf08d44ed43f8c19cde445857d026974045514dd3,389,193,,,,False,POSSIBLE_NEAR_DUPLICATE,POSSIBLE_LEAKAGE_RISK,False,REPOSITORY_LICENSE_VERIFIED; ORIGINAL_REPOSITORY_VERIFIED,THIRD_PARTY_IMAGE_RIGHTS_UNCLEAR; REVIEW_REQUIRED,True,REVIEW_LICENSE,"Repository MIT license verified, but README says Google-sourced images may be copyrighted"
Venomous/Russell's Viper/5384096bea0ed.jpg,5384096bea0ed.jpg,Venomous,Russell's Viper,c405ce642e783c3f33d9e6c065994b6a6f725ed98bb179f5c826122bc4128d02,500,201,,,,False,POSSIBLE_NEAR_DUPLICATE,POSSIBLE_LEAKAGE_RISK,False,REPOSITORY_LICENSE_VERIFIED; ORIGINAL_REPOSITORY_VERIFIED,THIRD_PARTY_IMAGE_RIGHTS_UNCLEAR; REVIEW_REQUIRED,True,REVIEW_LICENSE,"Repository MIT license verified, but README says Google-sourced images may be copyrighted"
Venomous/Russell's Viper/a.JPG,a.JPG,Venomous,Russell's Viper,635376e041003921c4291c32d5c88db5d21dc460af202296790de341bfff7d24,1600,1053,,,,False,POSSIBLE_NEAR_DUPLICATE,NO_TEST_CANDIDATE,False,REPOSITORY_LICENSE_VERIFIED; ORIGINAL_REPOSITORY_VERIFIED,THIRD_PARTY_IMAGE_RIGHTS_UNCLEAR; REVIEW_REQUIRED,True,REVIEW_LICENSE,"Repository MIT license verified, but README says Google-sourced images may be copyrighted"
Venomous/Russell's Viper/aaaa.JPG,aaaa.JPG,Venomous,Russell's Viper,3fc772dcc3f2525b93f94c9b93335ff524dca5cb2679d95e76d5a2b64f11db21,1600,1067,,,,False,POSSIBLE_NEAR_DUPLICATE,NO_TEST_CANDIDATE,False,REPOSITORY_LICENSE_VERIFIED; ORIGINAL_REPOSITORY_VERIFIED,THIRD_PARTY_IMAGE_RIGHTS_UNCLEAR; REVIEW_REQUIRED,True,REVIEW_LICENSE,"Repository MIT license verified, but README says Google-sourced images may be copyrighted"
Venomous/Russell's Viper/D8B_8271_Daboia_siamensis_Sa_Keao9x16-300x169.jpg,D8B_8271_Daboia_siamensis_Sa_Keao9x16-300x169.jpg,Venomous,Russell's Viper,c22688ee9d3c84ef49d3b771b32f28794c08e4e0f71d274aa0e389f57d1f6b7f,300,169,,,,False,POSSIBLE_NEAR_DUPLICATE,NO_TEST_CANDIDATE,False,REPOSITORY_LICENSE_VERIFIED; ORIGINAL_REPOSITORY_VERIFIED,THIRD_PARTY_IMAGE_RIGHTS_UNCLEAR; REVIEW_REQUIRED,True,REVIEW_LICENSE,"Repository MIT license verified, but README says Google-sourced images may be copyrighted"
Venomous/Russell's Viper/D8B_8356_Daboia_Siamensis_Sa_Keao-720x340.jpg,D8B_8356_Daboia_Siamensis_Sa_Keao-720x340.jpg,Venomous,Russell's Viper,1993e5c88726ac1a88c3a94e7e37555d6b5410fece586ddbfe70df19c8565f0b,720,340,,,,False,POSSIBLE_NEAR_DUPLICATE,NO_TEST_CANDIDATE,False,REPOSITORY_LICENSE_VERIFIED; ORIGINAL_REPOSITORY_VERIFIED,THIRD_PARTY_IMAGE_RIGHTS_UNCLEAR; REVIEW_REQUIRED,True,REVIEW_LICENSE,"Repository MIT license verified, but README says Google-sourced images may be copyrighted"
Venomous/Russell's Viper/daboia russelli copy.jpg,daboia russelli copy.jpg,Venomous,Russell's Viper,13545e40084735e1289714bda42f099e68f4c3db9a7b912ab44720f2abb60039,1442,775,,,,False,POSSIBLE_NEAR_DUPLICATE,NO_TEST_CANDIDATE,False,REPOSITORY_LICENSE_VERIFIED; ORIGINAL_REPOSITORY_VERIFIED,THIRD_PARTY_IMAGE_RIGHTS_UNCLEAR; REVIEW_REQUIRED,True,REVIEW_LICENSE,"Repository MIT license verified, but README says Google-sourced images may be copyrighted"
Venomous/Russell's Viper/Daboia-siamensis-–-Eastern-Russell’s-Viper-Siamese-Russell’s-Viper-2.jpg,Daboia-siamensis-–-Eastern-Russell’s-Viper-Siamese-Russell’s-Viper-2.jpg,Venomous,Russell's Viper,256319364b681ad631336acc3cb5c1e7ced6a80ce7398f70dd22ce1f4e96f685,800,509,,,,False,POSSIBLE_NEAR_DUPLICATE,NO_TEST_CANDIDATE,False,REPOSITORY_LICENSE_VERIFIED; ORIGINAL_REPOSITORY_VERIFIED,THIRD_PARTY_IMAGE_RIGHTS_UNCLEAR; REVIEW_REQUIRED,True,REVIEW_LICENSE,"Repository MIT license verified, but README says Google-sourced images may be copyrighted"
Venomous/Russell's Viper/Daboia_russelii_A_Chawla01.jpg,Daboia_russelii_A_Chawla01.jpg,Venomous,Russell's Viper,a7299cbcadd9c8a709ebcb280e9c4e9debc3e248101b0c2983137337a4ba6c7a,3072,2304,,,,False,POSSIBLE_NEAR_DUPLICATE,NO_TEST_CANDIDATE,False,REPOSITORY_LICENSE_VERIFIED; ORIGINAL_REPOSITORY_VERIFIED,THIRD_PARTY_IMAGE_RIGHTS_UNCLEAR; REVIEW_REQUIRED,True,REVIEW_LICENSE,"Repository MIT license verified, but README says Google-sourced images may be copyrighted"
Venomous/Russell's Viper/Daboia_siamensis_WN_adult_D8D_5167e.jpg,Daboia_siamensis_WN_adult_D8D_5167e.jpg,Venomous,Russell's Viper,8df81c6f1f26e9043f31d86f983f96137ee02cbd43354a6cdcf86c2403511bf1,2048,1306,,,,False,POSSIBLE_NEAR_DUPLICATE,NO_TEST_CANDIDATE,False,REPOSITORY_LICENSE_VERIFIED; ORIGINAL_REPOSITORY_VERIFIED,THIRD_PARTY_IMAGE_RIGHTS_UNCLEAR; REVIEW_REQUIRED,True,REVIEW_LICENSE,"Repository MIT license verified, but README says Google-sourced images may be copyrighted"
Venomous/Russell's Viper/DSC_1996.JPG,DSC_1996.JPG,Venomous,Russell's Viper,8fe8dd1f9e332d91b3c41c216787a258905a3ebeb4f16ec5eabb5e72bcf25fea,1600,1071,,,,False,POSSIBLE_NEAR_DUPLICATE,NO_TEST_CANDIDATE,False,REPOSITORY_LICENSE_VERIFIED; ORIGINAL_REPOSITORY_VERIFIED,THIRD_PARTY_IMAGE_RIGHTS_UNCLEAR; REVIEW_REQUIRED,True,REVIEW_LICENSE,"Repository MIT license verified, but README says Google-sourced images may be copyrighted"
Venomous/Russell's Viper/File-Daboia_russelii_head_A_Chawla02.jpg,File-Daboia_russelii_head_A_Chawla02.jpg,Venomous,Russell's Viper,aa814bdfd2794acd6cffeac7e66307a0b542ad739358e7eb1159a804ab6ecd7e,3072,2304,,,,False,POSSIBLE_NEAR_DUPLICATE,NO_TEST_CANDIDATE,False,REPOSITORY_LICENSE_VERIFIED; ORIGINAL_REPOSITORY_VERIFIED,THIRD_PARTY_IMAGE_RIGHTS_UNCLEAR; REVIEW_REQUIRED,True,REVIEW_LICENSE,"Repository MIT license verified, but README says Google-sourced images may be copyrighted"
Venomous/Russell's Viper/IMG_1426-Edit.jpg,IMG_1426-Edit.jpg,Venomous,Russell's Viper,e94d9d2b85df826140f8d2f734723d287304dd9f630cc4380286a3ef5f876de6,1600,1066,,,,False,LIKELY_NEAR_DUPLICATE,NO_TEST_CANDIDATE,False,REPOSITORY_LICENSE_VERIFIED; ORIGINAL_REPOSITORY_VERIFIED,THIRD_PARTY_IMAGE_RIGHTS_UNCLEAR; REVIEW_REQUIRED,True,REVIEW_LIKELY_NEAR_DUPLICATE,Likely near-duplicate requires human decision
Venomous/Russell's Viper/IMG_3809-2.jpg,IMG_3809-2.jpg,Venomous,Russell's Viper,620f4804beea4720b97054a1ddf393ff9388a870fb073d58733d27a809386d63,4148,2778,,,,False,POSSIBLE_NEAR_DUPLICATE,NO_TEST_CANDIDATE,False,REPOSITORY_LICENSE_VERIFIED; ORIGINAL_REPOSITORY_VERIFIED,THIRD_PARTY_IMAGE_RIGHTS_UNCLEAR; REVIEW_REQUIRED,True,REVIEW_LICENSE,"Repository MIT license verified, but README says Google-sourced images may be copyrighted"
Venomous/Russell's Viper/IMG_3822-2.jpg,IMG_3822-2.jpg,Venomous,Russell's Viper,92d24f7f6d638e8a79641a7db28da55d180475137d3e133a7d6c6d191c84a8e0,2764,1801,,,,False,POSSIBLE_NEAR_DUPLICATE,NO_TEST_CANDIDATE,False,REPOSITORY_LICENSE_VERIFIED; ORIGINAL_REPOSITORY_VERIFIED,THIRD_PARTY_IMAGE_RIGHTS_UNCLEAR; REVIEW_REQUIRED,True,REVIEW_LICENSE,"Repository MIT license verified, but README says Google-sourced images may be copyrighted"
Venomous/Russell's Viper/IMG_4386-2.jpg,IMG_4386-2.jpg,Venomous,Russell's Viper,83ea1a4f9ec9d76f6342af190a5eefb778677eef86d34c87d47bc5dcab13d0b4,3267,2265,EXACT0001,,SOURCE_GROUP_0007,False,POSSIBLE_NEAR_DUPLICATE,NO_TEST_CANDIDATE,True,REPOSITORY_LICENSE_VERIFIED; ORIGINAL_REPOSITORY_VERIFIED,THIRD_PARTY_IMAGE_RIGHTS_UNCLEAR; REVIEW_REQUIRED,True,REVIEW_SPECIES_CONFLICT,Same-parent species metadata conflict
Venomous/Russell's Viper/maxresdefault.jpg,maxresdefault.jpg,Venomous,Russell's Viper,8d027c7199aaceb46ff0c5e9fdcac12be1a2fc84133c26252d97b63858de8b1a,1280,720,,,,False,POSSIBLE_NEAR_DUPLICATE,NO_TEST_CANDIDATE,False,REPOSITORY_LICENSE_VERIFIED; ORIGINAL_REPOSITORY_VERIFIED,THIRD_PARTY_IMAGE_RIGHTS_UNCLEAR; REVIEW_REQUIRED,True,REVIEW_LICENSE,"Repository MIT license verified, but README says Google-sourced images may be copyrighted"
Venomous/Russell's Viper/maxresdefault_001.jpg,maxresdefault_001.jpg,Venomous,Russell's Viper,4dcc3798efe0248dfd56a168fb3220673fed78d2db1392f213ff574efd5b1b6e,1920,1080,,,,False,POSSIBLE_NEAR_DUPLICATE,NO_TEST_CANDIDATE,False,REPOSITORY_LICENSE_VERIFIED; ORIGINAL_REPOSITORY_VERIFIED,THIRD_PARTY_IMAGE_RIGHTS_UNCLEAR; REVIEW_REQUIRED,True,REVIEW_LICENSE,"Repository MIT license verified, but README says Google-sourced images may be copyrighted"
Venomous/Russell's Viper/maxresdefault_002.jpg,maxresdefault_002.jpg,Venomous,Russell's Viper,ff4da890dfb4afb273b45f4ce7398868b8f58076688d6645f4e7c1f9d4909f33,1920,1080,,,,False,POSSIBLE_NEAR_DUPLICATE,NO_TEST_CANDIDATE,False,REPOSITORY_LICENSE_VERIFIED; ORIGINAL_REPOSITORY_VERIFIED,THIRD_PARTY_IMAGE_RIGHTS_UNCLEAR; REVIEW_REQUIRED,True,REVIEW_LICENSE,"Repository MIT license verified, but README says Google-sourced images may be copyrighted"
Venomous/Russell's Viper/maxresdefault_006.jpg,maxresdefault_006.jpg,Venomous,Russell's Viper,2b1f92e39964889abdfd87159e470c88b5b608082489320a82962ff07d93b963,1280,720,,,,False,POSSIBLE_NEAR_DUPLICATE,NO_TEST_CANDIDATE,False,REPOSITORY_LICENSE_VERIFIED; ORIGINAL_REPOSITORY_VERIFIED,THIRD_PARTY_IMAGE_RIGHTS_UNCLEAR; REVIEW_REQUIRED,True,REVIEW_LICENSE,"Repository MIT license verified, but README says Google-sourced images may be copyrighted"
Venomous/Russell's Viper/maxresdefault_007.jpg,maxresdefault_007.jpg,Venomous,Russell's Viper,f5624cb3c79bd92be236a2338fcf67864620d4d8f780f18aaac45cff2a07496d,1280,720,,,,False,POSSIBLE_NEAR_DUPLICATE,NO_TEST_CANDIDATE,False,REPOSITORY_LICENSE_VERIFIED; ORIGINAL_REPOSITORY_VERIFIED,THIRD_PARTY_IMAGE_RIGHTS_UNCLEAR; REVIEW_REQUIRED,True,REVIEW_LICENSE,"Repository MIT license verified, but README says Google-sourced images may be copyrighted"
Venomous/Russell's Viper/mod_dsc047651.jpg,mod_dsc047651.jpg,Venomous,Russell's Viper,fb707a2c906450e080c741f6b1271d4f39648b59c130bf002686e34587d89def,1304,1460,,,,False,NO_STRICT_MATCH,NO_TEST_CANDIDATE,False,REPOSITORY_LICENSE_VERIFIED; ORIGINAL_REPOSITORY_VERIFIED,THIRD_PARTY_IMAGE_RIGHTS_UNCLEAR; REVIEW_REQUIRED,True,REVIEW_LICENSE,"Repository MIT license verified, but README says Google-sourced images may be copyrighted"
Venomous/Russell's Viper/P7180061.jpg,P7180061.jpg,Venomous,Russell's Viper,2ad3fc96e083ac019500fe91ad8c27a222777a8de8a8c17536e43daeeb9249a8,200,361,,,,False,POSSIBLE_NEAR_DUPLICATE,NO_TEST_CANDIDATE,False,REPOSITORY_LICENSE_VERIFIED; ORIGINAL_REPOSITORY_VERIFIED,THIRD_PARTY_IMAGE_RIGHTS_UNCLEAR; REVIEW_REQUIRED,True,REVIEW_LICENSE,"Repository MIT license verified, but README says Google-sourced images may be copyrighted"
Venomous/Russell's Viper/RC1848W.jpg,RC1848W.jpg,Venomous,Russell's Viper,50d31c0d681a5b34c32444f79c1077f9821470a07431bba20441e6e55e880c68,730,324,,,,False,POSSIBLE_NEAR_DUPLICATE,NO_TEST_CANDIDATE,False,REPOSITORY_LICENSE_VERIFIED; ORIGINAL_REPOSITORY_VERIFIED,THIRD_PARTY_IMAGE_RIGHTS_UNCLEAR; REVIEW_REQUIRED,True,REVIEW_LICENSE,"Repository MIT license verified, but README says Google-sourced images may be copyrighted"
Venomous/Russell's Viper/RUSFULL_.JPG,RUSFULL_.JPG,Venomous,Russell's Viper,07ac2c32dbf81e3c4c90fc0322c6e259754f63a1528f1f882875353ba4415d70,1070,708,,,,False,POSSIBLE_NEAR_DUPLICATE,NO_TEST_CANDIDATE,False,REPOSITORY_LICENSE_VERIFIED; ORIGINAL_REPOSITORY_VERIFIED,THIRD_PARTY_IMAGE_RIGHTS_UNCLEAR; REVIEW_REQUIRED,True,REVIEW_LICENSE,"Repository MIT license verified, but README says Google-sourced images may be copyrighted"
Venomous/Russell's Viper/RUSHEAD1.JPG,RUSHEAD1.JPG,Venomous,Russell's Viper,372fe9c0592e3ed2ff44b7e1a62c51841466cae9928a49d046249ca54f73a5c0,1999,1296,,,,False,POSSIBLE_NEAR_DUPLICATE,NO_TEST_CANDIDATE,False,REPOSITORY_LICENSE_VERIFIED; ORIGINAL_REPOSITORY_VERIFIED,THIRD_PARTY_IMAGE_RIGHTS_UNCLEAR; REVIEW_REQUIRED,True,REVIEW_LICENSE,"Repository MIT license verified, but README says Google-sourced images may be copyrighted"
Venomous/Russell's Viper/Russell's_Viper.JPG,Russell's_Viper.JPG,Venomous,Russell's Viper,383248854f9c7268629e458c19dc8fe7add8569c8ec2c87a9f1344672294e820,5184,3456,,,,False,POSSIBLE_NEAR_DUPLICATE,NO_TEST_CANDIDATE,False,REPOSITORY_LICENSE_VERIFIED; ORIGINAL_REPOSITORY_VERIFIED,THIRD_PARTY_IMAGE_RIGHTS_UNCLEAR; REVIEW_REQUIRED,True,REVIEW_LICENSE,"Repository MIT license verified, but README says Google-sourced images may be copyrighted"
Venomous/Russell's Viper/Russell's_Viper_(Daboia_russelli).JPG,Russell's_Viper_(Daboia_russelli).JPG,Venomous,Russell's Viper,bff4a06976f428550ff9bbd77c695f5bb3368e3662371ea03138e1bed4b77a66,3648,2736,,,,False,POSSIBLE_NEAR_DUPLICATE,NO_TEST_CANDIDATE,False,REPOSITORY_LICENSE_VERIFIED; ORIGINAL_REPOSITORY_VERIFIED,THIRD_PARTY_IMAGE_RIGHTS_UNCLEAR; REVIEW_REQUIRED,True,REVIEW_LICENSE,"Repository MIT license verified, but README says Google-sourced images may be copyrighted"
Venomous/Russell's Viper/Russell's_Viper_-_Transportation_Box.JPG,Russell's_Viper_-_Transportation_Box.JPG,Venomous,Russell's Viper,08ee003272bede16c8c19df1239586955dfc95bcedc6319cfa3761515da66102,3456,2304,,,,False,POSSIBLE_NEAR_DUPLICATE,NO_TEST_CANDIDATE,False,REPOSITORY_LICENSE_VERIFIED; ORIGINAL_REPOSITORY_VERIFIED,THIRD_PARTY_IMAGE_RIGHTS_UNCLEAR; REVIEW_REQUIRED,True,REVIEW_LICENSE,"Repository MIT license verified, but README says Google-sourced images may be copyrighted"
Venomous/Russell's Viper/russell-s-viper-male.jpg,russell-s-viper-male.jpg,Venomous,Russell's Viper,3520126ecef10ce140b27232dfe9c4b84e172f8ed9995fffafe0b0fc2a9cc110,550,309,,,,False,LIKELY_NEAR_DUPLICATE,NO_TEST_CANDIDATE,False,REPOSITORY_LICENSE_VERIFIED; ORIGINAL_REPOSITORY_VERIFIED,THIRD_PARTY_IMAGE_RIGHTS_UNCLEAR; REVIEW_REQUIRED,True,REVIEW_LIKELY_NEAR_DUPLICATE,Likely near-duplicate requires human decision
Venomous/Russell's Viper/RUSSELL_VIPER.JPG,RUSSELL_VIPER.JPG,Venomous,Russell's Viper,ac89969ee2743dbb484562cb68bcf130b106f5313ffc6e5571410e12283e3dca,2592,1944,,,,False,POSSIBLE_NEAR_DUPLICATE,NO_TEST_CANDIDATE,False,REPOSITORY_LICENSE_VERIFIED; ORIGINAL_REPOSITORY_VERIFIED,THIRD_PARTY_IMAGE_RIGHTS_UNCLEAR; REVIEW_REQUIRED,True,REVIEW_LICENSE,"Repository MIT license verified, but README says Google-sourced images may be copyrighted"
Venomous/Russell's Viper/Russels-viper-Mike-Lyssarides-permissioned.jpg,Russels-viper-Mike-Lyssarides-permissioned.jpg,Venomous,Russell's Viper,54dce17743663895383e5097e3d78840c7b845c4c41a78d52c18c9c972934e6b,800,451,,,,False,POSSIBLE_NEAR_DUPLICATE,NO_TEST_CANDIDATE,False,REPOSITORY_LICENSE_VERIFIED; ORIGINAL_REPOSITORY_VERIFIED,THIRD_PARTY_IMAGE_RIGHTS_UNCLEAR; REVIEW_REQUIRED,True,REVIEW_LICENSE,"Repository MIT license verified, but README says Google-sourced images may be copyrighted"
Venomous/Russell's Viper/RV1.jpg,RV1.jpg,Venomous,Russell's Viper,0d24bb18db0448cf09e1c006105dc14f7aaebfeaf31c93dcc0bedabf7fd967e3,1836,3264,,,,False,POSSIBLE_NEAR_DUPLICATE,NO_TEST_CANDIDATE,False,REPOSITORY_LICENSE_VERIFIED; ORIGINAL_REPOSITORY_VERIFIED,THIRD_PARTY_IMAGE_RIGHTS_UNCLEAR; REVIEW_REQUIRED,True,REVIEW_LICENSE,"Repository MIT license verified, but README says Google-sourced images may be copyrighted"
Venomous/Russell's Viper/rw-146-RussellsViperorDaboya.png,rw-146-RussellsViperorDaboya.png,Venomous,Russell's Viper,396b1e63c0bbf18f5ce5140f669b46444eebbef7ce4f4a4158aa4b4d027ca825,498,367,,,,False,NO_STRICT_MATCH,NO_TEST_CANDIDATE,False,REPOSITORY_LICENSE_VERIFIED; ORIGINAL_REPOSITORY_VERIFIED,THIRD_PARTY_IMAGE_RIGHTS_UNCLEAR; REVIEW_REQUIRED,True,REVIEW_LICENSE,"Repository MIT license verified, but README says Google-sourced images may be copyrighted"
Venomous/Russell's Viper/siamese-russells-viper.jpg,siamese-russells-viper.jpg,Venomous,Russell's Viper,b0af6e9bad0cb1391990b54a21b9dafffeed6efc7d18e24d52b8304c502d78b5,3000,4000,,,,False,POSSIBLE_NEAR_DUPLICATE,NO_TEST_CANDIDATE,False,REPOSITORY_LICENSE_VERIFIED; ORIGINAL_REPOSITORY_VERIFIED,THIRD_PARTY_IMAGE_RIGHTS_UNCLEAR; REVIEW_REQUIRED,True,REVIEW_LICENSE,"Repository MIT license verified, but README says Google-sourced images may be copyrighted"
Venomous/Russell's Viper/sites_snake-antivenin.com_files_russell-viper-daboia-russelli-siamensis-antivenom-red-cross.jpg,sites_snake-antivenin.com_files_russell-viper-daboia-russelli-siamensis-antivenom-red-cross.jpg,Venomous,Russell's Viper,fc11d331c5226ec265a38174cbc664896c2848840645e3e3b19f3552a1c251f9,373,215,,,,False,POSSIBLE_NEAR_DUPLICATE,NO_TEST_CANDIDATE,False,REPOSITORY_LICENSE_VERIFIED; ORIGINAL_REPOSITORY_VERIFIED,THIRD_PARTY_IMAGE_RIGHTS_UNCLEAR; REVIEW_REQUIRED,True,REVIEW_LICENSE,"Repository MIT license verified, but README says Google-sourced images may be copyrighted"
Venomous/Russell's Viper/snake-bit-mit-resize-1.jpg,snake-bit-mit-resize-1.jpg,Venomous,Russell's Viper,6659efe8a0c5352b0e224b21c7b0513d4e30ba7605757e6b3b6250e730018641,1024,577,,,,False,POSSIBLE_NEAR_DUPLICATE,NO_TEST_CANDIDATE,False,REPOSITORY_LICENSE_VERIFIED; ORIGINAL_REPOSITORY_VERIFIED,THIRD_PARTY_IMAGE_RIGHTS_UNCLEAR; REVIEW_REQUIRED,True,REVIEW_LICENSE,"Repository MIT license verified, but README says Google-sourced images may be copyrighted"
Venomous/Russell's Viper/stock-photo-tirunelveli-tamil-nadu-india-february-indian-man-catches-a-russell-s-viper-on-february-144885574.jpg,stock-photo-tirunelveli-tamil-nadu-india-february-indian-man-catches-a-russell-s-viper-on-february-144885574.jpg,Venomous,Russell's Viper,3f4629d36eb0298d3bad4d896a991fc89516024ee918a28518ed9b5b40c0d322,299,470,,,,False,NO_STRICT_MATCH,NO_TEST_CANDIDATE,False,REPOSITORY_LICENSE_VERIFIED; ORIGINAL_REPOSITORY_VERIFIED,THIRD_PARTY_IMAGE_RIGHTS_UNCLEAR; REVIEW_REQUIRED,True,REVIEW_LICENSE,"Repository MIT license verified, but README says Google-sourced images may be copyrighted"
Venomous/Russell's Viper/toz19228l.jpg,toz19228l.jpg,Venomous,Russell's Viper,7cedb5340d248eda558971af4a35e5f850702485370cea40f82ddcccbbefd204,1600,1200,,,,False,LIKELY_NEAR_DUPLICATE,NO_TEST_CANDIDATE,False,REPOSITORY_LICENSE_VERIFIED; ORIGINAL_REPOSITORY_VERIFIED,THIRD_PARTY_IMAGE_RIGHTS_UNCLEAR; REVIEW_REQUIRED,True,REVIEW_LIKELY_NEAR_DUPLICATE,Likely near-duplicate requires human decision
Venomous/Russell's Viper/viper-for-jasmine_img_0518.jpg,viper-for-jasmine_img_0518.jpg,Venomous,Russell's Viper,cdc4487c773f008a8daf21501a18482aaaf9bdeb0b8baeb4be2995675df1be5e,1426,950,,,,False,NO_STRICT_MATCH,NO_TEST_CANDIDATE,False,REPOSITORY_LICENSE_VERIFIED; ORIGINAL_REPOSITORY_VERIFIED,THIRD_PARTY_IMAGE_RIGHTS_UNCLEAR; REVIEW_REQUIRED,True,REVIEW_LICENSE,"Repository MIT license verified, but README says Google-sourced images may be copyrighted"
Venomous/Saw-scaled Viper/0240.jpeg,0240.jpeg,Venomous,Saw-scaled Viper,b11c2258055cfc70974c39dbac7436e4ca9a3d569fea74010bdd15ad89f36a71,500,304,,,,False,LIKELY_NEAR_DUPLICATE,NO_TEST_CANDIDATE,False,REPOSITORY_LICENSE_VERIFIED; ORIGINAL_REPOSITORY_VERIFIED,THIRD_PARTY_IMAGE_RIGHTS_UNCLEAR; REVIEW_REQUIRED,True,REVIEW_LIKELY_NEAR_DUPLICATE,Likely near-duplicate requires human decision
Venomous/Saw-scaled Viper/0450.jpeg,0450.jpeg,Venomous,Saw-scaled Viper,f0bc96959691d48a725c66b178c3cc6ae71ffe1c1b8db48d8205fb5fd9964bbe,550,367,,,,False,NO_STRICT_MATCH,NO_TEST_CANDIDATE,False,REPOSITORY_LICENSE_VERIFIED; ORIGINAL_REPOSITORY_VERIFIED,THIRD_PARTY_IMAGE_RIGHTS_UNCLEAR; REVIEW_REQUIRED,True,REVIEW_LICENSE,"Repository MIT license verified, but README says Google-sourced images may be copyrighted"
Venomous/Saw-scaled Viper/0636.jpeg,0636.jpeg,Venomous,Saw-scaled Viper,190283c19a275fa721fd61f3144227390046c94b9693a03ee8241cfe9080d20a,700,500,,,,False,NO_STRICT_MATCH,NO_TEST_CANDIDATE,False,REPOSITORY_LICENSE_VERIFIED; ORIGINAL_REPOSITORY_VERIFIED,THIRD_PARTY_IMAGE_RIGHTS_UNCLEAR; REVIEW_REQUIRED,True,REVIEW_LICENSE,"Repository MIT license verified, but README says Google-sourced images may be copyrighted"
Venomous/Saw-scaled Viper/0804.jpeg,0804.jpeg,Venomous,Saw-scaled Viper,09ac14e3672cf5f4afb22c0dc9c993635f3a52b74c5f43e814fd44fba301d5b8,1024,537,,,,False,POSSIBLE_NEAR_DUPLICATE,NO_TEST_CANDIDATE,False,REPOSITORY_LICENSE_VERIFIED; ORIGINAL_REPOSITORY_VERIFIED,THIRD_PARTY_IMAGE_RIGHTS_UNCLEAR; REVIEW_REQUIRED,True,REVIEW_LICENSE,"Repository MIT license verified, but README says Google-sourced images may be copyrighted"
Venomous/Saw-scaled Viper/0820.jpeg,0820.jpeg,Venomous,Saw-scaled Viper,591b5f53ab44173b9030ccf2929023ff865b132dae0437d4a9b525bb56d2d7d1,850,567,,,,False,NO_STRICT_MATCH,NO_TEST_CANDIDATE,False,REPOSITORY_LICENSE_VERIFIED; ORIGINAL_REPOSITORY_VERIFIED,THIRD_PARTY_IMAGE_RIGHTS_UNCLEAR; REVIEW_REQUIRED,True,REVIEW_LICENSE,"Repository MIT license verified, but README says Google-sourced images may be copyrighted"
Venomous/Saw-scaled Viper/0977.jpeg,0977.jpeg,Venomous,Saw-scaled Viper,d0a0027e20311b32cf7df09cb050ffd1c6724578936deb7b608e917fb7c1b87b,432,288,,,,False,NO_STRICT_MATCH,NO_TEST_CANDIDATE,False,REPOSITORY_LICENSE_VERIFIED; ORIGINAL_REPOSITORY_VERIFIED,THIRD_PARTY_IMAGE_RIGHTS_UNCLEAR; REVIEW_REQUIRED,True,REVIEW_LICENSE,"Repository MIT license verified, but README says Google-sourced images may be copyrighted"
Venomous/Saw-scaled Viper/1046.jpeg,1046.jpeg,Venomous,Saw-scaled Viper,3853d56a0a75ae32f6cc88bc8f1720a1f20c79d18d3a908e1109af588c254497,550,367,,,,False,NO_STRICT_MATCH,NO_TEST_CANDIDATE,False,REPOSITORY_LICENSE_VERIFIED; ORIGINAL_REPOSITORY_VERIFIED,THIRD_PARTY_IMAGE_RIGHTS_UNCLEAR; REVIEW_REQUIRED,True,REVIEW_LICENSE,"Repository MIT license verified, but README says Google-sourced images may be copyrighted"
Venomous/Saw-scaled Viper/1056.jpeg,1056.jpeg,Venomous,Saw-scaled Viper,ef5fe2a1427c7f7f9cc6784665b90219a04a1a902d7ace48c68b3120c990dcc4,650,535,,,,False,NO_STRICT_MATCH,NO_TEST_CANDIDATE,False,REPOSITORY_LICENSE_VERIFIED; ORIGINAL_REPOSITORY_VERIFIED,THIRD_PARTY_IMAGE_RIGHTS_UNCLEAR; REVIEW_REQUIRED,True,REVIEW_LICENSE,"Repository MIT license verified, but README says Google-sourced images may be copyrighted"
Venomous/Saw-scaled Viper/114-viper.jpg,114-viper.jpg,Venomous,Saw-scaled Viper,4c5b4d11b63f1e9464e7e52df50df7edaed7986bbf05b2b713380bb20d6fe3e5,854,480,,,,False,POSSIBLE_NEAR_DUPLICATE,POSSIBLE_LEAKAGE_RISK,False,REPOSITORY_LICENSE_VERIFIED; ORIGINAL_REPOSITORY_VERIFIED,THIRD_PARTY_IMAGE_RIGHTS_UNCLEAR; REVIEW_REQUIRED,True,REVIEW_LICENSE,"Repository MIT license verified, but README says Google-sourced images may be copyrighted"
Venomous/Saw-scaled Viper/1209.jpeg,1209.jpeg,Venomous,Saw-scaled Viper,f72cc801c724d90288df3b57688b9d00d8ac9613a613f083192531d5cd9bec75,850,567,,,,False,NO_STRICT_MATCH,NO_TEST_CANDIDATE,False,REPOSITORY_LICENSE_VERIFIED; ORIGINAL_REPOSITORY_VERIFIED,THIRD_PARTY_IMAGE_RIGHTS_UNCLEAR; REVIEW_REQUIRED,True,REVIEW_LICENSE,"Repository MIT license verified, but README says Google-sourced images may be copyrighted"
Venomous/Saw-scaled Viper/12873_2012_Article_167_Fig1_HTML.jpg,12873_2012_Article_167_Fig1_HTML.jpg,Venomous,Saw-scaled Viper,b6e2e6c711363d60b4a8b1244dda0c7a8d025e40d4afa2bddccf44e1bef80c3c,1200,716,,,,False,POSSIBLE_NEAR_DUPLICATE,NO_TEST_CANDIDATE,False,REPOSITORY_LICENSE_VERIFIED; ORIGINAL_REPOSITORY_VERIFIED,THIRD_PARTY_IMAGE_RIGHTS_UNCLEAR; REVIEW_REQUIRED,True,REVIEW_LICENSE,"Repository MIT license verified, but README says Google-sourced images may be copyrighted"
Venomous/Saw-scaled Viper/1440.jpeg,1440.jpeg,Venomous,Saw-scaled Viper,d1f828cd6f8e95ccccec21ced9dce8df6c8d5fa2059f382e4aa0944660ce8246,690,433,,,,False,NO_STRICT_MATCH,NO_TEST_CANDIDATE,False,REPOSITORY_LICENSE_VERIFIED; ORIGINAL_REPOSITORY_VERIFIED,THIRD_PARTY_IMAGE_RIGHTS_UNCLEAR; REVIEW_REQUIRED,True,REVIEW_LICENSE,"Repository MIT license verified, but README says Google-sourced images may be copyrighted"
Venomous/Saw-scaled Viper/15155896108_9c22ac4833_b.jpg,15155896108_9c22ac4833_b.jpg,Venomous,Saw-scaled Viper,8beba0336d1b1a3ba68efe349d477ca4a3e47859a7fb1f6798e847b9b784fd93,1024,591,,,,False,POSSIBLE_NEAR_DUPLICATE,NO_TEST_CANDIDATE,False,REPOSITORY_LICENSE_VERIFIED; ORIGINAL_REPOSITORY_VERIFIED,THIRD_PARTY_IMAGE_RIGHTS_UNCLEAR; REVIEW_REQUIRED,True,REVIEW_LICENSE,"Repository MIT license verified, but README says Google-sourced images may be copyrighted"
Venomous/Saw-scaled Viper/506552827-egyptian-saw-scaled-viper-wriggling-gecko-chad.jpg,506552827-egyptian-saw-scaled-viper-wriggling-gecko-chad.jpg,Venomous,Saw-scaled Viper,2b7ef46df26b6af5a72bbc7df33f47fd4f4bc7488110af5ab5d1ed61daf6e724,480,270,,,,False,LIKELY_NEAR_DUPLICATE,NO_TEST_CANDIDATE,False,REPOSITORY_LICENSE_VERIFIED; ORIGINAL_REPOSITORY_VERIFIED,THIRD_PARTY_IMAGE_RIGHTS_UNCLEAR; REVIEW_REQUIRED,True,REVIEW_LIKELY_NEAR_DUPLICATE,Likely near-duplicate requires human decision
Venomous/Saw-scaled Viper/5739148026_6b28169cd9_b.jpg,5739148026_6b28169cd9_b.jpg,Venomous,Saw-scaled Viper,fbca7e3c9cae0dafeda0bf580954b434f1bf2d6353f4fcbdbfcb7b490f22d198,800,432,,,,False,POSSIBLE_NEAR_DUPLICATE,NO_TEST_CANDIDATE,False,REPOSITORY_LICENSE_VERIFIED; ORIGINAL_REPOSITORY_VERIFIED,THIRD_PARTY_IMAGE_RIGHTS_UNCLEAR; REVIEW_REQUIRED,True,REVIEW_LICENSE,"Repository MIT license verified, but README says Google-sourced images may be copyrighted"
Venomous/Saw-scaled Viper/602197057-egyptian-saw-scaled-viper-lurking-worming-chad.jpg,602197057-egyptian-saw-scaled-viper-lurking-worming-chad.jpg,Venomous,Saw-scaled Viper,202efa3896d12e3c38040b58974de767481c8a25f003867eb2b7d2b899b46eee,960,540,,,,False,POSSIBLE_NEAR_DUPLICATE,NO_TEST_CANDIDATE,False,REPOSITORY_LICENSE_VERIFIED; ORIGINAL_REPOSITORY_VERIFIED,THIRD_PARTY_IMAGE_RIGHTS_UNCLEAR; REVIEW_REQUIRED,True,REVIEW_LICENSE,"Repository MIT license verified, but README says Google-sourced images may be copyrighted"
Venomous/Saw-scaled Viper/619283807-egyptian-saw-scaled-viper-lurking-chad-sahara-das-versunkene-paradies.jpg,619283807-egyptian-saw-scaled-viper-lurking-chad-sahara-das-versunkene-paradies.jpg,Venomous,Saw-scaled Viper,55881dff24fa31d54262e2fa9a68957ecca284145b8c87f16bb8b2ce9ecb17cf,960,540,,,,False,POSSIBLE_NEAR_DUPLICATE,NO_TEST_CANDIDATE,False,REPOSITORY_LICENSE_VERIFIED; ORIGINAL_REPOSITORY_VERIFIED,THIRD_PARTY_IMAGE_RIGHTS_UNCLEAR; REVIEW_REQUIRED,True,REVIEW_LICENSE,"Repository MIT license verified, but README says Google-sourced images may be copyrighted"
Venomous/Saw-scaled Viper/661453767-egyptian-saw-scaled-viper-lurking-worming-chad.jpg,661453767-egyptian-saw-scaled-viper-lurking-worming-chad.jpg,Venomous,Saw-scaled Viper,3e3945edf47ebcd96052f960d66fa7882a8af6a969bf6801535da20050c0beae,480,270,,,,False,POSSIBLE_NEAR_DUPLICATE,NO_TEST_CANDIDATE,False,REPOSITORY_LICENSE_VERIFIED; ORIGINAL_REPOSITORY_VERIFIED,THIRD_PARTY_IMAGE_RIGHTS_UNCLEAR; REVIEW_REQUIRED,True,REVIEW_LICENSE,"Repository MIT license verified, but README says Google-sourced images may be copyrighted"
Venomous/Saw-scaled Viper/6834742881_d6100bca97_b.jpg,6834742881_d6100bca97_b.jpg,Venomous,Saw-scaled Viper,bc1f7334275b674ab4261cd3c7a0e4bec937bad6ec70f452345cfe7e48b5f2e4,1024,617,,,,False,LIKELY_NEAR_DUPLICATE,NO_TEST_CANDIDATE,False,REPOSITORY_LICENSE_VERIFIED; ORIGINAL_REPOSITORY_VERIFIED,THIRD_PARTY_IMAGE_RIGHTS_UNCLEAR; REVIEW_REQUIRED,True,REVIEW_LIKELY_NEAR_DUPLICATE,Likely near-duplicate requires human decision
Venomous/Saw-scaled Viper/686451267-wall-gecko-egyptian-saw-scaled-viper-worming-chad.jpg,686451267-wall-gecko-egyptian-saw-scaled-viper-worming-chad.jpg,Venomous,Saw-scaled Viper,4e1a7dba2c446299e30a7ff1f00f4bd4044400b1ecfabdde17a12f171b7721c3,960,540,,,,False,LIKELY_NEAR_DUPLICATE,NO_TEST_CANDIDATE,False,REPOSITORY_LICENSE_VERIFIED; ORIGINAL_REPOSITORY_VERIFIED,THIRD_PARTY_IMAGE_RIGHTS_UNCLEAR; REVIEW_REQUIRED,True,REVIEW_LIKELY_NEAR_DUPLICATE,Likely near-duplicate requires human decision
Venomous/Saw-scaled Viper/699780063-wall-gecko-egyptian-saw-scaled-viper-chad-sahara-das-versunkene-paradies.jpg,699780063-wall-gecko-egyptian-saw-scaled-viper-chad-sahara-das-versunkene-paradies.jpg,Venomous,Saw-scaled Viper,6e370757067e588bc1b0270208c61c85791e07f18d25cc72c189eaa9782525bf,960,540,,,,False,LIKELY_NEAR_DUPLICATE,NO_TEST_CANDIDATE,False,REPOSITORY_LICENSE_VERIFIED; ORIGINAL_REPOSITORY_VERIFIED,THIRD_PARTY_IMAGE_RIGHTS_UNCLEAR; REVIEW_REQUIRED,True,REVIEW_LIKELY_NEAR_DUPLICATE,Likely near-duplicate requires human decision
Venomous/Saw-scaled Viper/755725196-egyptian-saw-scaled-viper-gecko-chad-sahara-das-versunkene-paradies.jpg,755725196-egyptian-saw-scaled-viper-gecko-chad-sahara-das-versunkene-paradies.jpg,Venomous,Saw-scaled Viper,95d52acbf01d1a1ae97e9a3ee1bb474882475c7ddffb2948997d934dcde8e356,960,540,,,,False,POSSIBLE_NEAR_DUPLICATE,NO_TEST_CANDIDATE,False,REPOSITORY_LICENSE_VERIFIED; ORIGINAL_REPOSITORY_VERIFIED,THIRD_PARTY_IMAGE_RIGHTS_UNCLEAR; REVIEW_REQUIRED,True,REVIEW_LICENSE,"Repository MIT license verified, but README says Google-sourced images may be copyrighted"
Venomous/Saw-scaled Viper/806797304-wall-gecko-egyptian-saw-scaled-viper-chad-sahara-das-versunkene-paradies.jpg,806797304-wall-gecko-egyptian-saw-scaled-viper-chad-sahara-das-versunkene-paradies.jpg,Venomous,Saw-scaled Viper,348a6740c9340dcff8e35c1bf2033215fbc5fb2811af50e1236f84b0cca50993,960,540,,,,False,POSSIBLE_NEAR_DUPLICATE,NO_TEST_CANDIDATE,False,REPOSITORY_LICENSE_VERIFIED; ORIGINAL_REPOSITORY_VERIFIED,THIRD_PARTY_IMAGE_RIGHTS_UNCLEAR; REVIEW_REQUIRED,True,REVIEW_LICENSE,"Repository MIT license verified, but README says Google-sourced images may be copyrighted"
Venomous/Saw-scaled Viper/886949850-wall-gecko-egyptian-saw-scaled-viper-wriggling-chad.jpg,886949850-wall-gecko-egyptian-saw-scaled-viper-wriggling-chad.jpg,Venomous,Saw-scaled Viper,29e460384f70d5eb35e1c9bd5ceac88d078ed8177ea940a88c99345a2d1f1abe,960,540,,,,False,POSSIBLE_NEAR_DUPLICATE,NO_TEST_CANDIDATE,False,REPOSITORY_LICENSE_VERIFIED; ORIGINAL_REPOSITORY_VERIFIED,THIRD_PARTY_IMAGE_RIGHTS_UNCLEAR; REVIEW_REQUIRED,True,REVIEW_LICENSE,"Repository MIT license verified, but README says Google-sourced images may be copyrighted"
Venomous/Saw-scaled Viper/90130058.jpg,90130058.jpg,Venomous,Saw-scaled Viper,6e0eb50f51ad7d4e75886fe42fda425d5973591928949982b8f6c0ffee664e58,700,381,,,,False,POSSIBLE_NEAR_DUPLICATE,NO_TEST_CANDIDATE,False,REPOSITORY_LICENSE_VERIFIED; ORIGINAL_REPOSITORY_VERIFIED,THIRD_PARTY_IMAGE_RIGHTS_UNCLEAR; REVIEW_REQUIRED,True,REVIEW_LICENSE,"Repository MIT license verified, but README says Google-sourced images may be copyrighted"
Venomous/Saw-scaled Viper/_afe8d134-4e76-11e6-8d8d-a42edc5c5383.jpg,_afe8d134-4e76-11e6-8d8d-a42edc5c5383.jpg,Venomous,Saw-scaled Viper,58004011c916e26b695fcc79ca7973d59dcedc783330a2bd707a55065e193b63,640,327,,,,False,POSSIBLE_NEAR_DUPLICATE,POSSIBLE_LEAKAGE_RISK,False,REPOSITORY_LICENSE_VERIFIED; ORIGINAL_REPOSITORY_VERIFIED,THIRD_PARTY_IMAGE_RIGHTS_UNCLEAR; REVIEW_REQUIRED,True,REVIEW_LICENSE,"Repository MIT license verified, but README says Google-sourced images may be copyrighted"
Venomous/Saw-scaled Viper/_DSC0260.jpg,_DSC0260.jpg,Venomous,Saw-scaled Viper,2d66314c3dc1aedea5f2347f673ce806343f0c159b678887aa9c1a70a3572775,1600,992,,,,False,POSSIBLE_NEAR_DUPLICATE,POSSIBLE_LEAKAGE_RISK,False,REPOSITORY_LICENSE_VERIFIED; ORIGINAL_REPOSITORY_VERIFIED,THIRD_PARTY_IMAGE_RIGHTS_UNCLEAR; REVIEW_REQUIRED,True,REVIEW_LICENSE,"Repository MIT license verified, but README says Google-sourced images may be copyrighted"
Venomous/Saw-scaled Viper/CY025J-1.jpg,CY025J-1.jpg,Venomous,Saw-scaled Viper,69853efd59e6b0aa387707aee0bca1907d3dfdd3c71ffa0aab598ce5ec44a4f8,2048,1360,,,,False,POSSIBLE_NEAR_DUPLICATE,POSSIBLE_LEAKAGE_RISK,False,REPOSITORY_LICENSE_VERIFIED; ORIGINAL_REPOSITORY_VERIFIED,THIRD_PARTY_IMAGE_RIGHTS_UNCLEAR; REVIEW_REQUIRED,True,REVIEW_LICENSE,"Repository MIT license verified, but README says Google-sourced images may be copyrighted"
Venomous/Saw-scaled Viper/Desktop14 copy.jpg,Desktop14 copy.jpg,Venomous,Saw-scaled Viper,fa05dc941ec7f1e9ca1fda51fde79b3ee3889bfe8870083c5a21db6cb332d134,640,360,,,,False,POSSIBLE_NEAR_DUPLICATE,NO_TEST_CANDIDATE,False,REPOSITORY_LICENSE_VERIFIED; ORIGINAL_REPOSITORY_VERIFIED,THIRD_PARTY_IMAGE_RIGHTS_UNCLEAR; REVIEW_REQUIRED,True,REVIEW_LICENSE,"Repository MIT license verified, but README says Google-sourced images may be copyrighted"
Venomous/Saw-scaled Viper/echis-carinatus-saw-scaled-viper-commonly-called-venomous-species-found-parts-middle-east-central-64402010_001.jpg,echis-carinatus-saw-scaled-viper-commonly-called-venomous-species-found-parts-middle-east-central-64402010_001.jpg,Venomous,Saw-scaled Viper,30d331d243673a3c24b3d50a53664248cd00cdd53cc6f8189aec1832b4b77723,242,160,,,,False,LIKELY_NEAR_DUPLICATE,NO_TEST_CANDIDATE,False,REPOSITORY_LICENSE_VERIFIED; ORIGINAL_REPOSITORY_VERIFIED,THIRD_PARTY_IMAGE_RIGHTS_UNCLEAR; REVIEW_REQUIRED,True,REVIEW_LIKELY_NEAR_DUPLICATE,Likely near-duplicate requires human decision
Venomous/Saw-scaled Viper/Echis_carinatus(Saw_Scaled_Viper)_Phansad.jpg,Echis_carinatus(Saw_Scaled_Viper)_Phansad.jpg,Venomous,Saw-scaled Viper,14c2f40b49b1287d2316b4134dc9050212641352d2d70889c137fd179aeff27f,2922,1908,,,,False,POSSIBLE_NEAR_DUPLICATE,NO_TEST_CANDIDATE,False,REPOSITORY_LICENSE_VERIFIED; ORIGINAL_REPOSITORY_VERIFIED,THIRD_PARTY_IMAGE_RIGHTS_UNCLEAR; REVIEW_REQUIRED,True,REVIEW_LICENSE,"Repository MIT license verified, but README says Google-sourced images may be copyrighted"
"Venomous/Saw-scaled Viper/flat,1000x1000,075,f.u4.jpg","flat,1000x1000,075,f.u4.jpg",Venomous,Saw-scaled Viper,25eccd42f7f99f4bcd062c987cd9fdc06dbfcc05633910c4a671c1d13069a44d,1000,594,,,,False,LIKELY_NEAR_DUPLICATE,NO_TEST_CANDIDATE,False,REPOSITORY_LICENSE_VERIFIED; ORIGINAL_REPOSITORY_VERIFIED,THIRD_PARTY_IMAGE_RIGHTS_UNCLEAR; REVIEW_REQUIRED,True,REVIEW_LIKELY_NEAR_DUPLICATE,Likely near-duplicate requires human decision
Venomous/Saw-scaled Viper/ht_saw_scaled_viper_heart_attack_treatment_lpl_130221_wmain.jpg,ht_saw_scaled_viper_heart_attack_treatment_lpl_130221_wmain.jpg,Venomous,Saw-scaled Viper,6ad8e486794aa940659188b0f311f5a58cc6805cf44fb3c7285294cc74bd6f66,640,360,,,,False,LIKELY_NEAR_DUPLICATE,NO_TEST_CANDIDATE,False,REPOSITORY_LICENSE_VERIFIED; ORIGINAL_REPOSITORY_VERIFIED,THIRD_PARTY_IMAGE_RIGHTS_UNCLEAR; REVIEW_REQUIRED,True,REVIEW_LIKELY_NEAR_DUPLICATE,Likely near-duplicate requires human decision
Venomous/Saw-scaled Viper/img_2505.jpg,img_2505.jpg,Venomous,Saw-scaled Viper,f14ad0f3074c8ad9c06a9c29a17de829d09badf11cfb215e4a2db29535d5056f,2431,1824,,,,False,POSSIBLE_NEAR_DUPLICATE,NO_TEST_CANDIDATE,False,REPOSITORY_LICENSE_VERIFIED; ORIGINAL_REPOSITORY_VERIFIED,THIRD_PARTY_IMAGE_RIGHTS_UNCLEAR; REVIEW_REQUIRED,True,REVIEW_LICENSE,"Repository MIT license verified, but README says Google-sourced images may be copyrighted"
Venomous/Saw-scaled Viper/IMG_3806-2.jpg,IMG_3806-2.jpg,Venomous,Saw-scaled Viper,8c258459e6210cab5992c81c91b7bf46caf85b743ca73d2991f980857c82f90d,4170,2777,,,,False,POSSIBLE_NEAR_DUPLICATE,NO_TEST_CANDIDATE,False,REPOSITORY_LICENSE_VERIFIED; ORIGINAL_REPOSITORY_VERIFIED,THIRD_PARTY_IMAGE_RIGHTS_UNCLEAR; REVIEW_REQUIRED,True,REVIEW_LICENSE,"Repository MIT license verified, but README says Google-sourced images may be copyrighted"
Venomous/Saw-scaled Viper/IMG_3808-2.jpg,IMG_3808-2.jpg,Venomous,Saw-scaled Viper,70c63c031bde35f4032478156a036b144a0cd97647ef785e4073cb05ab42238a,1834,1293,,,,False,LIKELY_NEAR_DUPLICATE,NO_TEST_CANDIDATE,False,REPOSITORY_LICENSE_VERIFIED; ORIGINAL_REPOSITORY_VERIFIED,THIRD_PARTY_IMAGE_RIGHTS_UNCLEAR; REVIEW_REQUIRED,True,REVIEW_LIKELY_NEAR_DUPLICATE,Likely near-duplicate requires human decision
Venomous/Saw-scaled Viper/IMG_4588.jpg,IMG_4588.jpg,Venomous,Saw-scaled Viper,219a184f7d9356710c6ad873f8c073f4c74920f11dfd6df2c3ac6fbc3478e021,3456,2304,,,,False,POSSIBLE_NEAR_DUPLICATE,NO_TEST_CANDIDATE,False,REPOSITORY_LICENSE_VERIFIED; ORIGINAL_REPOSITORY_VERIFIED,THIRD_PARTY_IMAGE_RIGHTS_UNCLEAR; REVIEW_REQUIRED,True,REVIEW_LICENSE,"Repository MIT license verified, but README says Google-sourced images may be copyrighted"
Venomous/Saw-scaled Viper/maxresdefault_001.jpg,maxresdefault_001.jpg,Venomous,Saw-scaled Viper,f028fb6ab02fe600e4f379bfe410f057873fc399771e4812d3b4ddb54e3d99a5,1920,1080,,,,False,POSSIBLE_NEAR_DUPLICATE,NO_TEST_CANDIDATE,False,REPOSITORY_LICENSE_VERIFIED; ORIGINAL_REPOSITORY_VERIFIED,THIRD_PARTY_IMAGE_RIGHTS_UNCLEAR; REVIEW_REQUIRED,True,REVIEW_LICENSE,"Repository MIT license verified, but README says Google-sourced images may be copyrighted"
Venomous/Saw-scaled Viper/maxresdefault_002.jpg,maxresdefault_002.jpg,Venomous,Saw-scaled Viper,c85af7d3680324621380060a50bf07b020542355a1a07b8687b34ff93722b423,1946,1461,,,,False,POSSIBLE_NEAR_DUPLICATE,NO_TEST_CANDIDATE,False,REPOSITORY_LICENSE_VERIFIED; ORIGINAL_REPOSITORY_VERIFIED,THIRD_PARTY_IMAGE_RIGHTS_UNCLEAR; REVIEW_REQUIRED,True,REVIEW_LICENSE,"Repository MIT license verified, but README says Google-sourced images may be copyrighted"
Venomous/Saw-scaled Viper/maxresdefault_003.jpg,maxresdefault_003.jpg,Venomous,Saw-scaled Viper,02a8ea5641d146f7779318820761fbf3478c2dc4d8460c295020ae18139a8544,1500,947,,,,False,LIKELY_NEAR_DUPLICATE,NO_TEST_CANDIDATE,False,REPOSITORY_LICENSE_VERIFIED; ORIGINAL_REPOSITORY_VERIFIED,THIRD_PARTY_IMAGE_RIGHTS_UNCLEAR; REVIEW_REQUIRED,True,REVIEW_LIKELY_NEAR_DUPLICATE,Likely near-duplicate requires human decision
Venomous/Saw-scaled Viper/maxresdefault_006.jpg,maxresdefault_006.jpg,Venomous,Saw-scaled Viper,09011c9a99ab0594c1aac739252a091a37dc82d64823d87bf45fc51e83eeb505,1920,1080,,,,False,POSSIBLE_NEAR_DUPLICATE,NO_TEST_CANDIDATE,False,REPOSITORY_LICENSE_VERIFIED; ORIGINAL_REPOSITORY_VERIFIED,THIRD_PARTY_IMAGE_RIGHTS_UNCLEAR; REVIEW_REQUIRED,True,REVIEW_LICENSE,"Repository MIT license verified, but README says Google-sourced images may be copyrighted"
Venomous/Saw-scaled Viper/maxresdefault_007.jpg,maxresdefault_007.jpg,Venomous,Saw-scaled Viper,76b2bf7d0863656fd6b18266cc90e6bd2e1d23348d6cc7af465448cdb0b74583,1280,720,,,,False,POSSIBLE_NEAR_DUPLICATE,NO_TEST_CANDIDATE,False,REPOSITORY_LICENSE_VERIFIED; ORIGINAL_REPOSITORY_VERIFIED,THIRD_PARTY_IMAGE_RIGHTS_UNCLEAR; REVIEW_REQUIRED,True,REVIEW_LICENSE,"Repository MIT license verified, but README says Google-sourced images may be copyrighted"
Venomous/Saw-scaled Viper/maxresdefault_008.jpg,maxresdefault_008.jpg,Venomous,Saw-scaled Viper,d0bfb7d9c0fc6a655e3a9869c495e142050416dff2927406acb09e510c591e96,1280,720,,,,False,LIKELY_NEAR_DUPLICATE,NO_TEST_CANDIDATE,False,REPOSITORY_LICENSE_VERIFIED; ORIGINAL_REPOSITORY_VERIFIED,THIRD_PARTY_IMAGE_RIGHTS_UNCLEAR; REVIEW_REQUIRED,True,REVIEW_LIKELY_NEAR_DUPLICATE,Likely near-duplicate requires human decision
Venomous/Saw-scaled Viper/maxresdefault_009.jpg,maxresdefault_009.jpg,Venomous,Saw-scaled Viper,ad17979685b645d1ad2972c0f363951af5e9db1ef058661f6e9f13ebd7ec1dfa,1280,720,,,,False,POSSIBLE_NEAR_DUPLICATE,NO_TEST_CANDIDATE,False,REPOSITORY_LICENSE_VERIFIED; ORIGINAL_REPOSITORY_VERIFIED,THIRD_PARTY_IMAGE_RIGHTS_UNCLEAR; REVIEW_REQUIRED,True,REVIEW_LICENSE,"Repository MIT license verified, but README says Google-sourced images may be copyrighted"
Venomous/Saw-scaled Viper/saw scaled viper.gif,saw scaled viper.gif,Venomous,Saw-scaled Viper,d8d6d90563e2551a88e56e18b94bf0913bd7928382cb85f284096f855b6b2d6a,440,423,,,,False,NO_STRICT_MATCH,NO_TEST_CANDIDATE,False,REPOSITORY_LICENSE_VERIFIED; ORIGINAL_REPOSITORY_VERIFIED,THIRD_PARTY_IMAGE_RIGHTS_UNCLEAR; REVIEW_REQUIRED,True,REVIEW_LICENSE,"Repository MIT license verified, but README says Google-sourced images may be copyrighted"
Venomous/Saw-scaled Viper/saw-scale-viper.jpg,saw-scale-viper.jpg,Venomous,Saw-scaled Viper,00a7fc9fbb263864a718d8e3c1b82d9d183a88ca99ac650d046f152b118602dd,240,126,,,,False,POSSIBLE_NEAR_DUPLICATE,NO_TEST_CANDIDATE,False,REPOSITORY_LICENSE_VERIFIED; ORIGINAL_REPOSITORY_VERIFIED,THIRD_PARTY_IMAGE_RIGHTS_UNCLEAR; REVIEW_REQUIRED,True,REVIEW_LICENSE,"Repository MIT license verified, but README says Google-sourced images may be copyrighted"
Venomous/Saw-scaled Viper/Saw-scaled Viper_002.jpg,Saw-scaled Viper_002.jpg,Venomous,Saw-scaled Viper,65f5d790876073d63e6643a797c6a69f07fcabbf23ba16f46fb72a8f847756b5,2592,1944,,,,False,FALSE_POSITIVE_PERCEPTUAL_MATCH,NO_TEST_CANDIDATE,False,REPOSITORY_LICENSE_VERIFIED; ORIGINAL_REPOSITORY_VERIFIED,THIRD_PARTY_IMAGE_RIGHTS_UNCLEAR; REVIEW_REQUIRED,True,REVIEW_LICENSE,"Repository MIT license verified, but README says Google-sourced images may be copyrighted"
Venomous/Saw-scaled Viper/Saw-Scaled-Viper-1 copy-X2.jpg,Saw-Scaled-Viper-1 copy-X2.jpg,Venomous,Saw-scaled Viper,3573bf01367d03397eb328f76cc2804cccd2972a136366370c4839c6f8619b16,1280,853,,,,False,LIKELY_NEAR_DUPLICATE,NO_TEST_CANDIDATE,False,REPOSITORY_LICENSE_VERIFIED; ORIGINAL_REPOSITORY_VERIFIED,THIRD_PARTY_IMAGE_RIGHTS_UNCLEAR; REVIEW_REQUIRED,True,REVIEW_LIKELY_NEAR_DUPLICATE,Likely near-duplicate requires human decision
Venomous/Saw-scaled Viper/Saw-Scaled-Viper-Bhavya-Joshi-Flickr.jpg,Saw-Scaled-Viper-Bhavya-Joshi-Flickr.jpg,Venomous,Saw-scaled Viper,bad0275796f0dc61bd23e3f8a90fa3398307059e3d3c5192775d10a08d4ad27b,704,414,,,,False,LIKELY_NEAR_DUPLICATE,NO_TEST_CANDIDATE,False,REPOSITORY_LICENSE_VERIFIED; ORIGINAL_REPOSITORY_VERIFIED,THIRD_PARTY_IMAGE_RIGHTS_UNCLEAR; REVIEW_REQUIRED,True,REVIEW_LIKELY_NEAR_DUPLICATE,Likely near-duplicate requires human decision
Venomous/Saw-scaled Viper/saw-scaled-viper_006.jpg,saw-scaled-viper_006.jpg,Venomous,Saw-scaled Viper,b575b3809fde482e0527181e1d32bfdb53e6f8e3d681d0aeeba9debdf6880f82,580,329,,,,False,POSSIBLE_NEAR_DUPLICATE,NO_TEST_CANDIDATE,False,REPOSITORY_LICENSE_VERIFIED; ORIGINAL_REPOSITORY_VERIFIED,THIRD_PARTY_IMAGE_RIGHTS_UNCLEAR; REVIEW_REQUIRED,True,REVIEW_LICENSE,"Repository MIT license verified, but README says Google-sourced images may be copyrighted"
Venomous/Saw-scaled Viper/Saw-Scaled-Viper_012.jpg,Saw-Scaled-Viper_012.jpg,Venomous,Saw-scaled Viper,b10936ff9e34c7b7d84dab18278a42b2a2e04e02d02e0f8b4a164c1be2445a70,757,386,,,,False,POSSIBLE_NEAR_DUPLICATE,NO_TEST_CANDIDATE,False,REPOSITORY_LICENSE_VERIFIED; ORIGINAL_REPOSITORY_VERIFIED,THIRD_PARTY_IMAGE_RIGHTS_UNCLEAR; REVIEW_REQUIRED,True,REVIEW_LICENSE,"Repository MIT license verified, but README says Google-sourced images may be copyrighted"
Venomous/Saw-scaled Viper/Saw-scaled_viper_egg.JPG,Saw-scaled_viper_egg.JPG,Venomous,Saw-scaled Viper,830951968c25cc52e76b2884a881b6b33a7e0f514a6d7185439a1f0ffc000a01,3648,2736,,,,False,POSSIBLE_NEAR_DUPLICATE,NO_TEST_CANDIDATE,False,REPOSITORY_LICENSE_VERIFIED; ORIGINAL_REPOSITORY_VERIFIED,THIRD_PARTY_IMAGE_RIGHTS_UNCLEAR; REVIEW_REQUIRED,True,REVIEW_LICENSE,"Repository MIT license verified, but README says Google-sourced images may be copyrighted"
Venomous/Saw-scaled Viper/saw_scaled_kid_with_biggie.jpg,saw_scaled_kid_with_biggie.jpg,Venomous,Saw-scaled Viper,a2026557287e4d35043053ffbbce15899614c248338103272375801ecea490c4,2048,978,,,,False,POSSIBLE_NEAR_DUPLICATE,NO_TEST_CANDIDATE,False,REPOSITORY_LICENSE_VERIFIED; ORIGINAL_REPOSITORY_VERIFIED,THIRD_PARTY_IMAGE_RIGHTS_UNCLEAR; REVIEW_REQUIRED,True,REVIEW_LICENSE,"Repository MIT license verified, but README says Google-sourced images may be copyrighted"
Venomous/Saw-scaled Viper/Saw_scaled_viper_001.jpg,Saw_scaled_viper_001.jpg,Venomous,Saw-scaled Viper,8890c8a3a01601936e84fa5b638f754bcaca13a7c97f53d9d787f4c207acd646,4036,2327,,,,False,POSSIBLE_NEAR_DUPLICATE,NO_TEST_CANDIDATE,False,REPOSITORY_LICENSE_VERIFIED; ORIGINAL_REPOSITORY_VERIFIED,THIRD_PARTY_IMAGE_RIGHTS_UNCLEAR; REVIEW_REQUIRED,True,REVIEW_LICENSE,"Repository MIT license verified, but README says Google-sourced images may be copyrighted"
Venomous/Saw-scaled Viper/SawScaledBG.jpg,SawScaledBG.jpg,Venomous,Saw-scaled Viper,24061c561468008fe5177784305d8c149bfdad6939bedb3487232f96ba8ba878,6000,4000,,,,False,POSSIBLE_NEAR_DUPLICATE,NO_TEST_CANDIDATE,False,REPOSITORY_LICENSE_VERIFIED; ORIGINAL_REPOSITORY_VERIFIED,THIRD_PARTY_IMAGE_RIGHTS_UNCLEAR; REVIEW_REQUIRED,True,REVIEW_LICENSE,"Repository MIT license verified, but README says Google-sourced images may be copyrighted"
Venomous/Saw-scaled Viper/Sind-saw-scaled-viper_001.jpg,Sind-saw-scaled-viper_001.jpg,Venomous,Saw-scaled Viper,fc71cd87086d57d9715abbb6fa5d3b750fcb284eee1bb39344ba36a156f7c34b,650,363,,,,False,POSSIBLE_NEAR_DUPLICATE,NO_TEST_CANDIDATE,False,REPOSITORY_LICENSE_VERIFIED; ORIGINAL_REPOSITORY_VERIFIED,THIRD_PARTY_IMAGE_RIGHTS_UNCLEAR; REVIEW_REQUIRED,True,REVIEW_LICENSE,"Repository MIT license verified, but README says Google-sourced images may be copyrighted"
Venomous/Saw-scaled Viper/Snakebite-DNase-saw-scaled-viper-31cd25oj9az8gi7dpey1vk.jpg,Snakebite-DNase-saw-scaled-viper-31cd25oj9az8gi7dpey1vk.jpg,Venomous,Saw-scaled Viper,45d65b4cb04f8e7e69fc6480d23895a854aec5484f54769ded6fb869f4299ebc,1024,606,,,,False,POSSIBLE_NEAR_DUPLICATE,NO_TEST_CANDIDATE,False,REPOSITORY_LICENSE_VERIFIED; ORIGINAL_REPOSITORY_VERIFIED,THIRD_PARTY_IMAGE_RIGHTS_UNCLEAR; REVIEW_REQUIRED,True,REVIEW_LICENSE,"Repository MIT license verified, but README says Google-sourced images may be copyrighted"
Venomous/Saw-scaled Viper/SNP00571.jpg,SNP00571.jpg,Venomous,Saw-scaled Viper,fa578bbc391ed14b3cb9fea86fab4c6db622bff87c70c65b8e194525feea0578,300,162,,,,False,POSSIBLE_NEAR_DUPLICATE,NO_TEST_CANDIDATE,False,REPOSITORY_LICENSE_VERIFIED; ORIGINAL_REPOSITORY_VERIFIED,THIRD_PARTY_IMAGE_RIGHTS_UNCLEAR; REVIEW_REQUIRED,True,REVIEW_LICENSE,"Repository MIT license verified, but README says Google-sourced images may be copyrighted"
Venomous/Saw-scaled Viper/west-african-carpet-viper-echis-ocellatus-west-africa-also-known-as-CEHX79.jpg,west-african-carpet-viper-echis-ocellatus-west-africa-also-known-as-CEHX79.jpg,Venomous,Saw-scaled Viper,a4019fa0bf5103dc8752ea1df51d7ff523bbba52fc60d4b3b34cfc2ad3b8de3b,1300,940,,,,False,NO_STRICT_MATCH,NO_TEST_CANDIDATE,False,REPOSITORY_LICENSE_VERIFIED; ORIGINAL_REPOSITORY_VERIFIED,THIRD_PARTY_IMAGE_RIGHTS_UNCLEAR; REVIEW_REQUIRED,True,REVIEW_LICENSE,"Repository MIT license verified, but README says Google-sourced images may be copyrighted"
Venomous/Spectacled Cobra/0224.jpeg,0224.jpeg,Venomous,Spectacled Cobra,14e2c81cf6d04f3098abdfe5a0261c4d084fe5e195fd3f7c8d09729bc4723092,1024,768,,,,False,NO_STRICT_MATCH,NO_TEST_CANDIDATE,False,REPOSITORY_LICENSE_VERIFIED; ORIGINAL_REPOSITORY_VERIFIED,THIRD_PARTY_IMAGE_RIGHTS_UNCLEAR; REVIEW_REQUIRED,True,REVIEW_LICENSE,"Repository MIT license verified, but README says Google-sourced images may be copyrighted"
Venomous/Spectacled Cobra/1078.jpeg,1078.jpeg,Venomous,Spectacled Cobra,6c92263bccdb73fe925c808cca8cc9c46a470c7f19f743cfd6001158fb2a87d2,550,346,,,,False,NO_STRICT_MATCH,NO_TEST_CANDIDATE,False,REPOSITORY_LICENSE_VERIFIED; ORIGINAL_REPOSITORY_VERIFIED,THIRD_PARTY_IMAGE_RIGHTS_UNCLEAR; REVIEW_REQUIRED,True,REVIEW_LICENSE,"Repository MIT license verified, but README says Google-sourced images may be copyrighted"
Venomous/Spectacled Cobra/1107.jpeg,1107.jpeg,Venomous,Spectacled Cobra,8d641c6ba27614274b7506d40fea30a3e8ba41ae9e6c477a790c5301d76e385c,730,570,,,,False,NO_STRICT_MATCH,NO_TEST_CANDIDATE,False,REPOSITORY_LICENSE_VERIFIED; ORIGINAL_REPOSITORY_VERIFIED,THIRD_PARTY_IMAGE_RIGHTS_UNCLEAR; REVIEW_REQUIRED,True,REVIEW_LICENSE,"Repository MIT license verified, but README says Google-sourced images may be copyrighted"
Venomous/Spectacled Cobra/1438852857sub head shot-2.jpg,1438852857sub head shot-2.jpg,Venomous,Spectacled Cobra,f2bad7d7c13021b6e7958993ae2fde0d3607eaf526b991c75d1b712f3bf77e4a,600,1024,,,,False,POSSIBLE_NEAR_DUPLICATE,NO_TEST_CANDIDATE,False,REPOSITORY_LICENSE_VERIFIED; ORIGINAL_REPOSITORY_VERIFIED,THIRD_PARTY_IMAGE_RIGHTS_UNCLEAR; REVIEW_REQUIRED,True,REVIEW_LICENSE,"Repository MIT license verified, but README says Google-sourced images may be copyrighted"
Venomous/Spectacled Cobra/4cb43071ca703cf4778dd7473d3dfab8.jpg,4cb43071ca703cf4778dd7473d3dfab8.jpg,Venomous,Spectacled Cobra,35782ec4bb42420feda4dc65e2a79ec2f8ee20f74d33542a77f5132a5bd29647,3456,2592,,,,False,POSSIBLE_NEAR_DUPLICATE,NO_TEST_CANDIDATE,False,REPOSITORY_LICENSE_VERIFIED; ORIGINAL_REPOSITORY_VERIFIED,THIRD_PARTY_IMAGE_RIGHTS_UNCLEAR; REVIEW_REQUIRED,True,REVIEW_LICENSE,"Repository MIT license verified, but README says Google-sourced images may be copyrighted"
Venomous/Spectacled Cobra/6b6da31906462414e878d1dd90aa146c--snake-wallpaper-hd-wallpaper.jpg,6b6da31906462414e878d1dd90aa146c--snake-wallpaper-hd-wallpaper.jpg,Venomous,Spectacled Cobra,efe2f6e9fbcd0192e4eefabe6b25fcd1ae35418cf6f91ce0688036a186d227de,736,350,,,,False,POSSIBLE_NEAR_DUPLICATE,POSSIBLE_LEAKAGE_RISK,False,REPOSITORY_LICENSE_VERIFIED; ORIGINAL_REPOSITORY_VERIFIED,THIRD_PARTY_IMAGE_RIGHTS_UNCLEAR; REVIEW_REQUIRED,True,REVIEW_LICENSE,"Repository MIT license verified, but README says Google-sourced images may be copyrighted"
Venomous/Spectacled Cobra/6O4A0379.jpg,6O4A0379.jpg,Venomous,Spectacled Cobra,e71e36e590f8a886392b356a08c72dde44fa5c3468b500bdc58552b4c6f90557,4278,2852,,,,False,POSSIBLE_NEAR_DUPLICATE,POSSIBLE_LEAKAGE_RISK,False,REPOSITORY_LICENSE_VERIFIED; ORIGINAL_REPOSITORY_VERIFIED,THIRD_PARTY_IMAGE_RIGHTS_UNCLEAR; REVIEW_REQUIRED,True,REVIEW_LICENSE,"Repository MIT license verified, but README says Google-sourced images may be copyrighted"
Venomous/Spectacled Cobra/6O4A0409.jpg,6O4A0409.jpg,Venomous,Spectacled Cobra,6cd7d37b5aa888a0166f06401fc77795fc0ee75fd8e5307856e1d807dffdb81a,3753,2502,,,,False,POSSIBLE_NEAR_DUPLICATE,NO_TEST_CANDIDATE,False,REPOSITORY_LICENSE_VERIFIED; ORIGINAL_REPOSITORY_VERIFIED,THIRD_PARTY_IMAGE_RIGHTS_UNCLEAR; REVIEW_REQUIRED,True,REVIEW_LICENSE,"Repository MIT license verified, but README says Google-sourced images may be copyrighted"
Venomous/Spectacled Cobra/6O4A0417.jpg,6O4A0417.jpg,Venomous,Spectacled Cobra,3efa252d010b25cc931464531316503f9ab248f1f2ce8de0f1ffcc88775746c4,4702,3135,,,,False,POSSIBLE_NEAR_DUPLICATE,POSSIBLE_LEAKAGE_RISK,False,REPOSITORY_LICENSE_VERIFIED; ORIGINAL_REPOSITORY_VERIFIED,THIRD_PARTY_IMAGE_RIGHTS_UNCLEAR; REVIEW_REQUIRED,True,REVIEW_LICENSE,"Repository MIT license verified, but README says Google-sourced images may be copyrighted"
Venomous/Spectacled Cobra/9619492326_56aa145611_b.jpg,9619492326_56aa145611_b.jpg,Venomous,Spectacled Cobra,4707e7312dfd2e8162c1cf541e8d418d1ab7d62c84fcab0f16d9a4115da99332,1024,340,,,,False,POSSIBLE_NEAR_DUPLICATE,NO_TEST_CANDIDATE,False,REPOSITORY_LICENSE_VERIFIED; ORIGINAL_REPOSITORY_VERIFIED,THIRD_PARTY_IMAGE_RIGHTS_UNCLEAR; REVIEW_REQUIRED,True,REVIEW_LICENSE,"Repository MIT license verified, but README says Google-sourced images may be copyrighted"
Venomous/Spectacled Cobra/_RAM2084_Indian_Spectacled_Cobra.jpg,_RAM2084_Indian_Spectacled_Cobra.jpg,Venomous,Spectacled Cobra,b77161732bca8ab435ab88717d0c13b10e95fdd7195e29a607bbb710a12364b4,900,585,,,,False,NO_STRICT_MATCH,NO_TEST_CANDIDATE,False,REPOSITORY_LICENSE_VERIFIED; ORIGINAL_REPOSITORY_VERIFIED,THIRD_PARTY_IMAGE_RIGHTS_UNCLEAR; REVIEW_REQUIRED,True,REVIEW_LICENSE,"Repository MIT license verified, but README says Google-sourced images may be copyrighted"
Venomous/Spectacled Cobra/a28044f3db3d514d2fad5316904626c8_giant.jpg,a28044f3db3d514d2fad5316904626c8_giant.jpg,Venomous,Spectacled Cobra,068a1b6e1473fd13fa347bfd2c5e60b1791b458bcf292417ba30bb7b43765152,649,1000,,,,False,POSSIBLE_NEAR_DUPLICATE,NO_TEST_CANDIDATE,False,REPOSITORY_LICENSE_VERIFIED; ORIGINAL_REPOSITORY_VERIFIED,THIRD_PARTY_IMAGE_RIGHTS_UNCLEAR; REVIEW_REQUIRED,True,REVIEW_LICENSE,"Repository MIT license verified, but README says Google-sourced images may be copyrighted"
Venomous/Spectacled Cobra/an-indian-or-spectacled-cobra-naja-naja-hooding-details-of-the-back-a2c9e6.jpg,an-indian-or-spectacled-cobra-naja-naja-hooding-details-of-the-back-a2c9e6.jpg,Venomous,Spectacled Cobra,8e381bea8440ad727bf0c481b842309ce07b7f4284663601b6c631cd80c72cc7,297,470,,,,False,POSSIBLE_NEAR_DUPLICATE,NO_TEST_CANDIDATE,False,REPOSITORY_LICENSE_VERIFIED; ORIGINAL_REPOSITORY_VERIFIED,THIRD_PARTY_IMAGE_RIGHTS_UNCLEAR; REVIEW_REQUIRED,True,REVIEW_LICENSE,"Repository MIT license verified, but README says Google-sourced images may be copyrighted"
Venomous/Spectacled Cobra/cobra-07.jpg,cobra-07.jpg,Venomous,Spectacled Cobra,9d9c673f4f800603092997bf37610fd98a2b7a4cacefd201cf88c13a98975e44,3818,2636,,,,False,POSSIBLE_NEAR_DUPLICATE,NO_TEST_CANDIDATE,False,REPOSITORY_LICENSE_VERIFIED; ORIGINAL_REPOSITORY_VERIFIED,THIRD_PARTY_IMAGE_RIGHTS_UNCLEAR; REVIEW_REQUIRED,True,REVIEW_LICENSE,"Repository MIT license verified, but README says Google-sourced images may be copyrighted"
Venomous/Spectacled Cobra/cobra_042611-8.jpg,cobra_042611-8.jpg,Venomous,Spectacled Cobra,570274ffd20fbf213a9f8641dc27868458999e2bf434544541263164b20ec457,550,265,,,,False,POSSIBLE_NEAR_DUPLICATE,NO_TEST_CANDIDATE,False,REPOSITORY_LICENSE_VERIFIED; ORIGINAL_REPOSITORY_VERIFIED,THIRD_PARTY_IMAGE_RIGHTS_UNCLEAR; REVIEW_REQUIRED,True,REVIEW_LICENSE,"Repository MIT license verified, but README says Google-sourced images may be copyrighted"
Venomous/Spectacled Cobra/DSC00829.gif,DSC00829.gif,Venomous,Spectacled Cobra,4564285c1cef8d559eddc722a66eb55d59f9693aae531e4b57d60fcdb29f0037,500,333,,,,False,NO_STRICT_MATCH,NO_TEST_CANDIDATE,False,REPOSITORY_LICENSE_VERIFIED; ORIGINAL_REPOSITORY_VERIFIED,THIRD_PARTY_IMAGE_RIGHTS_UNCLEAR; REVIEW_REQUIRED,True,REVIEW_LICENSE,"Repository MIT license verified, but README says Google-sourced images may be copyrighted"
Venomous/Spectacled Cobra/dscn2969.jpg,dscn2969.jpg,Venomous,Spectacled Cobra,5b02b2400fb5f0a290e107225a95b118264e55a0e8f00f58d898aa720dee7c42,4608,3456,,,,False,POSSIBLE_NEAR_DUPLICATE,NO_TEST_CANDIDATE,False,REPOSITORY_LICENSE_VERIFIED; ORIGINAL_REPOSITORY_VERIFIED,THIRD_PARTY_IMAGE_RIGHTS_UNCLEAR; REVIEW_REQUIRED,True,REVIEW_LICENSE,"Repository MIT license verified, but README says Google-sourced images may be copyrighted"
Venomous/Spectacled Cobra/f5f5410cbb701105a26085bc85090b0a--pretty-animals-reptiles-and-amphibians.jpg,f5f5410cbb701105a26085bc85090b0a--pretty-animals-reptiles-and-amphibians.jpg,Venomous,Spectacled Cobra,0b31e4f2c6b5f03fb8dd7212a7cb4f31bc96d8d37439690a465fc8b4e8ca59ad,736,1108,,,,False,LIKELY_NEAR_DUPLICATE,NO_TEST_CANDIDATE,False,REPOSITORY_LICENSE_VERIFIED; ORIGINAL_REPOSITORY_VERIFIED,THIRD_PARTY_IMAGE_RIGHTS_UNCLEAR; REVIEW_REQUIRED,True,REVIEW_LIKELY_NEAR_DUPLICATE,Likely near-duplicate requires human decision
Venomous/Spectacled Cobra/ika-80438-reptiles-snakes-cobra-indian-spectacled-cobra-naja-naja-CE8PWP.jpg,ika-80438-reptiles-snakes-cobra-indian-spectacled-cobra-naja-naja-CE8PWP.jpg,Venomous,Spectacled Cobra,d3eaac366969b1b31c1fc39a45c02d91c34891e664c38ed883b5ff5cf3f69bf4,875,1390,,,,False,POSSIBLE_NEAR_DUPLICATE,NO_TEST_CANDIDATE,False,REPOSITORY_LICENSE_VERIFIED; ORIGINAL_REPOSITORY_VERIFIED,THIRD_PARTY_IMAGE_RIGHTS_UNCLEAR; REVIEW_REQUIRED,True,REVIEW_LICENSE,"Repository MIT license verified, but README says Google-sourced images may be copyrighted"
Venomous/Spectacled Cobra/IMG_3863-2.jpg,IMG_3863-2.jpg,Venomous,Spectacled Cobra,96df3c4de0aba76bcfaec34b8a21eb18e55a8746c162f5ac882f466bf257eda2,4080,2623,,,,False,POSSIBLE_NEAR_DUPLICATE,NO_TEST_CANDIDATE,False,REPOSITORY_LICENSE_VERIFIED; ORIGINAL_REPOSITORY_VERIFIED,THIRD_PARTY_IMAGE_RIGHTS_UNCLEAR; REVIEW_REQUIRED,True,REVIEW_LICENSE,"Repository MIT license verified, but README says Google-sourced images may be copyrighted"
Venomous/Spectacled Cobra/IMG_5785.jpg,IMG_5785.jpg,Venomous,Spectacled Cobra,09b32fbd3d4990690eef0ba9154fab2d80222fdc5f287476a11b2bb3262db1f3,1600,1067,,,,False,LIKELY_NEAR_DUPLICATE,NO_TEST_CANDIDATE,False,REPOSITORY_LICENSE_VERIFIED; ORIGINAL_REPOSITORY_VERIFIED,THIRD_PARTY_IMAGE_RIGHTS_UNCLEAR; REVIEW_REQUIRED,True,REVIEW_LIKELY_NEAR_DUPLICATE,Likely near-duplicate requires human decision
Venomous/Spectacled Cobra/IMG_5971-2.jpg,IMG_5971-2.jpg,Venomous,Spectacled Cobra,9dc4ddd9b5d58c7776123a2e863d85e94aeb20798d0477be791c04118cd51ca6,4396,2995,,,,False,POSSIBLE_NEAR_DUPLICATE,NO_TEST_CANDIDATE,False,REPOSITORY_LICENSE_VERIFIED; ORIGINAL_REPOSITORY_VERIFIED,THIRD_PARTY_IMAGE_RIGHTS_UNCLEAR; REVIEW_REQUIRED,True,REVIEW_LICENSE,"Repository MIT license verified, but README says Google-sourced images may be copyrighted"
Venomous/Spectacled Cobra/img_7982.jpg,img_7982.jpg,Venomous,Spectacled Cobra,ef6083ff68b3d4e7f8396533b431f5baad32b40acab13a0905932b431d418b1b,3240,4320,,,,False,NO_STRICT_MATCH,NO_TEST_CANDIDATE,False,REPOSITORY_LICENSE_VERIFIED; ORIGINAL_REPOSITORY_VERIFIED,THIRD_PARTY_IMAGE_RIGHTS_UNCLEAR; REVIEW_REQUIRED,True,REVIEW_LICENSE,"Repository MIT license verified, but README says Google-sourced images may be copyrighted"
Venomous/Spectacled Cobra/indian-cobra-asian-cobra-or-spectacled-cobra-naja-naja-in-a-snake-EB2R58.jpg,indian-cobra-asian-cobra-or-spectacled-cobra-naja-naja-in-a-snake-EB2R58.jpg,Venomous,Spectacled Cobra,5080496567123e9107d04c533eae57dd491c7781166441d6b905d99aea9239c0,865,1390,,,,False,POSSIBLE_NEAR_DUPLICATE,NO_TEST_CANDIDATE,False,REPOSITORY_LICENSE_VERIFIED; ORIGINAL_REPOSITORY_VERIFIED,THIRD_PARTY_IMAGE_RIGHTS_UNCLEAR; REVIEW_REQUIRED,True,REVIEW_LICENSE,"Repository MIT license verified, but README says Google-sourced images may be copyrighted"
Venomous/Spectacled Cobra/indian-cobra-asian-cobra-or-spectacled-cobra-naja-naja-in-a-snake-EB2T9E.jpg,indian-cobra-asian-cobra-or-spectacled-cobra-naja-naja-in-a-snake-EB2T9E.jpg,Venomous,Spectacled Cobra,fa966a59202610cb7d63a3706936282942d79aa123e7c6aadf806df9495b2860,865,1390,,,,False,POSSIBLE_NEAR_DUPLICATE,NO_TEST_CANDIDATE,False,REPOSITORY_LICENSE_VERIFIED; ORIGINAL_REPOSITORY_VERIFIED,THIRD_PARTY_IMAGE_RIGHTS_UNCLEAR; REVIEW_REQUIRED,True,REVIEW_LICENSE,"Repository MIT license verified, but README says Google-sourced images may be copyrighted"
Venomous/Spectacled Cobra/indian-cobra-asian-cobra-or-spectacled-cobra-naja-naja-pettigalawatta-DWNMJ8.jpg,indian-cobra-asian-cobra-or-spectacled-cobra-naja-naja-pettigalawatta-DWNMJ8.jpg,Venomous,Spectacled Cobra,ee0db1269e45c1b706872e272e18057a161312e3f17aa090238f376f5e39406f,866,1390,,,,False,POSSIBLE_NEAR_DUPLICATE,NO_TEST_CANDIDATE,False,REPOSITORY_LICENSE_VERIFIED; ORIGINAL_REPOSITORY_VERIFIED,THIRD_PARTY_IMAGE_RIGHTS_UNCLEAR; REVIEW_REQUIRED,True,REVIEW_LICENSE,"Repository MIT license verified, but README says Google-sourced images may be copyrighted"
Venomous/Spectacled Cobra/indian-cobra-front_2.jpg,indian-cobra-front_2.jpg,Venomous,Spectacled Cobra,c5a4acaedb0779ce6c14ecb5c2ad6cfc3e724c5ab59e12ed30d47e5aacc4b76a,620,313,,,,False,POSSIBLE_NEAR_DUPLICATE,NO_TEST_CANDIDATE,False,REPOSITORY_LICENSE_VERIFIED; ORIGINAL_REPOSITORY_VERIFIED,THIRD_PARTY_IMAGE_RIGHTS_UNCLEAR; REVIEW_REQUIRED,True,REVIEW_LICENSE,"Repository MIT license verified, but README says Google-sourced images may be copyrighted"
Venomous/Spectacled Cobra/indian-cobra_002.jpg,indian-cobra_002.jpg,Venomous,Spectacled Cobra,a5e07b05d23b36d5ad2410009c8399ed49eb88186f8fa641a9362aa11be32ffa,530,254,,,,False,POSSIBLE_NEAR_DUPLICATE,NO_TEST_CANDIDATE,False,REPOSITORY_LICENSE_VERIFIED; ORIGINAL_REPOSITORY_VERIFIED,THIRD_PARTY_IMAGE_RIGHTS_UNCLEAR; REVIEW_REQUIRED,True,REVIEW_LICENSE,"Repository MIT license verified, but README says Google-sourced images may be copyrighted"
Venomous/Spectacled Cobra/Kanha-426_Spectacled-Cobra.jpg,Kanha-426_Spectacled-Cobra.jpg,Venomous,Spectacled Cobra,0a79f633483387b8811e91d9ae3409ea45aeaa18f65f3c75fb97ef386ba24bb0,1000,600,,,,False,POSSIBLE_NEAR_DUPLICATE,NO_TEST_CANDIDATE,False,REPOSITORY_LICENSE_VERIFIED; ORIGINAL_REPOSITORY_VERIFIED,THIRD_PARTY_IMAGE_RIGHTS_UNCLEAR; REVIEW_REQUIRED,True,REVIEW_LICENSE,"Repository MIT license verified, but README says Google-sourced images may be copyrighted"
Venomous/Spectacled Cobra/maxresdefault_006.jpg,maxresdefault_006.jpg,Venomous,Spectacled Cobra,2730121e7b573eb647e4afb999861bcaa5505fe428e80ef226cb6a56afc213fe,1920,1080,,,,False,POSSIBLE_NEAR_DUPLICATE,NO_TEST_CANDIDATE,False,REPOSITORY_LICENSE_VERIFIED; ORIGINAL_REPOSITORY_VERIFIED,THIRD_PARTY_IMAGE_RIGHTS_UNCLEAR; REVIEW_REQUIRED,True,REVIEW_LICENSE,"Repository MIT license verified, but README says Google-sourced images may be copyrighted"
Venomous/Spectacled Cobra/Naja-naja-1-Spectacled-cobra.jpg,Naja-naja-1-Spectacled-cobra.jpg,Venomous,Spectacled Cobra,19efcecd95546410ddcf2d90d569411410f585a4fd77356eab27d20711adb043,1858,2965,,,,False,MANUAL_REVIEW,NO_TEST_CANDIDATE,False,REPOSITORY_LICENSE_VERIFIED; ORIGINAL_REPOSITORY_VERIFIED,THIRD_PARTY_IMAGE_RIGHTS_UNCLEAR; REVIEW_REQUIRED,True,REVIEW_LICENSE,"Repository MIT license verified, but README says Google-sourced images may be copyrighted"
Venomous/Spectacled Cobra/Naja-naja-2-Spectacled-cobra-Copy.jpg,Naja-naja-2-Spectacled-cobra-Copy.jpg,Venomous,Spectacled Cobra,a3a334319b3829d29699d441e2cc0696783837ba265ea39da5b4893a5482c818,811,1265,,,,False,POSSIBLE_NEAR_DUPLICATE,NO_TEST_CANDIDATE,False,REPOSITORY_LICENSE_VERIFIED; ORIGINAL_REPOSITORY_VERIFIED,THIRD_PARTY_IMAGE_RIGHTS_UNCLEAR; REVIEW_REQUIRED,True,REVIEW_LICENSE,"Repository MIT license verified, but README says Google-sourced images may be copyrighted"
Venomous/Spectacled Cobra/Naja-naja-3-Spectacled-cobra-1170x455.jpg,Naja-naja-3-Spectacled-cobra-1170x455.jpg,Venomous,Spectacled Cobra,befd3e59f69162619c6d6cb3528e67f9614f90a03a683f7b723ac87233315e8b,1170,455,,,,False,POSSIBLE_NEAR_DUPLICATE,NO_TEST_CANDIDATE,False,REPOSITORY_LICENSE_VERIFIED; ORIGINAL_REPOSITORY_VERIFIED,THIRD_PARTY_IMAGE_RIGHTS_UNCLEAR; REVIEW_REQUIRED,True,REVIEW_LICENSE,"Repository MIT license verified, but README says Google-sourced images may be copyrighted"
Venomous/Spectacled Cobra/Naja-naja-4-Spectacled-cobra.jpg,Naja-naja-4-Spectacled-cobra.jpg,Venomous,Spectacled Cobra,ebf45ec57dbcaf4bf223a2caf86fc859329ab2d3da2cfceaea2481fb98eb61e9,2438,3657,,,,False,POSSIBLE_NEAR_DUPLICATE,NO_TEST_CANDIDATE,False,REPOSITORY_LICENSE_VERIFIED; ORIGINAL_REPOSITORY_VERIFIED,THIRD_PARTY_IMAGE_RIGHTS_UNCLEAR; REVIEW_REQUIRED,True,REVIEW_LICENSE,"Repository MIT license verified, but README says Google-sourced images may be copyrighted"
Venomous/Spectacled Cobra/Naja-naja-5-Spectacled-cobra.jpg,Naja-naja-5-Spectacled-cobra.jpg,Venomous,Spectacled Cobra,238bf6e059eb6f38cd0b45b2bf32a8b3bb0da039cfb149b8d2b6fb83a37b01d2,2219,3640,,,,False,POSSIBLE_NEAR_DUPLICATE,NO_TEST_CANDIDATE,False,REPOSITORY_LICENSE_VERIFIED; ORIGINAL_REPOSITORY_VERIFIED,THIRD_PARTY_IMAGE_RIGHTS_UNCLEAR; REVIEW_REQUIRED,True,REVIEW_LICENSE,"Repository MIT license verified, but README says Google-sourced images may be copyrighted"
Venomous/Spectacled Cobra/Naja-naja-Saleem-Hameed-e1442201686504.jpg,Naja-naja-Saleem-Hameed-e1442201686504.jpg,Venomous,Spectacled Cobra,2eed3df15f0074fd843d1d564394e34c03d357071af5ff44b44f44fc2e7a1419,253,481,,,,False,LIKELY_NEAR_DUPLICATE,NO_TEST_CANDIDATE,False,REPOSITORY_LICENSE_VERIFIED; ORIGINAL_REPOSITORY_VERIFIED,THIRD_PARTY_IMAGE_RIGHTS_UNCLEAR; REVIEW_REQUIRED,True,REVIEW_LIKELY_NEAR_DUPLICATE,Likely near-duplicate requires human decision
Venomous/Spectacled Cobra/naja2-523x600.png,naja2-523x600.png,Venomous,Spectacled Cobra,3946fe396595bca83575b0cc6f6a25f4c65a82ec433800eb651726f288cbca32,523,600,,,,False,NO_STRICT_MATCH,NO_TEST_CANDIDATE,False,REPOSITORY_LICENSE_VERIFIED; ORIGINAL_REPOSITORY_VERIFIED,THIRD_PARTY_IMAGE_RIGHTS_UNCLEAR; REVIEW_REQUIRED,True,REVIEW_LICENSE,"Repository MIT license verified, but README says Google-sourced images may be copyrighted"
Venomous/Spectacled Cobra/snake-book-with-cover-WM.jpg,snake-book-with-cover-WM.jpg,Venomous,Spectacled Cobra,e69ebbc0f24452c6ab20047b3bdb4b4fe2b97262c8f7eb9bf7770b26987a5e26,556,817,,,,False,NO_STRICT_MATCH,NO_TEST_CANDIDATE,False,REPOSITORY_LICENSE_VERIFIED; ORIGINAL_REPOSITORY_VERIFIED,THIRD_PARTY_IMAGE_RIGHTS_UNCLEAR; REVIEW_REQUIRED,True,REVIEW_LICENSE,"Repository MIT license verified, but README says Google-sourced images may be copyrighted"
Venomous/Spectacled Cobra/snake-cobra-indian-spectacled-cobra-naja-naja-with-open-hood-india-CE8R0T.jpg,snake-cobra-indian-spectacled-cobra-naja-naja-with-open-hood-india-CE8R0T.jpg,Venomous,Spectacled Cobra,d9d955ed6aeb2a15412ebbcca217a318b9e3519e32ad291c7432cbc9e005a606,867,1390,,,,False,LIKELY_NEAR_DUPLICATE,NO_TEST_CANDIDATE,False,REPOSITORY_LICENSE_VERIFIED; ORIGINAL_REPOSITORY_VERIFIED,THIRD_PARTY_IMAGE_RIGHTS_UNCLEAR; REVIEW_REQUIRED,True,REVIEW_LIKELY_NEAR_DUPLICATE,Likely near-duplicate requires human decision
Venomous/Spectacled Cobra/Spectacled cobra.jpg,Spectacled cobra.jpg,Venomous,Spectacled Cobra,b2743479c4e55eeae0ad7b3f372caa02a0dd3e975c3a5a4f83f5e16590f031d2,4928,2927,,,,False,POSSIBLE_NEAR_DUPLICATE,NO_TEST_CANDIDATE,False,REPOSITORY_LICENSE_VERIFIED; ORIGINAL_REPOSITORY_VERIFIED,THIRD_PARTY_IMAGE_RIGHTS_UNCLEAR; REVIEW_REQUIRED,True,REVIEW_LICENSE,"Repository MIT license verified, but README says Google-sourced images may be copyrighted"
Venomous/Spectacled Cobra/spectacled-cobra-in-basket-of-snake-charmer-new-delhi-india-naja-naja-DTRX7M.jpg,spectacled-cobra-in-basket-of-snake-charmer-new-delhi-india-naja-naja-DTRX7M.jpg,Venomous,Spectacled Cobra,c442be0a52a830f68529aae14e124fa0a5ae91366fdf7d0ecf0a438eb15f4f6e,865,1390,,,,False,POSSIBLE_NEAR_DUPLICATE,NO_TEST_CANDIDATE,False,REPOSITORY_LICENSE_VERIFIED; ORIGINAL_REPOSITORY_VERIFIED,THIRD_PARTY_IMAGE_RIGHTS_UNCLEAR; REVIEW_REQUIRED,True,REVIEW_LICENSE,"Repository MIT license verified, but README says Google-sourced images may be copyrighted"
Venomous/Spectacled Cobra/spectacled-cobra-naja-naja-bangalore-karnataka-theindian-cobrais-one-hnww7k.jpg,spectacled-cobra-naja-naja-bangalore-karnataka-theindian-cobrais-one-hnww7k.jpg,Venomous,Spectacled Cobra,10330a80fa61187b02b6a6deadddca809dd6d8409f493f66a64ddc3748a7c48c,300,470,,,,False,POSSIBLE_NEAR_DUPLICATE,NO_TEST_CANDIDATE,False,REPOSITORY_LICENSE_VERIFIED; ORIGINAL_REPOSITORY_VERIFIED,THIRD_PARTY_IMAGE_RIGHTS_UNCLEAR; REVIEW_REQUIRED,True,REVIEW_LICENSE,"Repository MIT license verified, but README says Google-sourced images may be copyrighted"
Venomous/Spectacled Cobra/spectacled-cobra-naja-naja-family-elaphidae-aarey-milk-colony-mumbai-ECK40G.jpg,spectacled-cobra-naja-naja-family-elaphidae-aarey-milk-colony-mumbai-ECK40G.jpg,Venomous,Spectacled Cobra,4787a0f22179534bd50221ddd8f6c6524324c12436d14ed5b8f9f253548e7b18,866,1390,,,,False,LIKELY_NEAR_DUPLICATE,NO_TEST_CANDIDATE,False,REPOSITORY_LICENSE_VERIFIED; ORIGINAL_REPOSITORY_VERIFIED,THIRD_PARTY_IMAGE_RIGHTS_UNCLEAR; REVIEW_REQUIRED,True,REVIEW_LIKELY_NEAR_DUPLICATE,Likely near-duplicate requires human decision
Venomous/Spectacled Cobra/spectacled-cobra-naja-naja-venomous-common-dive-ghat-maharasthra-india-AA2KAR.jpg,spectacled-cobra-naja-naja-venomous-common-dive-ghat-maharasthra-india-AA2KAR.jpg,Venomous,Spectacled Cobra,190a40b404d96df4cbcc8f1d7883d2165110b44c995f34a7709c7266770cda88,975,1390,,,,False,LIKELY_NEAR_DUPLICATE,NO_TEST_CANDIDATE,False,REPOSITORY_LICENSE_VERIFIED; ORIGINAL_REPOSITORY_VERIFIED,THIRD_PARTY_IMAGE_RIGHTS_UNCLEAR; REVIEW_REQUIRED,True,REVIEW_LIKELY_NEAR_DUPLICATE,Likely near-duplicate requires human decision
Venomous/Spectacled Cobra/spectacled-cobra-naja-naja-venomous-common-elapidae-ajivali-devrai-BY1010.jpg,spectacled-cobra-naja-naja-venomous-common-elapidae-ajivali-devrai-BY1010.jpg,Venomous,Spectacled Cobra,4d6181fdcaed9c548c7cace36eda26a8b87575a345eb760ae411e05d0671a916,866,1390,,,,False,LIKELY_NEAR_DUPLICATE,NO_TEST_CANDIDATE,False,REPOSITORY_LICENSE_VERIFIED; ORIGINAL_REPOSITORY_VERIFIED,THIRD_PARTY_IMAGE_RIGHTS_UNCLEAR; REVIEW_REQUIRED,True,REVIEW_LIKELY_NEAR_DUPLICATE,Likely near-duplicate requires human decision
Venomous/Spectacled Cobra/spectacled-cobra-naja-naja-venomous-common-genus-of-venomous-elapid-AX06FY.jpg,spectacled-cobra-naja-naja-venomous-common-genus-of-venomous-elapid-AX06FY.jpg,Venomous,Spectacled Cobra,69d6b794c12e569fc61840139f2e2b0a59aa56080f3356964e81c8acbef3882f,870,1390,,,,False,POSSIBLE_NEAR_DUPLICATE,NO_TEST_CANDIDATE,False,REPOSITORY_LICENSE_VERIFIED; ORIGINAL_REPOSITORY_VERIFIED,THIRD_PARTY_IMAGE_RIGHTS_UNCLEAR; REVIEW_REQUIRED,True,REVIEW_LICENSE,"Repository MIT license verified, but README says Google-sourced images may be copyrighted"
Venomous/Spectacled Cobra/spectacled-cobra-naja-naja-venomous-common-genus-of-venomous-elapid-ax2f1m.jpg,spectacled-cobra-naja-naja-venomous-common-genus-of-venomous-elapid-ax2f1m.jpg,Venomous,Spectacled Cobra,17d9f1fc7913b6d4bdc6e89802423af688193cafd783d85e1701402e60e4f6f9,348,540,,,,False,LIKELY_NEAR_DUPLICATE,NO_TEST_CANDIDATE,False,REPOSITORY_LICENSE_VERIFIED; ORIGINAL_REPOSITORY_VERIFIED,THIRD_PARTY_IMAGE_RIGHTS_UNCLEAR; REVIEW_REQUIRED,True,REVIEW_LIKELY_NEAR_DUPLICATE,Likely near-duplicate requires human decision
Venomous/Spectacled Cobra/The_Common_Indian_Cobra_or_Spectacled_Cobra_02.JPG,The_Common_Indian_Cobra_or_Spectacled_Cobra_02.JPG,Venomous,Spectacled Cobra,7a84c233ea6b49d4ad01f33212edeae0d32b34a4a60d166071e9524d489b2749,3648,2736,,,,False,POSSIBLE_NEAR_DUPLICATE,NO_TEST_CANDIDATE,False,REPOSITORY_LICENSE_VERIFIED; ORIGINAL_REPOSITORY_VERIFIED,THIRD_PARTY_IMAGE_RIGHTS_UNCLEAR; REVIEW_REQUIRED,True,REVIEW_LICENSE,"Repository MIT license verified, but README says Google-sourced images may be copyrighted"
Venomous/Spectacled Cobra/The_Common_Indian_Cobra_or_Spectacled_Cobra_04.JPG,The_Common_Indian_Cobra_or_Spectacled_Cobra_04.JPG,Venomous,Spectacled Cobra,7199c58518339c0e9f11d9b5eb28daf962b3571101a261e21ecf304972d922b7,3648,2736,,,,False,POSSIBLE_NEAR_DUPLICATE,NO_TEST_CANDIDATE,False,REPOSITORY_LICENSE_VERIFIED; ORIGINAL_REPOSITORY_VERIFIED,THIRD_PARTY_IMAGE_RIGHTS_UNCLEAR; REVIEW_REQUIRED,True,REVIEW_LICENSE,"Repository MIT license verified, but README says Google-sourced images may be copyrighted"
Venomous/Spectacled Cobra/The_Common_Indian_Cobra_or_Spectacled_Cobra_07.JPG,The_Common_Indian_Cobra_or_Spectacled_Cobra_07.JPG,Venomous,Spectacled Cobra,8a6a635a9542a75acec3a6d819acdf8f5fc2c64ab72823a56fb6586626b5f7bb,3648,2736,,,,False,POSSIBLE_NEAR_DUPLICATE,NO_TEST_CANDIDATE,False,REPOSITORY_LICENSE_VERIFIED; ORIGINAL_REPOSITORY_VERIFIED,THIRD_PARTY_IMAGE_RIGHTS_UNCLEAR; REVIEW_REQUIRED,True,REVIEW_LICENSE,"Repository MIT license verified, but README says Google-sourced images may be copyrighted"
Venomous/Spectacled Cobra/The_Common_Indian_Cobra_or_Spectacled_Cobra_08.JPG,The_Common_Indian_Cobra_or_Spectacled_Cobra_08.JPG,Venomous,Spectacled Cobra,0651204aec205fb9621bf4bbfef42e7c85cad0daaf6f69ef7c09bad70c57cb49,3648,2736,,,,False,POSSIBLE_NEAR_DUPLICATE,NO_TEST_CANDIDATE,False,REPOSITORY_LICENSE_VERIFIED; ORIGINAL_REPOSITORY_VERIFIED,THIRD_PARTY_IMAGE_RIGHTS_UNCLEAR; REVIEW_REQUIRED,True,REVIEW_LICENSE,"Repository MIT license verified, but README says Google-sourced images may be copyrighted"
Venomous/Spectacled Cobra/The_Common_Indian_Cobra_or_Spectacled_Cobra_13.JPG,The_Common_Indian_Cobra_or_Spectacled_Cobra_13.JPG,Venomous,Spectacled Cobra,a48d6a9154e6fa9a1b589e6e1e5198948c49ff67eb9e53aa2f796dd5c1ed16be,3648,2736,,,,False,POSSIBLE_NEAR_DUPLICATE,NO_TEST_CANDIDATE,False,REPOSITORY_LICENSE_VERIFIED; ORIGINAL_REPOSITORY_VERIFIED,THIRD_PARTY_IMAGE_RIGHTS_UNCLEAR; REVIEW_REQUIRED,True,REVIEW_LICENSE,"Repository MIT license verified, but README says Google-sourced images may be copyrighted"
Venomous/Spectacled Cobra/The_Common_Indian_Cobra_or_Spectacled_Cobra_14.JPG,The_Common_Indian_Cobra_or_Spectacled_Cobra_14.JPG,Venomous,Spectacled Cobra,84646c6089d9802ec8da100d3957ac67c57af6ed4e3d66fde6779623fab460dd,3648,2736,,,,False,POSSIBLE_NEAR_DUPLICATE,NO_TEST_CANDIDATE,False,REPOSITORY_LICENSE_VERIFIED; ORIGINAL_REPOSITORY_VERIFIED,THIRD_PARTY_IMAGE_RIGHTS_UNCLEAR; REVIEW_REQUIRED,True,REVIEW_LICENSE,"Repository MIT license verified, but README says Google-sourced images may be copyrighted"
Venomous/Spectacled Cobra/The_Common_Indian_Cobra_or_Spectacled_Cobra_21.JPG,The_Common_Indian_Cobra_or_Spectacled_Cobra_21.JPG,Venomous,Spectacled Cobra,25e470feac6fea0cdf5efec742fe5242bd1871a6e6997c022fb732ef73e6739f,3648,2736,,,,False,POSSIBLE_NEAR_DUPLICATE,NO_TEST_CANDIDATE,False,REPOSITORY_LICENSE_VERIFIED; ORIGINAL_REPOSITORY_VERIFIED,THIRD_PARTY_IMAGE_RIGHTS_UNCLEAR; REVIEW_REQUIRED,True,REVIEW_LICENSE,"Repository MIT license verified, but README says Google-sourced images may be copyrighted"
Venomous/Spectacled Cobra/The_Common_Indian_Cobra_or_Spectacled_Cobra_23.JPG,The_Common_Indian_Cobra_or_Spectacled_Cobra_23.JPG,Venomous,Spectacled Cobra,a2f3457bedc90faa1a7acb6ec4ec35af9b090a03198c2c9a6744553b4d523b16,3648,2736,,,,False,POSSIBLE_NEAR_DUPLICATE,NO_TEST_CANDIDATE,False,REPOSITORY_LICENSE_VERIFIED; ORIGINAL_REPOSITORY_VERIFIED,THIRD_PARTY_IMAGE_RIGHTS_UNCLEAR; REVIEW_REQUIRED,True,REVIEW_LICENSE,"Repository MIT license verified, but README says Google-sourced images may be copyrighted"
Venomous/Spectacled Cobra/The_Common_Indian_Cobra_or_Spectacled_Cobra_29.JPG,The_Common_Indian_Cobra_or_Spectacled_Cobra_29.JPG,Venomous,Spectacled Cobra,b38a4a426f8a83a82bed586ffdd3444d79e250318ad9334f4a10261a5f5a6acd,3648,2048,,,,False,POSSIBLE_NEAR_DUPLICATE,NO_TEST_CANDIDATE,False,REPOSITORY_LICENSE_VERIFIED; ORIGINAL_REPOSITORY_VERIFIED,THIRD_PARTY_IMAGE_RIGHTS_UNCLEAR; REVIEW_REQUIRED,True,REVIEW_LICENSE,"Repository MIT license verified, but README says Google-sourced images may be copyrighted"
Venomous/Spectacled Cobra/The_Common_Indian_Cobra_or_Spectacled_Cobra_30.JPG,The_Common_Indian_Cobra_or_Spectacled_Cobra_30.JPG,Venomous,Spectacled Cobra,115d184308f0f8d965205f2838569fb52dc68d253870188d961f4ced33ad8c83,3648,2736,,,,False,POSSIBLE_NEAR_DUPLICATE,NO_TEST_CANDIDATE,False,REPOSITORY_LICENSE_VERIFIED; ORIGINAL_REPOSITORY_VERIFIED,THIRD_PARTY_IMAGE_RIGHTS_UNCLEAR; REVIEW_REQUIRED,True,REVIEW_LICENSE,"Repository MIT license verified, but README says Google-sourced images may be copyrighted"
Venomous/Spectacled Cobra/The_Common_Indian_Cobra_or_Spectacled_Cobra_34.JPG,The_Common_Indian_Cobra_or_Spectacled_Cobra_34.JPG,Venomous,Spectacled Cobra,ef1b7475044777422bdf77a3b4b0d385a150843be3183b421b87520a473dc1c9,3648,2736,,,,False,POSSIBLE_NEAR_DUPLICATE,NO_TEST_CANDIDATE,False,REPOSITORY_LICENSE_VERIFIED; ORIGINAL_REPOSITORY_VERIFIED,THIRD_PARTY_IMAGE_RIGHTS_UNCLEAR; REVIEW_REQUIRED,True,REVIEW_LICENSE,"Repository MIT license verified, but README says Google-sourced images may be copyrighted"
Venomous/Spectacled Cobra/The_Common_Indian_Cobra_or_Spectacled_Cobra_35.JPG,The_Common_Indian_Cobra_or_Spectacled_Cobra_35.JPG,Venomous,Spectacled Cobra,016384bcf6b76fd521cbe548cfffdadc728d603db774d562bea6f97601bb4e6f,3648,2736,,,,False,POSSIBLE_NEAR_DUPLICATE,NO_TEST_CANDIDATE,False,REPOSITORY_LICENSE_VERIFIED; ORIGINAL_REPOSITORY_VERIFIED,THIRD_PARTY_IMAGE_RIGHTS_UNCLEAR; REVIEW_REQUIRED,True,REVIEW_LICENSE,"Repository MIT license verified, but README says Google-sourced images may be copyrighted"
Venomous/Spectacled Cobra/X5B3538.jpg,X5B3538.jpg,Venomous,Spectacled Cobra,0ab569cc472365d5092fe12c33bb55deb04e8cc07b18e205d95aeae86b205f2c,900,600,,,,False,NO_STRICT_MATCH,NO_TEST_CANDIDATE,False,REPOSITORY_LICENSE_VERIFIED; ORIGINAL_REPOSITORY_VERIFIED,THIRD_PARTY_IMAGE_RIGHTS_UNCLEAR; REVIEW_REQUIRED,True,REVIEW_LICENSE,"Repository MIT license verified, but README says Google-sourced images may be copyrighted"
