new_image,new_species,new_parent_class,existing_image,existing_class,existing_split,phash_distance,dhash_distance,previous_classification,ahash_distance,aspect_ratio_delta,pixel_correlation,ssim,color_histogram_correlation,orb_ratio_matches,orb_ransac_inliers,orb_inlier_ratio,final_classification,evidence,near_duplicate_status
Non-Venomous/Banded Racer/03000025388_01_f.jpg,Banded Racer,Non-Venomous,train/Non_Venomous_Snake/03000025388_01_f.jpg,Non_Venomous_Snake,TRAIN,0,0,HIGH_CONFIDENCE_NEAR_DUPLICATE,0,0.333008,0.999275,0.994669,0.998561,42,42,1.0,CONFIRMED_NEAR_DUPLICATE,pHash=0; dHash=0; aHash=0; aspect_delta=0.3330; pixel_corr=0.9993; SSIM=0.9947; hist_corr=0.9986; ORB_good=42; ORB_inliers=42; ORB_inlier_ratio=1.0000,HIGH_CONFIDENCE_NEAR_DUPLICATE
Non-Venomous/Banded Racer/03000025388_01_f.jpg,Banded Racer,Non-Venomous,train/Non_Venomous_Snake/96.jpg,Non_Venomous_Snake,TRAIN,0,0,HIGH_CONFIDENCE_NEAR_DUPLICATE,0,0.333008,0.994911,0.960441,0.990054,35,33,0.942857,CONFIRMED_NEAR_DUPLICATE,pHash=0; dHash=0; aHash=0; aspect_delta=0.3330; pixel_corr=0.9949; SSIM=0.9604; hist_corr=0.9901; ORB_good=35; ORB_inliers=33; ORB_inlier_ratio=0.9429,HIGH_CONFIDENCE_NEAR_DUPLICATE
Non-Venomous/Banded Racer/03000026774_01_f.jpg,Banded Racer,Non-Venomous,train/Non_Venomous_Snake/03000026774_01_f.jpg,Non_Venomous_Snake,TRAIN,0,0,HIGH_CONFIDENCE_NEAR_DUPLICATE,0,0.25,0.998974,0.997116,0.996084,49,48,0.979592,CONFIRMED_NEAR_DUPLICATE,pHash=0; dHash=0; aHash=0; aspect_delta=0.2500; pixel_corr=0.9990; SSIM=0.9971; hist_corr=0.9961; ORB_good=49; ORB_inliers=48; ORB_inlier_ratio=0.9796,HIGH_CONFIDENCE_NEAR_DUPLICATE
Non-Venomous/Banded Racer/03000026774_01_f.jpg,Banded Racer,Non-Venomous,train/Non_Venomous_Snake/17.jpg,Non_Venomous_Snake,TRAIN,0,1,HIGH_CONFIDENCE_NEAR_DUPLICATE,1,0.25,0.991695,0.977218,0.986043,36,35,0.972222,CONFIRMED_NEAR_DUPLICATE,pHash=0; dHash=1; aHash=1; aspect_delta=0.2500; pixel_corr=0.9917; SSIM=0.9772; hist_corr=0.9860; ORB_good=36; ORB_inliers=35; ORB_inlier_ratio=0.9722,HIGH_CONFIDENCE_NEAR_DUPLICATE
Non-Venomous/Banded Racer/0835.jpeg,Banded Racer,Non-Venomous,train/Non_Venomous_Snake/0835.jpg,Non_Venomous_Snake,TRAIN,0,1,HIGH_CONFIDENCE_NEAR_DUPLICATE,5,0.333333,0.741429,0.547684,0.997271,42,36,0.857143,CONFIRMED_NEAR_DUPLICATE,pHash=0; dHash=1; aHash=5; aspect_delta=0.3333; pixel_corr=0.7414; SSIM=0.5477; hist_corr=0.9973; ORB_good=42; ORB_inliers=36; ORB_inlier_ratio=0.8571,HIGH_CONFIDENCE_NEAR_DUPLICATE
Non-Venomous/Banded Racer/1274635783_6d04848eae.jpg,Banded Racer,Non-Venomous,train/Non_Venomous_Snake/1274635783_6d04848eae.jpg,Non_Venomous_Snake,TRAIN,0,1,HIGH_CONFIDENCE_NEAR_DUPLICATE,0,0.458,0.99914,0.996181,0.999821,15,9,0.6,LIKELY_NEAR_DUPLICATE,pHash=0; dHash=1; aHash=0; aspect_delta=0.4580; pixel_corr=0.9991; SSIM=0.9962; hist_corr=0.9998; ORB_good=15; ORB_inliers=9; ORB_inlier_ratio=0.6000,POSSIBLE_NEAR_DUPLICATE
Non-Venomous/Banded Racer/1474639691IMG_9870.JPG,Banded Racer,Non-Venomous,train/Non_Venomous_Snake/1474639691IMG_9870.JPG,Non_Venomous_Snake,TRAIN,0,1,HIGH_CONFIDENCE_NEAR_DUPLICATE,0,0.333333,0.999093,0.997928,0.999667,39,34,0.871795,CONFIRMED_NEAR_DUPLICATE,pHash=0; dHash=1; aHash=0; aspect_delta=0.3333; pixel_corr=0.9991; SSIM=0.9979; hist_corr=0.9997; ORB_good=39; ORB_inliers=34; ORB_inlier_ratio=0.8718,HIGH_CONFIDENCE_NEAR_DUPLICATE
Non-Venomous/Banded Racer/1886.jpeg,Banded Racer,Non-Venomous,train/Non_Venomous_Snake/1886.jpg,Non_Venomous_Snake,TRAIN,2,3,POSSIBLE_NEAR_DUPLICATE,2,0.297333,0.731761,0.610081,0.991358,89,88,0.988764,CONFIRMED_NEAR_DUPLICATE,pHash=2; dHash=3; aHash=2; aspect_delta=0.2973; pixel_corr=0.7318; SSIM=0.6101; hist_corr=0.9914; ORB_good=89; ORB_inliers=88; ORB_inlier_ratio=0.9888,HIGH_CONFIDENCE_NEAR_DUPLICATE
Non-Venomous/Banded Racer/1886.jpeg,Banded Racer,Non-Venomous,train/Non_Venomous_Snake/42.jpg,Non_Venomous_Snake,TRAIN,0,0,HIGH_CONFIDENCE_NEAR_DUPLICATE,1,0.297333,0.994541,0.986017,0.986936,100,100,1.0,CONFIRMED_NEAR_DUPLICATE,pHash=0; dHash=0; aHash=1; aspect_delta=0.2973; pixel_corr=0.9945; SSIM=0.9860; hist_corr=0.9869; ORB_good=100; ORB_inliers=100; ORB_inlier_ratio=1.0000,HIGH_CONFIDENCE_NEAR_DUPLICATE
Non-Venomous/Banded Racer/1887.jpeg,Banded Racer,Non-Venomous,train/Non_Venomous_Snake/1887.jpg,Non_Venomous_Snake,TRAIN,2,4,POSSIBLE_NEAR_DUPLICATE,4,0.288,0.748862,0.527058,0.99057,83,83,1.0,CONFIRMED_NEAR_DUPLICATE,pHash=2; dHash=4; aHash=4; aspect_delta=0.2880; pixel_corr=0.7489; SSIM=0.5271; hist_corr=0.9906; ORB_good=83; ORB_inliers=83; ORB_inlier_ratio=1.0000,HIGH_CONFIDENCE_NEAR_DUPLICATE
Non-Venomous/Banded Racer/1887.jpeg,Banded Racer,Non-Venomous,train/Non_Venomous_Snake/54.jpg,Non_Venomous_Snake,TRAIN,4,5,POSSIBLE_NEAR_DUPLICATE,5,0.288,0.456042,0.203092,0.983366,66,64,0.969697,CONFIRMED_NEAR_DUPLICATE,pHash=4; dHash=5; aHash=5; aspect_delta=0.2880; pixel_corr=0.4560; SSIM=0.2031; hist_corr=0.9834; ORB_good=66; ORB_inliers=64; ORB_inlier_ratio=0.9697,HIGH_CONFIDENCE_NEAR_DUPLICATE
Non-Venomous/Banded Racer/3bbddef038d00a1492014b195f259104--colorful-snakes-nerd.jpg,Banded Racer,Non-Venomous,train/Non_Venomous_Snake/3bbddef038d00a1492014b195f259104--colorful-snakes-nerd.jpg,Non_Venomous_Snake,TRAIN,0,0,HIGH_CONFIDENCE_NEAR_DUPLICATE,0,0.161017,0.999012,0.996149,0.999988,158,146,0.924051,CONFIRMED_NEAR_DUPLICATE,pHash=0; dHash=0; aHash=0; aspect_delta=0.1610; pixel_corr=0.9990; SSIM=0.9961; hist_corr=1.0000; ORB_good=158; ORB_inliers=146; ORB_inlier_ratio=0.9241,HIGH_CONFIDENCE_NEAR_DUPLICATE
Non-Venomous/Banded Racer/5489314689_0dc82a6515_z.jpg,Banded Racer,Non-Venomous,train/Non_Venomous_Snake/5489314689_0dc82a6515_z.jpg,Non_Venomous_Snake,TRAIN,0,0,HIGH_CONFIDENCE_NEAR_DUPLICATE,0,0.222222,0.999788,0.997386,0.999949,190,184,0.968421,CONFIRMED_NEAR_DUPLICATE,pHash=0; dHash=0; aHash=0; aspect_delta=0.2222; pixel_corr=0.9998; SSIM=0.9974; hist_corr=0.9999; ORB_good=190; ORB_inliers=184; ORB_inlier_ratio=0.9684,HIGH_CONFIDENCE_NEAR_DUPLICATE
Non-Venomous/Banded Racer/5489314689_0dc82a6515_z.jpg,Banded Racer,Non-Venomous,train/Non_Venomous_Snake/56.jpg,Non_Venomous_Snake,TRAIN,0,0,HIGH_CONFIDENCE_NEAR_DUPLICATE,0,0.222222,0.997811,0.972775,0.99956,164,159,0.969512,CONFIRMED_NEAR_DUPLICATE,pHash=0; dHash=0; aHash=0; aspect_delta=0.2222; pixel_corr=0.9978; SSIM=0.9728; hist_corr=0.9996; ORB_good=164; ORB_inliers=159; ORB_inlier_ratio=0.9695,HIGH_CONFIDENCE_NEAR_DUPLICATE
Non-Venomous/Banded Racer/5489908162_098edd6fd0_z.jpg,Banded Racer,Non-Venomous,train/Non_Venomous_Snake/5489908162_098edd6fd0_z.jpg,Non_Venomous_Snake,TRAIN,0,0,HIGH_CONFIDENCE_NEAR_DUPLICATE,0,0.38141,0.999818,0.99765,0.99992,55,42,0.763636,CONFIRMED_NEAR_DUPLICATE,pHash=0; dHash=0; aHash=0; aspect_delta=0.3814; pixel_corr=0.9998; SSIM=0.9977; hist_corr=0.9999; ORB_good=55; ORB_inliers=42; ORB_inlier_ratio=0.7636,HIGH_CONFIDENCE_NEAR_DUPLICATE
Non-Venomous/Banded Racer/5489908744_1c627cc25f.jpg,Banded Racer,Non-Venomous,train/Non_Venomous_Snake/5489908744_1c627cc25f.jpg,Non_Venomous_Snake,TRAIN,2,2,HIGH_CONFIDENCE_NEAR_DUPLICATE,0,0.030303,0.999529,0.997458,0.999697,452,448,0.99115,CONFIRMED_NEAR_DUPLICATE,pHash=2; dHash=2; aHash=0; aspect_delta=0.0303; pixel_corr=0.9995; SSIM=0.9975; hist_corr=0.9997; ORB_good=452; ORB_inliers=448; ORB_inlier_ratio=0.9912,HIGH_CONFIDENCE_NEAR_DUPLICATE
Non-Venomous/Banded Racer/9678299431_e1027b9b6c_b.jpg,Banded Racer,Non-Venomous,train/Non_Venomous_Snake/12.jpg,Non_Venomous_Snake,TRAIN,0,1,HIGH_CONFIDENCE_NEAR_DUPLICATE,0,0.412109,0.997583,0.980952,0.995274,12,7,0.583333,POSSIBLE_NEAR_DUPLICATE,pHash=0; dHash=1; aHash=0; aspect_delta=0.4121; pixel_corr=0.9976; SSIM=0.9810; hist_corr=0.9953; ORB_good=12; ORB_inliers=7; ORB_inlier_ratio=0.5833,POSSIBLE_NEAR_DUPLICATE
Non-Venomous/Banded Racer/9678299431_e1027b9b6c_b.jpg,Banded Racer,Non-Venomous,train/Non_Venomous_Snake/9678299431_e1027b9b6c_b.jpg,Non_Venomous_Snake,TRAIN,0,0,HIGH_CONFIDENCE_NEAR_DUPLICATE,0,0.412109,0.999755,0.997221,0.999379,14,8,0.571429,POSSIBLE_NEAR_DUPLICATE,pHash=0; dHash=0; aHash=0; aspect_delta=0.4121; pixel_corr=0.9998; SSIM=0.9972; hist_corr=0.9994; ORB_good=14; ORB_inliers=8; ORB_inlier_ratio=0.5714,POSSIBLE_NEAR_DUPLICATE
Non-Venomous/Banded Racer/9678299431_e1027b9b6c_b.jpg,Banded Racer,Non-Venomous,train/Non_Venomous_Snake/9678299431_e1027b9b6c_m.jpg,Non_Venomous_Snake,TRAIN,0,1,HIGH_CONFIDENCE_NEAR_DUPLICATE,0,0.412109,0.997541,0.987216,0.999133,10,5,0.5,POSSIBLE_NEAR_DUPLICATE,pHash=0; dHash=1; aHash=0; aspect_delta=0.4121; pixel_corr=0.9975; SSIM=0.9872; hist_corr=0.9991; ORB_good=10; ORB_inliers=5; ORB_inlier_ratio=0.5000,POSSIBLE_NEAR_DUPLICATE
Non-Venomous/Banded Racer/9678299431_e1027b9b6c_m.jpg,Banded Racer,Non-Venomous,train/Non_Venomous_Snake/12.jpg,Non_Venomous_Snake,TRAIN,0,2,HIGH_CONFIDENCE_NEAR_DUPLICATE,0,0.4125,0.995971,0.974349,0.9932,15,10,0.666667,LIKELY_NEAR_DUPLICATE,pHash=0; dHash=2; aHash=0; aspect_delta=0.4125; pixel_corr=0.9960; SSIM=0.9743; hist_corr=0.9932; ORB_good=15; ORB_inliers=10; ORB_inlier_ratio=0.6667,POSSIBLE_NEAR_DUPLICATE
Non-Venomous/Banded Racer/9678299431_e1027b9b6c_m.jpg,Banded Racer,Non-Venomous,train/Non_Venomous_Snake/9678299431_e1027b9b6c_b.jpg,Non_Venomous_Snake,TRAIN,0,1,HIGH_CONFIDENCE_NEAR_DUPLICATE,0,0.4125,0.997668,0.987524,0.998522,10,6,0.6,POSSIBLE_NEAR_DUPLICATE,pHash=0; dHash=1; aHash=0; aspect_delta=0.4125; pixel_corr=0.9977; SSIM=0.9875; hist_corr=0.9985; ORB_good=10; ORB_inliers=6; ORB_inlier_ratio=0.6000,POSSIBLE_NEAR_DUPLICATE
Non-Venomous/Banded Racer/9678299431_e1027b9b6c_m.jpg,Banded Racer,Non-Venomous,train/Non_Venomous_Snake/9678299431_e1027b9b6c_m.jpg,Non_Venomous_Snake,TRAIN,0,0,HIGH_CONFIDENCE_NEAR_DUPLICATE,0,0.4125,0.999608,0.996816,0.999793,15,7,0.466667,POSSIBLE_NEAR_DUPLICATE,pHash=0; dHash=0; aHash=0; aspect_delta=0.4125; pixel_corr=0.9996; SSIM=0.9968; hist_corr=0.9998; ORB_good=15; ORB_inliers=7; ORB_inlier_ratio=0.4667,POSSIBLE_NEAR_DUPLICATE
Non-Venomous/Banded Racer/Argyrogena-fasciolata-03000032230_01.jpg,Banded Racer,Non-Venomous,train/Non_Venomous_Snake/26.jpg,Non_Venomous_Snake,TRAIN,4,0,POSSIBLE_NEAR_DUPLICATE,0,0.25,0.995146,0.97462,0.99124,110,104,0.945455,CONFIRMED_NEAR_DUPLICATE,pHash=4; dHash=0; aHash=0; aspect_delta=0.2500; pixel_corr=0.9951; SSIM=0.9746; hist_corr=0.9912; ORB_good=110; ORB_inliers=104; ORB_inlier_ratio=0.9455,HIGH_CONFIDENCE_NEAR_DUPLICATE
Non-Venomous/Banded Racer/Argyrogena-fasciolata-03000032230_01.jpg,Banded Racer,Non-Venomous,train/Non_Venomous_Snake/Argyrogena-fasciolata-03000032230_01.jpg,Non_Venomous_Snake,TRAIN,0,0,HIGH_CONFIDENCE_NEAR_DUPLICATE,0,0.25,0.99951,0.997611,0.998698,133,127,0.954887,CONFIRMED_NEAR_DUPLICATE,pHash=0; dHash=0; aHash=0; aspect_delta=0.2500; pixel_corr=0.9995; SSIM=0.9976; hist_corr=0.9987; ORB_good=133; ORB_inliers=127; ORB_inlier_ratio=0.9549,HIGH_CONFIDENCE_NEAR_DUPLICATE
Non-Venomous/Banded Racer/banded racer blog.JPG,Banded Racer,Non-Venomous,train/Non_Venomous_Snake/97.jpg,Non_Venomous_Snake,TRAIN,2,0,HIGH_CONFIDENCE_NEAR_DUPLICATE,2,0.260742,0.988461,0.973032,0.971682,57,56,0.982456,CONFIRMED_NEAR_DUPLICATE,pHash=2; dHash=0; aHash=2; aspect_delta=0.2607; pixel_corr=0.9885; SSIM=0.9730; hist_corr=0.9717; ORB_good=57; ORB_inliers=56; ORB_inlier_ratio=0.9825,HIGH_CONFIDENCE_NEAR_DUPLICATE
Non-Venomous/Banded Racer/banded racer blog.JPG,Banded Racer,Non-Venomous,train/Non_Venomous_Snake/banded racer blog.JPG,Non_Venomous_Snake,TRAIN,0,0,HIGH_CONFIDENCE_NEAR_DUPLICATE,0,0.260742,0.998146,0.995721,0.995675,55,53,0.963636,CONFIRMED_NEAR_DUPLICATE,pHash=0; dHash=0; aHash=0; aspect_delta=0.2607; pixel_corr=0.9981; SSIM=0.9957; hist_corr=0.9957; ORB_good=55; ORB_inliers=53; ORB_inlier_ratio=0.9636,HIGH_CONFIDENCE_NEAR_DUPLICATE
Non-Venomous/Banded Racer/Banded Racer Juvenile.jpg,Banded Racer,Non-Venomous,train/Non_Venomous_Snake/Banded Racer Juvenile.jpg,Non_Venomous_Snake,TRAIN,0,0,HIGH_CONFIDENCE_NEAR_DUPLICATE,0,0.288,0.999393,0.997165,0.999823,56,30,0.535714,LIKELY_NEAR_DUPLICATE,pHash=0; dHash=0; aHash=0; aspect_delta=0.2880; pixel_corr=0.9994; SSIM=0.9972; hist_corr=0.9998; ORB_good=56; ORB_inliers=30; ORB_inlier_ratio=0.5357,POSSIBLE_NEAR_DUPLICATE
Non-Venomous/Banded Racer/Banded Racer.jpg,Banded Racer,Non-Venomous,train/Non_Venomous_Snake/50.jpg,Non_Venomous_Snake,TRAIN,0,0,HIGH_CONFIDENCE_NEAR_DUPLICATE,0,0.471875,0.996669,0.979268,0.995493,10,6,0.6,POSSIBLE_NEAR_DUPLICATE,pHash=0; dHash=0; aHash=0; aspect_delta=0.4719; pixel_corr=0.9967; SSIM=0.9793; hist_corr=0.9955; ORB_good=10; ORB_inliers=6; ORB_inlier_ratio=0.6000,POSSIBLE_NEAR_DUPLICATE
Non-Venomous/Banded Racer/banded Racer_001.jpg,Banded Racer,Non-Venomous,test/Non_Venomous_Snake/banded Racer_001.jpg,Non_Venomous_Snake,TEST,0,0,HIGH_CONFIDENCE_NEAR_DUPLICATE,1,0.33125,0.998308,0.995507,0.999696,38,37,0.973684,CONFIRMED_NEAR_DUPLICATE,pHash=0; dHash=0; aHash=1; aspect_delta=0.3312; pixel_corr=0.9983; SSIM=0.9955; hist_corr=0.9997; ORB_good=38; ORB_inliers=37; ORB_inlier_ratio=0.9737,HIGH_CONFIDENCE_NEAR_DUPLICATE
Non-Venomous/Banded Racer/Banded Racer_1105.jpg,Banded Racer,Non-Venomous,test/Non_Venomous_Snake/Banded Racer_1105.jpg,Non_Venomous_Snake,TEST,0,0,HIGH_CONFIDENCE_NEAR_DUPLICATE,0,0.25,0.999115,0.997248,0.998684,82,80,0.97561,CONFIRMED_NEAR_DUPLICATE,pHash=0; dHash=0; aHash=0; aspect_delta=0.2500; pixel_corr=0.9991; SSIM=0.9972; hist_corr=0.9987; ORB_good=82; ORB_inliers=80; ORB_inlier_ratio=0.9756,HIGH_CONFIDENCE_NEAR_DUPLICATE
Non-Venomous/Banded Racer/Banded-Racer-1-700x489.jpg,Banded Racer,Non-Venomous,test/Non_Venomous_Snake/Banded-Racer-1-700x489.jpg,Non_Venomous_Snake,TEST,0,0,HIGH_CONFIDENCE_NEAR_DUPLICATE,0,0.301429,0.999901,0.997166,0.999751,92,91,0.98913,CONFIRMED_NEAR_DUPLICATE,pHash=0; dHash=0; aHash=0; aspect_delta=0.3014; pixel_corr=0.9999; SSIM=0.9972; hist_corr=0.9998; ORB_good=92; ORB_inliers=91; ORB_inlier_ratio=0.9891,HIGH_CONFIDENCE_NEAR_DUPLICATE
Non-Venomous/Banded Racer/Banded-Racer-3-700x417.jpg,Banded Racer,Non-Venomous,test/Non_Venomous_Snake/Banded-Racer-3-700x417.jpg,Non_Venomous_Snake,TEST,0,1,HIGH_CONFIDENCE_NEAR_DUPLICATE,0,0.404286,0.999858,0.997401,0.999818,67,61,0.910448,CONFIRMED_NEAR_DUPLICATE,pHash=0; dHash=1; aHash=0; aspect_delta=0.4043; pixel_corr=0.9999; SSIM=0.9974; hist_corr=0.9998; ORB_good=67; ORB_inliers=61; ORB_inlier_ratio=0.9104,HIGH_CONFIDENCE_NEAR_DUPLICATE
Non-Venomous/Banded Racer/banded-racer-argyrogena-fasciolata-juvenile-non-venomous-locality-DCDHTP.jpg,Banded Racer,Non-Venomous,test/Non_Venomous_Snake/banded-racer-argyrogena-fasciolata-juvenile-non-venomous-locality-DCDHTP.jpg,Non_Venomous_Snake,TEST,0,0,HIGH_CONFIDENCE_NEAR_DUPLICATE,0,0.267692,0.999443,0.996627,0.999174,26,24,0.923077,CONFIRMED_NEAR_DUPLICATE,pHash=0; dHash=0; aHash=0; aspect_delta=0.2677; pixel_corr=0.9994; SSIM=0.9966; hist_corr=0.9992; ORB_good=26; ORB_inliers=24; ORB_inlier_ratio=0.9231,HIGH_CONFIDENCE_NEAR_DUPLICATE
Non-Venomous/Banded Racer/banded-racer-argyrogena-fasciolata-juvenile-non-venomous-locality-h9et85.jpg,Banded Racer,Non-Venomous,test/Non_Venomous_Snake/banded-racer-argyrogena-fasciolata-juvenile-non-venomous-locality-h9et85.jpg,Non_Venomous_Snake,TEST,0,0,HIGH_CONFIDENCE_NEAR_DUPLICATE,0,0.304688,0.999594,0.997093,0.999183,106,101,0.95283,CONFIRMED_NEAR_DUPLICATE,pHash=0; dHash=0; aHash=0; aspect_delta=0.3047; pixel_corr=0.9996; SSIM=0.9971; hist_corr=0.9992; ORB_good=106; ORB_inliers=101; ORB_inlier_ratio=0.9528,HIGH_CONFIDENCE_NEAR_DUPLICATE
Non-Venomous/Banded Racer/banded-racer-argyrogena-fasciolata-ncbs-bangalore-india-f7n70b.jpg,Banded Racer,Non-Venomous,test/Non_Venomous_Snake/banded-racer-argyrogena-fasciolata-ncbs-bangalore-india-f7n70b.jpg,Non_Venomous_Snake,TEST,0,0,HIGH_CONFIDENCE_NEAR_DUPLICATE,0,0.301563,0.998563,0.993183,0.999104,90,87,0.966667,CONFIRMED_NEAR_DUPLICATE,pHash=0; dHash=0; aHash=0; aspect_delta=0.3016; pixel_corr=0.9986; SSIM=0.9932; hist_corr=0.9991; ORB_good=90; ORB_inliers=87; ORB_inlier_ratio=0.9667,HIGH_CONFIDENCE_NEAR_DUPLICATE
Non-Venomous/Banded Racer/banded-racer-argyrogena-fasciolata-non-venomous-not-common-biting-ac6488.jpg,Banded Racer,Non-Venomous,test/Non_Venomous_Snake/banded-racer-argyrogena-fasciolata-non-venomous-not-common-biting-ac6488.jpg,Non_Venomous_Snake,TEST,0,2,HIGH_CONFIDENCE_NEAR_DUPLICATE,0,0.29375,0.999874,0.996628,0.999879,60,57,0.95,CONFIRMED_NEAR_DUPLICATE,pHash=0; dHash=2; aHash=0; aspect_delta=0.2938; pixel_corr=0.9999; SSIM=0.9966; hist_corr=0.9999; ORB_good=60; ORB_inliers=57; ORB_inlier_ratio=0.9500,HIGH_CONFIDENCE_NEAR_DUPLICATE
Non-Venomous/Banded Racer/banded-racer-argyrogena-fasciolata-non-venomous-not-common-juvenile-A6TT4N.jpg,Banded Racer,Non-Venomous,test/Non_Venomous_Snake/banded-racer-argyrogena-fasciolata-non-venomous-not-common-juvenile-A6TT4N.jpg,Non_Venomous_Snake,TEST,0,0,HIGH_CONFIDENCE_NEAR_DUPLICATE,0,0.267692,0.999329,0.996031,0.999398,23,23,1.0,CONFIRMED_NEAR_DUPLICATE,pHash=0; dHash=0; aHash=0; aspect_delta=0.2677; pixel_corr=0.9993; SSIM=0.9960; hist_corr=0.9994; ORB_good=23; ORB_inliers=23; ORB_inlier_ratio=1.0000,HIGH_CONFIDENCE_NEAR_DUPLICATE
Non-Venomous/Banded Racer/banded-racer-argyrogena-fasciolata-non-venomous-not-common-juvenile-A6TT4T.jpg,Banded Racer,Non-Venomous,test/Non_Venomous_Snake/banded-racer-argyrogena-fasciolata-non-venomous-not-common-juvenile-A6TT4T.jpg,Non_Venomous_Snake,TEST,0,0,HIGH_CONFIDENCE_NEAR_DUPLICATE,1,0.267692,0.99937,0.995849,0.999369,22,22,1.0,CONFIRMED_NEAR_DUPLICATE,pHash=0; dHash=0; aHash=1; aspect_delta=0.2677; pixel_corr=0.9994; SSIM=0.9958; hist_corr=0.9994; ORB_good=22; ORB_inliers=22; ORB_inlier_ratio=1.0000,HIGH_CONFIDENCE_NEAR_DUPLICATE
Non-Venomous/Banded Racer/banded-racer-argyrogena-fasciolata-non-venomous-not-common-kalbeliya-AT2BHP.jpg,Banded Racer,Non-Venomous,test/Non_Venomous_Snake/banded-racer-argyrogena-fasciolata-non-venomous-not-common-kalbeliya-AT2BHP.jpg,Non_Venomous_Snake,TEST,2,0,HIGH_CONFIDENCE_NEAR_DUPLICATE,0,0.394964,0.99973,0.998229,0.999679,19,16,0.842105,LIKELY_NEAR_DUPLICATE,pHash=2; dHash=0; aHash=0; aspect_delta=0.3950; pixel_corr=0.9997; SSIM=0.9982; hist_corr=0.9997; ORB_good=19; ORB_inliers=16; ORB_inlier_ratio=0.8421,POSSIBLE_NEAR_DUPLICATE
Non-Venomous/Banded Racer/banded-racerargyrogena-fasciolata-ncbs-bangalore-india-f7n6yr.jpg,Banded Racer,Non-Venomous,test/Non_Venomous_Snake/banded-racerargyrogena-fasciolata-ncbs-bangalore-india-f7n6yr.jpg,Non_Venomous_Snake,TEST,0,1,HIGH_CONFIDENCE_NEAR_DUPLICATE,1,0.301563,0.999013,0.994451,0.999103,94,88,0.93617,CONFIRMED_NEAR_DUPLICATE,pHash=0; dHash=1; aHash=1; aspect_delta=0.3016; pixel_corr=0.9990; SSIM=0.9945; hist_corr=0.9991; ORB_good=94; ORB_inliers=88; ORB_inlier_ratio=0.9362,HIGH_CONFIDENCE_NEAR_DUPLICATE
Non-Venomous/Banded Racer/banded_racer2.JPG,Banded Racer,Non-Venomous,test/Non_Venomous_Snake/banded_racer2.JPG,Non_Venomous_Snake,TEST,0,0,HIGH_CONFIDENCE_NEAR_DUPLICATE,0,0.04375,0.999715,0.998836,0.996536,359,344,0.958217,CONFIRMED_NEAR_DUPLICATE,pHash=0; dHash=0; aHash=0; aspect_delta=0.0438; pixel_corr=0.9997; SSIM=0.9988; hist_corr=0.9965; ORB_good=359; ORB_inliers=344; ORB_inlier_ratio=0.9582,HIGH_CONFIDENCE_NEAR_DUPLICATE
Non-Venomous/Banded Racer/Banded_Racer_Argyrogena_fasciolata_by_Ashahar_alias_Krishna_Khan.jpg,Banded Racer,Non-Venomous,test/Non_Venomous_Snake/Banded_Racer_Argyrogena_fasciolata_by_Ashahar_alias_Krishna_Khan.jpg,Non_Venomous_Snake,TEST,0,0,HIGH_CONFIDENCE_NEAR_DUPLICATE,0,0.333333,0.998951,0.994862,0.997286,23,23,1.0,CONFIRMED_NEAR_DUPLICATE,pHash=0; dHash=0; aHash=0; aspect_delta=0.3333; pixel_corr=0.9990; SSIM=0.9949; hist_corr=0.9973; ORB_good=23; ORB_inliers=23; ORB_inlier_ratio=1.0000,HIGH_CONFIDENCE_NEAR_DUPLICATE
Non-Venomous/Banded Racer/flagellum_19mar11_1b.jpg,Banded Racer,Non-Venomous,test/Non_Venomous_Snake/flagellum_19mar11_1b.jpg,Non_Venomous_Snake,TEST,0,0,HIGH_CONFIDENCE_NEAR_DUPLICATE,0,0.333333,0.999218,0.997847,0.999175,48,47,0.979167,CONFIRMED_NEAR_DUPLICATE,pHash=0; dHash=0; aHash=0; aspect_delta=0.3333; pixel_corr=0.9992; SSIM=0.9978; hist_corr=0.9992; ORB_good=48; ORB_inliers=47; ORB_inlier_ratio=0.9792,HIGH_CONFIDENCE_NEAR_DUPLICATE
Non-Venomous/Banded Racer/img6.jpg,Banded Racer,Non-Venomous,test/Non_Venomous_Snake/img6.jpg,Non_Venomous_Snake,TEST,0,0,HIGH_CONFIDENCE_NEAR_DUPLICATE,0,0.345,0.999587,0.997119,0.999922,92,77,0.836957,CONFIRMED_NEAR_DUPLICATE,pHash=0; dHash=0; aHash=0; aspect_delta=0.3450; pixel_corr=0.9996; SSIM=0.9971; hist_corr=0.9999; ORB_good=92; ORB_inliers=77; ORB_inlier_ratio=0.8370,HIGH_CONFIDENCE_NEAR_DUPLICATE
Non-Venomous/Banded Racer/medium.JPG,Banded Racer,Non-Venomous,test/Non_Venomous_Snake/medium.JPG,Non_Venomous_Snake,TEST,0,0,HIGH_CONFIDENCE_NEAR_DUPLICATE,0,0.434,0.999495,0.99828,0.998159,17,9,0.529412,LIKELY_NEAR_DUPLICATE,pHash=0; dHash=0; aHash=0; aspect_delta=0.4340; pixel_corr=0.9995; SSIM=0.9983; hist_corr=0.9982; ORB_good=17; ORB_inliers=9; ORB_inlier_ratio=0.5294,POSSIBLE_NEAR_DUPLICATE
Non-Venomous/Checkered Keelback/1170695.jpg,Checkered Keelback,Non-Venomous,train/Non_Venomous_Snake/1170695.jpg,Non_Venomous_Snake,TRAIN,2,0,HIGH_CONFIDENCE_NEAR_DUPLICATE,0,0.34,0.999445,0.997778,0.99978,26,23,0.884615,CONFIRMED_NEAR_DUPLICATE,pHash=2; dHash=0; aHash=0; aspect_delta=0.3400; pixel_corr=0.9994; SSIM=0.9978; hist_corr=0.9998; ORB_good=26; ORB_inliers=23; ORB_inlier_ratio=0.8846,HIGH_CONFIDENCE_NEAR_DUPLICATE
Non-Venomous/Checkered Keelback/1274637963_d73bd842e0.jpg,Checkered Keelback,Non-Venomous,train/Non_Venomous_Snake/1274637963_d73bd842e0.jpg,Non_Venomous_Snake,TRAIN,2,1,HIGH_CONFIDENCE_NEAR_DUPLICATE,1,0.32,0.999674,0.996341,0.999884,74,72,0.972973,CONFIRMED_NEAR_DUPLICATE,pHash=2; dHash=1; aHash=1; aspect_delta=0.3200; pixel_corr=0.9997; SSIM=0.9963; hist_corr=0.9999; ORB_good=74; ORB_inliers=72; ORB_inlier_ratio=0.9730,HIGH_CONFIDENCE_NEAR_DUPLICATE
Non-Venomous/Checkered Keelback/12783453_954980014598589_967027178_n.jpg,Checkered Keelback,Non-Venomous,train/Non_Venomous_Snake/12783453_954980014598589_967027178_n.jpg,Non_Venomous_Snake,TRAIN,0,0,HIGH_CONFIDENCE_NEAR_DUPLICATE,0,0.0,0.999713,0.996408,0.998708,106,104,0.981132,CONFIRMED_NEAR_DUPLICATE,pHash=0; dHash=0; aHash=0; aspect_delta=0.0000; pixel_corr=0.9997; SSIM=0.9964; hist_corr=0.9987; ORB_good=106; ORB_inliers=104; ORB_inlier_ratio=0.9811,HIGH_CONFIDENCE_NEAR_DUPLICATE
Non-Venomous/Checkered Keelback/1474640697main-2.JPG,Checkered Keelback,Non-Venomous,train/Non_Venomous_Snake/1474640697main-2.JPG,Non_Venomous_Snake,TRAIN,2,1,HIGH_CONFIDENCE_NEAR_DUPLICATE,1,0.333333,0.999617,0.996747,0.999826,70,62,0.885714,CONFIRMED_NEAR_DUPLICATE,pHash=2; dHash=1; aHash=1; aspect_delta=0.3333; pixel_corr=0.9996; SSIM=0.9967; hist_corr=0.9998; ORB_good=70; ORB_inliers=62; ORB_inlier_ratio=0.8857,HIGH_CONFIDENCE_NEAR_DUPLICATE
Non-Venomous/Checkered Keelback/15563108480_e836a296f0_b.jpg,Checkered Keelback,Non-Venomous,train/Non_Venomous_Snake/15563108480_e836a296f0_b.jpg,Non_Venomous_Snake,TRAIN,0,1,HIGH_CONFIDENCE_NEAR_DUPLICATE,0,0.333008,0.999088,0.995456,0.999729,43,38,0.883721,CONFIRMED_NEAR_DUPLICATE,pHash=0; dHash=1; aHash=0; aspect_delta=0.3330; pixel_corr=0.9991; SSIM=0.9955; hist_corr=0.9997; ORB_good=43; ORB_inliers=38; ORB_inlier_ratio=0.8837,HIGH_CONFIDENCE_NEAR_DUPLICATE
Non-Venomous/Checkered Keelback/174_gall.jpg,Checkered Keelback,Non-Venomous,train/Non_Venomous_Snake/174_gall.jpg,Non_Venomous_Snake,TRAIN,0,0,HIGH_CONFIDENCE_NEAR_DUPLICATE,0,0.285714,0.999334,0.998288,0.996552,102,94,0.921569,CONFIRMED_NEAR_DUPLICATE,pHash=0; dHash=0; aHash=0; aspect_delta=0.2857; pixel_corr=0.9993; SSIM=0.9983; hist_corr=0.9966; ORB_good=102; ORB_inliers=94; ORB_inlier_ratio=0.9216,HIGH_CONFIDENCE_NEAR_DUPLICATE
Non-Venomous/Checkered Keelback/2.jpg,Checkered Keelback,Non-Venomous,train/Non_Venomous_Snake/2.jpg,Non_Venomous_Snake,TRAIN,0,0,HIGH_CONFIDENCE_NEAR_DUPLICATE,0,0.426042,0.999908,0.997694,0.998736,20,11,0.55,LIKELY_NEAR_DUPLICATE,pHash=0; dHash=0; aHash=0; aspect_delta=0.4260; pixel_corr=0.9999; SSIM=0.9977; hist_corr=0.9987; ORB_good=20; ORB_inliers=11; ORB_inlier_ratio=0.5500,POSSIBLE_NEAR_DUPLICATE
Non-Venomous/Checkered Keelback/20256325489_07fa92c4e6_b.jpg,Checkered Keelback,Non-Venomous,train/Non_Venomous_Snake/20256325489_07fa92c4e6_b.jpg,Non_Venomous_Snake,TRAIN,0,0,HIGH_CONFIDENCE_NEAR_DUPLICATE,0,0.273438,0.999908,0.998398,0.999331,57,56,0.982456,CONFIRMED_NEAR_DUPLICATE,pHash=0; dHash=0; aHash=0; aspect_delta=0.2734; pixel_corr=0.9999; SSIM=0.9984; hist_corr=0.9993; ORB_good=57; ORB_inliers=56; ORB_inlier_ratio=0.9825,HIGH_CONFIDENCE_NEAR_DUPLICATE
Non-Venomous/Checkered Keelback/20656965795_eb050dd6c5.jpg,Checkered Keelback,Non-Venomous,validation/Non_Venomous_Snake/20656965795_eb050dd6c5.jpg,Non_Venomous_Snake,VALIDATION,0,0,HIGH_CONFIDENCE_NEAR_DUPLICATE,0,0.314,0.999814,0.997545,0.999268,104,99,0.951923,CONFIRMED_NEAR_DUPLICATE,pHash=0; dHash=0; aHash=0; aspect_delta=0.3140; pixel_corr=0.9998; SSIM=0.9975; hist_corr=0.9993; ORB_good=104; ORB_inliers=99; ORB_inlier_ratio=0.9519,HIGH_CONFIDENCE_NEAR_DUPLICATE
Non-Venomous/Checkered Keelback/20833697950_fa473f7660_b.jpg,Checkered Keelback,Non-Venomous,train/Non_Venomous_Snake/20833697950_fa473f7660_b.jpg,Non_Venomous_Snake,TRAIN,0,0,HIGH_CONFIDENCE_NEAR_DUPLICATE,0,0.25,0.999746,0.996973,0.997281,94,92,0.978723,CONFIRMED_NEAR_DUPLICATE,pHash=0; dHash=0; aHash=0; aspect_delta=0.2500; pixel_corr=0.9997; SSIM=0.9970; hist_corr=0.9973; ORB_good=94; ORB_inliers=92; ORB_inlier_ratio=0.9787,HIGH_CONFIDENCE_NEAR_DUPLICATE
Non-Venomous/Checkered Keelback/2171758814_f5686d0104.jpg,Checkered Keelback,Non-Venomous,train/Non_Venomous_Snake/2171758814_f5686d0104.jpg,Non_Venomous_Snake,TRAIN,0,0,HIGH_CONFIDENCE_NEAR_DUPLICATE,0,0.284,0.999641,0.99864,0.999066,164,158,0.963415,CONFIRMED_NEAR_DUPLICATE,pHash=0; dHash=0; aHash=0; aspect_delta=0.2840; pixel_corr=0.9996; SSIM=0.9986; hist_corr=0.9991; ORB_good=164; ORB_inliers=158; ORB_inlier_ratio=0.9634,HIGH_CONFIDENCE_NEAR_DUPLICATE
Non-Venomous/Checkered Keelback/220px-AB031_buff_striped_char2.JPG,Checkered Keelback,Non-Venomous,train/Non_Venomous_Snake/220px-AB031_buff_striped_char2.JPG,Non_Venomous_Snake,TRAIN,0,1,HIGH_CONFIDENCE_NEAR_DUPLICATE,0,0.145455,0.999777,0.995958,0.999888,167,140,0.838323,CONFIRMED_NEAR_DUPLICATE,pHash=0; dHash=1; aHash=0; aspect_delta=0.1455; pixel_corr=0.9998; SSIM=0.9960; hist_corr=0.9999; ORB_good=167; ORB_inliers=140; ORB_inlier_ratio=0.8383,HIGH_CONFIDENCE_NEAR_DUPLICATE
Non-Venomous/Checkered Keelback/24897900911_7d2ee1ecff_b.jpg,Checkered Keelback,Non-Venomous,validation/Non_Venomous_Snake/24897900911_7d2ee1ecff_b.jpg,Non_Venomous_Snake,VALIDATION,0,0,HIGH_CONFIDENCE_NEAR_DUPLICATE,0,0.427734,0.998659,0.994425,0.999923,22,10,0.454545,LIKELY_NEAR_DUPLICATE,pHash=0; dHash=0; aHash=0; aspect_delta=0.4277; pixel_corr=0.9987; SSIM=0.9944; hist_corr=0.9999; ORB_good=22; ORB_inliers=10; ORB_inlier_ratio=0.4545,POSSIBLE_NEAR_DUPLICATE
Non-Venomous/Checkered Keelback/27059896011_9809401f01.jpg,Checkered Keelback,Non-Venomous,train/Non_Venomous_Snake/27059896011_9809401f01.jpg,Non_Venomous_Snake,TRAIN,0,1,HIGH_CONFIDENCE_NEAR_DUPLICATE,0,0.25,0.999802,0.994605,0.999762,105,100,0.952381,CONFIRMED_NEAR_DUPLICATE,pHash=0; dHash=1; aHash=0; aspect_delta=0.2500; pixel_corr=0.9998; SSIM=0.9946; hist_corr=0.9998; ORB_good=105; ORB_inliers=100; ORB_inlier_ratio=0.9524,HIGH_CONFIDENCE_NEAR_DUPLICATE
Non-Venomous/Checkered Keelback/27095118816_d9248d0b2a.jpg,Checkered Keelback,Non-Venomous,train/Non_Venomous_Snake/27095118816_d9248d0b2a.jpg,Non_Venomous_Snake,TRAIN,0,0,HIGH_CONFIDENCE_NEAR_DUPLICATE,0,0.25,0.998724,0.994152,0.999747,149,141,0.946309,CONFIRMED_NEAR_DUPLICATE,pHash=0; dHash=0; aHash=0; aspect_delta=0.2500; pixel_corr=0.9987; SSIM=0.9942; hist_corr=0.9997; ORB_good=149; ORB_inliers=141; ORB_inlier_ratio=0.9463,HIGH_CONFIDENCE_NEAR_DUPLICATE
Non-Venomous/Checkered Keelback/28338459702_4ec8e72d4b_b.jpg,Checkered Keelback,Non-Venomous,train/Non_Venomous_Snake/28338459702_4ec8e72d4b_b.jpg,Non_Venomous_Snake,TRAIN,0,0,HIGH_CONFIDENCE_NEAR_DUPLICATE,1,0.25,0.9983,0.995277,0.999882,80,75,0.9375,CONFIRMED_NEAR_DUPLICATE,pHash=0; dHash=0; aHash=1; aspect_delta=0.2500; pixel_corr=0.9983; SSIM=0.9953; hist_corr=0.9999; ORB_good=80; ORB_inliers=75; ORB_inlier_ratio=0.9375,HIGH_CONFIDENCE_NEAR_DUPLICATE
Non-Venomous/Checkered Keelback/3127695936_95cf55577b.jpg,Checkered Keelback,Non-Venomous,train/Non_Venomous_Snake/3127695936_95cf55577b.jpg,Non_Venomous_Snake,TRAIN,0,0,HIGH_CONFIDENCE_NEAR_DUPLICATE,0,0.246,0.999872,0.998033,0.999603,212,204,0.962264,CONFIRMED_NEAR_DUPLICATE,pHash=0; dHash=0; aHash=0; aspect_delta=0.2460; pixel_corr=0.9999; SSIM=0.9980; hist_corr=0.9996; ORB_good=212; ORB_inliers=204; ORB_inlier_ratio=0.9623,HIGH_CONFIDENCE_NEAR_DUPLICATE
Non-Venomous/Checkered Keelback/3225992238_8e9d60ce0e.jpg,Checkered Keelback,Non-Venomous,train/Non_Venomous_Snake/3225992238_8e9d60ce0e.jpg,Non_Venomous_Snake,TRAIN,0,0,HIGH_CONFIDENCE_NEAR_DUPLICATE,0,0.346,0.999007,0.996491,0.998346,42,39,0.928571,CONFIRMED_NEAR_DUPLICATE,pHash=0; dHash=0; aHash=0; aspect_delta=0.3460; pixel_corr=0.9990; SSIM=0.9965; hist_corr=0.9983; ORB_good=42; ORB_inliers=39; ORB_inlier_ratio=0.9286,HIGH_CONFIDENCE_NEAR_DUPLICATE
Non-Venomous/Checkered Keelback/32687581990_c21854f8d1_b.jpg,Checkered Keelback,Non-Venomous,train/Non_Venomous_Snake/32687581990_c21854f8d1_b.jpg,Non_Venomous_Snake,TRAIN,0,0,HIGH_CONFIDENCE_NEAR_DUPLICATE,0,0.322266,0.999581,0.998771,0.996182,45,43,0.955556,CONFIRMED_NEAR_DUPLICATE,pHash=0; dHash=0; aHash=0; aspect_delta=0.3223; pixel_corr=0.9996; SSIM=0.9988; hist_corr=0.9962; ORB_good=45; ORB_inliers=43; ORB_inlier_ratio=0.9556,HIGH_CONFIDENCE_NEAR_DUPLICATE
Non-Venomous/Checkered Keelback/3344089792_507b20d221.jpg,Checkered Keelback,Non-Venomous,validation/Non_Venomous_Snake/3344089792_507b20d221.jpg,Non_Venomous_Snake,VALIDATION,0,0,HIGH_CONFIDENCE_NEAR_DUPLICATE,0,0.236,0.999345,0.998484,0.99977,217,213,0.981567,CONFIRMED_NEAR_DUPLICATE,pHash=0; dHash=0; aHash=0; aspect_delta=0.2360; pixel_corr=0.9993; SSIM=0.9985; hist_corr=0.9998; ORB_good=217; ORB_inliers=213; ORB_inlier_ratio=0.9816,HIGH_CONFIDENCE_NEAR_DUPLICATE
Non-Venomous/Checkered Keelback/3458289635_0a26c79263.jpg,Checkered Keelback,Non-Venomous,train/Non_Venomous_Snake/3458289635_0a26c79263.jpg,Non_Venomous_Snake,TRAIN,0,0,HIGH_CONFIDENCE_NEAR_DUPLICATE,0,0.272,0.999386,0.994543,0.998657,156,144,0.923077,CONFIRMED_NEAR_DUPLICATE,pHash=0; dHash=0; aHash=0; aspect_delta=0.2720; pixel_corr=0.9994; SSIM=0.9945; hist_corr=0.9987; ORB_good=156; ORB_inliers=144; ORB_inlier_ratio=0.9231,HIGH_CONFIDENCE_NEAR_DUPLICATE
Non-Venomous/Checkered Keelback/3458294653_a8b87fc769.jpg,Checkered Keelback,Non-Venomous,train/Non_Venomous_Snake/3458294653_a8b87fc769.jpg,Non_Venomous_Snake,TRAIN,0,0,HIGH_CONFIDENCE_NEAR_DUPLICATE,0,0.152,0.999893,0.997291,0.999639,306,304,0.993464,CONFIRMED_NEAR_DUPLICATE,pHash=0; dHash=0; aHash=0; aspect_delta=0.1520; pixel_corr=0.9999; SSIM=0.9973; hist_corr=0.9996; ORB_good=306; ORB_inliers=304; ORB_inlier_ratio=0.9935,HIGH_CONFIDENCE_NEAR_DUPLICATE
Non-Venomous/Checkered Keelback/3459109170_e6448377cd.jpg,Checkered Keelback,Non-Venomous,train/Non_Venomous_Snake/3459109170_e6448377cd.jpg,Non_Venomous_Snake,TRAIN,0,0,HIGH_CONFIDENCE_NEAR_DUPLICATE,0,0.208,0.999869,0.998132,0.999733,353,349,0.988669,CONFIRMED_NEAR_DUPLICATE,pHash=0; dHash=0; aHash=0; aspect_delta=0.2080; pixel_corr=0.9999; SSIM=0.9981; hist_corr=0.9997; ORB_good=353; ORB_inliers=349; ORB_inlier_ratio=0.9887,HIGH_CONFIDENCE_NEAR_DUPLICATE
Non-Venomous/Checkered Keelback/350_e_s_500.jpg,Checkered Keelback,Non-Venomous,train/Non_Venomous_Snake/350_e_s_500.jpg,Non_Venomous_Snake,TRAIN,0,0,HIGH_CONFIDENCE_NEAR_DUPLICATE,0,0.334896,0.998921,0.995664,0.999714,11,8,0.727273,POSSIBLE_NEAR_DUPLICATE,pHash=0; dHash=0; aHash=0; aspect_delta=0.3349; pixel_corr=0.9989; SSIM=0.9957; hist_corr=0.9997; ORB_good=11; ORB_inliers=8; ORB_inlier_ratio=0.7273,POSSIBLE_NEAR_DUPLICATE
Non-Venomous/Checkered Keelback/4094409490_7b474a5030.jpg,Checkered Keelback,Non-Venomous,train/Non_Venomous_Snake/4094409490_7b474a5030.jpg,Non_Venomous_Snake,TRAIN,0,0,HIGH_CONFIDENCE_NEAR_DUPLICATE,0,0.316,0.999168,0.995934,0.997294,68,61,0.897059,CONFIRMED_NEAR_DUPLICATE,pHash=0; dHash=0; aHash=0; aspect_delta=0.3160; pixel_corr=0.9992; SSIM=0.9959; hist_corr=0.9973; ORB_good=68; ORB_inliers=61; ORB_inlier_ratio=0.8971,HIGH_CONFIDENCE_NEAR_DUPLICATE
Non-Venomous/Checkered Keelback/45009f00bb38a1754edbdffde787a5b6--amphibians-reptiles.jpg,Checkered Keelback,Non-Venomous,train/Non_Venomous_Snake/45009f00bb38a1754edbdffde787a5b6--amphibians-reptiles.jpg,Non_Venomous_Snake,TRAIN,2,0,HIGH_CONFIDENCE_NEAR_DUPLICATE,0,0.331445,0.998763,0.994839,0.999926,57,53,0.929825,CONFIRMED_NEAR_DUPLICATE,pHash=2; dHash=0; aHash=0; aspect_delta=0.3314; pixel_corr=0.9988; SSIM=0.9948; hist_corr=0.9999; ORB_good=57; ORB_inliers=53; ORB_inlier_ratio=0.9298,HIGH_CONFIDENCE_NEAR_DUPLICATE
Non-Venomous/Checkered Keelback/4884945878_999a15707b_o.jpg,Checkered Keelback,Non-Venomous,train/Non_Venomous_Snake/4884945878_999a15707b_o.jpg,Non_Venomous_Snake,TRAIN,0,0,HIGH_CONFIDENCE_NEAR_DUPLICATE,0,0.33125,0.99978,0.998829,0.998208,56,52,0.928571,CONFIRMED_NEAR_DUPLICATE,pHash=0; dHash=0; aHash=0; aspect_delta=0.3312; pixel_corr=0.9998; SSIM=0.9988; hist_corr=0.9982; ORB_good=56; ORB_inliers=52; ORB_inlier_ratio=0.9286,HIGH_CONFIDENCE_NEAR_DUPLICATE
Non-Venomous/Checkered Keelback/491121-checkered-keeeled-back.jpg,Checkered Keelback,Non-Venomous,train/Non_Venomous_Snake/491121-checkered-keeeled-back.jpg,Non_Venomous_Snake,TRAIN,0,0,HIGH_CONFIDENCE_NEAR_DUPLICATE,1,0.249923,0.999763,0.998942,0.998653,2,0,0.0,POSSIBLE_NEAR_DUPLICATE,pHash=0; dHash=0; aHash=1; aspect_delta=0.2499; pixel_corr=0.9998; SSIM=0.9989; hist_corr=0.9987; ORB_good=2; ORB_inliers=0; ORB_inlier_ratio=0.0000,POSSIBLE_NEAR_DUPLICATE
Non-Venomous/Checkered Keelback/5132438158_7853cbf717.jpg,Checkered Keelback,Non-Venomous,train/Non_Venomous_Snake/5132438158_7853cbf717.jpg,Non_Venomous_Snake,TRAIN,0,0,HIGH_CONFIDENCE_NEAR_DUPLICATE,0,0.374,0.999258,0.996717,0.997925,41,38,0.926829,CONFIRMED_NEAR_DUPLICATE,pHash=0; dHash=0; aHash=0; aspect_delta=0.3740; pixel_corr=0.9993; SSIM=0.9967; hist_corr=0.9979; ORB_good=41; ORB_inliers=38; ORB_inlier_ratio=0.9268,HIGH_CONFIDENCE_NEAR_DUPLICATE
Non-Venomous/Checkered Keelback/5389390663_3fee7a07d3_o.jpg,Checkered Keelback,Non-Venomous,train/Non_Venomous_Snake/5389390663_3fee7a07d3_o.jpg,Non_Venomous_Snake,TRAIN,0,0,HIGH_CONFIDENCE_NEAR_DUPLICATE,0,0.332471,0.999855,0.997364,0.999981,84,83,0.988095,CONFIRMED_NEAR_DUPLICATE,pHash=0; dHash=0; aHash=0; aspect_delta=0.3325; pixel_corr=0.9999; SSIM=0.9974; hist_corr=1.0000; ORB_good=84; ORB_inliers=83; ORB_inlier_ratio=0.9881,HIGH_CONFIDENCE_NEAR_DUPLICATE
Non-Venomous/Checkered Keelback/6.jpg,Checkered Keelback,Non-Venomous,train/Non_Venomous_Snake/6.jpg,Non_Venomous_Snake,TRAIN,0,0,HIGH_CONFIDENCE_NEAR_DUPLICATE,0,0.526042,0.999732,0.995476,0.999866,7,5,0.714286,POSSIBLE_NEAR_DUPLICATE,pHash=0; dHash=0; aHash=0; aspect_delta=0.5260; pixel_corr=0.9997; SSIM=0.9955; hist_corr=0.9999; ORB_good=7; ORB_inliers=5; ORB_inlier_ratio=0.7143,POSSIBLE_NEAR_DUPLICATE
Non-Venomous/Checkered Keelback/6040463084_f23655f730.jpg,Checkered Keelback,Non-Venomous,validation/Non_Venomous_Snake/6040463084_f23655f730.jpg,Non_Venomous_Snake,VALIDATION,0,0,HIGH_CONFIDENCE_NEAR_DUPLICATE,0,0.334,0.999921,0.997469,0.999877,71,62,0.873239,CONFIRMED_NEAR_DUPLICATE,pHash=0; dHash=0; aHash=0; aspect_delta=0.3340; pixel_corr=0.9999; SSIM=0.9975; hist_corr=0.9999; ORB_good=71; ORB_inliers=62; ORB_inlier_ratio=0.8732,HIGH_CONFIDENCE_NEAR_DUPLICATE
Non-Venomous/Checkered Keelback/6888018080_51ce929728.jpg,Checkered Keelback,Non-Venomous,validation/Non_Venomous_Snake/6888018080_51ce929728.jpg,Non_Venomous_Snake,VALIDATION,0,1,HIGH_CONFIDENCE_NEAR_DUPLICATE,0,0.334,0.999274,0.998167,0.993662,59,56,0.949153,CONFIRMED_NEAR_DUPLICATE,pHash=0; dHash=1; aHash=0; aspect_delta=0.3340; pixel_corr=0.9993; SSIM=0.9982; hist_corr=0.9937; ORB_good=59; ORB_inliers=56; ORB_inlier_ratio=0.9492,HIGH_CONFIDENCE_NEAR_DUPLICATE
Non-Venomous/Checkered Keelback/8499894995_0bb1f2a772_m.jpg,Checkered Keelback,Non-Venomous,train/Non_Venomous_Snake/8499894995_0bb1f2a772_m.jpg,Non_Venomous_Snake,TRAIN,0,0,HIGH_CONFIDENCE_NEAR_DUPLICATE,0,0.25,0.999536,0.997259,0.999876,107,91,0.850467,CONFIRMED_NEAR_DUPLICATE,pHash=0; dHash=0; aHash=0; aspect_delta=0.2500; pixel_corr=0.9995; SSIM=0.9973; hist_corr=0.9999; ORB_good=107; ORB_inliers=91; ORB_inlier_ratio=0.8505,HIGH_CONFIDENCE_NEAR_DUPLICATE
Non-Venomous/Checkered Keelback/8500953244_9c4fde2dc2_m.jpg,Checkered Keelback,Non-Venomous,train/Non_Venomous_Snake/8500953244_9c4fde2dc2_m.jpg,Non_Venomous_Snake,TRAIN,0,1,HIGH_CONFIDENCE_NEAR_DUPLICATE,0,0.25,0.999678,0.998308,0.999771,115,96,0.834783,CONFIRMED_NEAR_DUPLICATE,pHash=0; dHash=1; aHash=0; aspect_delta=0.2500; pixel_corr=0.9997; SSIM=0.9983; hist_corr=0.9998; ORB_good=115; ORB_inliers=96; ORB_inlier_ratio=0.8348,HIGH_CONFIDENCE_NEAR_DUPLICATE
Non-Venomous/Checkered Keelback/8934339313_505460cf04.jpg,Checkered Keelback,Non-Venomous,validation/Non_Venomous_Snake/8934339313_505460cf04.jpg,Non_Venomous_Snake,VALIDATION,0,0,HIGH_CONFIDENCE_NEAR_DUPLICATE,0,0.25,0.999687,0.99533,0.997474,172,169,0.982558,CONFIRMED_NEAR_DUPLICATE,pHash=0; dHash=0; aHash=0; aspect_delta=0.2500; pixel_corr=0.9997; SSIM=0.9953; hist_corr=0.9975; ORB_good=172; ORB_inliers=169; ORB_inlier_ratio=0.9826,HIGH_CONFIDENCE_NEAR_DUPLICATE
Non-Venomous/Checkered Keelback/9181975166_5a8900bcb4_b.jpg,Checkered Keelback,Non-Venomous,train/Non_Venomous_Snake/9181975166_5a8900bcb4_b.jpg,Non_Venomous_Snake,TRAIN,2,0,HIGH_CONFIDENCE_NEAR_DUPLICATE,1,0.4375,0.998835,0.993673,0.990615,13,6,0.461538,POSSIBLE_NEAR_DUPLICATE,pHash=2; dHash=0; aHash=1; aspect_delta=0.4375; pixel_corr=0.9988; SSIM=0.9937; hist_corr=0.9906; ORB_good=13; ORB_inliers=6; ORB_inlier_ratio=0.4615,POSSIBLE_NEAR_DUPLICATE
Non-Venomous/Checkered Keelback/9258449401_fee23ab38e.jpg,Checkered Keelback,Non-Venomous,validation/Non_Venomous_Snake/9258449401_fee23ab38e.jpg,Non_Venomous_Snake,VALIDATION,0,0,HIGH_CONFIDENCE_NEAR_DUPLICATE,0,0.346,0.99984,0.997104,0.999983,59,49,0.830508,CONFIRMED_NEAR_DUPLICATE,pHash=0; dHash=0; aHash=0; aspect_delta=0.3460; pixel_corr=0.9998; SSIM=0.9971; hist_corr=1.0000; ORB_good=59; ORB_inliers=49; ORB_inlier_ratio=0.8305,HIGH_CONFIDENCE_NEAR_DUPLICATE
Non-Venomous/Checkered Keelback/_9068dce4-3ca7-11e7-99bd-b9a47f5fadca.jpg,Checkered Keelback,Non-Venomous,train/Non_Venomous_Snake/_9068dce4-3ca7-11e7-99bd-b9a47f5fadca.jpg,Non_Venomous_Snake,TRAIN,0,0,HIGH_CONFIDENCE_NEAR_DUPLICATE,0,0.439583,0.999734,0.996788,0.999886,21,21,1.0,CONFIRMED_NEAR_DUPLICATE,pHash=0; dHash=0; aHash=0; aspect_delta=0.4396; pixel_corr=0.9997; SSIM=0.9968; hist_corr=0.9999; ORB_good=21; ORB_inliers=21; ORB_inlier_ratio=1.0000,HIGH_CONFIDENCE_NEAR_DUPLICATE
Non-Venomous/Checkered Keelback/_DSC0413.jpg,Checkered Keelback,Non-Venomous,train/Non_Venomous_Snake/_DSC0413.jpg,Non_Venomous_Snake,TRAIN,0,0,HIGH_CONFIDENCE_NEAR_DUPLICATE,0,0.395878,0.999163,0.996486,0.999077,9,9,1.0,POSSIBLE_NEAR_DUPLICATE,pHash=0; dHash=0; aHash=0; aspect_delta=0.3959; pixel_corr=0.9992; SSIM=0.9965; hist_corr=0.9991; ORB_good=9; ORB_inliers=9; ORB_inlier_ratio=1.0000,POSSIBLE_NEAR_DUPLICATE
Non-Venomous/Checkered Keelback/_DSC0418.jpg,Checkered Keelback,Non-Venomous,train/Non_Venomous_Snake/_DSC0418.jpg,Non_Venomous_Snake,TRAIN,2,0,HIGH_CONFIDENCE_NEAR_DUPLICATE,0,0.346154,0.999129,0.992958,0.998918,19,15,0.789474,LIKELY_NEAR_DUPLICATE,pHash=2; dHash=0; aHash=0; aspect_delta=0.3462; pixel_corr=0.9991; SSIM=0.9930; hist_corr=0.9989; ORB_good=19; ORB_inliers=15; ORB_inlier_ratio=0.7895,POSSIBLE_NEAR_DUPLICATE
Non-Venomous/Checkered Keelback/amphiesma-stolatum_gerrut2.jpg,Checkered Keelback,Non-Venomous,train/Non_Venomous_Snake/amphiesma-stolatum_gerrut2.jpg,Non_Venomous_Snake,TRAIN,0,1,HIGH_CONFIDENCE_NEAR_DUPLICATE,1,0.33125,0.999624,0.995892,0.999636,56,53,0.946429,CONFIRMED_NEAR_DUPLICATE,pHash=0; dHash=1; aHash=1; aspect_delta=0.3312; pixel_corr=0.9996; SSIM=0.9959; hist_corr=0.9996; ORB_good=56; ORB_inliers=53; ORB_inlier_ratio=0.9464,HIGH_CONFIDENCE_NEAR_DUPLICATE
Non-Venomous/Checkered Keelback/Amphiesma_stolata (2).jpg,Checkered Keelback,Non-Venomous,train/Non_Venomous_Snake/Amphiesma_stolata (2).jpg,Non_Venomous_Snake,TRAIN,0,0,HIGH_CONFIDENCE_NEAR_DUPLICATE,0,0.303125,0.999575,0.998237,0.999312,82,77,0.939024,CONFIRMED_NEAR_DUPLICATE,pHash=0; dHash=0; aHash=0; aspect_delta=0.3031; pixel_corr=0.9996; SSIM=0.9982; hist_corr=0.9993; ORB_good=82; ORB_inliers=77; ORB_inlier_ratio=0.9390,HIGH_CONFIDENCE_NEAR_DUPLICATE
Non-Venomous/Checkered Keelback/Amphiesma_stolata.jpg,Checkered Keelback,Non-Venomous,train/Non_Venomous_Snake/Amphiesma_stolata.jpg,Non_Venomous_Snake,TRAIN,0,1,HIGH_CONFIDENCE_NEAR_DUPLICATE,0,0.26875,0.999639,0.998595,0.999694,107,96,0.897196,CONFIRMED_NEAR_DUPLICATE,pHash=0; dHash=1; aHash=0; aspect_delta=0.2687; pixel_corr=0.9996; SSIM=0.9986; hist_corr=0.9997; ORB_good=107; ORB_inliers=96; ORB_inlier_ratio=0.8972,HIGH_CONFIDENCE_NEAR_DUPLICATE
Non-Venomous/Checkered Keelback/AmpMai2.jpg,Checkered Keelback,Non-Venomous,validation/Non_Venomous_Snake/AmpMai2.jpg,Non_Venomous_Snake,VALIDATION,0,0,HIGH_CONFIDENCE_NEAR_DUPLICATE,0,0.3386,0.999686,0.997391,0.997593,74,64,0.864865,CONFIRMED_NEAR_DUPLICATE,pHash=0; dHash=0; aHash=0; aspect_delta=0.3386; pixel_corr=0.9997; SSIM=0.9974; hist_corr=0.9976; ORB_good=74; ORB_inliers=64; ORB_inlier_ratio=0.8649,HIGH_CONFIDENCE_NEAR_DUPLICATE
Non-Venomous/Checkered Keelback/BOM 12Dec11 Checkered Keelback Watersnake 03.jpg,Checkered Keelback,Non-Venomous,train/Non_Venomous_Snake/BOM 12Dec11 Checkered Keelback Watersnake 03.jpg,Non_Venomous_Snake,TRAIN,0,0,HIGH_CONFIDENCE_NEAR_DUPLICATE,0,0.336207,0.999499,0.997503,0.999352,85,81,0.952941,CONFIRMED_NEAR_DUPLICATE,pHash=0; dHash=0; aHash=0; aspect_delta=0.3362; pixel_corr=0.9995; SSIM=0.9975; hist_corr=0.9994; ORB_good=85; ORB_inliers=81; ORB_inlier_ratio=0.9529,HIGH_CONFIDENCE_NEAR_DUPLICATE
Non-Venomous/Checkered Keelback/Buff-Striped-Keelback.jpg,Checkered Keelback,Non-Venomous,train/Non_Venomous_Snake/Buff-Striped-Keelback.jpg,Non_Venomous_Snake,TRAIN,0,0,HIGH_CONFIDENCE_NEAR_DUPLICATE,0,0.25,0.99913,0.996343,0.999281,156,152,0.974359,CONFIRMED_NEAR_DUPLICATE,pHash=0; dHash=0; aHash=0; aspect_delta=0.2500; pixel_corr=0.9991; SSIM=0.9963; hist_corr=0.9993; ORB_good=156; ORB_inliers=152; ORB_inlier_ratio=0.9744,HIGH_CONFIDENCE_NEAR_DUPLICATE
Non-Venomous/Checkered Keelback/C1TZ9PQVEAAUSUZ.jpg,Checkered Keelback,Non-Venomous,train/Non_Venomous_Snake/C1TZ9PQVEAAUSUZ.jpg,Non_Venomous_Snake,TRAIN,0,0,HIGH_CONFIDENCE_NEAR_DUPLICATE,0,0.0,0.999857,0.997625,0.999868,208,204,0.980769,CONFIRMED_NEAR_DUPLICATE,pHash=0; dHash=0; aHash=0; aspect_delta=0.0000; pixel_corr=0.9999; SSIM=0.9976; hist_corr=0.9999; ORB_good=208; ORB_inliers=204; ORB_inlier_ratio=0.9808,HIGH_CONFIDENCE_NEAR_DUPLICATE
Non-Venomous/Checkered Keelback/C4hS1IoVUAASDWp.jpg,Checkered Keelback,Non-Venomous,validation/Non_Venomous_Snake/C4hS1IoVUAASDWp.jpg,Non_Venomous_Snake,VALIDATION,0,2,HIGH_CONFIDENCE_NEAR_DUPLICATE,0,0.284722,0.998846,0.995063,0.998074,25,22,0.88,CONFIRMED_NEAR_DUPLICATE,pHash=0; dHash=2; aHash=0; aspect_delta=0.2847; pixel_corr=0.9988; SSIM=0.9951; hist_corr=0.9981; ORB_good=25; ORB_inliers=22; ORB_inlier_ratio=0.8800,HIGH_CONFIDENCE_NEAR_DUPLICATE
Non-Venomous/Checkered Keelback/Char8_Small_tail.JPG,Checkered Keelback,Non-Venomous,train/Non_Venomous_Snake/Char8_Small_tail.JPG,Non_Venomous_Snake,TRAIN,0,1,HIGH_CONFIDENCE_NEAR_DUPLICATE,0,0.249443,0.999738,0.996042,0.999882,129,121,0.937984,CONFIRMED_NEAR_DUPLICATE,pHash=0; dHash=1; aHash=0; aspect_delta=0.2494; pixel_corr=0.9997; SSIM=0.9960; hist_corr=0.9999; ORB_good=129; ORB_inliers=121; ORB_inlier_ratio=0.9380,HIGH_CONFIDENCE_NEAR_DUPLICATE
Non-Venomous/Checkered Keelback/checked keelback watersnake.jpg,Checkered Keelback,Non-Venomous,train/Non_Venomous_Snake/checked keelback watersnake.jpg,Non_Venomous_Snake,TRAIN,0,0,HIGH_CONFIDENCE_NEAR_DUPLICATE,0,0.335,0.999764,0.998097,0.998257,46,43,0.934783,CONFIRMED_NEAR_DUPLICATE,pHash=0; dHash=0; aHash=0; aspect_delta=0.3350; pixel_corr=0.9998; SSIM=0.9981; hist_corr=0.9983; ORB_good=46; ORB_inliers=43; ORB_inlier_ratio=0.9348,HIGH_CONFIDENCE_NEAR_DUPLICATE
Non-Venomous/Checkered Keelback/checked keelback.jpg,Checkered Keelback,Non-Venomous,validation/Non_Venomous_Snake/checked keelback.jpg,Non_Venomous_Snake,VALIDATION,0,0,HIGH_CONFIDENCE_NEAR_DUPLICATE,0,0.33,0.999423,0.996907,0.997798,47,33,0.702128,CONFIRMED_NEAR_DUPLICATE,pHash=0; dHash=0; aHash=0; aspect_delta=0.3300; pixel_corr=0.9994; SSIM=0.9969; hist_corr=0.9978; ORB_good=47; ORB_inliers=33; ORB_inlier_ratio=0.7021,HIGH_CONFIDENCE_NEAR_DUPLICATE
Non-Venomous/Checkered Keelback/checkered keelback blog.JPG,Checkered Keelback,Non-Venomous,train/Non_Venomous_Snake/checkered keelback blog.JPG,Non_Venomous_Snake,TRAIN,0,0,HIGH_CONFIDENCE_NEAR_DUPLICATE,0,0.076923,0.999844,0.99684,0.999774,204,201,0.985294,CONFIRMED_NEAR_DUPLICATE,pHash=0; dHash=0; aHash=0; aspect_delta=0.0769; pixel_corr=0.9998; SSIM=0.9968; hist_corr=0.9998; ORB_good=204; ORB_inliers=201; ORB_inlier_ratio=0.9853,HIGH_CONFIDENCE_NEAR_DUPLICATE
Non-Venomous/Checkered Keelback/checkered keelback blog2.JPG,Checkered Keelback,Non-Venomous,validation/Non_Venomous_Snake/checkered keelback blog2.JPG,Non_Venomous_Snake,VALIDATION,0,0,HIGH_CONFIDENCE_NEAR_DUPLICATE,0,0.144375,0.999795,0.996628,0.999759,39,39,1.0,CONFIRMED_NEAR_DUPLICATE,pHash=0; dHash=0; aHash=0; aspect_delta=0.1444; pixel_corr=0.9998; SSIM=0.9966; hist_corr=0.9998; ORB_good=39; ORB_inliers=39; ORB_inlier_ratio=1.0000,HIGH_CONFIDENCE_NEAR_DUPLICATE
Non-Venomous/Checkered Keelback/Checkered Keelback.jpg,Checkered Keelback,Non-Venomous,train/Non_Venomous_Snake/Checkered Keelback.jpg,Non_Venomous_Snake,TRAIN,0,0,HIGH_CONFIDENCE_NEAR_DUPLICATE,0,0.259424,0.999492,0.997261,0.999887,117,116,0.991453,CONFIRMED_NEAR_DUPLICATE,pHash=0; dHash=0; aHash=0; aspect_delta=0.2594; pixel_corr=0.9995; SSIM=0.9973; hist_corr=0.9999; ORB_good=117; ORB_inliers=116; ORB_inlier_ratio=0.9915,HIGH_CONFIDENCE_NEAR_DUPLICATE
Non-Venomous/Checkered Keelback/Checkered keelback_001.JPG,Checkered Keelback,Non-Venomous,train/Non_Venomous_Snake/Checkered keelback_001.JPG,Non_Venomous_Snake,TRAIN,0,1,HIGH_CONFIDENCE_NEAR_DUPLICATE,0,0.038125,0.999564,0.993805,0.999595,41,36,0.878049,CONFIRMED_NEAR_DUPLICATE,pHash=0; dHash=1; aHash=0; aspect_delta=0.0381; pixel_corr=0.9996; SSIM=0.9938; hist_corr=0.9996; ORB_good=41; ORB_inliers=36; ORB_inlier_ratio=0.8780,HIGH_CONFIDENCE_NEAR_DUPLICATE
Non-Venomous/Checkered Keelback/checkered keelback_002.jpg,Checkered Keelback,Non-Venomous,train/Non_Venomous_Snake/checkered keelback_002.jpg,Non_Venomous_Snake,TRAIN,0,0,HIGH_CONFIDENCE_NEAR_DUPLICATE,0,0.335625,0.999638,0.996434,0.999683,12,7,0.583333,POSSIBLE_NEAR_DUPLICATE,pHash=0; dHash=0; aHash=0; aspect_delta=0.3356; pixel_corr=0.9996; SSIM=0.9964; hist_corr=0.9997; ORB_good=12; ORB_inliers=7; ORB_inlier_ratio=0.5833,POSSIBLE_NEAR_DUPLICATE
Non-Venomous/Checkered Keelback/Checkered Keelback_003.jpg,Checkered Keelback,Non-Venomous,train/Non_Venomous_Snake/Checkered Keelback_003.jpg,Non_Venomous_Snake,TRAIN,0,0,HIGH_CONFIDENCE_NEAR_DUPLICATE,0,0.349,0.99961,0.996385,0.999104,22,20,0.909091,CONFIRMED_NEAR_DUPLICATE,pHash=0; dHash=0; aHash=0; aspect_delta=0.3490; pixel_corr=0.9996; SSIM=0.9964; hist_corr=0.9991; ORB_good=22; ORB_inliers=20; ORB_inlier_ratio=0.9091,HIGH_CONFIDENCE_NEAR_DUPLICATE
Non-Venomous/Checkered Keelback/checkered keelback_004.jpg,Checkered Keelback,Non-Venomous,train/Non_Venomous_Snake/checkered keelback_004.jpg,Non_Venomous_Snake,TRAIN,0,0,HIGH_CONFIDENCE_NEAR_DUPLICATE,0,0.272727,0.999819,0.997519,0.999811,154,145,0.941558,CONFIRMED_NEAR_DUPLICATE,pHash=0; dHash=0; aHash=0; aspect_delta=0.2727; pixel_corr=0.9998; SSIM=0.9975; hist_corr=0.9998; ORB_good=154; ORB_inliers=145; ORB_inlier_ratio=0.9416,HIGH_CONFIDENCE_NEAR_DUPLICATE
Non-Venomous/Checkered Keelback/checkered-keelback-or-Asiatic-water-snake-Xenochrophis-piscator-11-2015-Toon1.jpg,Checkered Keelback,Non-Venomous,train/Non_Venomous_Snake/checkered-keelback-or-Asiatic-water-snake-Xenochrophis-piscator-11-2015-Toon1.jpg,Non_Venomous_Snake,TRAIN,0,0,HIGH_CONFIDENCE_NEAR_DUPLICATE,0,0.2975,0.999868,0.998169,0.999826,110,105,0.954545,CONFIRMED_NEAR_DUPLICATE,pHash=0; dHash=0; aHash=0; aspect_delta=0.2975; pixel_corr=0.9999; SSIM=0.9982; hist_corr=0.9998; ORB_good=110; ORB_inliers=105; ORB_inlier_ratio=0.9545,HIGH_CONFIDENCE_NEAR_DUPLICATE
Non-Venomous/Checkered Keelback/checkered-keelback-or-Asiatic-water-snake-Xenochrophis-piscator-11-2015-Toon2.jpg,Checkered Keelback,Non-Venomous,validation/Non_Venomous_Snake/checkered-keelback-or-Asiatic-water-snake-Xenochrophis-piscator-11-2015-Toon2.jpg,Non_Venomous_Snake,VALIDATION,0,0,HIGH_CONFIDENCE_NEAR_DUPLICATE,0,0.3325,0.999896,0.997855,0.999508,61,47,0.770492,CONFIRMED_NEAR_DUPLICATE,pHash=0; dHash=0; aHash=0; aspect_delta=0.3325; pixel_corr=0.9999; SSIM=0.9979; hist_corr=0.9995; ORB_good=61; ORB_inliers=47; ORB_inlier_ratio=0.7705,HIGH_CONFIDENCE_NEAR_DUPLICATE
Non-Venomous/Checkered Keelback/checkered-keelback-snake.jpg,Checkered Keelback,Non-Venomous,train/Non_Venomous_Snake/checkered-keelback-snake.jpg,Non_Venomous_Snake,TRAIN,0,0,HIGH_CONFIDENCE_NEAR_DUPLICATE,0,0.333333,0.999916,0.998073,0.999237,80,78,0.975,CONFIRMED_NEAR_DUPLICATE,pHash=0; dHash=0; aHash=0; aspect_delta=0.3333; pixel_corr=0.9999; SSIM=0.9981; hist_corr=0.9992; ORB_good=80; ORB_inliers=78; ORB_inlier_ratio=0.9750,HIGH_CONFIDENCE_NEAR_DUPLICATE
Non-Venomous/Checkered Keelback/checkered-keelback-water-snake-xenochrophis-piscator-keoladeo-ghana-EYJX7F.jpg,Checkered Keelback,Non-Venomous,train/Non_Venomous_Snake/checkered-keelback-water-snake-xenochrophis-piscator-keoladeo-ghana-EYJX7F.jpg,Non_Venomous_Snake,TRAIN,0,0,HIGH_CONFIDENCE_NEAR_DUPLICATE,0,0.266923,0.999443,0.997261,0.999756,52,52,1.0,CONFIRMED_NEAR_DUPLICATE,pHash=0; dHash=0; aHash=0; aspect_delta=0.2669; pixel_corr=0.9994; SSIM=0.9973; hist_corr=0.9998; ORB_good=52; ORB_inliers=52; ORB_inlier_ratio=1.0000,HIGH_CONFIDENCE_NEAR_DUPLICATE
Non-Venomous/Checkered Keelback/checkered-keelback-water-snake-xenochrophis-piscator-keoladeo-ghana-eyjx7x.jpg,Checkered Keelback,Non-Venomous,train/Non_Venomous_Snake/checkered-keelback-water-snake-xenochrophis-piscator-keoladeo-ghana-eyjx7x.jpg,Non_Venomous_Snake,TRAIN,2,0,HIGH_CONFIDENCE_NEAR_DUPLICATE,0,0.291111,0.999751,0.99794,0.999379,142,136,0.957746,CONFIRMED_NEAR_DUPLICATE,pHash=2; dHash=0; aHash=0; aspect_delta=0.2911; pixel_corr=0.9998; SSIM=0.9979; hist_corr=0.9994; ORB_good=142; ORB_inliers=136; ORB_inlier_ratio=0.9577,HIGH_CONFIDENCE_NEAR_DUPLICATE
Non-Venomous/Checkered Keelback/checkered-keelback-water-snake-xenochrophis-piscator-keoladeo-ghana-EYJX8X.jpg,Checkered Keelback,Non-Venomous,train/Non_Venomous_Snake/checkered-keelback-water-snake-xenochrophis-piscator-keoladeo-ghana-EYJX8X.jpg,Non_Venomous_Snake,TRAIN,2,0,HIGH_CONFIDENCE_NEAR_DUPLICATE,0,0.266923,0.999111,0.99727,0.999825,36,36,1.0,CONFIRMED_NEAR_DUPLICATE,pHash=2; dHash=0; aHash=0; aspect_delta=0.2669; pixel_corr=0.9991; SSIM=0.9973; hist_corr=0.9998; ORB_good=36; ORB_inliers=36; ORB_inlier_ratio=1.0000,HIGH_CONFIDENCE_NEAR_DUPLICATE
Non-Venomous/Checkered Keelback/checkered-keelback-xenochrophis-piscator-non-venomous-common-checkered-a0jd7j.jpg,Checkered Keelback,Non-Venomous,train/Non_Venomous_Snake/checkered-keelback-xenochrophis-piscator-non-venomous-common-checkered-a0jd7j.jpg,Non_Venomous_Snake,TRAIN,0,0,HIGH_CONFIDENCE_NEAR_DUPLICATE,0,0.304688,0.999741,0.996452,0.998702,93,89,0.956989,CONFIRMED_NEAR_DUPLICATE,pHash=0; dHash=0; aHash=0; aspect_delta=0.3047; pixel_corr=0.9997; SSIM=0.9965; hist_corr=0.9987; ORB_good=93; ORB_inliers=89; ORB_inlier_ratio=0.9570,HIGH_CONFIDENCE_NEAR_DUPLICATE
Non-Venomous/Checkered Keelback/checkered-keelback-xenochrophis-piscator-non-venomous-common-checkered-BB81D9.jpg,Checkered Keelback,Non-Venomous,train/Non_Venomous_Snake/checkered-keelback-xenochrophis-piscator-non-venomous-common-checkered-BB81D9.jpg,Non_Venomous_Snake,TRAIN,0,0,HIGH_CONFIDENCE_NEAR_DUPLICATE,0,0.264615,0.999334,0.997182,0.997734,31,31,1.0,CONFIRMED_NEAR_DUPLICATE,pHash=0; dHash=0; aHash=0; aspect_delta=0.2646; pixel_corr=0.9993; SSIM=0.9972; hist_corr=0.9977; ORB_good=31; ORB_inliers=31; ORB_inlier_ratio=1.0000,HIGH_CONFIDENCE_NEAR_DUPLICATE
Non-Venomous/Checkered Keelback/checkered-keelback-xenochrophis-piscator-non-venomous-common-checkered-C68YTX.jpg,Checkered Keelback,Non-Venomous,train/Non_Venomous_Snake/checkered-keelback-xenochrophis-piscator-non-venomous-common-checkered-C68YTX.jpg,Non_Venomous_Snake,TRAIN,0,1,HIGH_CONFIDENCE_NEAR_DUPLICATE,0,0.264615,0.999464,0.997803,0.996567,45,40,0.888889,CONFIRMED_NEAR_DUPLICATE,pHash=0; dHash=1; aHash=0; aspect_delta=0.2646; pixel_corr=0.9995; SSIM=0.9978; hist_corr=0.9966; ORB_good=45; ORB_inliers=40; ORB_inlier_ratio=0.8889,HIGH_CONFIDENCE_NEAR_DUPLICATE
Non-Venomous/Checkered Keelback/checkered-keelback-xenochrophis-piscator-non-venomous-common-paniwala-AX0A6G.jpg,Checkered Keelback,Non-Venomous,train/Non_Venomous_Snake/checkered-keelback-xenochrophis-piscator-non-venomous-common-paniwala-AX0A6G.jpg,Non_Venomous_Snake,TRAIN,0,0,HIGH_CONFIDENCE_NEAR_DUPLICATE,0,0.261538,0.999478,0.996452,0.999382,60,58,0.966667,CONFIRMED_NEAR_DUPLICATE,pHash=0; dHash=0; aHash=0; aspect_delta=0.2615; pixel_corr=0.9995; SSIM=0.9965; hist_corr=0.9994; ORB_good=60; ORB_inliers=58; ORB_inlier_ratio=0.9667,HIGH_CONFIDENCE_NEAR_DUPLICATE
Non-Venomous/Checkered Keelback/checkered-keelback-xenochrophis-piscator-non-venomous-common-scavenging-b31r66.jpg,Checkered Keelback,Non-Venomous,train/Non_Venomous_Snake/checkered-keelback-xenochrophis-piscator-non-venomous-common-scavenging-b31r66.jpg,Non_Venomous_Snake,TRAIN,0,0,HIGH_CONFIDENCE_NEAR_DUPLICATE,0,0.303125,0.999594,0.994582,0.999368,95,73,0.768421,CONFIRMED_NEAR_DUPLICATE,pHash=0; dHash=0; aHash=0; aspect_delta=0.3031; pixel_corr=0.9996; SSIM=0.9946; hist_corr=0.9994; ORB_good=95; ORB_inliers=73; ORB_inlier_ratio=0.7684,HIGH_CONFIDENCE_NEAR_DUPLICATE
Non-Venomous/Checkered Keelback/checkered-keelback-xenochrophis-piscator-ranthambhore-national-park-ajyt7g.jpg,Checkered Keelback,Non-Venomous,validation/Non_Venomous_Snake/checkered-keelback-xenochrophis-piscator-ranthambhore-national-park-ajyt7g.jpg,Non_Venomous_Snake,VALIDATION,2,0,HIGH_CONFIDENCE_NEAR_DUPLICATE,0,0.304688,0.999728,0.996141,0.999649,82,82,1.0,CONFIRMED_NEAR_DUPLICATE,pHash=2; dHash=0; aHash=0; aspect_delta=0.3047; pixel_corr=0.9997; SSIM=0.9961; hist_corr=0.9996; ORB_good=82; ORB_inliers=82; ORB_inlier_ratio=1.0000,HIGH_CONFIDENCE_NEAR_DUPLICATE
Non-Venomous/Checkered Keelback/Checkered-Keelback_001.jpg,Checkered Keelback,Non-Venomous,train/Non_Venomous_Snake/Checkered-Keelback_001.jpg,Non_Venomous_Snake,TRAIN,0,1,HIGH_CONFIDENCE_NEAR_DUPLICATE,0,0.67,0.999827,0.994911,0.999233,6,4,0.666667,POSSIBLE_NEAR_DUPLICATE,pHash=0; dHash=1; aHash=0; aspect_delta=0.6700; pixel_corr=0.9998; SSIM=0.9949; hist_corr=0.9992; ORB_good=6; ORB_inliers=4; ORB_inlier_ratio=0.6667,POSSIBLE_NEAR_DUPLICATE
Non-Venomous/Checkered Keelback/checkered-keelback_002.jpg,Checkered Keelback,Non-Venomous,train/Non_Venomous_Snake/checkered-keelback_002.jpg,Non_Venomous_Snake,TRAIN,0,0,HIGH_CONFIDENCE_NEAR_DUPLICATE,0,0.405676,0.999138,0.997055,0.999788,10,4,0.4,POSSIBLE_NEAR_DUPLICATE,pHash=0; dHash=0; aHash=0; aspect_delta=0.4057; pixel_corr=0.9991; SSIM=0.9971; hist_corr=0.9998; ORB_good=10; ORB_inliers=4; ORB_inlier_ratio=0.4000,POSSIBLE_NEAR_DUPLICATE
Non-Venomous/Checkered Keelback/Checkered-Keelback_003.jpg,Checkered Keelback,Non-Venomous,train/Non_Venomous_Snake/Checkered-Keelback_003.jpg,Non_Venomous_Snake,TRAIN,0,1,HIGH_CONFIDENCE_NEAR_DUPLICATE,0,0.335,0.999741,0.998327,0.999569,6,4,0.666667,POSSIBLE_NEAR_DUPLICATE,pHash=0; dHash=1; aHash=0; aspect_delta=0.3350; pixel_corr=0.9997; SSIM=0.9983; hist_corr=0.9996; ORB_good=6; ORB_inliers=4; ORB_inlier_ratio=0.6667,POSSIBLE_NEAR_DUPLICATE
Non-Venomous/Checkered Keelback/Checkered-keelback_004.jpg,Checkered Keelback,Non-Venomous,train/Non_Venomous_Snake/Checkered-keelback_004.jpg,Non_Venomous_Snake,TRAIN,0,0,HIGH_CONFIDENCE_NEAR_DUPLICATE,0,0.297571,0.999223,0.998662,0.994047,116,114,0.982759,CONFIRMED_NEAR_DUPLICATE,pHash=0; dHash=0; aHash=0; aspect_delta=0.2976; pixel_corr=0.9992; SSIM=0.9987; hist_corr=0.9940; ORB_good=116; ORB_inliers=114; ORB_inlier_ratio=0.9828,HIGH_CONFIDENCE_NEAR_DUPLICATE
Non-Venomous/Checkered Keelback/Checkered-keelback_in_IIT_Bombay.JPG,Checkered Keelback,Non-Venomous,train/Non_Venomous_Snake/Checkered-keelback_in_IIT_Bombay.JPG,Non_Venomous_Snake,TRAIN,0,0,HIGH_CONFIDENCE_NEAR_DUPLICATE,0,0.25,0.999514,0.997691,0.998912,78,75,0.961538,CONFIRMED_NEAR_DUPLICATE,pHash=0; dHash=0; aHash=0; aspect_delta=0.2500; pixel_corr=0.9995; SSIM=0.9977; hist_corr=0.9989; ORB_good=78; ORB_inliers=75; ORB_inlier_ratio=0.9615,HIGH_CONFIDENCE_NEAR_DUPLICATE
Non-Venomous/Checkered Keelback/Checkered-Keelbacks-2.jpg,Checkered Keelback,Non-Venomous,train/Non_Venomous_Snake/Checkered-Keelbacks-2.jpg,Non_Venomous_Snake,TRAIN,0,0,HIGH_CONFIDENCE_NEAR_DUPLICATE,0,0.554688,0.999579,0.99669,0.998238,3,0,0.0,POSSIBLE_NEAR_DUPLICATE,pHash=0; dHash=0; aHash=0; aspect_delta=0.5547; pixel_corr=0.9996; SSIM=0.9967; hist_corr=0.9982; ORB_good=3; ORB_inliers=0; ORB_inlier_ratio=0.0000,POSSIBLE_NEAR_DUPLICATE
Non-Venomous/Checkered Keelback/Checkered-Keelbacks-4.jpg,Checkered Keelback,Non-Venomous,train/Non_Venomous_Snake/Checkered-Keelbacks-4.jpg,Non_Venomous_Snake,TRAIN,0,0,HIGH_CONFIDENCE_NEAR_DUPLICATE,0,0.52832,0.999639,0.996703,0.99835,6,5,0.833333,POSSIBLE_NEAR_DUPLICATE,pHash=0; dHash=0; aHash=0; aspect_delta=0.5283; pixel_corr=0.9996; SSIM=0.9967; hist_corr=0.9983; ORB_good=6; ORB_inliers=5; ORB_inlier_ratio=0.8333,POSSIBLE_NEAR_DUPLICATE
Non-Venomous/Checkered Keelback/Checkered-Keelbacks-6.jpg,Checkered Keelback,Non-Venomous,train/Non_Venomous_Snake/Checkered-Keelbacks-6.jpg,Non_Venomous_Snake,TRAIN,0,2,HIGH_CONFIDENCE_NEAR_DUPLICATE,0,0.500977,0.999597,0.996961,0.994724,7,5,0.714286,POSSIBLE_NEAR_DUPLICATE,pHash=0; dHash=2; aHash=0; aspect_delta=0.5010; pixel_corr=0.9996; SSIM=0.9970; hist_corr=0.9947; ORB_good=7; ORB_inliers=5; ORB_inlier_ratio=0.7143,POSSIBLE_NEAR_DUPLICATE
Non-Venomous/Checkered Keelback/Checkered_Keelback.jpg,Checkered Keelback,Non-Venomous,train/Non_Venomous_Snake/Checkered_Keelback.jpg,Non_Venomous_Snake,TRAIN,2,0,HIGH_CONFIDENCE_NEAR_DUPLICATE,0,0.33375,0.999664,0.997034,0.999902,40,38,0.95,CONFIRMED_NEAR_DUPLICATE,pHash=2; dHash=0; aHash=0; aspect_delta=0.3337; pixel_corr=0.9997; SSIM=0.9970; hist_corr=0.9999; ORB_good=40; ORB_inliers=38; ORB_inlier_ratio=0.9500,HIGH_CONFIDENCE_NEAR_DUPLICATE
Non-Venomous/Checkered Keelback/Checkered_Keelback_(Xenochrophis_piscator)_漁游蛇.jpg,Checkered Keelback,Non-Venomous,train/Non_Venomous_Snake/Checkered_Keelback_(Xenochrophis_piscator)_µ╝üµ╕╕Φ¢ç.jpg,Non_Venomous_Snake,TRAIN,0,0,HIGH_CONFIDENCE_NEAR_DUPLICATE,0,0.334961,0.999424,0.996797,0.999821,23,22,0.956522,CONFIRMED_NEAR_DUPLICATE,pHash=0; dHash=0; aHash=0; aspect_delta=0.3350; pixel_corr=0.9994; SSIM=0.9968; hist_corr=0.9998; ORB_good=23; ORB_inliers=22; ORB_inlier_ratio=0.9565,HIGH_CONFIDENCE_NEAR_DUPLICATE
Non-Venomous/Checkered Keelback/Checkered_Keelback_(Xenochrophis_piscator)_漁游蛇2.jpg,Checkered Keelback,Non-Venomous,validation/Non_Venomous_Snake/Checkered_Keelback_(Xenochrophis_piscator)_µ╝üµ╕╕Φ¢ç2.jpg,Non_Venomous_Snake,VALIDATION,2,1,HIGH_CONFIDENCE_NEAR_DUPLICATE,0,0.332031,0.999249,0.99684,0.999418,52,47,0.903846,CONFIRMED_NEAR_DUPLICATE,pHash=2; dHash=1; aHash=0; aspect_delta=0.3320; pixel_corr=0.9992; SSIM=0.9968; hist_corr=0.9994; ORB_good=52; ORB_inliers=47; ORB_inlier_ratio=0.9038,HIGH_CONFIDENCE_NEAR_DUPLICATE
Non-Venomous/Checkered Keelback/Checkered_Keelback_(Xenochrophis_piscator)_漁游蛇5.jpg,Checkered Keelback,Non-Venomous,train/Non_Venomous_Snake/Checkered_Keelback_(Xenochrophis_piscator)_µ╝üµ╕╕Φ¢ç5.jpg,Non_Venomous_Snake,TRAIN,0,0,HIGH_CONFIDENCE_NEAR_DUPLICATE,0,0.333008,0.999051,0.99598,0.999608,45,40,0.888889,CONFIRMED_NEAR_DUPLICATE,pHash=0; dHash=0; aHash=0; aspect_delta=0.3330; pixel_corr=0.9991; SSIM=0.9960; hist_corr=0.9996; ORB_good=45; ORB_inliers=40; ORB_inlier_ratio=0.8889,HIGH_CONFIDENCE_NEAR_DUPLICATE
Non-Venomous/Checkered Keelback/checkered_keelback_water_snake.jpg,Checkered Keelback,Non-Venomous,train/Non_Venomous_Snake/checkered_keelback_water_snake.jpg,Non_Venomous_Snake,TRAIN,0,0,HIGH_CONFIDENCE_NEAR_DUPLICATE,0,0.481013,0.999815,0.998221,0.999582,16,12,0.75,LIKELY_NEAR_DUPLICATE,pHash=0; dHash=0; aHash=0; aspect_delta=0.4810; pixel_corr=0.9998; SSIM=0.9982; hist_corr=0.9996; ORB_good=16; ORB_inliers=12; ORB_inlier_ratio=0.7500,POSSIBLE_NEAR_DUPLICATE
"Non-Venomous/Checkered Keelback/Checkered_Keelback_Xenochrophis_piscator_Schneider,_1799_Assam_by_Dr_Raju_Kasambe_DSC_0477_(2).JPG",Checkered Keelback,Non-Venomous,"train/Non_Venomous_Snake/Checkered_Keelback_Xenochrophis_piscator_Schneider,_1799_Assam_by_Dr_Raju_Kasambe_DSC_0477_(2).JPG",Non_Venomous_Snake,TRAIN,0,0,HIGH_CONFIDENCE_NEAR_DUPLICATE,1,0.395455,0.996512,0.993576,0.999816,16,10,0.625,LIKELY_NEAR_DUPLICATE,pHash=0; dHash=0; aHash=1; aspect_delta=0.3955; pixel_corr=0.9965; SSIM=0.9936; hist_corr=0.9998; ORB_good=16; ORB_inliers=10; ORB_inlier_ratio=0.6250,POSSIBLE_NEAR_DUPLICATE
Non-Venomous/Checkered Keelback/Chekkered Keel Back.jpg,Checkered Keelback,Non-Venomous,train/Non_Venomous_Snake/Chekkered Keel Back.jpg,Non_Venomous_Snake,TRAIN,0,0,HIGH_CONFIDENCE_NEAR_DUPLICATE,0,0.25,0.99987,0.995589,0.999747,140,140,1.0,CONFIRMED_NEAR_DUPLICATE,pHash=0; dHash=0; aHash=0; aspect_delta=0.2500; pixel_corr=0.9999; SSIM=0.9956; hist_corr=0.9997; ORB_good=140; ORB_inliers=140; ORB_inlier_ratio=1.0000,HIGH_CONFIDENCE_NEAR_DUPLICATE
Non-Venomous/Checkered Keelback/chequred keelback.jpg,Checkered Keelback,Non-Venomous,train/Non_Venomous_Snake/chequred keelback.jpg,Non_Venomous_Snake,TRAIN,0,0,HIGH_CONFIDENCE_NEAR_DUPLICATE,0,0.333333,0.999897,0.998357,0.999333,59,56,0.949153,CONFIRMED_NEAR_DUPLICATE,pHash=0; dHash=0; aHash=0; aspect_delta=0.3333; pixel_corr=0.9999; SSIM=0.9984; hist_corr=0.9993; ORB_good=59; ORB_inliers=56; ORB_inlier_ratio=0.9492,HIGH_CONFIDENCE_NEAR_DUPLICATE
Non-Venomous/Checkered Keelback/ckb.jpg,Checkered Keelback,Non-Venomous,train/Non_Venomous_Snake/ckb.jpg,Non_Venomous_Snake,TRAIN,0,0,HIGH_CONFIDENCE_NEAR_DUPLICATE,0,0.360352,0.999384,0.997438,0.999139,21,21,1.0,CONFIRMED_NEAR_DUPLICATE,pHash=0; dHash=0; aHash=0; aspect_delta=0.3604; pixel_corr=0.9994; SSIM=0.9974; hist_corr=0.9991; ORB_good=21; ORB_inliers=21; ORB_inlier_ratio=1.0000,HIGH_CONFIDENCE_NEAR_DUPLICATE
Non-Venomous/Checkered Keelback/Cm9GKVuUMAAoh1K.jpg,Checkered Keelback,Non-Venomous,train/Non_Venomous_Snake/Cm9GKVuUMAAoh1K.jpg,Non_Venomous_Snake,TRAIN,0,3,POSSIBLE_NEAR_DUPLICATE,0,0.4375,0.999243,0.991314,0.999684,29,22,0.758621,CONFIRMED_NEAR_DUPLICATE,pHash=0; dHash=3; aHash=0; aspect_delta=0.4375; pixel_corr=0.9992; SSIM=0.9913; hist_corr=0.9997; ORB_good=29; ORB_inliers=22; ORB_inlier_ratio=0.7586,HIGH_CONFIDENCE_NEAR_DUPLICATE
Non-Venomous/Checkered Keelback/CxDP8_ZUoAQhwy3.jpg,Checkered Keelback,Non-Venomous,validation/Non_Venomous_Snake/CxDP8_ZUoAQhwy3.jpg,Non_Venomous_Snake,VALIDATION,0,1,HIGH_CONFIDENCE_NEAR_DUPLICATE,0,0.333333,0.999497,0.996117,0.999969,35,33,0.942857,CONFIRMED_NEAR_DUPLICATE,pHash=0; dHash=1; aHash=0; aspect_delta=0.3333; pixel_corr=0.9995; SSIM=0.9961; hist_corr=1.0000; ORB_good=35; ORB_inliers=33; ORB_inlier_ratio=0.9429,HIGH_CONFIDENCE_NEAR_DUPLICATE
Non-Venomous/Checkered Keelback/DSC00369.JPG,Checkered Keelback,Non-Venomous,train/Non_Venomous_Snake/DSC00369.JPG,Non_Venomous_Snake,TRAIN,2,0,HIGH_CONFIDENCE_NEAR_DUPLICATE,0,0.133333,0.99983,0.996638,0.999802,294,283,0.962585,CONFIRMED_NEAR_DUPLICATE,pHash=2; dHash=0; aHash=0; aspect_delta=0.1333; pixel_corr=0.9998; SSIM=0.9966; hist_corr=0.9998; ORB_good=294; ORB_inliers=283; ORB_inlier_ratio=0.9626,HIGH_CONFIDENCE_NEAR_DUPLICATE
Non-Venomous/Checkered Keelback/DSC00813.JPG,Checkered Keelback,Non-Venomous,train/Non_Venomous_Snake/DSC00813.JPG,Non_Venomous_Snake,TRAIN,0,0,HIGH_CONFIDENCE_NEAR_DUPLICATE,0,0.25,0.999689,0.997271,0.999777,39,33,0.846154,CONFIRMED_NEAR_DUPLICATE,pHash=0; dHash=0; aHash=0; aspect_delta=0.2500; pixel_corr=0.9997; SSIM=0.9973; hist_corr=0.9998; ORB_good=39; ORB_inliers=33; ORB_inlier_ratio=0.8462,HIGH_CONFIDENCE_NEAR_DUPLICATE
Non-Venomous/Checkered Keelback/DSC4977.jpg,Checkered Keelback,Non-Venomous,train/Non_Venomous_Snake/DSC4977.jpg,Non_Venomous_Snake,TRAIN,0,1,HIGH_CONFIDENCE_NEAR_DUPLICATE,0,0.431641,0.998888,0.997436,0.998441,5,5,1.0,POSSIBLE_NEAR_DUPLICATE,pHash=0; dHash=1; aHash=0; aspect_delta=0.4316; pixel_corr=0.9989; SSIM=0.9974; hist_corr=0.9984; ORB_good=5; ORB_inliers=5; ORB_inlier_ratio=1.0000,POSSIBLE_NEAR_DUPLICATE
Non-Venomous/Checkered Keelback/DSC_3798-1.jpg,Checkered Keelback,Non-Venomous,train/Non_Venomous_Snake/DSC_3798-1.jpg,Non_Venomous_Snake,TRAIN,0,1,HIGH_CONFIDENCE_NEAR_DUPLICATE,0,0.33625,0.999428,0.996923,0.999809,17,12,0.705882,LIKELY_NEAR_DUPLICATE,pHash=0; dHash=1; aHash=0; aspect_delta=0.3362; pixel_corr=0.9994; SSIM=0.9969; hist_corr=0.9998; ORB_good=17; ORB_inliers=12; ORB_inlier_ratio=0.7059,POSSIBLE_NEAR_DUPLICATE
Non-Venomous/Checkered Keelback/dyabayack.jpg,Checkered Keelback,Non-Venomous,train/Non_Venomous_Snake/dyabayack.jpg,Non_Venomous_Snake,TRAIN,2,0,HIGH_CONFIDENCE_NEAR_DUPLICATE,0,0.0,0.999864,0.997938,0.999625,242,227,0.938017,CONFIRMED_NEAR_DUPLICATE,pHash=2; dHash=0; aHash=0; aspect_delta=0.0000; pixel_corr=0.9999; SSIM=0.9979; hist_corr=0.9996; ORB_good=242; ORB_inliers=227; ORB_inlier_ratio=0.9380,HIGH_CONFIDENCE_NEAR_DUPLICATE
Non-Venomous/Checkered Keelback/Fauna-6.jpg,Checkered Keelback,Non-Venomous,train/Non_Venomous_Snake/Fauna-6.jpg,Non_Venomous_Snake,TRAIN,0,0,HIGH_CONFIDENCE_NEAR_DUPLICATE,0,0.25,0.999433,0.998184,0.99951,112,111,0.991071,CONFIRMED_NEAR_DUPLICATE,pHash=0; dHash=0; aHash=0; aspect_delta=0.2500; pixel_corr=0.9994; SSIM=0.9982; hist_corr=0.9995; ORB_good=112; ORB_inliers=111; ORB_inlier_ratio=0.9911,HIGH_CONFIDENCE_NEAR_DUPLICATE
Non-Venomous/Checkered Keelback/hqdefault.jpg,Checkered Keelback,Non-Venomous,train/Non_Venomous_Snake/hqdefault.jpg,Non_Venomous_Snake,TRAIN,0,1,HIGH_CONFIDENCE_NEAR_DUPLICATE,0,0.25,0.999829,0.997343,0.999887,178,169,0.949438,CONFIRMED_NEAR_DUPLICATE,pHash=0; dHash=1; aHash=0; aspect_delta=0.2500; pixel_corr=0.9998; SSIM=0.9973; hist_corr=0.9999; ORB_good=178; ORB_inliers=169; ORB_inlier_ratio=0.9494,HIGH_CONFIDENCE_NEAR_DUPLICATE
Non-Venomous/Checkered Keelback/hqdefault_007.jpg,Checkered Keelback,Non-Venomous,train/Non_Venomous_Snake/hqdefault_007.jpg,Non_Venomous_Snake,TRAIN,0,0,HIGH_CONFIDENCE_NEAR_DUPLICATE,0,0.25,0.999825,0.998083,0.999947,227,224,0.986784,CONFIRMED_NEAR_DUPLICATE,pHash=0; dHash=0; aHash=0; aspect_delta=0.2500; pixel_corr=0.9998; SSIM=0.9981; hist_corr=0.9999; ORB_good=227; ORB_inliers=224; ORB_inlier_ratio=0.9868,HIGH_CONFIDENCE_NEAR_DUPLICATE
Non-Venomous/Checkered Keelback/img_0498.jpg,Checkered Keelback,Non-Venomous,train/Non_Venomous_Snake/img_0498.jpg,Non_Venomous_Snake,TRAIN,0,0,HIGH_CONFIDENCE_NEAR_DUPLICATE,0,0.33375,0.999523,0.996307,0.998664,42,39,0.928571,CONFIRMED_NEAR_DUPLICATE,pHash=0; dHash=0; aHash=0; aspect_delta=0.3337; pixel_corr=0.9995; SSIM=0.9963; hist_corr=0.9987; ORB_good=42; ORB_inliers=39; ORB_inlier_ratio=0.9286,HIGH_CONFIDENCE_NEAR_DUPLICATE
Non-Venomous/Checkered Keelback/img_0563-copy.jpg,Checkered Keelback,Non-Venomous,train/Non_Venomous_Snake/img_0563-copy.jpg,Non_Venomous_Snake,TRAIN,0,0,HIGH_CONFIDENCE_NEAR_DUPLICATE,1,0.332731,0.999713,0.996589,0.99959,42,42,1.0,CONFIRMED_NEAR_DUPLICATE,pHash=0; dHash=0; aHash=1; aspect_delta=0.3327; pixel_corr=0.9997; SSIM=0.9966; hist_corr=0.9996; ORB_good=42; ORB_inliers=42; ORB_inlier_ratio=1.0000,HIGH_CONFIDENCE_NEAR_DUPLICATE
Non-Venomous/Checkered Keelback/img_2570-001.jpg,Checkered Keelback,Non-Venomous,train/Non_Venomous_Snake/img_2570-001.jpg,Non_Venomous_Snake,TRAIN,0,0,HIGH_CONFIDENCE_NEAR_DUPLICATE,0,0.331,0.999684,0.995084,0.99966,34,30,0.882353,CONFIRMED_NEAR_DUPLICATE,pHash=0; dHash=0; aHash=0; aspect_delta=0.3310; pixel_corr=0.9997; SSIM=0.9951; hist_corr=0.9997; ORB_good=34; ORB_inliers=30; ORB_inlier_ratio=0.8824,HIGH_CONFIDENCE_NEAR_DUPLICATE
Non-Venomous/Checkered Keelback/IMG_4798.JPG,Checkered Keelback,Non-Venomous,train/Non_Venomous_Snake/IMG_4798.JPG,Non_Venomous_Snake,TRAIN,0,1,HIGH_CONFIDENCE_NEAR_DUPLICATE,0,0.68,0.999766,0.997503,0.999619,1,0,0.0,POSSIBLE_NEAR_DUPLICATE,pHash=0; dHash=1; aHash=0; aspect_delta=0.6800; pixel_corr=0.9998; SSIM=0.9975; hist_corr=0.9996; ORB_good=1; ORB_inliers=0; ORB_inlier_ratio=0.0000,POSSIBLE_NEAR_DUPLICATE
Non-Venomous/Checkered Keelback/IMG_5300.JPG,Checkered Keelback,Non-Venomous,train/Non_Venomous_Snake/IMG_5300.JPG,Non_Venomous_Snake,TRAIN,0,0,HIGH_CONFIDENCE_NEAR_DUPLICATE,0,0.25,0.999713,0.998125,0.999772,40,39,0.975,CONFIRMED_NEAR_DUPLICATE,pHash=0; dHash=0; aHash=0; aspect_delta=0.2500; pixel_corr=0.9997; SSIM=0.9981; hist_corr=0.9998; ORB_good=40; ORB_inliers=39; ORB_inlier_ratio=0.9750,HIGH_CONFIDENCE_NEAR_DUPLICATE
Non-Venomous/Checkered Keelback/img_5554.jpg,Checkered Keelback,Non-Venomous,train/Non_Venomous_Snake/img_5554.jpg,Non_Venomous_Snake,TRAIN,0,1,HIGH_CONFIDENCE_NEAR_DUPLICATE,1,0.316865,0.999784,0.995997,0.998761,4,4,1.0,POSSIBLE_NEAR_DUPLICATE,pHash=0; dHash=1; aHash=1; aspect_delta=0.3169; pixel_corr=0.9998; SSIM=0.9960; hist_corr=0.9988; ORB_good=4; ORB_inliers=4; ORB_inlier_ratio=1.0000,POSSIBLE_NEAR_DUPLICATE
Non-Venomous/Checkered Keelback/img_6516.jpg,Checkered Keelback,Non-Venomous,train/Non_Venomous_Snake/img_6516.jpg,Non_Venomous_Snake,TRAIN,0,0,HIGH_CONFIDENCE_NEAR_DUPLICATE,0,0.25,0.999849,0.996175,0.999311,0,0,0.0,POSSIBLE_NEAR_DUPLICATE,pHash=0; dHash=0; aHash=0; aspect_delta=0.2500; pixel_corr=0.9998; SSIM=0.9962; hist_corr=0.9993; ORB_good=0; ORB_inliers=0; ORB_inlier_ratio=0.0000,POSSIBLE_NEAR_DUPLICATE
Non-Venomous/Checkered Keelback/IMG_7087.JPG,Checkered Keelback,Non-Venomous,train/Non_Venomous_Snake/IMG_7087.JPG,Non_Venomous_Snake,TRAIN,0,1,HIGH_CONFIDENCE_NEAR_DUPLICATE,0,0.235,0.999884,0.995681,0.999472,137,130,0.948905,CONFIRMED_NEAR_DUPLICATE,pHash=0; dHash=1; aHash=0; aspect_delta=0.2350; pixel_corr=0.9999; SSIM=0.9957; hist_corr=0.9995; ORB_good=137; ORB_inliers=130; ORB_inlier_ratio=0.9489,HIGH_CONFIDENCE_NEAR_DUPLICATE
Non-Venomous/Checkered Keelback/img_7098.jpg,Checkered Keelback,Non-Venomous,train/Non_Venomous_Snake/img_7098.jpg,Non_Venomous_Snake,TRAIN,2,0,HIGH_CONFIDENCE_NEAR_DUPLICATE,0,0.3325,0.99881,0.997243,0.999641,31,29,0.935484,CONFIRMED_NEAR_DUPLICATE,pHash=2; dHash=0; aHash=0; aspect_delta=0.3325; pixel_corr=0.9988; SSIM=0.9972; hist_corr=0.9996; ORB_good=31; ORB_inliers=29; ORB_inlier_ratio=0.9355,HIGH_CONFIDENCE_NEAR_DUPLICATE
Non-Venomous/Checkered Keelback/keelback1.jpg,Checkered Keelback,Non-Venomous,train/Non_Venomous_Snake/keelback1.jpg,Non_Venomous_Snake,TRAIN,0,1,HIGH_CONFIDENCE_NEAR_DUPLICATE,0,0.368182,0.999383,0.996994,0.999842,40,23,0.575,LIKELY_NEAR_DUPLICATE,pHash=0; dHash=1; aHash=0; aspect_delta=0.3682; pixel_corr=0.9994; SSIM=0.9970; hist_corr=0.9998; ORB_good=40; ORB_inliers=23; ORB_inlier_ratio=0.5750,POSSIBLE_NEAR_DUPLICATE
Non-Venomous/Checkered Keelback/keelback_fish (5)_s.jpg,Checkered Keelback,Non-Venomous,train/Non_Venomous_Snake/keelback_fish (5)_s.jpg,Non_Venomous_Snake,TRAIN,0,1,HIGH_CONFIDENCE_NEAR_DUPLICATE,0,0.333888,0.999722,0.996654,0.999863,34,31,0.911765,CONFIRMED_NEAR_DUPLICATE,pHash=0; dHash=1; aHash=0; aspect_delta=0.3339; pixel_corr=0.9997; SSIM=0.9967; hist_corr=0.9999; ORB_good=34; ORB_inliers=31; ORB_inlier_ratio=0.9118,HIGH_CONFIDENCE_NEAR_DUPLICATE
Non-Venomous/Checkered Keelback/maxresdefault_003.jpg,Checkered Keelback,Non-Venomous,train/Non_Venomous_Snake/maxresdefault_003.jpg,Non_Venomous_Snake,TRAIN,0,0,HIGH_CONFIDENCE_NEAR_DUPLICATE,0,0.4375,0.999807,0.999131,0.998486,2,0,0.0,POSSIBLE_NEAR_DUPLICATE,pHash=0; dHash=0; aHash=0; aspect_delta=0.4375; pixel_corr=0.9998; SSIM=0.9991; hist_corr=0.9985; ORB_good=2; ORB_inliers=0; ORB_inlier_ratio=0.0000,POSSIBLE_NEAR_DUPLICATE
Non-Venomous/Checkered Keelback/maxresdefault_004.jpg,Checkered Keelback,Non-Venomous,validation/Non_Venomous_Snake/maxresdefault_004.jpg,Non_Venomous_Snake,VALIDATION,2,0,HIGH_CONFIDENCE_NEAR_DUPLICATE,0,0.4375,0.999373,0.996231,0.99994,4,4,1.0,POSSIBLE_NEAR_DUPLICATE,pHash=2; dHash=0; aHash=0; aspect_delta=0.4375; pixel_corr=0.9994; SSIM=0.9962; hist_corr=0.9999; ORB_good=4; ORB_inliers=4; ORB_inlier_ratio=1.0000,POSSIBLE_NEAR_DUPLICATE
Non-Venomous/Checkered Keelback/maxresdefault_006.jpg,Checkered Keelback,Non-Venomous,test/Non_Venomous_Snake/maxresdefault_006.jpg,Non_Venomous_Snake,TEST,0,0,HIGH_CONFIDENCE_NEAR_DUPLICATE,0,0.4375,0.999475,0.99676,0.999803,15,9,0.6,LIKELY_NEAR_DUPLICATE,pHash=0; dHash=0; aHash=0; aspect_delta=0.4375; pixel_corr=0.9995; SSIM=0.9968; hist_corr=0.9998; ORB_good=15; ORB_inliers=9; ORB_inlier_ratio=0.6000,POSSIBLE_NEAR_DUPLICATE
Non-Venomous/Checkered Keelback/maxresdefault_009.jpg,Checkered Keelback,Non-Venomous,train/Non_Venomous_Snake/maxresdefault_009.jpg,Non_Venomous_Snake,TRAIN,0,0,HIGH_CONFIDENCE_NEAR_DUPLICATE,0,0.4375,0.999648,0.996616,0.999836,12,11,0.916667,POSSIBLE_NEAR_DUPLICATE,pHash=0; dHash=0; aHash=0; aspect_delta=0.4375; pixel_corr=0.9996; SSIM=0.9966; hist_corr=0.9998; ORB_good=12; ORB_inliers=11; ORB_inlier_ratio=0.9167,POSSIBLE_NEAR_DUPLICATE
Non-Venomous/Checkered Keelback/maxresdefault_011.jpg,Checkered Keelback,Non-Venomous,train/Non_Venomous_Snake/maxresdefault_011.jpg,Non_Venomous_Snake,TRAIN,0,0,HIGH_CONFIDENCE_NEAR_DUPLICATE,0,0.4375,0.999587,0.997041,0.999425,16,11,0.6875,LIKELY_NEAR_DUPLICATE,pHash=0; dHash=0; aHash=0; aspect_delta=0.4375; pixel_corr=0.9996; SSIM=0.9970; hist_corr=0.9994; ORB_good=16; ORB_inliers=11; ORB_inlier_ratio=0.6875,POSSIBLE_NEAR_DUPLICATE
Non-Venomous/Checkered Keelback/Natrix piscator.jpg,Checkered Keelback,Non-Venomous,test/Non_Venomous_Snake/Natrix piscator.jpg,Non_Venomous_Snake,TEST,0,1,HIGH_CONFIDENCE_NEAR_DUPLICATE,0,0.25,0.999368,0.998195,0.999763,84,69,0.821429,CONFIRMED_NEAR_DUPLICATE,pHash=0; dHash=1; aHash=0; aspect_delta=0.2500; pixel_corr=0.9994; SSIM=0.9982; hist_corr=0.9998; ORB_good=84; ORB_inliers=69; ORB_inlier_ratio=0.8214,HIGH_CONFIDENCE_NEAR_DUPLICATE
Non-Venomous/Checkered Keelback/PICT6251_fcw.jpg,Checkered Keelback,Non-Venomous,test/Non_Venomous_Snake/PICT6251_fcw.jpg,Non_Venomous_Snake,TEST,0,1,HIGH_CONFIDENCE_NEAR_DUPLICATE,0,0.190625,0.999284,0.995728,0.999986,77,76,0.987013,CONFIRMED_NEAR_DUPLICATE,pHash=0; dHash=1; aHash=0; aspect_delta=0.1906; pixel_corr=0.9993; SSIM=0.9957; hist_corr=1.0000; ORB_good=77; ORB_inliers=76; ORB_inlier_ratio=0.9870,HIGH_CONFIDENCE_NEAR_DUPLICATE
Non-Venomous/Checkered Keelback/stock-photo-green-snake-checkered-keelback-xenochrophis-piscator-621348263.jpg,Checkered Keelback,Non-Venomous,test/Non_Venomous_Snake/stock-photo-green-snake-checkered-keelback-xenochrophis-piscator-621348263.jpg,Non_Venomous_Snake,TEST,0,0,HIGH_CONFIDENCE_NEAR_DUPLICATE,0,0.4,0.99978,0.995048,0.999918,14,11,0.785714,POSSIBLE_NEAR_DUPLICATE,pHash=0; dHash=0; aHash=0; aspect_delta=0.4000; pixel_corr=0.9998; SSIM=0.9950; hist_corr=0.9999; ORB_good=14; ORB_inliers=11; ORB_inlier_ratio=0.7857,POSSIBLE_NEAR_DUPLICATE
Non-Venomous/Checkered Keelback/stock-photo-green-snake-checkered-keelback-xenochrophis-piscator-621348284.jpg,Checkered Keelback,Non-Venomous,test/Non_Venomous_Snake/stock-photo-green-snake-checkered-keelback-xenochrophis-piscator-621348284.jpg,Non_Venomous_Snake,TEST,0,2,HIGH_CONFIDENCE_NEAR_DUPLICATE,0,0.4,0.999863,0.996743,0.999841,34,26,0.764706,CONFIRMED_NEAR_DUPLICATE,pHash=0; dHash=2; aHash=0; aspect_delta=0.4000; pixel_corr=0.9999; SSIM=0.9967; hist_corr=0.9998; ORB_good=34; ORB_inliers=26; ORB_inlier_ratio=0.7647,HIGH_CONFIDENCE_NEAR_DUPLICATE
Non-Venomous/Checkered Keelback/stock-photo-green-snake-checkered-keelback-xenochrophis-piscator-621348332.jpg,Checkered Keelback,Non-Venomous,test/Non_Venomous_Snake/stock-photo-green-snake-checkered-keelback-xenochrophis-piscator-621348332.jpg,Non_Venomous_Snake,TEST,0,1,HIGH_CONFIDENCE_NEAR_DUPLICATE,0,0.4,0.999853,0.995355,0.999966,29,19,0.655172,CONFIRMED_NEAR_DUPLICATE,pHash=0; dHash=1; aHash=0; aspect_delta=0.4000; pixel_corr=0.9999; SSIM=0.9954; hist_corr=1.0000; ORB_good=29; ORB_inliers=19; ORB_inlier_ratio=0.6552,HIGH_CONFIDENCE_NEAR_DUPLICATE
Non-Venomous/Checkered Keelback/stock-photo-green-snake-checkered-keelback-xenochrophis-piscator-621348356.jpg,Checkered Keelback,Non-Venomous,test/Non_Venomous_Snake/stock-photo-green-snake-checkered-keelback-xenochrophis-piscator-621348356.jpg,Non_Venomous_Snake,TEST,0,2,HIGH_CONFIDENCE_NEAR_DUPLICATE,0,0.4,0.999901,0.997714,0.999791,39,31,0.794872,CONFIRMED_NEAR_DUPLICATE,pHash=0; dHash=2; aHash=0; aspect_delta=0.4000; pixel_corr=0.9999; SSIM=0.9977; hist_corr=0.9998; ORB_good=39; ORB_inliers=31; ORB_inlier_ratio=0.7949,HIGH_CONFIDENCE_NEAR_DUPLICATE
Non-Venomous/Checkered Keelback/xenochrophis-piscator-checkered-keelback-non-venomous-arunachal-pradesh-h9erhb.jpg,Checkered Keelback,Non-Venomous,test/Non_Venomous_Snake/xenochrophis-piscator-checkered-keelback-non-venomous-arunachal-pradesh-h9erhb.jpg,Non_Venomous_Snake,TEST,0,1,HIGH_CONFIDENCE_NEAR_DUPLICATE,1,0.301563,0.999647,0.997741,0.999571,55,51,0.927273,CONFIRMED_NEAR_DUPLICATE,pHash=0; dHash=1; aHash=1; aspect_delta=0.3016; pixel_corr=0.9996; SSIM=0.9977; hist_corr=0.9996; ORB_good=55; ORB_inliers=51; ORB_inlier_ratio=0.9273,HIGH_CONFIDENCE_NEAR_DUPLICATE
Non-Venomous/Checkered Keelback/xenochrophis-piscator-checkered-keelback-water-snake-close-up-non-h9erxp.jpg,Checkered Keelback,Non-Venomous,test/Non_Venomous_Snake/xenochrophis-piscator-checkered-keelback-water-snake-close-up-non-h9erxp.jpg,Non_Venomous_Snake,TEST,0,0,HIGH_CONFIDENCE_NEAR_DUPLICATE,0,0.296875,0.999883,0.99791,0.999967,104,102,0.980769,CONFIRMED_NEAR_DUPLICATE,pHash=0; dHash=0; aHash=0; aspect_delta=0.2969; pixel_corr=0.9999; SSIM=0.9979; hist_corr=1.0000; ORB_good=104; ORB_inliers=102; ORB_inlier_ratio=0.9808,HIGH_CONFIDENCE_NEAR_DUPLICATE
Non-Venomous/Checkered Keelback/xenochrophis-piscator-checkered-keelback-water-snake-non-venomous-DFBH00.jpg,Checkered Keelback,Non-Venomous,test/Non_Venomous_Snake/xenochrophis-piscator-checkered-keelback-water-snake-non-venomous-DFBH00.jpg,Non_Venomous_Snake,TEST,0,0,HIGH_CONFIDENCE_NEAR_DUPLICATE,0,0.298561,0.999363,0.992832,0.998766,24,22,0.916667,CONFIRMED_NEAR_DUPLICATE,pHash=0; dHash=0; aHash=0; aspect_delta=0.2986; pixel_corr=0.9994; SSIM=0.9928; hist_corr=0.9988; ORB_good=24; ORB_inliers=22; ORB_inlier_ratio=0.9167,HIGH_CONFIDENCE_NEAR_DUPLICATE
Non-Venomous/Checkered Keelback/xenochrophis-piscator-checkered-keelback-water-snake-non-venomous-h9ertg.jpg,Checkered Keelback,Non-Venomous,test/Non_Venomous_Snake/xenochrophis-piscator-checkered-keelback-water-snake-non-venomous-h9ertg.jpg,Non_Venomous_Snake,TEST,0,0,HIGH_CONFIDENCE_NEAR_DUPLICATE,0,0.3,0.999864,0.999051,0.998925,97,86,0.886598,CONFIRMED_NEAR_DUPLICATE,pHash=0; dHash=0; aHash=0; aspect_delta=0.3000; pixel_corr=0.9999; SSIM=0.9991; hist_corr=0.9989; ORB_good=97; ORB_inliers=86; ORB_inlier_ratio=0.8866,HIGH_CONFIDENCE_NEAR_DUPLICATE
Non-Venomous/Checkered Keelback/xenochrophis-piscator-checkered-keelback-water-snake-non-venomous-H9ERXF.jpg,Checkered Keelback,Non-Venomous,test/Non_Venomous_Snake/xenochrophis-piscator-checkered-keelback-water-snake-non-venomous-H9ERXF.jpg,Non_Venomous_Snake,TEST,0,0,HIGH_CONFIDENCE_NEAR_DUPLICATE,0,0.263846,0.999278,0.997658,0.999203,45,43,0.955556,CONFIRMED_NEAR_DUPLICATE,pHash=0; dHash=0; aHash=0; aspect_delta=0.2638; pixel_corr=0.9993; SSIM=0.9977; hist_corr=0.9992; ORB_good=45; ORB_inliers=43; ORB_inlier_ratio=0.9556,HIGH_CONFIDENCE_NEAR_DUPLICATE
Non-Venomous/Checkered Keelback/xenochrophis-piscator-checkered-keelback-water-snake-non-venomous-h9erxh.jpg,Checkered Keelback,Non-Venomous,test/Non_Venomous_Snake/xenochrophis-piscator-checkered-keelback-water-snake-non-venomous-h9erxh.jpg,Non_Venomous_Snake,TEST,0,0,HIGH_CONFIDENCE_NEAR_DUPLICATE,0,0.3,0.99951,0.996902,0.999311,99,93,0.939394,CONFIRMED_NEAR_DUPLICATE,pHash=0; dHash=0; aHash=0; aspect_delta=0.3000; pixel_corr=0.9995; SSIM=0.9969; hist_corr=0.9993; ORB_good=99; ORB_inliers=93; ORB_inlier_ratio=0.9394,HIGH_CONFIDENCE_NEAR_DUPLICATE
Non-Venomous/Checkered Keelback/xenochrophis-piscator-checkered-keelback-water-snake-non-venomous-h9erxk.jpg,Checkered Keelback,Non-Venomous,test/Non_Venomous_Snake/xenochrophis-piscator-checkered-keelback-water-snake-non-venomous-h9erxk.jpg,Non_Venomous_Snake,TEST,0,1,HIGH_CONFIDENCE_NEAR_DUPLICATE,0,0.296875,0.999515,0.995857,0.999482,50,41,0.82,CONFIRMED_NEAR_DUPLICATE,pHash=0; dHash=1; aHash=0; aspect_delta=0.2969; pixel_corr=0.9995; SSIM=0.9959; hist_corr=0.9995; ORB_good=50; ORB_inliers=41; ORB_inlier_ratio=0.8200,HIGH_CONFIDENCE_NEAR_DUPLICATE
Non-Venomous/Checkered Keelback/Xenochrophis_piscator_at_Kadavoor.jpg,Checkered Keelback,Non-Venomous,test/Non_Venomous_Snake/Xenochrophis_piscator_at_Kadavoor.jpg,Non_Venomous_Snake,TEST,0,1,HIGH_CONFIDENCE_NEAR_DUPLICATE,1,0.249147,0.999255,0.99695,0.999742,114,100,0.877193,CONFIRMED_NEAR_DUPLICATE,pHash=0; dHash=1; aHash=1; aspect_delta=0.2491; pixel_corr=0.9993; SSIM=0.9970; hist_corr=0.9997; ORB_good=114; ORB_inliers=100; ORB_inlier_ratio=0.8772,HIGH_CONFIDENCE_NEAR_DUPLICATE
Non-Venomous/Checkered Keelback/yellow-spotted-keelback-11-26-10-in-payao-province-31.jpg,Checkered Keelback,Non-Venomous,test/Non_Venomous_Snake/yellow-spotted-keelback-11-26-10-in-payao-province-31.jpg,Non_Venomous_Snake,TEST,0,1,HIGH_CONFIDENCE_NEAR_DUPLICATE,0,0.335589,0.998917,0.996561,0.998842,2,0,0.0,POSSIBLE_NEAR_DUPLICATE,pHash=0; dHash=1; aHash=0; aspect_delta=0.3356; pixel_corr=0.9989; SSIM=0.9966; hist_corr=0.9988; ORB_good=2; ORB_inliers=0; ORB_inlier_ratio=0.0000,POSSIBLE_NEAR_DUPLICATE
Non-Venomous/Checkered Keelback/yellow-spotted-keelback-11-26-10-in-payao-province1.jpg,Checkered Keelback,Non-Venomous,test/Non_Venomous_Snake/yellow-spotted-keelback-11-26-10-in-payao-province1.jpg,Non_Venomous_Snake,TEST,0,0,HIGH_CONFIDENCE_NEAR_DUPLICATE,0,0.332237,0.998751,0.996424,0.998744,1,0,0.0,POSSIBLE_NEAR_DUPLICATE,pHash=0; dHash=0; aHash=0; aspect_delta=0.3322; pixel_corr=0.9988; SSIM=0.9964; hist_corr=0.9987; ORB_good=1; ORB_inliers=0; ORB_inlier_ratio=0.0000,POSSIBLE_NEAR_DUPLICATE
Non-Venomous/Checkered Keelback/yellow-spotted-keelback-3-17-11-in-ramkhamhaeng.jpg,Checkered Keelback,Non-Venomous,test/Non_Venomous_Snake/yellow-spotted-keelback-3-17-11-in-ramkhamhaeng.jpg,Non_Venomous_Snake,TEST,0,0,HIGH_CONFIDENCE_NEAR_DUPLICATE,0,0.331364,0.999769,0.996731,0.999817,7,7,1.0,POSSIBLE_NEAR_DUPLICATE,pHash=0; dHash=0; aHash=0; aspect_delta=0.3314; pixel_corr=0.9998; SSIM=0.9967; hist_corr=0.9998; ORB_good=7; ORB_inliers=7; ORB_inlier_ratio=1.0000,POSSIBLE_NEAR_DUPLICATE
Non-Venomous/Checkered Keelback/yellow-spotted-keelback-xenocropis-flavipunctus-vietnam-alex-krohn-21.jpg,Checkered Keelback,Non-Venomous,test/Non_Venomous_Snake/yellow-spotted-keelback-xenocropis-flavipunctus-vietnam-alex-krohn-21.jpg,Non_Venomous_Snake,TEST,0,0,HIGH_CONFIDENCE_NEAR_DUPLICATE,0,0.333333,0.999819,0.996051,0.999538,79,69,0.873418,CONFIRMED_NEAR_DUPLICATE,pHash=0; dHash=0; aHash=0; aspect_delta=0.3333; pixel_corr=0.9998; SSIM=0.9961; hist_corr=0.9995; ORB_good=79; ORB_inliers=69; ORB_inlier_ratio=0.8734,HIGH_CONFIDENCE_NEAR_DUPLICATE
Non-Venomous/Checkered Keelback/yellowspottedkeelback.jpg,Checkered Keelback,Non-Venomous,test/Non_Venomous_Snake/yellowspottedkeelback.jpg,Non_Venomous_Snake,TEST,0,1,HIGH_CONFIDENCE_NEAR_DUPLICATE,0,0.147493,0.999777,0.995868,0.999883,263,248,0.942966,CONFIRMED_NEAR_DUPLICATE,pHash=0; dHash=1; aHash=0; aspect_delta=0.1475; pixel_corr=0.9998; SSIM=0.9959; hist_corr=0.9999; ORB_good=263; ORB_inliers=248; ORB_inlier_ratio=0.9430,HIGH_CONFIDENCE_NEAR_DUPLICATE
Non-Venomous/Common Rat Snake/0763.jpeg,Common Rat Snake,Non-Venomous,validation/Non_Venomous_Snake/46666.jpg,Non_Venomous_Snake,VALIDATION,4,3,POSSIBLE_NEAR_DUPLICATE,0,0.347656,0.844932,0.518156,0.996472,37,35,0.945946,CONFIRMED_NEAR_DUPLICATE,pHash=4; dHash=3; aHash=0; aspect_delta=0.3477; pixel_corr=0.8449; SSIM=0.5182; hist_corr=0.9965; ORB_good=37; ORB_inliers=35; ORB_inlier_ratio=0.9459,HIGH_CONFIDENCE_NEAR_DUPLICATE
Non-Venomous/Common Rat Snake/0e07f0ba188cf87784d3c48f54e91ce3.jpg,Common Rat Snake,Non-Venomous,train/Non_Venomous_Snake/0e07f0ba188cf87784d3c48f54e91ce3.jpg,Non_Venomous_Snake,TRAIN,0,0,HIGH_CONFIDENCE_NEAR_DUPLICATE,0,0.233169,0.999328,0.996521,0.998783,146,143,0.979452,CONFIRMED_NEAR_DUPLICATE,pHash=0; dHash=0; aHash=0; aspect_delta=0.2332; pixel_corr=0.9993; SSIM=0.9965; hist_corr=0.9988; ORB_good=146; ORB_inliers=143; ORB_inlier_ratio=0.9795,HIGH_CONFIDENCE_NEAR_DUPLICATE
Non-Venomous/Common Rat Snake/1.jpg,Common Rat Snake,Non-Venomous,test/Non_Venomous_Snake/1.jpg,Non_Venomous_Snake,TEST,0,0,HIGH_CONFIDENCE_NEAR_DUPLICATE,0,0.332,0.999717,0.998937,0.998513,86,83,0.965116,CONFIRMED_NEAR_DUPLICATE,pHash=0; dHash=0; aHash=0; aspect_delta=0.3320; pixel_corr=0.9997; SSIM=0.9989; hist_corr=0.9985; ORB_good=86; ORB_inliers=83; ORB_inlier_ratio=0.9651,HIGH_CONFIDENCE_NEAR_DUPLICATE
Non-Venomous/Common Rat Snake/11225995516_f9288eb60a_b.jpg,Common Rat Snake,Non-Venomous,train/Non_Venomous_Snake/11225995516_f9288eb60a_b.jpg,Non_Venomous_Snake,TRAIN,0,0,HIGH_CONFIDENCE_NEAR_DUPLICATE,0,0.25,0.99912,0.998126,0.995753,74,72,0.972973,CONFIRMED_NEAR_DUPLICATE,pHash=0; dHash=0; aHash=0; aspect_delta=0.2500; pixel_corr=0.9991; SSIM=0.9981; hist_corr=0.9958; ORB_good=74; ORB_inliers=72; ORB_inlier_ratio=0.9730,HIGH_CONFIDENCE_NEAR_DUPLICATE
Non-Venomous/Common Rat Snake/112282-850x565-Yellow_Rat_Snake.jpg,Common Rat Snake,Non-Venomous,test/Non_Venomous_Snake/112282-850x565-Yellow_Rat_Snake.jpg,Non_Venomous_Snake,TEST,0,0,HIGH_CONFIDENCE_NEAR_DUPLICATE,0,0.335294,0.999759,0.998311,0.99966,39,37,0.948718,CONFIRMED_NEAR_DUPLICATE,pHash=0; dHash=0; aHash=0; aspect_delta=0.3353; pixel_corr=0.9998; SSIM=0.9983; hist_corr=0.9997; ORB_good=39; ORB_inliers=37; ORB_inlier_ratio=0.9487,HIGH_CONFIDENCE_NEAR_DUPLICATE
Non-Venomous/Common Rat Snake/126763-004-312A729C.jpg,Common Rat Snake,Non-Venomous,test/Non_Venomous_Snake/126763-004-312A729C.jpg,Non_Venomous_Snake,TEST,0,0,HIGH_CONFIDENCE_NEAR_DUPLICATE,0,0.249091,0.999698,0.997256,0.999353,162,152,0.938272,CONFIRMED_NEAR_DUPLICATE,pHash=0; dHash=0; aHash=0; aspect_delta=0.2491; pixel_corr=0.9997; SSIM=0.9973; hist_corr=0.9994; ORB_good=162; ORB_inliers=152; ORB_inlier_ratio=0.9383,HIGH_CONFIDENCE_NEAR_DUPLICATE
Non-Venomous/Common Rat Snake/130108132044_1_900x600.jpg,Common Rat Snake,Non-Venomous,train/Non_Venomous_Snake/130108132044_1_900x600.jpg,Non_Venomous_Snake,TRAIN,0,0,HIGH_CONFIDENCE_NEAR_DUPLICATE,0,0.24812,0.999841,0.998712,0.99974,133,130,0.977444,CONFIRMED_NEAR_DUPLICATE,pHash=0; dHash=0; aHash=0; aspect_delta=0.2481; pixel_corr=0.9998; SSIM=0.9987; hist_corr=0.9997; ORB_good=133; ORB_inliers=130; ORB_inlier_ratio=0.9774,HIGH_CONFIDENCE_NEAR_DUPLICATE
Non-Venomous/Common Rat Snake/143197P3112612.JPG,Common Rat Snake,Non-Venomous,test/Non_Venomous_Snake/143197P3112612.JPG,Non_Venomous_Snake,TEST,0,0,HIGH_CONFIDENCE_NEAR_DUPLICATE,0,0.25,0.999762,0.998155,0.998435,180,177,0.983333,CONFIRMED_NEAR_DUPLICATE,pHash=0; dHash=0; aHash=0; aspect_delta=0.2500; pixel_corr=0.9998; SSIM=0.9982; hist_corr=0.9984; ORB_good=180; ORB_inliers=177; ORB_inlier_ratio=0.9833,HIGH_CONFIDENCE_NEAR_DUPLICATE
Non-Venomous/Common Rat Snake/1463253_178992368962946_371907696_n.jpg,Common Rat Snake,Non-Venomous,train/Non_Venomous_Snake/1463253_178992368962946_371907696_n.jpg,Non_Venomous_Snake,TRAIN,0,0,HIGH_CONFIDENCE_NEAR_DUPLICATE,0,0.360417,0.998034,0.996711,0.998833,11,10,0.909091,POSSIBLE_NEAR_DUPLICATE,pHash=0; dHash=0; aHash=0; aspect_delta=0.3604; pixel_corr=0.9980; SSIM=0.9967; hist_corr=0.9988; ORB_good=11; ORB_inliers=10; ORB_inlier_ratio=0.9091,POSSIBLE_NEAR_DUPLICATE
Non-Venomous/Common Rat Snake/15443305748_4134d9051d.jpg,Common Rat Snake,Non-Venomous,train/Non_Venomous_Snake/15443305748_4134d9051d.jpg,Non_Venomous_Snake,TRAIN,0,0,HIGH_CONFIDENCE_NEAR_DUPLICATE,0,0.334,0.999647,0.998255,0.99944,56,54,0.964286,CONFIRMED_NEAR_DUPLICATE,pHash=0; dHash=0; aHash=0; aspect_delta=0.3340; pixel_corr=0.9996; SSIM=0.9983; hist_corr=0.9994; ORB_good=56; ORB_inliers=54; ORB_inlier_ratio=0.9643,HIGH_CONFIDENCE_NEAR_DUPLICATE
Non-Venomous/Common Rat Snake/16668569-Close-up-of-Indo-Chinese-Rat-snake-Thailand--Stock-Photo.jpg,Common Rat Snake,Non-Venomous,test/Non_Venomous_Snake/16668569-Close-up-of-Indo-Chinese-Rat-snake-Thailand--Stock-Photo.jpg,Non_Venomous_Snake,TEST,0,0,HIGH_CONFIDENCE_NEAR_DUPLICATE,0,0.337692,0.999721,0.997364,0.998777,17,13,0.764706,LIKELY_NEAR_DUPLICATE,pHash=0; dHash=0; aHash=0; aspect_delta=0.3377; pixel_corr=0.9997; SSIM=0.9974; hist_corr=0.9988; ORB_good=17; ORB_inliers=13; ORB_inlier_ratio=0.7647,POSSIBLE_NEAR_DUPLICATE
Non-Venomous/Common Rat Snake/175a2372jpg-35eda8314988c49d.jpg,Common Rat Snake,Non-Venomous,test/Non_Venomous_Snake/175a2372jpg-35eda8314988c49d.jpg,Non_Venomous_Snake,TEST,0,0,HIGH_CONFIDENCE_NEAR_DUPLICATE,0,0.055469,0.999572,0.997825,0.998512,93,88,0.946237,CONFIRMED_NEAR_DUPLICATE,pHash=0; dHash=0; aHash=0; aspect_delta=0.0555; pixel_corr=0.9996; SSIM=0.9978; hist_corr=0.9985; ORB_good=93; ORB_inliers=88; ORB_inlier_ratio=0.9462,HIGH_CONFIDENCE_NEAR_DUPLICATE
Non-Venomous/Common Rat Snake/178737411_XS.jpg,Common Rat Snake,Non-Venomous,test/Non_Venomous_Snake/178737411_XS.jpg,Non_Venomous_Snake,TEST,0,0,HIGH_CONFIDENCE_NEAR_DUPLICATE,0,0.339062,0.999748,0.998664,0.999774,59,57,0.966102,CONFIRMED_NEAR_DUPLICATE,pHash=0; dHash=0; aHash=0; aspect_delta=0.3391; pixel_corr=0.9997; SSIM=0.9987; hist_corr=0.9998; ORB_good=59; ORB_inliers=57; ORB_inlier_ratio=0.9661,HIGH_CONFIDENCE_NEAR_DUPLICATE
Non-Venomous/Common Rat Snake/1YEL.jpg,Common Rat Snake,Non-Venomous,test/Non_Venomous_Snake/1YEL.jpg,Non_Venomous_Snake,TEST,0,2,HIGH_CONFIDENCE_NEAR_DUPLICATE,0,0.249117,0.999066,0.997585,0.999747,166,137,0.825301,CONFIRMED_NEAR_DUPLICATE,pHash=0; dHash=2; aHash=0; aspect_delta=0.2491; pixel_corr=0.9991; SSIM=0.9976; hist_corr=0.9997; ORB_good=166; ORB_inliers=137; ORB_inlier_ratio=0.8253,HIGH_CONFIDENCE_NEAR_DUPLICATE
Non-Venomous/Common Rat Snake/200907260821-radnor-lake-gray-rat-snake-500.jpg,Common Rat Snake,Non-Venomous,train/Non_Venomous_Snake/200907260821-radnor-lake-gray-rat-snake-500.jpg,Non_Venomous_Snake,TRAIN,0,0,HIGH_CONFIDENCE_NEAR_DUPLICATE,0,0.456522,0.999384,0.997241,0.999031,12,9,0.75,POSSIBLE_NEAR_DUPLICATE,pHash=0; dHash=0; aHash=0; aspect_delta=0.4565; pixel_corr=0.9994; SSIM=0.9972; hist_corr=0.9990; ORB_good=12; ORB_inliers=9; ORB_inlier_ratio=0.7500,POSSIBLE_NEAR_DUPLICATE
Non-Venomous/Common Rat Snake/20929802866_00f8b18b33.jpg,Common Rat Snake,Non-Venomous,train/Non_Venomous_Snake/20929802866_00f8b18b33.jpg,Non_Venomous_Snake,TRAIN,0,0,HIGH_CONFIDENCE_NEAR_DUPLICATE,0,0.334,0.999048,0.997316,0.998029,35,32,0.914286,CONFIRMED_NEAR_DUPLICATE,pHash=0; dHash=0; aHash=0; aspect_delta=0.3340; pixel_corr=0.9990; SSIM=0.9973; hist_corr=0.9980; ORB_good=35; ORB_inliers=32; ORB_inlier_ratio=0.9143,HIGH_CONFIDENCE_NEAR_DUPLICATE
Non-Venomous/Common Rat Snake/220px-Rat_Snake.JPG,Common Rat Snake,Non-Venomous,validation/Non_Venomous_Snake/220px-Rat_Snake.JPG,Non_Venomous_Snake,VALIDATION,2,0,HIGH_CONFIDENCE_NEAR_DUPLICATE,1,0.331818,0.998862,0.996947,0.999966,14,11,0.785714,POSSIBLE_NEAR_DUPLICATE,pHash=2; dHash=0; aHash=1; aspect_delta=0.3318; pixel_corr=0.9989; SSIM=0.9969; hist_corr=1.0000; ORB_good=14; ORB_inliers=11; ORB_inlier_ratio=0.7857,POSSIBLE_NEAR_DUPLICATE
Non-Venomous/Common Rat Snake/22988615802_7b2d139387_b.jpg,Common Rat Snake,Non-Venomous,train/Non_Venomous_Snake/22988615802_7b2d139387_b.jpg,Non_Venomous_Snake,TRAIN,0,0,HIGH_CONFIDENCE_NEAR_DUPLICATE,1,0.392578,0.999092,0.995777,0.995264,20,16,0.8,CONFIRMED_NEAR_DUPLICATE,pHash=0; dHash=0; aHash=1; aspect_delta=0.3926; pixel_corr=0.9991; SSIM=0.9958; hist_corr=0.9953; ORB_good=20; ORB_inliers=16; ORB_inlier_ratio=0.8000,HIGH_CONFIDENCE_NEAR_DUPLICATE
Non-Venomous/Common Rat Snake/22cdfe6495d034308305a00eeee78be8.jpg,Common Rat Snake,Non-Venomous,test/Non_Venomous_Snake/22cdfe6495d034308305a00eeee78be8.jpg,Non_Venomous_Snake,TEST,0,0,HIGH_CONFIDENCE_NEAR_DUPLICATE,0,0.192771,0.999554,0.998292,0.997334,217,209,0.963134,CONFIRMED_NEAR_DUPLICATE,pHash=0; dHash=0; aHash=0; aspect_delta=0.1928; pixel_corr=0.9996; SSIM=0.9983; hist_corr=0.9973; ORB_good=217; ORB_inliers=209; ORB_inlier_ratio=0.9631,HIGH_CONFIDENCE_NEAR_DUPLICATE
Non-Venomous/Common Rat Snake/23acc8022303e373f72893f094dcd22f--snake-photos-corn-snake.jpg,Common Rat Snake,Non-Venomous,test/Non_Venomous_Snake/23acc8022303e373f72893f094dcd22f--snake-photos-corn-snake.jpg,Non_Venomous_Snake,TEST,0,0,HIGH_CONFIDENCE_NEAR_DUPLICATE,0,0.14,0.9998,0.998193,0.999713,314,312,0.993631,CONFIRMED_NEAR_DUPLICATE,pHash=0; dHash=0; aHash=0; aspect_delta=0.1400; pixel_corr=0.9998; SSIM=0.9982; hist_corr=0.9997; ORB_good=314; ORB_inliers=312; ORB_inlier_ratio=0.9936,HIGH_CONFIDENCE_NEAR_DUPLICATE
Non-Venomous/Common Rat Snake/25563616774_184364c614.jpg,Common Rat Snake,Non-Venomous,train/Non_Venomous_Snake/25563616774_184364c614.jpg,Non_Venomous_Snake,TRAIN,0,0,HIGH_CONFIDENCE_NEAR_DUPLICATE,0,0.334,0.999601,0.998855,0.996793,71,63,0.887324,CONFIRMED_NEAR_DUPLICATE,pHash=0; dHash=0; aHash=0; aspect_delta=0.3340; pixel_corr=0.9996; SSIM=0.9989; hist_corr=0.9968; ORB_good=71; ORB_inliers=63; ORB_inlier_ratio=0.8873,HIGH_CONFIDENCE_NEAR_DUPLICATE
Non-Venomous/Common Rat Snake/2953885821_2921103913.jpg,Common Rat Snake,Non-Venomous,test/Non_Venomous_Snake/2953885821_2921103913.jpg,Non_Venomous_Snake,TEST,0,0,HIGH_CONFIDENCE_NEAR_DUPLICATE,0,0.17,0.99984,0.996597,0.9998,242,238,0.983471,CONFIRMED_NEAR_DUPLICATE,pHash=0; dHash=0; aHash=0; aspect_delta=0.1700; pixel_corr=0.9998; SSIM=0.9966; hist_corr=0.9998; ORB_good=242; ORB_inliers=238; ORB_inlier_ratio=0.9835,HIGH_CONFIDENCE_NEAR_DUPLICATE
Non-Venomous/Common Rat Snake/2973845429_d9d5ce06a3_b.jpg,Common Rat Snake,Non-Venomous,train/Non_Venomous_Snake/2973845429_d9d5ce06a3_b.jpg,Non_Venomous_Snake,TRAIN,0,0,HIGH_CONFIDENCE_NEAR_DUPLICATE,0,0.426758,0.999797,0.998755,0.997744,16,15,0.9375,LIKELY_NEAR_DUPLICATE,pHash=0; dHash=0; aHash=0; aspect_delta=0.4268; pixel_corr=0.9998; SSIM=0.9988; hist_corr=0.9977; ORB_good=16; ORB_inliers=15; ORB_inlier_ratio=0.9375,POSSIBLE_NEAR_DUPLICATE
Non-Venomous/Common Rat Snake/2e98fb26a3748cf7be50b02d89c91836.jpg,Common Rat Snake,Non-Venomous,validation/Non_Venomous_Snake/2e98fb26a3748cf7be50b02d89c91836.jpg,Non_Venomous_Snake,VALIDATION,0,0,HIGH_CONFIDENCE_NEAR_DUPLICATE,0,0.25,0.999818,0.998571,0.999816,193,178,0.92228,CONFIRMED_NEAR_DUPLICATE,pHash=0; dHash=0; aHash=0; aspect_delta=0.2500; pixel_corr=0.9998; SSIM=0.9986; hist_corr=0.9998; ORB_good=193; ORB_inliers=178; ORB_inlier_ratio=0.9223,HIGH_CONFIDENCE_NEAR_DUPLICATE
Non-Venomous/Common Rat Snake/33326151560_f9888f9e35_b.jpg,Common Rat Snake,Non-Venomous,train/Non_Venomous_Snake/33326151560_f9888f9e35_b.jpg,Non_Venomous_Snake,TRAIN,0,0,HIGH_CONFIDENCE_NEAR_DUPLICATE,0,0.476562,0.999358,0.998422,0.996849,2,0,0.0,POSSIBLE_NEAR_DUPLICATE,pHash=0; dHash=0; aHash=0; aspect_delta=0.4766; pixel_corr=0.9994; SSIM=0.9984; hist_corr=0.9968; ORB_good=2; ORB_inliers=0; ORB_inlier_ratio=0.0000,POSSIBLE_NEAR_DUPLICATE
Non-Venomous/Common Rat Snake/38AC2D51-1DD8-B71C-077A00C10D49AA3C-large.JPG,Common Rat Snake,Non-Venomous,test/Non_Venomous_Snake/38AC2D51-1DD8-B71C-077A00C10D49AA3C-large.JPG,Non_Venomous_Snake,TEST,0,0,HIGH_CONFIDENCE_NEAR_DUPLICATE,0,0.25,0.999555,0.998128,0.999672,136,131,0.963235,CONFIRMED_NEAR_DUPLICATE,pHash=0; dHash=0; aHash=0; aspect_delta=0.2500; pixel_corr=0.9996; SSIM=0.9981; hist_corr=0.9997; ORB_good=136; ORB_inliers=131; ORB_inlier_ratio=0.9632,HIGH_CONFIDENCE_NEAR_DUPLICATE
Non-Venomous/Common Rat Snake/4108235465_d0b32976cc_b.jpg,Common Rat Snake,Non-Venomous,test/Non_Venomous_Snake/4108235465_d0b32976cc_b.jpg,Non_Venomous_Snake,TEST,0,0,HIGH_CONFIDENCE_NEAR_DUPLICATE,0,0.25,0.999517,0.995876,0.999561,80,76,0.95,CONFIRMED_NEAR_DUPLICATE,pHash=0; dHash=0; aHash=0; aspect_delta=0.2500; pixel_corr=0.9995; SSIM=0.9959; hist_corr=0.9996; ORB_good=80; ORB_inliers=76; ORB_inlier_ratio=0.9500,HIGH_CONFIDENCE_NEAR_DUPLICATE
Non-Venomous/Common Rat Snake/464685_469785913108783_1755378000_o.jpg,Common Rat Snake,Non-Venomous,test/Non_Venomous_Snake/464685_469785913108783_1755378000_o.jpg,Non_Venomous_Snake,TEST,0,0,HIGH_CONFIDENCE_NEAR_DUPLICATE,0,0.484,0.999747,0.998828,0.99927,9,5,0.555556,POSSIBLE_NEAR_DUPLICATE,pHash=0; dHash=0; aHash=0; aspect_delta=0.4840; pixel_corr=0.9997; SSIM=0.9988; hist_corr=0.9993; ORB_good=9; ORB_inliers=5; ORB_inlier_ratio=0.5556,POSSIBLE_NEAR_DUPLICATE
Non-Venomous/Common Rat Snake/5078041194_1f8a6af122_b.jpg,Common Rat Snake,Non-Venomous,test/Non_Venomous_Snake/5078041194_1f8a6af122_b.jpg,Non_Venomous_Snake,TEST,0,0,HIGH_CONFIDENCE_NEAR_DUPLICATE,0,0.361328,0.99944,0.997697,0.998039,22,17,0.772727,CONFIRMED_NEAR_DUPLICATE,pHash=0; dHash=0; aHash=0; aspect_delta=0.3613; pixel_corr=0.9994; SSIM=0.9977; hist_corr=0.9980; ORB_good=22; ORB_inliers=17; ORB_inlier_ratio=0.7727,HIGH_CONFIDENCE_NEAR_DUPLICATE
Non-Venomous/Common Rat Snake/5c3dd3dc91c4283c73c5992e0a62b28f.jpg,Common Rat Snake,Non-Venomous,test/Non_Venomous_Snake/5c3dd3dc91c4283c73c5992e0a62b28f.jpg,Non_Venomous_Snake,TEST,0,0,HIGH_CONFIDENCE_NEAR_DUPLICATE,0,0.25,0.999706,0.997742,0.997489,65,64,0.984615,CONFIRMED_NEAR_DUPLICATE,pHash=0; dHash=0; aHash=0; aspect_delta=0.2500; pixel_corr=0.9997; SSIM=0.9977; hist_corr=0.9975; ORB_good=65; ORB_inliers=64; ORB_inlier_ratio=0.9846,HIGH_CONFIDENCE_NEAR_DUPLICATE
Non-Venomous/Common Rat Snake/6003828805_550b0fbd1a_b.jpg,Common Rat Snake,Non-Venomous,train/Non_Venomous_Snake/6003828805_550b0fbd1a_b.jpg,Non_Venomous_Snake,TRAIN,0,0,HIGH_CONFIDENCE_NEAR_DUPLICATE,0,0.358398,0.9998,0.997788,0.998985,40,37,0.925,CONFIRMED_NEAR_DUPLICATE,pHash=0; dHash=0; aHash=0; aspect_delta=0.3584; pixel_corr=0.9998; SSIM=0.9978; hist_corr=0.9990; ORB_good=40; ORB_inliers=37; ORB_inlier_ratio=0.9250,HIGH_CONFIDENCE_NEAR_DUPLICATE
Non-Venomous/Common Rat Snake/6004373992_e68bbf6a83_b.jpg,Common Rat Snake,Non-Venomous,validation/Non_Venomous_Snake/6004373992_e68bbf6a83_b.jpg,Non_Venomous_Snake,VALIDATION,0,0,HIGH_CONFIDENCE_NEAR_DUPLICATE,0,0.333008,0.999728,0.998314,0.998009,24,21,0.875,CONFIRMED_NEAR_DUPLICATE,pHash=0; dHash=0; aHash=0; aspect_delta=0.3330; pixel_corr=0.9997; SSIM=0.9983; hist_corr=0.9980; ORB_good=24; ORB_inliers=21; ORB_inlier_ratio=0.8750,HIGH_CONFIDENCE_NEAR_DUPLICATE
Non-Venomous/Common Rat Snake/6010585911_bb89b7d3b4_b.jpg,Common Rat Snake,Non-Venomous,train/Non_Venomous_Snake/6010585911_bb89b7d3b4_b.jpg,Non_Venomous_Snake,TRAIN,0,0,HIGH_CONFIDENCE_NEAR_DUPLICATE,0,0.232422,0.998932,0.997071,0.992271,90,86,0.955556,CONFIRMED_NEAR_DUPLICATE,pHash=0; dHash=0; aHash=0; aspect_delta=0.2324; pixel_corr=0.9989; SSIM=0.9971; hist_corr=0.9923; ORB_good=90; ORB_inliers=86; ORB_inlier_ratio=0.9556,HIGH_CONFIDENCE_NEAR_DUPLICATE
Non-Venomous/Common Rat Snake/62b8a1.jpg,Common Rat Snake,Non-Venomous,test/Non_Venomous_Snake/62b8a1.jpg,Non_Venomous_Snake,TEST,0,0,HIGH_CONFIDENCE_NEAR_DUPLICATE,0,0.143979,0.999654,0.998379,0.999649,297,291,0.979798,CONFIRMED_NEAR_DUPLICATE,pHash=0; dHash=0; aHash=0; aspect_delta=0.1440; pixel_corr=0.9997; SSIM=0.9984; hist_corr=0.9996; ORB_good=297; ORB_inliers=291; ORB_inlier_ratio=0.9798,HIGH_CONFIDENCE_NEAR_DUPLICATE
Non-Venomous/Common Rat Snake/7053016215_6bd318e3ff_b.jpg,Common Rat Snake,Non-Venomous,train/Non_Venomous_Snake/7053016215_6bd318e3ff_b.jpg,Non_Venomous_Snake,TRAIN,0,0,HIGH_CONFIDENCE_NEAR_DUPLICATE,0,0.331055,0.999562,0.998413,0.999153,27,25,0.925926,CONFIRMED_NEAR_DUPLICATE,pHash=0; dHash=0; aHash=0; aspect_delta=0.3311; pixel_corr=0.9996; SSIM=0.9984; hist_corr=0.9992; ORB_good=27; ORB_inliers=25; ORB_inlier_ratio=0.9259,HIGH_CONFIDENCE_NEAR_DUPLICATE
Non-Venomous/Common Rat Snake/7801682640_00b2183a0a_b-bernard-dupont.jpg,Common Rat Snake,Non-Venomous,train/Non_Venomous_Snake/7801682640_00b2183a0a_b-bernard-dupont.jpg,Non_Venomous_Snake,TRAIN,0,0,HIGH_CONFIDENCE_NEAR_DUPLICATE,0,0.248,0.999559,0.996783,0.998823,99,90,0.909091,CONFIRMED_NEAR_DUPLICATE,pHash=0; dHash=0; aHash=0; aspect_delta=0.2480; pixel_corr=0.9996; SSIM=0.9968; hist_corr=0.9988; ORB_good=99; ORB_inliers=90; ORB_inlier_ratio=0.9091,HIGH_CONFIDENCE_NEAR_DUPLICATE
Non-Venomous/Common Rat Snake/800px-Common_Rat_Snake_(Ptyas_mucosa)_水律5.jpg,Common Rat Snake,Non-Venomous,test/Non_Venomous_Snake/800px-Common_Rat_Snake_(Ptyas_mucosa)_µ░┤σ╛ï5.jpg,Non_Venomous_Snake,TEST,0,0,HIGH_CONFIDENCE_NEAR_DUPLICATE,0,0.3325,0.999511,0.99801,0.999137,60,60,1.0,CONFIRMED_NEAR_DUPLICATE,pHash=0; dHash=0; aHash=0; aspect_delta=0.3325; pixel_corr=0.9995; SSIM=0.9980; hist_corr=0.9991; ORB_good=60; ORB_inliers=60; ORB_inlier_ratio=1.0000,HIGH_CONFIDENCE_NEAR_DUPLICATE
Non-Venomous/Common Rat Snake/83612cc4c22f4694c89577510d3c9bdf.jpg,Common Rat Snake,Non-Venomous,test/Non_Venomous_Snake/83612cc4c22f4694c89577510d3c9bdf.jpg,Non_Venomous_Snake,TEST,0,0,HIGH_CONFIDENCE_NEAR_DUPLICATE,0,0.246154,0.999749,0.995109,0.999438,158,151,0.955696,CONFIRMED_NEAR_DUPLICATE,pHash=0; dHash=0; aHash=0; aspect_delta=0.2462; pixel_corr=0.9997; SSIM=0.9951; hist_corr=0.9994; ORB_good=158; ORB_inliers=151; ORB_inlier_ratio=0.9557,HIGH_CONFIDENCE_NEAR_DUPLICATE
Non-Venomous/Common Rat Snake/87679859_XS.jpg,Common Rat Snake,Non-Venomous,train/Non_Venomous_Snake/87679859_XS.jpg,Non_Venomous_Snake,TRAIN,0,0,HIGH_CONFIDENCE_NEAR_DUPLICATE,0,0.3325,0.999857,0.998304,0.999344,65,57,0.876923,CONFIRMED_NEAR_DUPLICATE,pHash=0; dHash=0; aHash=0; aspect_delta=0.3325; pixel_corr=0.9999; SSIM=0.9983; hist_corr=0.9993; ORB_good=65; ORB_inliers=57; ORB_inlier_ratio=0.8769,HIGH_CONFIDENCE_NEAR_DUPLICATE
Non-Venomous/Common Rat Snake/9862346-Close-up-of-Common-Rat-Snake-Thailand--Stock-Photo-snake.jpg,Common Rat Snake,Non-Venomous,test/Non_Venomous_Snake/9862346-Close-up-of-Common-Rat-Snake-Thailand--Stock-Photo-snake.jpg,Non_Venomous_Snake,TEST,2,0,HIGH_CONFIDENCE_NEAR_DUPLICATE,0,0.336154,0.999904,0.996758,0.999705,26,26,1.0,CONFIRMED_NEAR_DUPLICATE,pHash=2; dHash=0; aHash=0; aspect_delta=0.3362; pixel_corr=0.9999; SSIM=0.9968; hist_corr=0.9997; ORB_good=26; ORB_inliers=26; ORB_inlier_ratio=1.0000,HIGH_CONFIDENCE_NEAR_DUPLICATE
Non-Venomous/Common Rat Snake/9geraniyade.jpg,Common Rat Snake,Non-Venomous,test/Non_Venomous_Snake/9geraniyade.jpg,Non_Venomous_Snake,TEST,0,0,HIGH_CONFIDENCE_NEAR_DUPLICATE,0,0.294872,0.999746,0.998603,0.998601,111,106,0.954955,CONFIRMED_NEAR_DUPLICATE,pHash=0; dHash=0; aHash=0; aspect_delta=0.2949; pixel_corr=0.9997; SSIM=0.9986; hist_corr=0.9986; ORB_good=111; ORB_inliers=106; ORB_inlier_ratio=0.9550,HIGH_CONFIDENCE_NEAR_DUPLICATE
Non-Venomous/Common Rat Snake/AB083_Ptyas_mucosos.JPG,Common Rat Snake,Non-Venomous,train/Non_Venomous_Snake/AB083_Ptyas_mucosos.JPG,Non_Venomous_Snake,TRAIN,0,0,HIGH_CONFIDENCE_NEAR_DUPLICATE,0,0.207407,0.999849,0.997699,0.999804,203,197,0.970443,CONFIRMED_NEAR_DUPLICATE,pHash=0; dHash=0; aHash=0; aspect_delta=0.2074; pixel_corr=0.9998; SSIM=0.9977; hist_corr=0.9998; ORB_good=203; ORB_inliers=197; ORB_inlier_ratio=0.9704,HIGH_CONFIDENCE_NEAR_DUPLICATE
Non-Venomous/Common Rat Snake/AesculapianSnake30C_JasonSteel_950.jpg,Common Rat Snake,Non-Venomous,validation/Non_Venomous_Snake/AesculapianSnake30C_JasonSteel_950.jpg,Non_Venomous_Snake,VALIDATION,0,0,HIGH_CONFIDENCE_NEAR_DUPLICATE,0,0.331579,0.998769,0.996695,0.997365,39,36,0.923077,CONFIRMED_NEAR_DUPLICATE,pHash=0; dHash=0; aHash=0; aspect_delta=0.3316; pixel_corr=0.9988; SSIM=0.9967; hist_corr=0.9974; ORB_good=39; ORB_inliers=36; ORB_inlier_ratio=0.9231,HIGH_CONFIDENCE_NEAR_DUPLICATE
Non-Venomous/Common Rat Snake/artmax_267.jpg,Common Rat Snake,Non-Venomous,train/Non_Venomous_Snake/artmax_267.jpg,Non_Venomous_Snake,TRAIN,0,1,HIGH_CONFIDENCE_NEAR_DUPLICATE,0,0.330841,0.99982,0.997881,0.999784,79,73,0.924051,CONFIRMED_NEAR_DUPLICATE,pHash=0; dHash=1; aHash=0; aspect_delta=0.3308; pixel_corr=0.9998; SSIM=0.9979; hist_corr=0.9998; ORB_good=79; ORB_inliers=73; ORB_inlier_ratio=0.9241,HIGH_CONFIDENCE_NEAR_DUPLICATE
Non-Venomous/Common Rat Snake/Black Rat  Adult.jpg,Common Rat Snake,Non-Venomous,train/Non_Venomous_Snake/Black Rat  Adult.jpg,Non_Venomous_Snake,TRAIN,0,0,HIGH_CONFIDENCE_NEAR_DUPLICATE,0,0.31,0.999719,0.998788,0.999859,82,79,0.963415,CONFIRMED_NEAR_DUPLICATE,pHash=0; dHash=0; aHash=0; aspect_delta=0.3100; pixel_corr=0.9997; SSIM=0.9988; hist_corr=0.9999; ORB_good=82; ORB_inliers=79; ORB_inlier_ratio=0.9634,HIGH_CONFIDENCE_NEAR_DUPLICATE
Non-Venomous/Common Rat Snake/black ratsnake 1.jpg,Common Rat Snake,Non-Venomous,train/Non_Venomous_Snake/black ratsnake 1.jpg,Non_Venomous_Snake,TRAIN,0,0,HIGH_CONFIDENCE_NEAR_DUPLICATE,0,0.25,0.998371,0.994214,0.998666,136,134,0.985294,CONFIRMED_NEAR_DUPLICATE,pHash=0; dHash=0; aHash=0; aspect_delta=0.2500; pixel_corr=0.9984; SSIM=0.9942; hist_corr=0.9987; ORB_good=136; ORB_inliers=134; ORB_inlier_ratio=0.9853,HIGH_CONFIDENCE_NEAR_DUPLICATE
Non-Venomous/Common Rat Snake/black-rat-snake.jpg,Common Rat Snake,Non-Venomous,validation/Non_Venomous_Snake/black-rat-snake.jpg,Non_Venomous_Snake,VALIDATION,0,0,HIGH_CONFIDENCE_NEAR_DUPLICATE,0,0.38375,0.999483,0.996328,0.999876,26,25,0.961538,CONFIRMED_NEAR_DUPLICATE,pHash=0; dHash=0; aHash=0; aspect_delta=0.3837; pixel_corr=0.9995; SSIM=0.9963; hist_corr=0.9999; ORB_good=26; ORB_inliers=25; ORB_inlier_ratio=0.9615,HIGH_CONFIDENCE_NEAR_DUPLICATE
Non-Venomous/Common Rat Snake/Black-Ratsnake-300x214.jpg,Common Rat Snake,Non-Venomous,train/Non_Venomous_Snake/Black-Ratsnake-300x214.jpg,Non_Venomous_Snake,TRAIN,0,0,HIGH_CONFIDENCE_NEAR_DUPLICATE,0,0.286667,0.999558,0.998007,0.999074,68,52,0.764706,CONFIRMED_NEAR_DUPLICATE,pHash=0; dHash=0; aHash=0; aspect_delta=0.2867; pixel_corr=0.9996; SSIM=0.9980; hist_corr=0.9991; ORB_good=68; ORB_inliers=52; ORB_inlier_ratio=0.7647,HIGH_CONFIDENCE_NEAR_DUPLICATE
Non-Venomous/Common Rat Snake/Black_Rat_Snake-.JPG,Common Rat Snake,Non-Venomous,train/Non_Venomous_Snake/Black_Rat_Snake-.JPG,Non_Venomous_Snake,TRAIN,0,0,HIGH_CONFIDENCE_NEAR_DUPLICATE,0,0.25,0.999388,0.996906,0.999175,91,80,0.879121,CONFIRMED_NEAR_DUPLICATE,pHash=0; dHash=0; aHash=0; aspect_delta=0.2500; pixel_corr=0.9994; SSIM=0.9969; hist_corr=0.9992; ORB_good=91; ORB_inliers=80; ORB_inlier_ratio=0.8791,HIGH_CONFIDENCE_NEAR_DUPLICATE
"Non-Venomous/Common Rat Snake/Black_Rat_Snake_-_Elaphe_obsoleta_obsoleta,_Merrimac_Farm_Wildlife_Management_Area,_Virginia.jpg",Common Rat Snake,Non-Venomous,"train/Non_Venomous_Snake/Black_Rat_Snake_-_Elaphe_obsoleta_obsoleta,_Merrimac_Farm_Wildlife_Management_Area,_Virginia.jpg",Non_Venomous_Snake,TRAIN,0,0,HIGH_CONFIDENCE_NEAR_DUPLICATE,0,0.333333,0.9996,0.998367,0.998012,24,20,0.833333,CONFIRMED_NEAR_DUPLICATE,pHash=0; dHash=0; aHash=0; aspect_delta=0.3333; pixel_corr=0.9996; SSIM=0.9984; hist_corr=0.9980; ORB_good=24; ORB_inliers=20; ORB_inlier_ratio=0.8333,HIGH_CONFIDENCE_NEAR_DUPLICATE
Non-Venomous/Common Rat Snake/Black_Rat_Snake_001.jpg,Common Rat Snake,Non-Venomous,validation/Non_Venomous_Snake/Black_Rat_Snake_001.jpg,Non_Venomous_Snake,VALIDATION,0,0,HIGH_CONFIDENCE_NEAR_DUPLICATE,0,0.335341,0.999761,0.997904,0.996845,31,28,0.903226,CONFIRMED_NEAR_DUPLICATE,pHash=0; dHash=0; aHash=0; aspect_delta=0.3353; pixel_corr=0.9998; SSIM=0.9979; hist_corr=0.9968; ORB_good=31; ORB_inliers=28; ORB_inlier_ratio=0.9032,HIGH_CONFIDENCE_NEAR_DUPLICATE
Non-Venomous/Common Rat Snake/black_rat_snake_101499_7.jpg,Common Rat Snake,Non-Venomous,train/Non_Venomous_Snake/black_rat_snake_101499_7.jpg,Non_Venomous_Snake,TRAIN,0,0,HIGH_CONFIDENCE_NEAR_DUPLICATE,0,0.323333,0.999702,0.997769,0.998918,57,50,0.877193,CONFIRMED_NEAR_DUPLICATE,pHash=0; dHash=0; aHash=0; aspect_delta=0.3233; pixel_corr=0.9997; SSIM=0.9978; hist_corr=0.9989; ORB_good=57; ORB_inliers=50; ORB_inlier_ratio=0.8772,HIGH_CONFIDENCE_NEAR_DUPLICATE
Non-Venomous/Common Rat Snake/black_rat_snake_6140.jpg,Common Rat Snake,Non-Venomous,train/Non_Venomous_Snake/black_rat_snake_6140.jpg,Non_Venomous_Snake,TRAIN,0,1,HIGH_CONFIDENCE_NEAR_DUPLICATE,0,0.334,0.998687,0.997149,0.999106,63,57,0.904762,CONFIRMED_NEAR_DUPLICATE,pHash=0; dHash=1; aHash=0; aspect_delta=0.3340; pixel_corr=0.9987; SSIM=0.9971; hist_corr=0.9991; ORB_good=63; ORB_inliers=57; ORB_inlier_ratio=0.9048,HIGH_CONFIDENCE_NEAR_DUPLICATE
Non-Venomous/Common Rat Snake/Black_Rat_Snake_page_image.jpg,Common Rat Snake,Non-Venomous,train/Non_Venomous_Snake/Black_Rat_Snake_page_image.jpg,Non_Venomous_Snake,TRAIN,0,0,HIGH_CONFIDENCE_NEAR_DUPLICATE,0,0.4,0.999889,0.997611,0.999872,49,34,0.693878,CONFIRMED_NEAR_DUPLICATE,pHash=0; dHash=0; aHash=0; aspect_delta=0.4000; pixel_corr=0.9999; SSIM=0.9976; hist_corr=0.9999; ORB_good=49; ORB_inliers=34; ORB_inlier_ratio=0.6939,HIGH_CONFIDENCE_NEAR_DUPLICATE
Non-Venomous/Common Rat Snake/blackrat.jpg,Common Rat Snake,Non-Venomous,train/Non_Venomous_Snake/blackrat.jpg,Non_Venomous_Snake,TRAIN,2,0,HIGH_CONFIDENCE_NEAR_DUPLICATE,0,0.287671,0.999663,0.998918,0.996971,113,108,0.955752,CONFIRMED_NEAR_DUPLICATE,pHash=2; dHash=0; aHash=0; aspect_delta=0.2877; pixel_corr=0.9997; SSIM=0.9989; hist_corr=0.9970; ORB_good=113; ORB_inliers=108; ORB_inlier_ratio=0.9558,HIGH_CONFIDENCE_NEAR_DUPLICATE
Non-Venomous/Common Rat Snake/blackrat40.jpg,Common Rat Snake,Non-Venomous,train/Non_Venomous_Snake/blackrat40.jpg,Non_Venomous_Snake,TRAIN,0,0,HIGH_CONFIDENCE_NEAR_DUPLICATE,0,0.25,0.999644,0.996712,0.999179,42,42,1.0,CONFIRMED_NEAR_DUPLICATE,pHash=0; dHash=0; aHash=0; aspect_delta=0.2500; pixel_corr=0.9996; SSIM=0.9967; hist_corr=0.9992; ORB_good=42; ORB_inliers=42; ORB_inlier_ratio=1.0000,HIGH_CONFIDENCE_NEAR_DUPLICATE
Non-Venomous/Common Rat Snake/blackRatSnake-300x225.jpg,Common Rat Snake,Non-Venomous,validation/Non_Venomous_Snake/blackRatSnake-300x225.jpg,Non_Venomous_Snake,VALIDATION,0,0,HIGH_CONFIDENCE_NEAR_DUPLICATE,0,0.25,0.999726,0.997864,0.999847,133,123,0.924812,CONFIRMED_NEAR_DUPLICATE,pHash=0; dHash=0; aHash=0; aspect_delta=0.2500; pixel_corr=0.9997; SSIM=0.9979; hist_corr=0.9998; ORB_good=133; ORB_inliers=123; ORB_inlier_ratio=0.9248,HIGH_CONFIDENCE_NEAR_DUPLICATE
Non-Venomous/Common Rat Snake/blackratsnake.jpg,Common Rat Snake,Non-Venomous,train/Non_Venomous_Snake/blackratsnake.jpg,Non_Venomous_Snake,TRAIN,0,1,HIGH_CONFIDENCE_NEAR_DUPLICATE,0,0.313456,0.99971,0.997574,0.999664,71,69,0.971831,CONFIRMED_NEAR_DUPLICATE,pHash=0; dHash=1; aHash=0; aspect_delta=0.3135; pixel_corr=0.9997; SSIM=0.9976; hist_corr=0.9997; ORB_good=71; ORB_inliers=69; ORB_inlier_ratio=0.9718,HIGH_CONFIDENCE_NEAR_DUPLICATE
Non-Venomous/Common Rat Snake/blackratsnake080529-4397facez.jpg,Common Rat Snake,Non-Venomous,train/Non_Venomous_Snake/blackratsnake080529-4397facez.jpg,Non_Venomous_Snake,TRAIN,0,0,HIGH_CONFIDENCE_NEAR_DUPLICATE,0,0.332857,0.999642,0.998189,0.999636,55,51,0.927273,CONFIRMED_NEAR_DUPLICATE,pHash=0; dHash=0; aHash=0; aspect_delta=0.3329; pixel_corr=0.9996; SSIM=0.9982; hist_corr=0.9996; ORB_good=55; ORB_inliers=51; ORB_inlier_ratio=0.9273,HIGH_CONFIDENCE_NEAR_DUPLICATE
Non-Venomous/Common Rat Snake/blackratsnake2.jpg,Common Rat Snake,Non-Venomous,train/Non_Venomous_Snake/blackratsnake2.jpg,Non_Venomous_Snake,TRAIN,0,0,HIGH_CONFIDENCE_NEAR_DUPLICATE,1,0.759615,0.99873,0.996404,0.999055,3,0,0.0,POSSIBLE_NEAR_DUPLICATE,pHash=0; dHash=0; aHash=1; aspect_delta=0.7596; pixel_corr=0.9987; SSIM=0.9964; hist_corr=0.9991; ORB_good=3; ORB_inliers=0; ORB_inlier_ratio=0.0000,POSSIBLE_NEAR_DUPLICATE
Non-Venomous/Common Rat Snake/blackratsnake_001.jpg,Common Rat Snake,Non-Venomous,validation/Non_Venomous_Snake/blackratsnake_001.jpg,Non_Venomous_Snake,VALIDATION,0,0,HIGH_CONFIDENCE_NEAR_DUPLICATE,0,0.228,0.999748,0.997671,0.999708,138,122,0.884058,CONFIRMED_NEAR_DUPLICATE,pHash=0; dHash=0; aHash=0; aspect_delta=0.2280; pixel_corr=0.9997; SSIM=0.9977; hist_corr=0.9997; ORB_good=138; ORB_inliers=122; ORB_inlier_ratio=0.8841,HIGH_CONFIDENCE_NEAR_DUPLICATE
Non-Venomous/Common Rat Snake/BlackRatSnake_353692_7.jpg,Common Rat Snake,Non-Venomous,train/Non_Venomous_Snake/BlackRatSnake_353692_7.jpg,Non_Venomous_Snake,TRAIN,2,0,HIGH_CONFIDENCE_NEAR_DUPLICATE,0,0.330556,0.999622,0.99776,0.99856,65,61,0.938462,CONFIRMED_NEAR_DUPLICATE,pHash=2; dHash=0; aHash=0; aspect_delta=0.3306; pixel_corr=0.9996; SSIM=0.9978; hist_corr=0.9986; ORB_good=65; ORB_inliers=61; ORB_inlier_ratio=0.9385,HIGH_CONFIDENCE_NEAR_DUPLICATE
Non-Venomous/Common Rat Snake/blackratwrinkle.jpg,Common Rat Snake,Non-Venomous,train/Non_Venomous_Snake/blackratwrinkle.jpg,Non_Venomous_Snake,TRAIN,0,1,HIGH_CONFIDENCE_NEAR_DUPLICATE,0,0.25,0.999024,0.993033,0.999326,40,38,0.95,CONFIRMED_NEAR_DUPLICATE,pHash=0; dHash=1; aHash=0; aspect_delta=0.2500; pixel_corr=0.9990; SSIM=0.9930; hist_corr=0.9993; ORB_good=40; ORB_inliers=38; ORB_inlier_ratio=0.9500,HIGH_CONFIDENCE_NEAR_DUPLICATE
Non-Venomous/Common Rat Snake/bluerat.jpg,Common Rat Snake,Non-Venomous,train/Non_Venomous_Snake/bluerat.jpg,Non_Venomous_Snake,TRAIN,0,0,HIGH_CONFIDENCE_NEAR_DUPLICATE,0,0.303125,0.999733,0.998404,0.99917,92,88,0.956522,CONFIRMED_NEAR_DUPLICATE,pHash=0; dHash=0; aHash=0; aspect_delta=0.3031; pixel_corr=0.9997; SSIM=0.9984; hist_corr=0.9992; ORB_good=92; ORB_inliers=88; ORB_inlier_ratio=0.9565,HIGH_CONFIDENCE_NEAR_DUPLICATE
Non-Venomous/Common Rat Snake/brnrat2.jpg,Common Rat Snake,Non-Venomous,train/Non_Venomous_Snake/brnrat2.jpg,Non_Venomous_Snake,TRAIN,0,0,HIGH_CONFIDENCE_NEAR_DUPLICATE,0,0.320339,0.999747,0.996751,0.999333,81,72,0.888889,CONFIRMED_NEAR_DUPLICATE,pHash=0; dHash=0; aHash=0; aspect_delta=0.3203; pixel_corr=0.9997; SSIM=0.9968; hist_corr=0.9993; ORB_good=81; ORB_inliers=72; ORB_inlier_ratio=0.8889,HIGH_CONFIDENCE_NEAR_DUPLICATE
Non-Venomous/Common Rat Snake/coluber-nigromarginatus-green-rat-snake-non-venomous-rarely-available-h9ere2.jpg,Common Rat Snake,Non-Venomous,train/Non_Venomous_Snake/coluber-nigromarginatus-green-rat-snake-non-venomous-rarely-available-h9ere2.jpg,Non_Venomous_Snake,TRAIN,2,0,HIGH_CONFIDENCE_NEAR_DUPLICATE,0,0.296875,0.999884,0.997217,0.999965,64,63,0.984375,CONFIRMED_NEAR_DUPLICATE,pHash=2; dHash=0; aHash=0; aspect_delta=0.2969; pixel_corr=0.9999; SSIM=0.9972; hist_corr=1.0000; ORB_good=64; ORB_inliers=63; ORB_inlier_ratio=0.9844,HIGH_CONFIDENCE_NEAR_DUPLICATE
Non-Venomous/Common Rat Snake/commom-rat-snake-ptyas-mucosa-non-venomous-common-B345KD.jpg,Common Rat Snake,Non-Venomous,train/Non_Venomous_Snake/commom-rat-snake-ptyas-mucosa-non-venomous-common-B345KD.jpg,Non_Venomous_Snake,TRAIN,0,0,HIGH_CONFIDENCE_NEAR_DUPLICATE,0,0.264615,0.99953,0.997723,0.999492,31,30,0.967742,CONFIRMED_NEAR_DUPLICATE,pHash=0; dHash=0; aHash=0; aspect_delta=0.2646; pixel_corr=0.9995; SSIM=0.9977; hist_corr=0.9995; ORB_good=31; ORB_inliers=30; ORB_inlier_ratio=0.9677,HIGH_CONFIDENCE_NEAR_DUPLICATE
Non-Venomous/Common Rat Snake/common-rat-snake-6-1024x682.jpg,Common Rat Snake,Non-Venomous,train/Non_Venomous_Snake/common-rat-snake-6-1024x682.jpg,Non_Venomous_Snake,TRAIN,0,1,HIGH_CONFIDENCE_NEAR_DUPLICATE,0,0.331143,0.999722,0.998053,0.999201,80,77,0.9625,CONFIRMED_NEAR_DUPLICATE,pHash=0; dHash=1; aHash=0; aspect_delta=0.3311; pixel_corr=0.9997; SSIM=0.9981; hist_corr=0.9992; ORB_good=80; ORB_inliers=77; ORB_inlier_ratio=0.9625,HIGH_CONFIDENCE_NEAR_DUPLICATE
Non-Venomous/Common Rat Snake/common-rat-snake-7929502.jpg,Common Rat Snake,Non-Venomous,train/Non_Venomous_Snake/common-rat-snake-7929502.jpg,Non_Venomous_Snake,TRAIN,0,0,HIGH_CONFIDENCE_NEAR_DUPLICATE,0,0.266923,0.999597,0.995835,0.998933,54,50,0.925926,CONFIRMED_NEAR_DUPLICATE,pHash=0; dHash=0; aHash=0; aspect_delta=0.2669; pixel_corr=0.9996; SSIM=0.9958; hist_corr=0.9989; ORB_good=54; ORB_inliers=50; ORB_inlier_ratio=0.9259,HIGH_CONFIDENCE_NEAR_DUPLICATE
Non-Venomous/Common Rat Snake/common-rat-snake-8294082.jpg,Common Rat Snake,Non-Venomous,train/Non_Venomous_Snake/common-rat-snake-8294082.jpg,Non_Venomous_Snake,TRAIN,0,0,HIGH_CONFIDENCE_NEAR_DUPLICATE,0,0.343077,0.999529,0.997041,0.998933,26,24,0.923077,CONFIRMED_NEAR_DUPLICATE,pHash=0; dHash=0; aHash=0; aspect_delta=0.3431; pixel_corr=0.9995; SSIM=0.9970; hist_corr=0.9989; ORB_good=26; ORB_inliers=24; ORB_inlier_ratio=0.9231,HIGH_CONFIDENCE_NEAR_DUPLICATE
Non-Venomous/Common Rat Snake/common-rat-snake-keoladeo-national-park-rajesthan-bharatpur-76368190.jpg,Common Rat Snake,Non-Venomous,train/Non_Venomous_Snake/common-rat-snake-keoladeo-national-park-rajesthan-bharatpur-76368190.jpg,Non_Venomous_Snake,TRAIN,0,1,HIGH_CONFIDENCE_NEAR_DUPLICATE,0,0.15,0.999886,0.998016,0.997286,75,74,0.986667,CONFIRMED_NEAR_DUPLICATE,pHash=0; dHash=1; aHash=0; aspect_delta=0.1500; pixel_corr=0.9999; SSIM=0.9980; hist_corr=0.9973; ORB_good=75; ORB_inliers=74; ORB_inlier_ratio=0.9867,HIGH_CONFIDENCE_NEAR_DUPLICATE
Non-Venomous/Common Rat Snake/Common-Ratsnake-Credit_Kevin-Messenger-e1494993731520.jpg,Common Rat Snake,Non-Venomous,train/Non_Venomous_Snake/Common-Ratsnake-Credit_Kevin-Messenger-e1494993731520.jpg,Non_Venomous_Snake,TRAIN,0,0,HIGH_CONFIDENCE_NEAR_DUPLICATE,0,0.333333,0.99963,0.998193,0.998433,53,45,0.849057,CONFIRMED_NEAR_DUPLICATE,pHash=0; dHash=0; aHash=0; aspect_delta=0.3333; pixel_corr=0.9996; SSIM=0.9982; hist_corr=0.9984; ORB_good=53; ORB_inliers=45; ORB_inlier_ratio=0.8491,HIGH_CONFIDENCE_NEAR_DUPLICATE
Non-Venomous/Common Rat Snake/Common_India_Rat_Snake.jpg,Common Rat Snake,Non-Venomous,train/Non_Venomous_Snake/Common_India_Rat_Snake.jpg,Non_Venomous_Snake,TRAIN,0,0,HIGH_CONFIDENCE_NEAR_DUPLICATE,0,0.331818,0.999303,0.996565,0.999614,30,22,0.733333,CONFIRMED_NEAR_DUPLICATE,pHash=0; dHash=0; aHash=0; aspect_delta=0.3318; pixel_corr=0.9993; SSIM=0.9966; hist_corr=0.9996; ORB_good=30; ORB_inliers=22; ORB_inlier_ratio=0.7333,HIGH_CONFIDENCE_NEAR_DUPLICATE
Non-Venomous/Common Rat Snake/Common_Rat_Snake.jpg,Common Rat Snake,Non-Venomous,train/Non_Venomous_Snake/Common_Rat_Snake.jpg,Non_Venomous_Snake,TRAIN,0,0,HIGH_CONFIDENCE_NEAR_DUPLICATE,0,0.25,0.999676,0.997224,0.999939,61,58,0.95082,CONFIRMED_NEAR_DUPLICATE,pHash=0; dHash=0; aHash=0; aspect_delta=0.2500; pixel_corr=0.9997; SSIM=0.9972; hist_corr=0.9999; ORB_good=61; ORB_inliers=58; ORB_inlier_ratio=0.9508,HIGH_CONFIDENCE_NEAR_DUPLICATE
Non-Venomous/Common Rat Snake/Common_Rat_Snake_(Ptyas_mucosa)_水律.jpg,Common Rat Snake,Non-Venomous,train/Non_Venomous_Snake/Common_Rat_Snake_(Ptyas_mucosa)_µ░┤σ╛ï.jpg,Non_Venomous_Snake,TRAIN,0,0,HIGH_CONFIDENCE_NEAR_DUPLICATE,0,0.333984,0.999297,0.99785,0.999054,26,26,1.0,CONFIRMED_NEAR_DUPLICATE,pHash=0; dHash=0; aHash=0; aspect_delta=0.3340; pixel_corr=0.9993; SSIM=0.9979; hist_corr=0.9991; ORB_good=26; ORB_inliers=26; ORB_inlier_ratio=1.0000,HIGH_CONFIDENCE_NEAR_DUPLICATE
Non-Venomous/Common Rat Snake/Common_Rat_Snake_(Ptyas_mucosa)_水律10.jpg,Common Rat Snake,Non-Venomous,train/Non_Venomous_Snake/Common_Rat_Snake_(Ptyas_mucosa)_µ░┤σ╛ï10.jpg,Non_Venomous_Snake,TRAIN,0,0,HIGH_CONFIDENCE_NEAR_DUPLICATE,0,0.333008,0.998973,0.996278,0.999544,26,24,0.923077,CONFIRMED_NEAR_DUPLICATE,pHash=0; dHash=0; aHash=0; aspect_delta=0.3330; pixel_corr=0.9990; SSIM=0.9963; hist_corr=0.9995; ORB_good=26; ORB_inliers=24; ORB_inlier_ratio=0.9231,HIGH_CONFIDENCE_NEAR_DUPLICATE
Non-Venomous/Common Rat Snake/Common_Rat_Snake_(Ptyas_mucosa)_水律3.jpg,Common Rat Snake,Non-Venomous,train/Non_Venomous_Snake/Common_Rat_Snake_(Ptyas_mucosa)_µ░┤σ╛ï3.jpg,Non_Venomous_Snake,TRAIN,0,0,HIGH_CONFIDENCE_NEAR_DUPLICATE,0,0.333008,0.999593,0.997894,0.999028,29,28,0.965517,CONFIRMED_NEAR_DUPLICATE,pHash=0; dHash=0; aHash=0; aspect_delta=0.3330; pixel_corr=0.9996; SSIM=0.9979; hist_corr=0.9990; ORB_good=29; ORB_inliers=28; ORB_inlier_ratio=0.9655,HIGH_CONFIDENCE_NEAR_DUPLICATE
Non-Venomous/Common Rat Snake/Common_Rat_Snake_(Ptyas_mucosa)_水律4.jpg,Common Rat Snake,Non-Venomous,train/Non_Venomous_Snake/Common_Rat_Snake_(Ptyas_mucosa)_µ░┤σ╛ï4.jpg,Non_Venomous_Snake,TRAIN,0,0,HIGH_CONFIDENCE_NEAR_DUPLICATE,0,0.332031,0.999357,0.998305,0.997912,30,29,0.966667,CONFIRMED_NEAR_DUPLICATE,pHash=0; dHash=0; aHash=0; aspect_delta=0.3320; pixel_corr=0.9994; SSIM=0.9983; hist_corr=0.9979; ORB_good=30; ORB_inliers=29; ORB_inlier_ratio=0.9667,HIGH_CONFIDENCE_NEAR_DUPLICATE
Non-Venomous/Common Rat Snake/Common_Rat_Snake_(Ptyas_mucosa)_水律6.jpg,Common Rat Snake,Non-Venomous,train/Non_Venomous_Snake/Common_Rat_Snake_(Ptyas_mucosa)_µ░┤σ╛ï6.jpg,Non_Venomous_Snake,TRAIN,0,0,HIGH_CONFIDENCE_NEAR_DUPLICATE,1,0.333008,0.999785,0.997,0.999271,36,34,0.944444,CONFIRMED_NEAR_DUPLICATE,pHash=0; dHash=0; aHash=1; aspect_delta=0.3330; pixel_corr=0.9998; SSIM=0.9970; hist_corr=0.9993; ORB_good=36; ORB_inliers=34; ORB_inlier_ratio=0.9444,HIGH_CONFIDENCE_NEAR_DUPLICATE
Non-Venomous/Common Rat Snake/Common_Rat_Snake_(Ptyas_mucosa)_水律7.jpg,Common Rat Snake,Non-Venomous,train/Non_Venomous_Snake/Common_Rat_Snake_(Ptyas_mucosa)_µ░┤σ╛ï7.jpg,Non_Venomous_Snake,TRAIN,0,0,HIGH_CONFIDENCE_NEAR_DUPLICATE,0,0.333984,0.999314,0.996995,0.999635,53,48,0.90566,CONFIRMED_NEAR_DUPLICATE,pHash=0; dHash=0; aHash=0; aspect_delta=0.3340; pixel_corr=0.9993; SSIM=0.9970; hist_corr=0.9996; ORB_good=53; ORB_inliers=48; ORB_inlier_ratio=0.9057,HIGH_CONFIDENCE_NEAR_DUPLICATE
Non-Venomous/Common Rat Snake/Common_Rat_Snake_(Ptyas_mucosa)_水律8.jpg,Common Rat Snake,Non-Venomous,train/Non_Venomous_Snake/Common_Rat_Snake_(Ptyas_mucosa)_µ░┤σ╛ï8.jpg,Non_Venomous_Snake,TRAIN,0,0,HIGH_CONFIDENCE_NEAR_DUPLICATE,2,0.333008,0.999802,0.997167,0.999135,42,40,0.952381,CONFIRMED_NEAR_DUPLICATE,pHash=0; dHash=0; aHash=2; aspect_delta=0.3330; pixel_corr=0.9998; SSIM=0.9972; hist_corr=0.9991; ORB_good=42; ORB_inliers=40; ORB_inlier_ratio=0.9524,HIGH_CONFIDENCE_NEAR_DUPLICATE
Non-Venomous/Common Rat Snake/Common_Rat_Snake_(Ptyas_mucosa)_水律9.jpg,Common Rat Snake,Non-Venomous,validation/Non_Venomous_Snake/Common_Rat_Snake_(Ptyas_mucosa)_µ░┤σ╛ï9.jpg,Non_Venomous_Snake,VALIDATION,0,1,HIGH_CONFIDENCE_NEAR_DUPLICATE,0,0.333008,0.99882,0.996566,0.998219,32,30,0.9375,CONFIRMED_NEAR_DUPLICATE,pHash=0; dHash=1; aHash=0; aspect_delta=0.3330; pixel_corr=0.9988; SSIM=0.9966; hist_corr=0.9982; ORB_good=32; ORB_inliers=30; ORB_inlier_ratio=0.9375,HIGH_CONFIDENCE_NEAR_DUPLICATE
Non-Venomous/Common Rat Snake/Common_Rat_Snake_(Ptyas_mucosa)_水律_(6027287191).jpg,Common Rat Snake,Non-Venomous,train/Non_Venomous_Snake/Common_Rat_Snake_(Ptyas_mucosa)_µ░┤σ╛ï_(6027287191).jpg,Non_Venomous_Snake,TRAIN,0,0,HIGH_CONFIDENCE_NEAR_DUPLICATE,0,0.333008,0.999709,0.996912,0.999324,65,61,0.938462,CONFIRMED_NEAR_DUPLICATE,pHash=0; dHash=0; aHash=0; aspect_delta=0.3330; pixel_corr=0.9997; SSIM=0.9969; hist_corr=0.9993; ORB_good=65; ORB_inliers=61; ORB_inlier_ratio=0.9385,HIGH_CONFIDENCE_NEAR_DUPLICATE
Non-Venomous/Common Rat Snake/Common_Rat_Snake_(Ptyas_mucosa)_水律_(6027830696).jpg,Common Rat Snake,Non-Venomous,train/Non_Venomous_Snake/Common_Rat_Snake_(Ptyas_mucosa)_µ░┤σ╛ï_(6027830696).jpg,Non_Venomous_Snake,TRAIN,0,0,HIGH_CONFIDENCE_NEAR_DUPLICATE,1,0.333008,0.999717,0.996863,0.999506,66,54,0.818182,CONFIRMED_NEAR_DUPLICATE,pHash=0; dHash=0; aHash=1; aspect_delta=0.3330; pixel_corr=0.9997; SSIM=0.9969; hist_corr=0.9995; ORB_good=66; ORB_inliers=54; ORB_inlier_ratio=0.8182,HIGH_CONFIDENCE_NEAR_DUPLICATE
Non-Venomous/Common Rat Snake/Common_Rat_Snake_(Ptyas_mucosa)_水律_(6027841570).jpg,Common Rat Snake,Non-Venomous,train/Non_Venomous_Snake/Common_Rat_Snake_(Ptyas_mucosa)_µ░┤σ╛ï_(6027841570).jpg,Non_Venomous_Snake,TRAIN,0,0,HIGH_CONFIDENCE_NEAR_DUPLICATE,0,0.333008,0.999742,0.996982,0.999151,53,44,0.830189,CONFIRMED_NEAR_DUPLICATE,pHash=0; dHash=0; aHash=0; aspect_delta=0.3330; pixel_corr=0.9997; SSIM=0.9970; hist_corr=0.9992; ORB_good=53; ORB_inliers=44; ORB_inlier_ratio=0.8302,HIGH_CONFIDENCE_NEAR_DUPLICATE
Non-Venomous/Common Rat Snake/dhaman-rat-snake-coluber-mucosus-non-venomous-common-bhimashankar-A0BB66.jpg,Common Rat Snake,Non-Venomous,train/Non_Venomous_Snake/dhaman-rat-snake-coluber-mucosus-non-venomous-common-bhimashankar-A0BB66.jpg,Non_Venomous_Snake,TRAIN,0,0,HIGH_CONFIDENCE_NEAR_DUPLICATE,0,0.277692,0.999524,0.997912,0.997996,25,25,1.0,CONFIRMED_NEAR_DUPLICATE,pHash=0; dHash=0; aHash=0; aspect_delta=0.2777; pixel_corr=0.9995; SSIM=0.9979; hist_corr=0.9980; ORB_good=25; ORB_inliers=25; ORB_inlier_ratio=1.0000,HIGH_CONFIDENCE_NEAR_DUPLICATE
Non-Venomous/Common Rat Snake/DSC00806.JPG,Common Rat Snake,Non-Venomous,validation/Non_Venomous_Snake/DSC00806.JPG,Non_Venomous_Snake,VALIDATION,0,0,HIGH_CONFIDENCE_NEAR_DUPLICATE,0,0.43,0.99859,0.996112,0.999807,13,11,0.846154,POSSIBLE_NEAR_DUPLICATE,pHash=0; dHash=0; aHash=0; aspect_delta=0.4300; pixel_corr=0.9986; SSIM=0.9961; hist_corr=0.9998; ORB_good=13; ORB_inliers=11; ORB_inlier_ratio=0.8462,POSSIBLE_NEAR_DUPLICATE
Non-Venomous/Common Rat Snake/DSCF0265.JPG,Common Rat Snake,Non-Venomous,train/Non_Venomous_Snake/DSCF0265.JPG,Non_Venomous_Snake,TRAIN,0,0,HIGH_CONFIDENCE_NEAR_DUPLICATE,0,0.25,0.999591,0.995476,0.999784,26,26,1.0,CONFIRMED_NEAR_DUPLICATE,pHash=0; dHash=0; aHash=0; aspect_delta=0.2500; pixel_corr=0.9996; SSIM=0.9955; hist_corr=0.9998; ORB_good=26; ORB_inliers=26; ORB_inlier_ratio=1.0000,HIGH_CONFIDENCE_NEAR_DUPLICATE
Non-Venomous/Common Rat Snake/eastern-rat-snake-large.jpg,Common Rat Snake,Non-Venomous,train/Non_Venomous_Snake/eastern-rat-snake-large.jpg,Non_Venomous_Snake,TRAIN,0,0,HIGH_CONFIDENCE_NEAR_DUPLICATE,0,0.411667,0.999829,0.998275,0.998758,15,12,0.8,LIKELY_NEAR_DUPLICATE,pHash=0; dHash=0; aHash=0; aspect_delta=0.4117; pixel_corr=0.9998; SSIM=0.9983; hist_corr=0.9988; ORB_good=15; ORB_inliers=12; ORB_inlier_ratio=0.8000,POSSIBLE_NEAR_DUPLICATE
Non-Venomous/Common Rat Snake/eastern-ratsnake-striped01.jpg,Common Rat Snake,Non-Venomous,train/Non_Venomous_Snake/eastern-ratsnake-striped01.jpg,Non_Venomous_Snake,TRAIN,2,0,HIGH_CONFIDENCE_NEAR_DUPLICATE,0,0.333984,0.994237,0.992683,0.996452,14,14,1.0,POSSIBLE_NEAR_DUPLICATE,pHash=2; dHash=0; aHash=0; aspect_delta=0.3340; pixel_corr=0.9942; SSIM=0.9927; hist_corr=0.9965; ORB_good=14; ORB_inliers=14; ORB_inlier_ratio=1.0000,POSSIBLE_NEAR_DUPLICATE
Non-Venomous/Common Rat Snake/easternratsnake2.jpg,Common Rat Snake,Non-Venomous,validation/Non_Venomous_Snake/easternratsnake2.jpg,Non_Venomous_Snake,VALIDATION,0,0,HIGH_CONFIDENCE_NEAR_DUPLICATE,0,0.335821,0.999793,0.994503,0.997022,1,0,0.0,POSSIBLE_NEAR_DUPLICATE,pHash=0; dHash=0; aHash=0; aspect_delta=0.3358; pixel_corr=0.9998; SSIM=0.9945; hist_corr=0.9970; ORB_good=1; ORB_inliers=0; ORB_inlier_ratio=0.0000,POSSIBLE_NEAR_DUPLICATE
Non-Venomous/Common Rat Snake/free_9287297.jpg,Common Rat Snake,Non-Venomous,train/Non_Venomous_Snake/free_9287297.jpg,Non_Venomous_Snake,TRAIN,0,0,HIGH_CONFIDENCE_NEAR_DUPLICATE,0,0.29375,0.998829,0.996508,0.981706,82,80,0.97561,CONFIRMED_NEAR_DUPLICATE,pHash=0; dHash=0; aHash=0; aspect_delta=0.2938; pixel_corr=0.9988; SSIM=0.9965; hist_corr=0.9817; ORB_good=82; ORB_inliers=80; ORB_inlier_ratio=0.9756,HIGH_CONFIDENCE_NEAR_DUPLICATE
Non-Venomous/Common Rat Snake/Glorioso _rat2.jpg,Common Rat Snake,Non-Venomous,train/Non_Venomous_Snake/Glorioso _rat2.jpg,Non_Venomous_Snake,TRAIN,0,0,HIGH_CONFIDENCE_NEAR_DUPLICATE,0,0.25,0.999017,0.994722,0.99812,199,186,0.934673,CONFIRMED_NEAR_DUPLICATE,pHash=0; dHash=0; aHash=0; aspect_delta=0.2500; pixel_corr=0.9990; SSIM=0.9947; hist_corr=0.9981; ORB_good=199; ORB_inliers=186; ORB_inlier_ratio=0.9347,HIGH_CONFIDENCE_NEAR_DUPLICATE
Non-Venomous/Common Rat Snake/gprs.jpg,Common Rat Snake,Non-Venomous,train/Non_Venomous_Snake/gprs.jpg,Non_Venomous_Snake,TRAIN,0,0,HIGH_CONFIDENCE_NEAR_DUPLICATE,1,0.33012,0.999864,0.99756,0.999853,67,53,0.791045,CONFIRMED_NEAR_DUPLICATE,pHash=0; dHash=0; aHash=1; aspect_delta=0.3301; pixel_corr=0.9999; SSIM=0.9976; hist_corr=0.9999; ORB_good=67; ORB_inliers=53; ORB_inlier_ratio=0.7910,HIGH_CONFIDENCE_NEAR_DUPLICATE
Non-Venomous/Common Rat Snake/grayratsnake461.jpg,Common Rat Snake,Non-Venomous,train/Non_Venomous_Snake/grayratsnake461.jpg,Non_Venomous_Snake,TRAIN,0,0,HIGH_CONFIDENCE_NEAR_DUPLICATE,0,0.249458,0.999654,0.997856,0.997689,177,170,0.960452,CONFIRMED_NEAR_DUPLICATE,pHash=0; dHash=0; aHash=0; aspect_delta=0.2495; pixel_corr=0.9997; SSIM=0.9979; hist_corr=0.9977; ORB_good=177; ORB_inliers=170; ORB_inlier_ratio=0.9605,HIGH_CONFIDENCE_NEAR_DUPLICATE
Non-Venomous/Common Rat Snake/great-plains-rat-snake-04.jpg,Common Rat Snake,Non-Venomous,train/Non_Venomous_Snake/great-plains-rat-snake-04.jpg,Non_Venomous_Snake,TRAIN,0,0,HIGH_CONFIDENCE_NEAR_DUPLICATE,0,0.355319,0.999395,0.997512,0.999387,41,39,0.95122,CONFIRMED_NEAR_DUPLICATE,pHash=0; dHash=0; aHash=0; aspect_delta=0.3553; pixel_corr=0.9994; SSIM=0.9975; hist_corr=0.9994; ORB_good=41; ORB_inliers=39; ORB_inlier_ratio=0.9512,HIGH_CONFIDENCE_NEAR_DUPLICATE
Non-Venomous/Common Rat Snake/great-plains-rat-snake-pantherophis-emoryi-21065207.jpg,Common Rat Snake,Non-Venomous,train/Non_Venomous_Snake/great-plains-rat-snake-pantherophis-emoryi-21065207.jpg,Non_Venomous_Snake,TRAIN,2,0,HIGH_CONFIDENCE_NEAR_DUPLICATE,0,0.216154,0.999525,0.997274,0.997203,52,52,1.0,CONFIRMED_NEAR_DUPLICATE,pHash=2; dHash=0; aHash=0; aspect_delta=0.2162; pixel_corr=0.9995; SSIM=0.9973; hist_corr=0.9972; ORB_good=52; ORB_inliers=52; ORB_inlier_ratio=1.0000,HIGH_CONFIDENCE_NEAR_DUPLICATE
Non-Venomous/Common Rat Snake/greatplainsratsnake.jpg,Common Rat Snake,Non-Venomous,train/Non_Venomous_Snake/greatplainsratsnake.jpg,Non_Venomous_Snake,TRAIN,0,0,HIGH_CONFIDENCE_NEAR_DUPLICATE,0,0.406667,0.999594,0.998399,0.999046,18,16,0.888889,LIKELY_NEAR_DUPLICATE,pHash=0; dHash=0; aHash=0; aspect_delta=0.4067; pixel_corr=0.9996; SSIM=0.9984; hist_corr=0.9990; ORB_good=18; ORB_inliers=16; ORB_inlier_ratio=0.8889,POSSIBLE_NEAR_DUPLICATE
Non-Venomous/Common Rat Snake/GulfHammockRat_female1_web.jpg,Common Rat Snake,Non-Venomous,train/Non_Venomous_Snake/GulfHammockRat_female1_web.jpg,Non_Venomous_Snake,TRAIN,0,0,HIGH_CONFIDENCE_NEAR_DUPLICATE,0,0.332813,0.99916,0.997639,0.998895,96,86,0.895833,CONFIRMED_NEAR_DUPLICATE,pHash=0; dHash=0; aHash=0; aspect_delta=0.3328; pixel_corr=0.9992; SSIM=0.9976; hist_corr=0.9989; ORB_good=96; ORB_inliers=86; ORB_inlier_ratio=0.8958,HIGH_CONFIDENCE_NEAR_DUPLICATE
Non-Venomous/Common Rat Snake/hans-indo-chinese-rat-snake-young.jpg,Common Rat Snake,Non-Venomous,train/Non_Venomous_Snake/hans-indo-chinese-rat-snake-young.jpg,Non_Venomous_Snake,TRAIN,0,0,HIGH_CONFIDENCE_NEAR_DUPLICATE,0,0.331606,0.999809,0.998027,0.998423,89,80,0.898876,CONFIRMED_NEAR_DUPLICATE,pHash=0; dHash=0; aHash=0; aspect_delta=0.3316; pixel_corr=0.9998; SSIM=0.9980; hist_corr=0.9984; ORB_good=89; ORB_inliers=80; ORB_inlier_ratio=0.8989,HIGH_CONFIDENCE_NEAR_DUPLICATE
Non-Venomous/Common Rat Snake/hans-indo-chinese-rat-snake.jpg,Common Rat Snake,Non-Venomous,train/Non_Venomous_Snake/hans-indo-chinese-rat-snake.jpg,Non_Venomous_Snake,TRAIN,0,0,HIGH_CONFIDENCE_NEAR_DUPLICATE,0,0.342424,0.999719,0.998009,0.998232,69,61,0.884058,CONFIRMED_NEAR_DUPLICATE,pHash=0; dHash=0; aHash=0; aspect_delta=0.3424; pixel_corr=0.9997; SSIM=0.9980; hist_corr=0.9982; ORB_good=69; ORB_inliers=61; ORB_inlier_ratio=0.8841,HIGH_CONFIDENCE_NEAR_DUPLICATE
Non-Venomous/Common Rat Snake/hans-oriental-rat-snake-head.jpg,Common Rat Snake,Non-Venomous,train/Non_Venomous_Snake/hans-oriental-rat-snake-head.jpg,Non_Venomous_Snake,TRAIN,0,1,HIGH_CONFIDENCE_NEAR_DUPLICATE,0,0.330682,0.999651,0.998928,0.997647,31,29,0.935484,CONFIRMED_NEAR_DUPLICATE,pHash=0; dHash=1; aHash=0; aspect_delta=0.3307; pixel_corr=0.9997; SSIM=0.9989; hist_corr=0.9976; ORB_good=31; ORB_inliers=29; ORB_inlier_ratio=0.9355,HIGH_CONFIDENCE_NEAR_DUPLICATE
Non-Venomous/Common Rat Snake/Indian-Rat-Snake.jpg,Common Rat Snake,Non-Venomous,train/Non_Venomous_Snake/Indian-Rat-Snake.jpg,Non_Venomous_Snake,TRAIN,0,0,HIGH_CONFIDENCE_NEAR_DUPLICATE,0,0.331818,0.99977,0.996126,0.99938,38,27,0.710526,CONFIRMED_NEAR_DUPLICATE,pHash=0; dHash=0; aHash=0; aspect_delta=0.3318; pixel_corr=0.9998; SSIM=0.9961; hist_corr=0.9994; ORB_good=38; ORB_inliers=27; ORB_inlier_ratio=0.7105,HIGH_CONFIDENCE_NEAR_DUPLICATE
Non-Venomous/Common Rat Snake/indo-chinese-rat-snake-ptyas-coluber-korros-adult-from-papum-pare-h9et4j.jpg,Common Rat Snake,Non-Venomous,train/Non_Venomous_Snake/indo-chinese-rat-snake-ptyas-coluber-korros-adult-from-papum-pare-h9et4j.jpg,Non_Venomous_Snake,TRAIN,0,0,HIGH_CONFIDENCE_NEAR_DUPLICATE,0,0.293333,0.999872,0.997938,0.999696,119,107,0.89916,CONFIRMED_NEAR_DUPLICATE,pHash=0; dHash=0; aHash=0; aspect_delta=0.2933; pixel_corr=0.9999; SSIM=0.9979; hist_corr=0.9997; ORB_good=119; ORB_inliers=107; ORB_inlier_ratio=0.8992,HIGH_CONFIDENCE_NEAR_DUPLICATE
Non-Venomous/Common Rat Snake/indo-chinese-rat-snake-ptyas-korros-gdcca8.jpg,Common Rat Snake,Non-Venomous,train/Non_Venomous_Snake/indo-chinese-rat-snake-ptyas-korros-gdcca8.jpg,Non_Venomous_Snake,TRAIN,0,1,HIGH_CONFIDENCE_NEAR_DUPLICATE,0,0.288889,0.999805,0.998629,0.999143,148,143,0.966216,CONFIRMED_NEAR_DUPLICATE,pHash=0; dHash=1; aHash=0; aspect_delta=0.2889; pixel_corr=0.9998; SSIM=0.9986; hist_corr=0.9991; ORB_good=148; ORB_inliers=143; ORB_inlier_ratio=0.9662,HIGH_CONFIDENCE_NEAR_DUPLICATE
Non-Venomous/Common Rat Snake/indo-chinese-rat-snake_3012.jpg,Common Rat Snake,Non-Venomous,train/Non_Venomous_Snake/indo-chinese-rat-snake_3012.jpg,Non_Venomous_Snake,TRAIN,0,0,HIGH_CONFIDENCE_NEAR_DUPLICATE,0,0.25,0.999686,0.997213,0.99912,176,158,0.897727,CONFIRMED_NEAR_DUPLICATE,pHash=0; dHash=0; aHash=0; aspect_delta=0.2500; pixel_corr=0.9997; SSIM=0.9972; hist_corr=0.9991; ORB_good=176; ORB_inliers=158; ORB_inlier_ratio=0.8977,HIGH_CONFIDENCE_NEAR_DUPLICATE
Non-Venomous/Common Rat Snake/indochinese-rat-snake-grey.jpg,Common Rat Snake,Non-Venomous,train/Non_Venomous_Snake/indochinese-rat-snake-grey.jpg,Non_Venomous_Snake,TRAIN,0,0,HIGH_CONFIDENCE_NEAR_DUPLICATE,0,0.575926,0.999793,0.997121,0.999728,14,7,0.5,POSSIBLE_NEAR_DUPLICATE,pHash=0; dHash=0; aHash=0; aspect_delta=0.5759; pixel_corr=0.9998; SSIM=0.9971; hist_corr=0.9997; ORB_good=14; ORB_inliers=7; ORB_inlier_ratio=0.5000,POSSIBLE_NEAR_DUPLICATE
Non-Venomous/Common Rat Snake/indochinese-rat-snake-grey2.jpg,Common Rat Snake,Non-Venomous,train/Non_Venomous_Snake/indochinese-rat-snake-grey2.jpg,Non_Venomous_Snake,TRAIN,0,0,HIGH_CONFIDENCE_NEAR_DUPLICATE,0,0.733333,0.99972,0.996673,0.999328,1,0,0.0,POSSIBLE_NEAR_DUPLICATE,pHash=0; dHash=0; aHash=0; aspect_delta=0.7333; pixel_corr=0.9997; SSIM=0.9967; hist_corr=0.9993; ORB_good=1; ORB_inliers=0; ORB_inlier_ratio=0.0000,POSSIBLE_NEAR_DUPLICATE
Non-Venomous/Common Rat Snake/indochinese-rat-snake3-brown.jpg,Common Rat Snake,Non-Venomous,train/Non_Venomous_Snake/indochinese-rat-snake3-brown.jpg,Non_Venomous_Snake,TRAIN,0,1,HIGH_CONFIDENCE_NEAR_DUPLICATE,0,0.329577,0.999877,0.997514,0.999821,54,41,0.759259,CONFIRMED_NEAR_DUPLICATE,pHash=0; dHash=1; aHash=0; aspect_delta=0.3296; pixel_corr=0.9999; SSIM=0.9975; hist_corr=0.9998; ORB_good=54; ORB_inliers=41; ORB_inlier_ratio=0.7593,HIGH_CONFIDENCE_NEAR_DUPLICATE
Non-Venomous/Common Rat Snake/kevin-messenger-hong-kong-ptyas-mucosus.jpg,Common Rat Snake,Non-Venomous,train/Non_Venomous_Snake/kevin-messenger-hong-kong-ptyas-mucosus.jpg,Non_Venomous_Snake,TRAIN,0,0,HIGH_CONFIDENCE_NEAR_DUPLICATE,0,0.33375,0.999178,0.997655,0.998185,41,41,1.0,CONFIRMED_NEAR_DUPLICATE,pHash=0; dHash=0; aHash=0; aspect_delta=0.3337; pixel_corr=0.9992; SSIM=0.9977; hist_corr=0.9982; ORB_good=41; ORB_inliers=41; ORB_inlier_ratio=1.0000,HIGH_CONFIDENCE_NEAR_DUPLICATE
Non-Venomous/Common Rat Snake/maxresdefault.jpg,Common Rat Snake,Non-Venomous,validation/Non_Venomous_Snake/maxresdefault.jpg,Non_Venomous_Snake,VALIDATION,0,0,HIGH_CONFIDENCE_NEAR_DUPLICATE,0,0.4375,0.999689,0.997893,0.999567,17,12,0.705882,LIKELY_NEAR_DUPLICATE,pHash=0; dHash=0; aHash=0; aspect_delta=0.4375; pixel_corr=0.9997; SSIM=0.9979; hist_corr=0.9996; ORB_good=17; ORB_inliers=12; ORB_inlier_ratio=0.7059,POSSIBLE_NEAR_DUPLICATE
Non-Venomous/Common Rat Snake/maxresdefault_001.jpg,Common Rat Snake,Non-Venomous,train/Non_Venomous_Snake/maxresdefault_001.jpg,Non_Venomous_Snake,TRAIN,0,0,HIGH_CONFIDENCE_NEAR_DUPLICATE,0,0.4375,0.999761,0.997384,0.99991,2,0,0.0,POSSIBLE_NEAR_DUPLICATE,pHash=0; dHash=0; aHash=0; aspect_delta=0.4375; pixel_corr=0.9998; SSIM=0.9974; hist_corr=0.9999; ORB_good=2; ORB_inliers=0; ORB_inlier_ratio=0.0000,POSSIBLE_NEAR_DUPLICATE
Non-Venomous/Common Rat Snake/Pantherophis alleghaniensis b WOM WMA 3 April 2010 Pittsylvania Co 537.jpg,Common Rat Snake,Non-Venomous,train/Non_Venomous_Snake/Pantherophis alleghaniensis b WOM WMA 3 April 2010 Pittsylvania Co 537.jpg,Non_Venomous_Snake,TRAIN,0,1,HIGH_CONFIDENCE_NEAR_DUPLICATE,0,0.335938,0.99892,0.996305,0.996073,35,35,1.0,CONFIRMED_NEAR_DUPLICATE,pHash=0; dHash=1; aHash=0; aspect_delta=0.3359; pixel_corr=0.9989; SSIM=0.9963; hist_corr=0.9961; ORB_good=35; ORB_inliers=35; ORB_inlier_ratio=1.0000,HIGH_CONFIDENCE_NEAR_DUPLICATE
Non-Venomous/Common Rat Snake/ptyas-carinatus-keeled-rat-snake9.jpg,Common Rat Snake,Non-Venomous,train/Non_Venomous_Snake/ptyas-carinatus-keeled-rat-snake9.jpg,Non_Venomous_Snake,TRAIN,0,0,HIGH_CONFIDENCE_NEAR_DUPLICATE,0,0.483636,0.9996,0.998034,0.999359,7,4,0.571429,POSSIBLE_NEAR_DUPLICATE,pHash=0; dHash=0; aHash=0; aspect_delta=0.4836; pixel_corr=0.9996; SSIM=0.9980; hist_corr=0.9994; ORB_good=7; ORB_inliers=4; ORB_inlier_ratio=0.5714,POSSIBLE_NEAR_DUPLICATE
Non-Venomous/Common Rat Snake/Ptyas-korros-Krabi.jpg,Common Rat Snake,Non-Venomous,train/Non_Venomous_Snake/Ptyas-korros-Krabi.jpg,Non_Venomous_Snake,TRAIN,0,0,HIGH_CONFIDENCE_NEAR_DUPLICATE,0,0.645833,0.99877,0.997079,0.999285,0,0,0.0,POSSIBLE_NEAR_DUPLICATE,pHash=0; dHash=0; aHash=0; aspect_delta=0.6458; pixel_corr=0.9988; SSIM=0.9971; hist_corr=0.9993; ORB_good=0; ORB_inliers=0; ORB_inlier_ratio=0.0000,POSSIBLE_NEAR_DUPLICATE
Non-Venomous/Common Rat Snake/ptyas.jpg,Common Rat Snake,Non-Venomous,train/Non_Venomous_Snake/ptyas.jpg,Non_Venomous_Snake,TRAIN,2,1,HIGH_CONFIDENCE_NEAR_DUPLICATE,0,0.288,0.999465,0.995434,0.998929,162,146,0.901235,CONFIRMED_NEAR_DUPLICATE,pHash=2; dHash=1; aHash=0; aspect_delta=0.2880; pixel_corr=0.9995; SSIM=0.9954; hist_corr=0.9989; ORB_good=162; ORB_inliers=146; ORB_inlier_ratio=0.9012,HIGH_CONFIDENCE_NEAR_DUPLICATE
Non-Venomous/Common Rat Snake/Ptyas_mucosus_03.JPG,Common Rat Snake,Non-Venomous,train/Non_Venomous_Snake/Ptyas_mucosus_03.JPG,Non_Venomous_Snake,TRAIN,0,0,HIGH_CONFIDENCE_NEAR_DUPLICATE,0,0.25,0.999378,0.998005,0.998855,116,115,0.991379,CONFIRMED_NEAR_DUPLICATE,pHash=0; dHash=0; aHash=0; aspect_delta=0.2500; pixel_corr=0.9994; SSIM=0.9980; hist_corr=0.9989; ORB_good=116; ORB_inliers=115; ORB_inlier_ratio=0.9914,HIGH_CONFIDENCE_NEAR_DUPLICATE
Non-Venomous/Common Rat Snake/Ptyas_mucosus_05.JPG,Common Rat Snake,Non-Venomous,train/Non_Venomous_Snake/Ptyas_mucosus_05.JPG,Non_Venomous_Snake,TRAIN,0,0,HIGH_CONFIDENCE_NEAR_DUPLICATE,0,0.25,0.999072,0.995431,0.99925,121,119,0.983471,CONFIRMED_NEAR_DUPLICATE,pHash=0; dHash=0; aHash=0; aspect_delta=0.2500; pixel_corr=0.9991; SSIM=0.9954; hist_corr=0.9993; ORB_good=121; ORB_inliers=119; ORB_inlier_ratio=0.9835,HIGH_CONFIDENCE_NEAR_DUPLICATE
Non-Venomous/Common Rat Snake/Pytas-mucosus-Bob-Burgess-permissioned.jpg,Common Rat Snake,Non-Venomous,validation/Non_Venomous_Snake/Pytas-mucosus-Bob-Burgess-permissioned.jpg,Non_Venomous_Snake,VALIDATION,0,1,HIGH_CONFIDENCE_NEAR_DUPLICATE,0,0.62,0.999459,0.995707,0.99777,0,0,0.0,POSSIBLE_NEAR_DUPLICATE,pHash=0; dHash=1; aHash=0; aspect_delta=0.6200; pixel_corr=0.9995; SSIM=0.9957; hist_corr=0.9978; ORB_good=0; ORB_inliers=0; ORB_inlier_ratio=0.0000,POSSIBLE_NEAR_DUPLICATE
Non-Venomous/Common Rat Snake/rat_8jul07_1a.jpg,Common Rat Snake,Non-Venomous,train/Non_Venomous_Snake/rat_8jul07_1a.jpg,Non_Venomous_Snake,TRAIN,0,0,HIGH_CONFIDENCE_NEAR_DUPLICATE,0,0.33,0.999706,0.997835,0.997595,32,30,0.9375,CONFIRMED_NEAR_DUPLICATE,pHash=0; dHash=0; aHash=0; aspect_delta=0.3300; pixel_corr=0.9997; SSIM=0.9978; hist_corr=0.9976; ORB_good=32; ORB_inliers=30; ORB_inlier_ratio=0.9375,HIGH_CONFIDENCE_NEAR_DUPLICATE
Non-Venomous/Common Rat Snake/Rat_snake.jpg,Common Rat Snake,Non-Venomous,train/Non_Venomous_Snake/Rat_snake.jpg,Non_Venomous_Snake,TRAIN,0,0,HIGH_CONFIDENCE_NEAR_DUPLICATE,0,0.334375,0.999262,0.99698,0.99944,46,43,0.934783,CONFIRMED_NEAR_DUPLICATE,pHash=0; dHash=0; aHash=0; aspect_delta=0.3344; pixel_corr=0.9993; SSIM=0.9970; hist_corr=0.9994; ORB_good=46; ORB_inliers=43; ORB_inlier_ratio=0.9348,HIGH_CONFIDENCE_NEAR_DUPLICATE
Non-Venomous/Common Rat Snake/rat_snake_800_Richmond_fs_fs.jpg,Common Rat Snake,Non-Venomous,train/Non_Venomous_Snake/rat_snake_800_Richmond_fs_fs.jpg,Non_Venomous_Snake,TRAIN,0,0,HIGH_CONFIDENCE_NEAR_DUPLICATE,0,0.33,0.999872,0.998334,0.999865,87,80,0.91954,CONFIRMED_NEAR_DUPLICATE,pHash=0; dHash=0; aHash=0; aspect_delta=0.3300; pixel_corr=0.9999; SSIM=0.9983; hist_corr=0.9999; ORB_good=87; ORB_inliers=80; ORB_inlier_ratio=0.9195,HIGH_CONFIDENCE_NEAR_DUPLICATE
Non-Venomous/Common Rat Snake/ratsnake-basking-on-forest_med_hr.jpeg,Common Rat Snake,Non-Venomous,train/Non_Venomous_Snake/snakec.jpg,Non_Venomous_Snake,TRAIN,4,0,POSSIBLE_NEAR_DUPLICATE,2,0.335,0.946294,0.837135,0.998129,64,57,0.890625,CONFIRMED_NEAR_DUPLICATE,pHash=4; dHash=0; aHash=2; aspect_delta=0.3350; pixel_corr=0.9463; SSIM=0.8371; hist_corr=0.9981; ORB_good=64; ORB_inliers=57; ORB_inlier_ratio=0.8906,HIGH_CONFIDENCE_NEAR_DUPLICATE
Non-Venomous/Common Rat Snake/ratsnake.jpg,Common Rat Snake,Non-Venomous,validation/Non_Venomous_Snake/ratsnake.jpg,Non_Venomous_Snake,VALIDATION,0,0,HIGH_CONFIDENCE_NEAR_DUPLICATE,0,0.25,0.999768,0.998508,0.999192,204,197,0.965686,CONFIRMED_NEAR_DUPLICATE,pHash=0; dHash=0; aHash=0; aspect_delta=0.2500; pixel_corr=0.9998; SSIM=0.9985; hist_corr=0.9992; ORB_good=204; ORB_inliers=197; ORB_inlier_ratio=0.9657,HIGH_CONFIDENCE_NEAR_DUPLICATE
Non-Venomous/Common Rat Snake/ratsnake3.jpg,Common Rat Snake,Non-Venomous,train/Non_Venomous_Snake/ratsnake3.jpg,Non_Venomous_Snake,TRAIN,0,0,HIGH_CONFIDENCE_NEAR_DUPLICATE,0,0.333333,0.99952,0.998995,0.999896,71,68,0.957746,CONFIRMED_NEAR_DUPLICATE,pHash=0; dHash=0; aHash=0; aspect_delta=0.3333; pixel_corr=0.9995; SSIM=0.9990; hist_corr=0.9999; ORB_good=71; ORB_inliers=68; ORB_inlier_ratio=0.9577,HIGH_CONFIDENCE_NEAR_DUPLICATE
Non-Venomous/Common Rat Snake/ratsnake4734.jpg,Common Rat Snake,Non-Venomous,train/Non_Venomous_Snake/ratsnake4734.jpg,Non_Venomous_Snake,TRAIN,0,0,HIGH_CONFIDENCE_NEAR_DUPLICATE,0,0.248889,0.999739,0.99776,0.999646,212,198,0.933962,CONFIRMED_NEAR_DUPLICATE,pHash=0; dHash=0; aHash=0; aspect_delta=0.2489; pixel_corr=0.9997; SSIM=0.9978; hist_corr=0.9996; ORB_good=212; ORB_inliers=198; ORB_inlier_ratio=0.9340,HIGH_CONFIDENCE_NEAR_DUPLICATE
Non-Venomous/Common Rat Snake/snake-rat-snake.jpg,Common Rat Snake,Non-Venomous,train/Non_Venomous_Snake/snake-rat-snake.jpg,Non_Venomous_Snake,TRAIN,0,0,HIGH_CONFIDENCE_NEAR_DUPLICATE,0,0.25,0.999923,0.998182,0.999007,156,140,0.897436,CONFIRMED_NEAR_DUPLICATE,pHash=0; dHash=0; aHash=0; aspect_delta=0.2500; pixel_corr=0.9999; SSIM=0.9982; hist_corr=0.9990; ORB_good=156; ORB_inliers=140; ORB_inlier_ratio=0.8974,HIGH_CONFIDENCE_NEAR_DUPLICATE
Non-Venomous/Common Rat Snake/snake-removal-athens-ga.jpg,Common Rat Snake,Non-Venomous,train/Non_Venomous_Snake/snake-removal-athens-ga.jpg,Non_Venomous_Snake,TRAIN,0,0,HIGH_CONFIDENCE_NEAR_DUPLICATE,0,0.25,0.997746,0.996058,0.972969,116,113,0.974138,CONFIRMED_NEAR_DUPLICATE,pHash=0; dHash=0; aHash=0; aspect_delta=0.2500; pixel_corr=0.9977; SSIM=0.9961; hist_corr=0.9730; ORB_good=116; ORB_inliers=113; ORB_inlier_ratio=0.9741,HIGH_CONFIDENCE_NEAR_DUPLICATE
Non-Venomous/Common Rat Snake/Snake.jpg,Common Rat Snake,Non-Venomous,train/Non_Venomous_Snake/Snake.jpg,Non_Venomous_Snake,TRAIN,0,0,HIGH_CONFIDENCE_NEAR_DUPLICATE,0,0.379688,0.999348,0.994986,0.998154,32,32,1.0,CONFIRMED_NEAR_DUPLICATE,pHash=0; dHash=0; aHash=0; aspect_delta=0.3797; pixel_corr=0.9993; SSIM=0.9950; hist_corr=0.9982; ORB_good=32; ORB_inliers=32; ORB_inlier_ratio=1.0000,HIGH_CONFIDENCE_NEAR_DUPLICATE
Non-Venomous/Common Rat Snake/snake020.jpg,Common Rat Snake,Non-Venomous,validation/Non_Venomous_Snake/snake020.jpg,Non_Venomous_Snake,VALIDATION,0,0,HIGH_CONFIDENCE_NEAR_DUPLICATE,0,0.25,0.999779,0.997347,0.999296,78,78,1.0,CONFIRMED_NEAR_DUPLICATE,pHash=0; dHash=0; aHash=0; aspect_delta=0.2500; pixel_corr=0.9998; SSIM=0.9973; hist_corr=0.9993; ORB_good=78; ORB_inliers=78; ORB_inlier_ratio=1.0000,HIGH_CONFIDENCE_NEAR_DUPLICATE
Non-Venomous/Common Rat Snake/snake6-25-13b.jpg,Common Rat Snake,Non-Venomous,train/Non_Venomous_Snake/snake6-25-13b.jpg,Non_Venomous_Snake,TRAIN,0,0,HIGH_CONFIDENCE_NEAR_DUPLICATE,1,0.210909,0.998893,0.997915,0.99828,135,128,0.948148,CONFIRMED_NEAR_DUPLICATE,pHash=0; dHash=0; aHash=1; aspect_delta=0.2109; pixel_corr=0.9989; SSIM=0.9979; hist_corr=0.9983; ORB_good=135; ORB_inliers=128; ORB_inlier_ratio=0.9481,HIGH_CONFIDENCE_NEAR_DUPLICATE
Non-Venomous/Common Rat Snake/snake_black_rat.jpg,Common Rat Snake,Non-Venomous,train/Non_Venomous_Snake/snake_black_rat.jpg,Non_Venomous_Snake,TRAIN,2,0,HIGH_CONFIDENCE_NEAR_DUPLICATE,0,0.25,0.999901,0.996715,0.999838,197,182,0.923858,CONFIRMED_NEAR_DUPLICATE,pHash=2; dHash=0; aHash=0; aspect_delta=0.2500; pixel_corr=0.9999; SSIM=0.9967; hist_corr=0.9998; ORB_good=197; ORB_inliers=182; ORB_inlier_ratio=0.9239,HIGH_CONFIDENCE_NEAR_DUPLICATE
Non-Venomous/Common Rat Snake/top-ptyas-mucosa-indian-rat-snake-bottom-naja-naja-common-indian-cobra-AT1H2X.jpg,Common Rat Snake,Non-Venomous,train/Non_Venomous_Snake/top-ptyas-mucosa-indian-rat-snake-bottom-naja-naja-common-indian-cobra-AT1H2X.jpg,Non_Venomous_Snake,TRAIN,0,0,HIGH_CONFIDENCE_NEAR_DUPLICATE,0,0.260769,0.999855,0.99784,0.999964,36,28,0.777778,CONFIRMED_NEAR_DUPLICATE,pHash=0; dHash=0; aHash=0; aspect_delta=0.2608; pixel_corr=0.9999; SSIM=0.9978; hist_corr=1.0000; ORB_good=36; ORB_inliers=28; ORB_inlier_ratio=0.7778,HIGH_CONFIDENCE_NEAR_DUPLICATE
Non-Venomous/Common Rat Snake/unnamed.png,Common Rat Snake,Non-Venomous,train/Non_Venomous_Snake/rat snake.jpg,Non_Venomous_Snake,TRAIN,2,0,HIGH_CONFIDENCE_NEAR_DUPLICATE,1,0.337891,0.857725,0.784226,0.998909,71,63,0.887324,CONFIRMED_NEAR_DUPLICATE,pHash=2; dHash=0; aHash=1; aspect_delta=0.3379; pixel_corr=0.8577; SSIM=0.7842; hist_corr=0.9989; ORB_good=71; ORB_inliers=63; ORB_inlier_ratio=0.8873,HIGH_CONFIDENCE_NEAR_DUPLICATE
Non-Venomous/Common Rat Snake/western-rat-snake-texas-ratsnake-black-rat-snake-pilot-black-snake-ebnm1g.jpg,Common Rat Snake,Non-Venomous,train/Non_Venomous_Snake/western-rat-snake-texas-ratsnake-black-rat-snake-pilot-black-snake-ebnm1g.jpg,Non_Venomous_Snake,TRAIN,0,0,HIGH_CONFIDENCE_NEAR_DUPLICATE,0,0.288889,0.999507,0.998275,0.997262,84,80,0.952381,CONFIRMED_NEAR_DUPLICATE,pHash=0; dHash=0; aHash=0; aspect_delta=0.2889; pixel_corr=0.9995; SSIM=0.9983; hist_corr=0.9973; ORB_good=84; ORB_inliers=80; ORB_inlier_ratio=0.9524,HIGH_CONFIDENCE_NEAR_DUPLICATE
Non-Venomous/Common Rat Snake/white-bellied-rat-snake_0115.jpg,Common Rat Snake,Non-Venomous,train/Non_Venomous_Snake/white-bellied-rat-snake_0115.jpg,Non_Venomous_Snake,TRAIN,0,0,HIGH_CONFIDENCE_NEAR_DUPLICATE,0,0.25,0.999695,0.998848,0.996853,184,174,0.945652,CONFIRMED_NEAR_DUPLICATE,pHash=0; dHash=0; aHash=0; aspect_delta=0.2500; pixel_corr=0.9997; SSIM=0.9988; hist_corr=0.9969; ORB_good=184; ORB_inliers=174; ORB_inlier_ratio=0.9457,HIGH_CONFIDENCE_NEAR_DUPLICATE
Non-Venomous/Common Sand Boa/03000026807_01_f.jpg,Common Sand Boa,Non-Venomous,train/Non_Venomous_Snake/03000026807_01_f.jpg,Non_Venomous_Snake,TRAIN,0,0,HIGH_CONFIDENCE_NEAR_DUPLICATE,0,0.25,0.999129,0.996208,0.993898,70,70,1.0,CONFIRMED_NEAR_DUPLICATE,pHash=0; dHash=0; aHash=0; aspect_delta=0.2500; pixel_corr=0.9991; SSIM=0.9962; hist_corr=0.9939; ORB_good=70; ORB_inliers=70; ORB_inlier_ratio=1.0000,HIGH_CONFIDENCE_NEAR_DUPLICATE
Non-Venomous/Common Sand Boa/0844.jpeg,Common Sand Boa,Non-Venomous,train/Non_Venomous_Snake/0604.jpg,Non_Venomous_Snake,TRAIN,2,2,HIGH_CONFIDENCE_NEAR_DUPLICATE,4,0.333333,0.89174,0.593045,0.997819,65,57,0.876923,CONFIRMED_NEAR_DUPLICATE,pHash=2; dHash=2; aHash=4; aspect_delta=0.3333; pixel_corr=0.8917; SSIM=0.5930; hist_corr=0.9978; ORB_good=65; ORB_inliers=57; ORB_inlier_ratio=0.8769,HIGH_CONFIDENCE_NEAR_DUPLICATE
Non-Venomous/Common Sand Boa/1157751.jpg,Common Sand Boa,Non-Venomous,test/Non_Venomous_Snake/1157751.jpg,Non_Venomous_Snake,TEST,0,1,HIGH_CONFIDENCE_NEAR_DUPLICATE,0,0.328685,0.999355,0.995672,0.999452,76,74,0.973684,CONFIRMED_NEAR_DUPLICATE,pHash=0; dHash=1; aHash=0; aspect_delta=0.3287; pixel_corr=0.9994; SSIM=0.9957; hist_corr=0.9995; ORB_good=76; ORB_inliers=74; ORB_inlier_ratio=0.9737,HIGH_CONFIDENCE_NEAR_DUPLICATE
Non-Venomous/Common Sand Boa/1200px-Eryx_jaculus.jpg,Common Sand Boa,Non-Venomous,test/Non_Venomous_Snake/1200px-Eryx_jaculus.jpg,Non_Venomous_Snake,TEST,0,0,HIGH_CONFIDENCE_NEAR_DUPLICATE,0,0.343333,0.999629,0.998511,0.998634,18,18,1.0,LIKELY_NEAR_DUPLICATE,pHash=0; dHash=0; aHash=0; aspect_delta=0.3433; pixel_corr=0.9996; SSIM=0.9985; hist_corr=0.9986; ORB_good=18; ORB_inliers=18; ORB_inlier_ratio=1.0000,POSSIBLE_NEAR_DUPLICATE
Non-Venomous/Common Sand Boa/20141005_190516.jpg,Common Sand Boa,Non-Venomous,train/Non_Venomous_Snake/20141005_190516.jpg,Non_Venomous_Snake,TRAIN,0,0,HIGH_CONFIDENCE_NEAR_DUPLICATE,0,0.25,0.999859,0.997782,0.999971,0,0,0.0,POSSIBLE_NEAR_DUPLICATE,pHash=0; dHash=0; aHash=0; aspect_delta=0.2500; pixel_corr=0.9999; SSIM=0.9978; hist_corr=1.0000; ORB_good=0; ORB_inliers=0; ORB_inlier_ratio=0.0000,POSSIBLE_NEAR_DUPLICATE
Non-Venomous/Common Sand Boa/300px-Boa.jpg,Common Sand Boa,Non-Venomous,test/Non_Venomous_Snake/300px-Boa.jpg,Non_Venomous_Snake,TEST,0,0,HIGH_CONFIDENCE_NEAR_DUPLICATE,0,0.376667,0.998306,0.995553,0.999771,21,19,0.904762,CONFIRMED_NEAR_DUPLICATE,pHash=0; dHash=0; aHash=0; aspect_delta=0.3767; pixel_corr=0.9983; SSIM=0.9956; hist_corr=0.9998; ORB_good=21; ORB_inliers=19; ORB_inlier_ratio=0.9048,HIGH_CONFIDENCE_NEAR_DUPLICATE
Non-Venomous/Common Sand Boa/3121447067_f9ce8f7a98_b.jpg,Common Sand Boa,Non-Venomous,train/Non_Venomous_Snake/3121447067_f9ce8f7a98_b.jpg,Non_Venomous_Snake,TRAIN,0,0,HIGH_CONFIDENCE_NEAR_DUPLICATE,0,0.25,0.999487,0.996342,0.998798,81,79,0.975309,CONFIRMED_NEAR_DUPLICATE,pHash=0; dHash=0; aHash=0; aspect_delta=0.2500; pixel_corr=0.9995; SSIM=0.9963; hist_corr=0.9988; ORB_good=81; ORB_inliers=79; ORB_inlier_ratio=0.9753,HIGH_CONFIDENCE_NEAR_DUPLICATE
Non-Venomous/Common Sand Boa/450-27504292-common-sand-boa-snake.jpg,Common Sand Boa,Non-Venomous,test/Non_Venomous_Snake/450-27504292-common-sand-boa-snake.jpg,Non_Venomous_Snake,TEST,0,0,HIGH_CONFIDENCE_NEAR_DUPLICATE,0,0.315556,0.999023,0.996117,0.999873,102,98,0.960784,CONFIRMED_NEAR_DUPLICATE,pHash=0; dHash=0; aHash=0; aspect_delta=0.3156; pixel_corr=0.9990; SSIM=0.9961; hist_corr=0.9999; ORB_good=102; ORB_inliers=98; ORB_inlier_ratio=0.9608,HIGH_CONFIDENCE_NEAR_DUPLICATE
Non-Venomous/Common Sand Boa/50300131.jpg,Common Sand Boa,Non-Venomous,train/Non_Venomous_Snake/50300131.jpg,Non_Venomous_Snake,TRAIN,0,0,HIGH_CONFIDENCE_NEAR_DUPLICATE,0,0.334,0.999934,0.999445,0.999938,63,61,0.968254,CONFIRMED_NEAR_DUPLICATE,pHash=0; dHash=0; aHash=0; aspect_delta=0.3340; pixel_corr=0.9999; SSIM=0.9994; hist_corr=0.9999; ORB_good=63; ORB_inliers=61; ORB_inlier_ratio=0.9683,HIGH_CONFIDENCE_NEAR_DUPLICATE
Non-Venomous/Common Sand Boa/71cca88c06df3d66ba9bbc5c79ec7bc7.jpg,Common Sand Boa,Non-Venomous,validation/Non_Venomous_Snake/71cca88c06df3d66ba9bbc5c79ec7bc7.jpg,Non_Venomous_Snake,VALIDATION,0,0,HIGH_CONFIDENCE_NEAR_DUPLICATE,0,0.0,0.999706,0.998607,0.996922,243,240,0.987654,CONFIRMED_NEAR_DUPLICATE,pHash=0; dHash=0; aHash=0; aspect_delta=0.0000; pixel_corr=0.9997; SSIM=0.9986; hist_corr=0.9969; ORB_good=243; ORB_inliers=240; ORB_inlier_ratio=0.9877,HIGH_CONFIDENCE_NEAR_DUPLICATE
Non-Venomous/Common Sand Boa/a57b14f8130c77339a33b5f7c40a0952--beautiful-snakes-sands.jpg,Common Sand Boa,Non-Venomous,validation/Non_Venomous_Snake/a57b14f8130c77339a33b5f7c40a0952--beautiful-snakes-sands.jpg,Non_Venomous_Snake,VALIDATION,0,0,HIGH_CONFIDENCE_NEAR_DUPLICATE,0,0.251562,0.999708,0.995576,0.999465,122,115,0.942623,CONFIRMED_NEAR_DUPLICATE,pHash=0; dHash=0; aHash=0; aspect_delta=0.2516; pixel_corr=0.9997; SSIM=0.9956; hist_corr=0.9995; ORB_good=122; ORB_inliers=115; ORB_inlier_ratio=0.9426,HIGH_CONFIDENCE_NEAR_DUPLICATE
Non-Venomous/Common Sand Boa/Arabian-sand-boa-hatching.jpg,Common Sand Boa,Non-Venomous,validation/Non_Venomous_Snake/Arabian-sand-boa-hatching.jpg,Non_Venomous_Snake,VALIDATION,0,1,HIGH_CONFIDENCE_NEAR_DUPLICATE,0,0.241538,0.999682,0.997654,0.999199,151,151,1.0,CONFIRMED_NEAR_DUPLICATE,pHash=0; dHash=1; aHash=0; aspect_delta=0.2415; pixel_corr=0.9997; SSIM=0.9977; hist_corr=0.9992; ORB_good=151; ORB_inliers=151; ORB_inlier_ratio=1.0000,HIGH_CONFIDENCE_NEAR_DUPLICATE
Non-Venomous/Common Sand Boa/Arabian-sand-boa-head-detail.jpg,Common Sand Boa,Non-Venomous,train/Non_Venomous_Snake/Arabian-sand-boa-head-detail.jpg,Non_Venomous_Snake,TRAIN,0,1,HIGH_CONFIDENCE_NEAR_DUPLICATE,0,0.330769,0.998981,0.99583,0.999852,56,52,0.928571,CONFIRMED_NEAR_DUPLICATE,pHash=0; dHash=1; aHash=0; aspect_delta=0.3308; pixel_corr=0.9990; SSIM=0.9958; hist_corr=0.9999; ORB_good=56; ORB_inliers=52; ORB_inlier_ratio=0.9286,HIGH_CONFIDENCE_NEAR_DUPLICATE
Non-Venomous/Common Sand Boa/Arabian-sand-boa-on-top-of-sand.jpg,Common Sand Boa,Non-Venomous,train/Non_Venomous_Snake/Arabian-sand-boa-on-top-of-sand.jpg,Non_Venomous_Snake,TRAIN,0,3,POSSIBLE_NEAR_DUPLICATE,0,0.330769,0.999096,0.992546,0.999922,71,50,0.704225,CONFIRMED_NEAR_DUPLICATE,pHash=0; dHash=3; aHash=0; aspect_delta=0.3308; pixel_corr=0.9991; SSIM=0.9925; hist_corr=0.9999; ORB_good=71; ORB_inliers=50; ORB_inlier_ratio=0.7042,HIGH_CONFIDENCE_NEAR_DUPLICATE
Non-Venomous/Common Sand Boa/arabian-sand-boa-pattern.jpg,Common Sand Boa,Non-Venomous,validation/Non_Venomous_Snake/arabian-sand-boa-pattern.jpg,Non_Venomous_Snake,VALIDATION,0,0,HIGH_CONFIDENCE_NEAR_DUPLICATE,0,0.238462,0.997997,0.989986,0.99974,122,122,1.0,CONFIRMED_NEAR_DUPLICATE,pHash=0; dHash=0; aHash=0; aspect_delta=0.2385; pixel_corr=0.9980; SSIM=0.9900; hist_corr=0.9997; ORB_good=122; ORB_inliers=122; ORB_inlier_ratio=1.0000,HIGH_CONFIDENCE_NEAR_DUPLICATE
Non-Venomous/Common Sand Boa/Arabian-sand-boa.jpg,Common Sand Boa,Non-Venomous,train/Non_Venomous_Snake/Arabian-sand-boa.jpg,Non_Venomous_Snake,TRAIN,0,0,HIGH_CONFIDENCE_NEAR_DUPLICATE,0,0.330769,0.99932,0.996858,0.998057,62,61,0.983871,CONFIRMED_NEAR_DUPLICATE,pHash=0; dHash=0; aHash=0; aspect_delta=0.3308; pixel_corr=0.9993; SSIM=0.9969; hist_corr=0.9981; ORB_good=62; ORB_inliers=61; ORB_inlier_ratio=0.9839,HIGH_CONFIDENCE_NEAR_DUPLICATE
Non-Venomous/Common Sand Boa/common-sand-boa-gongylophis-conicus-non-venomous-common-BXKTGW.jpg,Common Sand Boa,Non-Venomous,train/Non_Venomous_Snake/common-sand-boa-gongylophis-conicus-non-venomous-common-BXKTGW.jpg,Non_Venomous_Snake,TRAIN,0,1,HIGH_CONFIDENCE_NEAR_DUPLICATE,0,0.264615,0.998879,0.994098,0.998589,40,39,0.975,CONFIRMED_NEAR_DUPLICATE,pHash=0; dHash=1; aHash=0; aspect_delta=0.2646; pixel_corr=0.9989; SSIM=0.9941; hist_corr=0.9986; ORB_good=40; ORB_inliers=39; ORB_inlier_ratio=0.9750,HIGH_CONFIDENCE_NEAR_DUPLICATE
Non-Venomous/Common Sand Boa/common-sand-boa-gongylophis-conicus-non-venomous-common-C68YX7.jpg,Common Sand Boa,Non-Venomous,train/Non_Venomous_Snake/common-sand-boa-gongylophis-conicus-non-venomous-common-C68YX7.jpg,Non_Venomous_Snake,TRAIN,0,0,HIGH_CONFIDENCE_NEAR_DUPLICATE,0,0.264615,0.998898,0.994634,0.998692,65,62,0.953846,CONFIRMED_NEAR_DUPLICATE,pHash=0; dHash=0; aHash=0; aspect_delta=0.2646; pixel_corr=0.9989; SSIM=0.9946; hist_corr=0.9987; ORB_good=65; ORB_inliers=62; ORB_inlier_ratio=0.9538,HIGH_CONFIDENCE_NEAR_DUPLICATE
Non-Venomous/Common Sand Boa/common-sand-boa-gongylophis-conicus-non-venomous-common-c68yx7_001.jpg,Common Sand Boa,Non-Venomous,train/Non_Venomous_Snake/common-sand-boa-gongylophis-conicus-non-venomous-common-c68yx7_001.jpg,Non_Venomous_Snake,TRAIN,0,0,HIGH_CONFIDENCE_NEAR_DUPLICATE,0,0.288889,0.99956,0.995364,0.999715,127,122,0.96063,CONFIRMED_NEAR_DUPLICATE,pHash=0; dHash=0; aHash=0; aspect_delta=0.2889; pixel_corr=0.9996; SSIM=0.9954; hist_corr=0.9997; ORB_good=127; ORB_inliers=122; ORB_inlier_ratio=0.9606,HIGH_CONFIDENCE_NEAR_DUPLICATE
Non-Venomous/Common Sand Boa/common-sand-boa-gongylophis-conicus-non-venomous-common-c68yy3.jpg,Common Sand Boa,Non-Venomous,train/Non_Venomous_Snake/common-sand-boa-gongylophis-conicus-non-venomous-common-c68yy3.jpg,Non_Venomous_Snake,TRAIN,0,0,HIGH_CONFIDENCE_NEAR_DUPLICATE,0,0.303125,0.999418,0.995886,0.999034,89,86,0.966292,CONFIRMED_NEAR_DUPLICATE,pHash=0; dHash=0; aHash=0; aspect_delta=0.3031; pixel_corr=0.9994; SSIM=0.9959; hist_corr=0.9990; ORB_good=89; ORB_inliers=86; ORB_inlier_ratio=0.9663,HIGH_CONFIDENCE_NEAR_DUPLICATE
Non-Venomous/Common Sand Boa/common-sand-boa-gongylophis-conicus-non-venomous-common-C68YY3_001.jpg,Common Sand Boa,Non-Venomous,train/Non_Venomous_Snake/common-sand-boa-gongylophis-conicus-non-venomous-common-C68YY3_001.jpg,Non_Venomous_Snake,TRAIN,0,0,HIGH_CONFIDENCE_NEAR_DUPLICATE,0,0.264615,0.999008,0.996372,0.998931,57,55,0.964912,CONFIRMED_NEAR_DUPLICATE,pHash=0; dHash=0; aHash=0; aspect_delta=0.2646; pixel_corr=0.9990; SSIM=0.9964; hist_corr=0.9989; ORB_good=57; ORB_inliers=55; ORB_inlier_ratio=0.9649,HIGH_CONFIDENCE_NEAR_DUPLICATE
Non-Venomous/Common Sand Boa/common-sand-boa-gongylophis-conicus-non-venomous-common-CC0C30.jpg,Common Sand Boa,Non-Venomous,train/Non_Venomous_Snake/common-sand-boa-gongylophis-conicus-non-venomous-common-CC0C30.jpg,Non_Venomous_Snake,TRAIN,0,1,HIGH_CONFIDENCE_NEAR_DUPLICATE,0,0.261538,0.998008,0.994463,0.998398,36,35,0.972222,CONFIRMED_NEAR_DUPLICATE,pHash=0; dHash=1; aHash=0; aspect_delta=0.2615; pixel_corr=0.9980; SSIM=0.9945; hist_corr=0.9984; ORB_good=36; ORB_inliers=35; ORB_inlier_ratio=0.9722,HIGH_CONFIDENCE_NEAR_DUPLICATE
Non-Venomous/Common Sand Boa/common-sand-boa-gongylophis-conicus-non-venomous-common-marol-andheri-b8em6g.jpg,Common Sand Boa,Non-Venomous,train/Non_Venomous_Snake/common-sand-boa-gongylophis-conicus-non-venomous-common-marol-andheri-b8em6g.jpg,Non_Venomous_Snake,TRAIN,0,1,HIGH_CONFIDENCE_NEAR_DUPLICATE,0,0.361702,0.999343,0.99816,0.993471,39,33,0.846154,CONFIRMED_NEAR_DUPLICATE,pHash=0; dHash=1; aHash=0; aspect_delta=0.3617; pixel_corr=0.9993; SSIM=0.9982; hist_corr=0.9935; ORB_good=39; ORB_inliers=33; ORB_inlier_ratio=0.8462,HIGH_CONFIDENCE_NEAR_DUPLICATE
Non-Venomous/Common Sand Boa/common-sand-boa-gongylophis-conicus-non-venomous-common-marol-andheri-B8EM8G.jpg,Common Sand Boa,Non-Venomous,train/Non_Venomous_Snake/common-sand-boa-gongylophis-conicus-non-venomous-common-marol-andheri-B8EM8G.jpg,Non_Venomous_Snake,TRAIN,2,0,HIGH_CONFIDENCE_NEAR_DUPLICATE,0,0.264615,0.998905,0.997467,0.99698,45,43,0.955556,CONFIRMED_NEAR_DUPLICATE,pHash=2; dHash=0; aHash=0; aspect_delta=0.2646; pixel_corr=0.9989; SSIM=0.9975; hist_corr=0.9970; ORB_good=45; ORB_inliers=43; ORB_inlier_ratio=0.9556,HIGH_CONFIDENCE_NEAR_DUPLICATE
Non-Venomous/Common Sand Boa/common-sand-boa-gongylophis-conicus-non-venomous-kept-in-basket-for-AT2BGJ.jpg,Common Sand Boa,Non-Venomous,train/Non_Venomous_Snake/common-sand-boa-gongylophis-conicus-non-venomous-kept-in-basket-for-AT2BGJ.jpg,Non_Venomous_Snake,TRAIN,0,0,HIGH_CONFIDENCE_NEAR_DUPLICATE,0,0.280769,0.99967,0.996576,0.999337,57,57,1.0,CONFIRMED_NEAR_DUPLICATE,pHash=0; dHash=0; aHash=0; aspect_delta=0.2808; pixel_corr=0.9997; SSIM=0.9966; hist_corr=0.9993; ORB_good=57; ORB_inliers=57; ORB_inlier_ratio=1.0000,HIGH_CONFIDENCE_NEAR_DUPLICATE
Non-Venomous/Common Sand Boa/common-sand-boa-mumbai-india-F7NF7T.jpg,Common Sand Boa,Non-Venomous,validation/Non_Venomous_Snake/common-sand-boa-mumbai-india-F7NF7T.jpg,Non_Venomous_Snake,VALIDATION,0,1,HIGH_CONFIDENCE_NEAR_DUPLICATE,0,0.264615,0.999823,0.996799,0.999939,40,38,0.95,CONFIRMED_NEAR_DUPLICATE,pHash=0; dHash=1; aHash=0; aspect_delta=0.2646; pixel_corr=0.9998; SSIM=0.9968; hist_corr=0.9999; ORB_good=40; ORB_inliers=38; ORB_inlier_ratio=0.9500,HIGH_CONFIDENCE_NEAR_DUPLICATE
Non-Venomous/Common Sand Boa/common_sand_boa_by_sippyphotography-d68ltcg.jpg,Common Sand Boa,Non-Venomous,validation/Non_Venomous_Snake/common_sand_boa_by_sippyphotography-d68ltcg.jpg,Non_Venomous_Snake,VALIDATION,0,1,HIGH_CONFIDENCE_NEAR_DUPLICATE,0,0.333008,0.99987,0.996917,0.999262,28,27,0.964286,CONFIRMED_NEAR_DUPLICATE,pHash=0; dHash=1; aHash=0; aspect_delta=0.3330; pixel_corr=0.9999; SSIM=0.9969; hist_corr=0.9993; ORB_good=28; ORB_inliers=27; ORB_inlier_ratio=0.9643,HIGH_CONFIDENCE_NEAR_DUPLICATE
Non-Venomous/Common Sand Boa/DSC_0002r_(2).jpg,Common Sand Boa,Non-Venomous,train/Non_Venomous_Snake/DSC_0002r_(2).jpg,Non_Venomous_Snake,TRAIN,0,0,HIGH_CONFIDENCE_NEAR_DUPLICATE,0,0.335548,0.999513,0.997276,0.99979,100,80,0.8,CONFIRMED_NEAR_DUPLICATE,pHash=0; dHash=0; aHash=0; aspect_delta=0.3355; pixel_corr=0.9995; SSIM=0.9973; hist_corr=0.9998; ORB_good=100; ORB_inliers=80; ORB_inlier_ratio=0.8000,HIGH_CONFIDENCE_NEAR_DUPLICATE
Non-Venomous/Common Sand Boa/DSC_0023r.jpg,Common Sand Boa,Non-Venomous,train/Non_Venomous_Snake/DSC_0023r.jpg,Non_Venomous_Snake,TRAIN,0,1,HIGH_CONFIDENCE_NEAR_DUPLICATE,0,0.335548,0.999537,0.997611,0.999723,53,46,0.867925,CONFIRMED_NEAR_DUPLICATE,pHash=0; dHash=1; aHash=0; aspect_delta=0.3355; pixel_corr=0.9995; SSIM=0.9976; hist_corr=0.9997; ORB_good=53; ORB_inliers=46; ORB_inlier_ratio=0.8679,HIGH_CONFIDENCE_NEAR_DUPLICATE
Non-Venomous/Common Sand Boa/econf.jpg,Common Sand Boa,Non-Venomous,train/Non_Venomous_Snake/econf.jpg,Non_Venomous_Snake,TRAIN,0,0,HIGH_CONFIDENCE_NEAR_DUPLICATE,0,0.465479,0.999588,0.996655,0.999888,13,8,0.615385,POSSIBLE_NEAR_DUPLICATE,pHash=0; dHash=0; aHash=0; aspect_delta=0.4655; pixel_corr=0.9996; SSIM=0.9967; hist_corr=0.9999; ORB_good=13; ORB_inliers=8; ORB_inlier_ratio=0.6154,POSSIBLE_NEAR_DUPLICATE
Non-Venomous/Common Sand Boa/econmfj.jpg,Common Sand Boa,Non-Venomous,train/Non_Venomous_Snake/econmfj.jpg,Non_Venomous_Snake,TRAIN,0,1,HIGH_CONFIDENCE_NEAR_DUPLICATE,0,0.225806,0.998221,0.995649,0.999836,136,126,0.926471,CONFIRMED_NEAR_DUPLICATE,pHash=0; dHash=1; aHash=0; aspect_delta=0.2258; pixel_corr=0.9982; SSIM=0.9956; hist_corr=0.9998; ORB_good=136; ORB_inliers=126; ORB_inlier_ratio=0.9265,HIGH_CONFIDENCE_NEAR_DUPLICATE
Non-Venomous/Common Sand Boa/ejpersic.jpg,Common Sand Boa,Non-Venomous,train/Non_Venomous_Snake/ejpersic.jpg,Non_Venomous_Snake,TRAIN,2,0,HIGH_CONFIDENCE_NEAR_DUPLICATE,2,0.175,0.999315,0.998071,0.999701,259,242,0.934363,CONFIRMED_NEAR_DUPLICATE,pHash=2; dHash=0; aHash=2; aspect_delta=0.1750; pixel_corr=0.9993; SSIM=0.9981; hist_corr=0.9997; ORB_good=259; ORB_inliers=242; ORB_inlier_ratio=0.9344,HIGH_CONFIDENCE_NEAR_DUPLICATE
Non-Venomous/Common Sand Boa/emm_m1.jpg,Common Sand Boa,Non-Venomous,train/Non_Venomous_Snake/emm_m1.jpg,Non_Venomous_Snake,TRAIN,0,0,HIGH_CONFIDENCE_NEAR_DUPLICATE,0,0.494737,0.999844,0.995258,0.999953,7,6,0.857143,POSSIBLE_NEAR_DUPLICATE,pHash=0; dHash=0; aHash=0; aspect_delta=0.4947; pixel_corr=0.9998; SSIM=0.9953; hist_corr=1.0000; ORB_good=7; ORB_inliers=6; ORB_inlier_ratio=0.8571,POSSIBLE_NEAR_DUPLICATE
Non-Venomous/Common Sand Boa/Eryx conicus.jpg,Common Sand Boa,Non-Venomous,validation/Non_Venomous_Snake/Eryx conicus.jpg,Non_Venomous_Snake,VALIDATION,0,0,HIGH_CONFIDENCE_NEAR_DUPLICATE,0,0.25,0.999518,0.997794,0.999854,106,103,0.971698,CONFIRMED_NEAR_DUPLICATE,pHash=0; dHash=0; aHash=0; aspect_delta=0.2500; pixel_corr=0.9995; SSIM=0.9978; hist_corr=0.9999; ORB_good=106; ORB_inliers=103; ORB_inlier_ratio=0.9717,HIGH_CONFIDENCE_NEAR_DUPLICATE
Non-Venomous/Common Sand Boa/eryx_jayakari.jpg,Common Sand Boa,Non-Venomous,train/Non_Venomous_Snake/eryx_jayakari.jpg,Non_Venomous_Snake,TRAIN,0,1,HIGH_CONFIDENCE_NEAR_DUPLICATE,0,0.285714,0.99944,0.991524,0.999308,97,89,0.917526,CONFIRMED_NEAR_DUPLICATE,pHash=0; dHash=1; aHash=0; aspect_delta=0.2857; pixel_corr=0.9994; SSIM=0.9915; hist_corr=0.9993; ORB_good=97; ORB_inliers=89; ORB_inlier_ratio=0.9175,HIGH_CONFIDENCE_NEAR_DUPLICATE
Non-Venomous/Common Sand Boa/Eryx_jayakari_by_Omid_Mozaffari.jpg,Common Sand Boa,Non-Venomous,train/Non_Venomous_Snake/Eryx_jayakari_by_Omid_Mozaffari.jpg,Non_Venomous_Snake,TRAIN,0,0,HIGH_CONFIDENCE_NEAR_DUPLICATE,0,0.362857,0.999701,0.997243,0.999208,34,31,0.911765,CONFIRMED_NEAR_DUPLICATE,pHash=0; dHash=0; aHash=0; aspect_delta=0.3629; pixel_corr=0.9997; SSIM=0.9972; hist_corr=0.9992; ORB_good=34; ORB_inliers=31; ORB_inlier_ratio=0.9118,HIGH_CONFIDENCE_NEAR_DUPLICATE
Non-Venomous/Common Sand Boa/etatarf.jpg,Common Sand Boa,Non-Venomous,train/Non_Venomous_Snake/etatarf.jpg,Non_Venomous_Snake,TRAIN,0,0,HIGH_CONFIDENCE_NEAR_DUPLICATE,0,0.372549,0.99947,0.996081,0.999816,36,33,0.916667,CONFIRMED_NEAR_DUPLICATE,pHash=0; dHash=0; aHash=0; aspect_delta=0.3725; pixel_corr=0.9995; SSIM=0.9961; hist_corr=0.9998; ORB_good=36; ORB_inliers=33; ORB_inlier_ratio=0.9167,HIGH_CONFIDENCE_NEAR_DUPLICATE
Non-Venomous/Common Sand Boa/etatarm.jpg,Common Sand Boa,Non-Venomous,train/Non_Venomous_Snake/etatarm.jpg,Non_Venomous_Snake,TRAIN,0,0,HIGH_CONFIDENCE_NEAR_DUPLICATE,0,0.355705,0.999351,0.997181,0.99982,29,27,0.931034,CONFIRMED_NEAR_DUPLICATE,pHash=0; dHash=0; aHash=0; aspect_delta=0.3557; pixel_corr=0.9994; SSIM=0.9972; hist_corr=0.9998; ORB_good=29; ORB_inliers=27; ORB_inlier_ratio=0.9310,HIGH_CONFIDENCE_NEAR_DUPLICATE
Non-Venomous/Common Sand Boa/gongylophis_conicusl.jpg,Common Sand Boa,Non-Venomous,train/Non_Venomous_Snake/gongylophis_conicusl.jpg,Non_Venomous_Snake,TRAIN,0,0,HIGH_CONFIDENCE_NEAR_DUPLICATE,0,0.333333,0.999641,0.997953,0.999647,86,85,0.988372,CONFIRMED_NEAR_DUPLICATE,pHash=0; dHash=0; aHash=0; aspect_delta=0.3333; pixel_corr=0.9996; SSIM=0.9980; hist_corr=0.9996; ORB_good=86; ORB_inliers=85; ORB_inlier_ratio=0.9884,HIGH_CONFIDENCE_NEAR_DUPLICATE
Non-Venomous/Common Sand Boa/ika-60455-reptiles-snake-eating-mouse-common-sand-boa-eryx-conicus-bfnr2f.jpg,Common Sand Boa,Non-Venomous,train/Non_Venomous_Snake/ika-60455-reptiles-snake-eating-mouse-common-sand-boa-eryx-conicus-bfnr2f.jpg,Non_Venomous_Snake,TRAIN,0,0,HIGH_CONFIDENCE_NEAR_DUPLICATE,0,0.303125,0.9994,0.997276,0.996167,108,106,0.981481,CONFIRMED_NEAR_DUPLICATE,pHash=0; dHash=0; aHash=0; aspect_delta=0.3031; pixel_corr=0.9994; SSIM=0.9973; hist_corr=0.9962; ORB_good=108; ORB_inliers=106; ORB_inlier_ratio=0.9815,HIGH_CONFIDENCE_NEAR_DUPLICATE
Non-Venomous/Common Sand Boa/IMG_0860 copy.jpg,Common Sand Boa,Non-Venomous,train/Non_Venomous_Snake/IMG_0860 copy.jpg,Non_Venomous_Snake,TRAIN,0,1,HIGH_CONFIDENCE_NEAR_DUPLICATE,0,0.26,0.999119,0.994691,0.999384,83,78,0.939759,CONFIRMED_NEAR_DUPLICATE,pHash=0; dHash=1; aHash=0; aspect_delta=0.2600; pixel_corr=0.9991; SSIM=0.9947; hist_corr=0.9994; ORB_good=83; ORB_inliers=78; ORB_inlier_ratio=0.9398,HIGH_CONFIDENCE_NEAR_DUPLICATE
Non-Venomous/Common Sand Boa/img_4608.jpg,Common Sand Boa,Non-Venomous,train/Non_Venomous_Snake/36.jpg,Non_Venomous_Snake,TRAIN,2,2,HIGH_CONFIDENCE_NEAR_DUPLICATE,0,0.25,0.999439,0.986889,0.996648,19,18,0.947368,LIKELY_NEAR_DUPLICATE,pHash=2; dHash=2; aHash=0; aspect_delta=0.2500; pixel_corr=0.9994; SSIM=0.9869; hist_corr=0.9966; ORB_good=19; ORB_inliers=18; ORB_inlier_ratio=0.9474,POSSIBLE_NEAR_DUPLICATE
Non-Venomous/Common Sand Boa/Javelin-sand-boa-dorsal-view.jpg,Common Sand Boa,Non-Venomous,train/Non_Venomous_Snake/Javelin-sand-boa-dorsal-view.jpg,Non_Venomous_Snake,TRAIN,0,0,HIGH_CONFIDENCE_NEAR_DUPLICATE,0,0.333846,0.999039,0.998223,0.99655,23,22,0.956522,CONFIRMED_NEAR_DUPLICATE,pHash=0; dHash=0; aHash=0; aspect_delta=0.3338; pixel_corr=0.9990; SSIM=0.9982; hist_corr=0.9965; ORB_good=23; ORB_inliers=22; ORB_inlier_ratio=0.9565,HIGH_CONFIDENCE_NEAR_DUPLICATE
Non-Venomous/Common Sand Boa/javelin-sand-boa.jpg,Common Sand Boa,Non-Venomous,train/Non_Venomous_Snake/javelin-sand-boa.jpg,Non_Venomous_Snake,TRAIN,0,0,HIGH_CONFIDENCE_NEAR_DUPLICATE,0,0.367692,0.99872,0.996618,0.998768,29,28,0.965517,CONFIRMED_NEAR_DUPLICATE,pHash=0; dHash=0; aHash=0; aspect_delta=0.3677; pixel_corr=0.9987; SSIM=0.9966; hist_corr=0.9988; ORB_good=29; ORB_inliers=28; ORB_inlier_ratio=0.9655,HIGH_CONFIDENCE_NEAR_DUPLICATE
Non-Venomous/Common Sand Boa/kenyan-sand-boa-burrowing.jpg,Common Sand Boa,Non-Venomous,train/Non_Venomous_Snake/kenyan-sand-boa-burrowing.jpg,Non_Venomous_Snake,TRAIN,0,0,HIGH_CONFIDENCE_NEAR_DUPLICATE,0,0.309231,0.999661,0.997272,0.999182,106,104,0.981132,CONFIRMED_NEAR_DUPLICATE,pHash=0; dHash=0; aHash=0; aspect_delta=0.3092; pixel_corr=0.9997; SSIM=0.9973; hist_corr=0.9992; ORB_good=106; ORB_inliers=104; ORB_inlier_ratio=0.9811,HIGH_CONFIDENCE_NEAR_DUPLICATE
Non-Venomous/Common Sand Boa/kenyan-sand-boa-subspecies-loveridgei_001.jpg,Common Sand Boa,Non-Venomous,train/Non_Venomous_Snake/kenyan-sand-boa-subspecies-loveridgei_001.jpg,Non_Venomous_Snake,TRAIN,0,1,HIGH_CONFIDENCE_NEAR_DUPLICATE,0,0.333846,0.999401,0.993473,0.99971,84,80,0.952381,CONFIRMED_NEAR_DUPLICATE,pHash=0; dHash=1; aHash=0; aspect_delta=0.3338; pixel_corr=0.9994; SSIM=0.9935; hist_corr=0.9997; ORB_good=84; ORB_inliers=80; ORB_inlier_ratio=0.9524,HIGH_CONFIDENCE_NEAR_DUPLICATE
Non-Venomous/Common Sand Boa/kenyan-sand-boa.jpg,Common Sand Boa,Non-Venomous,train/Non_Venomous_Snake/kenyan-sand-boa.jpg,Non_Venomous_Snake,TRAIN,2,0,HIGH_CONFIDENCE_NEAR_DUPLICATE,0,0.444015,0.999765,0.997641,0.999747,9,6,0.666667,POSSIBLE_NEAR_DUPLICATE,pHash=2; dHash=0; aHash=0; aspect_delta=0.4440; pixel_corr=0.9998; SSIM=0.9976; hist_corr=0.9997; ORB_good=9; ORB_inliers=6; ORB_inlier_ratio=0.6667,POSSIBLE_NEAR_DUPLICATE
Non-Venomous/Common Sand Boa/kenyan.jpg,Common Sand Boa,Non-Venomous,train/Non_Venomous_Snake/kenyan.jpg,Non_Venomous_Snake,TRAIN,0,0,HIGH_CONFIDENCE_NEAR_DUPLICATE,0,0.300971,0.999543,0.996879,0.999846,80,77,0.9625,CONFIRMED_NEAR_DUPLICATE,pHash=0; dHash=0; aHash=0; aspect_delta=0.3010; pixel_corr=0.9995; SSIM=0.9969; hist_corr=0.9998; ORB_good=80; ORB_inliers=77; ORB_inlier_ratio=0.9625,HIGH_CONFIDENCE_NEAR_DUPLICATE
Non-Venomous/Common Sand Boa/Photo-0187.jpg,Common Sand Boa,Non-Venomous,train/Non_Venomous_Snake/Photo-0187.jpg,Non_Venomous_Snake,TRAIN,0,0,HIGH_CONFIDENCE_NEAR_DUPLICATE,0,0.468553,0.999368,0.99719,0.999988,18,9,0.5,LIKELY_NEAR_DUPLICATE,pHash=0; dHash=0; aHash=0; aspect_delta=0.4686; pixel_corr=0.9994; SSIM=0.9972; hist_corr=1.0000; ORB_good=18; ORB_inliers=9; ORB_inlier_ratio=0.5000,POSSIBLE_NEAR_DUPLICATE
Non-Venomous/Common Sand Boa/red-sand-boa-eryx-johnii-non-venomous-common-c690b1.jpg,Common Sand Boa,Non-Venomous,train/Non_Venomous_Snake/red-sand-boa-eryx-johnii-non-venomous-common-c690b1.jpg,Non_Venomous_Snake,TRAIN,0,0,HIGH_CONFIDENCE_NEAR_DUPLICATE,0,0.288889,0.999656,0.995354,0.999809,118,108,0.915254,CONFIRMED_NEAR_DUPLICATE,pHash=0; dHash=0; aHash=0; aspect_delta=0.2889; pixel_corr=0.9997; SSIM=0.9954; hist_corr=0.9998; ORB_good=118; ORB_inliers=108; ORB_inlier_ratio=0.9153,HIGH_CONFIDENCE_NEAR_DUPLICATE
Non-Venomous/Common Sand Boa/red-sand-boa-eryx-johnii-non-venomous-common-C690BE.jpg,Common Sand Boa,Non-Venomous,validation/Non_Venomous_Snake/red-sand-boa-eryx-johnii-non-venomous-common-C690BE.jpg,Non_Venomous_Snake,VALIDATION,0,0,HIGH_CONFIDENCE_NEAR_DUPLICATE,0,0.264615,0.999114,0.993994,0.999153,43,40,0.930233,CONFIRMED_NEAR_DUPLICATE,pHash=0; dHash=0; aHash=0; aspect_delta=0.2646; pixel_corr=0.9991; SSIM=0.9940; hist_corr=0.9992; ORB_good=43; ORB_inliers=40; ORB_inlier_ratio=0.9302,HIGH_CONFIDENCE_NEAR_DUPLICATE
Non-Venomous/Common Sand Boa/red-sand-boa-eryx-johnii-non-venomous-common-c6915g.jpg,Common Sand Boa,Non-Venomous,validation/Non_Venomous_Snake/red-sand-boa-eryx-johnii-non-venomous-common-c6915g.jpg,Non_Venomous_Snake,VALIDATION,0,0,HIGH_CONFIDENCE_NEAR_DUPLICATE,0,0.288889,0.999651,0.996731,0.999115,141,138,0.978723,CONFIRMED_NEAR_DUPLICATE,pHash=0; dHash=0; aHash=0; aspect_delta=0.2889; pixel_corr=0.9997; SSIM=0.9967; hist_corr=0.9991; ORB_good=141; ORB_inliers=138; ORB_inlier_ratio=0.9787,HIGH_CONFIDENCE_NEAR_DUPLICATE
Non-Venomous/Common Sand Boa/red-sand-boa.jpg,Common Sand Boa,Non-Venomous,train/Non_Venomous_Snake/red-sand-boa.jpg,Non_Venomous_Snake,TRAIN,0,1,HIGH_CONFIDENCE_NEAR_DUPLICATE,0,0.25,0.999735,0.995952,0.999739,179,162,0.905028,CONFIRMED_NEAR_DUPLICATE,pHash=0; dHash=1; aHash=0; aspect_delta=0.2500; pixel_corr=0.9997; SSIM=0.9960; hist_corr=0.9997; ORB_good=179; ORB_inliers=162; ORB_inlier_ratio=0.9050,HIGH_CONFIDENCE_NEAR_DUPLICATE
Non-Venomous/Common Sand Boa/Red_Sand_Boa_Eryx_johnii_by_Ashahar_alias_Krishna_Khan.jpg,Common Sand Boa,Non-Venomous,train/Non_Venomous_Snake/Red_Sand_Boa_Eryx_johnii_by_Ashahar_alias_Krishna_Khan.jpg,Non_Venomous_Snake,TRAIN,0,0,HIGH_CONFIDENCE_NEAR_DUPLICATE,0,0.25,0.999289,0.994093,0.998825,80,70,0.875,CONFIRMED_NEAR_DUPLICATE,pHash=0; dHash=0; aHash=0; aspect_delta=0.2500; pixel_corr=0.9993; SSIM=0.9941; hist_corr=0.9988; ORB_good=80; ORB_inliers=70; ORB_inlier_ratio=0.8750,HIGH_CONFIDENCE_NEAR_DUPLICATE
Non-Venomous/Common Sand Boa/rsf7-01.jpg,Common Sand Boa,Non-Venomous,train/Non_Venomous_Snake/rsf7-01.jpg,Non_Venomous_Snake,TRAIN,0,0,HIGH_CONFIDENCE_NEAR_DUPLICATE,0,0.25,0.999876,0.998995,0.999756,27,24,0.888889,CONFIRMED_NEAR_DUPLICATE,pHash=0; dHash=0; aHash=0; aspect_delta=0.2500; pixel_corr=0.9999; SSIM=0.9990; hist_corr=0.9998; ORB_good=27; ORB_inliers=24; ORB_inlier_ratio=0.8889,HIGH_CONFIDENCE_NEAR_DUPLICATE
Non-Venomous/Common Sand Boa/Russells_Boa.jpg,Common Sand Boa,Non-Venomous,train/Non_Venomous_Snake/Russells_Boa.jpg,Non_Venomous_Snake,TRAIN,0,0,HIGH_CONFIDENCE_NEAR_DUPLICATE,0,0.25,0.999492,0.997377,0.999245,154,151,0.980519,CONFIRMED_NEAR_DUPLICATE,pHash=0; dHash=0; aHash=0; aspect_delta=0.2500; pixel_corr=0.9995; SSIM=0.9974; hist_corr=0.9992; ORB_good=154; ORB_inliers=151; ORB_inlier_ratio=0.9805,HIGH_CONFIDENCE_NEAR_DUPLICATE
Non-Venomous/Common Sand Boa/Sand_Boa.jpg,Common Sand Boa,Non-Venomous,train/Non_Venomous_Snake/Sand_Boa.jpg,Non_Venomous_Snake,TRAIN,2,0,HIGH_CONFIDENCE_NEAR_DUPLICATE,0,0.17,0.999832,0.998386,0.999842,185,179,0.967568,CONFIRMED_NEAR_DUPLICATE,pHash=2; dHash=0; aHash=0; aspect_delta=0.1700; pixel_corr=0.9998; SSIM=0.9984; hist_corr=0.9998; ORB_good=185; ORB_inliers=179; ORB_inlier_ratio=0.9676,HIGH_CONFIDENCE_NEAR_DUPLICATE
Non-Venomous/Common Sand Boa/sandboa1.jpg,Common Sand Boa,Non-Venomous,train/Non_Venomous_Snake/sandboa1.jpg,Non_Venomous_Snake,TRAIN,0,0,HIGH_CONFIDENCE_NEAR_DUPLICATE,0,0.249123,0.999493,0.998309,0.99675,96,93,0.96875,CONFIRMED_NEAR_DUPLICATE,pHash=0; dHash=0; aHash=0; aspect_delta=0.2491; pixel_corr=0.9995; SSIM=0.9983; hist_corr=0.9967; ORB_good=96; ORB_inliers=93; ORB_inlier_ratio=0.9688,HIGH_CONFIDENCE_NEAR_DUPLICATE
Non-Venomous/Common Sand Boa/sandboa2.jpg,Common Sand Boa,Non-Venomous,train/Non_Venomous_Snake/sandboa2.jpg,Non_Venomous_Snake,TRAIN,0,1,HIGH_CONFIDENCE_NEAR_DUPLICATE,0,0.249123,0.999884,0.998606,0.999729,127,122,0.96063,CONFIRMED_NEAR_DUPLICATE,pHash=0; dHash=1; aHash=0; aspect_delta=0.2491; pixel_corr=0.9999; SSIM=0.9986; hist_corr=0.9997; ORB_good=127; ORB_inliers=122; ORB_inlier_ratio=0.9606,HIGH_CONFIDENCE_NEAR_DUPLICATE
Non-Venomous/Common Sand Boa/unnamed.png,Common Sand Boa,Non-Venomous,train/Non_Venomous_Snake/2jhhjj.jpg,Non_Venomous_Snake,TRAIN,2,4,POSSIBLE_NEAR_DUPLICATE,2,0.498047,0.831785,0.6479,0.995787,5,4,0.8,FALSE_POSITIVE_PERCEPTUAL_MATCH,pHash=2; dHash=4; aHash=2; aspect_delta=0.4980; pixel_corr=0.8318; SSIM=0.6479; hist_corr=0.9958; ORB_good=5; ORB_inliers=4; ORB_inlier_ratio=0.8000,NOT_DUPLICATE
Non-Venomous/Common Sand Boa/whitakers-sandboa-eryx-whitakeri-non-venomous-common-a-medium-sized-AX2GTX.jpg,Common Sand Boa,Non-Venomous,validation/Non_Venomous_Snake/whitakers-sandboa-eryx-whitakeri-non-venomous-common-a-medium-sized-AX2GTX.jpg,Non_Venomous_Snake,VALIDATION,0,0,HIGH_CONFIDENCE_NEAR_DUPLICATE,0,0.261538,0.999016,0.994915,0.999445,46,46,1.0,CONFIRMED_NEAR_DUPLICATE,pHash=0; dHash=0; aHash=0; aspect_delta=0.2615; pixel_corr=0.9990; SSIM=0.9949; hist_corr=0.9994; ORB_good=46; ORB_inliers=46; ORB_inlier_ratio=1.0000,HIGH_CONFIDENCE_NEAR_DUPLICATE
Non-Venomous/Common Trinket/0431.jpeg,Common Trinket,Non-Venomous,train/Non_Venomous_Snake/0431.jpg,Non_Venomous_Snake,TRAIN,6,1,POSSIBLE_NEAR_DUPLICATE,3,0.284916,0.514206,0.292044,0.997894,39,29,0.74359,CONFIRMED_NEAR_DUPLICATE,pHash=6; dHash=1; aHash=3; aspect_delta=0.2849; pixel_corr=0.5142; SSIM=0.2920; hist_corr=0.9979; ORB_good=39; ORB_inliers=29; ORB_inlier_ratio=0.7436,HIGH_CONFIDENCE_NEAR_DUPLICATE
Non-Venomous/Common Trinket/1200px-Elaphe_quadrivirgata.JPG,Common Trinket,Non-Venomous,train/Non_Venomous_Snake/1200px-Elaphe_quadrivirgata.JPG,Non_Venomous_Snake,TRAIN,0,0,HIGH_CONFIDENCE_NEAR_DUPLICATE,0,0.0,0.999278,0.996973,0.998942,99,98,0.989899,CONFIRMED_NEAR_DUPLICATE,pHash=0; dHash=0; aHash=0; aspect_delta=0.0000; pixel_corr=0.9993; SSIM=0.9970; hist_corr=0.9989; ORB_good=99; ORB_inliers=98; ORB_inlier_ratio=0.9899,HIGH_CONFIDENCE_NEAR_DUPLICATE
Non-Venomous/Common Trinket/1438844598IMG_0412.JPG,Common Trinket,Non-Venomous,train/Non_Venomous_Snake/1438844598IMG_0412.JPG,Non_Venomous_Snake,TRAIN,0,0,HIGH_CONFIDENCE_NEAR_DUPLICATE,0,0.438333,0.999738,0.998916,0.99982,23,18,0.782609,CONFIRMED_NEAR_DUPLICATE,pHash=0; dHash=0; aHash=0; aspect_delta=0.4383; pixel_corr=0.9997; SSIM=0.9989; hist_corr=0.9998; ORB_good=23; ORB_inliers=18; ORB_inlier_ratio=0.7826,HIGH_CONFIDENCE_NEAR_DUPLICATE
Non-Venomous/Common Trinket/15021341824_55f46f452d_m.jpg,Common Trinket,Non-Venomous,train/Non_Venomous_Snake/15021341824_55f46f452d_m.jpg,Non_Venomous_Snake,TRAIN,2,0,HIGH_CONFIDENCE_NEAR_DUPLICATE,0,0.395833,0.999392,0.997373,0.999921,10,8,0.8,POSSIBLE_NEAR_DUPLICATE,pHash=2; dHash=0; aHash=0; aspect_delta=0.3958; pixel_corr=0.9994; SSIM=0.9974; hist_corr=0.9999; ORB_good=10; ORB_inliers=8; ORB_inlier_ratio=0.8000,POSSIBLE_NEAR_DUPLICATE
Non-Venomous/Common Trinket/15053871203_517c7e024f_b.jpg,Common Trinket,Non-Venomous,validation/Non_Venomous_Snake/15053871203_517c7e024f_b.jpg,Non_Venomous_Snake,VALIDATION,0,1,HIGH_CONFIDENCE_NEAR_DUPLICATE,0,0.387695,0.999609,0.997784,0.998708,34,32,0.941176,CONFIRMED_NEAR_DUPLICATE,pHash=0; dHash=1; aHash=0; aspect_delta=0.3877; pixel_corr=0.9996; SSIM=0.9978; hist_corr=0.9987; ORB_good=34; ORB_inliers=32; ORB_inlier_ratio=0.9412,HIGH_CONFIDENCE_NEAR_DUPLICATE
Non-Venomous/Common Trinket/15649513156_3ac7281119_b.jpg,Common Trinket,Non-Venomous,train/Non_Venomous_Snake/15649513156_3ac7281119_b.jpg,Non_Venomous_Snake,TRAIN,0,0,HIGH_CONFIDENCE_NEAR_DUPLICATE,0,0.432617,0.999586,0.997875,0.994958,47,39,0.829787,CONFIRMED_NEAR_DUPLICATE,pHash=0; dHash=0; aHash=0; aspect_delta=0.4326; pixel_corr=0.9996; SSIM=0.9979; hist_corr=0.9950; ORB_good=47; ORB_inliers=39; ORB_inlier_ratio=0.8298,HIGH_CONFIDENCE_NEAR_DUPLICATE
Non-Venomous/Common Trinket/15673251455_665b455109_b.jpg,Common Trinket,Non-Venomous,train/Non_Venomous_Snake/15673251455_665b455109_b.jpg,Non_Venomous_Snake,TRAIN,0,0,HIGH_CONFIDENCE_NEAR_DUPLICATE,0,0.355469,0.999685,0.998121,0.998897,52,50,0.961538,CONFIRMED_NEAR_DUPLICATE,pHash=0; dHash=0; aHash=0; aspect_delta=0.3555; pixel_corr=0.9997; SSIM=0.9981; hist_corr=0.9989; ORB_good=52; ORB_inliers=50; ORB_inlier_ratio=0.9615,HIGH_CONFIDENCE_NEAR_DUPLICATE
Non-Venomous/Common Trinket/1922.jpeg,Common Trinket,Non-Venomous,train/Non_Venomous_Snake/1922.jpg,Non_Venomous_Snake,TRAIN,4,0,POSSIBLE_NEAR_DUPLICATE,3,0.25,0.880468,0.710279,0.997881,174,162,0.931034,CONFIRMED_NEAR_DUPLICATE,pHash=4; dHash=0; aHash=3; aspect_delta=0.2500; pixel_corr=0.8805; SSIM=0.7103; hist_corr=0.9979; ORB_good=174; ORB_inliers=162; ORB_inlier_ratio=0.9310,HIGH_CONFIDENCE_NEAR_DUPLICATE
Non-Venomous/Common Trinket/1922.jpeg,Common Trinket,Non-Venomous,train/Non_Venomous_Snake/32 (2).jpg,Non_Venomous_Snake,TRAIN,0,0,HIGH_CONFIDENCE_NEAR_DUPLICATE,1,0.25,0.99641,0.966403,0.993197,126,118,0.936508,CONFIRMED_NEAR_DUPLICATE,pHash=0; dHash=0; aHash=1; aspect_delta=0.2500; pixel_corr=0.9964; SSIM=0.9664; hist_corr=0.9932; ORB_good=126; ORB_inliers=118; ORB_inlier_ratio=0.9365,HIGH_CONFIDENCE_NEAR_DUPLICATE
Non-Venomous/Common Trinket/2037.jpeg,Common Trinket,Non-Venomous,train/Non_Venomous_Snake/2037.jpg,Non_Venomous_Snake,TRAIN,2,0,HIGH_CONFIDENCE_NEAR_DUPLICATE,2,0.333333,0.920235,0.766315,0.999143,48,45,0.9375,CONFIRMED_NEAR_DUPLICATE,pHash=2; dHash=0; aHash=2; aspect_delta=0.3333; pixel_corr=0.9202; SSIM=0.7663; hist_corr=0.9991; ORB_good=48; ORB_inliers=45; ORB_inlier_ratio=0.9375,HIGH_CONFIDENCE_NEAR_DUPLICATE
Non-Venomous/Common Trinket/23687915030_1d79eb768b.jpg,Common Trinket,Non-Venomous,test/Non_Venomous_Snake/12.jpg,Non_Venomous_Snake,TEST,0,1,HIGH_CONFIDENCE_NEAR_DUPLICATE,0,0.358,0.992088,0.974649,0.989521,52,46,0.884615,CONFIRMED_NEAR_DUPLICATE,pHash=0; dHash=1; aHash=0; aspect_delta=0.3580; pixel_corr=0.9921; SSIM=0.9746; hist_corr=0.9895; ORB_good=52; ORB_inliers=46; ORB_inlier_ratio=0.8846,HIGH_CONFIDENCE_NEAR_DUPLICATE
Non-Venomous/Common Trinket/4.jpg,Common Trinket,Non-Venomous,train/Non_Venomous_Snake/4 (2).jpg,Non_Venomous_Snake,TRAIN,0,1,HIGH_CONFIDENCE_NEAR_DUPLICATE,0,0.253333,0.999557,0.998548,0.999406,175,164,0.937143,CONFIRMED_NEAR_DUPLICATE,pHash=0; dHash=1; aHash=0; aspect_delta=0.2533; pixel_corr=0.9996; SSIM=0.9985; hist_corr=0.9994; ORB_good=175; ORB_inliers=164; ORB_inlier_ratio=0.9371,HIGH_CONFIDENCE_NEAR_DUPLICATE
Non-Venomous/Common Trinket/7413599378_03c9197f81.jpg,Common Trinket,Non-Venomous,train/Non_Venomous_Snake/54 (2).jpg,Non_Venomous_Snake,TRAIN,0,1,HIGH_CONFIDENCE_NEAR_DUPLICATE,2,0.334,0.996002,0.983889,0.990218,52,48,0.923077,CONFIRMED_NEAR_DUPLICATE,pHash=0; dHash=1; aHash=2; aspect_delta=0.3340; pixel_corr=0.9960; SSIM=0.9839; hist_corr=0.9902; ORB_good=52; ORB_inliers=48; ORB_inlier_ratio=0.9231,HIGH_CONFIDENCE_NEAR_DUPLICATE
Non-Venomous/Common Trinket/7413599378_03c9197f81.jpg,Common Trinket,Non-Venomous,train/Non_Venomous_Snake/7413599378_03c9197f81.jpg,Non_Venomous_Snake,TRAIN,0,1,HIGH_CONFIDENCE_NEAR_DUPLICATE,0,0.334,0.999635,0.998626,0.997376,50,46,0.92,CONFIRMED_NEAR_DUPLICATE,pHash=0; dHash=1; aHash=0; aspect_delta=0.3340; pixel_corr=0.9996; SSIM=0.9986; hist_corr=0.9974; ORB_good=50; ORB_inliers=46; ORB_inlier_ratio=0.9200,HIGH_CONFIDENCE_NEAR_DUPLICATE
Non-Venomous/Common Trinket/7667965192_6ebcdd85d8_b.jpg,Common Trinket,Non-Venomous,test/Non_Venomous_Snake/9 (2).jpg,Non_Venomous_Snake,TEST,2,2,HIGH_CONFIDENCE_NEAR_DUPLICATE,4,0.25,0.987766,0.944412,0.993886,59,59,1.0,CONFIRMED_NEAR_DUPLICATE,pHash=2; dHash=2; aHash=4; aspect_delta=0.2500; pixel_corr=0.9878; SSIM=0.9444; hist_corr=0.9939; ORB_good=59; ORB_inliers=59; ORB_inlier_ratio=1.0000,HIGH_CONFIDENCE_NEAR_DUPLICATE
Non-Venomous/Common Trinket/85a4f893f43a26c9257f2e4ab5e42eff.jpg,Common Trinket,Non-Venomous,train/Non_Venomous_Snake/85a4f893f43a26c9257f2e4ab5e42eff.jpg,Non_Venomous_Snake,TRAIN,0,0,HIGH_CONFIDENCE_NEAR_DUPLICATE,1,0.25,0.999468,0.998787,0.993879,119,116,0.97479,CONFIRMED_NEAR_DUPLICATE,pHash=0; dHash=0; aHash=1; aspect_delta=0.2500; pixel_corr=0.9995; SSIM=0.9988; hist_corr=0.9939; ORB_good=119; ORB_inliers=116; ORB_inlier_ratio=0.9748,HIGH_CONFIDENCE_NEAR_DUPLICATE
Non-Venomous/Common Trinket/Close_Up_of_A_Common_Trinket.JPG,Common Trinket,Non-Venomous,validation/Non_Venomous_Snake/0 (2).jpg,Non_Venomous_Snake,VALIDATION,0,0,HIGH_CONFIDENCE_NEAR_DUPLICATE,0,0.333333,0.999491,0.991323,0.999171,40,31,0.775,CONFIRMED_NEAR_DUPLICATE,pHash=0; dHash=0; aHash=0; aspect_delta=0.3333; pixel_corr=0.9995; SSIM=0.9913; hist_corr=0.9992; ORB_good=40; ORB_inliers=31; ORB_inlier_ratio=0.7750,HIGH_CONFIDENCE_NEAR_DUPLICATE
Non-Venomous/Common Trinket/Coelognathus-helena-03000033350_01.jpg,Common Trinket,Non-Venomous,test/Non_Venomous_Snake/14 (2).jpg,Non_Venomous_Snake,TEST,0,1,HIGH_CONFIDENCE_NEAR_DUPLICATE,0,0.389286,0.996785,0.978955,0.993119,48,45,0.9375,CONFIRMED_NEAR_DUPLICATE,pHash=0; dHash=1; aHash=0; aspect_delta=0.3893; pixel_corr=0.9968; SSIM=0.9790; hist_corr=0.9931; ORB_good=48; ORB_inliers=45; ORB_inlier_ratio=0.9375,HIGH_CONFIDENCE_NEAR_DUPLICATE
Non-Venomous/Common Trinket/common-indian-trinket-coelognathus-helena-ncbs-bangalore-india-f7n7nc.jpg,Common Trinket,Non-Venomous,validation/Non_Venomous_Snake/common-indian-trinket-coelognathus-helena-ncbs-bangalore-india-f7n7nc.jpg,Non_Venomous_Snake,VALIDATION,0,0,HIGH_CONFIDENCE_NEAR_DUPLICATE,0,0.288889,0.999782,0.998096,0.999169,124,120,0.967742,CONFIRMED_NEAR_DUPLICATE,pHash=0; dHash=0; aHash=0; aspect_delta=0.2889; pixel_corr=0.9998; SSIM=0.9981; hist_corr=0.9992; ORB_good=124; ORB_inliers=120; ORB_inlier_ratio=0.9677,HIGH_CONFIDENCE_NEAR_DUPLICATE
Non-Venomous/Common Trinket/common-indian-trinket-coelognathus-helena-ncbs-bangalore-india-f7n7pg.jpg,Common Trinket,Non-Venomous,train/Non_Venomous_Snake/common-indian-trinket-coelognathus-helena-ncbs-bangalore-india-f7n7pg.jpg,Non_Venomous_Snake,TRAIN,0,1,HIGH_CONFIDENCE_NEAR_DUPLICATE,0,0.288889,0.999327,0.996392,0.999406,124,119,0.959677,CONFIRMED_NEAR_DUPLICATE,pHash=0; dHash=1; aHash=0; aspect_delta=0.2889; pixel_corr=0.9993; SSIM=0.9964; hist_corr=0.9994; ORB_good=124; ORB_inliers=119; ORB_inlier_ratio=0.9597,HIGH_CONFIDENCE_NEAR_DUPLICATE
Non-Venomous/Common Trinket/Common-Trinket-Snake-300x225.jpg,Common Trinket,Non-Venomous,train/Non_Venomous_Snake/Common-Trinket-Snake-300x225.jpg,Non_Venomous_Snake,TRAIN,0,0,HIGH_CONFIDENCE_NEAR_DUPLICATE,0,0.25,0.99937,0.99832,0.998291,117,106,0.905983,CONFIRMED_NEAR_DUPLICATE,pHash=0; dHash=0; aHash=0; aspect_delta=0.2500; pixel_corr=0.9994; SSIM=0.9983; hist_corr=0.9983; ORB_good=117; ORB_inliers=106; ORB_inlier_ratio=0.9060,HIGH_CONFIDENCE_NEAR_DUPLICATE
Non-Venomous/Common Trinket/common-trinket-snake-coelognathus-helena-helena-non-venomous-common-aa2k4m.jpg,Common Trinket,Non-Venomous,validation/Non_Venomous_Snake/common-trinket-snake-coelognathus-helena-helena-non-venomous-common-aa2k4m.jpg,Non_Venomous_Snake,VALIDATION,2,0,HIGH_CONFIDENCE_NEAR_DUPLICATE,0,0.323437,0.999584,0.996758,0.999499,72,66,0.916667,CONFIRMED_NEAR_DUPLICATE,pHash=2; dHash=0; aHash=0; aspect_delta=0.3234; pixel_corr=0.9996; SSIM=0.9968; hist_corr=0.9995; ORB_good=72; ORB_inliers=66; ORB_inlier_ratio=0.9167,HIGH_CONFIDENCE_NEAR_DUPLICATE
Non-Venomous/Common Trinket/common-trinket-snake-elaphe-helena-akfw8a.jpg,Common Trinket,Non-Venomous,train/Non_Venomous_Snake/common-trinket-snake-elaphe-helena-akfw8a.jpg,Non_Venomous_Snake,TRAIN,0,0,HIGH_CONFIDENCE_NEAR_DUPLICATE,0,0.304444,0.999837,0.998152,0.997979,123,115,0.934959,CONFIRMED_NEAR_DUPLICATE,pHash=0; dHash=0; aHash=0; aspect_delta=0.3044; pixel_corr=0.9998; SSIM=0.9982; hist_corr=0.9980; ORB_good=123; ORB_inliers=115; ORB_inlier_ratio=0.9350,HIGH_CONFIDENCE_NEAR_DUPLICATE
Non-Venomous/Common Trinket/common-trinket-snake-elaphe-helena-two-individuals-a3ypkp.jpg,Common Trinket,Non-Venomous,train/Non_Venomous_Snake/common-trinket-snake-elaphe-helena-two-individuals-a3ypkp.jpg,Non_Venomous_Snake,TRAIN,0,0,HIGH_CONFIDENCE_NEAR_DUPLICATE,0,0.284116,0.999775,0.998657,0.998297,142,131,0.922535,CONFIRMED_NEAR_DUPLICATE,pHash=0; dHash=0; aHash=0; aspect_delta=0.2841; pixel_corr=0.9998; SSIM=0.9987; hist_corr=0.9983; ORB_good=142; ORB_inliers=131; ORB_inlier_ratio=0.9225,HIGH_CONFIDENCE_NEAR_DUPLICATE
Non-Venomous/Common Trinket/common_trinket_001.jpg,Common Trinket,Non-Venomous,train/Non_Venomous_Snake/common_trinket_001.jpg,Non_Venomous_Snake,TRAIN,2,1,HIGH_CONFIDENCE_NEAR_DUPLICATE,1,0.25,0.998971,0.995649,0.999383,111,109,0.981982,CONFIRMED_NEAR_DUPLICATE,pHash=2; dHash=1; aHash=1; aspect_delta=0.2500; pixel_corr=0.9990; SSIM=0.9956; hist_corr=0.9994; ORB_good=111; ORB_inliers=109; ORB_inlier_ratio=0.9820,HIGH_CONFIDENCE_NEAR_DUPLICATE
Non-Venomous/Common Trinket/Copper-headed Trinket Snake.jpg,Common Trinket,Non-Venomous,train/Non_Venomous_Snake/Copper-headed Trinket Snake.jpg,Non_Venomous_Snake,TRAIN,0,1,HIGH_CONFIDENCE_NEAR_DUPLICATE,0,0.250965,0.999209,0.997518,0.99971,94,80,0.851064,CONFIRMED_NEAR_DUPLICATE,pHash=0; dHash=1; aHash=0; aspect_delta=0.2510; pixel_corr=0.9992; SSIM=0.9975; hist_corr=0.9997; ORB_good=94; ORB_inliers=80; ORB_inlier_ratio=0.8511,HIGH_CONFIDENCE_NEAR_DUPLICATE
Non-Venomous/Common Trinket/copper-headed-trinket-snake-coelognathus-radiatus-efrtgt.jpg,Common Trinket,Non-Venomous,validation/Non_Venomous_Snake/copper-headed-trinket-snake-coelognathus-radiatus-efrtgt.jpg,Non_Venomous_Snake,VALIDATION,2,0,HIGH_CONFIDENCE_NEAR_DUPLICATE,0,0.357407,0.999634,0.997576,0.999934,44,41,0.931818,CONFIRMED_NEAR_DUPLICATE,pHash=2; dHash=0; aHash=0; aspect_delta=0.3574; pixel_corr=0.9996; SSIM=0.9976; hist_corr=0.9999; ORB_good=44; ORB_inliers=41; ORB_inlier_ratio=0.9318,HIGH_CONFIDENCE_NEAR_DUPLICATE
Non-Venomous/Common Trinket/habaraliya.jpg,Common Trinket,Non-Venomous,train/Non_Venomous_Snake/habaraliya.jpg,Non_Venomous_Snake,TRAIN,0,0,HIGH_CONFIDENCE_NEAR_DUPLICATE,0,0.36,0.999806,0.998765,0.998818,12,10,0.833333,POSSIBLE_NEAR_DUPLICATE,pHash=0; dHash=0; aHash=0; aspect_delta=0.3600; pixel_corr=0.9998; SSIM=0.9988; hist_corr=0.9988; ORB_good=12; ORB_inliers=10; ORB_inlier_ratio=0.8333,POSSIBLE_NEAR_DUPLICATE
Non-Venomous/Common Trinket/img8.jpg,Common Trinket,Non-Venomous,train/Non_Venomous_Snake/img8.jpg,Non_Venomous_Snake,TRAIN,0,0,HIGH_CONFIDENCE_NEAR_DUPLICATE,0,0.287113,0.99973,0.998621,0.999767,119,116,0.97479,CONFIRMED_NEAR_DUPLICATE,pHash=0; dHash=0; aHash=0; aspect_delta=0.2871; pixel_corr=0.9997; SSIM=0.9986; hist_corr=0.9998; ORB_good=119; ORB_inliers=116; ORB_inlier_ratio=0.9748,HIGH_CONFIDENCE_NEAR_DUPLICATE
Non-Venomous/Common Trinket/IMG_0023.jpg,Common Trinket,Non-Venomous,train/Non_Venomous_Snake/IMG_0023.jpg,Non_Venomous_Snake,TRAIN,0,1,HIGH_CONFIDENCE_NEAR_DUPLICATE,0,0.334375,0.999851,0.998258,0.998031,100,98,0.98,CONFIRMED_NEAR_DUPLICATE,pHash=0; dHash=1; aHash=0; aspect_delta=0.3344; pixel_corr=0.9999; SSIM=0.9983; hist_corr=0.9980; ORB_good=100; ORB_inliers=98; ORB_inlier_ratio=0.9800,HIGH_CONFIDENCE_NEAR_DUPLICATE
Non-Venomous/Common Trinket/montane-trinket-snake-coelognathus-helena-monticollaris-non-venomous-a23fcd.jpg,Common Trinket,Non-Venomous,train/Non_Venomous_Snake/montane-trinket-snake-coelognathus-helena-monticollaris-non-venomous-a23fcd.jpg,Non_Venomous_Snake,TRAIN,0,0,HIGH_CONFIDENCE_NEAR_DUPLICATE,2,0.3125,0.999301,0.995026,0.998363,100,100,1.0,CONFIRMED_NEAR_DUPLICATE,pHash=0; dHash=0; aHash=2; aspect_delta=0.3125; pixel_corr=0.9993; SSIM=0.9950; hist_corr=0.9984; ORB_good=100; ORB_inliers=100; ORB_inlier_ratio=1.0000,HIGH_CONFIDENCE_NEAR_DUPLICATE
Non-Venomous/Common Trinket/montane-trinket-snake-coelognathus-helena-monticollaris-non-venomous-AX0CWP.jpg,Common Trinket,Non-Venomous,train/Non_Venomous_Snake/montane-trinket-snake-coelognathus-helena-monticollaris-non-venomous-AX0CWP.jpg,Non_Venomous_Snake,TRAIN,0,0,HIGH_CONFIDENCE_NEAR_DUPLICATE,0,0.261538,0.999778,0.997566,0.999334,51,51,1.0,CONFIRMED_NEAR_DUPLICATE,pHash=0; dHash=0; aHash=0; aspect_delta=0.2615; pixel_corr=0.9998; SSIM=0.9976; hist_corr=0.9993; ORB_good=51; ORB_inliers=51; ORB_inlier_ratio=1.0000,HIGH_CONFIDENCE_NEAR_DUPLICATE
Non-Venomous/Common Trinket/orthriophis-taeniurus-striped-racer-striped-trinket-snake-non-venomous-H9EPPH.jpg,Common Trinket,Non-Venomous,train/Non_Venomous_Snake/orthriophis-taeniurus-striped-racer-striped-trinket-snake-non-venomous-H9EPPH.jpg,Non_Venomous_Snake,TRAIN,2,0,HIGH_CONFIDENCE_NEAR_DUPLICATE,0,0.259231,0.998706,0.996909,0.993219,52,51,0.980769,CONFIRMED_NEAR_DUPLICATE,pHash=2; dHash=0; aHash=0; aspect_delta=0.2592; pixel_corr=0.9987; SSIM=0.9969; hist_corr=0.9932; ORB_good=52; ORB_inliers=51; ORB_inlier_ratio=0.9808,HIGH_CONFIDENCE_NEAR_DUPLICATE
Non-Venomous/Common Trinket/Snake-Common-Trinket.jpg,Common Trinket,Non-Venomous,train/Non_Venomous_Snake/48 (2).jpg,Non_Venomous_Snake,TRAIN,2,0,HIGH_CONFIDENCE_NEAR_DUPLICATE,1,0.25,0.996177,0.991622,0.953165,82,82,1.0,CONFIRMED_NEAR_DUPLICATE,pHash=2; dHash=0; aHash=1; aspect_delta=0.2500; pixel_corr=0.9962; SSIM=0.9916; hist_corr=0.9532; ORB_good=82; ORB_inliers=82; ORB_inlier_ratio=1.0000,HIGH_CONFIDENCE_NEAR_DUPLICATE
Non-Venomous/Common Trinket/Snake-Common-Trinket.jpg,Common Trinket,Non-Venomous,train/Non_Venomous_Snake/Snake-Common-Trinket.jpg,Non_Venomous_Snake,TRAIN,0,0,HIGH_CONFIDENCE_NEAR_DUPLICATE,0,0.25,0.99953,0.999014,0.992856,95,95,1.0,CONFIRMED_NEAR_DUPLICATE,pHash=0; dHash=0; aHash=0; aspect_delta=0.2500; pixel_corr=0.9995; SSIM=0.9990; hist_corr=0.9929; ORB_good=95; ORB_inliers=95; ORB_inlier_ratio=1.0000,HIGH_CONFIDENCE_NEAR_DUPLICATE
Non-Venomous/Common Trinket/snake-snakes-leopard-snake-zamenis-situla-trinket-snake-reptile-reptiles-BNJR3J.jpg,Common Trinket,Non-Venomous,train/Non_Venomous_Snake/snake-snakes-leopard-snake-zamenis-situla-trinket-snake-reptile-reptiles-BNJR3J.jpg,Non_Venomous_Snake,TRAIN,0,0,HIGH_CONFIDENCE_NEAR_DUPLICATE,0,0.261538,0.999254,0.997308,0.998,31,30,0.967742,CONFIRMED_NEAR_DUPLICATE,pHash=0; dHash=0; aHash=0; aspect_delta=0.2615; pixel_corr=0.9993; SSIM=0.9973; hist_corr=0.9980; ORB_good=31; ORB_inliers=30; ORB_inlier_ratio=0.9677,HIGH_CONFIDENCE_NEAR_DUPLICATE
Non-Venomous/Common Trinket/trinket2.jpg,Common Trinket,Non-Venomous,train/Non_Venomous_Snake/trinket2.jpg,Non_Venomous_Snake,TRAIN,0,0,HIGH_CONFIDENCE_NEAR_DUPLICATE,0,0.25,0.999646,0.994409,0.999894,88,85,0.965909,CONFIRMED_NEAR_DUPLICATE,pHash=0; dHash=0; aHash=0; aspect_delta=0.2500; pixel_corr=0.9996; SSIM=0.9944; hist_corr=0.9999; ORB_good=88; ORB_inliers=85; ORB_inlier_ratio=0.9659,HIGH_CONFIDENCE_NEAR_DUPLICATE
Non-Venomous/Green Tree Vine/110298e9e9d6d2fdba1357f8ce37cb3b.jpg,Green Tree Vine,Non-Venomous,validation/Non_Venomous_Snake/10 (3).jpg,Non_Venomous_Snake,VALIDATION,0,1,HIGH_CONFIDENCE_NEAR_DUPLICATE,0,0.158249,0.997102,0.981505,0.996667,115,105,0.913043,CONFIRMED_NEAR_DUPLICATE,pHash=0; dHash=1; aHash=0; aspect_delta=0.1582; pixel_corr=0.9971; SSIM=0.9815; hist_corr=0.9967; ORB_good=115; ORB_inliers=105; ORB_inlier_ratio=0.9130,HIGH_CONFIDENCE_NEAR_DUPLICATE
Non-Venomous/Green Tree Vine/3fa413c2da7fc530e62d96dcf738304f.jpg,Green Tree Vine,Non-Venomous,train/Non_Venomous_Snake/3fa413c2da7fc530e62d96dcf738304f.jpg,Non_Venomous_Snake,TRAIN,0,0,HIGH_CONFIDENCE_NEAR_DUPLICATE,0,0.25,0.999468,0.996671,0.999747,32,30,0.9375,CONFIRMED_NEAR_DUPLICATE,pHash=0; dHash=0; aHash=0; aspect_delta=0.2500; pixel_corr=0.9995; SSIM=0.9967; hist_corr=0.9997; ORB_good=32; ORB_inliers=30; ORB_inlier_ratio=0.9375,HIGH_CONFIDENCE_NEAR_DUPLICATE
Non-Venomous/Green Tree Vine/3fa413c2da7fc530e62d96dcf738304f.jpg,Green Tree Vine,Non-Venomous,train/Non_Venomous_Snake/5 (2).jpg,Non_Venomous_Snake,TRAIN,0,0,HIGH_CONFIDENCE_NEAR_DUPLICATE,1,0.25,0.996012,0.982675,0.998542,24,22,0.916667,CONFIRMED_NEAR_DUPLICATE,pHash=0; dHash=0; aHash=1; aspect_delta=0.2500; pixel_corr=0.9960; SSIM=0.9827; hist_corr=0.9985; ORB_good=24; ORB_inliers=22; ORB_inlier_ratio=0.9167,HIGH_CONFIDENCE_NEAR_DUPLICATE
Non-Venomous/Green Tree Vine/480a15852ea1541e979834fabee27363--blue-green-green-trees.jpg,Green Tree Vine,Non-Venomous,train/Non_Venomous_Snake/480a15852ea1541e979834fabee27363--blue-green-green-trees.jpg,Non_Venomous_Snake,TRAIN,0,0,HIGH_CONFIDENCE_NEAR_DUPLICATE,0,0.335211,0.999927,0.997178,0.999867,68,49,0.720588,CONFIRMED_NEAR_DUPLICATE,pHash=0; dHash=0; aHash=0; aspect_delta=0.3352; pixel_corr=0.9999; SSIM=0.9972; hist_corr=0.9999; ORB_good=68; ORB_inliers=49; ORB_inlier_ratio=0.7206,HIGH_CONFIDENCE_NEAR_DUPLICATE
Non-Venomous/Green Tree Vine/4a9881dd567ca571c0874b158a72b9ec.jpg,Green Tree Vine,Non-Venomous,train/Non_Venomous_Snake/4 (3).jpg,Non_Venomous_Snake,TRAIN,0,0,HIGH_CONFIDENCE_NEAR_DUPLICATE,0,0.25,0.997976,0.985608,0.998091,133,126,0.947368,CONFIRMED_NEAR_DUPLICATE,pHash=0; dHash=0; aHash=0; aspect_delta=0.2500; pixel_corr=0.9980; SSIM=0.9856; hist_corr=0.9981; ORB_good=133; ORB_inliers=126; ORB_inlier_ratio=0.9474,HIGH_CONFIDENCE_NEAR_DUPLICATE
Non-Venomous/Green Tree Vine/4a9881dd567ca571c0874b158a72b9ec.jpg,Green Tree Vine,Non-Venomous,train/Non_Venomous_Snake/4a9881dd567ca571c0874b158a72b9ec.jpg,Non_Venomous_Snake,TRAIN,0,1,HIGH_CONFIDENCE_NEAR_DUPLICATE,0,0.25,0.9997,0.996506,0.999824,167,164,0.982036,CONFIRMED_NEAR_DUPLICATE,pHash=0; dHash=1; aHash=0; aspect_delta=0.2500; pixel_corr=0.9997; SSIM=0.9965; hist_corr=0.9998; ORB_good=167; ORB_inliers=164; ORB_inlier_ratio=0.9820,HIGH_CONFIDENCE_NEAR_DUPLICATE
Non-Venomous/Green Tree Vine/dbc07269d811693c59231e23ed0e404d.jpg,Green Tree Vine,Non-Venomous,train/Non_Venomous_Snake/dbc07269d811693c59231e23ed0e404d.jpg,Non_Venomous_Snake,TRAIN,0,0,HIGH_CONFIDENCE_NEAR_DUPLICATE,0,0.510107,0.999906,0.996834,0.999452,12,12,1.0,POSSIBLE_NEAR_DUPLICATE,pHash=0; dHash=0; aHash=0; aspect_delta=0.5101; pixel_corr=0.9999; SSIM=0.9968; hist_corr=0.9995; ORB_good=12; ORB_inliers=12; ORB_inlier_ratio=1.0000,POSSIBLE_NEAR_DUPLICATE
Non-Venomous/Green Tree Vine/ec508f46cb681431964d45926a4ade84.jpg,Green Tree Vine,Non-Venomous,train/Non_Venomous_Snake/ec508f46cb681431964d45926a4ade84.jpg,Non_Venomous_Snake,TRAIN,0,0,HIGH_CONFIDENCE_NEAR_DUPLICATE,0,0.040057,0.999884,0.997285,0.999408,313,312,0.996805,CONFIRMED_NEAR_DUPLICATE,pHash=0; dHash=0; aHash=0; aspect_delta=0.0401; pixel_corr=0.9999; SSIM=0.9973; hist_corr=0.9994; ORB_good=313; ORB_inliers=312; ORB_inlier_ratio=0.9968,HIGH_CONFIDENCE_NEAR_DUPLICATE
Non-Venomous/Green Tree Vine/GreenVineSnakeSinharajaGR.jpg,Green Tree Vine,Non-Venomous,validation/Non_Venomous_Snake/8 (2).jpg,Non_Venomous_Snake,VALIDATION,0,0,HIGH_CONFIDENCE_NEAR_DUPLICATE,0,0.33375,0.998924,0.988547,0.999898,37,29,0.783784,CONFIRMED_NEAR_DUPLICATE,pHash=0; dHash=0; aHash=0; aspect_delta=0.3337; pixel_corr=0.9989; SSIM=0.9885; hist_corr=0.9999; ORB_good=37; ORB_inliers=29; ORB_inlier_ratio=0.7838,HIGH_CONFIDENCE_NEAR_DUPLICATE
Non-Venomous/Green Tree Vine/march-3-2016-long-nosed-tree-snake-green-vine-snake-long-nosed-whip-FFHC11.jpg,Green Tree Vine,Non-Venomous,train/Non_Venomous_Snake/15 (2).jpg,Non_Venomous_Snake,TRAIN,4,3,POSSIBLE_NEAR_DUPLICATE,5,0.266154,0.940103,0.754873,0.985659,21,17,0.809524,CONFIRMED_NEAR_DUPLICATE,pHash=4; dHash=3; aHash=5; aspect_delta=0.2662; pixel_corr=0.9401; SSIM=0.7549; hist_corr=0.9857; ORB_good=21; ORB_inliers=17; ORB_inlier_ratio=0.8095,HIGH_CONFIDENCE_NEAR_DUPLICATE
Non-Venomous/Green Tree Vine/snake7-1024x768.jpg,Green Tree Vine,Non-Venomous,validation/Non_Venomous_Snake/snake7-1024x768.jpg,Non_Venomous_Snake,VALIDATION,0,0,HIGH_CONFIDENCE_NEAR_DUPLICATE,0,0.25,0.999884,0.995852,0.999762,117,115,0.982906,CONFIRMED_NEAR_DUPLICATE,pHash=0; dHash=0; aHash=0; aspect_delta=0.2500; pixel_corr=0.9999; SSIM=0.9959; hist_corr=0.9998; ORB_good=117; ORB_inliers=115; ORB_inlier_ratio=0.9829,HIGH_CONFIDENCE_NEAR_DUPLICATE
Non-Venomous/Green Tree Vine/the-common-vine-snake-ahaetulla-nasuta-is-a-slender-green-tree-snake-F947RB.jpg,Green Tree Vine,Non-Venomous,train/Non_Venomous_Snake/45 (3).jpg,Non_Venomous_Snake,TRAIN,6,2,POSSIBLE_NEAR_DUPLICATE,5,0.264615,0.869054,0.793116,0.816725,5,4,0.8,POSSIBLE_NEAR_DUPLICATE,pHash=6; dHash=2; aHash=5; aspect_delta=0.2646; pixel_corr=0.8691; SSIM=0.7931; hist_corr=0.8167; ORB_good=5; ORB_inliers=4; ORB_inlier_ratio=0.8000,POSSIBLE_NEAR_DUPLICATE
Non-Venomous/Green Tree Vine/the-common-vine-snake-ahaetulla-nasuta-is-a-slender-green-tree-snake-F947RB.jpg,Green Tree Vine,Non-Venomous,train/Non_Venomous_Snake/the-common-vine-snake-ahaetulla-nasuta-is-a-slender-green-tree-snake-F947RB.jpg,Non_Venomous_Snake,TRAIN,0,1,HIGH_CONFIDENCE_NEAR_DUPLICATE,0,0.264615,0.999658,0.997463,0.998915,42,41,0.97619,CONFIRMED_NEAR_DUPLICATE,pHash=0; dHash=1; aHash=0; aspect_delta=0.2646; pixel_corr=0.9997; SSIM=0.9975; hist_corr=0.9989; ORB_good=42; ORB_inliers=41; ORB_inlier_ratio=0.9762,HIGH_CONFIDENCE_NEAR_DUPLICATE
Non-Venomous/Green Tree Vine/the-common-vine-snake-ahaetulla-nasuta-is-a-slender-green-tree-snake-F947RM.jpg,Green Tree Vine,Non-Venomous,validation/Non_Venomous_Snake/the-common-vine-snake-ahaetulla-nasuta-is-a-slender-green-tree-snake-F947RM.jpg,Non_Venomous_Snake,VALIDATION,0,0,HIGH_CONFIDENCE_NEAR_DUPLICATE,0,0.264615,0.999737,0.998252,0.999197,56,53,0.946429,CONFIRMED_NEAR_DUPLICATE,pHash=0; dHash=0; aHash=0; aspect_delta=0.2646; pixel_corr=0.9997; SSIM=0.9983; hist_corr=0.9992; ORB_good=56; ORB_inliers=53; ORB_inlier_ratio=0.9464,HIGH_CONFIDENCE_NEAR_DUPLICATE
Non-Venomous/Green Tree Vine/the-common-vine-snake-ahaetulla-nasuta-is-a-slender-green-tree-snake-f947rt.jpg,Green Tree Vine,Non-Venomous,train/Non_Venomous_Snake/the-common-vine-snake-ahaetulla-nasuta-is-a-slender-green-tree-snake-f947rt.jpg,Non_Venomous_Snake,TRAIN,0,1,HIGH_CONFIDENCE_NEAR_DUPLICATE,0,0.288889,0.999824,0.997909,0.999674,141,135,0.957447,CONFIRMED_NEAR_DUPLICATE,pHash=0; dHash=1; aHash=0; aspect_delta=0.2889; pixel_corr=0.9998; SSIM=0.9979; hist_corr=0.9997; ORB_good=141; ORB_inliers=135; ORB_inlier_ratio=0.9574,HIGH_CONFIDENCE_NEAR_DUPLICATE
Non-Venomous/Green Tree Vine/the-common-vine-snake-ahaetulla-nasuta-is-a-slender-green-tree-snake-F947T3.jpg,Green Tree Vine,Non-Venomous,train/Non_Venomous_Snake/the-common-vine-snake-ahaetulla-nasuta-is-a-slender-green-tree-snake-F947T3.jpg,Non_Venomous_Snake,TRAIN,0,0,HIGH_CONFIDENCE_NEAR_DUPLICATE,0,0.264615,0.999666,0.997025,0.999599,56,54,0.964286,CONFIRMED_NEAR_DUPLICATE,pHash=0; dHash=0; aHash=0; aspect_delta=0.2646; pixel_corr=0.9997; SSIM=0.9970; hist_corr=0.9996; ORB_good=56; ORB_inliers=54; ORB_inlier_ratio=0.9643,HIGH_CONFIDENCE_NEAR_DUPLICATE
Non-Venomous/Green Tree Vine/the-common-vine-snake-ahaetulla-nasuta-is-a-slender-green-tree-snake-f947t3_001.jpg,Green Tree Vine,Non-Venomous,train/Non_Venomous_Snake/the-common-vine-snake-ahaetulla-nasuta-is-a-slender-green-tree-snake-f947t3_001.jpg,Non_Venomous_Snake,TRAIN,0,0,HIGH_CONFIDENCE_NEAR_DUPLICATE,0,0.288889,0.999793,0.997244,0.99971,123,117,0.95122,CONFIRMED_NEAR_DUPLICATE,pHash=0; dHash=0; aHash=0; aspect_delta=0.2889; pixel_corr=0.9998; SSIM=0.9972; hist_corr=0.9997; ORB_good=123; ORB_inliers=117; ORB_inlier_ratio=0.9512,HIGH_CONFIDENCE_NEAR_DUPLICATE
Non-Venomous/Green Tree Vine/tumblr_n9q4ra2NrW1sgxjc6o2_1280.jpg,Green Tree Vine,Non-Venomous,train/Non_Venomous_Snake/3 (3).jpg,Non_Venomous_Snake,TRAIN,2,0,HIGH_CONFIDENCE_NEAR_DUPLICATE,0,0.255282,0.997991,0.98365,0.991404,177,168,0.949153,CONFIRMED_NEAR_DUPLICATE,pHash=2; dHash=0; aHash=0; aspect_delta=0.2553; pixel_corr=0.9980; SSIM=0.9837; hist_corr=0.9914; ORB_good=177; ORB_inliers=168; ORB_inlier_ratio=0.9492,HIGH_CONFIDENCE_NEAR_DUPLICATE
Non-Venomous/Green Tree Vine/tumblr_n9q4ra2NrW1sgxjc6o2_1280.jpg,Green Tree Vine,Non-Venomous,train/Non_Venomous_Snake/tumblr_n9q4ra2NrW1sgxjc6o2_1280.jpg,Non_Venomous_Snake,TRAIN,2,0,HIGH_CONFIDENCE_NEAR_DUPLICATE,0,0.255282,0.999833,0.998373,0.998996,196,186,0.94898,CONFIRMED_NEAR_DUPLICATE,pHash=2; dHash=0; aHash=0; aspect_delta=0.2553; pixel_corr=0.9998; SSIM=0.9984; hist_corr=0.9990; ORB_good=196; ORB_inliers=186; ORB_inlier_ratio=0.9490,HIGH_CONFIDENCE_NEAR_DUPLICATE
Non-Venomous/Indian Rock Python/0.jpg,Indian Rock Python,Non-Venomous,train/Non_Venomous_Snake/0 (4).jpg,Non_Venomous_Snake,TRAIN,0,0,HIGH_CONFIDENCE_NEAR_DUPLICATE,0,0.25,0.999933,0.99897,0.999926,271,265,0.97786,CONFIRMED_NEAR_DUPLICATE,pHash=0; dHash=0; aHash=0; aspect_delta=0.2500; pixel_corr=0.9999; SSIM=0.9990; hist_corr=0.9999; ORB_good=271; ORB_inliers=265; ORB_inlier_ratio=0.9779,HIGH_CONFIDENCE_NEAR_DUPLICATE
Non-Venomous/Indian Rock Python/1.jpg,Indian Rock Python,Non-Venomous,test/Non_Venomous_Snake/1 (2).jpg,Non_Venomous_Snake,TEST,0,0,HIGH_CONFIDENCE_NEAR_DUPLICATE,0,0.346667,0.999746,0.996146,0.99976,33,30,0.909091,CONFIRMED_NEAR_DUPLICATE,pHash=0; dHash=0; aHash=0; aspect_delta=0.3467; pixel_corr=0.9997; SSIM=0.9961; hist_corr=0.9998; ORB_good=33; ORB_inliers=30; ORB_inlier_ratio=0.9091,HIGH_CONFIDENCE_NEAR_DUPLICATE
Non-Venomous/Indian Rock Python/1024px-Heller_Tigerpython_Python_molurus_molurus.jpg,Indian Rock Python,Non-Venomous,test/Non_Venomous_Snake/1024px-Heller_Tigerpython_Python_molurus_molurus.jpg,Non_Venomous_Snake,TEST,0,0,HIGH_CONFIDENCE_NEAR_DUPLICATE,0,0.361328,0.999717,0.996276,0.997869,15,13,0.866667,LIKELY_NEAR_DUPLICATE,pHash=0; dHash=0; aHash=0; aspect_delta=0.3613; pixel_corr=0.9997; SSIM=0.9963; hist_corr=0.9979; ORB_good=15; ORB_inliers=13; ORB_inlier_ratio=0.8667,POSSIBLE_NEAR_DUPLICATE
Non-Venomous/Indian Rock Python/1166420045-m.jpg,Indian Rock Python,Non-Venomous,test/Non_Venomous_Snake/1166420045-m.jpg,Non_Venomous_Snake,TEST,0,0,HIGH_CONFIDENCE_NEAR_DUPLICATE,0,0.071926,0.999609,0.993469,0.999205,230,223,0.969565,CONFIRMED_NEAR_DUPLICATE,pHash=0; dHash=0; aHash=0; aspect_delta=0.0719; pixel_corr=0.9996; SSIM=0.9935; hist_corr=0.9992; ORB_good=230; ORB_inliers=223; ORB_inlier_ratio=0.9696,HIGH_CONFIDENCE_NEAR_DUPLICATE
Non-Venomous/Indian Rock Python/1280px-Indian_rock_python_pratik.JPG,Indian Rock Python,Non-Venomous,test/Non_Venomous_Snake/1280px-Indian_rock_python_pratik.JPG,Non_Venomous_Snake,TEST,0,0,HIGH_CONFIDENCE_NEAR_DUPLICATE,1,0.29375,0.999763,0.998296,0.999723,54,52,0.962963,CONFIRMED_NEAR_DUPLICATE,pHash=0; dHash=0; aHash=1; aspect_delta=0.2938; pixel_corr=0.9998; SSIM=0.9983; hist_corr=0.9997; ORB_good=54; ORB_inliers=52; ORB_inlier_ratio=0.9630,HIGH_CONFIDENCE_NEAR_DUPLICATE
Non-Venomous/Indian Rock Python/131942656.vigSlaNz.jpg,Indian Rock Python,Non-Venomous,test/Non_Venomous_Snake/131942656.vigSlaNz.jpg,Non_Venomous_Snake,TEST,0,1,HIGH_CONFIDENCE_NEAR_DUPLICATE,1,0.19875,0.99963,0.995057,0.999899,169,164,0.970414,CONFIRMED_NEAR_DUPLICATE,pHash=0; dHash=1; aHash=1; aspect_delta=0.1987; pixel_corr=0.9996; SSIM=0.9951; hist_corr=0.9999; ORB_good=169; ORB_inliers=164; ORB_inlier_ratio=0.9704,HIGH_CONFIDENCE_NEAR_DUPLICATE
Non-Venomous/Indian Rock Python/1406194043645_wps_2_EXCLUSIVE_GUJARAT_INDIA_U.jpg,Indian Rock Python,Non-Venomous,test/Non_Venomous_Snake/1406194043645_wps_2_EXCLUSIVE_GUJARAT_INDIA_U.jpg,Non_Venomous_Snake,TEST,0,0,HIGH_CONFIDENCE_NEAR_DUPLICATE,0,0.332808,0.998918,0.997506,0.998344,44,43,0.977273,CONFIRMED_NEAR_DUPLICATE,pHash=0; dHash=0; aHash=0; aspect_delta=0.3328; pixel_corr=0.9989; SSIM=0.9975; hist_corr=0.9983; ORB_good=44; ORB_inliers=43; ORB_inlier_ratio=0.9773,HIGH_CONFIDENCE_NEAR_DUPLICATE
Non-Venomous/Indian Rock Python/1406194171937_wps_8_EXCLUSIVE_GUJARAT_INDIA_U.jpg,Indian Rock Python,Non-Venomous,train/Non_Venomous_Snake/1406194171937_wps_8_EXCLUSIVE_GUJARAT_INDIA_U.jpg,Non_Venomous_Snake,TRAIN,0,0,HIGH_CONFIDENCE_NEAR_DUPLICATE,0,0.332808,0.999594,0.998493,0.999175,78,73,0.935897,CONFIRMED_NEAR_DUPLICATE,pHash=0; dHash=0; aHash=0; aspect_delta=0.3328; pixel_corr=0.9996; SSIM=0.9985; hist_corr=0.9992; ORB_good=78; ORB_inliers=73; ORB_inlier_ratio=0.9359,HIGH_CONFIDENCE_NEAR_DUPLICATE
Non-Venomous/Indian Rock Python/1406194211496_wps_10_EXCLUSIVE_GUJARAT_INDIA_U.jpg,Indian Rock Python,Non-Venomous,train/Non_Venomous_Snake/1406194211496_wps_10_EXCLUSIVE_GUJARAT_INDIA_U.jpg,Non_Venomous_Snake,TRAIN,0,0,HIGH_CONFIDENCE_NEAR_DUPLICATE,0,0.332808,0.999027,0.997237,0.999008,31,30,0.967742,CONFIRMED_NEAR_DUPLICATE,pHash=0; dHash=0; aHash=0; aspect_delta=0.3328; pixel_corr=0.9990; SSIM=0.9972; hist_corr=0.9990; ORB_good=31; ORB_inliers=30; ORB_inlier_ratio=0.9677,HIGH_CONFIDENCE_NEAR_DUPLICATE
Non-Venomous/Indian Rock Python/1406194312764_wps_11_EXCLUSIVE_GUJARAT_INDIA_U.jpg,Indian Rock Python,Non-Venomous,train/Non_Venomous_Snake/1406194312764_wps_11_EXCLUSIVE_GUJARAT_INDIA_U.jpg,Non_Venomous_Snake,TRAIN,0,0,HIGH_CONFIDENCE_NEAR_DUPLICATE,0,0.332808,0.998725,0.9972,0.997854,49,49,1.0,CONFIRMED_NEAR_DUPLICATE,pHash=0; dHash=0; aHash=0; aspect_delta=0.3328; pixel_corr=0.9987; SSIM=0.9972; hist_corr=0.9979; ORB_good=49; ORB_inliers=49; ORB_inlier_ratio=1.0000,HIGH_CONFIDENCE_NEAR_DUPLICATE
Non-Venomous/Indian Rock Python/1438853319IMG-20141006-WA0017.jpg,Indian Rock Python,Non-Venomous,test/Non_Venomous_Snake/1438853319IMG-20141006-WA0017.jpg,Non_Venomous_Snake,TEST,0,0,HIGH_CONFIDENCE_NEAR_DUPLICATE,0,0.333333,0.999791,0.998215,0.999613,95,88,0.926316,CONFIRMED_NEAR_DUPLICATE,pHash=0; dHash=0; aHash=0; aspect_delta=0.3333; pixel_corr=0.9998; SSIM=0.9982; hist_corr=0.9996; ORB_good=95; ORB_inliers=88; ORB_inlier_ratio=0.9263,HIGH_CONFIDENCE_NEAR_DUPLICATE
Non-Venomous/Indian Rock Python/1438853319main -1.jpg,Indian Rock Python,Non-Venomous,test/Non_Venomous_Snake/1438853319main -1.jpg,Non_Venomous_Snake,TEST,0,1,HIGH_CONFIDENCE_NEAR_DUPLICATE,1,0.286667,0.999139,0.996789,0.999741,111,110,0.990991,CONFIRMED_NEAR_DUPLICATE,pHash=0; dHash=1; aHash=1; aspect_delta=0.2867; pixel_corr=0.9991; SSIM=0.9968; hist_corr=0.9997; ORB_good=111; ORB_inliers=110; ORB_inlier_ratio=0.9910,HIGH_CONFIDENCE_NEAR_DUPLICATE
Non-Venomous/Indian Rock Python/1438853320sub headed shot-1.jpg,Indian Rock Python,Non-Venomous,test/Non_Venomous_Snake/1438853320sub headed shot-1.jpg,Non_Venomous_Snake,TEST,0,1,HIGH_CONFIDENCE_NEAR_DUPLICATE,0,0.245,0.999709,0.997864,0.999812,195,186,0.953846,CONFIRMED_NEAR_DUPLICATE,pHash=0; dHash=1; aHash=0; aspect_delta=0.2450; pixel_corr=0.9997; SSIM=0.9979; hist_corr=0.9998; ORB_good=195; ORB_inliers=186; ORB_inlier_ratio=0.9538,HIGH_CONFIDENCE_NEAR_DUPLICATE
Non-Venomous/Indian Rock Python/1753.jpeg,Indian Rock Python,Non-Venomous,train/Non_Venomous_Snake/1753.jpg,Non_Venomous_Snake,TRAIN,6,5,POSSIBLE_NEAR_DUPLICATE,12,0.354667,0.625002,0.429034,0.985258,40,36,0.9,LIKELY_NEAR_DUPLICATE,pHash=6; dHash=5; aHash=12; aspect_delta=0.3547; pixel_corr=0.6250; SSIM=0.4290; hist_corr=0.9853; ORB_good=40; ORB_inliers=36; ORB_inlier_ratio=0.9000,POSSIBLE_NEAR_DUPLICATE
Non-Venomous/Indian Rock Python/240_F_57387590_X4C1GVMXiircJ9WijCsTxXmP3l08Pk2m.jpg,Indian Rock Python,Non-Venomous,test/Non_Venomous_Snake/240_F_57387590_X4C1GVMXiircJ9WijCsTxXmP3l08Pk2m.jpg,Non_Venomous_Snake,TEST,0,0,HIGH_CONFIDENCE_NEAR_DUPLICATE,1,0.387755,0.999788,0.998293,0.999433,23,20,0.869565,CONFIRMED_NEAR_DUPLICATE,pHash=0; dHash=0; aHash=1; aspect_delta=0.3878; pixel_corr=0.9998; SSIM=0.9983; hist_corr=0.9994; ORB_good=23; ORB_inliers=20; ORB_inlier_ratio=0.8696,HIGH_CONFIDENCE_NEAR_DUPLICATE
Non-Venomous/Indian Rock Python/240_F_81777996_fXFZAxx4plJEMzc4ndaqAcPqLi5VB87h.jpg,Indian Rock Python,Non-Venomous,test/Non_Venomous_Snake/240_F_81777996_fXFZAxx4plJEMzc4ndaqAcPqLi5VB87h.jpg,Non_Venomous_Snake,TEST,0,0,HIGH_CONFIDENCE_NEAR_DUPLICATE,0,0.333333,0.999772,0.99805,0.999854,78,72,0.923077,CONFIRMED_NEAR_DUPLICATE,pHash=0; dHash=0; aHash=0; aspect_delta=0.3333; pixel_corr=0.9998; SSIM=0.9980; hist_corr=0.9999; ORB_good=78; ORB_inliers=72; ORB_inlier_ratio=0.9231,HIGH_CONFIDENCE_NEAR_DUPLICATE
Non-Venomous/Indian Rock Python/240_F_81778671_6lV4W2Ea4sy1uxVPZTpyyDUN8B0tDMi9.jpg,Indian Rock Python,Non-Venomous,validation/Non_Venomous_Snake/240_F_81778671_6lV4W2Ea4sy1uxVPZTpyyDUN8B0tDMi9.jpg,Non_Venomous_Snake,VALIDATION,0,1,HIGH_CONFIDENCE_NEAR_DUPLICATE,0,0.333333,0.999725,0.998295,0.999772,82,71,0.865854,CONFIRMED_NEAR_DUPLICATE,pHash=0; dHash=1; aHash=0; aspect_delta=0.3333; pixel_corr=0.9997; SSIM=0.9983; hist_corr=0.9998; ORB_good=82; ORB_inliers=71; ORB_inlier_ratio=0.8659,HIGH_CONFIDENCE_NEAR_DUPLICATE
Non-Venomous/Indian Rock Python/249701_149478348456813_100001839476094_326585_731191_n.jpg,Indian Rock Python,Non-Venomous,test/Non_Venomous_Snake/249701_149478348456813_100001839476094_326585_731191_n.jpg,Non_Venomous_Snake,TEST,0,1,HIGH_CONFIDENCE_NEAR_DUPLICATE,0,0.25,0.999503,0.997379,0.999902,141,139,0.985816,CONFIRMED_NEAR_DUPLICATE,pHash=0; dHash=1; aHash=0; aspect_delta=0.2500; pixel_corr=0.9995; SSIM=0.9974; hist_corr=0.9999; ORB_good=141; ORB_inliers=139; ORB_inlier_ratio=0.9858,HIGH_CONFIDENCE_NEAR_DUPLICATE
Non-Venomous/Indian Rock Python/5 blog.jpg,Indian Rock Python,Non-Venomous,test/Non_Venomous_Snake/5 blog.jpg,Non_Venomous_Snake,TEST,0,0,HIGH_CONFIDENCE_NEAR_DUPLICATE,0,0.25,0.999073,0.996925,0.997043,84,79,0.940476,CONFIRMED_NEAR_DUPLICATE,pHash=0; dHash=0; aHash=0; aspect_delta=0.2500; pixel_corr=0.9991; SSIM=0.9969; hist_corr=0.9970; ORB_good=84; ORB_inliers=79; ORB_inlier_ratio=0.9405,HIGH_CONFIDENCE_NEAR_DUPLICATE
Non-Venomous/Indian Rock Python/5521393421453897450.jpg,Indian Rock Python,Non-Venomous,train/Non_Venomous_Snake/5521393421453897450.jpg,Non_Venomous_Snake,TRAIN,0,0,HIGH_CONFIDENCE_NEAR_DUPLICATE,0,0.2496,0.9998,0.997773,0.999371,167,167,1.0,CONFIRMED_NEAR_DUPLICATE,pHash=0; dHash=0; aHash=0; aspect_delta=0.2496; pixel_corr=0.9998; SSIM=0.9978; hist_corr=0.9994; ORB_good=167; ORB_inliers=167; ORB_inlier_ratio=1.0000,HIGH_CONFIDENCE_NEAR_DUPLICATE
Non-Venomous/Indian Rock Python/61571838_4ea666d98a_b.jpg,Indian Rock Python,Non-Venomous,test/Non_Venomous_Snake/61571838_4ea666d98a_b.jpg,Non_Venomous_Snake,TEST,0,0,HIGH_CONFIDENCE_NEAR_DUPLICATE,0,0.256836,0.999834,0.994956,0.99963,85,84,0.988235,CONFIRMED_NEAR_DUPLICATE,pHash=0; dHash=0; aHash=0; aspect_delta=0.2568; pixel_corr=0.9998; SSIM=0.9950; hist_corr=0.9996; ORB_good=85; ORB_inliers=84; ORB_inlier_ratio=0.9882,HIGH_CONFIDENCE_NEAR_DUPLICATE
Non-Venomous/Indian Rock Python/6341106gveli179.jpg,Indian Rock Python,Non-Venomous,train/Non_Venomous_Snake/6341106gveli179.jpg,Non_Venomous_Snake,TRAIN,0,0,HIGH_CONFIDENCE_NEAR_DUPLICATE,0,0.250909,0.999662,0.998901,0.999763,165,161,0.975758,CONFIRMED_NEAR_DUPLICATE,pHash=0; dHash=0; aHash=0; aspect_delta=0.2509; pixel_corr=0.9997; SSIM=0.9989; hist_corr=0.9998; ORB_good=165; ORB_inliers=161; ORB_inlier_ratio=0.9758,HIGH_CONFIDENCE_NEAR_DUPLICATE
Non-Venomous/Indian Rock Python/6O4A4956.jpg,Indian Rock Python,Non-Venomous,train/Non_Venomous_Snake/6O4A4956.jpg,Non_Venomous_Snake,TRAIN,0,1,HIGH_CONFIDENCE_NEAR_DUPLICATE,0,0.333411,0.998775,0.995964,0.99928,0,0,0.0,POSSIBLE_NEAR_DUPLICATE,pHash=0; dHash=1; aHash=0; aspect_delta=0.3334; pixel_corr=0.9988; SSIM=0.9960; hist_corr=0.9993; ORB_good=0; ORB_inliers=0; ORB_inlier_ratio=0.0000,POSSIBLE_NEAR_DUPLICATE
Non-Venomous/Indian Rock Python/6O4A7830.jpg,Indian Rock Python,Non-Venomous,test/Non_Venomous_Snake/6O4A7830.jpg,Non_Venomous_Snake,TEST,2,0,HIGH_CONFIDENCE_NEAR_DUPLICATE,0,0.333406,0.999733,0.996922,0.999922,1,0,0.0,POSSIBLE_NEAR_DUPLICATE,pHash=2; dHash=0; aHash=0; aspect_delta=0.3334; pixel_corr=0.9997; SSIM=0.9969; hist_corr=0.9999; ORB_good=1; ORB_inliers=0; ORB_inlier_ratio=0.0000,POSSIBLE_NEAR_DUPLICATE
Non-Venomous/Indian Rock Python/6O4A7844.jpg,Indian Rock Python,Non-Venomous,test/Non_Venomous_Snake/6O4A7844.jpg,Non_Venomous_Snake,TEST,0,1,HIGH_CONFIDENCE_NEAR_DUPLICATE,0,0.333333,0.999405,0.998322,0.999362,1,0,0.0,POSSIBLE_NEAR_DUPLICATE,pHash=0; dHash=1; aHash=0; aspect_delta=0.3333; pixel_corr=0.9994; SSIM=0.9983; hist_corr=0.9994; ORB_good=1; ORB_inliers=0; ORB_inlier_ratio=0.0000,POSSIBLE_NEAR_DUPLICATE
Non-Venomous/Indian Rock Python/6O4A7885.jpg,Indian Rock Python,Non-Venomous,train/Non_Venomous_Snake/6O4A7885.jpg,Non_Venomous_Snake,TRAIN,0,0,HIGH_CONFIDENCE_NEAR_DUPLICATE,0,0.333333,0.999506,0.997194,0.99987,1,0,0.0,POSSIBLE_NEAR_DUPLICATE,pHash=0; dHash=0; aHash=0; aspect_delta=0.3333; pixel_corr=0.9995; SSIM=0.9972; hist_corr=0.9999; ORB_good=1; ORB_inliers=0; ORB_inlier_ratio=0.0000,POSSIBLE_NEAR_DUPLICATE
Non-Venomous/Indian Rock Python/7044762725_5e3e754c31.jpg,Indian Rock Python,Non-Venomous,test/Non_Venomous_Snake/7044762725_5e3e754c31.jpg,Non_Venomous_Snake,TEST,2,0,HIGH_CONFIDENCE_NEAR_DUPLICATE,0,0.32,0.999802,0.99908,0.998638,114,104,0.912281,CONFIRMED_NEAR_DUPLICATE,pHash=2; dHash=0; aHash=0; aspect_delta=0.3200; pixel_corr=0.9998; SSIM=0.9991; hist_corr=0.9986; ORB_good=114; ORB_inliers=104; ORB_inlier_ratio=0.9123,HIGH_CONFIDENCE_NEAR_DUPLICATE
Non-Venomous/Indian Rock Python/7696c19d1eb4846d81269ecb4c77f5a5.jpg,Indian Rock Python,Non-Venomous,test/Non_Venomous_Snake/7696c19d1eb4846d81269ecb4c77f5a5.jpg,Non_Venomous_Snake,TEST,0,1,HIGH_CONFIDENCE_NEAR_DUPLICATE,0,0.3375,0.999508,0.994058,0.998894,57,54,0.947368,CONFIRMED_NEAR_DUPLICATE,pHash=0; dHash=1; aHash=0; aspect_delta=0.3375; pixel_corr=0.9995; SSIM=0.9941; hist_corr=0.9989; ORB_good=57; ORB_inliers=54; ORB_inlier_ratio=0.9474,HIGH_CONFIDENCE_NEAR_DUPLICATE
Non-Venomous/Indian Rock Python/87457288_XS.jpg,Indian Rock Python,Non-Venomous,test/Non_Venomous_Snake/87457288_XS.jpg,Non_Venomous_Snake,TEST,0,0,HIGH_CONFIDENCE_NEAR_DUPLICATE,0,0.429333,0.999898,0.99931,0.999976,33,25,0.757576,CONFIRMED_NEAR_DUPLICATE,pHash=0; dHash=0; aHash=0; aspect_delta=0.4293; pixel_corr=0.9999; SSIM=0.9993; hist_corr=1.0000; ORB_good=33; ORB_inliers=25; ORB_inlier_ratio=0.7576,HIGH_CONFIDENCE_NEAR_DUPLICATE
Non-Venomous/Indian Rock Python/a0a6db8a29a4a474703855fd466ed3dd--indian-animals-mammals.jpg,Indian Rock Python,Non-Venomous,train/Non_Venomous_Snake/a0a6db8a29a4a474703855fd466ed3dd--indian-animals-mammals.jpg,Non_Venomous_Snake,TRAIN,2,1,HIGH_CONFIDENCE_NEAR_DUPLICATE,0,0.422554,0.999736,0.995483,0.999242,21,18,0.857143,CONFIRMED_NEAR_DUPLICATE,pHash=2; dHash=1; aHash=0; aspect_delta=0.4226; pixel_corr=0.9997; SSIM=0.9955; hist_corr=0.9992; ORB_good=21; ORB_inliers=18; ORB_inlier_ratio=0.8571,HIGH_CONFIDENCE_NEAR_DUPLICATE
Non-Venomous/Indian Rock Python/afe2.jpg,Indian Rock Python,Non-Venomous,train/Non_Venomous_Snake/afe2.jpg,Non_Venomous_Snake,TRAIN,0,0,HIGH_CONFIDENCE_NEAR_DUPLICATE,0,0.573684,0.9998,0.998412,0.999366,3,0,0.0,POSSIBLE_NEAR_DUPLICATE,pHash=0; dHash=0; aHash=0; aspect_delta=0.5737; pixel_corr=0.9998; SSIM=0.9984; hist_corr=0.9994; ORB_good=3; ORB_inliers=0; ORB_inlier_ratio=0.0000,POSSIBLE_NEAR_DUPLICATE
Non-Venomous/Indian Rock Python/African-rock-python-on-rocky-ground.jpg,Indian Rock Python,Non-Venomous,train/Non_Venomous_Snake/African-rock-python-on-rocky-ground.jpg,Non_Venomous_Snake,TRAIN,2,0,HIGH_CONFIDENCE_NEAR_DUPLICATE,0,0.336538,0.999359,0.997624,0.999016,71,66,0.929577,CONFIRMED_NEAR_DUPLICATE,pHash=2; dHash=0; aHash=0; aspect_delta=0.3365; pixel_corr=0.9994; SSIM=0.9976; hist_corr=0.9990; ORB_good=71; ORB_inliers=66; ORB_inlier_ratio=0.9296,HIGH_CONFIDENCE_NEAR_DUPLICATE
Non-Venomous/Indian Rock Python/An-Indian-rock-python-drinks-water-inside-its-enclosure-in-a-zoo-during-a-hot-day-in-Lucknow..jpg,Indian Rock Python,Non-Venomous,train/Non_Venomous_Snake/An-Indian-rock-python-drinks-water-inside-its-enclosure-in-a-zoo-during-a-hot-day-in-Lucknow..jpg,Non_Venomous_Snake,TRAIN,0,0,HIGH_CONFIDENCE_NEAR_DUPLICATE,0,0.35041,0.999738,0.998094,0.999248,69,64,0.927536,CONFIRMED_NEAR_DUPLICATE,pHash=0; dHash=0; aHash=0; aspect_delta=0.3504; pixel_corr=0.9997; SSIM=0.9981; hist_corr=0.9992; ORB_good=69; ORB_inliers=64; ORB_inlier_ratio=0.9275,HIGH_CONFIDENCE_NEAR_DUPLICATE
Non-Venomous/Indian Rock Python/An-Indian-Rock-Python.jpg,Indian Rock Python,Non-Venomous,train/Non_Venomous_Snake/An-Indian-Rock-Python.jpg,Non_Venomous_Snake,TRAIN,0,0,HIGH_CONFIDENCE_NEAR_DUPLICATE,0,0.333333,0.999761,0.998425,0.998663,60,58,0.966667,CONFIRMED_NEAR_DUPLICATE,pHash=0; dHash=0; aHash=0; aspect_delta=0.3333; pixel_corr=0.9998; SSIM=0.9984; hist_corr=0.9987; ORB_good=60; ORB_inliers=58; ORB_inlier_ratio=0.9667,HIGH_CONFIDENCE_NEAR_DUPLICATE
Non-Venomous/Indian Rock Python/An-Indian-Rock-Python3-_unz3.jpg,Indian Rock Python,Non-Venomous,validation/Non_Venomous_Snake/An-Indian-Rock-Python3-_unz3.jpg,Non_Venomous_Snake,VALIDATION,2,0,HIGH_CONFIDENCE_NEAR_DUPLICATE,0,0.333333,0.998737,0.997362,0.999066,42,38,0.904762,CONFIRMED_NEAR_DUPLICATE,pHash=2; dHash=0; aHash=0; aspect_delta=0.3333; pixel_corr=0.9987; SSIM=0.9974; hist_corr=0.9991; ORB_good=42; ORB_inliers=38; ORB_inlier_ratio=0.9048,HIGH_CONFIDENCE_NEAR_DUPLICATE
Non-Venomous/Indian Rock Python/Asiatic-rock-python-coiled-around-branch.jpg,Indian Rock Python,Non-Venomous,train/Non_Venomous_Snake/Asiatic-rock-python-coiled-around-branch.jpg,Non_Venomous_Snake,TRAIN,2,1,HIGH_CONFIDENCE_NEAR_DUPLICATE,0,0.293846,0.999603,0.99716,0.999707,101,95,0.940594,CONFIRMED_NEAR_DUPLICATE,pHash=2; dHash=1; aHash=0; aspect_delta=0.2938; pixel_corr=0.9996; SSIM=0.9972; hist_corr=0.9997; ORB_good=101; ORB_inliers=95; ORB_inlier_ratio=0.9406,HIGH_CONFIDENCE_NEAR_DUPLICATE
Non-Venomous/Indian Rock Python/asiatic-rock-python-hatchling.jpg,Indian Rock Python,Non-Venomous,train/Non_Venomous_Snake/asiatic-rock-python-hatchling.jpg,Non_Venomous_Snake,TRAIN,0,0,HIGH_CONFIDENCE_NEAR_DUPLICATE,0,0.329231,0.999458,0.998837,0.996964,44,40,0.909091,CONFIRMED_NEAR_DUPLICATE,pHash=0; dHash=0; aHash=0; aspect_delta=0.3292; pixel_corr=0.9995; SSIM=0.9988; hist_corr=0.9970; ORB_good=44; ORB_inliers=40; ORB_inlier_ratio=0.9091,HIGH_CONFIDENCE_NEAR_DUPLICATE
Non-Venomous/Indian Rock Python/Big-Python.jpg,Indian Rock Python,Non-Venomous,train/Non_Venomous_Snake/Big-Python.jpg,Non_Venomous_Snake,TRAIN,0,0,HIGH_CONFIDENCE_NEAR_DUPLICATE,0,0.334375,0.999826,0.997149,0.999762,69,59,0.855072,CONFIRMED_NEAR_DUPLICATE,pHash=0; dHash=0; aHash=0; aspect_delta=0.3344; pixel_corr=0.9998; SSIM=0.9971; hist_corr=0.9998; ORB_good=69; ORB_inliers=59; ORB_inlier_ratio=0.8551,HIGH_CONFIDENCE_NEAR_DUPLICATE
Non-Venomous/Indian Rock Python/Brown_Streaks_seen_from_Lateral_View_of_Head_of_Indian_Rock_Python_(_P_molurus).JPG,Indian Rock Python,Non-Venomous,train/Non_Venomous_Snake/Brown_Streaks_seen_from_Lateral_View_of_Head_of_Indian_Rock_Python_(_P_molurus).JPG,Non_Venomous_Snake,TRAIN,0,1,HIGH_CONFIDENCE_NEAR_DUPLICATE,0,0.25,0.999857,0.996372,0.999626,2,0,0.0,POSSIBLE_NEAR_DUPLICATE,pHash=0; dHash=1; aHash=0; aspect_delta=0.2500; pixel_corr=0.9999; SSIM=0.9964; hist_corr=0.9996; ORB_good=2; ORB_inliers=0; ORB_inlier_ratio=0.0000,POSSIBLE_NEAR_DUPLICATE
Non-Venomous/Indian Rock Python/burmpython1l.jpg,Indian Rock Python,Non-Venomous,train/Non_Venomous_Snake/burmpython1l.jpg,Non_Venomous_Snake,TRAIN,0,0,HIGH_CONFIDENCE_NEAR_DUPLICATE,0,0.333333,0.999764,0.998611,0.999503,64,62,0.96875,CONFIRMED_NEAR_DUPLICATE,pHash=0; dHash=0; aHash=0; aspect_delta=0.3333; pixel_corr=0.9998; SSIM=0.9986; hist_corr=0.9995; ORB_good=64; ORB_inliers=62; ORB_inlier_ratio=0.9688,HIGH_CONFIDENCE_NEAR_DUPLICATE
Non-Venomous/Indian Rock Python/burmpython2l.jpg,Indian Rock Python,Non-Venomous,train/Non_Venomous_Snake/burmpython2l.jpg,Non_Venomous_Snake,TRAIN,0,0,HIGH_CONFIDENCE_NEAR_DUPLICATE,0,0.293333,0.999853,0.99798,0.999871,106,106,1.0,CONFIRMED_NEAR_DUPLICATE,pHash=0; dHash=0; aHash=0; aspect_delta=0.2933; pixel_corr=0.9999; SSIM=0.9980; hist_corr=0.9999; ORB_good=106; ORB_inliers=106; ORB_inlier_ratio=1.0000,HIGH_CONFIDENCE_NEAR_DUPLICATE
Non-Venomous/Indian Rock Python/dc-Cover-bh58nkvuepsd83sgu14h9ieqn5-20160609032640.Medi.jpeg,Indian Rock Python,Non-Venomous,train/Non_Venomous_Snake/dc-Cover-bh58nkvuepsd83sgu14h9ieqn5-20160609032640.Medi.jpg,Non_Venomous_Snake,TRAIN,0,0,HIGH_CONFIDENCE_NEAR_DUPLICATE,0,0.44,0.991962,0.94032,0.999374,16,12,0.75,LIKELY_NEAR_DUPLICATE,pHash=0; dHash=0; aHash=0; aspect_delta=0.4400; pixel_corr=0.9920; SSIM=0.9403; hist_corr=0.9994; ORB_good=16; ORB_inliers=12; ORB_inlier_ratio=0.7500,POSSIBLE_NEAR_DUPLICATE
Non-Venomous/Indian Rock Python/filename-img-0537-jpg.jpg,Indian Rock Python,Non-Venomous,train/Non_Venomous_Snake/filename-img-0537-jpg.jpg,Non_Venomous_Snake,TRAIN,0,0,HIGH_CONFIDENCE_NEAR_DUPLICATE,0,0.251111,0.999514,0.998036,0.99969,203,197,0.970443,CONFIRMED_NEAR_DUPLICATE,pHash=0; dHash=0; aHash=0; aspect_delta=0.2511; pixel_corr=0.9995; SSIM=0.9980; hist_corr=0.9997; ORB_good=203; ORB_inliers=197; ORB_inlier_ratio=0.9704,HIGH_CONFIDENCE_NEAR_DUPLICATE
Non-Venomous/Indian Rock Python/hqdefault.jpg,Indian Rock Python,Non-Venomous,train/Non_Venomous_Snake/hqdefault (2).jpg,Non_Venomous_Snake,TRAIN,0,0,HIGH_CONFIDENCE_NEAR_DUPLICATE,0,0.25,0.999874,0.998448,0.999714,219,214,0.977169,CONFIRMED_NEAR_DUPLICATE,pHash=0; dHash=0; aHash=0; aspect_delta=0.2500; pixel_corr=0.9999; SSIM=0.9984; hist_corr=0.9997; ORB_good=219; ORB_inliers=214; ORB_inlier_ratio=0.9772,HIGH_CONFIDENCE_NEAR_DUPLICATE
Non-Venomous/Indian Rock Python/hqdefault_002.jpg,Indian Rock Python,Non-Venomous,train/Non_Venomous_Snake/hqdefault_002.jpg,Non_Venomous_Snake,TRAIN,0,1,HIGH_CONFIDENCE_NEAR_DUPLICATE,0,0.25,0.999879,0.998999,0.999904,207,205,0.990338,CONFIRMED_NEAR_DUPLICATE,pHash=0; dHash=1; aHash=0; aspect_delta=0.2500; pixel_corr=0.9999; SSIM=0.9990; hist_corr=0.9999; ORB_good=207; ORB_inliers=205; ORB_inlier_ratio=0.9903,HIGH_CONFIDENCE_NEAR_DUPLICATE
Non-Venomous/Indian Rock Python/hqdefault_004.jpg,Indian Rock Python,Non-Venomous,train/Non_Venomous_Snake/hqdefault_004.jpg,Non_Venomous_Snake,TRAIN,2,0,HIGH_CONFIDENCE_NEAR_DUPLICATE,1,0.25,0.999817,0.998313,0.999934,142,138,0.971831,CONFIRMED_NEAR_DUPLICATE,pHash=2; dHash=0; aHash=1; aspect_delta=0.2500; pixel_corr=0.9998; SSIM=0.9983; hist_corr=0.9999; ORB_good=142; ORB_inliers=138; ORB_inlier_ratio=0.9718,HIGH_CONFIDENCE_NEAR_DUPLICATE
Non-Venomous/Indian Rock Python/hqdefault_006.jpg,Indian Rock Python,Non-Venomous,train/Non_Venomous_Snake/hqdefault_006.jpg,Non_Venomous_Snake,TRAIN,0,1,HIGH_CONFIDENCE_NEAR_DUPLICATE,0,0.25,0.999947,0.997841,0.999796,240,224,0.933333,CONFIRMED_NEAR_DUPLICATE,pHash=0; dHash=1; aHash=0; aspect_delta=0.2500; pixel_corr=0.9999; SSIM=0.9978; hist_corr=0.9998; ORB_good=240; ORB_inliers=224; ORB_inlier_ratio=0.9333,HIGH_CONFIDENCE_NEAR_DUPLICATE
Non-Venomous/Indian Rock Python/hqdefault_007.jpg,Indian Rock Python,Non-Venomous,train/Non_Venomous_Snake/hqdefault_007 (2).jpg,Non_Venomous_Snake,TRAIN,0,0,HIGH_CONFIDENCE_NEAR_DUPLICATE,0,0.25,0.999776,0.998723,0.999868,221,217,0.9819,CONFIRMED_NEAR_DUPLICATE,pHash=0; dHash=0; aHash=0; aspect_delta=0.2500; pixel_corr=0.9998; SSIM=0.9987; hist_corr=0.9999; ORB_good=221; ORB_inliers=217; ORB_inlier_ratio=0.9819,HIGH_CONFIDENCE_NEAR_DUPLICATE
Non-Venomous/Indian Rock Python/Image003.jpg,Indian Rock Python,Non-Venomous,train/Non_Venomous_Snake/Image003.jpg,Non_Venomous_Snake,TRAIN,0,0,HIGH_CONFIDENCE_NEAR_DUPLICATE,0,0.25,0.999826,0.996847,0.999851,155,146,0.941935,CONFIRMED_NEAR_DUPLICATE,pHash=0; dHash=0; aHash=0; aspect_delta=0.2500; pixel_corr=0.9998; SSIM=0.9968; hist_corr=0.9999; ORB_good=155; ORB_inliers=146; ORB_inlier_ratio=0.9419,HIGH_CONFIDENCE_NEAR_DUPLICATE
Non-Venomous/Indian Rock Python/Image010.jpg,Indian Rock Python,Non-Venomous,train/Non_Venomous_Snake/Image010.jpg,Non_Venomous_Snake,TRAIN,0,0,HIGH_CONFIDENCE_NEAR_DUPLICATE,0,0.25,0.999888,0.996576,0.999526,128,121,0.945312,CONFIRMED_NEAR_DUPLICATE,pHash=0; dHash=0; aHash=0; aspect_delta=0.2500; pixel_corr=0.9999; SSIM=0.9966; hist_corr=0.9995; ORB_good=128; ORB_inliers=121; ORB_inlier_ratio=0.9453,HIGH_CONFIDENCE_NEAR_DUPLICATE
Non-Venomous/Indian Rock Python/image[1].jpg,Indian Rock Python,Non-Venomous,train/Non_Venomous_Snake/image[1].jpg,Non_Venomous_Snake,TRAIN,0,0,HIGH_CONFIDENCE_NEAR_DUPLICATE,0,0.253282,0.999905,0.997367,0.999145,62,59,0.951613,CONFIRMED_NEAR_DUPLICATE,pHash=0; dHash=0; aHash=0; aspect_delta=0.2533; pixel_corr=0.9999; SSIM=0.9974; hist_corr=0.9991; ORB_good=62; ORB_inliers=59; ORB_inlier_ratio=0.9516,HIGH_CONFIDENCE_NEAR_DUPLICATE
Non-Venomous/Indian Rock Python/img58.jpg,Indian Rock Python,Non-Venomous,validation/Non_Venomous_Snake/img58.jpg,Non_Venomous_Snake,VALIDATION,0,0,HIGH_CONFIDENCE_NEAR_DUPLICATE,0,0.333008,0.999663,0.994842,0.995739,37,36,0.972973,CONFIRMED_NEAR_DUPLICATE,pHash=0; dHash=0; aHash=0; aspect_delta=0.3330; pixel_corr=0.9997; SSIM=0.9948; hist_corr=0.9957; ORB_good=37; ORB_inliers=36; ORB_inlier_ratio=0.9730,HIGH_CONFIDENCE_NEAR_DUPLICATE
Non-Venomous/Indian Rock Python/IMG_0057.jpg,Indian Rock Python,Non-Venomous,train/Non_Venomous_Snake/IMG_0057.jpg,Non_Venomous_Snake,TRAIN,0,0,HIGH_CONFIDENCE_NEAR_DUPLICATE,0,0.334375,0.999865,0.99854,0.999,73,70,0.958904,CONFIRMED_NEAR_DUPLICATE,pHash=0; dHash=0; aHash=0; aspect_delta=0.3344; pixel_corr=0.9999; SSIM=0.9985; hist_corr=0.9990; ORB_good=73; ORB_inliers=70; ORB_inlier_ratio=0.9589,HIGH_CONFIDENCE_NEAR_DUPLICATE
Non-Venomous/Indian Rock Python/Indian rock python imprisoned in Gujarat after it swallows blue bull.jpg,Indian Rock Python,Non-Venomous,train/Non_Venomous_Snake/Indian rock python imprisoned in Gujarat after it swallows blue bull.jpg,Non_Venomous_Snake,TRAIN,0,0,HIGH_CONFIDENCE_NEAR_DUPLICATE,0,0.463259,0.999595,0.997499,0.999918,13,10,0.769231,POSSIBLE_NEAR_DUPLICATE,pHash=0; dHash=0; aHash=0; aspect_delta=0.4633; pixel_corr=0.9996; SSIM=0.9975; hist_corr=0.9999; ORB_good=13; ORB_inliers=10; ORB_inlier_ratio=0.7692,POSSIBLE_NEAR_DUPLICATE
Non-Venomous/Indian Rock Python/Indian Rock Python.jpg,Indian Rock Python,Non-Venomous,train/Non_Venomous_Snake/Indian Rock Python.jpg,Non_Venomous_Snake,TRAIN,0,0,HIGH_CONFIDENCE_NEAR_DUPLICATE,0,0.25,0.998801,0.996509,0.998877,140,131,0.935714,CONFIRMED_NEAR_DUPLICATE,pHash=0; dHash=0; aHash=0; aspect_delta=0.2500; pixel_corr=0.9988; SSIM=0.9965; hist_corr=0.9989; ORB_good=140; ORB_inliers=131; ORB_inlier_ratio=0.9357,HIGH_CONFIDENCE_NEAR_DUPLICATE
Non-Venomous/Indian Rock Python/Indian Rock Python.preview.jpg,Indian Rock Python,Non-Venomous,train/Non_Venomous_Snake/Indian Rock Python.preview.jpg,Non_Venomous_Snake,TRAIN,0,0,HIGH_CONFIDENCE_NEAR_DUPLICATE,0,0.334375,0.99938,0.99783,0.999681,55,48,0.872727,CONFIRMED_NEAR_DUPLICATE,pHash=0; dHash=0; aHash=0; aspect_delta=0.3344; pixel_corr=0.9994; SSIM=0.9978; hist_corr=0.9997; ORB_good=55; ORB_inliers=48; ORB_inlier_ratio=0.8727,HIGH_CONFIDENCE_NEAR_DUPLICATE
Non-Venomous/Indian Rock Python/Indian Rock Python_001.jpg,Indian Rock Python,Non-Venomous,validation/Non_Venomous_Snake/Indian Rock Python_001.jpg,Non_Venomous_Snake,VALIDATION,0,0,HIGH_CONFIDENCE_NEAR_DUPLICATE,0,0.250965,0.999076,0.996203,0.999893,96,87,0.90625,CONFIRMED_NEAR_DUPLICATE,pHash=0; dHash=0; aHash=0; aspect_delta=0.2510; pixel_corr=0.9991; SSIM=0.9962; hist_corr=0.9999; ORB_good=96; ORB_inliers=87; ORB_inlier_ratio=0.9062,HIGH_CONFIDENCE_NEAR_DUPLICATE
Non-Venomous/Indian Rock Python/indian-python-python-molurus-adult-on-rock-gdcc2f.jpg,Indian Rock Python,Non-Venomous,train/Non_Venomous_Snake/indian-python-python-molurus-adult-on-rock-gdcc2f.jpg,Non_Venomous_Snake,TRAIN,0,2,HIGH_CONFIDENCE_NEAR_DUPLICATE,0,0.297778,0.999876,0.998361,0.998676,96,94,0.979167,CONFIRMED_NEAR_DUPLICATE,pHash=0; dHash=2; aHash=0; aspect_delta=0.2978; pixel_corr=0.9999; SSIM=0.9984; hist_corr=0.9987; ORB_good=96; ORB_inliers=94; ORB_inlier_ratio=0.9792,HIGH_CONFIDENCE_NEAR_DUPLICATE
Non-Venomous/Indian Rock Python/indian-rock-python-10073419.jpg,Indian Rock Python,Non-Venomous,train/Non_Venomous_Snake/indian-rock-python-10073419.jpg,Non_Venomous_Snake,TRAIN,0,1,HIGH_CONFIDENCE_NEAR_DUPLICATE,0,0.33375,0.999875,0.999611,0.999978,31,29,0.935484,CONFIRMED_NEAR_DUPLICATE,pHash=0; dHash=1; aHash=0; aspect_delta=0.3337; pixel_corr=0.9999; SSIM=0.9996; hist_corr=1.0000; ORB_good=31; ORB_inliers=29; ORB_inlier_ratio=0.9355,HIGH_CONFIDENCE_NEAR_DUPLICATE
Non-Venomous/Indian Rock Python/Indian-Rock-Python-9884.jpg,Indian Rock Python,Non-Venomous,train/Non_Venomous_Snake/Indian-Rock-Python-9884.jpg,Non_Venomous_Snake,TRAIN,0,1,HIGH_CONFIDENCE_NEAR_DUPLICATE,0,0.198718,0.999328,0.994742,0.999822,187,171,0.914439,CONFIRMED_NEAR_DUPLICATE,pHash=0; dHash=1; aHash=0; aspect_delta=0.1987; pixel_corr=0.9993; SSIM=0.9947; hist_corr=0.9998; ORB_good=187; ORB_inliers=171; ORB_inlier_ratio=0.9144,HIGH_CONFIDENCE_NEAR_DUPLICATE
Non-Venomous/Indian Rock Python/indian-rock-python-BINNS-IMG_9026-copy.jpg,Indian Rock Python,Non-Venomous,train/Non_Venomous_Snake/indian-rock-python-BINNS-IMG_9026-copy.jpg,Non_Venomous_Snake,TRAIN,0,0,HIGH_CONFIDENCE_NEAR_DUPLICATE,0,0.326667,0.999567,0.998116,0.999514,83,81,0.975904,CONFIRMED_NEAR_DUPLICATE,pHash=0; dHash=0; aHash=0; aspect_delta=0.3267; pixel_corr=0.9996; SSIM=0.9981; hist_corr=0.9995; ORB_good=83; ORB_inliers=81; ORB_inlier_ratio=0.9759,HIGH_CONFIDENCE_NEAR_DUPLICATE
Non-Venomous/Indian Rock Python/Indian-Rock-Python-by-Keih-Valentine.jpg,Indian Rock Python,Non-Venomous,train/Non_Venomous_Snake/Indian-Rock-Python-by-Keih-Valentine.jpg,Non_Venomous_Snake,TRAIN,2,0,HIGH_CONFIDENCE_NEAR_DUPLICATE,0,0.333333,0.999333,0.997981,0.997519,21,20,0.952381,CONFIRMED_NEAR_DUPLICATE,pHash=2; dHash=0; aHash=0; aspect_delta=0.3333; pixel_corr=0.9993; SSIM=0.9980; hist_corr=0.9975; ORB_good=21; ORB_inliers=20; ORB_inlier_ratio=0.9524,HIGH_CONFIDENCE_NEAR_DUPLICATE
Non-Venomous/Indian Rock Python/indian-rock-python-closeup-canon-d-f-iso-mmnnindian-sighted-forest-floor-western-ghats-india-n-47751635.jpg,Indian Rock Python,Non-Venomous,validation/Non_Venomous_Snake/indian-rock-python-closeup-canon-d-f-iso-mmnnindian-sighted-forest-floor-western-ghats-india-n-47751635.jpg,Non_Venomous_Snake,VALIDATION,0,0,HIGH_CONFIDENCE_NEAR_DUPLICATE,0,0.263846,0.999783,0.998182,0.998201,56,53,0.946429,CONFIRMED_NEAR_DUPLICATE,pHash=0; dHash=0; aHash=0; aspect_delta=0.2638; pixel_corr=0.9998; SSIM=0.9982; hist_corr=0.9982; ORB_good=56; ORB_inliers=53; ORB_inlier_ratio=0.9464,HIGH_CONFIDENCE_NEAR_DUPLICATE
Non-Venomous/Indian Rock Python/indian-rock-python-habitat-canon-d-f-iso-mmnnindian-sighted-forest-floor-western-ghats-india-n-47751466.jpg,Indian Rock Python,Non-Venomous,train/Non_Venomous_Snake/indian-rock-python-habitat-canon-d-f-iso-mmnnindian-sighted-forest-floor-western-ghats-india-n-47751466.jpg,Non_Venomous_Snake,TRAIN,0,0,HIGH_CONFIDENCE_NEAR_DUPLICATE,0,0.33375,0.999652,0.997955,0.999634,62,59,0.951613,CONFIRMED_NEAR_DUPLICATE,pHash=0; dHash=0; aHash=0; aspect_delta=0.3337; pixel_corr=0.9997; SSIM=0.9980; hist_corr=0.9996; ORB_good=62; ORB_inliers=59; ORB_inlier_ratio=0.9516,HIGH_CONFIDENCE_NEAR_DUPLICATE
Non-Venomous/Indian Rock Python/indian-rock-python-in-ranthambhore-tiger-reserve-en8p6y.jpg,Indian Rock Python,Non-Venomous,train/Non_Venomous_Snake/indian-rock-python-in-ranthambhore-tiger-reserve-en8p6y.jpg,Non_Venomous_Snake,TRAIN,2,0,HIGH_CONFIDENCE_NEAR_DUPLICATE,0,0.303125,0.999669,0.997914,0.998558,99,97,0.979798,CONFIRMED_NEAR_DUPLICATE,pHash=2; dHash=0; aHash=0; aspect_delta=0.3031; pixel_corr=0.9997; SSIM=0.9979; hist_corr=0.9986; ORB_good=99; ORB_inliers=97; ORB_inlier_ratio=0.9798,HIGH_CONFIDENCE_NEAR_DUPLICATE
Non-Venomous/Indian Rock Python/indian-rock-python-in-ranthambhore-tiger-reserve-en8p71.jpg,Indian Rock Python,Non-Venomous,validation/Non_Venomous_Snake/indian-rock-python-in-ranthambhore-tiger-reserve-en8p71.jpg,Non_Venomous_Snake,VALIDATION,0,0,HIGH_CONFIDENCE_NEAR_DUPLICATE,0,0.303125,0.999714,0.997923,0.998711,102,98,0.960784,CONFIRMED_NEAR_DUPLICATE,pHash=0; dHash=0; aHash=0; aspect_delta=0.3031; pixel_corr=0.9997; SSIM=0.9979; hist_corr=0.9987; ORB_good=102; ORB_inliers=98; ORB_inlier_ratio=0.9608,HIGH_CONFIDENCE_NEAR_DUPLICATE
Non-Venomous/Indian Rock Python/indian-rock-python-in-western-ghats-awd4p9.jpg,Indian Rock Python,Non-Venomous,train/Non_Venomous_Snake/indian-rock-python-in-western-ghats-awd4p9.jpg,Non_Venomous_Snake,TRAIN,0,0,HIGH_CONFIDENCE_NEAR_DUPLICATE,0,0.3,0.999742,0.99801,0.999285,115,112,0.973913,CONFIRMED_NEAR_DUPLICATE,pHash=0; dHash=0; aHash=0; aspect_delta=0.3000; pixel_corr=0.9997; SSIM=0.9980; hist_corr=0.9993; ORB_good=115; ORB_inliers=112; ORB_inlier_ratio=0.9739,HIGH_CONFIDENCE_NEAR_DUPLICATE
Non-Venomous/Indian Rock Python/indian-rock-python-in-western-ghats-awd4pc.jpg,Indian Rock Python,Non-Venomous,train/Non_Venomous_Snake/indian-rock-python-in-western-ghats-awd4pc.jpg,Non_Venomous_Snake,TRAIN,0,0,HIGH_CONFIDENCE_NEAR_DUPLICATE,0,0.308889,0.999783,0.997726,0.99866,99,97,0.979798,CONFIRMED_NEAR_DUPLICATE,pHash=0; dHash=0; aHash=0; aspect_delta=0.3089; pixel_corr=0.9998; SSIM=0.9977; hist_corr=0.9987; ORB_good=99; ORB_inliers=97; ORB_inlier_ratio=0.9798,HIGH_CONFIDENCE_NEAR_DUPLICATE
Non-Venomous/Indian Rock Python/indian-rock-python-in-western-ghats-AWD4PE.jpg,Indian Rock Python,Non-Venomous,train/Non_Venomous_Snake/indian-rock-python-in-western-ghats-AWD4PE.jpg,Non_Venomous_Snake,TRAIN,0,0,HIGH_CONFIDENCE_NEAR_DUPLICATE,0,0.271538,0.999301,0.997742,0.998476,42,41,0.97619,CONFIRMED_NEAR_DUPLICATE,pHash=0; dHash=0; aHash=0; aspect_delta=0.2715; pixel_corr=0.9993; SSIM=0.9977; hist_corr=0.9985; ORB_good=42; ORB_inliers=41; ORB_inlier_ratio=0.9762,HIGH_CONFIDENCE_NEAR_DUPLICATE
Non-Venomous/Indian Rock Python/indian-rock-python-in-western-ghats-AWD4T0.jpg,Indian Rock Python,Non-Venomous,train/Non_Venomous_Snake/indian-rock-python-in-western-ghats-AWD4T0.jpg,Non_Venomous_Snake,TRAIN,0,1,HIGH_CONFIDENCE_NEAR_DUPLICATE,0,0.28,0.999545,0.997536,0.999489,37,35,0.945946,CONFIRMED_NEAR_DUPLICATE,pHash=0; dHash=1; aHash=0; aspect_delta=0.2800; pixel_corr=0.9995; SSIM=0.9975; hist_corr=0.9995; ORB_good=37; ORB_inliers=35; ORB_inlier_ratio=0.9459,HIGH_CONFIDENCE_NEAR_DUPLICATE
Non-Venomous/Indian Rock Python/indian-rock-python-in-western-ghats-awd4t4.jpg,Indian Rock Python,Non-Venomous,train/Non_Venomous_Snake/indian-rock-python-in-western-ghats-awd4t4.jpg,Non_Venomous_Snake,TRAIN,0,0,HIGH_CONFIDENCE_NEAR_DUPLICATE,0,0.302222,0.999677,0.999142,0.991638,69,67,0.971014,CONFIRMED_NEAR_DUPLICATE,pHash=0; dHash=0; aHash=0; aspect_delta=0.3022; pixel_corr=0.9997; SSIM=0.9991; hist_corr=0.9916; ORB_good=69; ORB_inliers=67; ORB_inlier_ratio=0.9710,HIGH_CONFIDENCE_NEAR_DUPLICATE
Non-Venomous/Indian Rock Python/Indian-Rock-Python-Langur-kill-1.jpg,Indian Rock Python,Non-Venomous,train/Non_Venomous_Snake/Indian-Rock-Python-Langur-kill-1.jpg,Non_Venomous_Snake,TRAIN,0,0,HIGH_CONFIDENCE_NEAR_DUPLICATE,0,0.333984,0.999277,0.997018,0.995896,33,28,0.848485,CONFIRMED_NEAR_DUPLICATE,pHash=0; dHash=0; aHash=0; aspect_delta=0.3340; pixel_corr=0.9993; SSIM=0.9970; hist_corr=0.9959; ORB_good=33; ORB_inliers=28; ORB_inlier_ratio=0.8485,HIGH_CONFIDENCE_NEAR_DUPLICATE
Non-Venomous/Indian Rock Python/Indian-Rock-Python-Langur-kill-2.jpg,Indian Rock Python,Non-Venomous,train/Non_Venomous_Snake/Indian-Rock-Python-Langur-kill-2.jpg,Non_Venomous_Snake,TRAIN,0,0,HIGH_CONFIDENCE_NEAR_DUPLICATE,0,0.333008,0.999239,0.996675,0.996736,31,30,0.967742,CONFIRMED_NEAR_DUPLICATE,pHash=0; dHash=0; aHash=0; aspect_delta=0.3330; pixel_corr=0.9992; SSIM=0.9967; hist_corr=0.9967; ORB_good=31; ORB_inliers=30; ORB_inlier_ratio=0.9677,HIGH_CONFIDENCE_NEAR_DUPLICATE
Non-Venomous/Indian Rock Python/Indian-Rock-Python-Langur-kill-3.jpg,Indian Rock Python,Non-Venomous,train/Non_Venomous_Snake/Indian-Rock-Python-Langur-kill-3.jpg,Non_Venomous_Snake,TRAIN,0,0,HIGH_CONFIDENCE_NEAR_DUPLICATE,0,0.333008,0.99902,0.996325,0.996313,32,32,1.0,CONFIRMED_NEAR_DUPLICATE,pHash=0; dHash=0; aHash=0; aspect_delta=0.3330; pixel_corr=0.9990; SSIM=0.9963; hist_corr=0.9963; ORB_good=32; ORB_inliers=32; ORB_inlier_ratio=1.0000,HIGH_CONFIDENCE_NEAR_DUPLICATE
Non-Venomous/Indian Rock Python/Indian-Rock-Python-Langur-kill-4.jpg,Indian Rock Python,Non-Venomous,train/Non_Venomous_Snake/Indian-Rock-Python-Langur-kill-4.jpg,Non_Venomous_Snake,TRAIN,0,0,HIGH_CONFIDENCE_NEAR_DUPLICATE,0,0.333008,0.998942,0.996558,0.99605,19,19,1.0,LIKELY_NEAR_DUPLICATE,pHash=0; dHash=0; aHash=0; aspect_delta=0.3330; pixel_corr=0.9989; SSIM=0.9966; hist_corr=0.9961; ORB_good=19; ORB_inliers=19; ORB_inlier_ratio=1.0000,POSSIBLE_NEAR_DUPLICATE
Non-Venomous/Indian Rock Python/Indian-Rock-Python-Langur-kill-5.jpg,Indian Rock Python,Non-Venomous,train/Non_Venomous_Snake/Indian-Rock-Python-Langur-kill-5.jpg,Non_Venomous_Snake,TRAIN,2,1,HIGH_CONFIDENCE_NEAR_DUPLICATE,0,0.333008,0.998975,0.995878,0.994956,23,22,0.956522,CONFIRMED_NEAR_DUPLICATE,pHash=2; dHash=1; aHash=0; aspect_delta=0.3330; pixel_corr=0.9990; SSIM=0.9959; hist_corr=0.9950; ORB_good=23; ORB_inliers=22; ORB_inlier_ratio=0.9565,HIGH_CONFIDENCE_NEAR_DUPLICATE
Non-Venomous/Indian Rock Python/indian-rock-python-or-indian-python-python-molurus-in-ranthambhore-FXYGTF.jpg,Indian Rock Python,Non-Venomous,train/Non_Venomous_Snake/indian-rock-python-or-indian-python-python-molurus-in-ranthambhore-FXYGTF.jpg,Non_Venomous_Snake,TRAIN,0,0,HIGH_CONFIDENCE_NEAR_DUPLICATE,0,0.381538,0.999702,0.997215,0.999122,22,18,0.818182,CONFIRMED_NEAR_DUPLICATE,pHash=0; dHash=0; aHash=0; aspect_delta=0.3815; pixel_corr=0.9997; SSIM=0.9972; hist_corr=0.9991; ORB_good=22; ORB_inliers=18; ORB_inlier_ratio=0.8182,HIGH_CONFIDENCE_NEAR_DUPLICATE
Non-Venomous/Indian Rock Python/indian-rock-python-python-molurus-aarey-milk-colony-india-J21E53.jpg,Indian Rock Python,Non-Venomous,validation/Non_Venomous_Snake/indian-rock-python-python-molurus-aarey-milk-colony-india-J21E53.jpg,Non_Venomous_Snake,VALIDATION,0,0,HIGH_CONFIDENCE_NEAR_DUPLICATE,0,0.264615,0.999225,0.995682,0.997687,50,49,0.98,CONFIRMED_NEAR_DUPLICATE,pHash=0; dHash=0; aHash=0; aspect_delta=0.2646; pixel_corr=0.9992; SSIM=0.9957; hist_corr=0.9977; ORB_good=50; ORB_inliers=49; ORB_inlier_ratio=0.9800,HIGH_CONFIDENCE_NEAR_DUPLICATE
Non-Venomous/Indian Rock Python/indian-rock-python-python-molurus-aarey-milk-colony-india-j21e53_001.jpg,Indian Rock Python,Non-Venomous,train/Non_Venomous_Snake/indian-rock-python-python-molurus-aarey-milk-colony-india-j21e53_001.jpg,Non_Venomous_Snake,TRAIN,0,0,HIGH_CONFIDENCE_NEAR_DUPLICATE,1,0.288889,0.999621,0.996466,0.998924,104,97,0.932692,CONFIRMED_NEAR_DUPLICATE,pHash=0; dHash=0; aHash=1; aspect_delta=0.2889; pixel_corr=0.9996; SSIM=0.9965; hist_corr=0.9989; ORB_good=104; ORB_inliers=97; ORB_inlier_ratio=0.9327,HIGH_CONFIDENCE_NEAR_DUPLICATE
Non-Venomous/Indian Rock Python/indian-rock-python-python-molurus-barnawapara-wls-chhattisgarh-hnwtn1.jpg,Indian Rock Python,Non-Venomous,train/Non_Venomous_Snake/indian-rock-python-python-molurus-barnawapara-wls-chhattisgarh-hnwtn1.jpg,Non_Venomous_Snake,TRAIN,0,0,HIGH_CONFIDENCE_NEAR_DUPLICATE,0,0.288889,0.999589,0.998604,0.998056,125,122,0.976,CONFIRMED_NEAR_DUPLICATE,pHash=0; dHash=0; aHash=0; aspect_delta=0.2889; pixel_corr=0.9996; SSIM=0.9986; hist_corr=0.9981; ORB_good=125; ORB_inliers=122; ORB_inlier_ratio=0.9760,HIGH_CONFIDENCE_NEAR_DUPLICATE
Non-Venomous/Indian Rock Python/indian-rock-python-python-molurus-molurus-from-maharashtra-india-H9ET4W.jpg,Indian Rock Python,Non-Venomous,train/Non_Venomous_Snake/indian-rock-python-python-molurus-molurus-from-maharashtra-india-H9ET4W.jpg,Non_Venomous_Snake,TRAIN,0,0,HIGH_CONFIDENCE_NEAR_DUPLICATE,0,0.260769,0.999498,0.996185,0.998672,32,30,0.9375,CONFIRMED_NEAR_DUPLICATE,pHash=0; dHash=0; aHash=0; aspect_delta=0.2608; pixel_corr=0.9995; SSIM=0.9962; hist_corr=0.9987; ORB_good=32; ORB_inliers=30; ORB_inlier_ratio=0.9375,HIGH_CONFIDENCE_NEAR_DUPLICATE
Non-Venomous/Indian Rock Python/indian-rock-python-python-molurus-molurus-non-venomous-rare-katraj-A0BD86.jpg,Indian Rock Python,Non-Venomous,train/Non_Venomous_Snake/indian-rock-python-python-molurus-molurus-non-venomous-rare-katraj-A0BD86.jpg,Non_Venomous_Snake,TRAIN,0,0,HIGH_CONFIDENCE_NEAR_DUPLICATE,1,0.258462,0.999549,0.99774,0.998407,50,48,0.96,CONFIRMED_NEAR_DUPLICATE,pHash=0; dHash=0; aHash=1; aspect_delta=0.2585; pixel_corr=0.9995; SSIM=0.9977; hist_corr=0.9984; ORB_good=50; ORB_inliers=48; ORB_inlier_ratio=0.9600,HIGH_CONFIDENCE_NEAR_DUPLICATE
Non-Venomous/Indian Rock Python/indian-rock-python-python-molurus-molurus-non-venomous-rare-panvel-B8718K.jpg,Indian Rock Python,Non-Venomous,train/Non_Venomous_Snake/indian-rock-python-python-molurus-molurus-non-venomous-rare-panvel-B8718K.jpg,Non_Venomous_Snake,TRAIN,0,0,HIGH_CONFIDENCE_NEAR_DUPLICATE,0,0.264615,0.999394,0.996036,0.998747,44,44,1.0,CONFIRMED_NEAR_DUPLICATE,pHash=0; dHash=0; aHash=0; aspect_delta=0.2646; pixel_corr=0.9994; SSIM=0.9960; hist_corr=0.9987; ORB_good=44; ORB_inliers=44; ORB_inlier_ratio=1.0000,HIGH_CONFIDENCE_NEAR_DUPLICATE
Non-Venomous/Indian Rock Python/indian-rock-python-with-a-full-belly-in-a-stream-in-ranthambhore-tiger-D2H4CR.jpg,Indian Rock Python,Non-Venomous,train/Non_Venomous_Snake/indian-rock-python-with-a-full-belly-in-a-stream-in-ranthambhore-tiger-D2H4CR.jpg,Non_Venomous_Snake,TRAIN,0,0,HIGH_CONFIDENCE_NEAR_DUPLICATE,0,0.377698,0.999179,0.995266,0.998519,11,8,0.727273,POSSIBLE_NEAR_DUPLICATE,pHash=0; dHash=0; aHash=0; aspect_delta=0.3777; pixel_corr=0.9992; SSIM=0.9953; hist_corr=0.9985; ORB_good=11; ORB_inliers=8; ORB_inlier_ratio=0.7273,POSSIBLE_NEAR_DUPLICATE
Non-Venomous/Indian Rock Python/Indian-Rock-Python.jpg,Indian Rock Python,Non-Venomous,train/Non_Venomous_Snake/Indian-Rock-Python.jpg,Non_Venomous_Snake,TRAIN,0,0,HIGH_CONFIDENCE_NEAR_DUPLICATE,0,0.25,0.999802,0.999228,0.999819,173,166,0.959538,CONFIRMED_NEAR_DUPLICATE,pHash=0; dHash=0; aHash=0; aspect_delta=0.2500; pixel_corr=0.9998; SSIM=0.9992; hist_corr=0.9998; ORB_good=173; ORB_inliers=166; ORB_inlier_ratio=0.9595,HIGH_CONFIDENCE_NEAR_DUPLICATE
Non-Venomous/Indian Rock Python/Indian-Rock-Python_001.jpg,Indian Rock Python,Non-Venomous,validation/Non_Venomous_Snake/Indian-Rock-Python_001.jpg,Non_Venomous_Snake,VALIDATION,0,0,HIGH_CONFIDENCE_NEAR_DUPLICATE,0,0.516094,0.999378,0.998263,0.998978,4,4,1.0,POSSIBLE_NEAR_DUPLICATE,pHash=0; dHash=0; aHash=0; aspect_delta=0.5161; pixel_corr=0.9994; SSIM=0.9983; hist_corr=0.9990; ORB_good=4; ORB_inliers=4; ORB_inlier_ratio=1.0000,POSSIBLE_NEAR_DUPLICATE
Non-Venomous/Indian Rock Python/indian-rock-python_002.jpg,Indian Rock Python,Non-Venomous,train/Non_Venomous_Snake/indian-rock-python_002.jpg,Non_Venomous_Snake,TRAIN,0,0,HIGH_CONFIDENCE_NEAR_DUPLICATE,0,0.332727,0.999202,0.998408,0.999418,72,68,0.944444,CONFIRMED_NEAR_DUPLICATE,pHash=0; dHash=0; aHash=0; aspect_delta=0.3327; pixel_corr=0.9992; SSIM=0.9984; hist_corr=0.9994; ORB_good=72; ORB_inliers=68; ORB_inlier_ratio=0.9444,HIGH_CONFIDENCE_NEAR_DUPLICATE
Non-Venomous/Indian Rock Python/indian-rock-python_003.jpg,Indian Rock Python,Non-Venomous,validation/Non_Venomous_Snake/indian-rock-python_003.jpg,Non_Venomous_Snake,VALIDATION,0,0,HIGH_CONFIDENCE_NEAR_DUPLICATE,0,0.273125,0.99969,0.997002,0.998999,28,28,1.0,CONFIRMED_NEAR_DUPLICATE,pHash=0; dHash=0; aHash=0; aspect_delta=0.2731; pixel_corr=0.9997; SSIM=0.9970; hist_corr=0.9990; ORB_good=28; ORB_inliers=28; ORB_inlier_ratio=1.0000,HIGH_CONFIDENCE_NEAR_DUPLICATE
Non-Venomous/Indian Rock Python/indian-rock-python_1030440_DH.jpg,Indian Rock Python,Non-Venomous,train/Non_Venomous_Snake/indian-rock-python_1030440_DH.jpg,Non_Venomous_Snake,TRAIN,0,1,HIGH_CONFIDENCE_NEAR_DUPLICATE,0,0.249531,0.999767,0.99846,0.999202,208,202,0.971154,CONFIRMED_NEAR_DUPLICATE,pHash=0; dHash=1; aHash=0; aspect_delta=0.2495; pixel_corr=0.9998; SSIM=0.9985; hist_corr=0.9992; ORB_good=208; ORB_inliers=202; ORB_inlier_ratio=0.9712,HIGH_CONFIDENCE_NEAR_DUPLICATE
Non-Venomous/Indian Rock Python/indian_python_2011.jpg,Indian Rock Python,Non-Venomous,validation/Non_Venomous_Snake/indian_python_2011.jpg,Non_Venomous_Snake,VALIDATION,0,0,HIGH_CONFIDENCE_NEAR_DUPLICATE,0,0.45045,0.999686,0.996889,0.999303,24,20,0.833333,CONFIRMED_NEAR_DUPLICATE,pHash=0; dHash=0; aHash=0; aspect_delta=0.4505; pixel_corr=0.9997; SSIM=0.9969; hist_corr=0.9993; ORB_good=24; ORB_inliers=20; ORB_inlier_ratio=0.8333,HIGH_CONFIDENCE_NEAR_DUPLICATE
Non-Venomous/Indian Rock Python/Indian_rock_python.jpg,Indian Rock Python,Non-Venomous,validation/Non_Venomous_Snake/Indian_rock_python.jpg,Non_Venomous_Snake,VALIDATION,0,0,HIGH_CONFIDENCE_NEAR_DUPLICATE,0,0.333333,0.999265,0.994883,0.999822,1,0,0.0,POSSIBLE_NEAR_DUPLICATE,pHash=0; dHash=0; aHash=0; aspect_delta=0.3333; pixel_corr=0.9993; SSIM=0.9949; hist_corr=0.9998; ORB_good=1; ORB_inliers=0; ORB_inlier_ratio=0.0000,POSSIBLE_NEAR_DUPLICATE
Non-Venomous/Indian Rock Python/Indian_Rock_Python_(_P_molurus)_rolled_up_into_a_ball.JPG,Indian Rock Python,Non-Venomous,train/Non_Venomous_Snake/Indian_Rock_Python_(_P_molurus)_rolled_up_into_a_ball.JPG,Non_Venomous_Snake,TRAIN,0,0,HIGH_CONFIDENCE_NEAR_DUPLICATE,0,0.25,0.999829,0.998009,0.998172,3,0,0.0,POSSIBLE_NEAR_DUPLICATE,pHash=0; dHash=0; aHash=0; aspect_delta=0.2500; pixel_corr=0.9998; SSIM=0.9980; hist_corr=0.9982; ORB_good=3; ORB_inliers=0; ORB_inlier_ratio=0.0000,POSSIBLE_NEAR_DUPLICATE
Non-Venomous/Indian Rock Python/Indian_rock_python_(Python_molurus)_at_mysore_zoo.jpg,Indian Rock Python,Non-Venomous,validation/Non_Venomous_Snake/Indian_rock_python_(Python_molurus)_at_mysore_zoo.jpg,Non_Venomous_Snake,VALIDATION,0,1,HIGH_CONFIDENCE_NEAR_DUPLICATE,0,0.517578,0.999436,0.997737,0.999151,9,6,0.666667,POSSIBLE_NEAR_DUPLICATE,pHash=0; dHash=1; aHash=0; aspect_delta=0.5176; pixel_corr=0.9994; SSIM=0.9977; hist_corr=0.9992; ORB_good=9; ORB_inliers=6; ORB_inlier_ratio=0.6667,POSSIBLE_NEAR_DUPLICATE
Non-Venomous/Indian Rock Python/Indian_rock_python_from_Nehru_Zoological_park_Hyderabad_4428.JPG,Indian Rock Python,Non-Venomous,train/Non_Venomous_Snake/Indian_rock_python_from_Nehru_Zoological_park_Hyderabad_4428.JPG,Non_Venomous_Snake,TRAIN,0,0,HIGH_CONFIDENCE_NEAR_DUPLICATE,0,0.444444,0.999736,0.996711,0.998914,6,4,0.666667,POSSIBLE_NEAR_DUPLICATE,pHash=0; dHash=0; aHash=0; aspect_delta=0.4444; pixel_corr=0.9997; SSIM=0.9967; hist_corr=0.9989; ORB_good=6; ORB_inliers=4; ORB_inlier_ratio=0.6667,POSSIBLE_NEAR_DUPLICATE
Non-Venomous/Indian Rock Python/Indian_rock_python_from_Nehru_Zoological_park_Hyderabad_4430.JPG,Indian Rock Python,Non-Venomous,train/Non_Venomous_Snake/Indian_rock_python_from_Nehru_Zoological_park_Hyderabad_4430.JPG,Non_Venomous_Snake,TRAIN,0,0,HIGH_CONFIDENCE_NEAR_DUPLICATE,0,0.444444,0.999826,0.995665,0.999625,8,4,0.5,POSSIBLE_NEAR_DUPLICATE,pHash=0; dHash=0; aHash=0; aspect_delta=0.4444; pixel_corr=0.9998; SSIM=0.9957; hist_corr=0.9996; ORB_good=8; ORB_inliers=4; ORB_inlier_ratio=0.5000,POSSIBLE_NEAR_DUPLICATE
Non-Venomous/Indian Rock Python/Indian_rock_python_pratik_dahod.JPG,Indian Rock Python,Non-Venomous,train/Non_Venomous_Snake/Indian_rock_python_pratik_dahod.JPG,Non_Venomous_Snake,TRAIN,0,0,HIGH_CONFIDENCE_NEAR_DUPLICATE,0,0.33449,0.9997,0.997764,0.998892,9,6,0.666667,POSSIBLE_NEAR_DUPLICATE,pHash=0; dHash=0; aHash=0; aspect_delta=0.3345; pixel_corr=0.9997; SSIM=0.9978; hist_corr=0.9989; ORB_good=9; ORB_inliers=6; ORB_inlier_ratio=0.6667,POSSIBLE_NEAR_DUPLICATE
Non-Venomous/Indian Rock Python/indian_rock_python_pt4_by_sameerprehistorica-d5tsv6y.jpg,Indian Rock Python,Non-Venomous,validation/Non_Venomous_Snake/indian_rock_python_pt4_by_sameerprehistorica-d5tsv6y.jpg,Non_Venomous_Snake,VALIDATION,0,1,HIGH_CONFIDENCE_NEAR_DUPLICATE,0,0.25,0.999748,0.99525,0.999509,91,89,0.978022,CONFIRMED_NEAR_DUPLICATE,pHash=0; dHash=1; aHash=0; aspect_delta=0.2500; pixel_corr=0.9997; SSIM=0.9952; hist_corr=0.9995; ORB_good=91; ORB_inliers=89; ORB_inlier_ratio=0.9780,HIGH_CONFIDENCE_NEAR_DUPLICATE
Non-Venomous/Indian Rock Python/indian_rockey_python.jpg,Indian Rock Python,Non-Venomous,train/Non_Venomous_Snake/indian_rockey_python.jpg,Non_Venomous_Snake,TRAIN,0,0,HIGH_CONFIDENCE_NEAR_DUPLICATE,0,0.332592,0.999132,0.996959,0.999679,33,32,0.969697,CONFIRMED_NEAR_DUPLICATE,pHash=0; dHash=0; aHash=0; aspect_delta=0.3326; pixel_corr=0.9991; SSIM=0.9970; hist_corr=0.9997; ORB_good=33; ORB_inliers=32; ORB_inlier_ratio=0.9697,HIGH_CONFIDENCE_NEAR_DUPLICATE
Non-Venomous/Indian Rock Python/indianrockpython_001.jpg,Indian Rock Python,Non-Venomous,train/Non_Venomous_Snake/indianrockpython_001.jpg,Non_Venomous_Snake,TRAIN,0,0,HIGH_CONFIDENCE_NEAR_DUPLICATE,0,0.3,0.999815,0.996943,0.99996,101,100,0.990099,CONFIRMED_NEAR_DUPLICATE,pHash=0; dHash=0; aHash=0; aspect_delta=0.3000; pixel_corr=0.9998; SSIM=0.9969; hist_corr=1.0000; ORB_good=101; ORB_inliers=100; ORB_inlier_ratio=0.9901,HIGH_CONFIDENCE_NEAR_DUPLICATE
Non-Venomous/Indian Rock Python/indpython1l.jpg,Indian Rock Python,Non-Venomous,train/Non_Venomous_Snake/indpython1l.jpg,Non_Venomous_Snake,TRAIN,2,0,HIGH_CONFIDENCE_NEAR_DUPLICATE,0,0.333333,0.999808,0.997894,0.99974,87,86,0.988506,CONFIRMED_NEAR_DUPLICATE,pHash=2; dHash=0; aHash=0; aspect_delta=0.3333; pixel_corr=0.9998; SSIM=0.9979; hist_corr=0.9997; ORB_good=87; ORB_inliers=86; ORB_inlier_ratio=0.9885,HIGH_CONFIDENCE_NEAR_DUPLICATE
Non-Venomous/Indian Rock Python/indpython2l.jpg,Indian Rock Python,Non-Venomous,train/Non_Venomous_Snake/indpython2l.jpg,Non_Venomous_Snake,TRAIN,0,0,HIGH_CONFIDENCE_NEAR_DUPLICATE,0,0.293333,0.999819,0.998115,0.999767,144,137,0.951389,CONFIRMED_NEAR_DUPLICATE,pHash=0; dHash=0; aHash=0; aspect_delta=0.2933; pixel_corr=0.9998; SSIM=0.9981; hist_corr=0.9998; ORB_good=144; ORB_inliers=137; ORB_inlier_ratio=0.9514,HIGH_CONFIDENCE_NEAR_DUPLICATE
Non-Venomous/Indian Rock Python/Juvenile_Indian_Rock_Python_(_P_molurus)_in_a_pensive_moment.JPG,Indian Rock Python,Non-Venomous,train/Non_Venomous_Snake/Juvenile_Indian_Rock_Python_(_P_molurus)_in_a_pensive_moment.JPG,Non_Venomous_Snake,TRAIN,0,0,HIGH_CONFIDENCE_NEAR_DUPLICATE,0,0.25,0.999888,0.997681,0.999669,3,0,0.0,POSSIBLE_NEAR_DUPLICATE,pHash=0; dHash=0; aHash=0; aspect_delta=0.2500; pixel_corr=0.9999; SSIM=0.9977; hist_corr=0.9997; ORB_good=3; ORB_inliers=0; ORB_inlier_ratio=0.0000,POSSIBLE_NEAR_DUPLICATE
Non-Venomous/Indian Rock Python/Juvenilke_Indian_Rock_Python_(_P_molurus)_in_my_palm.JPG,Indian Rock Python,Non-Venomous,train/Non_Venomous_Snake/Juvenilke_Indian_Rock_Python_(_P_molurus)_in_my_palm.JPG,Non_Venomous_Snake,TRAIN,0,0,HIGH_CONFIDENCE_NEAR_DUPLICATE,0,0.25,0.999709,0.99769,0.996556,1,0,0.0,POSSIBLE_NEAR_DUPLICATE,pHash=0; dHash=0; aHash=0; aspect_delta=0.2500; pixel_corr=0.9997; SSIM=0.9977; hist_corr=0.9966; ORB_good=1; ORB_inliers=0; ORB_inlier_ratio=0.0000,POSSIBLE_NEAR_DUPLICATE
Non-Venomous/Indian Rock Python/kaa.jpg,Indian Rock Python,Non-Venomous,train/Non_Venomous_Snake/kaa.jpg,Non_Venomous_Snake,TRAIN,0,0,HIGH_CONFIDENCE_NEAR_DUPLICATE,0,0.333766,0.999822,0.998087,0.999801,71,69,0.971831,CONFIRMED_NEAR_DUPLICATE,pHash=0; dHash=0; aHash=0; aspect_delta=0.3338; pixel_corr=0.9998; SSIM=0.9981; hist_corr=0.9998; ORB_good=71; ORB_inliers=69; ORB_inlier_ratio=0.9718,HIGH_CONFIDENCE_NEAR_DUPLICATE
Non-Venomous/Indian Rock Python/Keoladeo 1587 Indian rock python.JPG,Indian Rock Python,Non-Venomous,train/Non_Venomous_Snake/Keoladeo 1587 Indian rock python.JPG,Non_Venomous_Snake,TRAIN,0,0,HIGH_CONFIDENCE_NEAR_DUPLICATE,0,0.25,0.999398,0.995255,0.998795,93,93,1.0,CONFIRMED_NEAR_DUPLICATE,pHash=0; dHash=0; aHash=0; aspect_delta=0.2500; pixel_corr=0.9994; SSIM=0.9953; hist_corr=0.9988; ORB_good=93; ORB_inliers=93; ORB_inlier_ratio=1.0000,HIGH_CONFIDENCE_NEAR_DUPLICATE
Non-Venomous/Indian Rock Python/maxresdefault.jpg,Indian Rock Python,Non-Venomous,validation/Non_Venomous_Snake/maxresdefault (3).jpg,Non_Venomous_Snake,VALIDATION,0,0,HIGH_CONFIDENCE_NEAR_DUPLICATE,0,0.4375,0.999802,0.998499,0.99957,11,9,0.818182,POSSIBLE_NEAR_DUPLICATE,pHash=0; dHash=0; aHash=0; aspect_delta=0.4375; pixel_corr=0.9998; SSIM=0.9985; hist_corr=0.9996; ORB_good=11; ORB_inliers=9; ORB_inlier_ratio=0.8182,POSSIBLE_NEAR_DUPLICATE
Non-Venomous/Indian Rock Python/maxresdefault_001.jpg,Indian Rock Python,Non-Venomous,train/Non_Venomous_Snake/maxresdefault_001 (2).jpg,Non_Venomous_Snake,TRAIN,0,0,HIGH_CONFIDENCE_NEAR_DUPLICATE,0,0.4375,0.999534,0.997077,0.999855,9,9,1.0,POSSIBLE_NEAR_DUPLICATE,pHash=0; dHash=0; aHash=0; aspect_delta=0.4375; pixel_corr=0.9995; SSIM=0.9971; hist_corr=0.9999; ORB_good=9; ORB_inliers=9; ORB_inlier_ratio=1.0000,POSSIBLE_NEAR_DUPLICATE
Non-Venomous/Indian Rock Python/maxresdefault_002.jpg,Indian Rock Python,Non-Venomous,train/Non_Venomous_Snake/maxresdefault_002.jpg,Non_Venomous_Snake,TRAIN,0,0,HIGH_CONFIDENCE_NEAR_DUPLICATE,0,0.4375,0.999759,0.997582,0.999402,4,4,1.0,POSSIBLE_NEAR_DUPLICATE,pHash=0; dHash=0; aHash=0; aspect_delta=0.4375; pixel_corr=0.9998; SSIM=0.9976; hist_corr=0.9994; ORB_good=4; ORB_inliers=4; ORB_inlier_ratio=1.0000,POSSIBLE_NEAR_DUPLICATE
Non-Venomous/Indian Rock Python/maxresdefault_003.jpg,Indian Rock Python,Non-Venomous,train/Non_Venomous_Snake/maxresdefault_003 (2).jpg,Non_Venomous_Snake,TRAIN,0,0,HIGH_CONFIDENCE_NEAR_DUPLICATE,0,0.4375,0.999257,0.99804,0.997909,7,7,1.0,POSSIBLE_NEAR_DUPLICATE,pHash=0; dHash=0; aHash=0; aspect_delta=0.4375; pixel_corr=0.9993; SSIM=0.9980; hist_corr=0.9979; ORB_good=7; ORB_inliers=7; ORB_inlier_ratio=1.0000,POSSIBLE_NEAR_DUPLICATE
Non-Venomous/Indian Rock Python/maxresdefault_004.jpg,Indian Rock Python,Non-Venomous,train/Non_Venomous_Snake/maxresdefault_004 (2).jpg,Non_Venomous_Snake,TRAIN,0,0,HIGH_CONFIDENCE_NEAR_DUPLICATE,1,0.608492,0.99954,0.998589,0.999257,2,0,0.0,POSSIBLE_NEAR_DUPLICATE,pHash=0; dHash=0; aHash=1; aspect_delta=0.6085; pixel_corr=0.9995; SSIM=0.9986; hist_corr=0.9993; ORB_good=2; ORB_inliers=0; ORB_inlier_ratio=0.0000,POSSIBLE_NEAR_DUPLICATE
Non-Venomous/Indian Rock Python/maxresdefault_006.jpg,Indian Rock Python,Non-Venomous,train/Non_Venomous_Snake/maxresdefault_006.jpg,Non_Venomous_Snake,TRAIN,0,0,HIGH_CONFIDENCE_NEAR_DUPLICATE,0,0.4375,0.999698,0.998274,0.999584,9,8,0.888889,POSSIBLE_NEAR_DUPLICATE,pHash=0; dHash=0; aHash=0; aspect_delta=0.4375; pixel_corr=0.9997; SSIM=0.9983; hist_corr=0.9996; ORB_good=9; ORB_inliers=8; ORB_inlier_ratio=0.8889,POSSIBLE_NEAR_DUPLICATE
Non-Venomous/Indian Rock Python/maxresdefault_007.jpg,Indian Rock Python,Non-Venomous,train/Non_Venomous_Snake/maxresdefault_007.jpg,Non_Venomous_Snake,TRAIN,0,0,HIGH_CONFIDENCE_NEAR_DUPLICATE,0,0.4375,0.999564,0.997225,0.999708,15,12,0.8,LIKELY_NEAR_DUPLICATE,pHash=0; dHash=0; aHash=0; aspect_delta=0.4375; pixel_corr=0.9996; SSIM=0.9972; hist_corr=0.9997; ORB_good=15; ORB_inliers=12; ORB_inlier_ratio=0.8000,POSSIBLE_NEAR_DUPLICATE
Non-Venomous/Indian Rock Python/maxresdefault_008.jpg,Indian Rock Python,Non-Venomous,train/Non_Venomous_Snake/maxresdefault_008.jpg,Non_Venomous_Snake,TRAIN,0,0,HIGH_CONFIDENCE_NEAR_DUPLICATE,0,0.4375,0.999849,0.998887,0.999865,12,8,0.666667,POSSIBLE_NEAR_DUPLICATE,pHash=0; dHash=0; aHash=0; aspect_delta=0.4375; pixel_corr=0.9998; SSIM=0.9989; hist_corr=0.9999; ORB_good=12; ORB_inliers=8; ORB_inlier_ratio=0.6667,POSSIBLE_NEAR_DUPLICATE
Non-Venomous/Indian Rock Python/maxresdefault_010.jpg,Indian Rock Python,Non-Venomous,validation/Non_Venomous_Snake/maxresdefault_010.jpg,Non_Venomous_Snake,VALIDATION,0,0,HIGH_CONFIDENCE_NEAR_DUPLICATE,0,0.4375,0.999885,0.996908,0.999619,18,16,0.888889,LIKELY_NEAR_DUPLICATE,pHash=0; dHash=0; aHash=0; aspect_delta=0.4375; pixel_corr=0.9999; SSIM=0.9969; hist_corr=0.9996; ORB_good=18; ORB_inliers=16; ORB_inlier_ratio=0.8889,POSSIBLE_NEAR_DUPLICATE
Non-Venomous/Indian Rock Python/p12.jpg,Indian Rock Python,Non-Venomous,train/Non_Venomous_Snake/p12.jpg,Non_Venomous_Snake,TRAIN,0,0,HIGH_CONFIDENCE_NEAR_DUPLICATE,0,0.214063,0.999645,0.997468,0.998462,195,195,1.0,CONFIRMED_NEAR_DUPLICATE,pHash=0; dHash=0; aHash=0; aspect_delta=0.2141; pixel_corr=0.9996; SSIM=0.9975; hist_corr=0.9985; ORB_good=195; ORB_inliers=195; ORB_inlier_ratio=1.0000,HIGH_CONFIDENCE_NEAR_DUPLICATE
Non-Venomous/Indian Rock Python/pmolurus209.jpg,Indian Rock Python,Non-Venomous,train/Non_Venomous_Snake/pmolurus209.jpg,Non_Venomous_Snake,TRAIN,0,0,HIGH_CONFIDENCE_NEAR_DUPLICATE,0,0.333333,0.999831,0.998781,0.996849,65,60,0.923077,CONFIRMED_NEAR_DUPLICATE,pHash=0; dHash=0; aHash=0; aspect_delta=0.3333; pixel_corr=0.9998; SSIM=0.9988; hist_corr=0.9968; ORB_good=65; ORB_inliers=60; ORB_inlier_ratio=0.9231,HIGH_CONFIDENCE_NEAR_DUPLICATE
Non-Venomous/Indian Rock Python/pmolurus2092.jpg,Indian Rock Python,Non-Venomous,train/Non_Venomous_Snake/pmolurus2092.jpg,Non_Venomous_Snake,TRAIN,0,0,HIGH_CONFIDENCE_NEAR_DUPLICATE,0,0.333333,0.999884,0.996471,0.999599,36,35,0.972222,CONFIRMED_NEAR_DUPLICATE,pHash=0; dHash=0; aHash=0; aspect_delta=0.3333; pixel_corr=0.9999; SSIM=0.9965; hist_corr=0.9996; ORB_good=36; ORB_inliers=35; ORB_inlier_ratio=0.9722,HIGH_CONFIDENCE_NEAR_DUPLICATE
Non-Venomous/Indian Rock Python/Pratik_jain_dahod_python.JPG,Indian Rock Python,Non-Venomous,train/Non_Venomous_Snake/Pratik_jain_dahod_python.JPG,Non_Venomous_Snake,TRAIN,0,0,HIGH_CONFIDENCE_NEAR_DUPLICATE,0,0.330833,0.999755,0.998031,0.997676,49,46,0.938776,CONFIRMED_NEAR_DUPLICATE,pHash=0; dHash=0; aHash=0; aspect_delta=0.3308; pixel_corr=0.9998; SSIM=0.9980; hist_corr=0.9977; ORB_good=49; ORB_inliers=46; ORB_inlier_ratio=0.9388,HIGH_CONFIDENCE_NEAR_DUPLICATE
Non-Venomous/Indian Rock Python/Python  molurus2.jpg,Indian Rock Python,Non-Venomous,train/Non_Venomous_Snake/Python  molurus2.jpg,Non_Venomous_Snake,TRAIN,0,0,HIGH_CONFIDENCE_NEAR_DUPLICATE,0,0.395714,0.999804,0.998863,0.999493,9,9,1.0,POSSIBLE_NEAR_DUPLICATE,pHash=0; dHash=0; aHash=0; aspect_delta=0.3957; pixel_corr=0.9998; SSIM=0.9989; hist_corr=0.9995; ORB_good=9; ORB_inliers=9; ORB_inlier_ratio=1.0000,POSSIBLE_NEAR_DUPLICATE
Non-Venomous/Indian Rock Python/Python  molurus3.jpg,Indian Rock Python,Non-Venomous,train/Non_Venomous_Snake/Python  molurus3.jpg,Non_Venomous_Snake,TRAIN,0,0,HIGH_CONFIDENCE_NEAR_DUPLICATE,0,0.395714,0.999812,0.997511,0.99682,12,11,0.916667,POSSIBLE_NEAR_DUPLICATE,pHash=0; dHash=0; aHash=0; aspect_delta=0.3957; pixel_corr=0.9998; SSIM=0.9975; hist_corr=0.9968; ORB_good=12; ORB_inliers=11; ORB_inlier_ratio=0.9167,POSSIBLE_NEAR_DUPLICATE
Non-Venomous/Indian Rock Python/Python  molurus4.jpg,Indian Rock Python,Non-Venomous,validation/Non_Venomous_Snake/Python  molurus4.jpg,Non_Venomous_Snake,VALIDATION,2,0,HIGH_CONFIDENCE_NEAR_DUPLICATE,0,0.395714,0.999798,0.997211,0.994734,14,11,0.785714,POSSIBLE_NEAR_DUPLICATE,pHash=2; dHash=0; aHash=0; aspect_delta=0.3957; pixel_corr=0.9998; SSIM=0.9972; hist_corr=0.9947; ORB_good=14; ORB_inliers=11; ORB_inlier_ratio=0.7857,POSSIBLE_NEAR_DUPLICATE
Non-Venomous/Indian Rock Python/python-generic_650x400_81472483726.jpg,Indian Rock Python,Non-Venomous,train/Non_Venomous_Snake/python-generic_650x400_81472483726.jpg,Non_Venomous_Snake,TRAIN,0,0,HIGH_CONFIDENCE_NEAR_DUPLICATE,0,0.384615,0.999801,0.99637,0.996595,18,18,1.0,LIKELY_NEAR_DUPLICATE,pHash=0; dHash=0; aHash=0; aspect_delta=0.3846; pixel_corr=0.9998; SSIM=0.9964; hist_corr=0.9966; ORB_good=18; ORB_inliers=18; ORB_inlier_ratio=1.0000,POSSIBLE_NEAR_DUPLICATE
Non-Venomous/Indian Rock Python/python10l.jpg,Indian Rock Python,Non-Venomous,train/Non_Venomous_Snake/python10l.jpg,Non_Venomous_Snake,TRAIN,0,0,HIGH_CONFIDENCE_NEAR_DUPLICATE,0,0.333333,0.999833,0.998758,0.999834,95,90,0.947368,CONFIRMED_NEAR_DUPLICATE,pHash=0; dHash=0; aHash=0; aspect_delta=0.3333; pixel_corr=0.9998; SSIM=0.9988; hist_corr=0.9998; ORB_good=95; ORB_inliers=90; ORB_inlier_ratio=0.9474,HIGH_CONFIDENCE_NEAR_DUPLICATE
Non-Venomous/Indian Rock Python/python_big_12.jpg,Indian Rock Python,Non-Venomous,train/Non_Venomous_Snake/python_big_12.jpg,Non_Venomous_Snake,TRAIN,0,1,HIGH_CONFIDENCE_NEAR_DUPLICATE,0,0.492492,0.999693,0.998125,0.997482,13,10,0.769231,POSSIBLE_NEAR_DUPLICATE,pHash=0; dHash=1; aHash=0; aspect_delta=0.4925; pixel_corr=0.9997; SSIM=0.9981; hist_corr=0.9975; ORB_good=13; ORB_inliers=10; ORB_inlier_ratio=0.7692,POSSIBLE_NEAR_DUPLICATE
Non-Venomous/Indian Rock Python/python_molurus_1.jpg,Indian Rock Python,Non-Venomous,validation/Non_Venomous_Snake/python_molurus_1.jpg,Non_Venomous_Snake,VALIDATION,0,0,HIGH_CONFIDENCE_NEAR_DUPLICATE,0,0.382812,0.999683,0.997618,0.999612,37,32,0.864865,CONFIRMED_NEAR_DUPLICATE,pHash=0; dHash=0; aHash=0; aspect_delta=0.3828; pixel_corr=0.9997; SSIM=0.9976; hist_corr=0.9996; ORB_good=37; ORB_inliers=32; ORB_inlier_ratio=0.8649,HIGH_CONFIDENCE_NEAR_DUPLICATE
Non-Venomous/Indian Rock Python/rivertern.3.jpg,Indian Rock Python,Non-Venomous,train/Non_Venomous_Snake/rivertern.3.jpg,Non_Venomous_Snake,TRAIN,0,0,HIGH_CONFIDENCE_NEAR_DUPLICATE,0,0.254753,0.999277,0.997086,0.999673,165,160,0.969697,CONFIRMED_NEAR_DUPLICATE,pHash=0; dHash=0; aHash=0; aspect_delta=0.2548; pixel_corr=0.9993; SSIM=0.9971; hist_corr=0.9997; ORB_good=165; ORB_inliers=160; ORB_inlier_ratio=0.9697,HIGH_CONFIDENCE_NEAR_DUPLICATE
Non-Venomous/Indian Rock Python/rock-python-sun-basking-indian-forest-41115121.jpg,Indian Rock Python,Non-Venomous,train/Non_Venomous_Snake/rock-python-sun-basking-indian-forest-41115121.jpg,Non_Venomous_Snake,TRAIN,0,2,HIGH_CONFIDENCE_NEAR_DUPLICATE,0,0.279279,0.998946,0.998036,0.999813,45,40,0.888889,CONFIRMED_NEAR_DUPLICATE,pHash=0; dHash=2; aHash=0; aspect_delta=0.2793; pixel_corr=0.9989; SSIM=0.9980; hist_corr=0.9998; ORB_good=45; ORB_inliers=40; ORB_inlier_ratio=0.8889,HIGH_CONFIDENCE_NEAR_DUPLICATE
Non-Venomous/Indian Rock Python/rock_python.jpg,Indian Rock Python,Non-Venomous,train/Non_Venomous_Snake/rock_python.jpg,Non_Venomous_Snake,TRAIN,0,0,HIGH_CONFIDENCE_NEAR_DUPLICATE,0,0.3175,0.999457,0.997199,0.996377,50,48,0.96,CONFIRMED_NEAR_DUPLICATE,pHash=0; dHash=0; aHash=0; aspect_delta=0.3175; pixel_corr=0.9995; SSIM=0.9972; hist_corr=0.9964; ORB_good=50; ORB_inliers=48; ORB_inlier_ratio=0.9600,HIGH_CONFIDENCE_NEAR_DUPLICATE
Non-Venomous/Indian Rock Python/RockPython0.png,Indian Rock Python,Non-Venomous,train/Non_Venomous_Snake/RockPython0.jpg,Non_Venomous_Snake,TRAIN,2,0,HIGH_CONFIDENCE_NEAR_DUPLICATE,0,0.25,0.969593,0.887486,0.998243,127,117,0.92126,CONFIRMED_NEAR_DUPLICATE,pHash=2; dHash=0; aHash=0; aspect_delta=0.2500; pixel_corr=0.9696; SSIM=0.8875; hist_corr=0.9982; ORB_good=127; ORB_inliers=117; ORB_inlier_ratio=0.9213,HIGH_CONFIDENCE_NEAR_DUPLICATE
Non-Venomous/Indian Rock Python/SachinRockPython.jpg,Indian Rock Python,Non-Venomous,train/Non_Venomous_Snake/SachinRockPython.jpg,Non_Venomous_Snake,TRAIN,2,0,HIGH_CONFIDENCE_NEAR_DUPLICATE,0,0.32977,0.999279,0.996619,0.999674,33,33,1.0,CONFIRMED_NEAR_DUPLICATE,pHash=2; dHash=0; aHash=0; aspect_delta=0.3298; pixel_corr=0.9993; SSIM=0.9966; hist_corr=0.9997; ORB_good=33; ORB_inliers=33; ORB_inlier_ratio=1.0000,HIGH_CONFIDENCE_NEAR_DUPLICATE
Non-Venomous/Indian Rock Python/stock-photo-detail-of-the-head-of-a-indian-rock-python-python-molurus-426925648.jpg,Indian Rock Python,Non-Venomous,train/Non_Venomous_Snake/stock-photo-detail-of-the-head-of-a-indian-rock-python-python-molurus-426925648.jpg,Non_Venomous_Snake,TRAIN,0,0,HIGH_CONFIDENCE_NEAR_DUPLICATE,0,0.288889,0.999861,0.997965,0.999916,165,145,0.878788,CONFIRMED_NEAR_DUPLICATE,pHash=0; dHash=0; aHash=0; aspect_delta=0.2889; pixel_corr=0.9999; SSIM=0.9980; hist_corr=0.9999; ORB_good=165; ORB_inliers=145; ORB_inlier_ratio=0.8788,HIGH_CONFIDENCE_NEAR_DUPLICATE
Non-Venomous/Indian Rock Python/stock-photo-snake-named-indian-python-in-a-tree-seen-in-india-354574682.jpg,Indian Rock Python,Non-Venomous,train/Non_Venomous_Snake/stock-photo-snake-named-indian-python-in-a-tree-seen-in-india-354574682.jpg,Non_Venomous_Snake,TRAIN,0,0,HIGH_CONFIDENCE_NEAR_DUPLICATE,0,0.231111,0.999642,0.998501,0.995455,235,228,0.970213,CONFIRMED_NEAR_DUPLICATE,pHash=0; dHash=0; aHash=0; aspect_delta=0.2311; pixel_corr=0.9996; SSIM=0.9985; hist_corr=0.9955; ORB_good=235; ORB_inliers=228; ORB_inlier_ratio=0.9702,HIGH_CONFIDENCE_NEAR_DUPLICATE
Non-Venomous/Indian Rock Python/tumblr_mjkqc0Rogs1qhb1elo1_500.jpg,Indian Rock Python,Non-Venomous,train/Non_Venomous_Snake/tumblr_mjkqc0Rogs1qhb1elo1_500.jpg,Non_Venomous_Snake,TRAIN,0,0,HIGH_CONFIDENCE_NEAR_DUPLICATE,0,0.250375,0.999705,0.998002,0.999695,125,123,0.984,CONFIRMED_NEAR_DUPLICATE,pHash=0; dHash=0; aHash=0; aspect_delta=0.2504; pixel_corr=0.9997; SSIM=0.9980; hist_corr=0.9997; ORB_good=125; ORB_inliers=123; ORB_inlier_ratio=0.9840,HIGH_CONFIDENCE_NEAR_DUPLICATE
Non-Venomous/Indian Rock Python/udaipurtimes-6_1437804595.jpg,Indian Rock Python,Non-Venomous,validation/Non_Venomous_Snake/udaipurtimes-6_1437804595.jpg,Non_Venomous_Snake,VALIDATION,0,0,HIGH_CONFIDENCE_NEAR_DUPLICATE,0,0.458333,0.999828,0.998705,0.999446,16,13,0.8125,LIKELY_NEAR_DUPLICATE,pHash=0; dHash=0; aHash=0; aspect_delta=0.4583; pixel_corr=0.9998; SSIM=0.9987; hist_corr=0.9994; ORB_good=16; ORB_inliers=13; ORB_inlier_ratio=0.8125,POSSIBLE_NEAR_DUPLICATE
Non-Venomous/Indian Rock Python/y3ofIndian Rock Python.jpg,Indian Rock Python,Non-Venomous,train/Non_Venomous_Snake/y3ofIndian Rock Python.jpg,Non_Venomous_Snake,TRAIN,0,0,HIGH_CONFIDENCE_NEAR_DUPLICATE,0,0.158249,0.999773,0.997377,0.999662,281,278,0.989324,CONFIRMED_NEAR_DUPLICATE,pHash=0; dHash=0; aHash=0; aspect_delta=0.1582; pixel_corr=0.9998; SSIM=0.9974; hist_corr=0.9997; ORB_good=281; ORB_inliers=278; ORB_inlier_ratio=0.9893,HIGH_CONFIDENCE_NEAR_DUPLICATE
Venomous/Common Krait/0045.jpeg,Common Krait,Venomous,train/Venomous_Snake/0045.jpg,Venomous_Snake,TRAIN,4,2,POSSIBLE_NEAR_DUPLICATE,2,0.250366,0.808227,0.433504,0.997145,133,126,0.947368,CONFIRMED_NEAR_DUPLICATE,pHash=4; dHash=2; aHash=2; aspect_delta=0.2504; pixel_corr=0.8082; SSIM=0.4335; hist_corr=0.9971; ORB_good=133; ORB_inliers=126; ORB_inlier_ratio=0.9474,HIGH_CONFIDENCE_NEAR_DUPLICATE
Venomous/Common Krait/01DSC_6599.JPG,Common Krait,Venomous,test/Venomous_Snake/01DSC_6599.JPG,Venomous_Snake,TEST,0,0,HIGH_CONFIDENCE_NEAR_DUPLICATE,0,0.428125,0.999111,0.994869,0.999659,9,7,0.777778,POSSIBLE_NEAR_DUPLICATE,pHash=0; dHash=0; aHash=0; aspect_delta=0.4281; pixel_corr=0.9991; SSIM=0.9949; hist_corr=0.9997; ORB_good=9; ORB_inliers=7; ORB_inlier_ratio=0.7778,POSSIBLE_NEAR_DUPLICATE
Venomous/Common Krait/02tvCommon_Krait__S_824501g.jpg,Common Krait,Venomous,test/Venomous_Snake/02tvCommon_Krait__S_824501g.jpg,Venomous_Snake,TEST,0,0,HIGH_CONFIDENCE_NEAR_DUPLICATE,0,0.333333,0.999724,0.997205,0.998978,51,47,0.921569,CONFIRMED_NEAR_DUPLICATE,pHash=0; dHash=0; aHash=0; aspect_delta=0.3333; pixel_corr=0.9997; SSIM=0.9972; hist_corr=0.9990; ORB_good=51; ORB_inliers=47; ORB_inlier_ratio=0.9216,HIGH_CONFIDENCE_NEAR_DUPLICATE
Venomous/Common Krait/03000026775_01_f.jpg,Common Krait,Venomous,train/Venomous_Snake/03000026775_01_f.jpg,Venomous_Snake,TRAIN,0,0,HIGH_CONFIDENCE_NEAR_DUPLICATE,0,0.25,0.99928,0.994643,0.999528,75,75,1.0,CONFIRMED_NEAR_DUPLICATE,pHash=0; dHash=0; aHash=0; aspect_delta=0.2500; pixel_corr=0.9993; SSIM=0.9946; hist_corr=0.9995; ORB_good=75; ORB_inliers=75; ORB_inlier_ratio=1.0000,HIGH_CONFIDENCE_NEAR_DUPLICATE
Venomous/Common Krait/03000026775_01_f.jpg,Common Krait,Venomous,train/Venomous_Snake/50.jpg,Venomous_Snake,TRAIN,2,0,HIGH_CONFIDENCE_NEAR_DUPLICATE,0,0.25,0.996464,0.960352,0.997559,61,61,1.0,CONFIRMED_NEAR_DUPLICATE,pHash=2; dHash=0; aHash=0; aspect_delta=0.2500; pixel_corr=0.9965; SSIM=0.9604; hist_corr=0.9976; ORB_good=61; ORB_inliers=61; ORB_inlier_ratio=1.0000,HIGH_CONFIDENCE_NEAR_DUPLICATE
Venomous/Common Krait/0353.jpeg,Common Krait,Venomous,train/Venomous_Snake/0353.jpg,Venomous_Snake,TRAIN,0,0,HIGH_CONFIDENCE_NEAR_DUPLICATE,0,0.2875,0.993723,0.977076,0.997976,89,86,0.966292,CONFIRMED_NEAR_DUPLICATE,pHash=0; dHash=0; aHash=0; aspect_delta=0.2875; pixel_corr=0.9937; SSIM=0.9771; hist_corr=0.9980; ORB_good=89; ORB_inliers=86; ORB_inlier_ratio=0.9663,HIGH_CONFIDENCE_NEAR_DUPLICATE
Venomous/Common Krait/04337e4f3fda41e8d0d3121f8dc3cd8f--colorful-snakes-reptiles.jpg,Common Krait,Venomous,train/Venomous_Snake/04337e4f3fda41e8d0d3121f8dc3cd8f--colorful-snakes-reptiles.jpg,Venomous_Snake,TRAIN,0,1,HIGH_CONFIDENCE_NEAR_DUPLICATE,0,0.25,0.998831,0.997048,0.999873,65,59,0.907692,CONFIRMED_NEAR_DUPLICATE,pHash=0; dHash=1; aHash=0; aspect_delta=0.2500; pixel_corr=0.9988; SSIM=0.9970; hist_corr=0.9999; ORB_good=65; ORB_inliers=59; ORB_inlier_ratio=0.9077,HIGH_CONFIDENCE_NEAR_DUPLICATE
Venomous/Common Krait/0836.jpeg,Common Krait,Venomous,train/Venomous_Snake/2056.jpg,Venomous_Snake,TRAIN,4,5,POSSIBLE_NEAR_DUPLICATE,1,0.333333,0.715592,0.41584,0.997105,37,35,0.945946,CONFIRMED_NEAR_DUPLICATE,pHash=4; dHash=5; aHash=1; aspect_delta=0.3333; pixel_corr=0.7156; SSIM=0.4158; hist_corr=0.9971; ORB_good=37; ORB_inliers=35; ORB_inlier_ratio=0.9459,HIGH_CONFIDENCE_NEAR_DUPLICATE
Venomous/Common Krait/1-Common-Indian-Krait-Bungarus-Caeruleus.jpg,Common Krait,Venomous,test/Venomous_Snake/1-Common-Indian-Krait-Bungarus-Caeruleus.jpg,Venomous_Snake,TEST,2,0,HIGH_CONFIDENCE_NEAR_DUPLICATE,0,0.332031,0.997151,0.991505,0.999474,82,79,0.963415,CONFIRMED_NEAR_DUPLICATE,pHash=2; dHash=0; aHash=0; aspect_delta=0.3320; pixel_corr=0.9972; SSIM=0.9915; hist_corr=0.9995; ORB_good=82; ORB_inliers=79; ORB_inlier_ratio=0.9634,HIGH_CONFIDENCE_NEAR_DUPLICATE
Venomous/Common Krait/1143.jpeg,Common Krait,Venomous,validation/Venomous_Snake/1143.jpg,Venomous_Snake,VALIDATION,2,3,POSSIBLE_NEAR_DUPLICATE,2,0.25,0.962218,0.862159,0.999832,96,94,0.979167,CONFIRMED_NEAR_DUPLICATE,pHash=2; dHash=3; aHash=2; aspect_delta=0.2500; pixel_corr=0.9622; SSIM=0.8622; hist_corr=0.9998; ORB_good=96; ORB_inliers=94; ORB_inlier_ratio=0.9792,HIGH_CONFIDENCE_NEAR_DUPLICATE
Venomous/Common Krait/12382341385_f5af5fc558_b.jpg,Common Krait,Venomous,train/Venomous_Snake/12382341385_f5af5fc558_b.jpg,Venomous_Snake,TRAIN,0,0,HIGH_CONFIDENCE_NEAR_DUPLICATE,0,0.636719,0.999609,0.995743,0.999665,4,4,1.0,POSSIBLE_NEAR_DUPLICATE,pHash=0; dHash=0; aHash=0; aspect_delta=0.6367; pixel_corr=0.9996; SSIM=0.9957; hist_corr=0.9997; ORB_good=4; ORB_inliers=4; ORB_inlier_ratio=1.0000,POSSIBLE_NEAR_DUPLICATE
Venomous/Common Krait/12474945055_9b6d772f9d_b.jpg,Common Krait,Venomous,train/Venomous_Snake/12474945055_9b6d772f9d_b.jpg,Venomous_Snake,TRAIN,0,0,HIGH_CONFIDENCE_NEAR_DUPLICATE,0,0.513672,0.99974,0.996235,0.999338,17,13,0.764706,LIKELY_NEAR_DUPLICATE,pHash=0; dHash=0; aHash=0; aspect_delta=0.5137; pixel_corr=0.9997; SSIM=0.9962; hist_corr=0.9993; ORB_good=17; ORB_inliers=13; ORB_inlier_ratio=0.7647,POSSIBLE_NEAR_DUPLICATE
Venomous/Common Krait/12474950295_b152cf0527_b.jpg,Common Krait,Venomous,train/Venomous_Snake/12474950295_b152cf0527_b.jpg,Venomous_Snake,TRAIN,0,0,HIGH_CONFIDENCE_NEAR_DUPLICATE,0,0.485352,0.999592,0.99673,0.999762,23,16,0.695652,CONFIRMED_NEAR_DUPLICATE,pHash=0; dHash=0; aHash=0; aspect_delta=0.4854; pixel_corr=0.9996; SSIM=0.9967; hist_corr=0.9998; ORB_good=23; ORB_inliers=16; ORB_inlier_ratio=0.6957,HIGH_CONFIDENCE_NEAR_DUPLICATE
Venomous/Common Krait/1438850347common krait 2.jpg,Common Krait,Venomous,train/Venomous_Snake/1438850347common krait 2.jpg,Venomous_Snake,TRAIN,2,0,HIGH_CONFIDENCE_NEAR_DUPLICATE,0,0.218333,0.99959,0.998297,0.999715,199,194,0.974874,CONFIRMED_NEAR_DUPLICATE,pHash=2; dHash=0; aHash=0; aspect_delta=0.2183; pixel_corr=0.9996; SSIM=0.9983; hist_corr=0.9997; ORB_good=199; ORB_inliers=194; ORB_inlier_ratio=0.9749,HIGH_CONFIDENCE_NEAR_DUPLICATE
Venomous/Common Krait/1438850347IMG_1543.jpg,Common Krait,Venomous,train/Venomous_Snake/1438850347IMG_1543.jpg,Venomous_Snake,TRAIN,0,0,HIGH_CONFIDENCE_NEAR_DUPLICATE,0,0.438333,0.998707,0.997734,0.999734,6,5,0.833333,POSSIBLE_NEAR_DUPLICATE,pHash=0; dHash=0; aHash=0; aspect_delta=0.4383; pixel_corr=0.9987; SSIM=0.9977; hist_corr=0.9997; ORB_good=6; ORB_inliers=5; ORB_inlier_ratio=0.8333,POSSIBLE_NEAR_DUPLICATE
Venomous/Common Krait/1438850349IMG_7477.JPG,Common Krait,Venomous,train/Venomous_Snake/1438850349IMG_7477.JPG,Venomous_Snake,TRAIN,0,3,POSSIBLE_NEAR_DUPLICATE,0,0.25,0.9995,0.994889,0.999773,144,141,0.979167,CONFIRMED_NEAR_DUPLICATE,pHash=0; dHash=3; aHash=0; aspect_delta=0.2500; pixel_corr=0.9995; SSIM=0.9949; hist_corr=0.9998; ORB_good=144; ORB_inliers=141; ORB_inlier_ratio=0.9792,HIGH_CONFIDENCE_NEAR_DUPLICATE
Venomous/Common Krait/18.jpg,Common Krait,Venomous,train/Venomous_Snake/18.jpg,Venomous_Snake,TRAIN,0,0,HIGH_CONFIDENCE_NEAR_DUPLICATE,0,0.25,0.999761,0.997792,0.99968,165,154,0.933333,CONFIRMED_NEAR_DUPLICATE,pHash=0; dHash=0; aHash=0; aspect_delta=0.2500; pixel_corr=0.9998; SSIM=0.9978; hist_corr=0.9997; ORB_good=165; ORB_inliers=154; ORB_inlier_ratio=0.9333,HIGH_CONFIDENCE_NEAR_DUPLICATE
Venomous/Common Krait/247313107_37c9b05a88.jpg,Common Krait,Venomous,train/Venomous_Snake/247313107_37c9b05a88.jpg,Venomous_Snake,TRAIN,0,0,HIGH_CONFIDENCE_NEAR_DUPLICATE,0,0.334,0.999911,0.998638,0.999922,109,100,0.917431,CONFIRMED_NEAR_DUPLICATE,pHash=0; dHash=0; aHash=0; aspect_delta=0.3340; pixel_corr=0.9999; SSIM=0.9986; hist_corr=0.9999; ORB_good=109; ORB_inliers=100; ORB_inlier_ratio=0.9174,HIGH_CONFIDENCE_NEAR_DUPLICATE
Venomous/Common Krait/2816621425_c2ac28297a_b.jpg,Common Krait,Venomous,train/Venomous_Snake/2816621425_c2ac28297a_b.jpg,Venomous_Snake,TRAIN,0,1,HIGH_CONFIDENCE_NEAR_DUPLICATE,1,0.331055,0.998332,0.996348,0.997054,15,14,0.933333,LIKELY_NEAR_DUPLICATE,pHash=0; dHash=1; aHash=1; aspect_delta=0.3311; pixel_corr=0.9983; SSIM=0.9963; hist_corr=0.9971; ORB_good=15; ORB_inliers=14; ORB_inlier_ratio=0.9333,POSSIBLE_NEAR_DUPLICATE
Venomous/Common Krait/2848633061_422445e453_o.jpg,Common Krait,Venomous,train/Venomous_Snake/2848633061_422445e453_o.jpg,Venomous_Snake,TRAIN,0,0,HIGH_CONFIDENCE_NEAR_DUPLICATE,0,0.166,0.999435,0.998103,0.999517,327,322,0.984709,CONFIRMED_NEAR_DUPLICATE,pHash=0; dHash=0; aHash=0; aspect_delta=0.1660; pixel_corr=0.9994; SSIM=0.9981; hist_corr=0.9995; ORB_good=327; ORB_inliers=322; ORB_inlier_ratio=0.9847,HIGH_CONFIDENCE_NEAR_DUPLICATE
Venomous/Common Krait/3-Common-Indian-Krait-Bungarus-Caeruleus.jpg,Common Krait,Venomous,train/Venomous_Snake/3-Common-Indian-Krait-Bungarus-Caeruleus.jpg,Venomous_Snake,TRAIN,0,0,HIGH_CONFIDENCE_NEAR_DUPLICATE,0,0.333984,0.998751,0.997113,0.998733,63,59,0.936508,CONFIRMED_NEAR_DUPLICATE,pHash=0; dHash=0; aHash=0; aspect_delta=0.3340; pixel_corr=0.9988; SSIM=0.9971; hist_corr=0.9987; ORB_good=63; ORB_inliers=59; ORB_inlier_ratio=0.9365,HIGH_CONFIDENCE_NEAR_DUPLICATE
Venomous/Common Krait/39e574b4966c870035f7e3c9378379b2.jpg,Common Krait,Venomous,test/Venomous_Snake/39e574b4966c870035f7e3c9378379b2.jpg,Venomous_Snake,TEST,0,0,HIGH_CONFIDENCE_NEAR_DUPLICATE,0,0.25,0.999674,0.997774,0.999167,75,74,0.986667,CONFIRMED_NEAR_DUPLICATE,pHash=0; dHash=0; aHash=0; aspect_delta=0.2500; pixel_corr=0.9997; SSIM=0.9978; hist_corr=0.9992; ORB_good=75; ORB_inliers=74; ORB_inlier_ratio=0.9867,HIGH_CONFIDENCE_NEAR_DUPLICATE
Venomous/Common Krait/4-Common-Indian-Krait-Bungarus-Caeruleus.jpg,Common Krait,Venomous,train/Venomous_Snake/4-Common-Indian-Krait-Bungarus-Caeruleus.jpg,Venomous_Snake,TRAIN,2,0,HIGH_CONFIDENCE_NEAR_DUPLICATE,0,0.332031,0.998948,0.996652,0.997624,54,52,0.962963,CONFIRMED_NEAR_DUPLICATE,pHash=2; dHash=0; aHash=0; aspect_delta=0.3320; pixel_corr=0.9989; SSIM=0.9967; hist_corr=0.9976; ORB_good=54; ORB_inliers=52; ORB_inlier_ratio=0.9630,HIGH_CONFIDENCE_NEAR_DUPLICATE
Venomous/Common Krait/4398279168_d4b46620ed.jpg,Common Krait,Venomous,train/Venomous_Snake/4398279168_d4b46620ed.jpg,Venomous_Snake,TRAIN,0,0,HIGH_CONFIDENCE_NEAR_DUPLICATE,0,0.32,0.998901,0.997489,0.999162,59,54,0.915254,CONFIRMED_NEAR_DUPLICATE,pHash=0; dHash=0; aHash=0; aspect_delta=0.3200; pixel_corr=0.9989; SSIM=0.9975; hist_corr=0.9992; ORB_good=59; ORB_inliers=54; ORB_inlier_ratio=0.9153,HIGH_CONFIDENCE_NEAR_DUPLICATE
Venomous/Common Krait/5-Common-Indian-Krait-Bungarus-Caeruleus.jpg,Common Krait,Venomous,train/Venomous_Snake/5-Common-Indian-Krait-Bungarus-Caeruleus.jpg,Venomous_Snake,TRAIN,0,0,HIGH_CONFIDENCE_NEAR_DUPLICATE,0,0.332031,0.999651,0.998212,0.999681,83,78,0.939759,CONFIRMED_NEAR_DUPLICATE,pHash=0; dHash=0; aHash=0; aspect_delta=0.3320; pixel_corr=0.9997; SSIM=0.9982; hist_corr=0.9997; ORB_good=83; ORB_inliers=78; ORB_inlier_ratio=0.9398,HIGH_CONFIDENCE_NEAR_DUPLICATE
Venomous/Common Krait/52798683.jpg,Common Krait,Venomous,train/Venomous_Snake/52798683.jpg,Venomous_Snake,TRAIN,0,0,HIGH_CONFIDENCE_NEAR_DUPLICATE,0,0.355,0.99984,0.997242,0.999886,28,25,0.892857,CONFIRMED_NEAR_DUPLICATE,pHash=0; dHash=0; aHash=0; aspect_delta=0.3550; pixel_corr=0.9998; SSIM=0.9972; hist_corr=0.9999; ORB_good=28; ORB_inliers=25; ORB_inlier_ratio=0.8929,HIGH_CONFIDENCE_NEAR_DUPLICATE
Venomous/Common Krait/53616048.jpg,Common Krait,Venomous,train/Venomous_Snake/53616048.jpg,Venomous_Snake,TRAIN,0,2,HIGH_CONFIDENCE_NEAR_DUPLICATE,0,0.295,0.999761,0.99704,0.999977,100,81,0.81,CONFIRMED_NEAR_DUPLICATE,pHash=0; dHash=2; aHash=0; aspect_delta=0.2950; pixel_corr=0.9998; SSIM=0.9970; hist_corr=1.0000; ORB_good=100; ORB_inliers=81; ORB_inlier_ratio=0.8100,HIGH_CONFIDENCE_NEAR_DUPLICATE
Venomous/Common Krait/5556305440_f559fddd5f.jpg,Common Krait,Venomous,train/Venomous_Snake/5556305440_f559fddd5f.jpg,Venomous_Snake,TRAIN,0,0,HIGH_CONFIDENCE_NEAR_DUPLICATE,0,0.156,0.999798,0.997419,0.999864,288,279,0.96875,CONFIRMED_NEAR_DUPLICATE,pHash=0; dHash=0; aHash=0; aspect_delta=0.1560; pixel_corr=0.9998; SSIM=0.9974; hist_corr=0.9999; ORB_good=288; ORB_inliers=279; ORB_inlier_ratio=0.9688,HIGH_CONFIDENCE_NEAR_DUPLICATE
Venomous/Common Krait/5556315470_b7b39fec3d.jpg,Common Krait,Venomous,train/Venomous_Snake/5556315470_b7b39fec3d.jpg,Venomous_Snake,TRAIN,0,0,HIGH_CONFIDENCE_NEAR_DUPLICATE,0,0.048,0.999551,0.997256,0.999533,378,370,0.978836,CONFIRMED_NEAR_DUPLICATE,pHash=0; dHash=0; aHash=0; aspect_delta=0.0480; pixel_corr=0.9996; SSIM=0.9973; hist_corr=0.9995; ORB_good=378; ORB_inliers=370; ORB_inlier_ratio=0.9788,HIGH_CONFIDENCE_NEAR_DUPLICATE
Venomous/Common Krait/5556319714_5d0d0b919c.jpg,Common Krait,Venomous,train/Venomous_Snake/5556319714_5d0d0b919c.jpg,Venomous_Snake,TRAIN,0,0,HIGH_CONFIDENCE_NEAR_DUPLICATE,0,0.576,0.999805,0.997887,0.999649,8,6,0.75,POSSIBLE_NEAR_DUPLICATE,pHash=0; dHash=0; aHash=0; aspect_delta=0.5760; pixel_corr=0.9998; SSIM=0.9979; hist_corr=0.9996; ORB_good=8; ORB_inliers=6; ORB_inlier_ratio=0.7500,POSSIBLE_NEAR_DUPLICATE
Venomous/Common Krait/571f66bd60128.jpg,Common Krait,Venomous,train/Venomous_Snake/571f66bd60128.jpg,Venomous_Snake,TRAIN,0,0,HIGH_CONFIDENCE_NEAR_DUPLICATE,1,0.333333,0.999219,0.998222,0.99777,26,25,0.961538,CONFIRMED_NEAR_DUPLICATE,pHash=0; dHash=0; aHash=1; aspect_delta=0.3333; pixel_corr=0.9992; SSIM=0.9982; hist_corr=0.9978; ORB_good=26; ORB_inliers=25; ORB_inlier_ratio=0.9615,HIGH_CONFIDENCE_NEAR_DUPLICATE
Venomous/Common Krait/6674918465_fe1d46c3ab_b.jpg,Common Krait,Venomous,train/Venomous_Snake/6674918465_fe1d46c3ab_b.jpg,Venomous_Snake,TRAIN,0,0,HIGH_CONFIDENCE_NEAR_DUPLICATE,0,0.4375,0.999523,0.996962,0.998084,12,9,0.75,POSSIBLE_NEAR_DUPLICATE,pHash=0; dHash=0; aHash=0; aspect_delta=0.4375; pixel_corr=0.9995; SSIM=0.9970; hist_corr=0.9981; ORB_good=12; ORB_inliers=9; ORB_inlier_ratio=0.7500,POSSIBLE_NEAR_DUPLICATE
Venomous/Common Krait/7-Common-Indian-Krait-Bungarus-Caeruleus.jpg,Common Krait,Venomous,train/Venomous_Snake/7-Common-Indian-Krait-Bungarus-Caeruleus.jpg,Venomous_Snake,TRAIN,0,0,HIGH_CONFIDENCE_NEAR_DUPLICATE,0,0.3325,0.999714,0.999082,0.999869,86,80,0.930233,CONFIRMED_NEAR_DUPLICATE,pHash=0; dHash=0; aHash=0; aspect_delta=0.3325; pixel_corr=0.9997; SSIM=0.9991; hist_corr=0.9999; ORB_good=86; ORB_inliers=80; ORB_inlier_ratio=0.9302,HIGH_CONFIDENCE_NEAR_DUPLICATE
Venomous/Common Krait/7_jpegadad01e83bb98b57c221716c10d9414b.jpeg,Common Krait,Venomous,test/Venomous_Snake/02tvCommon_Krait__S_824501g.jpg,Venomous_Snake,TEST,0,1,HIGH_CONFIDENCE_NEAR_DUPLICATE,1,0.2,0.964909,0.831701,0.99721,122,117,0.959016,CONFIRMED_NEAR_DUPLICATE,pHash=0; dHash=1; aHash=1; aspect_delta=0.2000; pixel_corr=0.9649; SSIM=0.8317; hist_corr=0.9972; ORB_good=122; ORB_inliers=117; ORB_inlier_ratio=0.9590,HIGH_CONFIDENCE_NEAR_DUPLICATE
Venomous/Common Krait/81cb1316d8bd6b5ec1dbf0e4d68cf367.jpg,Common Krait,Venomous,validation/Venomous_Snake/81cb1316d8bd6b5ec1dbf0e4d68cf367.jpg,Venomous_Snake,VALIDATION,0,0,HIGH_CONFIDENCE_NEAR_DUPLICATE,0,0.534224,0.999418,0.997077,0.998558,10,8,0.8,POSSIBLE_NEAR_DUPLICATE,pHash=0; dHash=0; aHash=0; aspect_delta=0.5342; pixel_corr=0.9994; SSIM=0.9971; hist_corr=0.9986; ORB_good=10; ORB_inliers=8; ORB_inlier_ratio=0.8000,POSSIBLE_NEAR_DUPLICATE
Venomous/Common Krait/8788959224dd91612cf7b5.jpg,Common Krait,Venomous,train/Venomous_Snake/4.jpg,Venomous_Snake,TRAIN,4,0,POSSIBLE_NEAR_DUPLICATE,0,0.33,0.991447,0.96127,0.958865,47,41,0.87234,CONFIRMED_NEAR_DUPLICATE,pHash=4; dHash=0; aHash=0; aspect_delta=0.3300; pixel_corr=0.9914; SSIM=0.9613; hist_corr=0.9589; ORB_good=47; ORB_inliers=41; ORB_inlier_ratio=0.8723,HIGH_CONFIDENCE_NEAR_DUPLICATE
Venomous/Common Krait/8788959224dd91612cf7b5.jpg,Common Krait,Venomous,train/Venomous_Snake/8788959224dd91612cf7b5.jpg,Venomous_Snake,TRAIN,0,0,HIGH_CONFIDENCE_NEAR_DUPLICATE,0,0.33,0.999159,0.996165,0.998199,49,45,0.918367,CONFIRMED_NEAR_DUPLICATE,pHash=0; dHash=0; aHash=0; aspect_delta=0.3300; pixel_corr=0.9992; SSIM=0.9962; hist_corr=0.9982; ORB_good=49; ORB_inliers=45; ORB_inlier_ratio=0.9184,HIGH_CONFIDENCE_NEAR_DUPLICATE
Venomous/Common Krait/_837b1414-50e6-11e6-8d8d-a42edc5c5383.JPG,Common Krait,Venomous,test/Venomous_Snake/_837b1414-50e6-11e6-8d8d-a42edc5c5383.JPG,Venomous_Snake,TEST,0,0,HIGH_CONFIDENCE_NEAR_DUPLICATE,0,0.33125,0.999448,0.997215,0.999268,83,75,0.903614,CONFIRMED_NEAR_DUPLICATE,pHash=0; dHash=0; aHash=0; aspect_delta=0.3312; pixel_corr=0.9994; SSIM=0.9972; hist_corr=0.9993; ORB_good=83; ORB_inliers=75; ORB_inlier_ratio=0.9036,HIGH_CONFIDENCE_NEAR_DUPLICATE
Venomous/Common Krait/_D096405.jpg,Common Krait,Venomous,test/Venomous_Snake/_D096405.jpg,Venomous_Snake,TEST,0,0,HIGH_CONFIDENCE_NEAR_DUPLICATE,0,0.335,0.999434,0.997666,0.999026,55,54,0.981818,CONFIRMED_NEAR_DUPLICATE,pHash=0; dHash=0; aHash=0; aspect_delta=0.3350; pixel_corr=0.9994; SSIM=0.9977; hist_corr=0.9990; ORB_good=55; ORB_inliers=54; ORB_inlier_ratio=0.9818,HIGH_CONFIDENCE_NEAR_DUPLICATE
Venomous/Common Krait/afc3fbd1c45e1f79f26e6271444de28e.jpg,Common Krait,Venomous,train/Venomous_Snake/afc3fbd1c45e1f79f26e6271444de28e.jpg,Venomous_Snake,TRAIN,0,1,HIGH_CONFIDENCE_NEAR_DUPLICATE,2,0.331818,0.999338,0.996085,0.999973,40,20,0.5,LIKELY_NEAR_DUPLICATE,pHash=0; dHash=1; aHash=2; aspect_delta=0.3318; pixel_corr=0.9993; SSIM=0.9961; hist_corr=1.0000; ORB_good=40; ORB_inliers=20; ORB_inlier_ratio=0.5000,POSSIBLE_NEAR_DUPLICATE
Venomous/Common Krait/B_caeruleus_01-800x455.jpg,Common Krait,Venomous,train/Venomous_Snake/54.jpg,Venomous_Snake,TRAIN,0,1,HIGH_CONFIDENCE_NEAR_DUPLICATE,1,0.43125,0.993481,0.967778,0.991472,9,7,0.777778,POSSIBLE_NEAR_DUPLICATE,pHash=0; dHash=1; aHash=1; aspect_delta=0.4312; pixel_corr=0.9935; SSIM=0.9678; hist_corr=0.9915; ORB_good=9; ORB_inliers=7; ORB_inlier_ratio=0.7778,POSSIBLE_NEAR_DUPLICATE
Venomous/Common Krait/banded krait 1.jpg,Common Krait,Venomous,validation/Venomous_Snake/banded krait 1.jpg,Venomous_Snake,VALIDATION,0,0,HIGH_CONFIDENCE_NEAR_DUPLICATE,0,0.339378,0.999439,0.998206,0.999543,31,29,0.935484,CONFIRMED_NEAR_DUPLICATE,pHash=0; dHash=0; aHash=0; aspect_delta=0.3394; pixel_corr=0.9994; SSIM=0.9982; hist_corr=0.9995; ORB_good=31; ORB_inliers=29; ORB_inlier_ratio=0.9355,HIGH_CONFIDENCE_NEAR_DUPLICATE
Venomous/Common Krait/black-white-krait.jpg,Common Krait,Venomous,validation/Venomous_Snake/black-white-krait.jpg,Venomous_Snake,VALIDATION,0,0,HIGH_CONFIDENCE_NEAR_DUPLICATE,0,0.215385,0.999682,0.999087,0.999071,261,256,0.980843,CONFIRMED_NEAR_DUPLICATE,pHash=0; dHash=0; aHash=0; aspect_delta=0.2154; pixel_corr=0.9997; SSIM=0.9991; hist_corr=0.9991; ORB_good=261; ORB_inliers=256; ORB_inlier_ratio=0.9808,HIGH_CONFIDENCE_NEAR_DUPLICATE
Venomous/Common Krait/blog krait.png,Common Krait,Venomous,test/Venomous_Snake/32 (2).jpg,Venomous_Snake,TEST,0,0,HIGH_CONFIDENCE_NEAR_DUPLICATE,0,0.4,0.996644,0.983978,0.984871,28,25,0.892857,CONFIRMED_NEAR_DUPLICATE,pHash=0; dHash=0; aHash=0; aspect_delta=0.4000; pixel_corr=0.9966; SSIM=0.9840; hist_corr=0.9849; ORB_good=28; ORB_inliers=25; ORB_inlier_ratio=0.8929,HIGH_CONFIDENCE_NEAR_DUPLICATE
Venomous/Common Krait/blog wolf.png,Common Krait,Venomous,train/Venomous_Snake/blog wolf.jpg,Venomous_Snake,TRAIN,2,1,HIGH_CONFIDENCE_NEAR_DUPLICATE,1,0.4,0.886886,0.688426,0.996625,32,25,0.78125,CONFIRMED_NEAR_DUPLICATE,pHash=2; dHash=1; aHash=1; aspect_delta=0.4000; pixel_corr=0.8869; SSIM=0.6884; hist_corr=0.9966; ORB_good=32; ORB_inliers=25; ORB_inlier_ratio=0.7812,HIGH_CONFIDENCE_NEAR_DUPLICATE
Venomous/Common Krait/Bridalsnake.jpg,Common Krait,Venomous,train/Venomous_Snake/Bridalsnake.jpg,Venomous_Snake,TRAIN,0,0,HIGH_CONFIDENCE_NEAR_DUPLICATE,0,0.3,0.999479,0.997628,0.998699,127,124,0.976378,CONFIRMED_NEAR_DUPLICATE,pHash=0; dHash=0; aHash=0; aspect_delta=0.3000; pixel_corr=0.9995; SSIM=0.9976; hist_corr=0.9987; ORB_good=127; ORB_inliers=124; ORB_inlier_ratio=0.9764,HIGH_CONFIDENCE_NEAR_DUPLICATE
Venomous/Common Krait/Bungarus-caeruleus-03000022334_01.jpg,Common Krait,Venomous,train/Venomous_Snake/Bungarus-caeruleus-03000022334_01.jpg,Venomous_Snake,TRAIN,0,0,HIGH_CONFIDENCE_NEAR_DUPLICATE,0,0.333929,0.999643,0.998528,0.999869,71,65,0.915493,CONFIRMED_NEAR_DUPLICATE,pHash=0; dHash=0; aHash=0; aspect_delta=0.3339; pixel_corr=0.9996; SSIM=0.9985; hist_corr=0.9999; ORB_good=71; ORB_inliers=65; ORB_inlier_ratio=0.9155,HIGH_CONFIDENCE_NEAR_DUPLICATE
Venomous/Common Krait/bungarus-caeruleus-common-krait-venomous-maharashtra-india-h9er12.jpg,Common Krait,Venomous,train/Venomous_Snake/bungarus-caeruleus-common-krait-venomous-maharashtra-india-h9er12.jpg,Venomous_Snake,TRAIN,0,0,HIGH_CONFIDENCE_NEAR_DUPLICATE,0,0.285714,0.999701,0.998203,0.998618,138,126,0.913043,CONFIRMED_NEAR_DUPLICATE,pHash=0; dHash=0; aHash=0; aspect_delta=0.2857; pixel_corr=0.9997; SSIM=0.9982; hist_corr=0.9986; ORB_good=138; ORB_inliers=126; ORB_inlier_ratio=0.9130,HIGH_CONFIDENCE_NEAR_DUPLICATE
Venomous/Common Krait/Bungarus_caerulus.jpg,Common Krait,Venomous,test/Venomous_Snake/0.jpg,Venomous_Snake,TEST,0,0,HIGH_CONFIDENCE_NEAR_DUPLICATE,0,0.353026,0.995864,0.959662,0.994978,32,29,0.90625,CONFIRMED_NEAR_DUPLICATE,pHash=0; dHash=0; aHash=0; aspect_delta=0.3530; pixel_corr=0.9959; SSIM=0.9597; hist_corr=0.9950; ORB_good=32; ORB_inliers=29; ORB_inlier_ratio=0.9062,HIGH_CONFIDENCE_NEAR_DUPLICATE
Venomous/Common Krait/CJSSKalach1.jpg,Common Krait,Venomous,train/Venomous_Snake/CJSSKalach1.jpg,Venomous_Snake,TRAIN,0,0,HIGH_CONFIDENCE_NEAR_DUPLICATE,0,0.428,0.999109,0.996049,0.999949,17,10,0.588235,LIKELY_NEAR_DUPLICATE,pHash=0; dHash=0; aHash=0; aspect_delta=0.4280; pixel_corr=0.9991; SSIM=0.9960; hist_corr=0.9999; ORB_good=17; ORB_inliers=10; ORB_inlier_ratio=0.5882,POSSIBLE_NEAR_DUPLICATE
Venomous/Common Krait/common krait.jpg,Common Krait,Venomous,train/Venomous_Snake/common krait.jpg,Venomous_Snake,TRAIN,0,0,HIGH_CONFIDENCE_NEAR_DUPLICATE,1,0.05,0.999535,0.997485,0.999919,199,181,0.909548,CONFIRMED_NEAR_DUPLICATE,pHash=0; dHash=0; aHash=1; aspect_delta=0.0500; pixel_corr=0.9995; SSIM=0.9975; hist_corr=0.9999; ORB_good=199; ORB_inliers=181; ORB_inlier_ratio=0.9095,HIGH_CONFIDENCE_NEAR_DUPLICATE
Venomous/Common Krait/common krait.png,Common Krait,Venomous,validation/Venomous_Snake/KRAIT2_H.JPG,Venomous_Snake,VALIDATION,0,1,HIGH_CONFIDENCE_NEAR_DUPLICATE,0,0.248705,0.995002,0.980578,0.996511,63,62,0.984127,CONFIRMED_NEAR_DUPLICATE,pHash=0; dHash=1; aHash=0; aspect_delta=0.2487; pixel_corr=0.9950; SSIM=0.9806; hist_corr=0.9965; ORB_good=63; ORB_inliers=62; ORB_inlier_ratio=0.9841,HIGH_CONFIDENCE_NEAR_DUPLICATE
Venomous/Common Krait/Common krait_001.jpg,Common Krait,Venomous,train/Venomous_Snake/Common krait_001.jpg,Venomous_Snake,TRAIN,0,0,HIGH_CONFIDENCE_NEAR_DUPLICATE,0,0.41059,0.999347,0.99759,0.99954,15,8,0.533333,LIKELY_NEAR_DUPLICATE,pHash=0; dHash=0; aHash=0; aspect_delta=0.4106; pixel_corr=0.9993; SSIM=0.9976; hist_corr=0.9995; ORB_good=15; ORB_inliers=8; ORB_inlier_ratio=0.5333,POSSIBLE_NEAR_DUPLICATE
Venomous/Common Krait/Common+krait+(tp)+copy.jpg,Common Krait,Venomous,train/Venomous_Snake/Common+krait+(tp)+copy.jpg,Venomous_Snake,TRAIN,0,0,HIGH_CONFIDENCE_NEAR_DUPLICATE,0,0.355,0.999825,0.99683,0.999615,53,38,0.716981,CONFIRMED_NEAR_DUPLICATE,pHash=0; dHash=0; aHash=0; aspect_delta=0.3550; pixel_corr=0.9998; SSIM=0.9968; hist_corr=0.9996; ORB_good=53; ORB_inliers=38; ORB_inlier_ratio=0.7170,HIGH_CONFIDENCE_NEAR_DUPLICATE
Venomous/Common Krait/Common-Indian-krait-close-up.jpg,Common Krait,Venomous,train/Venomous_Snake/Common-Indian-krait-close-up.jpg,Venomous_Snake,TRAIN,2,0,HIGH_CONFIDENCE_NEAR_DUPLICATE,0,0.326154,0.99952,0.99751,0.999973,53,50,0.943396,CONFIRMED_NEAR_DUPLICATE,pHash=2; dHash=0; aHash=0; aspect_delta=0.3262; pixel_corr=0.9995; SSIM=0.9975; hist_corr=1.0000; ORB_good=53; ORB_inliers=50; ORB_inlier_ratio=0.9434,HIGH_CONFIDENCE_NEAR_DUPLICATE
Venomous/Common Krait/Common-Indian-krait-on-ground.jpg,Common Krait,Venomous,validation/Venomous_Snake/Common-Indian-krait-on-ground.jpg,Venomous_Snake,VALIDATION,0,0,HIGH_CONFIDENCE_NEAR_DUPLICATE,1,0.310769,0.999363,0.995298,0.999787,96,89,0.927083,CONFIRMED_NEAR_DUPLICATE,pHash=0; dHash=0; aHash=1; aspect_delta=0.3108; pixel_corr=0.9994; SSIM=0.9953; hist_corr=0.9998; ORB_good=96; ORB_inliers=89; ORB_inlier_ratio=0.9271,HIGH_CONFIDENCE_NEAR_DUPLICATE
Venomous/Common Krait/Common-Indian-krait-on-leaf-litter.jpg,Common Krait,Venomous,train/Venomous_Snake/Common-Indian-krait-on-leaf-litter.jpg,Venomous_Snake,TRAIN,0,0,HIGH_CONFIDENCE_NEAR_DUPLICATE,0,0.336364,0.998925,0.997466,0.99924,32,28,0.875,CONFIRMED_NEAR_DUPLICATE,pHash=0; dHash=0; aHash=0; aspect_delta=0.3364; pixel_corr=0.9989; SSIM=0.9975; hist_corr=0.9992; ORB_good=32; ORB_inliers=28; ORB_inlier_ratio=0.8750,HIGH_CONFIDENCE_NEAR_DUPLICATE
Venomous/Common Krait/Common-Indian-krait-on-sand.jpg,Common Krait,Venomous,train/Venomous_Snake/Common-Indian-krait-on-sand.jpg,Venomous_Snake,TRAIN,0,0,HIGH_CONFIDENCE_NEAR_DUPLICATE,0,0.318462,0.998903,0.994642,0.99963,60,56,0.933333,CONFIRMED_NEAR_DUPLICATE,pHash=0; dHash=0; aHash=0; aspect_delta=0.3185; pixel_corr=0.9989; SSIM=0.9946; hist_corr=0.9996; ORB_good=60; ORB_inliers=56; ORB_inlier_ratio=0.9333,HIGH_CONFIDENCE_NEAR_DUPLICATE
Venomous/Common Krait/Common-Indian-krait.jpg,Common Krait,Venomous,train/Venomous_Snake/Common-Indian-krait.jpg,Venomous_Snake,TRAIN,2,1,HIGH_CONFIDENCE_NEAR_DUPLICATE,0,0.333846,0.999184,0.997145,0.999362,58,52,0.896552,CONFIRMED_NEAR_DUPLICATE,pHash=2; dHash=1; aHash=0; aspect_delta=0.3338; pixel_corr=0.9992; SSIM=0.9971; hist_corr=0.9994; ORB_good=58; ORB_inliers=52; ORB_inlier_ratio=0.8966,HIGH_CONFIDENCE_NEAR_DUPLICATE
Venomous/Common Krait/Common-Indian-krait_001.jpg,Common Krait,Venomous,train/Venomous_Snake/Common-Indian-krait_001.jpg,Venomous_Snake,TRAIN,0,0,HIGH_CONFIDENCE_NEAR_DUPLICATE,0,0.333846,0.998788,0.996445,0.999227,68,64,0.941176,CONFIRMED_NEAR_DUPLICATE,pHash=0; dHash=0; aHash=0; aspect_delta=0.3338; pixel_corr=0.9988; SSIM=0.9964; hist_corr=0.9992; ORB_good=68; ORB_inliers=64; ORB_inlier_ratio=0.9412,HIGH_CONFIDENCE_NEAR_DUPLICATE
Venomous/Common Krait/common-krait-1.jpg,Common Krait,Venomous,train/Venomous_Snake/common-krait-1.jpg,Venomous_Snake,TRAIN,0,0,HIGH_CONFIDENCE_NEAR_DUPLICATE,0,0.541667,0.999443,0.996508,0.999867,5,0,0.0,POSSIBLE_NEAR_DUPLICATE,pHash=0; dHash=0; aHash=0; aspect_delta=0.5417; pixel_corr=0.9994; SSIM=0.9965; hist_corr=0.9999; ORB_good=5; ORB_inliers=0; ORB_inlier_ratio=0.0000,POSSIBLE_NEAR_DUPLICATE
Venomous/Common Krait/Common-Krait-e1463061354216.jpg,Common Krait,Venomous,train/Venomous_Snake/Common-Krait-e1463061354216.jpg,Venomous_Snake,TRAIN,0,0,HIGH_CONFIDENCE_NEAR_DUPLICATE,0,0.073846,0.999656,0.996769,0.998654,228,224,0.982456,CONFIRMED_NEAR_DUPLICATE,pHash=0; dHash=0; aHash=0; aspect_delta=0.0738; pixel_corr=0.9997; SSIM=0.9968; hist_corr=0.9987; ORB_good=228; ORB_inliers=224; ORB_inlier_ratio=0.9825,HIGH_CONFIDENCE_NEAR_DUPLICATE
Venomous/Common Krait/Common-Krait-most-dangerous-snake-in-the-world-125x125.jpg,Common Krait,Venomous,train/Venomous_Snake/Common-Krait-most-dangerous-snake-in-the-world-125x125.jpg,Venomous_Snake,TRAIN,0,0,HIGH_CONFIDENCE_NEAR_DUPLICATE,0,0.0,0.998234,0.993263,0.999275,75,59,0.786667,CONFIRMED_NEAR_DUPLICATE,pHash=0; dHash=0; aHash=0; aspect_delta=0.0000; pixel_corr=0.9982; SSIM=0.9933; hist_corr=0.9993; ORB_good=75; ORB_inliers=59; ORB_inlier_ratio=0.7867,HIGH_CONFIDENCE_NEAR_DUPLICATE
Venomous/Common Krait/common-krait-snake.png,Common Krait,Venomous,train/Venomous_Snake/common-krait-snake.jpg,Venomous_Snake,TRAIN,0,1,HIGH_CONFIDENCE_NEAR_DUPLICATE,0,0.53125,0.987996,0.958526,0.997199,6,4,0.666667,POSSIBLE_NEAR_DUPLICATE,pHash=0; dHash=1; aHash=0; aspect_delta=0.5312; pixel_corr=0.9880; SSIM=0.9585; hist_corr=0.9972; ORB_good=6; ORB_inliers=4; ORB_inlier_ratio=0.6667,POSSIBLE_NEAR_DUPLICATE
Venomous/Common Krait/common-krait-snake_1500128186.jpeg,Common Krait,Venomous,validation/Venomous_Snake/common-krait-snake_1500128186.jpg,Venomous_Snake,VALIDATION,4,0,POSSIBLE_NEAR_DUPLICATE,0,0.537092,0.915241,0.717481,0.997852,2,0,0.0,FALSE_POSITIVE_PERCEPTUAL_MATCH,pHash=4; dHash=0; aHash=0; aspect_delta=0.5371; pixel_corr=0.9152; SSIM=0.7175; hist_corr=0.9979; ORB_good=2; ORB_inliers=0; ORB_inlier_ratio=0.0000,NOT_DUPLICATE
Venomous/Common Krait/common-krait.jpg,Common Krait,Venomous,train/Venomous_Snake/common-krait.jpg,Venomous_Snake,TRAIN,0,0,HIGH_CONFIDENCE_NEAR_DUPLICATE,0,0.474699,0.999523,0.997257,0.999712,5,4,0.8,POSSIBLE_NEAR_DUPLICATE,pHash=0; dHash=0; aHash=0; aspect_delta=0.4747; pixel_corr=0.9995; SSIM=0.9973; hist_corr=0.9997; ORB_good=5; ORB_inliers=4; ORB_inlier_ratio=0.8000,POSSIBLE_NEAR_DUPLICATE
Venomous/Common Krait/Common-Krait_001.jpg,Common Krait,Venomous,train/Venomous_Snake/Common-Krait_001.jpg,Venomous_Snake,TRAIN,0,0,HIGH_CONFIDENCE_NEAR_DUPLICATE,0,0.3,0.999675,0.997579,0.999932,118,109,0.923729,CONFIRMED_NEAR_DUPLICATE,pHash=0; dHash=0; aHash=0; aspect_delta=0.3000; pixel_corr=0.9997; SSIM=0.9976; hist_corr=0.9999; ORB_good=118; ORB_inliers=109; ORB_inlier_ratio=0.9237,HIGH_CONFIDENCE_NEAR_DUPLICATE
Venomous/Common Krait/Common-Krait_002.jpg,Common Krait,Venomous,validation/Venomous_Snake/Common-Krait_002.jpg,Venomous_Snake,VALIDATION,0,1,HIGH_CONFIDENCE_NEAR_DUPLICATE,0,0.332344,0.99949,0.998718,0.999672,39,34,0.871795,CONFIRMED_NEAR_DUPLICATE,pHash=0; dHash=1; aHash=0; aspect_delta=0.3323; pixel_corr=0.9995; SSIM=0.9987; hist_corr=0.9997; ORB_good=39; ORB_inliers=34; ORB_inlier_ratio=0.8718,HIGH_CONFIDENCE_NEAR_DUPLICATE
Venomous/Common Krait/common-krait_004.jpg,Common Krait,Venomous,train/Venomous_Snake/common-krait_004.jpg,Venomous_Snake,TRAIN,0,0,HIGH_CONFIDENCE_NEAR_DUPLICATE,0,0.087912,0.999537,0.996512,0.999876,317,311,0.981073,CONFIRMED_NEAR_DUPLICATE,pHash=0; dHash=0; aHash=0; aspect_delta=0.0879; pixel_corr=0.9995; SSIM=0.9965; hist_corr=0.9999; ORB_good=317; ORB_inliers=311; ORB_inlier_ratio=0.9811,HIGH_CONFIDENCE_NEAR_DUPLICATE
Venomous/Common Krait/common-krait_005.jpg,Common Krait,Venomous,train/Venomous_Snake/common-krait_005.jpg,Venomous_Snake,TRAIN,0,1,HIGH_CONFIDENCE_NEAR_DUPLICATE,0,0.292,0.998816,0.991699,0.999052,48,41,0.854167,CONFIRMED_NEAR_DUPLICATE,pHash=0; dHash=1; aHash=0; aspect_delta=0.2920; pixel_corr=0.9988; SSIM=0.9917; hist_corr=0.9991; ORB_good=48; ORB_inliers=41; ORB_inlier_ratio=0.8542,HIGH_CONFIDENCE_NEAR_DUPLICATE
Venomous/Common Krait/common-krait_006.jpg,Common Krait,Venomous,train/Venomous_Snake/common-krait_006.jpg,Venomous_Snake,TRAIN,0,0,HIGH_CONFIDENCE_NEAR_DUPLICATE,0,0.25,0.99957,0.997686,0.999831,169,166,0.982249,CONFIRMED_NEAR_DUPLICATE,pHash=0; dHash=0; aHash=0; aspect_delta=0.2500; pixel_corr=0.9996; SSIM=0.9977; hist_corr=0.9998; ORB_good=169; ORB_inliers=166; ORB_inlier_ratio=0.9822,HIGH_CONFIDENCE_NEAR_DUPLICATE
Venomous/Common Krait/Common-Krait_010.jpg,Common Krait,Venomous,train/Venomous_Snake/Common-Krait_010.jpg,Venomous_Snake,TRAIN,0,0,HIGH_CONFIDENCE_NEAR_DUPLICATE,0,0.2,0.999725,0.99804,0.999883,295,290,0.983051,CONFIRMED_NEAR_DUPLICATE,pHash=0; dHash=0; aHash=0; aspect_delta=0.2000; pixel_corr=0.9997; SSIM=0.9980; hist_corr=0.9999; ORB_good=295; ORB_inliers=290; ORB_inlier_ratio=0.9831,HIGH_CONFIDENCE_NEAR_DUPLICATE
Venomous/Common Krait/COMMON-KRAIT_011.jpg,Common Krait,Venomous,train/Venomous_Snake/COMMON-KRAIT_011.jpg,Venomous_Snake,TRAIN,0,0,HIGH_CONFIDENCE_NEAR_DUPLICATE,0,0.508451,0.999671,0.996646,0.999845,15,9,0.6,LIKELY_NEAR_DUPLICATE,pHash=0; dHash=0; aHash=0; aspect_delta=0.5085; pixel_corr=0.9997; SSIM=0.9966; hist_corr=0.9998; ORB_good=15; ORB_inliers=9; ORB_inlier_ratio=0.6000,POSSIBLE_NEAR_DUPLICATE
Venomous/Common Krait/Common_Krait(Bungarus_Caeruleus)_in_Parassinikadavu_Snake_Park.jpg,Common Krait,Venomous,train/Venomous_Snake/Common_Krait(Bungarus_Caeruleus)_in_Parassinikadavu_Snake_Park.jpg,Venomous_Snake,TRAIN,0,0,HIGH_CONFIDENCE_NEAR_DUPLICATE,0,0.25,0.999197,0.994994,0.999834,2,0,0.0,POSSIBLE_NEAR_DUPLICATE,pHash=0; dHash=0; aHash=0; aspect_delta=0.2500; pixel_corr=0.9992; SSIM=0.9950; hist_corr=0.9998; ORB_good=2; ORB_inliers=0; ORB_inlier_ratio=0.0000,POSSIBLE_NEAR_DUPLICATE
Venomous/Common Krait/common_krait-bungarus_caeruleus.jpg,Common Krait,Venomous,train/Venomous_Snake/common_krait-bungarus_caeruleus.jpg,Venomous_Snake,TRAIN,0,0,HIGH_CONFIDENCE_NEAR_DUPLICATE,0,0.742268,0.999654,0.996872,0.999455,6,4,0.666667,POSSIBLE_NEAR_DUPLICATE,pHash=0; dHash=0; aHash=0; aspect_delta=0.7423; pixel_corr=0.9997; SSIM=0.9969; hist_corr=0.9995; ORB_good=6; ORB_inliers=4; ORB_inlier_ratio=0.6667,POSSIBLE_NEAR_DUPLICATE
Venomous/Common Krait/common_krait.jpg,Common Krait,Venomous,train/Venomous_Snake/common_krait.jpg,Venomous_Snake,TRAIN,2,0,HIGH_CONFIDENCE_NEAR_DUPLICATE,0,0.297571,0.999456,0.997283,0.999867,110,106,0.963636,CONFIRMED_NEAR_DUPLICATE,pHash=2; dHash=0; aHash=0; aspect_delta=0.2976; pixel_corr=0.9995; SSIM=0.9973; hist_corr=0.9999; ORB_good=110; ORB_inliers=106; ORB_inlier_ratio=0.9636,HIGH_CONFIDENCE_NEAR_DUPLICATE
Venomous/Common Krait/COMMONKRAIT-medium-init-.jpg,Common Krait,Venomous,train/Venomous_Snake/COMMONKRAIT-medium-init-.jpg,Venomous_Snake,TRAIN,0,0,HIGH_CONFIDENCE_NEAR_DUPLICATE,0,0.17,0.999328,0.997886,0.999639,128,109,0.851562,CONFIRMED_NEAR_DUPLICATE,pHash=0; dHash=0; aHash=0; aspect_delta=0.1700; pixel_corr=0.9993; SSIM=0.9979; hist_corr=0.9996; ORB_good=128; ORB_inliers=109; ORB_inlier_ratio=0.8516,HIGH_CONFIDENCE_NEAR_DUPLICATE
Venomous/Common Krait/Commonkrait.jpg,Common Krait,Venomous,train/Venomous_Snake/Commonkrait.jpg,Venomous_Snake,TRAIN,0,0,HIGH_CONFIDENCE_NEAR_DUPLICATE,0,0.425,0.999631,0.995818,0.999858,12,6,0.5,POSSIBLE_NEAR_DUPLICATE,pHash=0; dHash=0; aHash=0; aspect_delta=0.4250; pixel_corr=0.9996; SSIM=0.9958; hist_corr=0.9999; ORB_good=12; ORB_inliers=6; ORB_inlier_ratio=0.5000,POSSIBLE_NEAR_DUPLICATE
Venomous/Common Krait/DSC09751.JPG,Common Krait,Venomous,train/Venomous_Snake/DSC09751.JPG,Venomous_Snake,TRAIN,0,0,HIGH_CONFIDENCE_NEAR_DUPLICATE,0,0.39905,0.999821,0.996445,0.999712,33,30,0.909091,CONFIRMED_NEAR_DUPLICATE,pHash=0; dHash=0; aHash=0; aspect_delta=0.3990; pixel_corr=0.9998; SSIM=0.9964; hist_corr=0.9997; ORB_good=33; ORB_inliers=30; ORB_inlier_ratio=0.9091,HIGH_CONFIDENCE_NEAR_DUPLICATE
Venomous/Common Krait/DSC_0019_0.jpg,Common Krait,Venomous,train/Venomous_Snake/DSC_0019_0.jpg,Venomous_Snake,TRAIN,0,0,HIGH_CONFIDENCE_NEAR_DUPLICATE,0,0.335106,0.999823,0.998435,0.998794,1,0,0.0,POSSIBLE_NEAR_DUPLICATE,pHash=0; dHash=0; aHash=0; aspect_delta=0.3351; pixel_corr=0.9998; SSIM=0.9984; hist_corr=0.9988; ORB_good=1; ORB_inliers=0; ORB_inlier_ratio=0.0000,POSSIBLE_NEAR_DUPLICATE
Venomous/Common Krait/hqdefault.jpg,Common Krait,Venomous,train/Venomous_Snake/hqdefault.jpg,Venomous_Snake,TRAIN,2,2,HIGH_CONFIDENCE_NEAR_DUPLICATE,0,0.25,0.999792,0.997409,0.999361,157,151,0.961783,CONFIRMED_NEAR_DUPLICATE,pHash=2; dHash=2; aHash=0; aspect_delta=0.2500; pixel_corr=0.9998; SSIM=0.9974; hist_corr=0.9994; ORB_good=157; ORB_inliers=151; ORB_inlier_ratio=0.9618,HIGH_CONFIDENCE_NEAR_DUPLICATE
Venomous/Common Krait/hqdefault_003.jpg,Common Krait,Venomous,validation/Venomous_Snake/hqdefault_003.jpg,Venomous_Snake,VALIDATION,0,0,HIGH_CONFIDENCE_NEAR_DUPLICATE,0,0.25,0.999931,0.998487,0.999967,196,190,0.969388,CONFIRMED_NEAR_DUPLICATE,pHash=0; dHash=0; aHash=0; aspect_delta=0.2500; pixel_corr=0.9999; SSIM=0.9985; hist_corr=1.0000; ORB_good=196; ORB_inliers=190; ORB_inlier_ratio=0.9694,HIGH_CONFIDENCE_NEAR_DUPLICATE
Venomous/Common Krait/hqdefault_007.jpg,Common Krait,Venomous,train/Venomous_Snake/hqdefault_007.jpg,Venomous_Snake,TRAIN,0,0,HIGH_CONFIDENCE_NEAR_DUPLICATE,0,0.25,0.999895,0.997986,0.999454,234,221,0.944444,CONFIRMED_NEAR_DUPLICATE,pHash=0; dHash=0; aHash=0; aspect_delta=0.2500; pixel_corr=0.9999; SSIM=0.9980; hist_corr=0.9995; ORB_good=234; ORB_inliers=221; ORB_inlier_ratio=0.9444,HIGH_CONFIDENCE_NEAR_DUPLICATE
Venomous/Common Krait/hqdefault_009.jpg,Common Krait,Venomous,validation/Venomous_Snake/hqdefault_009.jpg,Venomous_Snake,VALIDATION,0,0,HIGH_CONFIDENCE_NEAR_DUPLICATE,1,0.25,0.999904,0.998739,0.99995,269,263,0.977695,CONFIRMED_NEAR_DUPLICATE,pHash=0; dHash=0; aHash=1; aspect_delta=0.2500; pixel_corr=0.9999; SSIM=0.9987; hist_corr=0.9999; ORB_good=269; ORB_inliers=263; ORB_inlier_ratio=0.9777,HIGH_CONFIDENCE_NEAR_DUPLICATE
Venomous/Common Krait/image002.jpg,Common Krait,Venomous,train/Venomous_Snake/image002.jpg,Venomous_Snake,TRAIN,0,0,HIGH_CONFIDENCE_NEAR_DUPLICATE,0,0.356061,0.999698,0.998458,0.998463,56,51,0.910714,CONFIRMED_NEAR_DUPLICATE,pHash=0; dHash=0; aHash=0; aspect_delta=0.3561; pixel_corr=0.9997; SSIM=0.9985; hist_corr=0.9985; ORB_good=56; ORB_inliers=51; ORB_inlier_ratio=0.9107,HIGH_CONFIDENCE_NEAR_DUPLICATE
Venomous/Common Krait/image304.jpg,Common Krait,Venomous,validation/Venomous_Snake/image304.jpg,Venomous_Snake,VALIDATION,0,0,HIGH_CONFIDENCE_NEAR_DUPLICATE,0,0.251366,0.999578,0.996315,0.999933,122,117,0.959016,CONFIRMED_NEAR_DUPLICATE,pHash=0; dHash=0; aHash=0; aspect_delta=0.2514; pixel_corr=0.9996; SSIM=0.9963; hist_corr=0.9999; ORB_good=122; ORB_inliers=117; ORB_inlier_ratio=0.9590,HIGH_CONFIDENCE_NEAR_DUPLICATE
Venomous/Common Krait/IndianKraitKhopoli.jpg,Common Krait,Venomous,train/Venomous_Snake/IndianKraitKhopoli.jpg,Venomous_Snake,TRAIN,2,1,HIGH_CONFIDENCE_NEAR_DUPLICATE,0,0.31746,0.999106,0.995787,0.999717,67,59,0.880597,CONFIRMED_NEAR_DUPLICATE,pHash=2; dHash=1; aHash=0; aspect_delta=0.3175; pixel_corr=0.9991; SSIM=0.9958; hist_corr=0.9997; ORB_good=67; ORB_inliers=59; ORB_inlier_ratio=0.8806,HIGH_CONFIDENCE_NEAR_DUPLICATE
Venomous/Common Krait/july_033.jpg,Common Krait,Venomous,train/Venomous_Snake/july_033.jpg,Venomous_Snake,TRAIN,0,0,HIGH_CONFIDENCE_NEAR_DUPLICATE,0,0.335938,0.999712,0.9943,0.99866,102,92,0.901961,CONFIRMED_NEAR_DUPLICATE,pHash=0; dHash=0; aHash=0; aspect_delta=0.3359; pixel_corr=0.9997; SSIM=0.9943; hist_corr=0.9987; ORB_good=102; ORB_inliers=92; ORB_inlier_ratio=0.9020,HIGH_CONFIDENCE_NEAR_DUPLICATE
Venomous/Common Krait/k (6).jpg,Common Krait,Venomous,validation/Venomous_Snake/k (6).jpg,Venomous_Snake,VALIDATION,0,1,HIGH_CONFIDENCE_NEAR_DUPLICATE,0,0.389002,0.999602,0.994839,0.999943,42,28,0.666667,CONFIRMED_NEAR_DUPLICATE,pHash=0; dHash=1; aHash=0; aspect_delta=0.3890; pixel_corr=0.9996; SSIM=0.9948; hist_corr=0.9999; ORB_good=42; ORB_inliers=28; ORB_inlier_ratio=0.6667,HIGH_CONFIDENCE_NEAR_DUPLICATE
Venomous/Common Krait/Krait-6.jpg,Common Krait,Venomous,train/Venomous_Snake/25.jpg,Venomous_Snake,TRAIN,0,2,HIGH_CONFIDENCE_NEAR_DUPLICATE,0,0.541992,0.993103,0.944413,0.999709,3,0,0.0,POSSIBLE_NEAR_DUPLICATE,pHash=0; dHash=2; aHash=0; aspect_delta=0.5420; pixel_corr=0.9931; SSIM=0.9444; hist_corr=0.9997; ORB_good=3; ORB_inliers=0; ORB_inlier_ratio=0.0000,POSSIBLE_NEAR_DUPLICATE
Venomous/Common Krait/Krait-6.jpg,Common Krait,Venomous,train/Venomous_Snake/Krait-6.jpg,Venomous_Snake,TRAIN,0,0,HIGH_CONFIDENCE_NEAR_DUPLICATE,0,0.541992,0.999163,0.992702,0.99985,5,4,0.8,POSSIBLE_NEAR_DUPLICATE,pHash=0; dHash=0; aHash=0; aspect_delta=0.5420; pixel_corr=0.9992; SSIM=0.9927; hist_corr=0.9999; ORB_good=5; ORB_inliers=4; ORB_inlier_ratio=0.8000,POSSIBLE_NEAR_DUPLICATE
Venomous/Common Krait/Krait1-614x406.jpg,Common Krait,Venomous,train/Venomous_Snake/Krait1-614x406.jpg,Venomous_Snake,TRAIN,0,0,HIGH_CONFIDENCE_NEAR_DUPLICATE,0,0.338762,0.999263,0.996346,0.999177,61,58,0.95082,CONFIRMED_NEAR_DUPLICATE,pHash=0; dHash=0; aHash=0; aspect_delta=0.3388; pixel_corr=0.9993; SSIM=0.9963; hist_corr=0.9992; ORB_good=61; ORB_inliers=58; ORB_inlier_ratio=0.9508,HIGH_CONFIDENCE_NEAR_DUPLICATE
Venomous/Common Krait/krait1.jpg,Common Krait,Venomous,train/Venomous_Snake/23.jpg,Venomous_Snake,TRAIN,0,0,HIGH_CONFIDENCE_NEAR_DUPLICATE,2,0.221374,0.995791,0.983621,0.997905,142,138,0.971831,CONFIRMED_NEAR_DUPLICATE,pHash=0; dHash=0; aHash=2; aspect_delta=0.2214; pixel_corr=0.9958; SSIM=0.9836; hist_corr=0.9979; ORB_good=142; ORB_inliers=138; ORB_inlier_ratio=0.9718,HIGH_CONFIDENCE_NEAR_DUPLICATE
Venomous/Common Krait/krait1.jpg,Common Krait,Venomous,train/Venomous_Snake/krait1.jpg,Venomous_Snake,TRAIN,0,0,HIGH_CONFIDENCE_NEAR_DUPLICATE,0,0.221374,0.999543,0.998211,0.999772,126,126,1.0,CONFIRMED_NEAR_DUPLICATE,pHash=0; dHash=0; aHash=0; aspect_delta=0.2214; pixel_corr=0.9995; SSIM=0.9982; hist_corr=0.9998; ORB_good=126; ORB_inliers=126; ORB_inlier_ratio=1.0000,HIGH_CONFIDENCE_NEAR_DUPLICATE
Venomous/Common Krait/krait2.jpg,Common Krait,Venomous,test/Venomous_Snake/37.jpg,Venomous_Snake,TEST,0,1,HIGH_CONFIDENCE_NEAR_DUPLICATE,0,0.333333,0.992685,0.973483,0.996416,27,20,0.740741,CONFIRMED_NEAR_DUPLICATE,pHash=0; dHash=1; aHash=0; aspect_delta=0.3333; pixel_corr=0.9927; SSIM=0.9735; hist_corr=0.9964; ORB_good=27; ORB_inliers=20; ORB_inlier_ratio=0.7407,HIGH_CONFIDENCE_NEAR_DUPLICATE
Venomous/Common Krait/KRAIT2_H.JPG,Common Krait,Venomous,validation/Venomous_Snake/KRAIT2_H.JPG,Venomous_Snake,VALIDATION,0,0,HIGH_CONFIDENCE_NEAR_DUPLICATE,0,0.480438,0.999487,0.998145,0.996072,3,0,0.0,POSSIBLE_NEAR_DUPLICATE,pHash=0; dHash=0; aHash=0; aspect_delta=0.4804; pixel_corr=0.9995; SSIM=0.9981; hist_corr=0.9961; ORB_good=3; ORB_inliers=0; ORB_inlier_ratio=0.0000,POSSIBLE_NEAR_DUPLICATE
Venomous/Common Krait/Krait_Common.jpg,Common Krait,Venomous,train/Venomous_Snake/Krait_Common.jpg,Venomous_Snake,TRAIN,0,0,HIGH_CONFIDENCE_NEAR_DUPLICATE,0,0.21875,0.999221,0.995251,0.99983,119,105,0.882353,CONFIRMED_NEAR_DUPLICATE,pHash=0; dHash=0; aHash=0; aspect_delta=0.2188; pixel_corr=0.9992; SSIM=0.9953; hist_corr=0.9998; ORB_good=119; ORB_inliers=105; ORB_inlier_ratio=0.8824,HIGH_CONFIDENCE_NEAR_DUPLICATE
Venomous/Common Krait/KRAIT_HA.JPG,Common Krait,Venomous,train/Venomous_Snake/KRAIT_HA.JPG,Venomous_Snake,TRAIN,2,0,HIGH_CONFIDENCE_NEAR_DUPLICATE,0,0.436719,0.999376,0.997775,0.997195,5,4,0.8,POSSIBLE_NEAR_DUPLICATE,pHash=2; dHash=0; aHash=0; aspect_delta=0.4367; pixel_corr=0.9994; SSIM=0.9978; hist_corr=0.9972; ORB_good=5; ORB_inliers=4; ORB_inlier_ratio=0.8000,POSSIBLE_NEAR_DUPLICATE
Venomous/Common Krait/Lycodon-aulicus.jpg,Common Krait,Venomous,train/Venomous_Snake/Lycodon-aulicus.jpg,Venomous_Snake,TRAIN,0,0,HIGH_CONFIDENCE_NEAR_DUPLICATE,0,0.25,0.999849,0.99762,0.999622,147,133,0.904762,CONFIRMED_NEAR_DUPLICATE,pHash=0; dHash=0; aHash=0; aspect_delta=0.2500; pixel_corr=0.9998; SSIM=0.9976; hist_corr=0.9996; ORB_good=147; ORB_inliers=133; ORB_inlier_ratio=0.9048,HIGH_CONFIDENCE_NEAR_DUPLICATE
Venomous/Common Krait/lycodon-aulicus_001.jpg,Common Krait,Venomous,train/Venomous_Snake/lycodon-aulicus_001.jpg,Venomous_Snake,TRAIN,0,0,HIGH_CONFIDENCE_NEAR_DUPLICATE,1,0.252,0.999513,0.997136,0.998276,168,163,0.970238,CONFIRMED_NEAR_DUPLICATE,pHash=0; dHash=0; aHash=1; aspect_delta=0.2520; pixel_corr=0.9995; SSIM=0.9971; hist_corr=0.9983; ORB_good=168; ORB_inliers=163; ORB_inlier_ratio=0.9702,HIGH_CONFIDENCE_NEAR_DUPLICATE
Venomous/Common Krait/maxresdefault.jpg,Common Krait,Venomous,train/Venomous_Snake/maxresdefault.jpg,Venomous_Snake,TRAIN,0,0,HIGH_CONFIDENCE_NEAR_DUPLICATE,0,0.4375,0.999713,0.998477,0.999662,8,8,1.0,POSSIBLE_NEAR_DUPLICATE,pHash=0; dHash=0; aHash=0; aspect_delta=0.4375; pixel_corr=0.9997; SSIM=0.9985; hist_corr=0.9997; ORB_good=8; ORB_inliers=8; ORB_inlier_ratio=1.0000,POSSIBLE_NEAR_DUPLICATE
Venomous/Common Krait/maxresdefault_002.jpg,Common Krait,Venomous,train/Venomous_Snake/maxresdefault_002.jpg,Venomous_Snake,TRAIN,0,0,HIGH_CONFIDENCE_NEAR_DUPLICATE,0,0.4375,0.999847,0.998077,0.999613,13,9,0.692308,POSSIBLE_NEAR_DUPLICATE,pHash=0; dHash=0; aHash=0; aspect_delta=0.4375; pixel_corr=0.9998; SSIM=0.9981; hist_corr=0.9996; ORB_good=13; ORB_inliers=9; ORB_inlier_ratio=0.6923,POSSIBLE_NEAR_DUPLICATE
Venomous/Common Krait/maxresdefault_003.jpg,Common Krait,Venomous,train/Venomous_Snake/maxresdefault_003.jpg,Venomous_Snake,TRAIN,0,1,HIGH_CONFIDENCE_NEAR_DUPLICATE,0,0.4375,0.999671,0.998054,0.99962,7,4,0.571429,POSSIBLE_NEAR_DUPLICATE,pHash=0; dHash=1; aHash=0; aspect_delta=0.4375; pixel_corr=0.9997; SSIM=0.9981; hist_corr=0.9996; ORB_good=7; ORB_inliers=4; ORB_inlier_ratio=0.5714,POSSIBLE_NEAR_DUPLICATE
Venomous/Common Krait/Multibanded-Krait-Bungarus-Multicinctus.jpg,Common Krait,Venomous,train/Venomous_Snake/Multibanded-Krait-Bungarus-Multicinctus.jpg,Venomous_Snake,TRAIN,0,0,HIGH_CONFIDENCE_NEAR_DUPLICATE,0,0.368,0.998933,0.99577,0.999795,49,45,0.918367,CONFIRMED_NEAR_DUPLICATE,pHash=0; dHash=0; aHash=0; aspect_delta=0.3680; pixel_corr=0.9989; SSIM=0.9958; hist_corr=0.9998; ORB_good=49; ORB_inliers=45; ORB_inlier_ratio=0.9184,HIGH_CONFIDENCE_NEAR_DUPLICATE
Venomous/Common Krait/ni_2015_63_3_300_158155_f2.jpg,Common Krait,Venomous,train/Venomous_Snake/ni_2015_63_3_300_158155_f2.jpg,Venomous_Snake,TRAIN,0,0,HIGH_CONFIDENCE_NEAR_DUPLICATE,0,0.156609,0.999395,0.996181,0.999438,153,149,0.973856,CONFIRMED_NEAR_DUPLICATE,pHash=0; dHash=0; aHash=0; aspect_delta=0.1566; pixel_corr=0.9994; SSIM=0.9962; hist_corr=0.9994; ORB_good=153; ORB_inliers=149; ORB_inlier_ratio=0.9739,HIGH_CONFIDENCE_NEAR_DUPLICATE
Venomous/Common Krait/P1000306.JPG,Common Krait,Venomous,validation/Venomous_Snake/P1000306.JPG,Venomous_Snake,VALIDATION,0,0,HIGH_CONFIDENCE_NEAR_DUPLICATE,0,0.25,0.999703,0.995973,0.99956,33,31,0.939394,CONFIRMED_NEAR_DUPLICATE,pHash=0; dHash=0; aHash=0; aspect_delta=0.2500; pixel_corr=0.9997; SSIM=0.9960; hist_corr=0.9996; ORB_good=33; ORB_inliers=31; ORB_inlier_ratio=0.9394,HIGH_CONFIDENCE_NEAR_DUPLICATE
Venomous/Common Krait/picture2.jpg,Common Krait,Venomous,train/Venomous_Snake/picture2.jpg,Venomous_Snake,TRAIN,0,0,HIGH_CONFIDENCE_NEAR_DUPLICATE,0,0.16787,0.999776,0.99894,0.999568,259,250,0.965251,CONFIRMED_NEAR_DUPLICATE,pHash=0; dHash=0; aHash=0; aspect_delta=0.1679; pixel_corr=0.9998; SSIM=0.9989; hist_corr=0.9996; ORB_good=259; ORB_inliers=250; ORB_inlier_ratio=0.9653,HIGH_CONFIDENCE_NEAR_DUPLICATE
Venomous/Common Krait/Sanku_varayan_Common_Krait.jpg,Common Krait,Venomous,train/Venomous_Snake/Sanku_varayan_Common_Krait.jpg,Venomous_Snake,TRAIN,0,0,HIGH_CONFIDENCE_NEAR_DUPLICATE,0,0.334347,0.999765,0.998766,0.997795,63,62,0.984127,CONFIRMED_NEAR_DUPLICATE,pHash=0; dHash=0; aHash=0; aspect_delta=0.3343; pixel_corr=0.9998; SSIM=0.9988; hist_corr=0.9978; ORB_good=63; ORB_inliers=62; ORB_inlier_ratio=0.9841,HIGH_CONFIDENCE_NEAR_DUPLICATE
Venomous/Common Krait/sindhikrait.jpg,Common Krait,Venomous,train/Venomous_Snake/sindhikrait.jpg,Venomous_Snake,TRAIN,0,0,HIGH_CONFIDENCE_NEAR_DUPLICATE,0,0.410667,0.999687,0.997786,0.998497,22,14,0.636364,CONFIRMED_NEAR_DUPLICATE,pHash=0; dHash=0; aHash=0; aspect_delta=0.4107; pixel_corr=0.9997; SSIM=0.9978; hist_corr=0.9985; ORB_good=22; ORB_inliers=14; ORB_inlier_ratio=0.6364,HIGH_CONFIDENCE_NEAR_DUPLICATE
Venomous/Common Krait/snake-common-krait-bungarus-caeruleus-ET0CMF.jpg,Common Krait,Venomous,train/Venomous_Snake/snake-common-krait-bungarus-caeruleus-ET0CMF.jpg,Venomous_Snake,TRAIN,0,0,HIGH_CONFIDENCE_NEAR_DUPLICATE,0,0.264615,0.999196,0.997485,0.989944,45,42,0.933333,CONFIRMED_NEAR_DUPLICATE,pHash=0; dHash=0; aHash=0; aspect_delta=0.2646; pixel_corr=0.9992; SSIM=0.9975; hist_corr=0.9899; ORB_good=45; ORB_inliers=42; ORB_inlier_ratio=0.9333,HIGH_CONFIDENCE_NEAR_DUPLICATE
Venomous/Common Krait/snake-indian-common-krait-cremonou-bungarus-caeruleus-CE8PWK.jpg,Common Krait,Venomous,train/Venomous_Snake/snake-indian-common-krait-cremonou-bungarus-caeruleus-CE8PWK.jpg,Venomous_Snake,TRAIN,0,0,HIGH_CONFIDENCE_NEAR_DUPLICATE,0,0.265385,0.998895,0.996414,0.99823,57,53,0.929825,CONFIRMED_NEAR_DUPLICATE,pHash=0; dHash=0; aHash=0; aspect_delta=0.2654; pixel_corr=0.9989; SSIM=0.9964; hist_corr=0.9982; ORB_good=57; ORB_inliers=53; ORB_inlier_ratio=0.9298,HIGH_CONFIDENCE_NEAR_DUPLICATE
Venomous/Common Krait/snake6.jpg,Common Krait,Venomous,train/Venomous_Snake/snake6.jpg,Venomous_Snake,TRAIN,0,0,HIGH_CONFIDENCE_NEAR_DUPLICATE,0,0.285294,0.99957,0.995346,0.999743,81,62,0.765432,CONFIRMED_NEAR_DUPLICATE,pHash=0; dHash=0; aHash=0; aspect_delta=0.2853; pixel_corr=0.9996; SSIM=0.9953; hist_corr=0.9997; ORB_good=81; ORB_inliers=62; ORB_inlier_ratio=0.7654,HIGH_CONFIDENCE_NEAR_DUPLICATE
Venomous/Common Krait/SNP00151.jpg,Common Krait,Venomous,validation/Venomous_Snake/48.jpg,Venomous_Snake,VALIDATION,0,1,HIGH_CONFIDENCE_NEAR_DUPLICATE,0,0.25,0.992625,0.983115,0.995749,95,84,0.884211,CONFIRMED_NEAR_DUPLICATE,pHash=0; dHash=1; aHash=0; aspect_delta=0.2500; pixel_corr=0.9926; SSIM=0.9831; hist_corr=0.9957; ORB_good=95; ORB_inliers=84; ORB_inlier_ratio=0.8842,HIGH_CONFIDENCE_NEAR_DUPLICATE
Venomous/King Cobra/01300000201438122024366623037.jpg,King Cobra,Venomous,validation/Venomous_Snake/01300000201438122024366623037.jpg,Venomous_Snake,VALIDATION,0,0,HIGH_CONFIDENCE_NEAR_DUPLICATE,0,0.332589,0.999699,0.997635,0.99993,83,76,0.915663,CONFIRMED_NEAR_DUPLICATE,pHash=0; dHash=0; aHash=0; aspect_delta=0.3326; pixel_corr=0.9997; SSIM=0.9976; hist_corr=0.9999; ORB_good=83; ORB_inliers=76; ORB_inlier_ratio=0.9157,HIGH_CONFIDENCE_NEAR_DUPLICATE
Venomous/King Cobra/03cobra.jpg,King Cobra,Venomous,test/Venomous_Snake/03cobra.jpg,Venomous_Snake,TEST,0,0,HIGH_CONFIDENCE_NEAR_DUPLICATE,0,0.347761,0.999843,0.996585,0.999281,73,66,0.90411,CONFIRMED_NEAR_DUPLICATE,pHash=0; dHash=0; aHash=0; aspect_delta=0.3478; pixel_corr=0.9998; SSIM=0.9966; hist_corr=0.9993; ORB_good=73; ORB_inliers=66; ORB_inlier_ratio=0.9041,HIGH_CONFIDENCE_NEAR_DUPLICATE
Venomous/King Cobra/1151193-VavaSuresh-1469709021-864-640x480.jpg,King Cobra,Venomous,validation/Venomous_Snake/1151193-VavaSuresh-1469709021-864-640x480.jpg,Venomous_Snake,VALIDATION,0,0,HIGH_CONFIDENCE_NEAR_DUPLICATE,0,0.25,0.999769,0.997579,0.999543,185,183,0.989189,CONFIRMED_NEAR_DUPLICATE,pHash=0; dHash=0; aHash=0; aspect_delta=0.2500; pixel_corr=0.9998; SSIM=0.9976; hist_corr=0.9995; ORB_good=185; ORB_inliers=183; ORB_inlier_ratio=0.9892,HIGH_CONFIDENCE_NEAR_DUPLICATE
Venomous/King Cobra/12700.jpg,King Cobra,Venomous,test/Venomous_Snake/12700.jpg,Venomous_Snake,TEST,2,0,HIGH_CONFIDENCE_NEAR_DUPLICATE,0,0.4375,0.999887,0.996402,0.999196,17,10,0.588235,LIKELY_NEAR_DUPLICATE,pHash=2; dHash=0; aHash=0; aspect_delta=0.4375; pixel_corr=0.9999; SSIM=0.9964; hist_corr=0.9992; ORB_good=17; ORB_inliers=10; ORB_inlier_ratio=0.5882,POSSIBLE_NEAR_DUPLICATE
Venomous/King Cobra/131203090701-large.jpg,King Cobra,Venomous,train/Venomous_Snake/131203090701-large.jpg,Venomous_Snake,TRAIN,0,0,HIGH_CONFIDENCE_NEAR_DUPLICATE,0,0.333333,0.999863,0.997505,0.999274,49,47,0.959184,CONFIRMED_NEAR_DUPLICATE,pHash=0; dHash=0; aHash=0; aspect_delta=0.3333; pixel_corr=0.9999; SSIM=0.9975; hist_corr=0.9993; ORB_good=49; ORB_inliers=47; ORB_inlier_ratio=0.9592,HIGH_CONFIDENCE_NEAR_DUPLICATE
Venomous/King Cobra/1350361656KingCobraAttackingMonitorLizard.jpg,King Cobra,Venomous,train/Venomous_Snake/1350361656KingCobraAttackingMonitorLizard.jpg,Venomous_Snake,TRAIN,0,0,HIGH_CONFIDENCE_NEAR_DUPLICATE,0,0.333333,0.999432,0.99648,0.999724,67,65,0.970149,CONFIRMED_NEAR_DUPLICATE,pHash=0; dHash=0; aHash=0; aspect_delta=0.3333; pixel_corr=0.9994; SSIM=0.9965; hist_corr=0.9997; ORB_good=67; ORB_inliers=65; ORB_inlier_ratio=0.9701,HIGH_CONFIDENCE_NEAR_DUPLICATE
Venomous/King Cobra/13582558-king-cobra-Ophiophagus-hannah-poisonous-white-background-Stock-Photo.jpg,King Cobra,Venomous,validation/Venomous_Snake/13582558-king-cobra-Ophiophagus-hannah-poisonous-white-background-Stock-Photo.jpg,Venomous_Snake,VALIDATION,0,0,HIGH_CONFIDENCE_NEAR_DUPLICATE,0,0.045385,0.999884,0.998598,0.999982,71,70,0.985915,CONFIRMED_NEAR_DUPLICATE,pHash=0; dHash=0; aHash=0; aspect_delta=0.0454; pixel_corr=0.9999; SSIM=0.9986; hist_corr=1.0000; ORB_good=71; ORB_inliers=70; ORB_inlier_ratio=0.9859,HIGH_CONFIDENCE_NEAR_DUPLICATE
Venomous/King Cobra/13582621-king-cobra-Ophiophagus-hannah-poisonous-white-background-Stock-Photo.jpg,King Cobra,Venomous,train/Venomous_Snake/13582621-king-cobra-Ophiophagus-hannah-poisonous-white-background-Stock-Photo.jpg,Venomous_Snake,TRAIN,0,1,HIGH_CONFIDENCE_NEAR_DUPLICATE,0,0.32,0.999885,0.99854,0.999994,43,41,0.953488,CONFIRMED_NEAR_DUPLICATE,pHash=0; dHash=1; aHash=0; aspect_delta=0.3200; pixel_corr=0.9999; SSIM=0.9985; hist_corr=1.0000; ORB_good=43; ORB_inliers=41; ORB_inlier_ratio=0.9535,HIGH_CONFIDENCE_NEAR_DUPLICATE
Venomous/King Cobra/13582625-king-cobra-Ophiophagus-hannah-poisonous-white-background-Stock-Photo.jpg,King Cobra,Venomous,test/Venomous_Snake/13582625-king-cobra-Ophiophagus-hannah-poisonous-white-background-Stock-Photo.jpg,Venomous_Snake,TEST,0,0,HIGH_CONFIDENCE_NEAR_DUPLICATE,0,0.035385,0.999855,0.998585,0.999994,58,53,0.913793,CONFIRMED_NEAR_DUPLICATE,pHash=0; dHash=0; aHash=0; aspect_delta=0.0354; pixel_corr=0.9999; SSIM=0.9986; hist_corr=1.0000; ORB_good=58; ORB_inliers=53; ORB_inlier_ratio=0.9138,HIGH_CONFIDENCE_NEAR_DUPLICATE
Venomous/King Cobra/13582750-king-cobra-Ophiophagus-hannah-poisonous-white-background-Stock-Photo.jpg,King Cobra,Venomous,train/Venomous_Snake/13582750-king-cobra-Ophiophagus-hannah-poisonous-white-background-Stock-Photo.jpg,Venomous_Snake,TRAIN,0,1,HIGH_CONFIDENCE_NEAR_DUPLICATE,0,0.122308,0.999906,0.998449,0.99997,93,92,0.989247,CONFIRMED_NEAR_DUPLICATE,pHash=0; dHash=1; aHash=0; aspect_delta=0.1223; pixel_corr=0.9999; SSIM=0.9984; hist_corr=1.0000; ORB_good=93; ORB_inliers=92; ORB_inlier_ratio=0.9892,HIGH_CONFIDENCE_NEAR_DUPLICATE
Venomous/King Cobra/147761-004-7C2BC212.jpg,King Cobra,Venomous,train/Venomous_Snake/147761-004-7C2BC212.jpg,Venomous_Snake,TRAIN,0,0,HIGH_CONFIDENCE_NEAR_DUPLICATE,0,0.333333,0.999935,0.996744,0.999592,59,48,0.813559,CONFIRMED_NEAR_DUPLICATE,pHash=0; dHash=0; aHash=0; aspect_delta=0.3333; pixel_corr=0.9999; SSIM=0.9967; hist_corr=0.9996; ORB_good=59; ORB_inliers=48; ORB_inlier_ratio=0.8136,HIGH_CONFIDENCE_NEAR_DUPLICATE
Venomous/King Cobra/170px-Elapidae_-_Ophiophagus_hannah.JPG,King Cobra,Venomous,train/Venomous_Snake/170px-Elapidae_-_Ophiophagus_hannah.JPG,Venomous_Snake,TRAIN,0,1,HIGH_CONFIDENCE_NEAR_DUPLICATE,0,0.335938,0.998393,0.996226,0.997574,17,15,0.882353,LIKELY_NEAR_DUPLICATE,pHash=0; dHash=1; aHash=0; aspect_delta=0.3359; pixel_corr=0.9984; SSIM=0.9962; hist_corr=0.9976; ORB_good=17; ORB_inliers=15; ORB_inlier_ratio=0.8824,POSSIBLE_NEAR_DUPLICATE
Venomous/King Cobra/17c229b47df3696e20b34baee809f174--cobra-snake-king-cobra.jpg,King Cobra,Venomous,train/Venomous_Snake/17c229b47df3696e20b34baee809f174--cobra-snake-king-cobra.jpg,Venomous_Snake,TRAIN,0,0,HIGH_CONFIDENCE_NEAR_DUPLICATE,0,0.333333,0.999924,0.998089,0.999664,33,32,0.969697,CONFIRMED_NEAR_DUPLICATE,pHash=0; dHash=0; aHash=0; aspect_delta=0.3333; pixel_corr=0.9999; SSIM=0.9981; hist_corr=0.9997; ORB_good=33; ORB_inliers=32; ORB_inlier_ratio=0.9697,HIGH_CONFIDENCE_NEAR_DUPLICATE
Venomous/King Cobra/1930805.jpg,King Cobra,Venomous,test/Venomous_Snake/1930805.jpg,Venomous_Snake,TEST,0,0,HIGH_CONFIDENCE_NEAR_DUPLICATE,0,0.027451,0.999739,0.997753,0.999886,201,182,0.905473,CONFIRMED_NEAR_DUPLICATE,pHash=0; dHash=0; aHash=0; aspect_delta=0.0275; pixel_corr=0.9997; SSIM=0.9978; hist_corr=0.9999; ORB_good=201; ORB_inliers=182; ORB_inlier_ratio=0.9055,HIGH_CONFIDENCE_NEAR_DUPLICATE
Venomous/King Cobra/200352091-001.jpg,King Cobra,Venomous,train/Venomous_Snake/200352091-001.jpg,Venomous_Snake,TRAIN,0,0,HIGH_CONFIDENCE_NEAR_DUPLICATE,0,0.429875,0.999942,0.996331,0.999872,12,11,0.916667,POSSIBLE_NEAR_DUPLICATE,pHash=0; dHash=0; aHash=0; aspect_delta=0.4299; pixel_corr=0.9999; SSIM=0.9963; hist_corr=0.9999; ORB_good=12; ORB_inliers=11; ORB_inlier_ratio=0.9167,POSSIBLE_NEAR_DUPLICATE
Venomous/King Cobra/200352095-001_XS.jpg,King Cobra,Venomous,train/Venomous_Snake/200352095-001_XS.jpg,Venomous_Snake,TRAIN,0,0,HIGH_CONFIDENCE_NEAR_DUPLICATE,0,0.333333,0.999639,0.997018,0.999888,83,65,0.783133,CONFIRMED_NEAR_DUPLICATE,pHash=0; dHash=0; aHash=0; aspect_delta=0.3333; pixel_corr=0.9996; SSIM=0.9970; hist_corr=0.9999; ORB_good=83; ORB_inliers=65; ORB_inlier_ratio=0.7831,HIGH_CONFIDENCE_NEAR_DUPLICATE
Venomous/King Cobra/2013-KINGCOBRA-08.jpg,King Cobra,Venomous,test/Venomous_Snake/2013-KINGCOBRA-08.jpg,Venomous_Snake,TEST,0,0,HIGH_CONFIDENCE_NEAR_DUPLICATE,0,0.225,0.999815,0.998576,0.999759,166,160,0.963855,CONFIRMED_NEAR_DUPLICATE,pHash=0; dHash=0; aHash=0; aspect_delta=0.2250; pixel_corr=0.9998; SSIM=0.9986; hist_corr=0.9998; ORB_good=166; ORB_inliers=160; ORB_inlier_ratio=0.9639,HIGH_CONFIDENCE_NEAR_DUPLICATE
Venomous/King Cobra/2013-KINGCOBRA-28.jpg,King Cobra,Venomous,train/Venomous_Snake/2013-KINGCOBRA-28.jpg,Venomous_Snake,TRAIN,0,0,HIGH_CONFIDENCE_NEAR_DUPLICATE,0,0.333333,0.999604,0.998828,0.999562,35,35,1.0,CONFIRMED_NEAR_DUPLICATE,pHash=0; dHash=0; aHash=0; aspect_delta=0.3333; pixel_corr=0.9996; SSIM=0.9988; hist_corr=0.9996; ORB_good=35; ORB_inliers=35; ORB_inlier_ratio=1.0000,HIGH_CONFIDENCE_NEAR_DUPLICATE
Venomous/King Cobra/2013-KINGCOBRA-36.jpg,King Cobra,Venomous,validation/Venomous_Snake/2013-KINGCOBRA-36.jpg,Venomous_Snake,VALIDATION,0,0,HIGH_CONFIDENCE_NEAR_DUPLICATE,0,0.215,0.999563,0.998223,0.997334,136,134,0.985294,CONFIRMED_NEAR_DUPLICATE,pHash=0; dHash=0; aHash=0; aspect_delta=0.2150; pixel_corr=0.9996; SSIM=0.9982; hist_corr=0.9973; ORB_good=136; ORB_inliers=134; ORB_inlier_ratio=0.9853,HIGH_CONFIDENCE_NEAR_DUPLICATE
Venomous/King Cobra/220px-King-Cobra.jpg,King Cobra,Venomous,test/Venomous_Snake/220px-King-Cobra.jpg,Venomous_Snake,TEST,0,0,HIGH_CONFIDENCE_NEAR_DUPLICATE,0,0.336364,0.999707,0.995444,0.999639,33,27,0.818182,CONFIRMED_NEAR_DUPLICATE,pHash=0; dHash=0; aHash=0; aspect_delta=0.3364; pixel_corr=0.9997; SSIM=0.9954; hist_corr=0.9996; ORB_good=33; ORB_inliers=27; ORB_inlier_ratio=0.8182,HIGH_CONFIDENCE_NEAR_DUPLICATE
Venomous/King Cobra/220px-Ophiophagus_hannah2.jpg,King Cobra,Venomous,test/Venomous_Snake/32.jpg,Venomous_Snake,TEST,0,0,HIGH_CONFIDENCE_NEAR_DUPLICATE,0,0.059091,0.994022,0.951076,0.999336,182,169,0.928571,CONFIRMED_NEAR_DUPLICATE,pHash=0; dHash=0; aHash=0; aspect_delta=0.0591; pixel_corr=0.9940; SSIM=0.9511; hist_corr=0.9993; ORB_good=182; ORB_inliers=169; ORB_inlier_ratio=0.9286,HIGH_CONFIDENCE_NEAR_DUPLICATE
Venomous/King Cobra/23360067593_23360067593_NLKS8443_Searching_for_King_Cobra.jpg,King Cobra,Venomous,train/Venomous_Snake/23360067593_23360067593_NLKS8443_Searching_for_King_Cobra.jpg,Venomous_Snake,TRAIN,0,0,HIGH_CONFIDENCE_NEAR_DUPLICATE,0,0.4375,0.999835,0.996041,0.999595,8,6,0.75,POSSIBLE_NEAR_DUPLICATE,pHash=0; dHash=0; aHash=0; aspect_delta=0.4375; pixel_corr=0.9998; SSIM=0.9960; hist_corr=0.9996; ORB_good=8; ORB_inliers=6; ORB_inlier_ratio=0.7500,POSSIBLE_NEAR_DUPLICATE
Venomous/King Cobra/26creaturesspan-jumbo.jpg,King Cobra,Venomous,train/Venomous_Snake/26creaturesspan-jumbo.jpg,Venomous_Snake,TRAIN,0,0,HIGH_CONFIDENCE_NEAR_DUPLICATE,0,0.333984,0.999902,0.99874,0.999968,54,51,0.944444,CONFIRMED_NEAR_DUPLICATE,pHash=0; dHash=0; aHash=0; aspect_delta=0.3340; pixel_corr=0.9999; SSIM=0.9987; hist_corr=1.0000; ORB_good=54; ORB_inliers=51; ORB_inlier_ratio=0.9444,HIGH_CONFIDENCE_NEAR_DUPLICATE
Venomous/King Cobra/3002331619_54b1f4eecb.jpg,King Cobra,Venomous,train/Venomous_Snake/3002331619_54b1f4eecb.jpg,Venomous_Snake,TRAIN,0,0,HIGH_CONFIDENCE_NEAR_DUPLICATE,0,0.324,0.999003,0.997411,0.999101,61,57,0.934426,CONFIRMED_NEAR_DUPLICATE,pHash=0; dHash=0; aHash=0; aspect_delta=0.3240; pixel_corr=0.9990; SSIM=0.9974; hist_corr=0.9991; ORB_good=61; ORB_inliers=57; ORB_inlier_ratio=0.9344,HIGH_CONFIDENCE_NEAR_DUPLICATE
Venomous/King Cobra/31AFC95000000578-3469122-image-a-5_1456741674538.jpg,King Cobra,Venomous,validation/Venomous_Snake/31AFC95000000578-3469122-image-a-5_1456741674538.jpg,Venomous_Snake,VALIDATION,0,0,HIGH_CONFIDENCE_NEAR_DUPLICATE,0,0.436909,0.999768,0.996679,0.999814,31,28,0.903226,CONFIRMED_NEAR_DUPLICATE,pHash=0; dHash=0; aHash=0; aspect_delta=0.4369; pixel_corr=0.9998; SSIM=0.9967; hist_corr=0.9998; ORB_good=31; ORB_inliers=28; ORB_inlier_ratio=0.9032,HIGH_CONFIDENCE_NEAR_DUPLICATE
Venomous/King Cobra/32521345-King-Cobra-snake-is-the-world-s-longest-venomous-snake-in-the-Snake-farm-show-bangkok-thailand-Stock-Photo.jpg,King Cobra,Venomous,train/Venomous_Snake/32521345-King-Cobra-snake-is-the-world-s-longest-venomous-snake-in-the-Snake-farm-show-bangkok-thailand-Stock-Photo.jpg,Venomous_Snake,TRAIN,0,0,HIGH_CONFIDENCE_NEAR_DUPLICATE,0,0.334615,0.999804,0.9971,0.999982,32,30,0.9375,CONFIRMED_NEAR_DUPLICATE,pHash=0; dHash=0; aHash=0; aspect_delta=0.3346; pixel_corr=0.9998; SSIM=0.9971; hist_corr=1.0000; ORB_good=32; ORB_inliers=30; ORB_inlier_ratio=0.9375,HIGH_CONFIDENCE_NEAR_DUPLICATE
Venomous/King Cobra/3CA83C7400000578-4172360-image-m-57_1485792904526.jpg,King Cobra,Venomous,test/Venomous_Snake/3CA83C7400000578-4172360-image-m-57_1485792904526.jpg,Venomous_Snake,TEST,2,0,HIGH_CONFIDENCE_NEAR_DUPLICATE,0,0.315457,0.998821,0.996321,0.999289,59,59,1.0,CONFIRMED_NEAR_DUPLICATE,pHash=2; dHash=0; aHash=0; aspect_delta=0.3155; pixel_corr=0.9988; SSIM=0.9963; hist_corr=0.9993; ORB_good=59; ORB_inliers=59; ORB_inlier_ratio=1.0000,HIGH_CONFIDENCE_NEAR_DUPLICATE
Venomous/King Cobra/3D05259A00000578-4209222-image-a-31_1486675129282.jpg,King Cobra,Venomous,test/Venomous_Snake/3D05259A00000578-4209222-image-a-31_1486675129282.jpg,Venomous_Snake,TEST,0,1,HIGH_CONFIDENCE_NEAR_DUPLICATE,0,0.444646,0.999596,0.996837,0.999898,30,24,0.8,CONFIRMED_NEAR_DUPLICATE,pHash=0; dHash=1; aHash=0; aspect_delta=0.4446; pixel_corr=0.9996; SSIM=0.9968; hist_corr=0.9999; ORB_good=30; ORB_inliers=24; ORB_inlier_ratio=0.8000,HIGH_CONFIDENCE_NEAR_DUPLICATE
Venomous/King Cobra/3ddc49b3f743b547e095a1fd910cb902--king-cobra-snakes.jpg,King Cobra,Venomous,test/Venomous_Snake/3ddc49b3f743b547e095a1fd910cb902--king-cobra-snakes.jpg,Venomous_Snake,TEST,0,0,HIGH_CONFIDENCE_NEAR_DUPLICATE,0,0.0,0.999846,0.997238,0.999305,209,197,0.942584,CONFIRMED_NEAR_DUPLICATE,pHash=0; dHash=0; aHash=0; aspect_delta=0.0000; pixel_corr=0.9998; SSIM=0.9972; hist_corr=0.9993; ORB_good=209; ORB_inliers=197; ORB_inlier_ratio=0.9426,HIGH_CONFIDENCE_NEAR_DUPLICATE
Venomous/King Cobra/400px-12_-_The_Mystical_King_Cobra_and_Coffee_Forests.jpg,King Cobra,Venomous,train/Venomous_Snake/0.jpg,Venomous_Snake,TRAIN,0,2,HIGH_CONFIDENCE_NEAR_DUPLICATE,1,0.2525,0.994944,0.964131,0.974444,151,142,0.940397,CONFIRMED_NEAR_DUPLICATE,pHash=0; dHash=2; aHash=1; aspect_delta=0.2525; pixel_corr=0.9949; SSIM=0.9641; hist_corr=0.9744; ORB_good=151; ORB_inliers=142; ORB_inlier_ratio=0.9404,HIGH_CONFIDENCE_NEAR_DUPLICATE
Venomous/King Cobra/400px-12_-_The_Mystical_King_Cobra_and_Coffee_Forests.jpg,King Cobra,Venomous,train/Venomous_Snake/400px-12_-_The_Mystical_King_Cobra_and_Coffee_Forests.jpg,Venomous_Snake,TRAIN,0,0,HIGH_CONFIDENCE_NEAR_DUPLICATE,1,0.2525,0.999666,0.997712,0.995715,174,167,0.95977,CONFIRMED_NEAR_DUPLICATE,pHash=0; dHash=0; aHash=1; aspect_delta=0.2525; pixel_corr=0.9997; SSIM=0.9977; hist_corr=0.9957; ORB_good=174; ORB_inliers=167; ORB_inlier_ratio=0.9598,HIGH_CONFIDENCE_NEAR_DUPLICATE
Venomous/King Cobra/4182f3e0ec2558bb23cf61828f7c752d--king-cobra-southeast-asia.jpg,King Cobra,Venomous,test/Venomous_Snake/4182f3e0ec2558bb23cf61828f7c752d--king-cobra-southeast-asia.jpg,Venomous_Snake,TEST,0,0,HIGH_CONFIDENCE_NEAR_DUPLICATE,0,0.059091,0.99977,0.996073,0.999823,160,142,0.8875,CONFIRMED_NEAR_DUPLICATE,pHash=0; dHash=0; aHash=0; aspect_delta=0.0591; pixel_corr=0.9998; SSIM=0.9961; hist_corr=0.9998; ORB_good=160; ORB_inliers=142; ORB_inlier_ratio=0.8875,HIGH_CONFIDENCE_NEAR_DUPLICATE
Venomous/King Cobra/5-dog-beat-cobra-795x447.jpg,King Cobra,Venomous,test/Venomous_Snake/5-dog-beat-cobra-795x447.jpg,Venomous_Snake,TEST,0,0,HIGH_CONFIDENCE_NEAR_DUPLICATE,0,0.437736,0.999705,0.996777,0.999623,17,17,1.0,LIKELY_NEAR_DUPLICATE,pHash=0; dHash=0; aHash=0; aspect_delta=0.4377; pixel_corr=0.9997; SSIM=0.9968; hist_corr=0.9996; ORB_good=17; ORB_inliers=17; ORB_inlier_ratio=1.0000,POSSIBLE_NEAR_DUPLICATE
Venomous/King Cobra/520e37a2-d600-4c4f-8f19-6b87429fc7a0.Full_.jpg,King Cobra,Venomous,test/Venomous_Snake/520e37a2-d600-4c4f-8f19-6b87429fc7a0.Full_.jpg,Venomous_Snake,TEST,0,0,HIGH_CONFIDENCE_NEAR_DUPLICATE,0,0.603741,0.999847,0.996613,0.99979,8,6,0.75,POSSIBLE_NEAR_DUPLICATE,pHash=0; dHash=0; aHash=0; aspect_delta=0.6037; pixel_corr=0.9998; SSIM=0.9966; hist_corr=0.9998; ORB_good=8; ORB_inliers=6; ORB_inlier_ratio=0.7500,POSSIBLE_NEAR_DUPLICATE
Venomous/King Cobra/6919_image.jpg,King Cobra,Venomous,train/Venomous_Snake/6919_image.jpg,Venomous_Snake,TRAIN,0,0,HIGH_CONFIDENCE_NEAR_DUPLICATE,0,0.302326,0.999926,0.999277,0.999988,92,88,0.956522,CONFIRMED_NEAR_DUPLICATE,pHash=0; dHash=0; aHash=0; aspect_delta=0.3023; pixel_corr=0.9999; SSIM=0.9993; hist_corr=1.0000; ORB_good=92; ORB_inliers=88; ORB_inlier_ratio=0.9565,HIGH_CONFIDENCE_NEAR_DUPLICATE
"Venomous/King Cobra/71Dvk902gcL._AC_UL320_SR314,320_.jpg",King Cobra,Venomous,"train/Venomous_Snake/71Dvk902gcL._AC_UL320_SR314,320_.jpg",Venomous_Snake,TRAIN,0,1,HIGH_CONFIDENCE_NEAR_DUPLICATE,0,0.01875,0.999832,0.998454,0.999481,389,383,0.984576,CONFIRMED_NEAR_DUPLICATE,pHash=0; dHash=1; aHash=0; aspect_delta=0.0188; pixel_corr=0.9998; SSIM=0.9985; hist_corr=0.9995; ORB_good=389; ORB_inliers=383; ORB_inlier_ratio=0.9846,HIGH_CONFIDENCE_NEAR_DUPLICATE
Venomous/King Cobra/7691.jpg,King Cobra,Venomous,validation/Venomous_Snake/7691.jpg,Venomous_Snake,VALIDATION,0,0,HIGH_CONFIDENCE_NEAR_DUPLICATE,0,0.4375,0.999773,0.996919,0.999951,10,7,0.7,POSSIBLE_NEAR_DUPLICATE,pHash=0; dHash=0; aHash=0; aspect_delta=0.4375; pixel_corr=0.9998; SSIM=0.9969; hist_corr=1.0000; ORB_good=10; ORB_inliers=7; ORB_inlier_ratio=0.7000,POSSIBLE_NEAR_DUPLICATE
Venomous/King Cobra/7e00468a660261144d2c0d4cd3ad6b91--king-cobra-snake-snake-sculpture.jpg,King Cobra,Venomous,train/Venomous_Snake/7e00468a660261144d2c0d4cd3ad6b91--king-cobra-snake-snake-sculpture.jpg,Venomous_Snake,TRAIN,0,1,HIGH_CONFIDENCE_NEAR_DUPLICATE,0,0.142367,0.99995,0.999158,0.99997,282,271,0.960993,CONFIRMED_NEAR_DUPLICATE,pHash=0; dHash=1; aHash=0; aspect_delta=0.1424; pixel_corr=1.0000; SSIM=0.9992; hist_corr=1.0000; ORB_good=282; ORB_inliers=271; ORB_inlier_ratio=0.9610,HIGH_CONFIDENCE_NEAR_DUPLICATE
Venomous/King Cobra/87764986_XS.jpg,King Cobra,Venomous,validation/Venomous_Snake/87764986_XS.jpg,Venomous_Snake,VALIDATION,0,0,HIGH_CONFIDENCE_NEAR_DUPLICATE,0,0.429333,0.999907,0.998341,0.999906,42,36,0.857143,CONFIRMED_NEAR_DUPLICATE,pHash=0; dHash=0; aHash=0; aspect_delta=0.4293; pixel_corr=0.9999; SSIM=0.9983; hist_corr=0.9999; ORB_good=42; ORB_inliers=36; ORB_inlier_ratio=0.8571,HIGH_CONFIDENCE_NEAR_DUPLICATE
Venomous/King Cobra/900-470162014-king-cobra.jpg,King Cobra,Venomous,train/Venomous_Snake/900-470162014-king-cobra.jpg,Venomous_Snake,TRAIN,0,0,HIGH_CONFIDENCE_NEAR_DUPLICATE,0,0.333333,0.999946,0.998377,0.999975,49,48,0.979592,CONFIRMED_NEAR_DUPLICATE,pHash=0; dHash=0; aHash=0; aspect_delta=0.3333; pixel_corr=0.9999; SSIM=0.9984; hist_corr=1.0000; ORB_good=49; ORB_inliers=48; ORB_inlier_ratio=0.9796,HIGH_CONFIDENCE_NEAR_DUPLICATE
Venomous/King Cobra/9142978675_2c99821195.jpg,King Cobra,Venomous,train/Venomous_Snake/44.jpg,Venomous_Snake,TRAIN,0,2,HIGH_CONFIDENCE_NEAR_DUPLICATE,1,0.442,0.997083,0.980547,0.919409,36,28,0.777778,CONFIRMED_NEAR_DUPLICATE,pHash=0; dHash=2; aHash=1; aspect_delta=0.4420; pixel_corr=0.9971; SSIM=0.9805; hist_corr=0.9194; ORB_good=36; ORB_inliers=28; ORB_inlier_ratio=0.7778,HIGH_CONFIDENCE_NEAR_DUPLICATE
Venomous/King Cobra/9142978675_2c99821195.jpg,King Cobra,Venomous,train/Venomous_Snake/9142978675_2c99821195.jpg,Venomous_Snake,TRAIN,0,1,HIGH_CONFIDENCE_NEAR_DUPLICATE,0,0.442,0.999665,0.997446,0.999487,33,25,0.757576,CONFIRMED_NEAR_DUPLICATE,pHash=0; dHash=1; aHash=0; aspect_delta=0.4420; pixel_corr=0.9997; SSIM=0.9974; hist_corr=0.9995; ORB_good=33; ORB_inliers=25; ORB_inlier_ratio=0.7576,HIGH_CONFIDENCE_NEAR_DUPLICATE
Venomous/King Cobra/920x1240.jpg,King Cobra,Venomous,train/Venomous_Snake/920x1240.jpg,Venomous_Snake,TRAIN,0,0,HIGH_CONFIDENCE_NEAR_DUPLICATE,0,0.403261,0.999854,0.997171,0.999835,22,22,1.0,CONFIRMED_NEAR_DUPLICATE,pHash=0; dHash=0; aHash=0; aspect_delta=0.4033; pixel_corr=0.9999; SSIM=0.9972; hist_corr=0.9998; ORB_good=22; ORB_inliers=22; ORB_inlier_ratio=1.0000,HIGH_CONFIDENCE_NEAR_DUPLICATE
Venomous/King Cobra/a-king-cobra-jeff-jundt.jpg,King Cobra,Venomous,validation/Venomous_Snake/a-king-cobra-jeff-jundt.jpg,Venomous_Snake,VALIDATION,0,0,HIGH_CONFIDENCE_NEAR_DUPLICATE,0,0.332696,0.99987,0.998391,0.998749,42,40,0.952381,CONFIRMED_NEAR_DUPLICATE,pHash=0; dHash=0; aHash=0; aspect_delta=0.3327; pixel_corr=0.9999; SSIM=0.9984; hist_corr=0.9987; ORB_good=42; ORB_inliers=40; ORB_inlier_ratio=0.9524,HIGH_CONFIDENCE_NEAR_DUPLICATE
Venomous/King Cobra/A-king-cobra-rescued-from-a-coffee-plantation-to-prevent-it-from-being-killed-by-the-plantation-workers.jpg,King Cobra,Venomous,train/Venomous_Snake/A-king-cobra-rescued-from-a-coffee-plantation-to-prevent-it-from-being-killed-by-the-plantation-workers.jpg,Venomous_Snake,TRAIN,0,0,HIGH_CONFIDENCE_NEAR_DUPLICATE,0,0.335385,0.99931,0.995953,0.998794,61,59,0.967213,CONFIRMED_NEAR_DUPLICATE,pHash=0; dHash=0; aHash=0; aspect_delta=0.3354; pixel_corr=0.9993; SSIM=0.9960; hist_corr=0.9988; ORB_good=61; ORB_inliers=59; ORB_inlier_ratio=0.9672,HIGH_CONFIDENCE_NEAR_DUPLICATE
Venomous/King Cobra/a2bfde93a79e2a589d20d30b25e985c5--romulus-king-cobra.jpg,King Cobra,Venomous,train/Venomous_Snake/a2bfde93a79e2a589d20d30b25e985c5--romulus-king-cobra.jpg,Venomous_Snake,TRAIN,0,1,HIGH_CONFIDENCE_NEAR_DUPLICATE,0,0.251928,0.999884,0.997812,0.999584,186,175,0.94086,CONFIRMED_NEAR_DUPLICATE,pHash=0; dHash=1; aHash=0; aspect_delta=0.2519; pixel_corr=0.9999; SSIM=0.9978; hist_corr=0.9996; ORB_good=186; ORB_inliers=175; ORB_inlier_ratio=0.9409,HIGH_CONFIDENCE_NEAR_DUPLICATE
Venomous/King Cobra/aa6c2fd08e164e062648b3844cbb582b--cobra-snake-king-cobra.jpg,King Cobra,Venomous,train/Venomous_Snake/aa6c2fd08e164e062648b3844cbb582b--cobra-snake-king-cobra.jpg,Venomous_Snake,TRAIN,0,0,HIGH_CONFIDENCE_NEAR_DUPLICATE,0,0.352381,0.999755,0.997392,0.999868,63,58,0.920635,CONFIRMED_NEAR_DUPLICATE,pHash=0; dHash=0; aHash=0; aspect_delta=0.3524; pixel_corr=0.9998; SSIM=0.9974; hist_corr=0.9999; ORB_good=63; ORB_inliers=58; ORB_inlier_ratio=0.9206,HIGH_CONFIDENCE_NEAR_DUPLICATE
Venomous/King Cobra/Afbeelding12-1024x696.jpg,King Cobra,Venomous,train/Venomous_Snake/Afbeelding12-1024x696.jpg,Venomous_Snake,TRAIN,0,0,HIGH_CONFIDENCE_NEAR_DUPLICATE,0,0.320312,0.999248,0.997839,0.99852,30,30,1.0,CONFIRMED_NEAR_DUPLICATE,pHash=0; dHash=0; aHash=0; aspect_delta=0.3203; pixel_corr=0.9992; SSIM=0.9978; hist_corr=0.9985; ORB_good=30; ORB_inliers=30; ORB_inlier_ratio=1.0000,HIGH_CONFIDENCE_NEAR_DUPLICATE
Venomous/King Cobra/ap17207013744013.jpg,King Cobra,Venomous,validation/Venomous_Snake/ap17207013744013.jpg,Venomous_Snake,VALIDATION,0,0,HIGH_CONFIDENCE_NEAR_DUPLICATE,1,0.25,0.999681,0.997497,0.999502,3,0,0.0,POSSIBLE_NEAR_DUPLICATE,pHash=0; dHash=0; aHash=1; aspect_delta=0.2500; pixel_corr=0.9997; SSIM=0.9975; hist_corr=0.9995; ORB_good=3; ORB_inliers=0; ORB_inlier_ratio=0.0000,POSSIBLE_NEAR_DUPLICATE
Venomous/King Cobra/b3bddd06c161b0b368fca1845dff6e974aa48bcc87495bff50309d9b19296ae7.jpg,King Cobra,Venomous,validation/Venomous_Snake/b3bddd06c161b0b368fca1845dff6e974aa48bcc87495bff50309d9b19296ae7.jpg,Venomous_Snake,VALIDATION,0,0,HIGH_CONFIDENCE_NEAR_DUPLICATE,0,0.465812,0.999786,0.997281,0.999564,13,11,0.846154,POSSIBLE_NEAR_DUPLICATE,pHash=0; dHash=0; aHash=0; aspect_delta=0.4658; pixel_corr=0.9998; SSIM=0.9973; hist_corr=0.9996; ORB_good=13; ORB_inliers=11; ORB_inlier_ratio=0.8462,POSSIBLE_NEAR_DUPLICATE
Venomous/King Cobra/babykingcobra.jpg,King Cobra,Venomous,train/Venomous_Snake/babykingcobra.jpg,Venomous_Snake,TRAIN,0,0,HIGH_CONFIDENCE_NEAR_DUPLICATE,0,0.0,0.999834,0.999457,0.999989,146,146,1.0,CONFIRMED_NEAR_DUPLICATE,pHash=0; dHash=0; aHash=0; aspect_delta=0.0000; pixel_corr=0.9998; SSIM=0.9995; hist_corr=1.0000; ORB_good=146; ORB_inliers=146; ORB_inlier_ratio=1.0000,HIGH_CONFIDENCE_NEAR_DUPLICATE
Venomous/King Cobra/Close-up-of-the-head-of-a-king-cobra.jpg,King Cobra,Venomous,train/Venomous_Snake/Close-up-of-the-head-of-a-king-cobra.jpg,Venomous_Snake,TRAIN,0,0,HIGH_CONFIDENCE_NEAR_DUPLICATE,0,0.338462,0.999821,0.997375,0.999437,87,73,0.83908,CONFIRMED_NEAR_DUPLICATE,pHash=0; dHash=0; aHash=0; aspect_delta=0.3385; pixel_corr=0.9998; SSIM=0.9974; hist_corr=0.9994; ORB_good=87; ORB_inliers=73; ORB_inlier_ratio=0.8391,HIGH_CONFIDENCE_NEAR_DUPLICATE
Venomous/King Cobra/cobra-head.jpg,King Cobra,Venomous,train/Venomous_Snake/cobra-head.jpg,Venomous_Snake,TRAIN,0,0,HIGH_CONFIDENCE_NEAR_DUPLICATE,1,0.46184,0.999878,0.998154,0.999685,17,11,0.647059,LIKELY_NEAR_DUPLICATE,pHash=0; dHash=0; aHash=1; aspect_delta=0.4618; pixel_corr=0.9999; SSIM=0.9982; hist_corr=0.9997; ORB_good=17; ORB_inliers=11; ORB_inlier_ratio=0.6471,POSSIBLE_NEAR_DUPLICATE
Venomous/King Cobra/cobra-long.jpg,King Cobra,Venomous,train/Venomous_Snake/cobra-long.jpg,Venomous_Snake,TRAIN,0,0,HIGH_CONFIDENCE_NEAR_DUPLICATE,0,0.437984,0.999835,0.997843,0.999464,2,0,0.0,POSSIBLE_NEAR_DUPLICATE,pHash=0; dHash=0; aHash=0; aspect_delta=0.4380; pixel_corr=0.9998; SSIM=0.9978; hist_corr=0.9995; ORB_good=2; ORB_inliers=0; ORB_inlier_ratio=0.0000,POSSIBLE_NEAR_DUPLICATE
Venomous/King Cobra/cobra6n.jpg,King Cobra,Venomous,train/Venomous_Snake/cobra6n.jpg,Venomous_Snake,TRAIN,0,0,HIGH_CONFIDENCE_NEAR_DUPLICATE,0,0.433333,0.999931,0.996762,0.999738,16,14,0.875,LIKELY_NEAR_DUPLICATE,pHash=0; dHash=0; aHash=0; aspect_delta=0.4333; pixel_corr=0.9999; SSIM=0.9968; hist_corr=0.9997; ORB_good=16; ORB_inliers=14; ORB_inlier_ratio=0.8750,POSSIBLE_NEAR_DUPLICATE
Venomous/King Cobra/cobra_001.jpg,King Cobra,Venomous,train/Venomous_Snake/cobra_001.jpg,Venomous_Snake,TRAIN,0,1,HIGH_CONFIDENCE_NEAR_DUPLICATE,0,0.321815,0.999726,0.997669,0.999652,8,8,1.0,POSSIBLE_NEAR_DUPLICATE,pHash=0; dHash=1; aHash=0; aspect_delta=0.3218; pixel_corr=0.9997; SSIM=0.9977; hist_corr=0.9997; ORB_good=8; ORB_inliers=8; ORB_inlier_ratio=1.0000,POSSIBLE_NEAR_DUPLICATE
Venomous/King Cobra/cobra_002.jpg,King Cobra,Venomous,train/Venomous_Snake/cobra_002.jpg,Venomous_Snake,TRAIN,0,0,HIGH_CONFIDENCE_NEAR_DUPLICATE,0,0.51123,0.999509,0.996174,0.998779,2,0,0.0,POSSIBLE_NEAR_DUPLICATE,pHash=0; dHash=0; aHash=0; aspect_delta=0.5112; pixel_corr=0.9995; SSIM=0.9962; hist_corr=0.9988; ORB_good=2; ORB_inliers=0; ORB_inlier_ratio=0.0000,POSSIBLE_NEAR_DUPLICATE
Venomous/King Cobra/cobra_181212-12.jpg,King Cobra,Venomous,validation/Venomous_Snake/cobra_181212-12.jpg,Venomous_Snake,VALIDATION,0,0,HIGH_CONFIDENCE_NEAR_DUPLICATE,40,0.177489,-0.188218,0.023005,0.99775,331,326,0.984894,CONFIRMED_NEAR_DUPLICATE,pHash=0; dHash=0; aHash=40; aspect_delta=0.1775; pixel_corr=-0.1882; SSIM=0.0230; hist_corr=0.9978; ORB_good=331; ORB_inliers=326; ORB_inlier_ratio=0.9849,HIGH_CONFIDENCE_NEAR_DUPLICATE
Venomous/King Cobra/cobra_181212-9.jpg,King Cobra,Venomous,train/Venomous_Snake/cobra_181212-9.jpg,Venomous_Snake,TRAIN,0,0,HIGH_CONFIDENCE_NEAR_DUPLICATE,0,0.354545,0.999759,0.997771,0.999628,52,48,0.923077,CONFIRMED_NEAR_DUPLICATE,pHash=0; dHash=0; aHash=0; aspect_delta=0.3545; pixel_corr=0.9998; SSIM=0.9978; hist_corr=0.9996; ORB_good=52; ORB_inliers=48; ORB_inlier_ratio=0.9231,HIGH_CONFIDENCE_NEAR_DUPLICATE
Venomous/King Cobra/exotic_king_cobra1-1030x685.jpg,King Cobra,Venomous,train/Venomous_Snake/exotic_king_cobra1-1030x685.jpg,Venomous_Snake,TRAIN,0,0,HIGH_CONFIDENCE_NEAR_DUPLICATE,0,0.334951,0.99959,0.997877,0.999017,25,23,0.92,CONFIRMED_NEAR_DUPLICATE,pHash=0; dHash=0; aHash=0; aspect_delta=0.3350; pixel_corr=0.9996; SSIM=0.9979; hist_corr=0.9990; ORB_good=25; ORB_inliers=23; ORB_inlier_ratio=0.9200,HIGH_CONFIDENCE_NEAR_DUPLICATE
Venomous/King Cobra/exotic_king_cobra_h.jpg,King Cobra,Venomous,train/Venomous_Snake/exotic_king_cobra_h.jpg,Venomous_Snake,TRAIN,0,0,HIGH_CONFIDENCE_NEAR_DUPLICATE,0,0.4375,0.999686,0.996539,0.999764,11,5,0.454545,POSSIBLE_NEAR_DUPLICATE,pHash=0; dHash=0; aHash=0; aspect_delta=0.4375; pixel_corr=0.9997; SSIM=0.9965; hist_corr=0.9998; ORB_good=11; ORB_inliers=5; ORB_inlier_ratio=0.4545,POSSIBLE_NEAR_DUPLICATE
Venomous/King Cobra/f5716d1268715b37ed4d371add3f7600--snake-images-snake-photos.jpg,King Cobra,Venomous,train/Venomous_Snake/f5716d1268715b37ed4d371add3f7600--snake-images-snake-photos.jpg,Venomous_Snake,TRAIN,0,0,HIGH_CONFIDENCE_NEAR_DUPLICATE,0,0.249564,0.999483,0.997841,0.999535,183,179,0.978142,CONFIRMED_NEAR_DUPLICATE,pHash=0; dHash=0; aHash=0; aspect_delta=0.2496; pixel_corr=0.9995; SSIM=0.9978; hist_corr=0.9995; ORB_good=183; ORB_inliers=179; ORB_inlier_ratio=0.9781,HIGH_CONFIDENCE_NEAR_DUPLICATE
Venomous/King Cobra/head-of-a-king-cobra-bdktrm.jpg,King Cobra,Venomous,train/Venomous_Snake/head-of-a-king-cobra-bdktrm.jpg,Venomous_Snake,TRAIN,0,0,HIGH_CONFIDENCE_NEAR_DUPLICATE,0,0.304688,0.999787,0.996521,0.999493,121,118,0.975207,CONFIRMED_NEAR_DUPLICATE,pHash=0; dHash=0; aHash=0; aspect_delta=0.3047; pixel_corr=0.9998; SSIM=0.9965; hist_corr=0.9995; ORB_good=121; ORB_inliers=118; ORB_inlier_ratio=0.9752,HIGH_CONFIDENCE_NEAR_DUPLICATE
Venomous/King Cobra/hja3fryte6pc8-0lufn4l7g1pmhn172j-large.jpg,King Cobra,Venomous,train/Venomous_Snake/hja3fryte6pc8-0lufn4l7g1pmhn172j-large.jpg,Venomous_Snake,TRAIN,0,1,HIGH_CONFIDENCE_NEAR_DUPLICATE,0,0.43871,0.999725,0.997329,0.999953,22,16,0.727273,CONFIRMED_NEAR_DUPLICATE,pHash=0; dHash=1; aHash=0; aspect_delta=0.4387; pixel_corr=0.9997; SSIM=0.9973; hist_corr=1.0000; ORB_good=22; ORB_inliers=16; ORB_inlier_ratio=0.7273,HIGH_CONFIDENCE_NEAR_DUPLICATE
Venomous/King Cobra/hqdefault_007.jpg,King Cobra,Venomous,validation/Venomous_Snake/hqdefault_007 (2).jpg,Venomous_Snake,VALIDATION,0,0,HIGH_CONFIDENCE_NEAR_DUPLICATE,0,0.25,0.999893,0.998483,0.999956,225,216,0.96,CONFIRMED_NEAR_DUPLICATE,pHash=0; dHash=0; aHash=0; aspect_delta=0.2500; pixel_corr=0.9999; SSIM=0.9985; hist_corr=1.0000; ORB_good=225; ORB_inliers=216; ORB_inlier_ratio=0.9600,HIGH_CONFIDENCE_NEAR_DUPLICATE
Venomous/King Cobra/IMG_7375.jpg,King Cobra,Venomous,validation/Venomous_Snake/IMG_7375.jpg,Venomous_Snake,VALIDATION,0,0,HIGH_CONFIDENCE_NEAR_DUPLICATE,0,0.293053,0.999704,0.99791,0.999376,1,0,0.0,POSSIBLE_NEAR_DUPLICATE,pHash=0; dHash=0; aHash=0; aspect_delta=0.2931; pixel_corr=0.9997; SSIM=0.9979; hist_corr=0.9994; ORB_good=1; ORB_inliers=0; ORB_inlier_ratio=0.0000,POSSIBLE_NEAR_DUPLICATE
Venomous/King Cobra/IMG_7415.jpg,King Cobra,Venomous,train/Venomous_Snake/IMG_7415.jpg,Venomous_Snake,TRAIN,0,0,HIGH_CONFIDENCE_NEAR_DUPLICATE,0,0.222023,0.999407,0.994884,0.997617,1,0,0.0,POSSIBLE_NEAR_DUPLICATE,pHash=0; dHash=0; aHash=0; aspect_delta=0.2220; pixel_corr=0.9994; SSIM=0.9949; hist_corr=0.9976; ORB_good=1; ORB_inliers=0; ORB_inlier_ratio=0.0000,POSSIBLE_NEAR_DUPLICATE
Venomous/King Cobra/IMG_7421.jpg,King Cobra,Venomous,train/Venomous_Snake/IMG_7421.jpg,Venomous_Snake,TRAIN,0,0,HIGH_CONFIDENCE_NEAR_DUPLICATE,0,0.320541,0.999581,0.995482,0.995052,1,0,0.0,POSSIBLE_NEAR_DUPLICATE,pHash=0; dHash=0; aHash=0; aspect_delta=0.3205; pixel_corr=0.9996; SSIM=0.9955; hist_corr=0.9951; ORB_good=1; ORB_inliers=0; ORB_inlier_ratio=0.0000,POSSIBLE_NEAR_DUPLICATE
Venomous/King Cobra/interesting-facts-about-king-cobras.jpg,King Cobra,Venomous,train/Venomous_Snake/interesting-facts-about-king-cobras.jpg,Venomous_Snake,TRAIN,0,0,HIGH_CONFIDENCE_NEAR_DUPLICATE,0,0.333008,0.999721,0.998545,0.999338,45,42,0.933333,CONFIRMED_NEAR_DUPLICATE,pHash=0; dHash=0; aHash=0; aspect_delta=0.3330; pixel_corr=0.9997; SSIM=0.9985; hist_corr=0.9993; ORB_good=45; ORB_inliers=42; ORB_inlier_ratio=0.9333,HIGH_CONFIDENCE_NEAR_DUPLICATE
Venomous/King Cobra/jaideep-king-cobra_full-body-copy.jpg,King Cobra,Venomous,train/Venomous_Snake/jaideep-king-cobra_full-body-copy.jpg,Venomous_Snake,TRAIN,0,1,HIGH_CONFIDENCE_NEAR_DUPLICATE,0,0.332589,0.999575,0.997259,0.999919,88,83,0.943182,CONFIRMED_NEAR_DUPLICATE,pHash=0; dHash=1; aHash=0; aspect_delta=0.3326; pixel_corr=0.9996; SSIM=0.9973; hist_corr=0.9999; ORB_good=88; ORB_inliers=83; ORB_inlier_ratio=0.9432,HIGH_CONFIDENCE_NEAR_DUPLICATE
Venomous/King Cobra/Juvenile-king-cobra---defensive-posture.jpg,King Cobra,Venomous,validation/Venomous_Snake/Juvenile-king-cobra---defensive-posture.jpg,Venomous_Snake,VALIDATION,0,0,HIGH_CONFIDENCE_NEAR_DUPLICATE,0,0.336923,0.999701,0.997041,0.99974,57,55,0.964912,CONFIRMED_NEAR_DUPLICATE,pHash=0; dHash=0; aHash=0; aspect_delta=0.3369; pixel_corr=0.9997; SSIM=0.9970; hist_corr=0.9997; ORB_good=57; ORB_inliers=55; ORB_inlier_ratio=0.9649,HIGH_CONFIDENCE_NEAR_DUPLICATE
Venomous/King Cobra/King Cobra Eating Rat.jpg,King Cobra,Venomous,validation/Venomous_Snake/King Cobra Eating Rat.jpg,Venomous_Snake,VALIDATION,0,0,HIGH_CONFIDENCE_NEAR_DUPLICATE,0,0.334,0.999697,0.997054,0.999264,97,93,0.958763,CONFIRMED_NEAR_DUPLICATE,pHash=0; dHash=0; aHash=0; aspect_delta=0.3340; pixel_corr=0.9997; SSIM=0.9971; hist_corr=0.9993; ORB_good=97; ORB_inliers=93; ORB_inlier_ratio=0.9588,HIGH_CONFIDENCE_NEAR_DUPLICATE
"Venomous/King Cobra/King cobra, 1874 engraving.jpg",King Cobra,Venomous,"train/Venomous_Snake/King cobra, 1874 engraving.jpg",Venomous_Snake,TRAIN,0,1,HIGH_CONFIDENCE_NEAR_DUPLICATE,0,0.073955,0.999878,0.997355,0.999956,84,83,0.988095,CONFIRMED_NEAR_DUPLICATE,pHash=0; dHash=1; aHash=0; aspect_delta=0.0740; pixel_corr=0.9999; SSIM=0.9974; hist_corr=1.0000; ORB_good=84; ORB_inliers=83; ORB_inlier_ratio=0.9881,HIGH_CONFIDENCE_NEAR_DUPLICATE
"Venomous/King Cobra/King cobra, Enygmatic-Halcyon-Wikipedia.jpg",King Cobra,Venomous,"train/Venomous_Snake/King cobra, Enygmatic-Halcyon-Wikipedia.jpg",Venomous_Snake,TRAIN,0,0,HIGH_CONFIDENCE_NEAR_DUPLICATE,0,0.252229,0.999701,0.996351,0.999807,107,106,0.990654,CONFIRMED_NEAR_DUPLICATE,pHash=0; dHash=0; aHash=0; aspect_delta=0.2522; pixel_corr=0.9997; SSIM=0.9964; hist_corr=0.9998; ORB_good=107; ORB_inliers=106; ORB_inlier_ratio=0.9907,HIGH_CONFIDENCE_NEAR_DUPLICATE
Venomous/King Cobra/king-cobra-1.jpg,King Cobra,Venomous,validation/Venomous_Snake/king-cobra-1.jpg,Venomous_Snake,VALIDATION,0,1,HIGH_CONFIDENCE_NEAR_DUPLICATE,0,0.414063,0.999871,0.997037,0.999856,24,16,0.666667,CONFIRMED_NEAR_DUPLICATE,pHash=0; dHash=1; aHash=0; aspect_delta=0.4141; pixel_corr=0.9999; SSIM=0.9970; hist_corr=0.9999; ORB_good=24; ORB_inliers=16; ORB_inlier_ratio=0.6667,HIGH_CONFIDENCE_NEAR_DUPLICATE
Venomous/King Cobra/king-cobra-1_001.jpg,King Cobra,Venomous,train/Venomous_Snake/king-cobra-1_001.jpg,Venomous_Snake,TRAIN,0,0,HIGH_CONFIDENCE_NEAR_DUPLICATE,0,0.304688,0.999513,0.996781,0.999804,5,5,1.0,POSSIBLE_NEAR_DUPLICATE,pHash=0; dHash=0; aHash=0; aspect_delta=0.3047; pixel_corr=0.9995; SSIM=0.9968; hist_corr=0.9998; ORB_good=5; ORB_inliers=5; ORB_inlier_ratio=1.0000,POSSIBLE_NEAR_DUPLICATE
Venomous/King Cobra/king-cobra-9.jpg,King Cobra,Venomous,train/Venomous_Snake/king-cobra-9.jpg,Venomous_Snake,TRAIN,0,0,HIGH_CONFIDENCE_NEAR_DUPLICATE,0,0.356,0.999727,0.997588,0.999921,69,63,0.913043,CONFIRMED_NEAR_DUPLICATE,pHash=0; dHash=0; aHash=0; aspect_delta=0.3560; pixel_corr=0.9997; SSIM=0.9976; hist_corr=0.9999; ORB_good=69; ORB_inliers=63; ORB_inlier_ratio=0.9130,HIGH_CONFIDENCE_NEAR_DUPLICATE
Venomous/King Cobra/King-Cobra-baby-1.jpg,King Cobra,Venomous,train/Venomous_Snake/King-Cobra-baby-1.jpg,Venomous_Snake,TRAIN,0,0,HIGH_CONFIDENCE_NEAR_DUPLICATE,0,0.314607,0.99988,0.996592,0.999981,132,111,0.840909,CONFIRMED_NEAR_DUPLICATE,pHash=0; dHash=0; aHash=0; aspect_delta=0.3146; pixel_corr=0.9999; SSIM=0.9966; hist_corr=1.0000; ORB_good=132; ORB_inliers=111; ORB_inlier_ratio=0.8409,HIGH_CONFIDENCE_NEAR_DUPLICATE
Venomous/King Cobra/king-cobra-bg.jpg,King Cobra,Venomous,validation/Venomous_Snake/king-cobra-bg.jpg,Venomous_Snake,VALIDATION,0,0,HIGH_CONFIDENCE_NEAR_DUPLICATE,0,0.215504,0.999882,0.998028,0.999019,230,222,0.965217,CONFIRMED_NEAR_DUPLICATE,pHash=0; dHash=0; aHash=0; aspect_delta=0.2155; pixel_corr=0.9999; SSIM=0.9980; hist_corr=0.9990; ORB_good=230; ORB_inliers=222; ORB_inlier_ratio=0.9652,HIGH_CONFIDENCE_NEAR_DUPLICATE
Venomous/King Cobra/King-Cobra-by-kokotewan-640x326.jpg,King Cobra,Venomous,train/Venomous_Snake/King-Cobra-by-kokotewan-640x326.jpg,Venomous_Snake,TRAIN,0,0,HIGH_CONFIDENCE_NEAR_DUPLICATE,0,0.490625,0.999869,0.99869,0.999533,12,7,0.583333,POSSIBLE_NEAR_DUPLICATE,pHash=0; dHash=0; aHash=0; aspect_delta=0.4906; pixel_corr=0.9999; SSIM=0.9987; hist_corr=0.9995; ORB_good=12; ORB_inliers=7; ORB_inlier_ratio=0.5833,POSSIBLE_NEAR_DUPLICATE
Venomous/King Cobra/King-Cobra-captive.jpg,King Cobra,Venomous,train/Venomous_Snake/King-Cobra-captive.jpg,Venomous_Snake,TRAIN,0,0,HIGH_CONFIDENCE_NEAR_DUPLICATE,0,0.471074,0.999779,0.997487,0.999719,9,9,1.0,POSSIBLE_NEAR_DUPLICATE,pHash=0; dHash=0; aHash=0; aspect_delta=0.4711; pixel_corr=0.9998; SSIM=0.9975; hist_corr=0.9997; ORB_good=9; ORB_inliers=9; ORB_inlier_ratio=1.0000,POSSIBLE_NEAR_DUPLICATE
Venomous/King Cobra/king-cobra-facts-for-kids1-e1359370651750.jpg,King Cobra,Venomous,train/Venomous_Snake/king-cobra-facts-for-kids1-e1359370651750.jpg,Venomous_Snake,TRAIN,0,0,HIGH_CONFIDENCE_NEAR_DUPLICATE,0,0.275,0.999842,0.998022,0.999617,149,142,0.95302,CONFIRMED_NEAR_DUPLICATE,pHash=0; dHash=0; aHash=0; aspect_delta=0.2750; pixel_corr=0.9998; SSIM=0.9980; hist_corr=0.9996; ORB_good=149; ORB_inliers=142; ORB_inlier_ratio=0.9530,HIGH_CONFIDENCE_NEAR_DUPLICATE
Venomous/King Cobra/king-cobra-head1.jpg,King Cobra,Venomous,train/Venomous_Snake/king-cobra-head1.jpg,Venomous_Snake,TRAIN,2,0,HIGH_CONFIDENCE_NEAR_DUPLICATE,0,0.090909,0.999852,0.998083,0.998361,448,444,0.991071,CONFIRMED_NEAR_DUPLICATE,pHash=2; dHash=0; aHash=0; aspect_delta=0.0909; pixel_corr=0.9999; SSIM=0.9981; hist_corr=0.9984; ORB_good=448; ORB_inliers=444; ORB_inlier_ratio=0.9911,HIGH_CONFIDENCE_NEAR_DUPLICATE
Venomous/King Cobra/King-Cobra-India.jpg,King Cobra,Venomous,train/Venomous_Snake/28 (2).jpg,Venomous_Snake,TRAIN,0,1,HIGH_CONFIDENCE_NEAR_DUPLICATE,0,0.334,0.990197,0.961893,0.998113,21,18,0.857143,CONFIRMED_NEAR_DUPLICATE,pHash=0; dHash=1; aHash=0; aspect_delta=0.3340; pixel_corr=0.9902; SSIM=0.9619; hist_corr=0.9981; ORB_good=21; ORB_inliers=18; ORB_inlier_ratio=0.8571,HIGH_CONFIDENCE_NEAR_DUPLICATE
Venomous/King Cobra/King-Cobra-India.jpg,King Cobra,Venomous,train/Venomous_Snake/King-Cobra-India.jpg,Venomous_Snake,TRAIN,0,0,HIGH_CONFIDENCE_NEAR_DUPLICATE,0,0.334,0.99961,0.997366,0.99986,32,27,0.84375,CONFIRMED_NEAR_DUPLICATE,pHash=0; dHash=0; aHash=0; aspect_delta=0.3340; pixel_corr=0.9996; SSIM=0.9974; hist_corr=0.9999; ORB_good=32; ORB_inliers=27; ORB_inlier_ratio=0.8438,HIGH_CONFIDENCE_NEAR_DUPLICATE
Venomous/King Cobra/king-cobra-juvenile-445px.jpg,King Cobra,Venomous,train/Venomous_Snake/king-cobra-juvenile-445px.jpg,Venomous_Snake,TRAIN,0,1,HIGH_CONFIDENCE_NEAR_DUPLICATE,0,0.0,0.999788,0.998714,0.999513,331,317,0.957704,CONFIRMED_NEAR_DUPLICATE,pHash=0; dHash=1; aHash=0; aspect_delta=0.0000; pixel_corr=0.9998; SSIM=0.9987; hist_corr=0.9995; ORB_good=331; ORB_inliers=317; ORB_inlier_ratio=0.9577,HIGH_CONFIDENCE_NEAR_DUPLICATE
Venomous/King Cobra/king-cobra-ophiophagus-hannah-800x600.jpg,King Cobra,Venomous,validation/Venomous_Snake/king-cobra-ophiophagus-hannah-800x600.jpg,Venomous_Snake,VALIDATION,0,0,HIGH_CONFIDENCE_NEAR_DUPLICATE,0,0.335,0.999707,0.996634,0.99985,37,32,0.864865,CONFIRMED_NEAR_DUPLICATE,pHash=0; dHash=0; aHash=0; aspect_delta=0.3350; pixel_corr=0.9997; SSIM=0.9966; hist_corr=0.9999; ORB_good=37; ORB_inliers=32; ORB_inlier_ratio=0.8649,HIGH_CONFIDENCE_NEAR_DUPLICATE
Venomous/King Cobra/king-cobra-ophiophagus-hannah-800x600_001.jpg,King Cobra,Venomous,train/Venomous_Snake/king-cobra-ophiophagus-hannah-800x600_001.jpg,Venomous_Snake,TRAIN,0,1,HIGH_CONFIDENCE_NEAR_DUPLICATE,0,0.3325,0.999786,0.997771,0.998904,59,58,0.983051,CONFIRMED_NEAR_DUPLICATE,pHash=0; dHash=1; aHash=0; aspect_delta=0.3325; pixel_corr=0.9998; SSIM=0.9978; hist_corr=0.9989; ORB_good=59; ORB_inliers=58; ORB_inlier_ratio=0.9831,HIGH_CONFIDENCE_NEAR_DUPLICATE
Venomous/King Cobra/king-cobra-ophiophagus-hannah-swallowing-a-rat-snake-bali-indonesia-EG8D80.jpg,King Cobra,Venomous,train/Venomous_Snake/king-cobra-ophiophagus-hannah-swallowing-a-rat-snake-bali-indonesia-EG8D80.jpg,Venomous_Snake,TRAIN,0,0,HIGH_CONFIDENCE_NEAR_DUPLICATE,0,0.264615,0.999549,0.998046,0.998864,44,42,0.954545,CONFIRMED_NEAR_DUPLICATE,pHash=0; dHash=0; aHash=0; aspect_delta=0.2646; pixel_corr=0.9995; SSIM=0.9980; hist_corr=0.9989; ORB_good=44; ORB_inliers=42; ORB_inlier_ratio=0.9545,HIGH_CONFIDENCE_NEAR_DUPLICATE
Venomous/King Cobra/King-cobra-partially-displaying-hood.jpg,King Cobra,Venomous,train/Venomous_Snake/King-cobra-partially-displaying-hood.jpg,Venomous_Snake,TRAIN,2,0,HIGH_CONFIDENCE_NEAR_DUPLICATE,0,0.338462,0.999737,0.998211,0.99856,51,49,0.960784,CONFIRMED_NEAR_DUPLICATE,pHash=2; dHash=0; aHash=0; aspect_delta=0.3385; pixel_corr=0.9997; SSIM=0.9982; hist_corr=0.9986; ORB_good=51; ORB_inliers=49; ORB_inlier_ratio=0.9608,HIGH_CONFIDENCE_NEAR_DUPLICATE
Venomous/King Cobra/King-Cobra-rescued-from-Dukura-range-copy.jpg,King Cobra,Venomous,train/Venomous_Snake/King-Cobra-rescued-from-Dukura-range-copy.jpg,Venomous_Snake,TRAIN,0,0,HIGH_CONFIDENCE_NEAR_DUPLICATE,1,0.31136,0.999668,0.99831,0.999274,74,74,1.0,CONFIRMED_NEAR_DUPLICATE,pHash=0; dHash=0; aHash=1; aspect_delta=0.3114; pixel_corr=0.9997; SSIM=0.9983; hist_corr=0.9993; ORB_good=74; ORB_inliers=74; ORB_inlier_ratio=1.0000,HIGH_CONFIDENCE_NEAR_DUPLICATE
Venomous/King Cobra/King-cobra-resting.jpg,King Cobra,Venomous,validation/Venomous_Snake/King-cobra-resting.jpg,Venomous_Snake,VALIDATION,0,0,HIGH_CONFIDENCE_NEAR_DUPLICATE,0,0.344615,0.999606,0.997177,0.99938,35,34,0.971429,CONFIRMED_NEAR_DUPLICATE,pHash=0; dHash=0; aHash=0; aspect_delta=0.3446; pixel_corr=0.9996; SSIM=0.9972; hist_corr=0.9994; ORB_good=35; ORB_inliers=34; ORB_inlier_ratio=0.9714,HIGH_CONFIDENCE_NEAR_DUPLICATE
Venomous/King Cobra/King-cobra-side-profile.jpg,King Cobra,Venomous,validation/Venomous_Snake/King-cobra-side-profile.jpg,Venomous_Snake,VALIDATION,0,0,HIGH_CONFIDENCE_NEAR_DUPLICATE,0,0.287692,0.999245,0.997921,0.998209,99,98,0.989899,CONFIRMED_NEAR_DUPLICATE,pHash=0; dHash=0; aHash=0; aspect_delta=0.2877; pixel_corr=0.9992; SSIM=0.9979; hist_corr=0.9982; ORB_good=99; ORB_inliers=98; ORB_inlier_ratio=0.9899,HIGH_CONFIDENCE_NEAR_DUPLICATE
Venomous/King Cobra/king-cobra-slither.adapt.945.1.jpg,King Cobra,Venomous,train/Venomous_Snake/king-cobra-slither.adapt.945.1.jpg,Venomous_Snake,TRAIN,0,0,HIGH_CONFIDENCE_NEAR_DUPLICATE,0,0.438095,0.999886,0.998375,0.999957,34,23,0.676471,CONFIRMED_NEAR_DUPLICATE,pHash=0; dHash=0; aHash=0; aspect_delta=0.4381; pixel_corr=0.9999; SSIM=0.9984; hist_corr=1.0000; ORB_good=34; ORB_inliers=23; ORB_inlier_ratio=0.6765,HIGH_CONFIDENCE_NEAR_DUPLICATE
Venomous/King Cobra/king-cobra-snake.jpg,King Cobra,Venomous,train/Venomous_Snake/king-cobra-snake.jpg,Venomous_Snake,TRAIN,0,0,HIGH_CONFIDENCE_NEAR_DUPLICATE,0,0.175207,0.999565,0.997352,0.999382,222,222,1.0,CONFIRMED_NEAR_DUPLICATE,pHash=0; dHash=0; aHash=0; aspect_delta=0.1752; pixel_corr=0.9996; SSIM=0.9974; hist_corr=0.9994; ORB_good=222; ORB_inliers=222; ORB_inlier_ratio=1.0000,HIGH_CONFIDENCE_NEAR_DUPLICATE
Venomous/King Cobra/king-cobra-snake_001.jpg,King Cobra,Venomous,train/Venomous_Snake/king-cobra-snake_001.jpg,Venomous_Snake,TRAIN,0,0,HIGH_CONFIDENCE_NEAR_DUPLICATE,0,0.332547,0.999808,0.99783,0.999892,82,78,0.95122,CONFIRMED_NEAR_DUPLICATE,pHash=0; dHash=0; aHash=0; aspect_delta=0.3325; pixel_corr=0.9998; SSIM=0.9978; hist_corr=0.9999; ORB_good=82; ORB_inliers=78; ORB_inlier_ratio=0.9512,HIGH_CONFIDENCE_NEAR_DUPLICATE
Venomous/King Cobra/King-cobra-swimming-hunting-other-snakes-along-the-edge-of-a-mangrove-river.jpg,King Cobra,Venomous,train/Venomous_Snake/King-cobra-swimming-hunting-other-snakes-along-the-edge-of-a-mangrove-river.jpg,Venomous_Snake,TRAIN,0,1,HIGH_CONFIDENCE_NEAR_DUPLICATE,0,0.332308,0.999084,0.996518,0.998199,79,77,0.974684,CONFIRMED_NEAR_DUPLICATE,pHash=0; dHash=1; aHash=0; aspect_delta=0.3323; pixel_corr=0.9991; SSIM=0.9965; hist_corr=0.9982; ORB_good=79; ORB_inliers=77; ORB_inlier_ratio=0.9747,HIGH_CONFIDENCE_NEAR_DUPLICATE
Venomous/King Cobra/King-Cobra-Thailand.jpg,King Cobra,Venomous,validation/Venomous_Snake/King-Cobra-Thailand.jpg,Venomous_Snake,VALIDATION,0,0,HIGH_CONFIDENCE_NEAR_DUPLICATE,0,0.276049,0.999867,0.99844,0.998847,123,117,0.95122,CONFIRMED_NEAR_DUPLICATE,pHash=0; dHash=0; aHash=0; aspect_delta=0.2760; pixel_corr=0.9999; SSIM=0.9984; hist_corr=0.9988; ORB_good=123; ORB_inliers=117; ORB_inlier_ratio=0.9512,HIGH_CONFIDENCE_NEAR_DUPLICATE
Venomous/King Cobra/king-cobra-wallpapers-desktop-background.jpg,King Cobra,Venomous,train/Venomous_Snake/king-cobra-wallpapers-desktop-background.jpg,Venomous_Snake,TRAIN,0,0,HIGH_CONFIDENCE_NEAR_DUPLICATE,0,0.375,0.999779,0.997781,0.999085,5,0,0.0,POSSIBLE_NEAR_DUPLICATE,pHash=0; dHash=0; aHash=0; aspect_delta=0.3750; pixel_corr=0.9998; SSIM=0.9978; hist_corr=0.9991; ORB_good=5; ORB_inliers=0; ORB_inlier_ratio=0.0000,POSSIBLE_NEAR_DUPLICATE
Venomous/King Cobra/king-cobra-web.jpg,King Cobra,Venomous,train/Venomous_Snake/king-cobra-web.jpg,Venomous_Snake,TRAIN,0,0,HIGH_CONFIDENCE_NEAR_DUPLICATE,0,0.333,0.999842,0.99734,0.999626,29,29,1.0,CONFIRMED_NEAR_DUPLICATE,pHash=0; dHash=0; aHash=0; aspect_delta=0.3330; pixel_corr=0.9998; SSIM=0.9973; hist_corr=0.9996; ORB_good=29; ORB_inliers=29; ORB_inlier_ratio=1.0000,HIGH_CONFIDENCE_NEAR_DUPLICATE
Venomous/King Cobra/King-Cobra_003.jpg,King Cobra,Venomous,train/Venomous_Snake/King-Cobra_003.jpg,Venomous_Snake,TRAIN,0,0,HIGH_CONFIDENCE_NEAR_DUPLICATE,0,0.332813,0.999592,0.99581,0.999911,99,93,0.939394,CONFIRMED_NEAR_DUPLICATE,pHash=0; dHash=0; aHash=0; aspect_delta=0.3328; pixel_corr=0.9996; SSIM=0.9958; hist_corr=0.9999; ORB_good=99; ORB_inliers=93; ORB_inlier_ratio=0.9394,HIGH_CONFIDENCE_NEAR_DUPLICATE
Venomous/King Cobra/king-cobra_004.jpg,King Cobra,Venomous,train/Venomous_Snake/king-cobra_004.jpg,Venomous_Snake,TRAIN,0,0,HIGH_CONFIDENCE_NEAR_DUPLICATE,0,0.25,0.999816,0.996274,0.999642,97,90,0.927835,CONFIRMED_NEAR_DUPLICATE,pHash=0; dHash=0; aHash=0; aspect_delta=0.2500; pixel_corr=0.9998; SSIM=0.9963; hist_corr=0.9996; ORB_good=97; ORB_inliers=90; ORB_inlier_ratio=0.9278,HIGH_CONFIDENCE_NEAR_DUPLICATE
Venomous/King Cobra/King-Cobra_005.jpg,King Cobra,Venomous,train/Venomous_Snake/King-Cobra_005.jpg,Venomous_Snake,TRAIN,0,0,HIGH_CONFIDENCE_NEAR_DUPLICATE,0,0.139241,0.999717,0.997759,0.999651,315,311,0.987302,CONFIRMED_NEAR_DUPLICATE,pHash=0; dHash=0; aHash=0; aspect_delta=0.1392; pixel_corr=0.9997; SSIM=0.9978; hist_corr=0.9997; ORB_good=315; ORB_inliers=311; ORB_inlier_ratio=0.9873,HIGH_CONFIDENCE_NEAR_DUPLICATE
Venomous/King Cobra/king-cobra_006.jpg,King Cobra,Venomous,train/Venomous_Snake/king-cobra_006.jpg,Venomous_Snake,TRAIN,2,0,HIGH_CONFIDENCE_NEAR_DUPLICATE,0,0.247368,0.999813,0.996304,0.99971,73,57,0.780822,CONFIRMED_NEAR_DUPLICATE,pHash=2; dHash=0; aHash=0; aspect_delta=0.2474; pixel_corr=0.9998; SSIM=0.9963; hist_corr=0.9997; ORB_good=73; ORB_inliers=57; ORB_inlier_ratio=0.7808,HIGH_CONFIDENCE_NEAR_DUPLICATE
Venomous/King Cobra/king-cobra_008.jpg,King Cobra,Venomous,train/Venomous_Snake/king-cobra_008.jpg,Venomous_Snake,TRAIN,0,0,HIGH_CONFIDENCE_NEAR_DUPLICATE,0,0.33625,0.998051,0.994335,0.997578,33,33,1.0,CONFIRMED_NEAR_DUPLICATE,pHash=0; dHash=0; aHash=0; aspect_delta=0.3362; pixel_corr=0.9981; SSIM=0.9943; hist_corr=0.9976; ORB_good=33; ORB_inliers=33; ORB_inlier_ratio=1.0000,HIGH_CONFIDENCE_NEAR_DUPLICATE
Venomous/King Cobra/king-cobra_009.jpg,King Cobra,Venomous,train/Venomous_Snake/king-cobra_009.jpg,Venomous_Snake,TRAIN,0,0,HIGH_CONFIDENCE_NEAR_DUPLICATE,0,0.332589,0.999194,0.996184,0.999961,73,67,0.917808,CONFIRMED_NEAR_DUPLICATE,pHash=0; dHash=0; aHash=0; aspect_delta=0.3326; pixel_corr=0.9992; SSIM=0.9962; hist_corr=1.0000; ORB_good=73; ORB_inliers=67; ORB_inlier_ratio=0.9178,HIGH_CONFIDENCE_NEAR_DUPLICATE
Venomous/King Cobra/king-cobra_0164.jpg,King Cobra,Venomous,train/Venomous_Snake/king-cobra_0164.jpg,Venomous_Snake,TRAIN,0,1,HIGH_CONFIDENCE_NEAR_DUPLICATE,0,0.25,0.999828,0.998492,0.999733,156,150,0.961538,CONFIRMED_NEAR_DUPLICATE,pHash=0; dHash=1; aHash=0; aspect_delta=0.2500; pixel_corr=0.9998; SSIM=0.9985; hist_corr=0.9997; ORB_good=156; ORB_inliers=150; ORB_inlier_ratio=0.9615,HIGH_CONFIDENCE_NEAR_DUPLICATE
Venomous/King Cobra/king-cobra_624.jpg,King Cobra,Venomous,train/Venomous_Snake/king-cobra_624.jpg,Venomous_Snake,TRAIN,0,0,HIGH_CONFIDENCE_NEAR_DUPLICATE,0,0.338141,0.999801,0.997203,0.999869,64,63,0.984375,CONFIRMED_NEAR_DUPLICATE,pHash=0; dHash=0; aHash=0; aspect_delta=0.3381; pixel_corr=0.9998; SSIM=0.9972; hist_corr=0.9999; ORB_good=64; ORB_inliers=63; ORB_inlier_ratio=0.9844,HIGH_CONFIDENCE_NEAR_DUPLICATE
Venomous/King Cobra/king-cobras-live_820c5cd24bab67fc.jpg,King Cobra,Venomous,train/Venomous_Snake/king-cobras-live_820c5cd24bab67fc.jpg,Venomous_Snake,TRAIN,0,0,HIGH_CONFIDENCE_NEAR_DUPLICATE,0,0.437143,0.99978,0.997914,0.999705,38,31,0.815789,CONFIRMED_NEAR_DUPLICATE,pHash=0; dHash=0; aHash=0; aspect_delta=0.4371; pixel_corr=0.9998; SSIM=0.9979; hist_corr=0.9997; ORB_good=38; ORB_inliers=31; ORB_inlier_ratio=0.8158,HIGH_CONFIDENCE_NEAR_DUPLICATE
Venomous/King Cobra/king_cobra_1.jpg,King Cobra,Venomous,validation/Venomous_Snake/king_cobra_1.jpg,Venomous_Snake,VALIDATION,0,0,HIGH_CONFIDENCE_NEAR_DUPLICATE,0,0.382812,0.999928,0.998492,0.999957,48,47,0.979167,CONFIRMED_NEAR_DUPLICATE,pHash=0; dHash=0; aHash=0; aspect_delta=0.3828; pixel_corr=0.9999; SSIM=0.9985; hist_corr=1.0000; ORB_good=48; ORB_inliers=47; ORB_inlier_ratio=0.9792,HIGH_CONFIDENCE_NEAR_DUPLICATE
Venomous/King Cobra/king_cobra_1_001.jpg,King Cobra,Venomous,train/Venomous_Snake/king_cobra_1_001.jpg,Venomous_Snake,TRAIN,0,0,HIGH_CONFIDENCE_NEAR_DUPLICATE,0,0.248571,0.999899,0.998472,0.999567,173,160,0.924855,CONFIRMED_NEAR_DUPLICATE,pHash=0; dHash=0; aHash=0; aspect_delta=0.2486; pixel_corr=0.9999; SSIM=0.9985; hist_corr=0.9996; ORB_good=173; ORB_inliers=160; ORB_inlier_ratio=0.9249,HIGH_CONFIDENCE_NEAR_DUPLICATE
Venomous/King Cobra/King_Cobra_25.jpg,King Cobra,Venomous,train/Venomous_Snake/King_Cobra_25.jpg,Venomous_Snake,TRAIN,0,0,HIGH_CONFIDENCE_NEAR_DUPLICATE,0,0.2,0.999634,0.997547,0.999336,0,0,0.0,POSSIBLE_NEAR_DUPLICATE,pHash=0; dHash=0; aHash=0; aspect_delta=0.2000; pixel_corr=0.9996; SSIM=0.9975; hist_corr=0.9993; ORB_good=0; ORB_inliers=0; ORB_inlier_ratio=0.0000,POSSIBLE_NEAR_DUPLICATE
Venomous/King Cobra/King_Cobra_Head.jpg,King Cobra,Venomous,train/Venomous_Snake/King_Cobra_Head.jpg,Venomous_Snake,TRAIN,0,0,HIGH_CONFIDENCE_NEAR_DUPLICATE,0,0.390651,0.999563,0.99799,0.997966,41,39,0.95122,CONFIRMED_NEAR_DUPLICATE,pHash=0; dHash=0; aHash=0; aspect_delta=0.3907; pixel_corr=0.9996; SSIM=0.9980; hist_corr=0.9980; ORB_good=41; ORB_inliers=39; ORB_inlier_ratio=0.9512,HIGH_CONFIDENCE_NEAR_DUPLICATE
Venomous/King Cobra/king_cobra_picture.jpg,King Cobra,Venomous,validation/Venomous_Snake/king_cobra_picture.jpg,Venomous_Snake,VALIDATION,0,1,HIGH_CONFIDENCE_NEAR_DUPLICATE,0,0.333333,0.999805,0.997746,0.999859,87,81,0.931034,CONFIRMED_NEAR_DUPLICATE,pHash=0; dHash=1; aHash=0; aspect_delta=0.3333; pixel_corr=0.9998; SSIM=0.9977; hist_corr=0.9999; ORB_good=87; ORB_inliers=81; ORB_inlier_ratio=0.9310,HIGH_CONFIDENCE_NEAR_DUPLICATE
Venomous/King Cobra/kingcobra-001.jpg,King Cobra,Venomous,train/Venomous_Snake/kingcobra-001.jpg,Venomous_Snake,TRAIN,0,0,HIGH_CONFIDENCE_NEAR_DUPLICATE,0,0.396429,0.999821,0.997394,0.999666,23,17,0.73913,CONFIRMED_NEAR_DUPLICATE,pHash=0; dHash=0; aHash=0; aspect_delta=0.3964; pixel_corr=0.9998; SSIM=0.9974; hist_corr=0.9997; ORB_good=23; ORB_inliers=17; ORB_inlier_ratio=0.7391,HIGH_CONFIDENCE_NEAR_DUPLICATE
Venomous/King Cobra/kingcobra-002.jpg,King Cobra,Venomous,train/Venomous_Snake/kingcobra-002.jpg,Venomous_Snake,TRAIN,0,0,HIGH_CONFIDENCE_NEAR_DUPLICATE,0,0.396429,0.999841,0.997465,0.999792,8,8,1.0,POSSIBLE_NEAR_DUPLICATE,pHash=0; dHash=0; aHash=0; aspect_delta=0.3964; pixel_corr=0.9998; SSIM=0.9975; hist_corr=0.9998; ORB_good=8; ORB_inliers=8; ORB_inlier_ratio=1.0000,POSSIBLE_NEAR_DUPLICATE
Venomous/King Cobra/KingCobra-and-I_web.jpg,King Cobra,Venomous,train/Venomous_Snake/KingCobra-and-I_web.jpg,Venomous_Snake,TRAIN,2,0,HIGH_CONFIDENCE_NEAR_DUPLICATE,0,0.333984,0.998956,0.996499,0.995907,20,20,1.0,CONFIRMED_NEAR_DUPLICATE,pHash=2; dHash=0; aHash=0; aspect_delta=0.3340; pixel_corr=0.9990; SSIM=0.9965; hist_corr=0.9959; ORB_good=20; ORB_inliers=20; ORB_inlier_ratio=1.0000,HIGH_CONFIDENCE_NEAR_DUPLICATE
Venomous/King Cobra/KingCobra1.jpg,King Cobra,Venomous,validation/Venomous_Snake/KingCobra1.jpg,Venomous_Snake,VALIDATION,0,0,HIGH_CONFIDENCE_NEAR_DUPLICATE,0,0.152,0.999873,0.997742,0.999618,349,346,0.991404,CONFIRMED_NEAR_DUPLICATE,pHash=0; dHash=0; aHash=0; aspect_delta=0.1520; pixel_corr=0.9999; SSIM=0.9977; hist_corr=0.9996; ORB_good=349; ORB_inliers=346; ORB_inlier_ratio=0.9914,HIGH_CONFIDENCE_NEAR_DUPLICATE
Venomous/King Cobra/KingCobra_001.jpg,King Cobra,Venomous,train/Venomous_Snake/KingCobra_001.jpg,Venomous_Snake,TRAIN,0,0,HIGH_CONFIDENCE_NEAR_DUPLICATE,1,0.333333,0.999643,0.996609,0.999464,16,13,0.8125,LIKELY_NEAR_DUPLICATE,pHash=0; dHash=0; aHash=1; aspect_delta=0.3333; pixel_corr=0.9996; SSIM=0.9966; hist_corr=0.9995; ORB_good=16; ORB_inliers=13; ORB_inlier_ratio=0.8125,POSSIBLE_NEAR_DUPLICATE
Venomous/King Cobra/kingcobra_002.JPG,King Cobra,Venomous,train/Venomous_Snake/kingcobra_002.JPG,Venomous_Snake,TRAIN,2,0,HIGH_CONFIDENCE_NEAR_DUPLICATE,0,0.2,0.99953,0.998283,0.999512,130,129,0.992308,CONFIRMED_NEAR_DUPLICATE,pHash=2; dHash=0; aHash=0; aspect_delta=0.2000; pixel_corr=0.9995; SSIM=0.9983; hist_corr=0.9995; ORB_good=130; ORB_inliers=129; ORB_inlier_ratio=0.9923,HIGH_CONFIDENCE_NEAR_DUPLICATE
Venomous/King Cobra/KingCobra_003.jpg,King Cobra,Venomous,train/Venomous_Snake/KingCobra_003.jpg,Venomous_Snake,TRAIN,2,0,HIGH_CONFIDENCE_NEAR_DUPLICATE,0,0.41779,0.999784,0.995325,0.999302,5,0,0.0,POSSIBLE_NEAR_DUPLICATE,pHash=2; dHash=0; aHash=0; aspect_delta=0.4178; pixel_corr=0.9998; SSIM=0.9953; hist_corr=0.9993; ORB_good=5; ORB_inliers=0; ORB_inlier_ratio=0.0000,POSSIBLE_NEAR_DUPLICATE
Venomous/King Cobra/landing_king-cobra.jpg,King Cobra,Venomous,train/Venomous_Snake/landing_king-cobra.jpg,Venomous_Snake,TRAIN,0,0,HIGH_CONFIDENCE_NEAR_DUPLICATE,0,0.533854,0.999903,0.996203,0.999675,10,7,0.7,POSSIBLE_NEAR_DUPLICATE,pHash=0; dHash=0; aHash=0; aspect_delta=0.5339; pixel_corr=0.9999; SSIM=0.9962; hist_corr=0.9997; ORB_good=10; ORB_inliers=7; ORB_inlier_ratio=0.7000,POSSIBLE_NEAR_DUPLICATE
Venomous/King Cobra/natural-enemies-king-cobra_6c4e36f5d658546a.jpg,King Cobra,Venomous,train/Venomous_Snake/natural-enemies-king-cobra_6c4e36f5d658546a.jpg,Venomous_Snake,TRAIN,0,0,HIGH_CONFIDENCE_NEAR_DUPLICATE,0,0.437143,0.999862,0.99705,0.999901,58,56,0.965517,CONFIRMED_NEAR_DUPLICATE,pHash=0; dHash=0; aHash=0; aspect_delta=0.4371; pixel_corr=0.9999; SSIM=0.9971; hist_corr=0.9999; ORB_good=58; ORB_inliers=56; ORB_inlier_ratio=0.9655,HIGH_CONFIDENCE_NEAR_DUPLICATE
Venomous/King Cobra/Ophiophagus-hannah-Thailand.jpg,King Cobra,Venomous,train/Venomous_Snake/Ophiophagus-hannah-Thailand.jpg,Venomous_Snake,TRAIN,0,0,HIGH_CONFIDENCE_NEAR_DUPLICATE,0,0.22125,0.999889,0.997461,0.998829,145,145,1.0,CONFIRMED_NEAR_DUPLICATE,pHash=0; dHash=0; aHash=0; aspect_delta=0.2213; pixel_corr=0.9999; SSIM=0.9975; hist_corr=0.9988; ORB_good=145; ORB_inliers=145; ORB_inlier_ratio=1.0000,HIGH_CONFIDENCE_NEAR_DUPLICATE
Venomous/King Cobra/PAY-COBRA-SNAKE-RESCUE.jpg,King Cobra,Venomous,train/Venomous_Snake/PAY-COBRA-SNAKE-RESCUE.jpg,Venomous_Snake,TRAIN,0,0,HIGH_CONFIDENCE_NEAR_DUPLICATE,0,0.515447,0.999706,0.997164,0.999922,10,7,0.7,POSSIBLE_NEAR_DUPLICATE,pHash=0; dHash=0; aHash=0; aspect_delta=0.5154; pixel_corr=0.9997; SSIM=0.9972; hist_corr=0.9999; ORB_good=10; ORB_inliers=7; ORB_inlier_ratio=0.7000,POSSIBLE_NEAR_DUPLICATE
Venomous/King Cobra/PAY-Russian-man-killed-by-King-Cobra.jpg,King Cobra,Venomous,train/Venomous_Snake/PAY-Russian-man-killed-by-King-Cobra.jpg,Venomous_Snake,TRAIN,0,0,HIGH_CONFIDENCE_NEAR_DUPLICATE,0,0.331707,0.999867,0.998238,0.998933,93,86,0.924731,CONFIRMED_NEAR_DUPLICATE,pHash=0; dHash=0; aHash=0; aspect_delta=0.3317; pixel_corr=0.9999; SSIM=0.9982; hist_corr=0.9989; ORB_good=93; ORB_inliers=86; ORB_inlier_ratio=0.9247,HIGH_CONFIDENCE_NEAR_DUPLICATE
Venomous/King Cobra/photos.medleyphoto.13543526.jpg,King Cobra,Venomous,validation/Venomous_Snake/photos.medleyphoto.13543526.jpg,Venomous_Snake,VALIDATION,0,0,HIGH_CONFIDENCE_NEAR_DUPLICATE,0,0.4025,0.999825,0.996547,0.999301,17,17,1.0,LIKELY_NEAR_DUPLICATE,pHash=0; dHash=0; aHash=0; aspect_delta=0.4025; pixel_corr=0.9998; SSIM=0.9965; hist_corr=0.9993; ORB_good=17; ORB_inliers=17; ORB_inlier_ratio=1.0000,POSSIBLE_NEAR_DUPLICATE
Venomous/King Cobra/pictures-of-king-cobras-e1359370644271.jpg,King Cobra,Venomous,train/Venomous_Snake/pictures-of-king-cobras-e1359370644271.jpg,Venomous_Snake,TRAIN,0,0,HIGH_CONFIDENCE_NEAR_DUPLICATE,0,0.25,0.999904,0.998382,0.999782,203,197,0.970443,CONFIRMED_NEAR_DUPLICATE,pHash=0; dHash=0; aHash=0; aspect_delta=0.2500; pixel_corr=0.9999; SSIM=0.9984; hist_corr=0.9998; ORB_good=203; ORB_inliers=197; ORB_inlier_ratio=0.9704,HIGH_CONFIDENCE_NEAR_DUPLICATE
Venomous/King Cobra/r0_135_2757_1691_w1200_h678_fmax.jpg,King Cobra,Venomous,train/Venomous_Snake/r0_135_2757_1691_w1200_h678_fmax.jpg,Venomous_Snake,TRAIN,0,3,POSSIBLE_NEAR_DUPLICATE,0,0.435833,0.999018,0.99667,0.994276,11,8,0.727273,POSSIBLE_NEAR_DUPLICATE,pHash=0; dHash=3; aHash=0; aspect_delta=0.4358; pixel_corr=0.9990; SSIM=0.9967; hist_corr=0.9943; ORB_good=11; ORB_inliers=8; ORB_inlier_ratio=0.7273,POSSIBLE_NEAR_DUPLICATE
Venomous/King Cobra/shutterstock_57385138-700x525.jpg,King Cobra,Venomous,train/Venomous_Snake/shutterstock_57385138-700x525.jpg,Venomous_Snake,TRAIN,0,0,HIGH_CONFIDENCE_NEAR_DUPLICATE,0,0.25,0.999466,0.998484,0.998477,137,135,0.985401,CONFIRMED_NEAR_DUPLICATE,pHash=0; dHash=0; aHash=0; aspect_delta=0.2500; pixel_corr=0.9995; SSIM=0.9985; hist_corr=0.9985; ORB_good=137; ORB_inliers=135; ORB_inlier_ratio=0.9854,HIGH_CONFIDENCE_NEAR_DUPLICATE
Venomous/King Cobra/snake-kingcobra-reptile-597045-o.jpg,King Cobra,Venomous,validation/Venomous_Snake/snake-kingcobra-reptile-597045-o.jpg,Venomous_Snake,VALIDATION,0,0,HIGH_CONFIDENCE_NEAR_DUPLICATE,0,0.25,0.999919,0.997066,0.999893,6,4,0.666667,POSSIBLE_NEAR_DUPLICATE,pHash=0; dHash=0; aHash=0; aspect_delta=0.2500; pixel_corr=0.9999; SSIM=0.9971; hist_corr=0.9999; ORB_good=6; ORB_inliers=4; ORB_inlier_ratio=0.6667,POSSIBLE_NEAR_DUPLICATE
Venomous/King Cobra/T05-0001-0111.jpg,King Cobra,Venomous,validation/Venomous_Snake/T05-0001-0111.jpg,Venomous_Snake,VALIDATION,0,1,HIGH_CONFIDENCE_NEAR_DUPLICATE,0,0.441558,0.999911,0.997461,0.999833,14,12,0.857143,POSSIBLE_NEAR_DUPLICATE,pHash=0; dHash=1; aHash=0; aspect_delta=0.4416; pixel_corr=0.9999; SSIM=0.9975; hist_corr=0.9998; ORB_good=14; ORB_inliers=12; ORB_inlier_ratio=0.8571,POSSIBLE_NEAR_DUPLICATE
Venomous/Monocled Cobra/0564.jpeg,Monocled Cobra,Venomous,test/Venomous_Snake/0564.jpg,Venomous_Snake,TEST,4,5,POSSIBLE_NEAR_DUPLICATE,0,0.333333,0.918695,0.850656,0.999171,55,48,0.872727,CONFIRMED_NEAR_DUPLICATE,pHash=4; dHash=5; aHash=0; aspect_delta=0.3333; pixel_corr=0.9187; SSIM=0.8507; hist_corr=0.9992; ORB_good=55; ORB_inliers=48; ORB_inlier_ratio=0.8727,HIGH_CONFIDENCE_NEAR_DUPLICATE
Venomous/Monocled Cobra/0829.jpeg,Monocled Cobra,Venomous,train/Venomous_Snake/0829.jpg,Venomous_Snake,TRAIN,2,3,POSSIBLE_NEAR_DUPLICATE,0,0.333333,0.924452,0.711692,0.998325,50,48,0.96,CONFIRMED_NEAR_DUPLICATE,pHash=2; dHash=3; aHash=0; aspect_delta=0.3333; pixel_corr=0.9245; SSIM=0.7117; hist_corr=0.9983; ORB_good=50; ORB_inliers=48; ORB_inlier_ratio=0.9600,HIGH_CONFIDENCE_NEAR_DUPLICATE
Venomous/Monocled Cobra/0efec3f98662a0bd0b21d3757cb72d3b--snake-facts-cobra-snake.jpg,Monocled Cobra,Venomous,train/Venomous_Snake/0efec3f98662a0bd0b21d3757cb72d3b--snake-facts-cobra-snake.jpg,Venomous_Snake,TRAIN,0,0,HIGH_CONFIDENCE_NEAR_DUPLICATE,0,0.16,0.999852,0.998731,0.999833,299,279,0.93311,CONFIRMED_NEAR_DUPLICATE,pHash=0; dHash=0; aHash=0; aspect_delta=0.1600; pixel_corr=0.9999; SSIM=0.9987; hist_corr=0.9998; ORB_good=299; ORB_inliers=279; ORB_inlier_ratio=0.9331,HIGH_CONFIDENCE_NEAR_DUPLICATE
Venomous/Monocled Cobra/1.jpg,Monocled Cobra,Venomous,train/Venomous_Snake/1 (2).jpg,Venomous_Snake,TRAIN,0,0,HIGH_CONFIDENCE_NEAR_DUPLICATE,0,0.43662,0.999808,0.998279,0.999825,31,29,0.935484,CONFIRMED_NEAR_DUPLICATE,pHash=0; dHash=0; aHash=0; aspect_delta=0.4366; pixel_corr=0.9998; SSIM=0.9983; hist_corr=0.9998; ORB_good=31; ORB_inliers=29; ORB_inlier_ratio=0.9355,HIGH_CONFIDENCE_NEAR_DUPLICATE
Venomous/Monocled Cobra/1015822449_d6aa87bc25.jpg,Monocled Cobra,Venomous,test/Venomous_Snake/1015822449_d6aa87bc25.jpg,Venomous_Snake,TEST,0,0,HIGH_CONFIDENCE_NEAR_DUPLICATE,0,0.25,0.999702,0.997716,0.99886,216,204,0.944444,CONFIRMED_NEAR_DUPLICATE,pHash=0; dHash=0; aHash=0; aspect_delta=0.2500; pixel_corr=0.9997; SSIM=0.9977; hist_corr=0.9989; ORB_good=216; ORB_inliers=204; ORB_inlier_ratio=0.9444,HIGH_CONFIDENCE_NEAR_DUPLICATE
Venomous/Monocled Cobra/11.Monocled Cobra.jpg,Monocled Cobra,Venomous,test/Venomous_Snake/11.Monocled Cobra.jpg,Venomous_Snake,TEST,0,1,HIGH_CONFIDENCE_NEAR_DUPLICATE,0,0.253521,0.999286,0.993957,0.999518,167,153,0.916168,CONFIRMED_NEAR_DUPLICATE,pHash=0; dHash=1; aHash=0; aspect_delta=0.2535; pixel_corr=0.9993; SSIM=0.9940; hist_corr=0.9995; ORB_good=167; ORB_inliers=153; ORB_inlier_ratio=0.9162,HIGH_CONFIDENCE_NEAR_DUPLICATE
Venomous/Monocled Cobra/1317472028Naja kauthia.jpg,Monocled Cobra,Venomous,test/Venomous_Snake/1317472028Naja kauthia.jpg,Venomous_Snake,TEST,0,0,HIGH_CONFIDENCE_NEAR_DUPLICATE,0,0.3,0.999355,0.995951,0.999561,91,81,0.89011,CONFIRMED_NEAR_DUPLICATE,pHash=0; dHash=0; aHash=0; aspect_delta=0.3000; pixel_corr=0.9994; SSIM=0.9960; hist_corr=0.9996; ORB_good=91; ORB_inliers=81; ORB_inlier_ratio=0.8901,HIGH_CONFIDENCE_NEAR_DUPLICATE
Venomous/Monocled Cobra/13350233_1079893875431314_5715026036656697829_o.jpg,Monocled Cobra,Venomous,test/Venomous_Snake/13350233_1079893875431314_5715026036656697829_o.jpg,Venomous_Snake,TEST,0,0,HIGH_CONFIDENCE_NEAR_DUPLICATE,0,0.375,0.999351,0.997921,0.996976,9,5,0.555556,POSSIBLE_NEAR_DUPLICATE,pHash=0; dHash=0; aHash=0; aspect_delta=0.3750; pixel_corr=0.9994; SSIM=0.9979; hist_corr=0.9970; ORB_good=9; ORB_inliers=5; ORB_inlier_ratio=0.5556,POSSIBLE_NEAR_DUPLICATE
Venomous/Monocled Cobra/16243436212_f1aa097020_b.jpg,Monocled Cobra,Venomous,validation/Venomous_Snake/16243436212_f1aa097020_b.jpg,Venomous_Snake,VALIDATION,0,0,HIGH_CONFIDENCE_NEAR_DUPLICATE,2,0.333008,0.997368,0.991015,0.999536,28,27,0.964286,CONFIRMED_NEAR_DUPLICATE,pHash=0; dHash=0; aHash=2; aspect_delta=0.3330; pixel_corr=0.9974; SSIM=0.9910; hist_corr=0.9995; ORB_good=28; ORB_inliers=27; ORB_inlier_ratio=0.9643,HIGH_CONFIDENCE_NEAR_DUPLICATE
Venomous/Monocled Cobra/17890231804cbb58e063ebe.JPG,Monocled Cobra,Venomous,train/Venomous_Snake/17890231804cbb58e063ebe.JPG,Venomous_Snake,TRAIN,0,1,HIGH_CONFIDENCE_NEAR_DUPLICATE,0,0.062271,0.999421,0.995854,0.999709,213,212,0.995305,CONFIRMED_NEAR_DUPLICATE,pHash=0; dHash=1; aHash=0; aspect_delta=0.0623; pixel_corr=0.9994; SSIM=0.9959; hist_corr=0.9997; ORB_good=213; ORB_inliers=212; ORB_inlier_ratio=0.9953,HIGH_CONFIDENCE_NEAR_DUPLICATE
Venomous/Monocled Cobra/18105089279_8214469ffa.jpg,Monocled Cobra,Venomous,train/Venomous_Snake/18105089279_8214469ffa.jpg,Venomous_Snake,TRAIN,0,0,HIGH_CONFIDENCE_NEAR_DUPLICATE,0,0.0,0.999652,0.997224,0.999347,404,400,0.990099,CONFIRMED_NEAR_DUPLICATE,pHash=0; dHash=0; aHash=0; aspect_delta=0.0000; pixel_corr=0.9997; SSIM=0.9972; hist_corr=0.9993; ORB_good=404; ORB_inliers=400; ORB_inlier_ratio=0.9901,HIGH_CONFIDENCE_NEAR_DUPLICATE
Venomous/Monocled Cobra/1_001.jpg,Monocled Cobra,Venomous,train/Venomous_Snake/1_001.jpg,Venomous_Snake,TRAIN,0,0,HIGH_CONFIDENCE_NEAR_DUPLICATE,0,0.43662,0.999476,0.99734,0.999764,12,9,0.75,POSSIBLE_NEAR_DUPLICATE,pHash=0; dHash=0; aHash=0; aspect_delta=0.4366; pixel_corr=0.9995; SSIM=0.9973; hist_corr=0.9998; ORB_good=12; ORB_inliers=9; ORB_inlier_ratio=0.7500,POSSIBLE_NEAR_DUPLICATE
Venomous/Monocled Cobra/1_002.jpg,Monocled Cobra,Venomous,train/Venomous_Snake/1_002.jpg,Venomous_Snake,TRAIN,0,0,HIGH_CONFIDENCE_NEAR_DUPLICATE,0,0.43662,0.999055,0.997148,0.998891,4,4,1.0,POSSIBLE_NEAR_DUPLICATE,pHash=0; dHash=0; aHash=0; aspect_delta=0.4366; pixel_corr=0.9991; SSIM=0.9971; hist_corr=0.9989; ORB_good=4; ORB_inliers=4; ORB_inlier_ratio=1.0000,POSSIBLE_NEAR_DUPLICATE
Venomous/Monocled Cobra/1_010.jpg,Monocled Cobra,Venomous,validation/Venomous_Snake/1_010.jpg,Venomous_Snake,VALIDATION,0,0,HIGH_CONFIDENCE_NEAR_DUPLICATE,0,0.43662,0.998983,0.996486,0.999615,8,7,0.875,POSSIBLE_NEAR_DUPLICATE,pHash=0; dHash=0; aHash=0; aspect_delta=0.4366; pixel_corr=0.9990; SSIM=0.9965; hist_corr=0.9996; ORB_good=8; ORB_inliers=7; ORB_inlier_ratio=0.8750,POSSIBLE_NEAR_DUPLICATE
Venomous/Monocled Cobra/200px-Naja_kaouthia.jpg,Monocled Cobra,Venomous,test/Venomous_Snake/200px-Naja_kaouthia.jpg,Venomous_Snake,TEST,0,1,HIGH_CONFIDENCE_NEAR_DUPLICATE,0,0.324324,0.999843,0.996922,0.999931,72,61,0.847222,CONFIRMED_NEAR_DUPLICATE,pHash=0; dHash=1; aHash=0; aspect_delta=0.3243; pixel_corr=0.9998; SSIM=0.9969; hist_corr=0.9999; ORB_good=72; ORB_inliers=61; ORB_inlier_ratio=0.8472,HIGH_CONFIDENCE_NEAR_DUPLICATE
Venomous/Monocled Cobra/2186482800_bfcf31f866_b.jpg,Monocled Cobra,Venomous,test/Venomous_Snake/2186482800_bfcf31f866_b.jpg,Venomous_Snake,TEST,0,0,HIGH_CONFIDENCE_NEAR_DUPLICATE,0,0.239258,0.999303,0.993988,0.999913,86,80,0.930233,CONFIRMED_NEAR_DUPLICATE,pHash=0; dHash=0; aHash=0; aspect_delta=0.2393; pixel_corr=0.9993; SSIM=0.9940; hist_corr=0.9999; ORB_good=86; ORB_inliers=80; ORB_inlier_ratio=0.9302,HIGH_CONFIDENCE_NEAR_DUPLICATE
Venomous/Monocled Cobra/225296_10150320235058504_683593503_10024128_7013317_n.jpg,Monocled Cobra,Venomous,test/Venomous_Snake/225296_10150320235058504_683593503_10024128_7013317_n.jpg,Venomous_Snake,TEST,0,1,HIGH_CONFIDENCE_NEAR_DUPLICATE,0,0.054167,0.999586,0.9969,0.999468,231,228,0.987013,CONFIRMED_NEAR_DUPLICATE,pHash=0; dHash=1; aHash=0; aspect_delta=0.0542; pixel_corr=0.9996; SSIM=0.9969; hist_corr=0.9995; ORB_good=231; ORB_inliers=228; ORB_inlier_ratio=0.9870,HIGH_CONFIDENCE_NEAR_DUPLICATE
Venomous/Monocled Cobra/235edf110f56286064e2f303e6006fb8--pet-peeves-cobra-snake.jpg,Monocled Cobra,Venomous,test/Venomous_Snake/235edf110f56286064e2f303e6006fb8--pet-peeves-cobra-snake.jpg,Venomous_Snake,TEST,0,0,HIGH_CONFIDENCE_NEAR_DUPLICATE,0,0.326562,0.999773,0.998307,0.999423,57,51,0.894737,CONFIRMED_NEAR_DUPLICATE,pHash=0; dHash=0; aHash=0; aspect_delta=0.3266; pixel_corr=0.9998; SSIM=0.9983; hist_corr=0.9994; ORB_good=57; ORB_inliers=51; ORB_inlier_ratio=0.8947,HIGH_CONFIDENCE_NEAR_DUPLICATE
Venomous/Monocled Cobra/240px-N.kaouthia.jpg,Monocled Cobra,Venomous,train/Venomous_Snake/240px-N.kaouthia.jpg,Venomous_Snake,TRAIN,2,0,HIGH_CONFIDENCE_NEAR_DUPLICATE,0,0.333333,0.999615,0.996837,0.999985,45,37,0.822222,CONFIRMED_NEAR_DUPLICATE,pHash=2; dHash=0; aHash=0; aspect_delta=0.3333; pixel_corr=0.9996; SSIM=0.9968; hist_corr=1.0000; ORB_good=45; ORB_inliers=37; ORB_inlier_ratio=0.8222,HIGH_CONFIDENCE_NEAR_DUPLICATE
Venomous/Monocled Cobra/252576_10150346420778504_683593503_10295742_5461375_n.jpg,Monocled Cobra,Venomous,test/Venomous_Snake/252576_10150346420778504_683593503_10295742_5461375_n.jpg,Venomous_Snake,TEST,0,0,HIGH_CONFIDENCE_NEAR_DUPLICATE,0,0.288889,0.998396,0.99281,0.988377,66,63,0.954545,CONFIRMED_NEAR_DUPLICATE,pHash=0; dHash=0; aHash=0; aspect_delta=0.2889; pixel_corr=0.9984; SSIM=0.9928; hist_corr=0.9884; ORB_good=66; ORB_inliers=63; ORB_inlier_ratio=0.9545,HIGH_CONFIDENCE_NEAR_DUPLICATE
Venomous/Monocled Cobra/262666_10150346421063504_683593503_10295744_1154672_n.jpg,Monocled Cobra,Venomous,train/Venomous_Snake/262666_10150346421063504_683593503_10295744_1154672_n.jpg,Venomous_Snake,TRAIN,0,0,HIGH_CONFIDENCE_NEAR_DUPLICATE,0,0.101389,0.999873,0.997308,0.999786,295,293,0.99322,CONFIRMED_NEAR_DUPLICATE,pHash=0; dHash=0; aHash=0; aspect_delta=0.1014; pixel_corr=0.9999; SSIM=0.9973; hist_corr=0.9998; ORB_good=295; ORB_inliers=293; ORB_inlier_ratio=0.9932,HIGH_CONFIDENCE_NEAR_DUPLICATE
Venomous/Monocled Cobra/263591_10150346421368504_683593503_10295748_8378405_n (6).jpg,Monocled Cobra,Venomous,test/Venomous_Snake/263591_10150346421368504_683593503_10295748_8378405_n (6).jpg,Venomous_Snake,TEST,0,1,HIGH_CONFIDENCE_NEAR_DUPLICATE,2,0.519444,0.999029,0.995358,0.999407,9,5,0.555556,POSSIBLE_NEAR_DUPLICATE,pHash=0; dHash=1; aHash=2; aspect_delta=0.5194; pixel_corr=0.9990; SSIM=0.9954; hist_corr=0.9994; ORB_good=9; ORB_inliers=5; ORB_inlier_ratio=0.5556,POSSIBLE_NEAR_DUPLICATE
Venomous/Monocled Cobra/2962717801_da28a393d6.jpg,Monocled Cobra,Venomous,test/Venomous_Snake/2962717801_da28a393d6.jpg,Venomous_Snake,TEST,0,0,HIGH_CONFIDENCE_NEAR_DUPLICATE,0,0.328,0.999824,0.996186,0.999926,94,79,0.840426,CONFIRMED_NEAR_DUPLICATE,pHash=0; dHash=0; aHash=0; aspect_delta=0.3280; pixel_corr=0.9998; SSIM=0.9962; hist_corr=0.9999; ORB_good=94; ORB_inliers=79; ORB_inlier_ratio=0.8404,HIGH_CONFIDENCE_NEAR_DUPLICATE
Venomous/Monocled Cobra/2b2983794172fea6bb6675b4d07de841--snake-wallpaper-wallpaper-in-hd.jpg,Monocled Cobra,Venomous,validation/Venomous_Snake/2b2983794172fea6bb6675b4d07de841--snake-wallpaper-wallpaper-in-hd.jpg,Venomous_Snake,VALIDATION,0,0,HIGH_CONFIDENCE_NEAR_DUPLICATE,0,0.119403,0.999786,0.998592,0.999693,225,216,0.96,CONFIRMED_NEAR_DUPLICATE,pHash=0; dHash=0; aHash=0; aspect_delta=0.1194; pixel_corr=0.9998; SSIM=0.9986; hist_corr=0.9997; ORB_good=225; ORB_inliers=216; ORB_inlier_ratio=0.9600,HIGH_CONFIDENCE_NEAR_DUPLICATE
Venomous/Monocled Cobra/2E69467C00000578-3317003-image-m-26_1447421012740.jpg,Monocled Cobra,Venomous,test/Venomous_Snake/2E69467C00000578-3317003-image-m-26_1447421012740.jpg,Venomous_Snake,TEST,2,0,HIGH_CONFIDENCE_NEAR_DUPLICATE,0,0.231861,0.999861,0.996681,0.999403,168,160,0.952381,CONFIRMED_NEAR_DUPLICATE,pHash=2; dHash=0; aHash=0; aspect_delta=0.2319; pixel_corr=0.9999; SSIM=0.9967; hist_corr=0.9994; ORB_good=168; ORB_inliers=160; ORB_inlier_ratio=0.9524,HIGH_CONFIDENCE_NEAR_DUPLICATE
Venomous/Monocled Cobra/2e80cfaab83df157b68d5204145da8f5.jpg,Monocled Cobra,Venomous,train/Venomous_Snake/2e80cfaab83df157b68d5204145da8f5.jpg,Venomous_Snake,TRAIN,0,0,HIGH_CONFIDENCE_NEAR_DUPLICATE,0,0.27,0.999297,0.997619,0.999375,83,81,0.975904,CONFIRMED_NEAR_DUPLICATE,pHash=0; dHash=0; aHash=0; aspect_delta=0.2700; pixel_corr=0.9993; SSIM=0.9976; hist_corr=0.9994; ORB_good=83; ORB_inliers=81; ORB_inlier_ratio=0.9759,HIGH_CONFIDENCE_NEAR_DUPLICATE
Venomous/Monocled Cobra/3110614239_af173ac2ae.jpg,Monocled Cobra,Venomous,test/Venomous_Snake/3110614239_af173ac2ae.jpg,Venomous_Snake,TEST,0,0,HIGH_CONFIDENCE_NEAR_DUPLICATE,0,0.11,0.999888,0.997069,0.999327,407,404,0.992629,CONFIRMED_NEAR_DUPLICATE,pHash=0; dHash=0; aHash=0; aspect_delta=0.1100; pixel_corr=0.9999; SSIM=0.9971; hist_corr=0.9993; ORB_good=407; ORB_inliers=404; ORB_inlier_ratio=0.9926,HIGH_CONFIDENCE_NEAR_DUPLICATE
Venomous/Monocled Cobra/3113739011_c17d8d5d75.jpg,Monocled Cobra,Venomous,train/Venomous_Snake/3113739011_c17d8d5d75.jpg,Venomous_Snake,TRAIN,0,1,HIGH_CONFIDENCE_NEAR_DUPLICATE,0,0.012,0.999577,0.997316,0.999029,410,406,0.990244,CONFIRMED_NEAR_DUPLICATE,pHash=0; dHash=1; aHash=0; aspect_delta=0.0120; pixel_corr=0.9996; SSIM=0.9973; hist_corr=0.9990; ORB_good=410; ORB_inliers=406; ORB_inlier_ratio=0.9902,HIGH_CONFIDENCE_NEAR_DUPLICATE
Venomous/Monocled Cobra/3148428268_7a210a4715.jpg,Monocled Cobra,Venomous,train/Venomous_Snake/3148428268_7a210a4715.jpg,Venomous_Snake,TRAIN,2,0,HIGH_CONFIDENCE_NEAR_DUPLICATE,0,0.308,0.999666,0.998468,0.999688,124,118,0.951613,CONFIRMED_NEAR_DUPLICATE,pHash=2; dHash=0; aHash=0; aspect_delta=0.3080; pixel_corr=0.9997; SSIM=0.9985; hist_corr=0.9997; ORB_good=124; ORB_inliers=118; ORB_inlier_ratio=0.9516,HIGH_CONFIDENCE_NEAR_DUPLICATE
Venomous/Monocled Cobra/33607.jpg,Monocled Cobra,Venomous,train/Venomous_Snake/33607.jpg,Venomous_Snake,TRAIN,0,0,HIGH_CONFIDENCE_NEAR_DUPLICATE,0,0.046667,0.999719,0.998101,0.999861,388,381,0.981959,CONFIRMED_NEAR_DUPLICATE,pHash=0; dHash=0; aHash=0; aspect_delta=0.0467; pixel_corr=0.9997; SSIM=0.9981; hist_corr=0.9999; ORB_good=388; ORB_inliers=381; ORB_inlier_ratio=0.9820,HIGH_CONFIDENCE_NEAR_DUPLICATE
Venomous/Monocled Cobra/3431973057_e3abbee776.jpg,Monocled Cobra,Venomous,validation/Venomous_Snake/3431973057_e3abbee776.jpg,Venomous_Snake,VALIDATION,2,1,HIGH_CONFIDENCE_NEAR_DUPLICATE,0,0.034,0.999803,0.997867,0.999453,492,492,1.0,CONFIRMED_NEAR_DUPLICATE,pHash=2; dHash=1; aHash=0; aspect_delta=0.0340; pixel_corr=0.9998; SSIM=0.9979; hist_corr=0.9995; ORB_good=492; ORB_inliers=492; ORB_inlier_ratio=1.0000,HIGH_CONFIDENCE_NEAR_DUPLICATE
Venomous/Monocled Cobra/3816964289_a5ea57ccd4.jpg,Monocled Cobra,Venomous,train/Venomous_Snake/3816964289_a5ea57ccd4.jpg,Venomous_Snake,TRAIN,0,0,HIGH_CONFIDENCE_NEAR_DUPLICATE,0,0.312,0.999519,0.998533,0.99725,99,96,0.969697,CONFIRMED_NEAR_DUPLICATE,pHash=0; dHash=0; aHash=0; aspect_delta=0.3120; pixel_corr=0.9995; SSIM=0.9985; hist_corr=0.9972; ORB_good=99; ORB_inliers=96; ORB_inlier_ratio=0.9697,HIGH_CONFIDENCE_NEAR_DUPLICATE
Venomous/Monocled Cobra/3f7b41317b2248121c9fa4fbbff48074--cobra-snake-slytherin.jpg,Monocled Cobra,Venomous,test/Venomous_Snake/3f7b41317b2248121c9fa4fbbff48074--cobra-snake-slytherin.jpg,Venomous_Snake,TEST,0,0,HIGH_CONFIDENCE_NEAR_DUPLICATE,0,0.276074,0.999733,0.998514,0.999837,137,125,0.912409,CONFIRMED_NEAR_DUPLICATE,pHash=0; dHash=0; aHash=0; aspect_delta=0.2761; pixel_corr=0.9997; SSIM=0.9985; hist_corr=0.9998; ORB_good=137; ORB_inliers=125; ORB_inlier_ratio=0.9124,HIGH_CONFIDENCE_NEAR_DUPLICATE
Venomous/Monocled Cobra/429462b69e738da2cc54bd5a8ef5b4b1.jpg,Monocled Cobra,Venomous,test/Venomous_Snake/429462b69e738da2cc54bd5a8ef5b4b1.jpg,Venomous_Snake,TEST,0,0,HIGH_CONFIDENCE_NEAR_DUPLICATE,0,0.308571,0.999924,0.996398,0.999751,93,83,0.892473,CONFIRMED_NEAR_DUPLICATE,pHash=0; dHash=0; aHash=0; aspect_delta=0.3086; pixel_corr=0.9999; SSIM=0.9964; hist_corr=0.9998; ORB_good=93; ORB_inliers=83; ORB_inlier_ratio=0.8925,HIGH_CONFIDENCE_NEAR_DUPLICATE
Venomous/Monocled Cobra/4644015762_38b72c3cdc_b.jpg,Monocled Cobra,Venomous,train/Venomous_Snake/4644015762_38b72c3cdc_b.jpg,Venomous_Snake,TRAIN,0,0,HIGH_CONFIDENCE_NEAR_DUPLICATE,0,0.317,0.999814,0.996959,0.998989,61,54,0.885246,CONFIRMED_NEAR_DUPLICATE,pHash=0; dHash=0; aHash=0; aspect_delta=0.3170; pixel_corr=0.9998; SSIM=0.9970; hist_corr=0.9990; ORB_good=61; ORB_inliers=54; ORB_inlier_ratio=0.8852,HIGH_CONFIDENCE_NEAR_DUPLICATE
Venomous/Monocled Cobra/5999366084_cb2085a5bb_b.jpg,Monocled Cobra,Venomous,train/Venomous_Snake/5999366084_cb2085a5bb_b.jpg,Venomous_Snake,TRAIN,0,1,HIGH_CONFIDENCE_NEAR_DUPLICATE,0,0.333008,0.999895,0.996036,0.999725,45,43,0.955556,CONFIRMED_NEAR_DUPLICATE,pHash=0; dHash=1; aHash=0; aspect_delta=0.3330; pixel_corr=0.9999; SSIM=0.9960; hist_corr=0.9997; ORB_good=45; ORB_inliers=43; ORB_inlier_ratio=0.9556,HIGH_CONFIDENCE_NEAR_DUPLICATE
Venomous/Monocled Cobra/5999366796_1448262093_b.jpg,Monocled Cobra,Venomous,train/Venomous_Snake/5999366796_1448262093_b.jpg,Venomous_Snake,TRAIN,0,0,HIGH_CONFIDENCE_NEAR_DUPLICATE,0,0.333008,0.999858,0.997513,0.999849,35,34,0.971429,CONFIRMED_NEAR_DUPLICATE,pHash=0; dHash=0; aHash=0; aspect_delta=0.3330; pixel_corr=0.9999; SSIM=0.9975; hist_corr=0.9998; ORB_good=35; ORB_inliers=34; ORB_inlier_ratio=0.9714,HIGH_CONFIDENCE_NEAR_DUPLICATE
Venomous/Monocled Cobra/5999367190_61605877d4_b.jpg,Monocled Cobra,Venomous,validation/Venomous_Snake/5999367190_61605877d4_b.jpg,Venomous_Snake,VALIDATION,0,0,HIGH_CONFIDENCE_NEAR_DUPLICATE,0,0.333008,0.999889,0.996502,0.999546,50,46,0.92,CONFIRMED_NEAR_DUPLICATE,pHash=0; dHash=0; aHash=0; aspect_delta=0.3330; pixel_corr=0.9999; SSIM=0.9965; hist_corr=0.9995; ORB_good=50; ORB_inliers=46; ORB_inlier_ratio=0.9200,HIGH_CONFIDENCE_NEAR_DUPLICATE
Venomous/Monocled Cobra/6932368146_4234cd3d9f.jpg,Monocled Cobra,Venomous,train/Venomous_Snake/6932368146_4234cd3d9f.jpg,Venomous_Snake,TRAIN,0,1,HIGH_CONFIDENCE_NEAR_DUPLICATE,1,0.168399,0.999848,0.997843,0.99986,332,326,0.981928,CONFIRMED_NEAR_DUPLICATE,pHash=0; dHash=1; aHash=1; aspect_delta=0.1684; pixel_corr=0.9998; SSIM=0.9978; hist_corr=0.9999; ORB_good=332; ORB_inliers=326; ORB_inlier_ratio=0.9819,HIGH_CONFIDENCE_NEAR_DUPLICATE
Venomous/Monocled Cobra/76b2c81cf6b8792d0c2b4436a7fc5a84--naja-cobra.jpg,Monocled Cobra,Venomous,train/Venomous_Snake/76b2c81cf6b8792d0c2b4436a7fc5a84--naja-cobra.jpg,Venomous_Snake,TRAIN,0,0,HIGH_CONFIDENCE_NEAR_DUPLICATE,0,0.328125,0.99988,0.995239,0.998886,73,70,0.958904,CONFIRMED_NEAR_DUPLICATE,pHash=0; dHash=0; aHash=0; aspect_delta=0.3281; pixel_corr=0.9999; SSIM=0.9952; hist_corr=0.9989; ORB_good=73; ORB_inliers=70; ORB_inlier_ratio=0.9589,HIGH_CONFIDENCE_NEAR_DUPLICATE
Venomous/Monocled Cobra/8414480140_d613fae255.jpg,Monocled Cobra,Venomous,train/Venomous_Snake/8414480140_d613fae255.jpg,Venomous_Snake,TRAIN,0,1,HIGH_CONFIDENCE_NEAR_DUPLICATE,0,0.328,0.999878,0.998126,0.999609,67,62,0.925373,CONFIRMED_NEAR_DUPLICATE,pHash=0; dHash=1; aHash=0; aspect_delta=0.3280; pixel_corr=0.9999; SSIM=0.9981; hist_corr=0.9996; ORB_good=67; ORB_inliers=62; ORB_inlier_ratio=0.9254,HIGH_CONFIDENCE_NEAR_DUPLICATE
Venomous/Monocled Cobra/858129_1280x720.jpg,Monocled Cobra,Venomous,test/Venomous_Snake/858129_1280x720.jpg,Venomous_Snake,TEST,0,0,HIGH_CONFIDENCE_NEAR_DUPLICATE,0,0.4375,0.999805,0.997499,0.999862,10,7,0.7,POSSIBLE_NEAR_DUPLICATE,pHash=0; dHash=0; aHash=0; aspect_delta=0.4375; pixel_corr=0.9998; SSIM=0.9975; hist_corr=0.9999; ORB_good=10; ORB_inliers=7; ORB_inlier_ratio=0.7000,POSSIBLE_NEAR_DUPLICATE
Venomous/Monocled Cobra/8715459340_933a36e959_b.jpg,Monocled Cobra,Venomous,train/Venomous_Snake/8715459340_933a36e959_b.jpg,Venomous_Snake,TRAIN,0,1,HIGH_CONFIDENCE_NEAR_DUPLICATE,0,0.328889,0.999696,0.998387,0.998889,39,38,0.974359,CONFIRMED_NEAR_DUPLICATE,pHash=0; dHash=1; aHash=0; aspect_delta=0.3289; pixel_corr=0.9997; SSIM=0.9984; hist_corr=0.9989; ORB_good=39; ORB_inliers=38; ORB_inlier_ratio=0.9744,HIGH_CONFIDENCE_NEAR_DUPLICATE
Venomous/Monocled Cobra/8738179607_bea478cd9a_b.jpg,Monocled Cobra,Venomous,train/Venomous_Snake/8738179607_bea478cd9a_b.jpg,Venomous_Snake,TRAIN,0,0,HIGH_CONFIDENCE_NEAR_DUPLICATE,0,0.328485,0.999568,0.998271,0.998259,79,74,0.936709,CONFIRMED_NEAR_DUPLICATE,pHash=0; dHash=0; aHash=0; aspect_delta=0.3285; pixel_corr=0.9996; SSIM=0.9983; hist_corr=0.9983; ORB_good=79; ORB_inliers=74; ORB_inlier_ratio=0.9367,HIGH_CONFIDENCE_NEAR_DUPLICATE
Venomous/Monocled Cobra/8739578045_185f4976d8.jpg,Monocled Cobra,Venomous,train/Venomous_Snake/8739578045_185f4976d8.jpg,Venomous_Snake,TRAIN,0,0,HIGH_CONFIDENCE_NEAR_DUPLICATE,0,0.328,0.999413,0.996938,0.999103,98,88,0.897959,CONFIRMED_NEAR_DUPLICATE,pHash=0; dHash=0; aHash=0; aspect_delta=0.3280; pixel_corr=0.9994; SSIM=0.9969; hist_corr=0.9991; ORB_good=98; ORB_inliers=88; ORB_inlier_ratio=0.8980,HIGH_CONFIDENCE_NEAR_DUPLICATE
Venomous/Monocled Cobra/9.jpg,Monocled Cobra,Venomous,train/Venomous_Snake/9 (3).jpg,Venomous_Snake,TRAIN,0,0,HIGH_CONFIDENCE_NEAR_DUPLICATE,0,0.43662,0.99994,0.998018,0.988598,11,7,0.636364,POSSIBLE_NEAR_DUPLICATE,pHash=0; dHash=0; aHash=0; aspect_delta=0.4366; pixel_corr=0.9999; SSIM=0.9980; hist_corr=0.9886; ORB_good=11; ORB_inliers=7; ORB_inlier_ratio=0.6364,POSSIBLE_NEAR_DUPLICATE
Venomous/Monocled Cobra/9222.jpg,Monocled Cobra,Venomous,test/Venomous_Snake/9222.jpg,Venomous_Snake,TEST,0,0,HIGH_CONFIDENCE_NEAR_DUPLICATE,0,0.27375,0.999189,0.997085,0.999968,54,43,0.796296,CONFIRMED_NEAR_DUPLICATE,pHash=0; dHash=0; aHash=0; aspect_delta=0.2737; pixel_corr=0.9992; SSIM=0.9971; hist_corr=1.0000; ORB_good=54; ORB_inliers=43; ORB_inlier_ratio=0.7963,HIGH_CONFIDENCE_NEAR_DUPLICATE
Venomous/Monocled Cobra/9eb07e02004a8a7daa4e75dd0dade2a7.jpg,Monocled Cobra,Venomous,test/Venomous_Snake/9eb07e02004a8a7daa4e75dd0dade2a7.jpg,Venomous_Snake,TEST,0,0,HIGH_CONFIDENCE_NEAR_DUPLICATE,0,0.25,0.999714,0.996141,0.999418,139,137,0.985612,CONFIRMED_NEAR_DUPLICATE,pHash=0; dHash=0; aHash=0; aspect_delta=0.2500; pixel_corr=0.9997; SSIM=0.9961; hist_corr=0.9994; ORB_good=139; ORB_inliers=137; ORB_inlier_ratio=0.9856,HIGH_CONFIDENCE_NEAR_DUPLICATE
Venomous/Monocled Cobra/a08d0f6688c8ba80cd343141241fe9b0--ular-creepy-things.jpg,Monocled Cobra,Venomous,train/Venomous_Snake/a08d0f6688c8ba80cd343141241fe9b0--ular-creepy-things.jpg,Venomous_Snake,TRAIN,0,0,HIGH_CONFIDENCE_NEAR_DUPLICATE,0,0.25,0.999887,0.997246,0.999864,132,128,0.969697,CONFIRMED_NEAR_DUPLICATE,pHash=0; dHash=0; aHash=0; aspect_delta=0.2500; pixel_corr=0.9999; SSIM=0.9972; hist_corr=0.9999; ORB_good=132; ORB_inliers=128; ORB_inlier_ratio=0.9697,HIGH_CONFIDENCE_NEAR_DUPLICATE
Venomous/Monocled Cobra/albino-monocled-cobra-big.jpg,Monocled Cobra,Venomous,train/Venomous_Snake/albino-monocled-cobra-big.jpg,Venomous_Snake,TRAIN,0,1,HIGH_CONFIDENCE_NEAR_DUPLICATE,0,0.341667,0.999854,0.996661,0.999791,66,56,0.848485,CONFIRMED_NEAR_DUPLICATE,pHash=0; dHash=1; aHash=0; aspect_delta=0.3417; pixel_corr=0.9999; SSIM=0.9967; hist_corr=0.9998; ORB_good=66; ORB_inliers=56; ORB_inlier_ratio=0.8485,HIGH_CONFIDENCE_NEAR_DUPLICATE
Venomous/Monocled Cobra/albino-monocled-cobra-e1438557429780.jpg,Monocled Cobra,Venomous,train/Venomous_Snake/albino-monocled-cobra-e1438557429780.jpg,Venomous_Snake,TRAIN,0,1,HIGH_CONFIDENCE_NEAR_DUPLICATE,0,0.391045,0.999846,0.997109,0.998902,31,28,0.903226,CONFIRMED_NEAR_DUPLICATE,pHash=0; dHash=1; aHash=0; aspect_delta=0.3910; pixel_corr=0.9998; SSIM=0.9971; hist_corr=0.9989; ORB_good=31; ORB_inliers=28; ORB_inlier_ratio=0.9032,HIGH_CONFIDENCE_NEAR_DUPLICATE
Venomous/Monocled Cobra/albino-monocled-cobra-wallpaper-iphone-728x482.jpg,Monocled Cobra,Venomous,train/Venomous_Snake/albino-monocled-cobra-wallpaper-iphone-728x482.jpg,Venomous_Snake,TRAIN,0,0,HIGH_CONFIDENCE_NEAR_DUPLICATE,0,0.337912,0.999774,0.996962,0.999638,32,32,1.0,CONFIRMED_NEAR_DUPLICATE,pHash=0; dHash=0; aHash=0; aspect_delta=0.3379; pixel_corr=0.9998; SSIM=0.9970; hist_corr=0.9996; ORB_good=32; ORB_inliers=32; ORB_inlier_ratio=1.0000,HIGH_CONFIDENCE_NEAR_DUPLICATE
Venomous/Monocled Cobra/Albino_Monocled_Cobra_Naja_kaouthia.jpg,Monocled Cobra,Venomous,train/Venomous_Snake/Albino_Monocled_Cobra_Naja_kaouthia.jpg,Venomous_Snake,TRAIN,0,0,HIGH_CONFIDENCE_NEAR_DUPLICATE,0,0.12375,0.999798,0.995333,0.999864,145,142,0.97931,CONFIRMED_NEAR_DUPLICATE,pHash=0; dHash=0; aHash=0; aspect_delta=0.1238; pixel_corr=0.9998; SSIM=0.9953; hist_corr=0.9999; ORB_good=145; ORB_inliers=142; ORB_inlier_ratio=0.9793,HIGH_CONFIDENCE_NEAR_DUPLICATE
Venomous/Monocled Cobra/albino_monocled_hood_by_8twilightangel8-d5r8lw4.jpg,Monocled Cobra,Venomous,validation/Venomous_Snake/albino_monocled_hood_by_8twilightangel8-d5r8lw4.jpg,Venomous_Snake,VALIDATION,2,0,HIGH_CONFIDENCE_NEAR_DUPLICATE,0,0.2891,0.999851,0.998222,0.997432,88,87,0.988636,CONFIRMED_NEAR_DUPLICATE,pHash=2; dHash=0; aHash=0; aspect_delta=0.2891; pixel_corr=0.9999; SSIM=0.9982; hist_corr=0.9974; ORB_good=88; ORB_inliers=87; ORB_inlier_ratio=0.9886,HIGH_CONFIDENCE_NEAR_DUPLICATE
Venomous/Monocled Cobra/babyhetalbinocobra.jpg,Monocled Cobra,Venomous,train/Venomous_Snake/babyhetalbinocobra.jpg,Venomous_Snake,TRAIN,0,0,HIGH_CONFIDENCE_NEAR_DUPLICATE,0,0.0,0.99986,0.999012,0.999994,106,106,1.0,CONFIRMED_NEAR_DUPLICATE,pHash=0; dHash=0; aHash=0; aspect_delta=0.0000; pixel_corr=0.9999; SSIM=0.9990; hist_corr=1.0000; ORB_good=106; ORB_inliers=106; ORB_inlier_ratio=1.0000,HIGH_CONFIDENCE_NEAR_DUPLICATE
Venomous/Monocled Cobra/babymonoclecobra.jpg,Monocled Cobra,Venomous,train/Venomous_Snake/babymonoclecobra.jpg,Venomous_Snake,TRAIN,0,0,HIGH_CONFIDENCE_NEAR_DUPLICATE,0,0.0,0.999394,0.999589,0.999998,96,96,1.0,CONFIRMED_NEAR_DUPLICATE,pHash=0; dHash=0; aHash=0; aspect_delta=0.0000; pixel_corr=0.9994; SSIM=0.9996; hist_corr=1.0000; ORB_good=96; ORB_inliers=96; ORB_inlier_ratio=1.0000,HIGH_CONFIDENCE_NEAR_DUPLICATE
Venomous/Monocled Cobra/babymonoclecobra2.jpg,Monocled Cobra,Venomous,train/Venomous_Snake/babymonoclecobra2.jpg,Venomous_Snake,TRAIN,0,0,HIGH_CONFIDENCE_NEAR_DUPLICATE,0,0.0,0.999354,0.999554,0.999997,31,29,0.935484,CONFIRMED_NEAR_DUPLICATE,pHash=0; dHash=0; aHash=0; aspect_delta=0.0000; pixel_corr=0.9994; SSIM=0.9996; hist_corr=1.0000; ORB_good=31; ORB_inliers=29; ORB_inlier_ratio=0.9355,HIGH_CONFIDENCE_NEAR_DUPLICATE
Venomous/Monocled Cobra/babymonoclecobra3.jpg,Monocled Cobra,Venomous,train/Venomous_Snake/babymonoclecobra3.jpg,Venomous_Snake,TRAIN,0,0,HIGH_CONFIDENCE_NEAR_DUPLICATE,0,0.0,0.999847,0.99925,0.999989,120,120,1.0,CONFIRMED_NEAR_DUPLICATE,pHash=0; dHash=0; aHash=0; aspect_delta=0.0000; pixel_corr=0.9998; SSIM=0.9993; hist_corr=1.0000; ORB_good=120; ORB_inliers=120; ORB_inlier_ratio=1.0000,HIGH_CONFIDENCE_NEAR_DUPLICATE
Venomous/Monocled Cobra/babymonoclecobra4.jpg,Monocled Cobra,Venomous,train/Venomous_Snake/babymonoclecobra4.jpg,Venomous_Snake,TRAIN,0,0,HIGH_CONFIDENCE_NEAR_DUPLICATE,0,0.0,0.999777,0.999198,0.999961,117,116,0.991453,CONFIRMED_NEAR_DUPLICATE,pHash=0; dHash=0; aHash=0; aspect_delta=0.0000; pixel_corr=0.9998; SSIM=0.9992; hist_corr=1.0000; ORB_good=117; ORB_inliers=116; ORB_inlier_ratio=0.9915,HIGH_CONFIDENCE_NEAR_DUPLICATE
Venomous/Monocled Cobra/babymonoclecobradoublehet2.jpg,Monocled Cobra,Venomous,train/Venomous_Snake/babymonoclecobradoublehet2.jpg,Venomous_Snake,TRAIN,0,0,HIGH_CONFIDENCE_NEAR_DUPLICATE,0,0.0,0.999878,0.998834,0.999988,129,128,0.992248,CONFIRMED_NEAR_DUPLICATE,pHash=0; dHash=0; aHash=0; aspect_delta=0.0000; pixel_corr=0.9999; SSIM=0.9988; hist_corr=1.0000; ORB_good=129; ORB_inliers=128; ORB_inlier_ratio=0.9922,HIGH_CONFIDENCE_NEAR_DUPLICATE
Venomous/Monocled Cobra/bd75680b39e0ef57e78736ddc5fa34bd--reptiles-and-amphibians-forest-animals.jpg,Monocled Cobra,Venomous,train/Venomous_Snake/bd75680b39e0ef57e78736ddc5fa34bd--reptiles-and-amphibians-forest-animals.jpg,Venomous_Snake,TRAIN,0,0,HIGH_CONFIDENCE_NEAR_DUPLICATE,1,0.333333,0.999693,0.998633,0.99969,69,54,0.782609,CONFIRMED_NEAR_DUPLICATE,pHash=0; dHash=0; aHash=1; aspect_delta=0.3333; pixel_corr=0.9997; SSIM=0.9986; hist_corr=0.9997; ORB_good=69; ORB_inliers=54; ORB_inlier_ratio=0.7826,HIGH_CONFIDENCE_NEAR_DUPLICATE
Venomous/Monocled Cobra/bi5uo5ktrmbc1bcqqdrf.jpg,Monocled Cobra,Venomous,train/Venomous_Snake/bi5uo5ktrmbc1bcqqdrf.jpg,Venomous_Snake,TRAIN,0,0,HIGH_CONFIDENCE_NEAR_DUPLICATE,2,0.438838,0.99969,0.99838,0.999239,16,10,0.625,LIKELY_NEAR_DUPLICATE,pHash=0; dHash=0; aHash=2; aspect_delta=0.4388; pixel_corr=0.9997; SSIM=0.9984; hist_corr=0.9992; ORB_good=16; ORB_inliers=10; ORB_inlier_ratio=0.6250,POSSIBLE_NEAR_DUPLICATE
Venomous/Monocled Cobra/Bred_to_Leucistic_hood_-_Copy.JPG,Monocled Cobra,Venomous,train/Venomous_Snake/Bred_to_Leucistic_hood_-_Copy.JPG,Venomous_Snake,TRAIN,0,0,HIGH_CONFIDENCE_NEAR_DUPLICATE,1,0.298861,0.99978,0.996755,0.9995,50,43,0.86,CONFIRMED_NEAR_DUPLICATE,pHash=0; dHash=0; aHash=1; aspect_delta=0.2989; pixel_corr=0.9998; SSIM=0.9968; hist_corr=0.9995; ORB_good=50; ORB_inliers=43; ORB_inlier_ratio=0.8600,HIGH_CONFIDENCE_NEAR_DUPLICATE
Venomous/Monocled Cobra/BWMale2a.jpg,Monocled Cobra,Venomous,train/Venomous_Snake/BWMale2a.jpg,Venomous_Snake,TRAIN,0,0,HIGH_CONFIDENCE_NEAR_DUPLICATE,0,0.222458,0.9992,0.996063,0.994524,93,93,1.0,CONFIRMED_NEAR_DUPLICATE,pHash=0; dHash=0; aHash=0; aspect_delta=0.2225; pixel_corr=0.9992; SSIM=0.9961; hist_corr=0.9945; ORB_good=93; ORB_inliers=93; ORB_inlier_ratio=1.0000,HIGH_CONFIDENCE_NEAR_DUPLICATE
Venomous/Monocled Cobra/C0066949-Monocled_Cobra_Naja_-SPL.jpg,Monocled Cobra,Venomous,validation/Venomous_Snake/C0066949-Monocled_Cobra_Naja_-SPL.jpg,Venomous_Snake,VALIDATION,2,0,HIGH_CONFIDENCE_NEAR_DUPLICATE,1,0.332075,0.999285,0.996113,0.999659,74,69,0.932432,CONFIRMED_NEAR_DUPLICATE,pHash=2; dHash=0; aHash=1; aspect_delta=0.3321; pixel_corr=0.9993; SSIM=0.9961; hist_corr=0.9997; ORB_good=74; ORB_inliers=69; ORB_inlier_ratio=0.9324,HIGH_CONFIDENCE_NEAR_DUPLICATE
Venomous/Monocled Cobra/c56c13f758d379f2a173dc607eb3fcce.jpg,Monocled Cobra,Venomous,train/Venomous_Snake/c56c13f758d379f2a173dc607eb3fcce.jpg,Venomous_Snake,TRAIN,0,0,HIGH_CONFIDENCE_NEAR_DUPLICATE,0,0.079755,0.999016,0.996284,0.999214,355,354,0.997183,CONFIRMED_NEAR_DUPLICATE,pHash=0; dHash=0; aHash=0; aspect_delta=0.0798; pixel_corr=0.9990; SSIM=0.9963; hist_corr=0.9992; ORB_good=355; ORB_inliers=354; ORB_inlier_ratio=0.9972,HIGH_CONFIDENCE_NEAR_DUPLICATE
Venomous/Monocled Cobra/cf2eaebcc9e44ed3880e835f32aaddce--cobra-snake-king-cobra.jpg,Monocled Cobra,Venomous,train/Venomous_Snake/cf2eaebcc9e44ed3880e835f32aaddce--cobra-snake-king-cobra.jpg,Venomous_Snake,TRAIN,0,0,HIGH_CONFIDENCE_NEAR_DUPLICATE,0,0.355191,0.999847,0.998277,0.999513,43,34,0.790698,CONFIRMED_NEAR_DUPLICATE,pHash=0; dHash=0; aHash=0; aspect_delta=0.3552; pixel_corr=0.9998; SSIM=0.9983; hist_corr=0.9995; ORB_good=43; ORB_inliers=34; ORB_inlier_ratio=0.7907,HIGH_CONFIDENCE_NEAR_DUPLICATE
Venomous/Monocled Cobra/Chinese Cobra.jpg,Monocled Cobra,Venomous,train/Venomous_Snake/Chinese Cobra.jpg,Venomous_Snake,TRAIN,0,0,HIGH_CONFIDENCE_NEAR_DUPLICATE,0,0.25,0.999577,0.995579,0.998178,59,56,0.949153,CONFIRMED_NEAR_DUPLICATE,pHash=0; dHash=0; aHash=0; aspect_delta=0.2500; pixel_corr=0.9996; SSIM=0.9956; hist_corr=0.9982; ORB_good=59; ORB_inliers=56; ORB_inlier_ratio=0.9492,HIGH_CONFIDENCE_NEAR_DUPLICATE
Venomous/Monocled Cobra/close-up-of-monocled-cobra-naja-naja-in-field-a5yxg1.jpg,Monocled Cobra,Venomous,train/Venomous_Snake/close-up-of-monocled-cobra-naja-naja-in-field-a5yxg1.jpg,Venomous_Snake,TRAIN,0,1,HIGH_CONFIDENCE_NEAR_DUPLICATE,0,0.364815,0.999711,0.997179,0.999653,53,48,0.90566,CONFIRMED_NEAR_DUPLICATE,pHash=0; dHash=1; aHash=0; aspect_delta=0.3648; pixel_corr=0.9997; SSIM=0.9972; hist_corr=0.9997; ORB_good=53; ORB_inliers=48; ORB_inlier_ratio=0.9057,HIGH_CONFIDENCE_NEAR_DUPLICATE
Venomous/Monocled Cobra/cobra-looking-rat-monocled-naja-very-dangerous-food-67192387.jpg,Monocled Cobra,Venomous,train/Venomous_Snake/cobra-looking-rat-monocled-naja-very-dangerous-food-67192387.jpg,Venomous_Snake,TRAIN,0,1,HIGH_CONFIDENCE_NEAR_DUPLICATE,0,0.346939,0.999757,0.995386,0.999768,30,30,1.0,CONFIRMED_NEAR_DUPLICATE,pHash=0; dHash=1; aHash=0; aspect_delta=0.3469; pixel_corr=0.9998; SSIM=0.9954; hist_corr=0.9998; ORB_good=30; ORB_inliers=30; ORB_inlier_ratio=1.0000,HIGH_CONFIDENCE_NEAR_DUPLICATE
Venomous/Monocled Cobra/Cobra-Monocled-7356-full.jpg,Monocled Cobra,Venomous,train/Venomous_Snake/Cobra-Monocled-7356-full.jpg,Venomous_Snake,TRAIN,0,0,HIGH_CONFIDENCE_NEAR_DUPLICATE,0,0.4375,0.999743,0.993513,0.999449,10,8,0.8,POSSIBLE_NEAR_DUPLICATE,pHash=0; dHash=0; aHash=0; aspect_delta=0.4375; pixel_corr=0.9997; SSIM=0.9935; hist_corr=0.9994; ORB_good=10; ORB_inliers=8; ORB_inlier_ratio=0.8000,POSSIBLE_NEAR_DUPLICATE
Venomous/Monocled Cobra/cobra-monocled-naja-very-dangerous-looking-rat-food-67509736.jpg,Monocled Cobra,Venomous,train/Venomous_Snake/cobra-monocled-naja-very-dangerous-looking-rat-food-67509736.jpg,Venomous_Snake,TRAIN,2,0,HIGH_CONFIDENCE_NEAR_DUPLICATE,0,0.478827,0.999795,0.996194,0.999408,15,7,0.466667,POSSIBLE_NEAR_DUPLICATE,pHash=2; dHash=0; aHash=0; aspect_delta=0.4788; pixel_corr=0.9998; SSIM=0.9962; hist_corr=0.9994; ORB_good=15; ORB_inliers=7; ORB_inlier_ratio=0.4667,POSSIBLE_NEAR_DUPLICATE
Venomous/Monocled Cobra/cobra-monocled.jpg,Monocled Cobra,Venomous,train/Venomous_Snake/cobra-monocled.jpg,Venomous_Snake,TRAIN,0,2,HIGH_CONFIDENCE_NEAR_DUPLICATE,0,0.333333,0.999489,0.996329,0.999618,18,15,0.833333,LIKELY_NEAR_DUPLICATE,pHash=0; dHash=2; aHash=0; aspect_delta=0.3333; pixel_corr=0.9995; SSIM=0.9963; hist_corr=0.9996; ORB_good=18; ORB_inliers=15; ORB_inlier_ratio=0.8333,POSSIBLE_NEAR_DUPLICATE
Venomous/Monocled Cobra/cobra-twins.jpg,Monocled Cobra,Venomous,train/Venomous_Snake/cobra-twins.jpg,Venomous_Snake,TRAIN,0,1,HIGH_CONFIDENCE_NEAR_DUPLICATE,0,0.335417,0.999774,0.996251,0.999892,67,58,0.865672,CONFIRMED_NEAR_DUPLICATE,pHash=0; dHash=1; aHash=0; aspect_delta=0.3354; pixel_corr=0.9998; SSIM=0.9963; hist_corr=0.9999; ORB_good=67; ORB_inliers=58; ORB_inlier_ratio=0.8657,HIGH_CONFIDENCE_NEAR_DUPLICATE
Venomous/Monocled Cobra/cobra.jpg,Monocled Cobra,Venomous,train/Venomous_Snake/cobra.jpg,Venomous_Snake,TRAIN,0,0,HIGH_CONFIDENCE_NEAR_DUPLICATE,0,0.4,0.999821,0.99786,0.999123,19,17,0.894737,LIKELY_NEAR_DUPLICATE,pHash=0; dHash=0; aHash=0; aspect_delta=0.4000; pixel_corr=0.9998; SSIM=0.9979; hist_corr=0.9991; ORB_good=19; ORB_inliers=17; ORB_inlier_ratio=0.8947,POSSIBLE_NEAR_DUPLICATE
Venomous/Monocled Cobra/cobra14n-1-web.jpg,Monocled Cobra,Venomous,validation/Venomous_Snake/cobra14n-1-web.jpg,Venomous_Snake,VALIDATION,0,1,HIGH_CONFIDENCE_NEAR_DUPLICATE,0,0.332,0.999608,0.995931,0.999891,63,55,0.873016,CONFIRMED_NEAR_DUPLICATE,pHash=0; dHash=1; aHash=0; aspect_delta=0.3320; pixel_corr=0.9996; SSIM=0.9959; hist_corr=0.9999; ORB_good=63; ORB_inliers=55; ORB_inlier_ratio=0.8730,HIGH_CONFIDENCE_NEAR_DUPLICATE
Venomous/Monocled Cobra/cobra_monocled.jpg,Monocled Cobra,Venomous,train/Venomous_Snake/cobra_monocled.jpg,Venomous_Snake,TRAIN,0,0,HIGH_CONFIDENCE_NEAR_DUPLICATE,0,0.25,0.999336,0.997565,0.999468,197,193,0.979695,CONFIRMED_NEAR_DUPLICATE,pHash=0; dHash=0; aHash=0; aspect_delta=0.2500; pixel_corr=0.9993; SSIM=0.9976; hist_corr=0.9995; ORB_good=197; ORB_inliers=193; ORB_inlier_ratio=0.9797,HIGH_CONFIDENCE_NEAR_DUPLICATE
Venomous/Monocled Cobra/detail-of-the-head-of-monocled-cobra-during-snake-show-in-bangkok-thailand_vruvptptg__S0000.jpg,Monocled Cobra,Venomous,train/Venomous_Snake/detail-of-the-head-of-monocled-cobra-during-snake-show-in-bangkok-thailand_vruvptptg__S0000.jpg,Venomous_Snake,TRAIN,0,0,HIGH_CONFIDENCE_NEAR_DUPLICATE,0,0.4375,0.999726,0.996198,0.999799,32,24,0.75,CONFIRMED_NEAR_DUPLICATE,pHash=0; dHash=0; aHash=0; aspect_delta=0.4375; pixel_corr=0.9997; SSIM=0.9962; hist_corr=0.9998; ORB_good=32; ORB_inliers=24; ORB_inlier_ratio=0.7500,HIGH_CONFIDENCE_NEAR_DUPLICATE
Venomous/Monocled Cobra/DSC05913a-L.jpg,Monocled Cobra,Venomous,train/Venomous_Snake/DSC05913a-L.jpg,Venomous_Snake,TRAIN,0,0,HIGH_CONFIDENCE_NEAR_DUPLICATE,0,0.32625,0.999919,0.997339,0.999417,98,93,0.94898,CONFIRMED_NEAR_DUPLICATE,pHash=0; dHash=0; aHash=0; aspect_delta=0.3262; pixel_corr=0.9999; SSIM=0.9973; hist_corr=0.9994; ORB_good=98; ORB_inliers=93; ORB_inlier_ratio=0.9490,HIGH_CONFIDENCE_NEAR_DUPLICATE
Venomous/Monocled Cobra/DSC05915-L.jpg,Monocled Cobra,Venomous,train/Venomous_Snake/DSC05915-L.jpg,Venomous_Snake,TRAIN,2,0,HIGH_CONFIDENCE_NEAR_DUPLICATE,0,0.25,0.999731,0.997514,0.999402,119,113,0.94958,CONFIRMED_NEAR_DUPLICATE,pHash=2; dHash=0; aHash=0; aspect_delta=0.2500; pixel_corr=0.9997; SSIM=0.9975; hist_corr=0.9994; ORB_good=119; ORB_inliers=113; ORB_inlier_ratio=0.9496,HIGH_CONFIDENCE_NEAR_DUPLICATE
Venomous/Monocled Cobra/DwJeRobtFhFY.jpg,Monocled Cobra,Venomous,validation/Venomous_Snake/DwJeRobtFhFY.jpg,Venomous_Snake,VALIDATION,0,0,HIGH_CONFIDENCE_NEAR_DUPLICATE,0,0.284069,0.999344,0.997384,0.999602,123,102,0.829268,CONFIRMED_NEAR_DUPLICATE,pHash=0; dHash=0; aHash=0; aspect_delta=0.2841; pixel_corr=0.9993; SSIM=0.9974; hist_corr=0.9996; ORB_good=123; ORB_inliers=102; ORB_inlier_ratio=0.8293,HIGH_CONFIDENCE_NEAR_DUPLICATE
Venomous/Monocled Cobra/eba4efd1c51d679b1ecf1710a29961c2--scary-snakes-cobra-snake.jpg,Monocled Cobra,Venomous,train/Venomous_Snake/eba4efd1c51d679b1ecf1710a29961c2--scary-snakes-cobra-snake.jpg,Venomous_Snake,TRAIN,0,0,HIGH_CONFIDENCE_NEAR_DUPLICATE,0,0.28125,0.998463,0.99391,0.998705,107,105,0.981308,CONFIRMED_NEAR_DUPLICATE,pHash=0; dHash=0; aHash=0; aspect_delta=0.2812; pixel_corr=0.9985; SSIM=0.9939; hist_corr=0.9987; ORB_good=107; ORB_inliers=105; ORB_inlier_ratio=0.9813,HIGH_CONFIDENCE_NEAR_DUPLICATE
Venomous/Monocled Cobra/Entrancing_Monocled_Cobra_1440x1080.jpg,Monocled Cobra,Venomous,train/Venomous_Snake/Entrancing_Monocled_Cobra_1440x1080.jpg,Venomous_Snake,TRAIN,0,0,HIGH_CONFIDENCE_NEAR_DUPLICATE,0,0.25,0.999939,0.997533,0.999367,39,34,0.871795,CONFIRMED_NEAR_DUPLICATE,pHash=0; dHash=0; aHash=0; aspect_delta=0.2500; pixel_corr=0.9999; SSIM=0.9975; hist_corr=0.9994; ORB_good=39; ORB_inliers=34; ORB_inlier_ratio=0.8718,HIGH_CONFIDENCE_NEAR_DUPLICATE
Venomous/Monocled Cobra/f0854287300e4dbf29dfacce19f436b2.jpg,Monocled Cobra,Venomous,train/Venomous_Snake/f0854287300e4dbf29dfacce19f436b2.jpg,Venomous_Snake,TRAIN,0,0,HIGH_CONFIDENCE_NEAR_DUPLICATE,0,0.25,0.999804,0.995373,0.999975,112,108,0.964286,CONFIRMED_NEAR_DUPLICATE,pHash=0; dHash=0; aHash=0; aspect_delta=0.2500; pixel_corr=0.9998; SSIM=0.9954; hist_corr=1.0000; ORB_good=112; ORB_inliers=108; ORB_inlier_ratio=0.9643,HIGH_CONFIDENCE_NEAR_DUPLICATE
Venomous/Monocled Cobra/hqdefault.jpg,Monocled Cobra,Venomous,train/Venomous_Snake/hqdefault (2).jpg,Venomous_Snake,TRAIN,0,1,HIGH_CONFIDENCE_NEAR_DUPLICATE,0,0.25,0.999891,0.998727,0.999913,221,212,0.959276,CONFIRMED_NEAR_DUPLICATE,pHash=0; dHash=1; aHash=0; aspect_delta=0.2500; pixel_corr=0.9999; SSIM=0.9987; hist_corr=0.9999; ORB_good=221; ORB_inliers=212; ORB_inlier_ratio=0.9593,HIGH_CONFIDENCE_NEAR_DUPLICATE
Venomous/Monocled Cobra/hqdefault_005.jpg,Monocled Cobra,Venomous,train/Venomous_Snake/hqdefault_005.jpg,Venomous_Snake,TRAIN,0,1,HIGH_CONFIDENCE_NEAR_DUPLICATE,0,0.25,0.999962,0.998044,0.999982,176,164,0.931818,CONFIRMED_NEAR_DUPLICATE,pHash=0; dHash=1; aHash=0; aspect_delta=0.2500; pixel_corr=1.0000; SSIM=0.9980; hist_corr=1.0000; ORB_good=176; ORB_inliers=164; ORB_inlier_ratio=0.9318,HIGH_CONFIDENCE_NEAR_DUPLICATE
Venomous/Monocled Cobra/img_09221.jpg,Monocled Cobra,Venomous,train/Venomous_Snake/img_09221.jpg,Venomous_Snake,TRAIN,0,0,HIGH_CONFIDENCE_NEAR_DUPLICATE,0,0.33125,0.998878,0.997212,0.995597,35,35,1.0,CONFIRMED_NEAR_DUPLICATE,pHash=0; dHash=0; aHash=0; aspect_delta=0.3312; pixel_corr=0.9989; SSIM=0.9972; hist_corr=0.9956; ORB_good=35; ORB_inliers=35; ORB_inlier_ratio=1.0000,HIGH_CONFIDENCE_NEAR_DUPLICATE
Venomous/Monocled Cobra/img_09311.jpg,Monocled Cobra,Venomous,train/Venomous_Snake/img_09311.jpg,Venomous_Snake,TRAIN,2,0,HIGH_CONFIDENCE_NEAR_DUPLICATE,0,0.33125,0.998488,0.996651,0.996105,21,20,0.952381,CONFIRMED_NEAR_DUPLICATE,pHash=2; dHash=0; aHash=0; aspect_delta=0.3312; pixel_corr=0.9985; SSIM=0.9967; hist_corr=0.9961; ORB_good=21; ORB_inliers=20; ORB_inlier_ratio=0.9524,HIGH_CONFIDENCE_NEAR_DUPLICATE
Venomous/Monocled Cobra/jakob-lehner-monocled-cobra.jpg,Monocled Cobra,Venomous,validation/Venomous_Snake/jakob-lehner-monocled-cobra.jpg,Venomous_Snake,VALIDATION,0,0,HIGH_CONFIDENCE_NEAR_DUPLICATE,0,0.331828,0.999855,0.998502,0.997953,44,44,1.0,CONFIRMED_NEAR_DUPLICATE,pHash=0; dHash=0; aHash=0; aspect_delta=0.3318; pixel_corr=0.9999; SSIM=0.9985; hist_corr=0.9980; ORB_good=44; ORB_inliers=44; ORB_inlier_ratio=1.0000,HIGH_CONFIDENCE_NEAR_DUPLICATE
Venomous/Monocled Cobra/Krabi_King_Cobra_Show_4.jpg,Monocled Cobra,Venomous,train/Venomous_Snake/Krabi_King_Cobra_Show_4.jpg,Venomous_Snake,TRAIN,0,0,HIGH_CONFIDENCE_NEAR_DUPLICATE,0,0.335548,0.999717,0.998431,0.99914,12,12,1.0,POSSIBLE_NEAR_DUPLICATE,pHash=0; dHash=0; aHash=0; aspect_delta=0.3355; pixel_corr=0.9997; SSIM=0.9984; hist_corr=0.9991; ORB_good=12; ORB_inliers=12; ORB_inlier_ratio=1.0000,POSSIBLE_NEAR_DUPLICATE
Venomous/Monocled Cobra/Male_Sunset_pic1.jpg,Monocled Cobra,Venomous,train/Venomous_Snake/Male_Sunset_pic1.jpg,Venomous_Snake,TRAIN,0,0,HIGH_CONFIDENCE_NEAR_DUPLICATE,0,0.041667,0.999254,0.998227,0.999642,343,341,0.994169,CONFIRMED_NEAR_DUPLICATE,pHash=0; dHash=0; aHash=0; aspect_delta=0.0417; pixel_corr=0.9993; SSIM=0.9982; hist_corr=0.9996; ORB_good=343; ORB_inliers=341; ORB_inlier_ratio=0.9942,HIGH_CONFIDENCE_NEAR_DUPLICATE
Venomous/Monocled Cobra/maxresdefault.jpg,Monocled Cobra,Venomous,validation/Venomous_Snake/maxresdefault (2).jpg,Venomous_Snake,VALIDATION,2,0,HIGH_CONFIDENCE_NEAR_DUPLICATE,0,0.4375,0.999877,0.995691,0.999461,12,7,0.583333,POSSIBLE_NEAR_DUPLICATE,pHash=2; dHash=0; aHash=0; aspect_delta=0.4375; pixel_corr=0.9999; SSIM=0.9957; hist_corr=0.9995; ORB_good=12; ORB_inliers=7; ORB_inlier_ratio=0.5833,POSSIBLE_NEAR_DUPLICATE
Venomous/Monocled Cobra/maxresdefault_002.jpg,Monocled Cobra,Venomous,train/Venomous_Snake/maxresdefault_002 (2).jpg,Venomous_Snake,TRAIN,0,0,HIGH_CONFIDENCE_NEAR_DUPLICATE,0,0.4375,0.999718,0.997223,0.99939,6,5,0.833333,POSSIBLE_NEAR_DUPLICATE,pHash=0; dHash=0; aHash=0; aspect_delta=0.4375; pixel_corr=0.9997; SSIM=0.9972; hist_corr=0.9994; ORB_good=6; ORB_inliers=5; ORB_inlier_ratio=0.8333,POSSIBLE_NEAR_DUPLICATE
Venomous/Monocled Cobra/maxresdefault_005.jpg,Monocled Cobra,Venomous,train/Venomous_Snake/maxresdefault_005.jpg,Venomous_Snake,TRAIN,0,1,HIGH_CONFIDENCE_NEAR_DUPLICATE,0,0.4375,0.999774,0.997144,0.998891,11,6,0.545455,POSSIBLE_NEAR_DUPLICATE,pHash=0; dHash=1; aHash=0; aspect_delta=0.4375; pixel_corr=0.9998; SSIM=0.9971; hist_corr=0.9989; ORB_good=11; ORB_inliers=6; ORB_inlier_ratio=0.5455,POSSIBLE_NEAR_DUPLICATE
Venomous/Monocled Cobra/maxresdefault_010.jpg,Monocled Cobra,Venomous,validation/Venomous_Snake/maxresdefault_010.jpg,Venomous_Snake,VALIDATION,0,0,HIGH_CONFIDENCE_NEAR_DUPLICATE,0,0.4375,0.99973,0.997339,0.999694,21,16,0.761905,CONFIRMED_NEAR_DUPLICATE,pHash=0; dHash=0; aHash=0; aspect_delta=0.4375; pixel_corr=0.9997; SSIM=0.9973; hist_corr=0.9997; ORB_good=21; ORB_inliers=16; ORB_inlier_ratio=0.7619,HIGH_CONFIDENCE_NEAR_DUPLICATE
Venomous/Monocled Cobra/Monocled Cobra (back).jpg,Monocled Cobra,Venomous,train/Venomous_Snake/Monocled Cobra (back).jpg,Venomous_Snake,TRAIN,0,0,HIGH_CONFIDENCE_NEAR_DUPLICATE,0,0.25,0.999277,0.994605,0.999919,133,122,0.917293,CONFIRMED_NEAR_DUPLICATE,pHash=0; dHash=0; aHash=0; aspect_delta=0.2500; pixel_corr=0.9993; SSIM=0.9946; hist_corr=0.9999; ORB_good=133; ORB_inliers=122; ORB_inlier_ratio=0.9173,HIGH_CONFIDENCE_NEAR_DUPLICATE
Venomous/Monocled Cobra/Monocled Cobra (front).jpg,Monocled Cobra,Venomous,train/Venomous_Snake/Monocled Cobra (front).jpg,Venomous_Snake,TRAIN,0,0,HIGH_CONFIDENCE_NEAR_DUPLICATE,0,0.00885,0.99964,0.995667,0.999957,369,364,0.98645,CONFIRMED_NEAR_DUPLICATE,pHash=0; dHash=0; aHash=0; aspect_delta=0.0088; pixel_corr=0.9996; SSIM=0.9957; hist_corr=1.0000; ORB_good=369; ORB_inliers=364; ORB_inlier_ratio=0.9864,HIGH_CONFIDENCE_NEAR_DUPLICATE
Venomous/Monocled Cobra/MONOCLED COBRA-Naja naja pisonous snake in India.jpg,Monocled Cobra,Venomous,train/Venomous_Snake/MONOCLED COBRA-Naja naja pisonous snake in India.jpg,Venomous_Snake,TRAIN,0,0,HIGH_CONFIDENCE_NEAR_DUPLICATE,0,0.394464,0.999587,0.99695,0.999578,34,29,0.852941,CONFIRMED_NEAR_DUPLICATE,pHash=0; dHash=0; aHash=0; aspect_delta=0.3945; pixel_corr=0.9996; SSIM=0.9969; hist_corr=0.9996; ORB_good=34; ORB_inliers=29; ORB_inlier_ratio=0.8529,HIGH_CONFIDENCE_NEAR_DUPLICATE
Venomous/Monocled Cobra/Monocled cobra.jpg,Monocled Cobra,Venomous,train/Venomous_Snake/Monocled cobra.jpg,Venomous_Snake,TRAIN,0,0,HIGH_CONFIDENCE_NEAR_DUPLICATE,0,0.260101,0.999586,0.997805,0.999727,129,124,0.96124,CONFIRMED_NEAR_DUPLICATE,pHash=0; dHash=0; aHash=0; aspect_delta=0.2601; pixel_corr=0.9996; SSIM=0.9978; hist_corr=0.9997; ORB_good=129; ORB_inliers=124; ORB_inlier_ratio=0.9612,HIGH_CONFIDENCE_NEAR_DUPLICATE
Venomous/Monocled Cobra/Monocled Cobra_001.jpg,Monocled Cobra,Venomous,train/Venomous_Snake/Monocled Cobra_001.jpg,Venomous_Snake,TRAIN,0,1,HIGH_CONFIDENCE_NEAR_DUPLICATE,0,0.335,0.99958,0.998566,0.99964,55,54,0.981818,CONFIRMED_NEAR_DUPLICATE,pHash=0; dHash=1; aHash=0; aspect_delta=0.3350; pixel_corr=0.9996; SSIM=0.9986; hist_corr=0.9996; ORB_good=55; ORB_inliers=54; ORB_inlier_ratio=0.9818,HIGH_CONFIDENCE_NEAR_DUPLICATE
Venomous/Monocled Cobra/monocled-61.jpg,Monocled Cobra,Venomous,train/Venomous_Snake/monocled-61.jpg,Venomous_Snake,TRAIN,0,0,HIGH_CONFIDENCE_NEAR_DUPLICATE,0,0.333333,0.999726,0.997935,0.998883,4,4,1.0,POSSIBLE_NEAR_DUPLICATE,pHash=0; dHash=0; aHash=0; aspect_delta=0.3333; pixel_corr=0.9997; SSIM=0.9979; hist_corr=0.9989; ORB_good=4; ORB_inliers=4; ORB_inlier_ratio=1.0000,POSSIBLE_NEAR_DUPLICATE
Venomous/Monocled Cobra/monocled-baby-cobra3.jpg,Monocled Cobra,Venomous,train/Venomous_Snake/monocled-baby-cobra3.jpg,Venomous_Snake,TRAIN,0,0,HIGH_CONFIDENCE_NEAR_DUPLICATE,0,0.546218,0.999391,0.997664,0.999779,5,4,0.8,POSSIBLE_NEAR_DUPLICATE,pHash=0; dHash=0; aHash=0; aspect_delta=0.5462; pixel_corr=0.9994; SSIM=0.9977; hist_corr=0.9998; ORB_good=5; ORB_inliers=4; ORB_inlier_ratio=0.8000,POSSIBLE_NEAR_DUPLICATE
Venomous/Monocled Cobra/Monocled-Cobra-1-1.jpg,Monocled Cobra,Venomous,train/Venomous_Snake/Monocled-Cobra-1-1.jpg,Venomous_Snake,TRAIN,0,0,HIGH_CONFIDENCE_NEAR_DUPLICATE,0,0.0,0.999905,0.996633,0.999897,83,82,0.987952,CONFIRMED_NEAR_DUPLICATE,pHash=0; dHash=0; aHash=0; aspect_delta=0.0000; pixel_corr=0.9999; SSIM=0.9966; hist_corr=0.9999; ORB_good=83; ORB_inliers=82; ORB_inlier_ratio=0.9880,HIGH_CONFIDENCE_NEAR_DUPLICATE
Venomous/Monocled Cobra/monocled-cobra-back_1.jpg,Monocled Cobra,Venomous,train/Venomous_Snake/monocled-cobra-back_1.jpg,Venomous_Snake,TRAIN,0,1,HIGH_CONFIDENCE_NEAR_DUPLICATE,0,0.445161,0.999277,0.996853,0.999961,14,11,0.785714,POSSIBLE_NEAR_DUPLICATE,pHash=0; dHash=1; aHash=0; aspect_delta=0.4452; pixel_corr=0.9993; SSIM=0.9969; hist_corr=1.0000; ORB_good=14; ORB_inliers=11; ORB_inlier_ratio=0.7857,POSSIBLE_NEAR_DUPLICATE
Venomous/Monocled Cobra/monocled-cobra-naja-kaouthia-dr22tj.jpg,Monocled Cobra,Venomous,validation/Venomous_Snake/monocled-cobra-naja-kaouthia-dr22tj.jpg,Venomous_Snake,VALIDATION,0,0,HIGH_CONFIDENCE_NEAR_DUPLICATE,0,0.361111,0.9999,0.997676,0.998595,40,25,0.625,CONFIRMED_NEAR_DUPLICATE,pHash=0; dHash=0; aHash=0; aspect_delta=0.3611; pixel_corr=0.9999; SSIM=0.9977; hist_corr=0.9986; ORB_good=40; ORB_inliers=25; ORB_inlier_ratio=0.6250,HIGH_CONFIDENCE_NEAR_DUPLICATE
Venomous/Monocled Cobra/monocled-cobra-naja-kaouthia-portrait-armx60.jpg,Monocled Cobra,Venomous,train/Venomous_Snake/monocled-cobra-naja-kaouthia-portrait-armx60.jpg,Venomous_Snake,TRAIN,0,0,HIGH_CONFIDENCE_NEAR_DUPLICATE,0,0.295556,0.999796,0.997128,0.999543,93,87,0.935484,CONFIRMED_NEAR_DUPLICATE,pHash=0; dHash=0; aHash=0; aspect_delta=0.2956; pixel_corr=0.9998; SSIM=0.9971; hist_corr=0.9995; ORB_good=93; ORB_inliers=87; ORB_inlier_ratio=0.9355,HIGH_CONFIDENCE_NEAR_DUPLICATE
Venomous/Monocled Cobra/monocled-cobra-naja-kaouthia-venomous-common-eaglenest-arunachal-pradesh-B39GW0.jpg,Monocled Cobra,Venomous,train/Venomous_Snake/monocled-cobra-naja-kaouthia-venomous-common-eaglenest-arunachal-pradesh-B39GW0.jpg,Venomous_Snake,TRAIN,2,1,HIGH_CONFIDENCE_NEAR_DUPLICATE,1,0.276923,0.999145,0.997837,0.997775,36,36,1.0,CONFIRMED_NEAR_DUPLICATE,pHash=2; dHash=1; aHash=1; aspect_delta=0.2769; pixel_corr=0.9991; SSIM=0.9978; hist_corr=0.9978; ORB_good=36; ORB_inliers=36; ORB_inlier_ratio=1.0000,HIGH_CONFIDENCE_NEAR_DUPLICATE
Venomous/Monocled Cobra/monocled-cobra-naja-kaouthia-venomous-common-eaglenest-arunachal-pradesh-B39H7Y.jpg,Monocled Cobra,Venomous,train/Venomous_Snake/monocled-cobra-naja-kaouthia-venomous-common-eaglenest-arunachal-pradesh-B39H7Y.jpg,Venomous_Snake,TRAIN,0,0,HIGH_CONFIDENCE_NEAR_DUPLICATE,0,0.28,0.999589,0.998546,0.998861,49,47,0.959184,CONFIRMED_NEAR_DUPLICATE,pHash=0; dHash=0; aHash=0; aspect_delta=0.2800; pixel_corr=0.9996; SSIM=0.9985; hist_corr=0.9989; ORB_good=49; ORB_inliers=47; ORB_inlier_ratio=0.9592,HIGH_CONFIDENCE_NEAR_DUPLICATE
Venomous/Monocled Cobra/monocled-cobra-naja-kaouthia-venomous-common-eaglenest-arunachal-pradesh-b39h8h.jpg,Monocled Cobra,Venomous,train/Venomous_Snake/monocled-cobra-naja-kaouthia-venomous-common-eaglenest-arunachal-pradesh-b39h8h.jpg,Venomous_Snake,TRAIN,0,0,HIGH_CONFIDENCE_NEAR_DUPLICATE,0,0.374074,0.999651,0.998805,0.99897,44,44,1.0,CONFIRMED_NEAR_DUPLICATE,pHash=0; dHash=0; aHash=0; aspect_delta=0.3741; pixel_corr=0.9997; SSIM=0.9988; hist_corr=0.9990; ORB_good=44; ORB_inliers=44; ORB_inlier_ratio=1.0000,HIGH_CONFIDENCE_NEAR_DUPLICATE
Venomous/Monocled Cobra/monocled-cobra-naja-naja-kaouthia-native-to-south-eastern-asia-a7yf0g.jpg,Monocled Cobra,Venomous,train/Venomous_Snake/monocled-cobra-naja-naja-kaouthia-native-to-south-eastern-asia-a7yf0g.jpg,Venomous_Snake,TRAIN,0,0,HIGH_CONFIDENCE_NEAR_DUPLICATE,0,0.370213,0.999718,0.998278,0.999291,71,62,0.873239,CONFIRMED_NEAR_DUPLICATE,pHash=0; dHash=0; aHash=0; aspect_delta=0.3702; pixel_corr=0.9997; SSIM=0.9983; hist_corr=0.9993; ORB_good=71; ORB_inliers=62; ORB_inlier_ratio=0.8732,HIGH_CONFIDENCE_NEAR_DUPLICATE
Venomous/Monocled Cobra/monocled-cobra-naja-naja-kaouthis-albino-rearing-thailand-a3p8jp.jpg,Monocled Cobra,Venomous,train/Venomous_Snake/monocled-cobra-naja-naja-kaouthis-albino-rearing-thailand-a3p8jp.jpg,Venomous_Snake,TRAIN,0,0,HIGH_CONFIDENCE_NEAR_DUPLICATE,0,0.291111,0.999761,0.997649,0.997947,142,131,0.922535,CONFIRMED_NEAR_DUPLICATE,pHash=0; dHash=0; aHash=0; aspect_delta=0.2911; pixel_corr=0.9998; SSIM=0.9976; hist_corr=0.9979; ORB_good=142; ORB_inliers=131; ORB_inlier_ratio=0.9225,HIGH_CONFIDENCE_NEAR_DUPLICATE
Venomous/Monocled Cobra/monocled-cobra-naja-naja-kaouthis-albino-rearing-thailand-a3p8kj.jpg,Monocled Cobra,Venomous,train/Venomous_Snake/monocled-cobra-naja-naja-kaouthis-albino-rearing-thailand-a3p8kj.jpg,Venomous_Snake,TRAIN,2,0,HIGH_CONFIDENCE_NEAR_DUPLICATE,1,0.359259,0.999746,0.998076,0.999237,29,21,0.724138,CONFIRMED_NEAR_DUPLICATE,pHash=2; dHash=0; aHash=1; aspect_delta=0.3593; pixel_corr=0.9997; SSIM=0.9981; hist_corr=0.9992; ORB_good=29; ORB_inliers=21; ORB_inlier_ratio=0.7241,HIGH_CONFIDENCE_NEAR_DUPLICATE
Venomous/Monocled Cobra/monocled-cobra-snake-death_85876_ver1.0_1280_720.jpg,Monocled Cobra,Venomous,validation/Venomous_Snake/monocled-cobra-snake-death_85876_ver1.0_1280_720.jpg,Venomous_Snake,VALIDATION,0,0,HIGH_CONFIDENCE_NEAR_DUPLICATE,0,0.4375,0.999634,0.996127,0.999891,11,11,1.0,POSSIBLE_NEAR_DUPLICATE,pHash=0; dHash=0; aHash=0; aspect_delta=0.4375; pixel_corr=0.9996; SSIM=0.9961; hist_corr=0.9999; ORB_good=11; ORB_inliers=11; ORB_inlier_ratio=1.0000,POSSIBLE_NEAR_DUPLICATE
Venomous/Monocled Cobra/monocled-cobra.jpg,Monocled Cobra,Venomous,train/Venomous_Snake/monocled-cobra.jpg,Venomous_Snake,TRAIN,0,1,HIGH_CONFIDENCE_NEAR_DUPLICATE,0,0.25,0.999597,0.998134,0.998769,98,96,0.979592,CONFIRMED_NEAR_DUPLICATE,pHash=0; dHash=1; aHash=0; aspect_delta=0.2500; pixel_corr=0.9996; SSIM=0.9981; hist_corr=0.9988; ORB_good=98; ORB_inliers=96; ORB_inlier_ratio=0.9796,HIGH_CONFIDENCE_NEAR_DUPLICATE
Venomous/Monocled Cobra/monocled-cobra_001.jpg,Monocled Cobra,Venomous,train/Venomous_Snake/monocled-cobra_001.jpg,Venomous_Snake,TRAIN,0,0,HIGH_CONFIDENCE_NEAR_DUPLICATE,0,0.336,0.999777,0.997545,0.999556,64,63,0.984375,CONFIRMED_NEAR_DUPLICATE,pHash=0; dHash=0; aHash=0; aspect_delta=0.3360; pixel_corr=0.9998; SSIM=0.9975; hist_corr=0.9996; ORB_good=64; ORB_inliers=63; ORB_inlier_ratio=0.9844,HIGH_CONFIDENCE_NEAR_DUPLICATE
Venomous/Monocled Cobra/Monocled-Cobras.jpg,Monocled Cobra,Venomous,train/Venomous_Snake/Monocled-Cobras.jpg,Venomous_Snake,TRAIN,0,0,HIGH_CONFIDENCE_NEAR_DUPLICATE,0,0.338,0.999318,0.997556,0.998104,55,52,0.945455,CONFIRMED_NEAR_DUPLICATE,pHash=0; dHash=0; aHash=0; aspect_delta=0.3380; pixel_corr=0.9993; SSIM=0.9976; hist_corr=0.9981; ORB_good=55; ORB_inliers=52; ORB_inlier_ratio=0.9455,HIGH_CONFIDENCE_NEAR_DUPLICATE
Venomous/Monocled Cobra/Monocled-Cobras.jpg-nggid0256-ngg0dyn-286x300x100-00f0w010c011r110f110r010t010.jpg,Monocled Cobra,Venomous,train/Venomous_Snake/Monocled-Cobras.jpg-nggid0256-ngg0dyn-286x300x100-00f0w010c011r110f110r010t010.jpg,Venomous_Snake,TRAIN,0,2,HIGH_CONFIDENCE_NEAR_DUPLICATE,0,0.046667,0.999804,0.99786,0.999785,247,226,0.91498,CONFIRMED_NEAR_DUPLICATE,pHash=0; dHash=2; aHash=0; aspect_delta=0.0467; pixel_corr=0.9998; SSIM=0.9979; hist_corr=0.9998; ORB_good=247; ORB_inliers=226; ORB_inlier_ratio=0.9150,HIGH_CONFIDENCE_NEAR_DUPLICATE
Venomous/Monocled Cobra/Monocled-Cobras_001.jpg,Monocled Cobra,Venomous,train/Venomous_Snake/Monocled-Cobras_001.jpg,Venomous_Snake,TRAIN,0,1,HIGH_CONFIDENCE_NEAR_DUPLICATE,0,0.093333,0.999737,0.99805,0.999886,48,44,0.916667,CONFIRMED_NEAR_DUPLICATE,pHash=0; dHash=1; aHash=0; aspect_delta=0.0933; pixel_corr=0.9997; SSIM=0.9981; hist_corr=0.9999; ORB_good=48; ORB_inliers=44; ORB_inlier_ratio=0.9167,HIGH_CONFIDENCE_NEAR_DUPLICATE
Venomous/Monocled Cobra/Monocled_Cobra.jpg,Monocled Cobra,Venomous,train/Venomous_Snake/Monocled_Cobra.jpg,Venomous_Snake,TRAIN,0,0,HIGH_CONFIDENCE_NEAR_DUPLICATE,0,0.065625,0.999797,0.99679,0.999671,287,275,0.958188,CONFIRMED_NEAR_DUPLICATE,pHash=0; dHash=0; aHash=0; aspect_delta=0.0656; pixel_corr=0.9998; SSIM=0.9968; hist_corr=0.9997; ORB_good=287; ORB_inliers=275; ORB_inlier_ratio=0.9582,HIGH_CONFIDENCE_NEAR_DUPLICATE
Venomous/Monocled Cobra/Monocled_Cobra00.jpg,Monocled Cobra,Venomous,validation/Venomous_Snake/Monocled_Cobra00.jpg,Venomous_Snake,VALIDATION,0,0,HIGH_CONFIDENCE_NEAR_DUPLICATE,0,0.248848,0.998595,0.996733,0.999514,50,45,0.9,CONFIRMED_NEAR_DUPLICATE,pHash=0; dHash=0; aHash=0; aspect_delta=0.2488; pixel_corr=0.9986; SSIM=0.9967; hist_corr=0.9995; ORB_good=50; ORB_inliers=45; ORB_inlier_ratio=0.9000,HIGH_CONFIDENCE_NEAR_DUPLICATE
Venomous/Monocled Cobra/Monocled_Cobra2.jpg,Monocled Cobra,Venomous,train/Venomous_Snake/Monocled_Cobra2.jpg,Venomous_Snake,TRAIN,0,0,HIGH_CONFIDENCE_NEAR_DUPLICATE,0,0.24875,0.999391,0.998246,0.999492,132,127,0.962121,CONFIRMED_NEAR_DUPLICATE,pHash=0; dHash=0; aHash=0; aspect_delta=0.2487; pixel_corr=0.9994; SSIM=0.9982; hist_corr=0.9995; ORB_good=132; ORB_inliers=127; ORB_inlier_ratio=0.9621,HIGH_CONFIDENCE_NEAR_DUPLICATE
Venomous/Monocled Cobra/Monocled_Cobra_-Naja_kaouthia_-_In_Bangladesh_600.jpg,Monocled Cobra,Venomous,validation/Venomous_Snake/Monocled_Cobra_-Naja_kaouthia_-_In_Bangladesh_600.jpg,Venomous_Snake,VALIDATION,0,0,HIGH_CONFIDENCE_NEAR_DUPLICATE,0,0.336667,0.999779,0.996332,0.999736,95,91,0.957895,CONFIRMED_NEAR_DUPLICATE,pHash=0; dHash=0; aHash=0; aspect_delta=0.3367; pixel_corr=0.9998; SSIM=0.9963; hist_corr=0.9997; ORB_good=95; ORB_inliers=91; ORB_inlier_ratio=0.9579,HIGH_CONFIDENCE_NEAR_DUPLICATE
Venomous/Monocled Cobra/Monocled_Cobra_3.jpg,Monocled Cobra,Venomous,train/Venomous_Snake/Monocled_Cobra_3.jpg,Venomous_Snake,TRAIN,0,0,HIGH_CONFIDENCE_NEAR_DUPLICATE,0,0.346346,0.999764,0.996535,0.999333,34,32,0.941176,CONFIRMED_NEAR_DUPLICATE,pHash=0; dHash=0; aHash=0; aspect_delta=0.3463; pixel_corr=0.9998; SSIM=0.9965; hist_corr=0.9993; ORB_good=34; ORB_inliers=32; ORB_inlier_ratio=0.9412,HIGH_CONFIDENCE_NEAR_DUPLICATE
Venomous/Monocled Cobra/monocledcobra.jpg,Monocled Cobra,Venomous,train/Venomous_Snake/monocledcobra.jpg,Venomous_Snake,TRAIN,0,0,HIGH_CONFIDENCE_NEAR_DUPLICATE,0,0.249597,0.999902,0.998158,0.999976,181,166,0.917127,CONFIRMED_NEAR_DUPLICATE,pHash=0; dHash=0; aHash=0; aspect_delta=0.2496; pixel_corr=0.9999; SSIM=0.9982; hist_corr=1.0000; ORB_good=181; ORB_inliers=166; ORB_inlier_ratio=0.9171,HIGH_CONFIDENCE_NEAR_DUPLICATE
Venomous/Monocled Cobra/naja-kaouthia-back.jpg,Monocled Cobra,Venomous,train/Venomous_Snake/naja-kaouthia-back.jpg,Venomous_Snake,TRAIN,0,0,HIGH_CONFIDENCE_NEAR_DUPLICATE,0,0.3325,0.998873,0.998165,0.993179,24,22,0.916667,CONFIRMED_NEAR_DUPLICATE,pHash=0; dHash=0; aHash=0; aspect_delta=0.3325; pixel_corr=0.9989; SSIM=0.9982; hist_corr=0.9932; ORB_good=24; ORB_inliers=22; ORB_inlier_ratio=0.9167,HIGH_CONFIDENCE_NEAR_DUPLICATE
Venomous/Monocled Cobra/naja-kaouthia-monocled-cobra-dr26h2.jpg,Monocled Cobra,Venomous,train/Venomous_Snake/naja-kaouthia-monocled-cobra-dr26h2.jpg,Venomous_Snake,TRAIN,0,0,HIGH_CONFIDENCE_NEAR_DUPLICATE,0,0.304688,0.999714,0.997296,0.999686,99,87,0.878788,CONFIRMED_NEAR_DUPLICATE,pHash=0; dHash=0; aHash=0; aspect_delta=0.3047; pixel_corr=0.9997; SSIM=0.9973; hist_corr=0.9997; ORB_good=99; ORB_inliers=87; ORB_inlier_ratio=0.8788,HIGH_CONFIDENCE_NEAR_DUPLICATE
Venomous/Monocled Cobra/naja-kaouthia-monocled-cobra-DV-02-15-3.jpg,Monocled Cobra,Venomous,train/Venomous_Snake/naja-kaouthia-monocled-cobra-DV-02-15-3.jpg,Venomous_Snake,TRAIN,0,0,HIGH_CONFIDENCE_NEAR_DUPLICATE,0,0.3375,0.999931,0.997911,0.99984,75,68,0.906667,CONFIRMED_NEAR_DUPLICATE,pHash=0; dHash=0; aHash=0; aspect_delta=0.3375; pixel_corr=0.9999; SSIM=0.9979; hist_corr=0.9998; ORB_good=75; ORB_inliers=68; ORB_inlier_ratio=0.9067,HIGH_CONFIDENCE_NEAR_DUPLICATE
Venomous/Monocled Cobra/naja-kaouthia-monocled-cobra-kuiburi-800x600.jpg,Monocled Cobra,Venomous,train/Venomous_Snake/naja-kaouthia-monocled-cobra-kuiburi-800x600.jpg,Venomous_Snake,TRAIN,0,1,HIGH_CONFIDENCE_NEAR_DUPLICATE,1,0.335,0.999353,0.996408,0.999835,60,55,0.916667,CONFIRMED_NEAR_DUPLICATE,pHash=0; dHash=1; aHash=1; aspect_delta=0.3350; pixel_corr=0.9994; SSIM=0.9964; hist_corr=0.9998; ORB_good=60; ORB_inliers=55; ORB_inlier_ratio=0.9167,HIGH_CONFIDENCE_NEAR_DUPLICATE
Venomous/Monocled Cobra/naja-kaouthia-monocled-cobra-kuiburi-800x600_001.jpg,Monocled Cobra,Venomous,train/Venomous_Snake/naja-kaouthia-monocled-cobra-kuiburi-800x600_001.jpg,Venomous_Snake,TRAIN,2,0,HIGH_CONFIDENCE_NEAR_DUPLICATE,0,0.335,0.998928,0.996746,0.998091,33,32,0.969697,CONFIRMED_NEAR_DUPLICATE,pHash=2; dHash=0; aHash=0; aspect_delta=0.3350; pixel_corr=0.9989; SSIM=0.9967; hist_corr=0.9981; ORB_good=33; ORB_inliers=32; ORB_inlier_ratio=0.9697,HIGH_CONFIDENCE_NEAR_DUPLICATE
Venomous/Monocled Cobra/naja-kaouthia-monocled-cobra-kuiburi-800x600_002.jpg,Monocled Cobra,Venomous,train/Venomous_Snake/naja-kaouthia-monocled-cobra-kuiburi-800x600_002.jpg,Venomous_Snake,TRAIN,0,0,HIGH_CONFIDENCE_NEAR_DUPLICATE,0,0.335,0.999276,0.997501,0.998544,49,46,0.938776,CONFIRMED_NEAR_DUPLICATE,pHash=0; dHash=0; aHash=0; aspect_delta=0.3350; pixel_corr=0.9993; SSIM=0.9975; hist_corr=0.9985; ORB_good=49; ORB_inliers=46; ORB_inlier_ratio=0.9388,HIGH_CONFIDENCE_NEAR_DUPLICATE
Venomous/Monocled Cobra/naja-kaouthia-monocled-cobras-randy-ciuros.jpg,Monocled Cobra,Venomous,train/Venomous_Snake/naja-kaouthia-monocled-cobras-randy-ciuros.jpg,Venomous_Snake,TRAIN,2,0,HIGH_CONFIDENCE_NEAR_DUPLICATE,0,0.333333,0.999691,0.99577,0.999242,19,15,0.789474,LIKELY_NEAR_DUPLICATE,pHash=2; dHash=0; aHash=0; aspect_delta=0.3333; pixel_corr=0.9997; SSIM=0.9958; hist_corr=0.9992; ORB_good=19; ORB_inliers=15; ORB_inlier_ratio=0.7895,POSSIBLE_NEAR_DUPLICATE
Venomous/Monocled Cobra/naja-top.jpg,Monocled Cobra,Venomous,validation/Venomous_Snake/naja-top.jpg,Venomous_Snake,VALIDATION,0,0,HIGH_CONFIDENCE_NEAR_DUPLICATE,0,0.223433,0.999802,0.995923,0.999732,189,163,0.862434,CONFIRMED_NEAR_DUPLICATE,pHash=0; dHash=0; aHash=0; aspect_delta=0.2234; pixel_corr=0.9998; SSIM=0.9959; hist_corr=0.9997; ORB_good=189; ORB_inliers=163; ORB_inlier_ratio=0.8624,HIGH_CONFIDENCE_NEAR_DUPLICATE
Venomous/Monocled Cobra/Naja_kaouthia.jpg,Monocled Cobra,Venomous,train/Venomous_Snake/Naja_kaouthia.jpg,Venomous_Snake,TRAIN,0,0,HIGH_CONFIDENCE_NEAR_DUPLICATE,0,0.0125,0.999764,0.99698,0.999192,363,352,0.969697,CONFIRMED_NEAR_DUPLICATE,pHash=0; dHash=0; aHash=0; aspect_delta=0.0125; pixel_corr=0.9998; SSIM=0.9970; hist_corr=0.9992; ORB_good=363; ORB_inliers=352; ORB_inlier_ratio=0.9697,HIGH_CONFIDENCE_NEAR_DUPLICATE
Venomous/Monocled Cobra/NajaKaouthia.jpg,Monocled Cobra,Venomous,validation/Venomous_Snake/NajaKaouthia.jpg,Venomous_Snake,VALIDATION,0,0,HIGH_CONFIDENCE_NEAR_DUPLICATE,0,0.202899,0.999765,0.996685,0.999904,180,169,0.938889,CONFIRMED_NEAR_DUPLICATE,pHash=0; dHash=0; aHash=0; aspect_delta=0.2029; pixel_corr=0.9998; SSIM=0.9967; hist_corr=0.9999; ORB_good=180; ORB_inliers=169; ORB_inlier_ratio=0.9389,HIGH_CONFIDENCE_NEAR_DUPLICATE
Venomous/Monocled Cobra/original.jpg,Monocled Cobra,Venomous,train/Venomous_Snake/original.jpg,Venomous_Snake,TRAIN,0,1,HIGH_CONFIDENCE_NEAR_DUPLICATE,0,0.434167,0.999786,0.995652,0.999898,25,17,0.68,CONFIRMED_NEAR_DUPLICATE,pHash=0; dHash=1; aHash=0; aspect_delta=0.4342; pixel_corr=0.9998; SSIM=0.9957; hist_corr=0.9999; ORB_good=25; ORB_inliers=17; ORB_inlier_ratio=0.6800,HIGH_CONFIDENCE_NEAR_DUPLICATE
Venomous/Monocled Cobra/P1000433.JPG,Monocled Cobra,Venomous,train/Venomous_Snake/P1000433.JPG,Venomous_Snake,TRAIN,0,0,HIGH_CONFIDENCE_NEAR_DUPLICATE,0,0.25,0.999878,0.99744,0.999802,160,149,0.93125,CONFIRMED_NEAR_DUPLICATE,pHash=0; dHash=0; aHash=0; aspect_delta=0.2500; pixel_corr=0.9999; SSIM=0.9974; hist_corr=0.9998; ORB_good=160; ORB_inliers=149; ORB_inlier_ratio=0.9313,HIGH_CONFIDENCE_NEAR_DUPLICATE
Venomous/Monocled Cobra/P1030202.jpg,Monocled Cobra,Venomous,train/Venomous_Snake/P1030202.jpg,Venomous_Snake,TRAIN,0,0,HIGH_CONFIDENCE_NEAR_DUPLICATE,0,0.334783,0.999485,0.994244,0.997836,27,27,1.0,CONFIRMED_NEAR_DUPLICATE,pHash=0; dHash=0; aHash=0; aspect_delta=0.3348; pixel_corr=0.9995; SSIM=0.9942; hist_corr=0.9978; ORB_good=27; ORB_inliers=27; ORB_inlier_ratio=1.0000,HIGH_CONFIDENCE_NEAR_DUPLICATE
Venomous/Monocled Cobra/People-Group-Monocled-Cobra-on-display-0029.jpg,Monocled Cobra,Venomous,train/Venomous_Snake/People-Group-Monocled-Cobra-on-display-0029.jpg,Venomous_Snake,TRAIN,2,0,HIGH_CONFIDENCE_NEAR_DUPLICATE,0,0.017969,0.999847,0.997348,0.998634,90,88,0.977778,CONFIRMED_NEAR_DUPLICATE,pHash=2; dHash=0; aHash=0; aspect_delta=0.0180; pixel_corr=0.9998; SSIM=0.9973; hist_corr=0.9986; ORB_good=90; ORB_inliers=88; ORB_inlier_ratio=0.9778,HIGH_CONFIDENCE_NEAR_DUPLICATE
Venomous/Monocled Cobra/Piebald1.jpg,Monocled Cobra,Venomous,train/Venomous_Snake/Piebald1.jpg,Venomous_Snake,TRAIN,0,1,HIGH_CONFIDENCE_NEAR_DUPLICATE,0,0.25,0.999621,0.997796,0.999527,156,147,0.942308,CONFIRMED_NEAR_DUPLICATE,pHash=0; dHash=1; aHash=0; aspect_delta=0.2500; pixel_corr=0.9996; SSIM=0.9978; hist_corr=0.9995; ORB_good=156; ORB_inliers=147; ORB_inlier_ratio=0.9423,HIGH_CONFIDENCE_NEAR_DUPLICATE
Venomous/Monocled Cobra/snak21.jpg,Monocled Cobra,Venomous,train/Venomous_Snake/snak21.jpg,Venomous_Snake,TRAIN,0,0,HIGH_CONFIDENCE_NEAR_DUPLICATE,0,0.333008,0.999716,0.996314,0.998007,71,62,0.873239,CONFIRMED_NEAR_DUPLICATE,pHash=0; dHash=0; aHash=0; aspect_delta=0.3330; pixel_corr=0.9997; SSIM=0.9963; hist_corr=0.9980; ORB_good=71; ORB_inliers=62; ORB_inlier_ratio=0.8732,HIGH_CONFIDENCE_NEAR_DUPLICATE
Venomous/Monocled Cobra/stock-photo-monocle-cobra-36770869.jpg,Monocled Cobra,Venomous,train/Venomous_Snake/stock-photo-monocle-cobra-36770869.jpg,Venomous_Snake,TRAIN,2,0,HIGH_CONFIDENCE_NEAR_DUPLICATE,1,0.291111,0.999788,0.997694,0.999772,120,114,0.95,CONFIRMED_NEAR_DUPLICATE,pHash=2; dHash=0; aHash=1; aspect_delta=0.2911; pixel_corr=0.9998; SSIM=0.9977; hist_corr=0.9998; ORB_good=120; ORB_inliers=114; ORB_inlier_ratio=0.9500,HIGH_CONFIDENCE_NEAR_DUPLICATE
Venomous/Monocled Cobra/stock-photo-monocle-cobra-83440318.jpg,Monocled Cobra,Venomous,train/Venomous_Snake/stock-photo-monocle-cobra-83440318.jpg,Venomous_Snake,TRAIN,0,0,HIGH_CONFIDENCE_NEAR_DUPLICATE,0,0.291111,0.999696,0.997327,0.999703,115,108,0.93913,CONFIRMED_NEAR_DUPLICATE,pHash=0; dHash=0; aHash=0; aspect_delta=0.2911; pixel_corr=0.9997; SSIM=0.9973; hist_corr=0.9997; ORB_good=115; ORB_inliers=108; ORB_inlier_ratio=0.9391,HIGH_CONFIDENCE_NEAR_DUPLICATE
Venomous/Monocled Cobra/stock-photo-the-monocled-cobra-also-called-monocellate-cobra-is-a-cobra-species-widespread-across-south-and-658718986.jpg,Monocled Cobra,Venomous,train/Venomous_Snake/stock-photo-the-monocled-cobra-also-called-monocellate-cobra-is-a-cobra-species-widespread-across-south-and-658718986.jpg,Venomous_Snake,TRAIN,0,1,HIGH_CONFIDENCE_NEAR_DUPLICATE,0,0.324444,0.999903,0.998022,0.999767,110,99,0.9,CONFIRMED_NEAR_DUPLICATE,pHash=0; dHash=1; aHash=0; aspect_delta=0.3244; pixel_corr=0.9999; SSIM=0.9980; hist_corr=0.9998; ORB_good=110; ORB_inliers=99; ORB_inlier_ratio=0.9000,HIGH_CONFIDENCE_NEAR_DUPLICATE
Venomous/Monocled Cobra/stock-photo-the-monocled-cobra-naja-kaouthia-also-called-monocellate-cobra-602177225.jpg,Monocled Cobra,Venomous,train/Venomous_Snake/stock-photo-the-monocled-cobra-naja-kaouthia-also-called-monocellate-cobra-602177225.jpg,Venomous_Snake,TRAIN,0,0,HIGH_CONFIDENCE_NEAR_DUPLICATE,0,0.288889,0.999875,0.998235,0.999497,133,130,0.977444,CONFIRMED_NEAR_DUPLICATE,pHash=0; dHash=0; aHash=0; aspect_delta=0.2889; pixel_corr=0.9999; SSIM=0.9982; hist_corr=0.9995; ORB_good=133; ORB_inliers=130; ORB_inlier_ratio=0.9774,HIGH_CONFIDENCE_NEAR_DUPLICATE
Venomous/Monocled Cobra/stock-photo-the-monocled-cobra-naja-kaouthia-also-called-monocellate-cobra-is-a-cobra-species-widespread-647998777.jpg,Monocled Cobra,Venomous,train/Venomous_Snake/stock-photo-the-monocled-cobra-naja-kaouthia-also-called-monocellate-cobra-is-a-cobra-species-widespread-647998777.jpg,Venomous_Snake,TRAIN,0,0,HIGH_CONFIDENCE_NEAR_DUPLICATE,0,0.288889,0.999756,0.997593,0.999161,125,119,0.952,CONFIRMED_NEAR_DUPLICATE,pHash=0; dHash=0; aHash=0; aspect_delta=0.2889; pixel_corr=0.9998; SSIM=0.9976; hist_corr=0.9992; ORB_good=125; ORB_inliers=119; ORB_inlier_ratio=0.9520,HIGH_CONFIDENCE_NEAR_DUPLICATE
Venomous/Monocled Cobra/suphan-phase-monocled.jpg,Monocled Cobra,Venomous,train/Venomous_Snake/suphan-phase-monocled.jpg,Venomous_Snake,TRAIN,0,0,HIGH_CONFIDENCE_NEAR_DUPLICATE,0,0.337778,0.999945,0.997151,0.999949,69,57,0.826087,CONFIRMED_NEAR_DUPLICATE,pHash=0; dHash=0; aHash=0; aspect_delta=0.3378; pixel_corr=0.9999; SSIM=0.9972; hist_corr=0.9999; ORB_good=69; ORB_inliers=57; ORB_inlier_ratio=0.8261,HIGH_CONFIDENCE_NEAR_DUPLICATE
Venomous/Monocled Cobra/texas-teen-suicide-snakebite.jpg,Monocled Cobra,Venomous,train/Venomous_Snake/texas-teen-suicide-snakebite.jpg,Venomous_Snake,TRAIN,0,0,HIGH_CONFIDENCE_NEAR_DUPLICATE,0,0.420213,0.999325,0.996689,0.999939,10,8,0.8,POSSIBLE_NEAR_DUPLICATE,pHash=0; dHash=0; aHash=0; aspect_delta=0.4202; pixel_corr=0.9993; SSIM=0.9967; hist_corr=0.9999; ORB_good=10; ORB_inliers=8; ORB_inlier_ratio=0.8000,POSSIBLE_NEAR_DUPLICATE
Venomous/Monocled Cobra/Thai05M4Bild06MscC400.jpg,Monocled Cobra,Venomous,train/Venomous_Snake/Thai05M4Bild06MscC400.jpg,Venomous_Snake,TRAIN,0,0,HIGH_CONFIDENCE_NEAR_DUPLICATE,0,0.361022,0.999664,0.995508,0.998701,33,30,0.909091,CONFIRMED_NEAR_DUPLICATE,pHash=0; dHash=0; aHash=0; aspect_delta=0.3610; pixel_corr=0.9997; SSIM=0.9955; hist_corr=0.9987; ORB_good=33; ORB_inliers=30; ORB_inlier_ratio=0.9091,HIGH_CONFIDENCE_NEAR_DUPLICATE
Venomous/Monocled Cobra/toz13182l.jpg,Monocled Cobra,Venomous,train/Venomous_Snake/toz13182l.jpg,Venomous_Snake,TRAIN,0,0,HIGH_CONFIDENCE_NEAR_DUPLICATE,0,0.25,0.999596,0.995655,0.999396,29,28,0.965517,CONFIRMED_NEAR_DUPLICATE,pHash=0; dHash=0; aHash=0; aspect_delta=0.2500; pixel_corr=0.9996; SSIM=0.9957; hist_corr=0.9994; ORB_good=29; ORB_inliers=28; ORB_inlier_ratio=0.9655,HIGH_CONFIDENCE_NEAR_DUPLICATE
Venomous/Monocled Cobra/toz13183l.jpg,Monocled Cobra,Venomous,train/Venomous_Snake/toz13183l.jpg,Venomous_Snake,TRAIN,0,0,HIGH_CONFIDENCE_NEAR_DUPLICATE,0,0.25,0.999466,0.996495,0.999791,30,23,0.766667,CONFIRMED_NEAR_DUPLICATE,pHash=0; dHash=0; aHash=0; aspect_delta=0.2500; pixel_corr=0.9995; SSIM=0.9965; hist_corr=0.9998; ORB_good=30; ORB_inliers=23; ORB_inlier_ratio=0.7667,HIGH_CONFIDENCE_NEAR_DUPLICATE
Venomous/Monocled Cobra/toz16925l.jpg,Monocled Cobra,Venomous,train/Venomous_Snake/toz16925l.jpg,Venomous_Snake,TRAIN,0,0,HIGH_CONFIDENCE_NEAR_DUPLICATE,0,0.25,0.999759,0.997013,0.999032,36,34,0.944444,CONFIRMED_NEAR_DUPLICATE,pHash=0; dHash=0; aHash=0; aspect_delta=0.2500; pixel_corr=0.9998; SSIM=0.9970; hist_corr=0.9990; ORB_good=36; ORB_inliers=34; ORB_inlier_ratio=0.9444,HIGH_CONFIDENCE_NEAR_DUPLICATE
Venomous/Monocled Cobra/tumblr_inline_n5ssgeNsfl1sgqxtf.jpg,Monocled Cobra,Venomous,train/Venomous_Snake/tumblr_inline_n5ssgeNsfl1sgqxtf.jpg,Venomous_Snake,TRAIN,2,0,HIGH_CONFIDENCE_NEAR_DUPLICATE,0,0.250375,0.999405,0.995151,0.999893,138,131,0.949275,CONFIRMED_NEAR_DUPLICATE,pHash=2; dHash=0; aHash=0; aspect_delta=0.2504; pixel_corr=0.9994; SSIM=0.9952; hist_corr=0.9999; ORB_good=138; ORB_inliers=131; ORB_inlier_ratio=0.9493,HIGH_CONFIDENCE_NEAR_DUPLICATE
Venomous/Russell's Viper/00483026.jpg,Russell's Viper,Venomous,train/Venomous_Snake/00483026.jpg,Venomous_Snake,TRAIN,0,0,HIGH_CONFIDENCE_NEAR_DUPLICATE,0,0.332857,0.998682,0.996518,0.993234,50,50,1.0,CONFIRMED_NEAR_DUPLICATE,pHash=0; dHash=0; aHash=0; aspect_delta=0.3329; pixel_corr=0.9987; SSIM=0.9965; hist_corr=0.9932; ORB_good=50; ORB_inliers=50; ORB_inlier_ratio=1.0000,HIGH_CONFIDENCE_NEAR_DUPLICATE
Venomous/Russell's Viper/00550436.jpg,Russell's Viper,Venomous,train/Venomous_Snake/00550436.jpg,Venomous_Snake,TRAIN,0,0,HIGH_CONFIDENCE_NEAR_DUPLICATE,0,0.332857,0.998888,0.996722,0.997505,42,39,0.928571,CONFIRMED_NEAR_DUPLICATE,pHash=0; dHash=0; aHash=0; aspect_delta=0.3329; pixel_corr=0.9989; SSIM=0.9967; hist_corr=0.9975; ORB_good=42; ORB_inliers=39; ORB_inlier_ratio=0.9286,HIGH_CONFIDENCE_NEAR_DUPLICATE
Venomous/Russell's Viper/00550437.jpg,Russell's Viper,Venomous,train/Venomous_Snake/00550437.jpg,Venomous_Snake,TRAIN,0,0,HIGH_CONFIDENCE_NEAR_DUPLICATE,0,0.332857,0.998792,0.996621,0.998927,56,53,0.946429,CONFIRMED_NEAR_DUPLICATE,pHash=0; dHash=0; aHash=0; aspect_delta=0.3329; pixel_corr=0.9988; SSIM=0.9966; hist_corr=0.9989; ORB_good=56; ORB_inliers=53; ORB_inlier_ratio=0.9464,HIGH_CONFIDENCE_NEAR_DUPLICATE
Venomous/Russell's Viper/00550438.jpg,Russell's Viper,Venomous,test/Venomous_Snake/00550438.jpg,Venomous_Snake,TEST,0,2,HIGH_CONFIDENCE_NEAR_DUPLICATE,0,0.332857,0.996367,0.990483,0.999119,30,30,1.0,CONFIRMED_NEAR_DUPLICATE,pHash=0; dHash=2; aHash=0; aspect_delta=0.3329; pixel_corr=0.9964; SSIM=0.9905; hist_corr=0.9991; ORB_good=30; ORB_inliers=30; ORB_inlier_ratio=1.0000,HIGH_CONFIDENCE_NEAR_DUPLICATE
Venomous/Russell's Viper/01AS-N31E.jpg,Russell's Viper,Venomous,train/Venomous_Snake/01AS-N31E.jpg,Venomous_Snake,TRAIN,0,0,HIGH_CONFIDENCE_NEAR_DUPLICATE,0,0.327485,0.999702,0.997806,0.999426,36,30,0.833333,CONFIRMED_NEAR_DUPLICATE,pHash=0; dHash=0; aHash=0; aspect_delta=0.3275; pixel_corr=0.9997; SSIM=0.9978; hist_corr=0.9994; ORB_good=36; ORB_inliers=30; ORB_inlier_ratio=0.8333,HIGH_CONFIDENCE_NEAR_DUPLICATE
Venomous/Russell's Viper/01AS-N8UP.jpg,Russell's Viper,Venomous,train/Venomous_Snake/01AS-N8UP.jpg,Venomous_Snake,TRAIN,0,0,HIGH_CONFIDENCE_NEAR_DUPLICATE,0,0.342857,0.999558,0.998358,0.999066,25,21,0.84,CONFIRMED_NEAR_DUPLICATE,pHash=0; dHash=0; aHash=0; aspect_delta=0.3429; pixel_corr=0.9996; SSIM=0.9984; hist_corr=0.9991; ORB_good=25; ORB_inliers=21; ORB_inlier_ratio=0.8400,HIGH_CONFIDENCE_NEAR_DUPLICATE
Venomous/Russell's Viper/01AS-N8UQ.jpg,Russell's Viper,Venomous,train/Venomous_Snake/01AS-N8UQ.jpg,Venomous_Snake,TRAIN,2,0,HIGH_CONFIDENCE_NEAR_DUPLICATE,0,0.323529,0.99947,0.997306,0.99976,40,33,0.825,CONFIRMED_NEAR_DUPLICATE,pHash=2; dHash=0; aHash=0; aspect_delta=0.3235; pixel_corr=0.9995; SSIM=0.9973; hist_corr=0.9998; ORB_good=40; ORB_inliers=33; ORB_inlier_ratio=0.8250,HIGH_CONFIDENCE_NEAR_DUPLICATE
Venomous/Russell's Viper/01AS-QYGA.jpg,Russell's Viper,Venomous,test/Venomous_Snake/01AS-QYGA.jpg,Venomous_Snake,TEST,0,0,HIGH_CONFIDENCE_NEAR_DUPLICATE,2,0.333333,0.999493,0.997953,0.999633,48,41,0.854167,CONFIRMED_NEAR_DUPLICATE,pHash=0; dHash=0; aHash=2; aspect_delta=0.3333; pixel_corr=0.9995; SSIM=0.9980; hist_corr=0.9996; ORB_good=48; ORB_inliers=41; ORB_inlier_ratio=0.8542,HIGH_CONFIDENCE_NEAR_DUPLICATE
Venomous/Russell's Viper/0390.jpeg,Russell's Viper,Venomous,test/Venomous_Snake/0390.jpg,Venomous_Snake,TEST,0,2,HIGH_CONFIDENCE_NEAR_DUPLICATE,1,0.34375,0.957478,0.876376,0.996472,29,27,0.931034,CONFIRMED_NEAR_DUPLICATE,pHash=0; dHash=2; aHash=1; aspect_delta=0.3437; pixel_corr=0.9575; SSIM=0.8764; hist_corr=0.9965; ORB_good=29; ORB_inliers=27; ORB_inlier_ratio=0.9310,HIGH_CONFIDENCE_NEAR_DUPLICATE
Venomous/Russell's Viper/0499.jpeg,Russell's Viper,Venomous,test/Venomous_Snake/0499.jpg,Venomous_Snake,TEST,2,1,HIGH_CONFIDENCE_NEAR_DUPLICATE,0,0.332941,0.9776,0.94854,0.997433,67,66,0.985075,CONFIRMED_NEAR_DUPLICATE,pHash=2; dHash=1; aHash=0; aspect_delta=0.3329; pixel_corr=0.9776; SSIM=0.9485; hist_corr=0.9974; ORB_good=67; ORB_inliers=66; ORB_inlier_ratio=0.9851,HIGH_CONFIDENCE_NEAR_DUPLICATE
Venomous/Russell's Viper/08JulPykke02 viper.ART_G835841D7.1+09THRUSSELL_VIPER_2.jpg,Russell's Viper,Venomous,test/Venomous_Snake/08JulPykke02 viper.ART_G835841D7.1+09THRUSSELL_VIPER_2.jpg,Venomous_Snake,TEST,0,0,HIGH_CONFIDENCE_NEAR_DUPLICATE,0,0.37561,0.999467,0.995142,0.999764,43,38,0.883721,CONFIRMED_NEAR_DUPLICATE,pHash=0; dHash=0; aHash=0; aspect_delta=0.3756; pixel_corr=0.9995; SSIM=0.9951; hist_corr=0.9998; ORB_good=43; ORB_inliers=38; ORB_inlier_ratio=0.8837,HIGH_CONFIDENCE_NEAR_DUPLICATE
Venomous/Russell's Viper/1.jpg,Russell's Viper,Venomous,test/Venomous_Snake/1 (3).jpg,Venomous_Snake,TEST,0,0,HIGH_CONFIDENCE_NEAR_DUPLICATE,0,0.369444,0.999354,0.997431,0.999844,30,23,0.766667,CONFIRMED_NEAR_DUPLICATE,pHash=0; dHash=0; aHash=0; aspect_delta=0.3694; pixel_corr=0.9994; SSIM=0.9974; hist_corr=0.9998; ORB_good=30; ORB_inliers=23; ORB_inlier_ratio=0.7667,HIGH_CONFIDENCE_NEAR_DUPLICATE
Venomous/Russell's Viper/1124russviper001.JPG,Russell's Viper,Venomous,test/Venomous_Snake/1124russviper001.JPG,Venomous_Snake,TEST,2,0,HIGH_CONFIDENCE_NEAR_DUPLICATE,1,0.3375,0.999192,0.998174,0.996387,21,20,0.952381,CONFIRMED_NEAR_DUPLICATE,pHash=2; dHash=0; aHash=1; aspect_delta=0.3375; pixel_corr=0.9992; SSIM=0.9982; hist_corr=0.9964; ORB_good=21; ORB_inliers=20; ORB_inlier_ratio=0.9524,HIGH_CONFIDENCE_NEAR_DUPLICATE
Venomous/Russell's Viper/1232377184_b7561e0e4a_b.jpg,Russell's Viper,Venomous,train/Venomous_Snake/1232377184_b7561e0e4a_b.jpg,Venomous_Snake,TRAIN,0,1,HIGH_CONFIDENCE_NEAR_DUPLICATE,0,0.25,0.999764,0.995825,0.999361,75,72,0.96,CONFIRMED_NEAR_DUPLICATE,pHash=0; dHash=1; aHash=0; aspect_delta=0.2500; pixel_corr=0.9998; SSIM=0.9958; hist_corr=0.9994; ORB_good=75; ORB_inliers=72; ORB_inlier_ratio=0.9600,HIGH_CONFIDENCE_NEAR_DUPLICATE
Venomous/Russell's Viper/1438850877IMG_0479.JPG,Russell's Viper,Venomous,train/Venomous_Snake/1438850877IMG_0479.JPG,Venomous_Snake,TRAIN,0,0,HIGH_CONFIDENCE_NEAR_DUPLICATE,0,0.145,0.999474,0.997094,0.999023,239,231,0.966527,CONFIRMED_NEAR_DUPLICATE,pHash=0; dHash=0; aHash=0; aspect_delta=0.1450; pixel_corr=0.9995; SSIM=0.9971; hist_corr=0.9990; ORB_good=239; ORB_inliers=231; ORB_inlier_ratio=0.9665,HIGH_CONFIDENCE_NEAR_DUPLICATE
Venomous/Russell's Viper/1438850878p-17.jpg,Russell's Viper,Venomous,train/Venomous_Snake/1438850878p-17.jpg,Venomous_Snake,TRAIN,0,0,HIGH_CONFIDENCE_NEAR_DUPLICATE,0,0.245,0.999526,0.998099,0.999686,154,152,0.987013,CONFIRMED_NEAR_DUPLICATE,pHash=0; dHash=0; aHash=0; aspect_delta=0.2450; pixel_corr=0.9995; SSIM=0.9981; hist_corr=0.9997; ORB_good=154; ORB_inliers=152; ORB_inlier_ratio=0.9870,HIGH_CONFIDENCE_NEAR_DUPLICATE
Venomous/Russell's Viper/15214744307_0f954327e5_b.jpg,Russell's Viper,Venomous,train/Venomous_Snake/15214744307_0f954327e5_b.jpg,Venomous_Snake,TRAIN,2,0,HIGH_CONFIDENCE_NEAR_DUPLICATE,0,0.333008,0.999299,0.998268,0.997928,28,28,1.0,CONFIRMED_NEAR_DUPLICATE,pHash=2; dHash=0; aHash=0; aspect_delta=0.3330; pixel_corr=0.9993; SSIM=0.9983; hist_corr=0.9979; ORB_good=28; ORB_inliers=28; ORB_inlier_ratio=1.0000,HIGH_CONFIDENCE_NEAR_DUPLICATE
Venomous/Russell's Viper/16121579037_bd92bd8404_b.jpg,Russell's Viper,Venomous,train/Venomous_Snake/16121579037_bd92bd8404_b.jpg,Venomous_Snake,TRAIN,0,0,HIGH_CONFIDENCE_NEAR_DUPLICATE,0,0.333008,0.999348,0.99609,0.998885,28,26,0.928571,CONFIRMED_NEAR_DUPLICATE,pHash=0; dHash=0; aHash=0; aspect_delta=0.3330; pixel_corr=0.9993; SSIM=0.9961; hist_corr=0.9989; ORB_good=28; ORB_inliers=26; ORB_inlier_ratio=0.9286,HIGH_CONFIDENCE_NEAR_DUPLICATE
Venomous/Russell's Viper/16964068388_c1afa0ed14.jpg,Russell's Viper,Venomous,train/Venomous_Snake/16964068388_c1afa0ed14.jpg,Venomous_Snake,TRAIN,0,0,HIGH_CONFIDENCE_NEAR_DUPLICATE,0,0.334,0.999738,0.998536,0.997217,63,58,0.920635,CONFIRMED_NEAR_DUPLICATE,pHash=0; dHash=0; aHash=0; aspect_delta=0.3340; pixel_corr=0.9997; SSIM=0.9985; hist_corr=0.9972; ORB_good=63; ORB_inliers=58; ORB_inlier_ratio=0.9206,HIGH_CONFIDENCE_NEAR_DUPLICATE
Venomous/Russell's Viper/2.jpg,Russell's Viper,Venomous,test/Venomous_Snake/2 (2).jpg,Venomous_Snake,TEST,0,0,HIGH_CONFIDENCE_NEAR_DUPLICATE,0,0.442187,0.99962,0.997677,0.999723,27,23,0.851852,CONFIRMED_NEAR_DUPLICATE,pHash=0; dHash=0; aHash=0; aspect_delta=0.4422; pixel_corr=0.9996; SSIM=0.9977; hist_corr=0.9997; ORB_good=27; ORB_inliers=23; ORB_inlier_ratio=0.8519,HIGH_CONFIDENCE_NEAR_DUPLICATE
Venomous/Russell's Viper/20090613_Daboia_russelii_Russells_Viper_Kettenviper_Pune.jpg,Russell's Viper,Venomous,test/Venomous_Snake/20090613_Daboia_russelii_Russells_Viper_Kettenviper_Pune.jpg,Venomous_Snake,TEST,0,0,HIGH_CONFIDENCE_NEAR_DUPLICATE,0,0.108147,0.998953,0.994333,0.999588,2,0,0.0,LIKELY_NEAR_DUPLICATE,pHash=0; dHash=0; aHash=0; aspect_delta=0.1081; pixel_corr=0.9990; SSIM=0.9943; hist_corr=0.9996; ORB_good=2; ORB_inliers=0; ORB_inlier_ratio=0.0000,POSSIBLE_NEAR_DUPLICATE
Venomous/Russell's Viper/20839492034_f052077617.jpg,Russell's Viper,Venomous,train/Venomous_Snake/20839492034_f052077617.jpg,Venomous_Snake,TRAIN,0,0,HIGH_CONFIDENCE_NEAR_DUPLICATE,0,0.25,0.998791,0.997086,0.998812,103,95,0.92233,CONFIRMED_NEAR_DUPLICATE,pHash=0; dHash=0; aHash=0; aspect_delta=0.2500; pixel_corr=0.9988; SSIM=0.9971; hist_corr=0.9988; ORB_good=103; ORB_inliers=95; ORB_inlier_ratio=0.9223,HIGH_CONFIDENCE_NEAR_DUPLICATE
Venomous/Russell's Viper/20855503-Adult-Russell-s-Viper-Daboia-russelii-Tamil-Nadu-South-India-Stock-Photo.jpg,Russell's Viper,Venomous,test/Venomous_Snake/20855503-Adult-Russell-s-Viper-Daboia-russelii-Tamil-Nadu-South-India-Stock-Photo.jpg,Venomous_Snake,TEST,0,0,HIGH_CONFIDENCE_NEAR_DUPLICATE,0,0.335385,0.998831,0.993936,0.991798,14,10,0.714286,POSSIBLE_NEAR_DUPLICATE,pHash=0; dHash=0; aHash=0; aspect_delta=0.3354; pixel_corr=0.9988; SSIM=0.9939; hist_corr=0.9918; ORB_good=14; ORB_inliers=10; ORB_inlier_ratio=0.7143,POSSIBLE_NEAR_DUPLICATE
Venomous/Russell's Viper/20855505-Camouflage-pattern-on-adult-Russell-s-Viper-Daboia-russelii-Tamil-Nadu-South-India-Stock-Photo.jpg,Russell's Viper,Venomous,test/Venomous_Snake/20855505-Camouflage-pattern-on-adult-Russell-s-Viper-Daboia-russelii-Tamil-Nadu-South-India-Stock-Photo.jpg,Venomous_Snake,TEST,0,0,HIGH_CONFIDENCE_NEAR_DUPLICATE,0,0.336923,0.999409,0.996485,0.99794,13,10,0.769231,POSSIBLE_NEAR_DUPLICATE,pHash=0; dHash=0; aHash=0; aspect_delta=0.3369; pixel_corr=0.9994; SSIM=0.9965; hist_corr=0.9979; ORB_good=13; ORB_inliers=10; ORB_inlier_ratio=0.7692,POSSIBLE_NEAR_DUPLICATE
Venomous/Russell's Viper/2103365373_25acae0a08.jpg,Russell's Viper,Venomous,train/Venomous_Snake/2103365373_25acae0a08.jpg,Venomous_Snake,TRAIN,0,0,HIGH_CONFIDENCE_NEAR_DUPLICATE,0,0.254777,0.999684,0.997396,0.999896,167,163,0.976048,CONFIRMED_NEAR_DUPLICATE,pHash=0; dHash=0; aHash=0; aspect_delta=0.2548; pixel_corr=0.9997; SSIM=0.9974; hist_corr=0.9999; ORB_good=167; ORB_inliers=163; ORB_inlier_ratio=0.9760,HIGH_CONFIDENCE_NEAR_DUPLICATE
Venomous/Russell's Viper/220px-Russells_viper_in_pune_zoo.jpg,Russell's Viper,Venomous,test/Venomous_Snake/220px-Russells_viper_in_pune_zoo.jpg,Venomous_Snake,TEST,0,0,HIGH_CONFIDENCE_NEAR_DUPLICATE,0,0.331818,0.99931,0.996662,0.999087,22,18,0.818182,CONFIRMED_NEAR_DUPLICATE,pHash=0; dHash=0; aHash=0; aspect_delta=0.3318; pixel_corr=0.9993; SSIM=0.9967; hist_corr=0.9991; ORB_good=22; ORB_inliers=18; ORB_inlier_ratio=0.8182,HIGH_CONFIDENCE_NEAR_DUPLICATE
Venomous/Russell's Viper/221163-russell-s-viper.jpg,Russell's Viper,Venomous,train/Venomous_Snake/221163-russell-s-viper.jpg,Venomous_Snake,TRAIN,0,1,HIGH_CONFIDENCE_NEAR_DUPLICATE,0,0.0,0.999914,0.999219,0.999468,754,754,1.0,CONFIRMED_NEAR_DUPLICATE,pHash=0; dHash=1; aHash=0; aspect_delta=0.0000; pixel_corr=0.9999; SSIM=0.9992; hist_corr=0.9995; ORB_good=754; ORB_inliers=754; ORB_inlier_ratio=1.0000,HIGH_CONFIDENCE_NEAR_DUPLICATE
Venomous/Russell's Viper/23498842244_3e5d4cfab6.jpg,Russell's Viper,Venomous,train/Venomous_Snake/23498842244_3e5d4cfab6.jpg,Venomous_Snake,TRAIN,0,1,HIGH_CONFIDENCE_NEAR_DUPLICATE,0,0.384,0.999246,0.997188,0.999342,27,26,0.962963,CONFIRMED_NEAR_DUPLICATE,pHash=0; dHash=1; aHash=0; aspect_delta=0.3840; pixel_corr=0.9992; SSIM=0.9972; hist_corr=0.9993; ORB_good=27; ORB_inliers=26; ORB_inlier_ratio=0.9630,HIGH_CONFIDENCE_NEAR_DUPLICATE
Venomous/Russell's Viper/24166458841_50d7cf228b_b.jpg,Russell's Viper,Venomous,train/Venomous_Snake/24166458841_50d7cf228b_b.jpg,Venomous_Snake,TRAIN,0,0,HIGH_CONFIDENCE_NEAR_DUPLICATE,0,0.274414,0.998848,0.996876,0.997626,70,68,0.971429,CONFIRMED_NEAR_DUPLICATE,pHash=0; dHash=0; aHash=0; aspect_delta=0.2744; pixel_corr=0.9988; SSIM=0.9969; hist_corr=0.9976; ORB_good=70; ORB_inliers=68; ORB_inlier_ratio=0.9714,HIGH_CONFIDENCE_NEAR_DUPLICATE
Venomous/Russell's Viper/3.jpg,Russell's Viper,Venomous,test/Venomous_Snake/3 (2).jpg,Venomous_Snake,TEST,0,0,HIGH_CONFIDENCE_NEAR_DUPLICATE,0,0.283482,0.999336,0.998341,0.999833,95,88,0.926316,CONFIRMED_NEAR_DUPLICATE,pHash=0; dHash=0; aHash=0; aspect_delta=0.2835; pixel_corr=0.9993; SSIM=0.9983; hist_corr=0.9998; ORB_good=95; ORB_inliers=88; ORB_inlier_ratio=0.9263,HIGH_CONFIDENCE_NEAR_DUPLICATE
Venomous/Russell's Viper/30.jpg,Russell's Viper,Venomous,test/Venomous_Snake/30 (2).jpg,Venomous_Snake,TEST,0,0,HIGH_CONFIDENCE_NEAR_DUPLICATE,0,0.270125,0.999811,0.998578,0.999569,143,136,0.951049,CONFIRMED_NEAR_DUPLICATE,pHash=0; dHash=0; aHash=0; aspect_delta=0.2701; pixel_corr=0.9998; SSIM=0.9986; hist_corr=0.9996; ORB_good=143; ORB_inliers=136; ORB_inlier_ratio=0.9510,HIGH_CONFIDENCE_NEAR_DUPLICATE
Venomous/Russell's Viper/31 copy.jpg,Russell's Viper,Venomous,test/Venomous_Snake/31 copy.jpg,Venomous_Snake,TEST,0,0,HIGH_CONFIDENCE_NEAR_DUPLICATE,0,0.17148,0.999632,0.998838,0.999421,228,224,0.982456,CONFIRMED_NEAR_DUPLICATE,pHash=0; dHash=0; aHash=0; aspect_delta=0.1715; pixel_corr=0.9996; SSIM=0.9988; hist_corr=0.9994; ORB_good=228; ORB_inliers=224; ORB_inlier_ratio=0.9825,HIGH_CONFIDENCE_NEAR_DUPLICATE
Venomous/Russell's Viper/371843609_0ed582491a.jpg,Russell's Viper,Venomous,train/Venomous_Snake/371843609_0ed582491a.jpg,Venomous_Snake,TRAIN,2,0,HIGH_CONFIDENCE_NEAR_DUPLICATE,0,0.334,0.999198,0.997999,0.999079,75,72,0.96,CONFIRMED_NEAR_DUPLICATE,pHash=2; dHash=0; aHash=0; aspect_delta=0.3340; pixel_corr=0.9992; SSIM=0.9980; hist_corr=0.9991; ORB_good=75; ORB_inliers=72; ORB_inlier_ratio=0.9600,HIGH_CONFIDENCE_NEAR_DUPLICATE
Venomous/Russell's Viper/4179-39698.jpg,Russell's Viper,Venomous,test/Venomous_Snake/4179-39698.jpg,Venomous_Snake,TEST,0,1,HIGH_CONFIDENCE_NEAR_DUPLICATE,0,0.332692,0.999669,0.998611,0.998412,67,56,0.835821,CONFIRMED_NEAR_DUPLICATE,pHash=0; dHash=1; aHash=0; aspect_delta=0.3327; pixel_corr=0.9997; SSIM=0.9986; hist_corr=0.9984; ORB_good=67; ORB_inliers=56; ORB_inlier_ratio=0.8358,HIGH_CONFIDENCE_NEAR_DUPLICATE
Venomous/Russell's Viper/4975186.jpg,Russell's Viper,Venomous,test/Venomous_Snake/4975186.jpg,Venomous_Snake,TEST,0,0,HIGH_CONFIDENCE_NEAR_DUPLICATE,0,0.248963,0.999691,0.997153,0.999552,64,59,0.921875,CONFIRMED_NEAR_DUPLICATE,pHash=0; dHash=0; aHash=0; aspect_delta=0.2490; pixel_corr=0.9997; SSIM=0.9972; hist_corr=0.9996; ORB_good=64; ORB_inliers=59; ORB_inlier_ratio=0.9219,HIGH_CONFIDENCE_NEAR_DUPLICATE
Venomous/Russell's Viper/50654.jpg,Russell's Viper,Venomous,train/Venomous_Snake/50654.jpg,Venomous_Snake,TRAIN,0,2,HIGH_CONFIDENCE_NEAR_DUPLICATE,0,0.331595,0.999375,0.991814,0.999914,39,35,0.897436,CONFIRMED_NEAR_DUPLICATE,pHash=0; dHash=2; aHash=0; aspect_delta=0.3316; pixel_corr=0.9994; SSIM=0.9918; hist_corr=0.9999; ORB_good=39; ORB_inliers=35; ORB_inlier_ratio=0.8974,HIGH_CONFIDENCE_NEAR_DUPLICATE
Venomous/Russell's Viper/5101695344_48fe2388e9_b.jpg,Russell's Viper,Venomous,train/Venomous_Snake/5101695344_48fe2388e9_b.jpg,Venomous_Snake,TRAIN,0,0,HIGH_CONFIDENCE_NEAR_DUPLICATE,0,0.111328,0.999854,0.997995,0.998436,171,168,0.982456,CONFIRMED_NEAR_DUPLICATE,pHash=0; dHash=0; aHash=0; aspect_delta=0.1113; pixel_corr=0.9999; SSIM=0.9980; hist_corr=0.9984; ORB_good=171; ORB_inliers=168; ORB_inlier_ratio=0.9825,HIGH_CONFIDENCE_NEAR_DUPLICATE
Venomous/Russell's Viper/5140650546_698c8b9dc9_b.jpg,Russell's Viper,Venomous,train/Venomous_Snake/5140650546_698c8b9dc9_b.jpg,Venomous_Snake,TRAIN,0,1,HIGH_CONFIDENCE_NEAR_DUPLICATE,0,0.201172,0.999179,0.994994,0.999816,95,94,0.989474,CONFIRMED_NEAR_DUPLICATE,pHash=0; dHash=1; aHash=0; aspect_delta=0.2012; pixel_corr=0.9992; SSIM=0.9950; hist_corr=0.9998; ORB_good=95; ORB_inliers=94; ORB_inlier_ratio=0.9895,HIGH_CONFIDENCE_NEAR_DUPLICATE
Venomous/Russell's Viper/51523Bild_354.jpg,Russell's Viper,Venomous,train/Venomous_Snake/51523Bild_354.jpg,Venomous_Snake,TRAIN,0,1,HIGH_CONFIDENCE_NEAR_DUPLICATE,0,0.25,0.999753,0.998865,0.996313,44,43,0.977273,CONFIRMED_NEAR_DUPLICATE,pHash=0; dHash=1; aHash=0; aspect_delta=0.2500; pixel_corr=0.9998; SSIM=0.9989; hist_corr=0.9963; ORB_good=44; ORB_inliers=43; ORB_inlier_ratio=0.9773,HIGH_CONFIDENCE_NEAR_DUPLICATE
Venomous/Russell's Viper/5207091.jpg,Russell's Viper,Venomous,test/Venomous_Snake/5207091.jpg,Venomous_Snake,TEST,0,0,HIGH_CONFIDENCE_NEAR_DUPLICATE,0,0.128,0.999621,0.997997,0.997899,224,210,0.9375,CONFIRMED_NEAR_DUPLICATE,pHash=0; dHash=0; aHash=0; aspect_delta=0.1280; pixel_corr=0.9996; SSIM=0.9980; hist_corr=0.9979; ORB_good=224; ORB_inliers=210; ORB_inlier_ratio=0.9375,HIGH_CONFIDENCE_NEAR_DUPLICATE
Venomous/Russell's Viper/5384077d7fe23.jpg,Russell's Viper,Venomous,test/Venomous_Snake/5384077d7fe23.jpg,Venomous_Snake,TEST,0,0,HIGH_CONFIDENCE_NEAR_DUPLICATE,0,0.528474,0.999741,0.997638,0.999384,3,0,0.0,POSSIBLE_NEAR_DUPLICATE,pHash=0; dHash=0; aHash=0; aspect_delta=0.5285; pixel_corr=0.9997; SSIM=0.9976; hist_corr=0.9994; ORB_good=3; ORB_inliers=0; ORB_inlier_ratio=0.0000,POSSIBLE_NEAR_DUPLICATE
Venomous/Russell's Viper/5384096bcdfba.jpg,Russell's Viper,Venomous,test/Venomous_Snake/5384096bcdfba.jpg,Venomous_Snake,TEST,0,0,HIGH_CONFIDENCE_NEAR_DUPLICATE,0,0.503856,0.999676,0.998357,0.999718,11,8,0.727273,POSSIBLE_NEAR_DUPLICATE,pHash=0; dHash=0; aHash=0; aspect_delta=0.5039; pixel_corr=0.9997; SSIM=0.9984; hist_corr=0.9997; ORB_good=11; ORB_inliers=8; ORB_inlier_ratio=0.7273,POSSIBLE_NEAR_DUPLICATE
Venomous/Russell's Viper/5384096bea0ed.jpg,Russell's Viper,Venomous,test/Venomous_Snake/5384096bea0ed.jpg,Venomous_Snake,TEST,0,0,HIGH_CONFIDENCE_NEAR_DUPLICATE,0,0.598,0.999631,0.998139,0.999759,4,4,1.0,POSSIBLE_NEAR_DUPLICATE,pHash=0; dHash=0; aHash=0; aspect_delta=0.5980; pixel_corr=0.9996; SSIM=0.9981; hist_corr=0.9998; ORB_good=4; ORB_inliers=4; ORB_inlier_ratio=1.0000,POSSIBLE_NEAR_DUPLICATE
Venomous/Russell's Viper/5384096c1c063.jpg,Russell's Viper,Venomous,test/Venomous_Snake/5384096c1c063.jpg,Venomous_Snake,TEST,0,0,HIGH_CONFIDENCE_NEAR_DUPLICATE,0,0.171745,0.99953,0.998379,0.999672,289,269,0.930796,CONFIRMED_NEAR_DUPLICATE,pHash=0; dHash=0; aHash=0; aspect_delta=0.1717; pixel_corr=0.9995; SSIM=0.9984; hist_corr=0.9997; ORB_good=289; ORB_inliers=269; ORB_inlier_ratio=0.9308,HIGH_CONFIDENCE_NEAR_DUPLICATE
Venomous/Russell's Viper/5419812_orig.jpg,Russell's Viper,Venomous,test/Venomous_Snake/5419812_orig.jpg,Venomous_Snake,TEST,0,0,HIGH_CONFIDENCE_NEAR_DUPLICATE,0,0.332,0.999853,0.996641,0.999947,72,68,0.944444,CONFIRMED_NEAR_DUPLICATE,pHash=0; dHash=0; aHash=0; aspect_delta=0.3320; pixel_corr=0.9999; SSIM=0.9966; hist_corr=0.9999; ORB_good=72; ORB_inliers=68; ORB_inlier_ratio=0.9444,HIGH_CONFIDENCE_NEAR_DUPLICATE
Venomous/Russell's Viper/6096504998_19989dc810_z.jpg,Russell's Viper,Venomous,train/Venomous_Snake/6096504998_19989dc810_z.jpg,Venomous_Snake,TRAIN,0,0,HIGH_CONFIDENCE_NEAR_DUPLICATE,0,0.25,0.999781,0.995509,0.998902,175,171,0.977143,CONFIRMED_NEAR_DUPLICATE,pHash=0; dHash=0; aHash=0; aspect_delta=0.2500; pixel_corr=0.9998; SSIM=0.9955; hist_corr=0.9989; ORB_good=175; ORB_inliers=171; ORB_inlier_ratio=0.9771,HIGH_CONFIDENCE_NEAR_DUPLICATE
Venomous/Russell's Viper/621cc2e9123ff3733add9cf51d374c1c--top-five-hady.jpg,Russell's Viper,Venomous,test/Venomous_Snake/621cc2e9123ff3733add9cf51d374c1c--top-five-hady.jpg,Venomous_Snake,TEST,0,0,HIGH_CONFIDENCE_NEAR_DUPLICATE,0,0.0,0.998743,0.996916,0.999809,236,223,0.944915,CONFIRMED_NEAR_DUPLICATE,pHash=0; dHash=0; aHash=0; aspect_delta=0.0000; pixel_corr=0.9987; SSIM=0.9969; hist_corr=0.9998; ORB_good=236; ORB_inliers=223; ORB_inlier_ratio=0.9449,HIGH_CONFIDENCE_NEAR_DUPLICATE
Venomous/Russell's Viper/7417839_orig.jpg,Russell's Viper,Venomous,test/Venomous_Snake/7417839_orig.jpg,Venomous_Snake,TEST,0,0,HIGH_CONFIDENCE_NEAR_DUPLICATE,0,0.333333,0.999438,0.996719,0.999494,56,56,1.0,CONFIRMED_NEAR_DUPLICATE,pHash=0; dHash=0; aHash=0; aspect_delta=0.3333; pixel_corr=0.9994; SSIM=0.9967; hist_corr=0.9995; ORB_good=56; ORB_inliers=56; ORB_inlier_ratio=1.0000,HIGH_CONFIDENCE_NEAR_DUPLICATE
Venomous/Russell's Viper/8fa72038962b6df573adbdd40eb3bdea.jpg,Russell's Viper,Venomous,test/Venomous_Snake/8fa72038962b6df573adbdd40eb3bdea.jpg,Venomous_Snake,TEST,2,0,HIGH_CONFIDENCE_NEAR_DUPLICATE,0,0.3,0.99911,0.997167,0.994085,92,83,0.902174,CONFIRMED_NEAR_DUPLICATE,pHash=2; dHash=0; aHash=0; aspect_delta=0.3000; pixel_corr=0.9991; SSIM=0.9972; hist_corr=0.9941; ORB_good=92; ORB_inliers=83; ORB_inlier_ratio=0.9022,HIGH_CONFIDENCE_NEAR_DUPLICATE
Venomous/Russell's Viper/900-464852747-russells-viper.jpg,Russell's Viper,Venomous,test/Venomous_Snake/900-464852747-russells-viper.jpg,Venomous_Snake,TEST,0,0,HIGH_CONFIDENCE_NEAR_DUPLICATE,0,0.378889,0.999839,0.999387,0.998388,28,27,0.964286,CONFIRMED_NEAR_DUPLICATE,pHash=0; dHash=0; aHash=0; aspect_delta=0.3789; pixel_corr=0.9998; SSIM=0.9994; hist_corr=0.9984; ORB_good=28; ORB_inliers=27; ORB_inlier_ratio=0.9643,HIGH_CONFIDENCE_NEAR_DUPLICATE
Venomous/Russell's Viper/90355786.jpg,Russell's Viper,Venomous,train/Venomous_Snake/90355786.jpg,Venomous_Snake,TRAIN,2,0,HIGH_CONFIDENCE_NEAR_DUPLICATE,0,0.334286,0.99974,0.998434,0.999916,39,32,0.820513,CONFIRMED_NEAR_DUPLICATE,pHash=2; dHash=0; aHash=0; aspect_delta=0.3343; pixel_corr=0.9997; SSIM=0.9984; hist_corr=0.9999; ORB_good=39; ORB_inliers=32; ORB_inlier_ratio=0.8205,HIGH_CONFIDENCE_NEAR_DUPLICATE
Venomous/Russell's Viper/a.JPG,Russell's Viper,Venomous,train/Venomous_Snake/a.JPG,Venomous_Snake,TRAIN,0,0,HIGH_CONFIDENCE_NEAR_DUPLICATE,1,0.341875,0.998783,0.997657,0.973444,11,10,0.909091,POSSIBLE_NEAR_DUPLICATE,pHash=0; dHash=0; aHash=1; aspect_delta=0.3419; pixel_corr=0.9988; SSIM=0.9977; hist_corr=0.9734; ORB_good=11; ORB_inliers=10; ORB_inlier_ratio=0.9091,POSSIBLE_NEAR_DUPLICATE
Venomous/Russell's Viper/aaa.JPG,Russell's Viper,Venomous,train/Venomous_Snake/aaa.JPG,Venomous_Snake,TRAIN,0,0,HIGH_CONFIDENCE_NEAR_DUPLICATE,0,0.326875,0.999588,0.998811,0.988435,23,21,0.913043,CONFIRMED_NEAR_DUPLICATE,pHash=0; dHash=0; aHash=0; aspect_delta=0.3269; pixel_corr=0.9996; SSIM=0.9988; hist_corr=0.9884; ORB_good=23; ORB_inliers=21; ORB_inlier_ratio=0.9130,HIGH_CONFIDENCE_NEAR_DUPLICATE
Venomous/Russell's Viper/aaaa.JPG,Russell's Viper,Venomous,train/Venomous_Snake/aaaa.JPG,Venomous_Snake,TRAIN,2,0,HIGH_CONFIDENCE_NEAR_DUPLICATE,0,0.333125,0.99854,0.997237,0.991252,9,7,0.777778,POSSIBLE_NEAR_DUPLICATE,pHash=2; dHash=0; aHash=0; aspect_delta=0.3331; pixel_corr=0.9985; SSIM=0.9972; hist_corr=0.9913; ORB_good=9; ORB_inliers=7; ORB_inlier_ratio=0.7778,POSSIBLE_NEAR_DUPLICATE
Venomous/Russell's Viper/cbc8f79baa7ed6c6004000dc68f1d8b4.jpg,Russell's Viper,Venomous,train/Venomous_Snake/cbc8f79baa7ed6c6004000dc68f1d8b4.jpg,Venomous_Snake,TRAIN,0,0,HIGH_CONFIDENCE_NEAR_DUPLICATE,0,0.2825,0.999502,0.998553,0.998523,43,34,0.790698,CONFIRMED_NEAR_DUPLICATE,pHash=0; dHash=0; aHash=0; aspect_delta=0.2825; pixel_corr=0.9995; SSIM=0.9986; hist_corr=0.9985; ORB_good=43; ORB_inliers=34; ORB_inlier_ratio=0.7907,HIGH_CONFIDENCE_NEAR_DUPLICATE
Venomous/Russell's Viper/D8B_8271_Daboia_siamensis_Sa_Keao9x16-300x169.jpg,Russell's Viper,Venomous,train/Venomous_Snake/D8B_8271_Daboia_siamensis_Sa_Keao9x16-300x169.jpg,Venomous_Snake,TRAIN,0,0,HIGH_CONFIDENCE_NEAR_DUPLICATE,0,0.436667,0.999395,0.997018,0.999799,12,10,0.833333,POSSIBLE_NEAR_DUPLICATE,pHash=0; dHash=0; aHash=0; aspect_delta=0.4367; pixel_corr=0.9994; SSIM=0.9970; hist_corr=0.9998; ORB_good=12; ORB_inliers=10; ORB_inlier_ratio=0.8333,POSSIBLE_NEAR_DUPLICATE
Venomous/Russell's Viper/D8B_8356_Daboia_Siamensis_Sa_Keao-720x340.jpg,Russell's Viper,Venomous,train/Venomous_Snake/D8B_8356_Daboia_Siamensis_Sa_Keao-720x340.jpg,Venomous_Snake,TRAIN,0,1,HIGH_CONFIDENCE_NEAR_DUPLICATE,0,0.527778,0.99947,0.997893,0.999401,7,7,1.0,POSSIBLE_NEAR_DUPLICATE,pHash=0; dHash=1; aHash=0; aspect_delta=0.5278; pixel_corr=0.9995; SSIM=0.9979; hist_corr=0.9994; ORB_good=7; ORB_inliers=7; ORB_inlier_ratio=1.0000,POSSIBLE_NEAR_DUPLICATE
Venomous/Russell's Viper/daboia russelli copy.jpg,Russell's Viper,Venomous,train/Venomous_Snake/daboia russelli copy.jpg,Venomous_Snake,TRAIN,0,0,HIGH_CONFIDENCE_NEAR_DUPLICATE,0,0.462552,0.998654,0.996639,0.992384,4,4,1.0,POSSIBLE_NEAR_DUPLICATE,pHash=0; dHash=0; aHash=0; aspect_delta=0.4626; pixel_corr=0.9987; SSIM=0.9966; hist_corr=0.9924; ORB_good=4; ORB_inliers=4; ORB_inlier_ratio=1.0000,POSSIBLE_NEAR_DUPLICATE
Venomous/Russell's Viper/Daboia-russelii-03000025913_01.jpg,Russell's Viper,Venomous,train/Venomous_Snake/Daboia-russelii-03000025913_01.jpg,Venomous_Snake,TRAIN,0,0,HIGH_CONFIDENCE_NEAR_DUPLICATE,0,0.333929,0.99961,0.998631,0.999679,81,76,0.938272,CONFIRMED_NEAR_DUPLICATE,pHash=0; dHash=0; aHash=0; aspect_delta=0.3339; pixel_corr=0.9996; SSIM=0.9986; hist_corr=0.9997; ORB_good=81; ORB_inliers=76; ORB_inlier_ratio=0.9383,HIGH_CONFIDENCE_NEAR_DUPLICATE
Venomous/Russell's Viper/daboia-russelii-russells-viper-displaying-erect-fangs-these-fangs-H9ER3E.jpg,Russell's Viper,Venomous,train/Venomous_Snake/daboia-russelii-russells-viper-displaying-erect-fangs-these-fangs-H9ER3E.jpg,Venomous_Snake,TRAIN,0,0,HIGH_CONFIDENCE_NEAR_DUPLICATE,0,0.261538,0.99979,0.997085,0.998237,54,52,0.962963,CONFIRMED_NEAR_DUPLICATE,pHash=0; dHash=0; aHash=0; aspect_delta=0.2615; pixel_corr=0.9998; SSIM=0.9971; hist_corr=0.9982; ORB_good=54; ORB_inliers=52; ORB_inlier_ratio=0.9630,HIGH_CONFIDENCE_NEAR_DUPLICATE
Venomous/Russell's Viper/daboia-russelii-russells-viper-dr22pc.jpg,Russell's Viper,Venomous,validation/Venomous_Snake/daboia-russelii-russells-viper-dr22pc.jpg,Venomous_Snake,VALIDATION,0,0,HIGH_CONFIDENCE_NEAR_DUPLICATE,1,0.304688,0.999186,0.997447,0.995351,75,73,0.973333,CONFIRMED_NEAR_DUPLICATE,pHash=0; dHash=0; aHash=1; aspect_delta=0.3047; pixel_corr=0.9992; SSIM=0.9974; hist_corr=0.9954; ORB_good=75; ORB_inliers=73; ORB_inlier_ratio=0.9733,HIGH_CONFIDENCE_NEAR_DUPLICATE
Venomous/Russell's Viper/daboia-russelii-russells-viper-DR22PC_001.jpg,Russell's Viper,Venomous,train/Venomous_Snake/daboia-russelii-russells-viper-DR22PC_001.jpg,Venomous_Snake,TRAIN,0,0,HIGH_CONFIDENCE_NEAR_DUPLICATE,0,0.266923,0.999263,0.998089,0.995919,26,26,1.0,CONFIRMED_NEAR_DUPLICATE,pHash=0; dHash=0; aHash=0; aspect_delta=0.2669; pixel_corr=0.9993; SSIM=0.9981; hist_corr=0.9959; ORB_good=26; ORB_inliers=26; ORB_inlier_ratio=1.0000,HIGH_CONFIDENCE_NEAR_DUPLICATE
Venomous/Russell's Viper/daboia-russelii-russells-viper-dr26ah.jpg,Russell's Viper,Venomous,train/Venomous_Snake/daboia-russelii-russells-viper-dr26ah.jpg,Venomous_Snake,TRAIN,0,0,HIGH_CONFIDENCE_NEAR_DUPLICATE,0,0.304688,0.999292,0.995842,0.995499,73,68,0.931507,CONFIRMED_NEAR_DUPLICATE,pHash=0; dHash=0; aHash=0; aspect_delta=0.3047; pixel_corr=0.9993; SSIM=0.9958; hist_corr=0.9955; ORB_good=73; ORB_inliers=68; ORB_inlier_ratio=0.9315,HIGH_CONFIDENCE_NEAR_DUPLICATE
Venomous/Russell's Viper/daboia-russelii-russells-viper-dr26fj.jpg,Russell's Viper,Venomous,train/Venomous_Snake/daboia-russelii-russells-viper-dr26fj.jpg,Venomous_Snake,TRAIN,0,1,HIGH_CONFIDENCE_NEAR_DUPLICATE,0,0.304688,0.999254,0.998343,0.99616,62,62,1.0,CONFIRMED_NEAR_DUPLICATE,pHash=0; dHash=1; aHash=0; aspect_delta=0.3047; pixel_corr=0.9993; SSIM=0.9983; hist_corr=0.9962; ORB_good=62; ORB_inliers=62; ORB_inlier_ratio=1.0000,HIGH_CONFIDENCE_NEAR_DUPLICATE
Venomous/Russell's Viper/daboia-russelii-russells-viper-these-juvenile-vipers-was-born-in-captivity-H9EPEA.jpg,Russell's Viper,Venomous,train/Venomous_Snake/daboia-russelii-russells-viper-these-juvenile-vipers-was-born-in-captivity-H9EPEA.jpg,Venomous_Snake,TRAIN,0,0,HIGH_CONFIDENCE_NEAR_DUPLICATE,0,0.275385,0.998934,0.998038,0.991125,32,29,0.90625,CONFIRMED_NEAR_DUPLICATE,pHash=0; dHash=0; aHash=0; aspect_delta=0.2754; pixel_corr=0.9989; SSIM=0.9980; hist_corr=0.9911; ORB_good=32; ORB_inliers=29; ORB_inlier_ratio=0.9062,HIGH_CONFIDENCE_NEAR_DUPLICATE
Venomous/Russell's Viper/daboia-russelii-russells-viper-venomous-mudumalai-sanctuary-tamilnadu-h9er01.jpg,Russell's Viper,Venomous,train/Venomous_Snake/daboia-russelii-russells-viper-venomous-mudumalai-sanctuary-tamilnadu-h9er01.jpg,Venomous_Snake,TRAIN,0,1,HIGH_CONFIDENCE_NEAR_DUPLICATE,0,0.284116,0.999648,0.997023,0.999771,108,101,0.935185,CONFIRMED_NEAR_DUPLICATE,pHash=0; dHash=1; aHash=0; aspect_delta=0.2841; pixel_corr=0.9996; SSIM=0.9970; hist_corr=0.9998; ORB_good=108; ORB_inliers=101; ORB_inlier_ratio=0.9352,HIGH_CONFIDENCE_NEAR_DUPLICATE
Venomous/Russell's Viper/Daboia-russelii-siamensis-russells-viper-chain-viper-bulian1.jpg,Russell's Viper,Venomous,train/Venomous_Snake/Daboia-russelii-siamensis-russells-viper-chain-viper-bulian1.jpg,Venomous_Snake,TRAIN,0,0,HIGH_CONFIDENCE_NEAR_DUPLICATE,0,0.25,0.999743,0.999428,0.998682,160,158,0.9875,CONFIRMED_NEAR_DUPLICATE,pHash=0; dHash=0; aHash=0; aspect_delta=0.2500; pixel_corr=0.9997; SSIM=0.9994; hist_corr=0.9987; ORB_good=160; ORB_inliers=158; ORB_inlier_ratio=0.9875,HIGH_CONFIDENCE_NEAR_DUPLICATE
Venomous/Russell's Viper/daboia-siamensis-siamese-russells-viper-800x600.jpg,Russell's Viper,Venomous,train/Venomous_Snake/daboia-siamensis-siamese-russells-viper-800x600.jpg,Venomous_Snake,TRAIN,0,0,HIGH_CONFIDENCE_NEAR_DUPLICATE,1,0.3325,0.999523,0.998406,0.999337,51,49,0.960784,CONFIRMED_NEAR_DUPLICATE,pHash=0; dHash=0; aHash=1; aspect_delta=0.3325; pixel_corr=0.9995; SSIM=0.9984; hist_corr=0.9993; ORB_good=51; ORB_inliers=49; ORB_inlier_ratio=0.9608,HIGH_CONFIDENCE_NEAR_DUPLICATE
Venomous/Russell's Viper/Daboia-siamensis-–-Eastern-Russell’s-Viper-Siamese-Russell’s-Viper-2.jpg,Russell's Viper,Venomous,validation/Venomous_Snake/Daboia-siamensis-ΓÇô-Eastern-RussellΓÇÖs-Viper-Siamese-RussellΓÇÖs-Viper-2.jpg,Venomous_Snake,VALIDATION,0,0,HIGH_CONFIDENCE_NEAR_DUPLICATE,0,0.36375,0.998309,0.995321,0.994638,13,12,0.923077,POSSIBLE_NEAR_DUPLICATE,pHash=0; dHash=0; aHash=0; aspect_delta=0.3637; pixel_corr=0.9983; SSIM=0.9953; hist_corr=0.9946; ORB_good=13; ORB_inliers=12; ORB_inlier_ratio=0.9231,POSSIBLE_NEAR_DUPLICATE
Venomous/Russell's Viper/daboia-tom-charlton-2011.jpg,Russell's Viper,Venomous,train/Venomous_Snake/daboia-tom-charlton-2011.jpg,Venomous_Snake,TRAIN,0,0,HIGH_CONFIDENCE_NEAR_DUPLICATE,1,0.333333,0.999657,0.998989,0.998166,41,40,0.97561,CONFIRMED_NEAR_DUPLICATE,pHash=0; dHash=0; aHash=1; aspect_delta=0.3333; pixel_corr=0.9997; SSIM=0.9990; hist_corr=0.9982; ORB_good=41; ORB_inliers=40; ORB_inlier_ratio=0.9756,HIGH_CONFIDENCE_NEAR_DUPLICATE
Venomous/Russell's Viper/daboia1l.jpg,Russell's Viper,Venomous,train/Venomous_Snake/daboia1l.jpg,Venomous_Snake,TRAIN,0,0,HIGH_CONFIDENCE_NEAR_DUPLICATE,2,0.333333,0.999882,0.999037,0.999321,67,66,0.985075,CONFIRMED_NEAR_DUPLICATE,pHash=0; dHash=0; aHash=2; aspect_delta=0.3333; pixel_corr=0.9999; SSIM=0.9990; hist_corr=0.9993; ORB_good=67; ORB_inliers=66; ORB_inlier_ratio=0.9851,HIGH_CONFIDENCE_NEAR_DUPLICATE
Venomous/Russell's Viper/daboia2l.jpg,Russell's Viper,Venomous,train/Venomous_Snake/daboia2l.jpg,Venomous_Snake,TRAIN,0,0,HIGH_CONFIDENCE_NEAR_DUPLICATE,1,0.333333,0.999869,0.99944,0.999247,83,82,0.987952,CONFIRMED_NEAR_DUPLICATE,pHash=0; dHash=0; aHash=1; aspect_delta=0.3333; pixel_corr=0.9999; SSIM=0.9994; hist_corr=0.9992; ORB_good=83; ORB_inliers=82; ORB_inlier_ratio=0.9880,HIGH_CONFIDENCE_NEAR_DUPLICATE
Venomous/Russell's Viper/Daboia_head.jpg,Russell's Viper,Venomous,train/Venomous_Snake/Daboia_head.jpg,Venomous_Snake,TRAIN,2,0,HIGH_CONFIDENCE_NEAR_DUPLICATE,0,0.25,0.999266,0.99818,0.999666,81,66,0.814815,CONFIRMED_NEAR_DUPLICATE,pHash=2; dHash=0; aHash=0; aspect_delta=0.2500; pixel_corr=0.9993; SSIM=0.9982; hist_corr=0.9997; ORB_good=81; ORB_inliers=66; ORB_inlier_ratio=0.8148,HIGH_CONFIDENCE_NEAR_DUPLICATE
Venomous/Russell's Viper/Daboia_russelii_A_Chawla01.jpg,Russell's Viper,Venomous,train/Venomous_Snake/Daboia_russelii_A_Chawla01.jpg,Venomous_Snake,TRAIN,0,1,HIGH_CONFIDENCE_NEAR_DUPLICATE,0,0.25,0.99929,0.991874,0.997147,3,0,0.0,POSSIBLE_NEAR_DUPLICATE,pHash=0; dHash=1; aHash=0; aspect_delta=0.2500; pixel_corr=0.9993; SSIM=0.9919; hist_corr=0.9971; ORB_good=3; ORB_inliers=0; ORB_inlier_ratio=0.0000,POSSIBLE_NEAR_DUPLICATE
Venomous/Russell's Viper/Daboia_Russelli_in_a_Sensing_moment.jpg,Russell's Viper,Venomous,train/Venomous_Snake/Daboia_Russelli_in_a_Sensing_moment.jpg,Venomous_Snake,TRAIN,0,1,HIGH_CONFIDENCE_NEAR_DUPLICATE,0,0.331818,0.998373,0.995624,0.999956,24,18,0.75,CONFIRMED_NEAR_DUPLICATE,pHash=0; dHash=1; aHash=0; aspect_delta=0.3318; pixel_corr=0.9984; SSIM=0.9956; hist_corr=1.0000; ORB_good=24; ORB_inliers=18; ORB_inlier_ratio=0.7500,HIGH_CONFIDENCE_NEAR_DUPLICATE
Venomous/Russell's Viper/Daboia_russelli_ZhimingS.jpg,Russell's Viper,Venomous,train/Venomous_Snake/Daboia_russelli_ZhimingS.jpg,Venomous_Snake,TRAIN,0,0,HIGH_CONFIDENCE_NEAR_DUPLICATE,0,0.333008,0.999441,0.998738,0.991563,24,18,0.75,CONFIRMED_NEAR_DUPLICATE,pHash=0; dHash=0; aHash=0; aspect_delta=0.3330; pixel_corr=0.9994; SSIM=0.9987; hist_corr=0.9916; ORB_good=24; ORB_inliers=18; ORB_inlier_ratio=0.7500,HIGH_CONFIDENCE_NEAR_DUPLICATE
Venomous/Russell's Viper/Daboia_siamensis_WN_adult_D8D_5167e.jpg,Russell's Viper,Venomous,train/Venomous_Snake/Daboia_siamensis_WN_adult_D8D_5167e.jpg,Venomous_Snake,TRAIN,0,1,HIGH_CONFIDENCE_NEAR_DUPLICATE,0,0.362305,0.999764,0.995993,0.999586,2,0,0.0,POSSIBLE_NEAR_DUPLICATE,pHash=0; dHash=1; aHash=0; aspect_delta=0.3623; pixel_corr=0.9998; SSIM=0.9960; hist_corr=0.9996; ORB_good=2; ORB_inliers=0; ORB_inlier_ratio=0.0000,POSSIBLE_NEAR_DUPLICATE
Venomous/Russell's Viper/depositphotos_6652287-stock-photo-snake-siamese-russell-viper-focus.jpg,Russell's Viper,Venomous,train/Venomous_Snake/depositphotos_6652287-stock-photo-snake-siamese-russell-viper-focus.jpg,Venomous_Snake,TRAIN,0,0,HIGH_CONFIDENCE_NEAR_DUPLICATE,0,0.333333,0.99932,0.995709,0.999649,28,24,0.857143,CONFIRMED_NEAR_DUPLICATE,pHash=0; dHash=0; aHash=0; aspect_delta=0.3333; pixel_corr=0.9993; SSIM=0.9957; hist_corr=0.9996; ORB_good=28; ORB_inliers=24; ORB_inlier_ratio=0.8571,HIGH_CONFIDENCE_NEAR_DUPLICATE
Venomous/Russell's Viper/DSC00799.jpg,Russell's Viper,Venomous,train/Venomous_Snake/DSC00799.jpg,Venomous_Snake,TRAIN,0,0,HIGH_CONFIDENCE_NEAR_DUPLICATE,0,0.331055,0.999619,0.998407,0.995641,36,35,0.972222,CONFIRMED_NEAR_DUPLICATE,pHash=0; dHash=0; aHash=0; aspect_delta=0.3311; pixel_corr=0.9996; SSIM=0.9984; hist_corr=0.9956; ORB_good=36; ORB_inliers=35; ORB_inlier_ratio=0.9722,HIGH_CONFIDENCE_NEAR_DUPLICATE
Venomous/Russell's Viper/DSC01378-L.jpg,Russell's Viper,Venomous,train/Venomous_Snake/DSC01378-L.jpg,Venomous_Snake,TRAIN,0,0,HIGH_CONFIDENCE_NEAR_DUPLICATE,0,0.25,0.999563,0.996491,0.999558,104,100,0.961538,CONFIRMED_NEAR_DUPLICATE,pHash=0; dHash=0; aHash=0; aspect_delta=0.2500; pixel_corr=0.9996; SSIM=0.9965; hist_corr=0.9996; ORB_good=104; ORB_inliers=100; ORB_inlier_ratio=0.9615,HIGH_CONFIDENCE_NEAR_DUPLICATE
Venomous/Russell's Viper/dsc_0339.jpg,Russell's Viper,Venomous,validation/Venomous_Snake/dsc_0339.jpg,Venomous_Snake,VALIDATION,0,0,HIGH_CONFIDENCE_NEAR_DUPLICATE,1,0.294215,0.999471,0.997608,0.999042,80,77,0.9625,CONFIRMED_NEAR_DUPLICATE,pHash=0; dHash=0; aHash=1; aspect_delta=0.2942; pixel_corr=0.9995; SSIM=0.9976; hist_corr=0.9990; ORB_good=80; ORB_inliers=77; ORB_inlier_ratio=0.9625,HIGH_CONFIDENCE_NEAR_DUPLICATE
Venomous/Russell's Viper/DSC_1797.preview.jpg,Russell's Viper,Venomous,train/Venomous_Snake/DSC_1797.preview.jpg,Venomous_Snake,TRAIN,0,0,HIGH_CONFIDENCE_NEAR_DUPLICATE,0,0.320312,0.999791,0.997725,0.99976,85,84,0.988235,CONFIRMED_NEAR_DUPLICATE,pHash=0; dHash=0; aHash=0; aspect_delta=0.3203; pixel_corr=0.9998; SSIM=0.9977; hist_corr=0.9998; ORB_good=85; ORB_inliers=84; ORB_inlier_ratio=0.9882,HIGH_CONFIDENCE_NEAR_DUPLICATE
Venomous/Russell's Viper/DSC_1996.JPG,Russell's Viper,Venomous,train/Venomous_Snake/DSC_1996.JPG,Venomous_Snake,TRAIN,0,1,HIGH_CONFIDENCE_NEAR_DUPLICATE,0,0.330625,0.999683,0.99689,0.998646,12,10,0.833333,POSSIBLE_NEAR_DUPLICATE,pHash=0; dHash=1; aHash=0; aspect_delta=0.3306; pixel_corr=0.9997; SSIM=0.9969; hist_corr=0.9986; ORB_good=12; ORB_inliers=10; ORB_inlier_ratio=0.8333,POSSIBLE_NEAR_DUPLICATE
Venomous/Russell's Viper/DSC_2002.JPG,Russell's Viper,Venomous,train/Venomous_Snake/DSC_2002.JPG,Venomous_Snake,TRAIN,0,0,HIGH_CONFIDENCE_NEAR_DUPLICATE,0,0.330625,0.999272,0.996339,0.999487,22,21,0.954545,CONFIRMED_NEAR_DUPLICATE,pHash=0; dHash=0; aHash=0; aspect_delta=0.3306; pixel_corr=0.9993; SSIM=0.9963; hist_corr=0.9995; ORB_good=22; ORB_inliers=21; ORB_inlier_ratio=0.9545,HIGH_CONFIDENCE_NEAR_DUPLICATE
Venomous/Russell's Viper/e9a25bbc56927a4a0e2faf09084c710d--data-in-india.jpg,Russell's Viper,Venomous,train/Venomous_Snake/e9a25bbc56927a4a0e2faf09084c710d--data-in-india.jpg,Venomous_Snake,TRAIN,0,0,HIGH_CONFIDENCE_NEAR_DUPLICATE,1,0.238095,0.999718,0.997316,0.999927,240,238,0.991667,CONFIRMED_NEAR_DUPLICATE,pHash=0; dHash=0; aHash=1; aspect_delta=0.2381; pixel_corr=0.9997; SSIM=0.9973; hist_corr=0.9999; ORB_good=240; ORB_inliers=238; ORB_inlier_ratio=0.9917,HIGH_CONFIDENCE_NEAR_DUPLICATE
Venomous/Russell's Viper/Echis_carinatus2.jpg,Russell's Viper,Venomous,train/Venomous_Snake/Echis_carinatus2.jpg,Venomous_Snake,TRAIN,0,0,HIGH_CONFIDENCE_NEAR_DUPLICATE,0,0.18,0.999259,0.997545,0.999866,101,84,0.831683,CONFIRMED_NEAR_DUPLICATE,pHash=0; dHash=0; aHash=0; aspect_delta=0.1800; pixel_corr=0.9993; SSIM=0.9975; hist_corr=0.9999; ORB_good=101; ORB_inliers=84; ORB_inlier_ratio=0.8317,HIGH_CONFIDENCE_NEAR_DUPLICATE
Venomous/Russell's Viper/fc6e1b08020db1b2c9c617930d5779db.jpg,Russell's Viper,Venomous,validation/Venomous_Snake/fc6e1b08020db1b2c9c617930d5779db.jpg,Venomous_Snake,VALIDATION,0,0,HIGH_CONFIDENCE_NEAR_DUPLICATE,0,0.372917,0.999739,0.998841,0.999154,29,25,0.862069,CONFIRMED_NEAR_DUPLICATE,pHash=0; dHash=0; aHash=0; aspect_delta=0.3729; pixel_corr=0.9997; SSIM=0.9988; hist_corr=0.9992; ORB_good=29; ORB_inliers=25; ORB_inlier_ratio=0.8621,HIGH_CONFIDENCE_NEAR_DUPLICATE
Venomous/Russell's Viper/File-Daboia_russelii_head_A_Chawla02.jpg,Russell's Viper,Venomous,train/Venomous_Snake/File-Daboia_russelii_head_A_Chawla02.jpg,Venomous_Snake,TRAIN,2,1,HIGH_CONFIDENCE_NEAR_DUPLICATE,0,0.25,0.998642,0.995718,0.99914,7,4,0.571429,POSSIBLE_NEAR_DUPLICATE,pHash=2; dHash=1; aHash=0; aspect_delta=0.2500; pixel_corr=0.9986; SSIM=0.9957; hist_corr=0.9991; ORB_good=7; ORB_inliers=4; ORB_inlier_ratio=0.5714,POSSIBLE_NEAR_DUPLICATE
Venomous/Russell's Viper/hans-brueur-russells-viper-in-taiwan.jpg,Russell's Viper,Venomous,train/Venomous_Snake/hans-brueur-russells-viper-in-taiwan.jpg,Venomous_Snake,TRAIN,0,0,HIGH_CONFIDENCE_NEAR_DUPLICATE,0,0.331551,0.999431,0.997518,0.999418,21,19,0.904762,CONFIRMED_NEAR_DUPLICATE,pHash=0; dHash=0; aHash=0; aspect_delta=0.3316; pixel_corr=0.9994; SSIM=0.9975; hist_corr=0.9994; ORB_good=21; ORB_inliers=19; ORB_inlier_ratio=0.9048,HIGH_CONFIDENCE_NEAR_DUPLICATE
Venomous/Russell's Viper/hans-russells-viper-head.jpg,Russell's Viper,Venomous,train/Venomous_Snake/hans-russells-viper-head.jpg,Venomous_Snake,TRAIN,0,1,HIGH_CONFIDENCE_NEAR_DUPLICATE,0,0.332813,0.999574,0.998672,0.999358,79,77,0.974684,CONFIRMED_NEAR_DUPLICATE,pHash=0; dHash=1; aHash=0; aspect_delta=0.3328; pixel_corr=0.9996; SSIM=0.9987; hist_corr=0.9994; ORB_good=79; ORB_inliers=77; ORB_inlier_ratio=0.9747,HIGH_CONFIDENCE_NEAR_DUPLICATE
Venomous/Russell's Viper/hans-russells-viper-young.jpg,Russell's Viper,Venomous,validation/Venomous_Snake/hans-russells-viper-young.jpg,Venomous_Snake,VALIDATION,0,0,HIGH_CONFIDENCE_NEAR_DUPLICATE,1,0.329688,0.999703,0.998807,0.998816,50,42,0.84,CONFIRMED_NEAR_DUPLICATE,pHash=0; dHash=0; aHash=1; aspect_delta=0.3297; pixel_corr=0.9997; SSIM=0.9988; hist_corr=0.9988; ORB_good=50; ORB_inliers=42; ORB_inlier_ratio=0.8400,HIGH_CONFIDENCE_NEAR_DUPLICATE
Venomous/Russell's Viper/high-angle-view-of-a-russells-viper-vipera-russellii-india-b1j306.jpg,Russell's Viper,Venomous,train/Venomous_Snake/high-angle-view-of-a-russells-viper-vipera-russellii-india-b1j306.jpg,Venomous_Snake,TRAIN,0,0,HIGH_CONFIDENCE_NEAR_DUPLICATE,0,0.303125,0.999422,0.997906,0.994325,79,78,0.987342,CONFIRMED_NEAR_DUPLICATE,pHash=0; dHash=0; aHash=0; aspect_delta=0.3031; pixel_corr=0.9994; SSIM=0.9979; hist_corr=0.9943; ORB_good=79; ORB_inliers=78; ORB_inlier_ratio=0.9873,HIGH_CONFIDENCE_NEAR_DUPLICATE
Venomous/Russell's Viper/hqdefault.jpg,Russell's Viper,Venomous,validation/Venomous_Snake/hqdefault (3).jpg,Venomous_Snake,VALIDATION,0,0,HIGH_CONFIDENCE_NEAR_DUPLICATE,0,0.25,0.999823,0.998148,0.996409,216,210,0.972222,CONFIRMED_NEAR_DUPLICATE,pHash=0; dHash=0; aHash=0; aspect_delta=0.2500; pixel_corr=0.9998; SSIM=0.9981; hist_corr=0.9964; ORB_good=216; ORB_inliers=210; ORB_inlier_ratio=0.9722,HIGH_CONFIDENCE_NEAR_DUPLICATE
Venomous/Russell's Viper/hqdefault_003.jpg,Russell's Viper,Venomous,validation/Venomous_Snake/hqdefault_003 (2).jpg,Venomous_Snake,VALIDATION,0,1,HIGH_CONFIDENCE_NEAR_DUPLICATE,0,0.25,0.999736,0.999097,0.999498,195,190,0.974359,CONFIRMED_NEAR_DUPLICATE,pHash=0; dHash=1; aHash=0; aspect_delta=0.2500; pixel_corr=0.9997; SSIM=0.9991; hist_corr=0.9995; ORB_good=195; ORB_inliers=190; ORB_inlier_ratio=0.9744,HIGH_CONFIDENCE_NEAR_DUPLICATE
Venomous/Russell's Viper/hqdefault_004.jpg,Russell's Viper,Venomous,validation/Venomous_Snake/hqdefault_004.jpg,Venomous_Snake,VALIDATION,0,0,HIGH_CONFIDENCE_NEAR_DUPLICATE,0,0.25,0.999846,0.999208,0.999857,186,180,0.967742,CONFIRMED_NEAR_DUPLICATE,pHash=0; dHash=0; aHash=0; aspect_delta=0.2500; pixel_corr=0.9998; SSIM=0.9992; hist_corr=0.9999; ORB_good=186; ORB_inliers=180; ORB_inlier_ratio=0.9677,HIGH_CONFIDENCE_NEAR_DUPLICATE
Venomous/Russell's Viper/hqdefault_005.jpg,Russell's Viper,Venomous,train/Venomous_Snake/hqdefault_005 (2).jpg,Venomous_Snake,TRAIN,0,0,HIGH_CONFIDENCE_NEAR_DUPLICATE,0,0.25,0.999815,0.997186,0.999771,162,153,0.944444,CONFIRMED_NEAR_DUPLICATE,pHash=0; dHash=0; aHash=0; aspect_delta=0.2500; pixel_corr=0.9998; SSIM=0.9972; hist_corr=0.9998; ORB_good=162; ORB_inliers=153; ORB_inlier_ratio=0.9444,HIGH_CONFIDENCE_NEAR_DUPLICATE
Venomous/Russell's Viper/hqdefault_007.jpg,Russell's Viper,Venomous,train/Venomous_Snake/hqdefault_007 (3).jpg,Venomous_Snake,TRAIN,0,0,HIGH_CONFIDENCE_NEAR_DUPLICATE,0,0.25,0.999688,0.998864,0.999869,209,208,0.995215,CONFIRMED_NEAR_DUPLICATE,pHash=0; dHash=0; aHash=0; aspect_delta=0.2500; pixel_corr=0.9997; SSIM=0.9989; hist_corr=0.9999; ORB_good=209; ORB_inliers=208; ORB_inlier_ratio=0.9952,HIGH_CONFIDENCE_NEAR_DUPLICATE
Venomous/Russell's Viper/httpwww.indianaturewatch.net12.jpg,Russell's Viper,Venomous,validation/Venomous_Snake/httpwww.indianaturewatch.net12.jpg,Venomous_Snake,VALIDATION,0,0,HIGH_CONFIDENCE_NEAR_DUPLICATE,0,0.25,0.999471,0.994327,0.999515,103,101,0.980583,CONFIRMED_NEAR_DUPLICATE,pHash=0; dHash=0; aHash=0; aspect_delta=0.2500; pixel_corr=0.9995; SSIM=0.9943; hist_corr=0.9995; ORB_good=103; ORB_inliers=101; ORB_inlier_ratio=0.9806,HIGH_CONFIDENCE_NEAR_DUPLICATE
Venomous/Russell's Viper/image-20151211-8314-1qqw4l0.JPG,Russell's Viper,Venomous,train/Venomous_Snake/image-20151211-8314-1qqw4l0.JPG,Venomous_Snake,TRAIN,0,0,HIGH_CONFIDENCE_NEAR_DUPLICATE,0,0.332891,0.999806,0.998489,0.998027,74,70,0.945946,CONFIRMED_NEAR_DUPLICATE,pHash=0; dHash=0; aHash=0; aspect_delta=0.3329; pixel_corr=0.9998; SSIM=0.9985; hist_corr=0.9980; ORB_good=74; ORB_inliers=70; ORB_inlier_ratio=0.9459,HIGH_CONFIDENCE_NEAR_DUPLICATE
Venomous/Russell's Viper/image349.jpg,Russell's Viper,Venomous,train/Venomous_Snake/image349.jpg,Venomous_Snake,TRAIN,2,0,HIGH_CONFIDENCE_NEAR_DUPLICATE,0,0.322857,0.999745,0.998407,0.999872,46,41,0.891304,CONFIRMED_NEAR_DUPLICATE,pHash=2; dHash=0; aHash=0; aspect_delta=0.3229; pixel_corr=0.9997; SSIM=0.9984; hist_corr=0.9999; ORB_good=46; ORB_inliers=41; ORB_inlier_ratio=0.8913,HIGH_CONFIDENCE_NEAR_DUPLICATE
Venomous/Russell's Viper/IMG_1426-Edit.jpg,Russell's Viper,Venomous,validation/Venomous_Snake/IMG_1426-Edit.jpg,Venomous_Snake,VALIDATION,0,0,HIGH_CONFIDENCE_NEAR_DUPLICATE,0,0.33375,0.99914,0.997086,0.997562,16,12,0.75,LIKELY_NEAR_DUPLICATE,pHash=0; dHash=0; aHash=0; aspect_delta=0.3337; pixel_corr=0.9991; SSIM=0.9971; hist_corr=0.9976; ORB_good=16; ORB_inliers=12; ORB_inlier_ratio=0.7500,POSSIBLE_NEAR_DUPLICATE
Venomous/Russell's Viper/img_1663_large.jpg,Russell's Viper,Venomous,train/Venomous_Snake/img_1663_large.jpg,Venomous_Snake,TRAIN,0,0,HIGH_CONFIDENCE_NEAR_DUPLICATE,0,0.333008,0.999237,0.997951,0.99858,30,29,0.966667,CONFIRMED_NEAR_DUPLICATE,pHash=0; dHash=0; aHash=0; aspect_delta=0.3330; pixel_corr=0.9992; SSIM=0.9980; hist_corr=0.9986; ORB_good=30; ORB_inliers=29; ORB_inlier_ratio=0.9667,HIGH_CONFIDENCE_NEAR_DUPLICATE
Venomous/Russell's Viper/IMG_3809-2.jpg,Russell's Viper,Venomous,train/Venomous_Snake/IMG_3809-2.jpg,Venomous_Snake,TRAIN,0,1,HIGH_CONFIDENCE_NEAR_DUPLICATE,0,0.33028,0.999475,0.997189,0.999025,4,4,1.0,POSSIBLE_NEAR_DUPLICATE,pHash=0; dHash=1; aHash=0; aspect_delta=0.3303; pixel_corr=0.9995; SSIM=0.9972; hist_corr=0.9990; ORB_good=4; ORB_inliers=4; ORB_inlier_ratio=1.0000,POSSIBLE_NEAR_DUPLICATE
Venomous/Russell's Viper/IMG_3822-2.jpg,Russell's Viper,Venomous,validation/Venomous_Snake/IMG_3822-2.jpg,Venomous_Snake,VALIDATION,0,0,HIGH_CONFIDENCE_NEAR_DUPLICATE,0,0.348408,0.998976,0.99652,0.997124,2,0,0.0,POSSIBLE_NEAR_DUPLICATE,pHash=0; dHash=0; aHash=0; aspect_delta=0.3484; pixel_corr=0.9990; SSIM=0.9965; hist_corr=0.9971; ORB_good=2; ORB_inliers=0; ORB_inlier_ratio=0.0000,POSSIBLE_NEAR_DUPLICATE
Venomous/Russell's Viper/IMG_4386-2.jpg,Russell's Viper,Venomous,train/Venomous_Snake/IMG_4386-2 (2).jpg,Venomous_Snake,TRAIN,0,0,HIGH_CONFIDENCE_NEAR_DUPLICATE,0,0.306703,0.998872,0.995724,0.998798,0,0,0.0,POSSIBLE_NEAR_DUPLICATE,pHash=0; dHash=0; aHash=0; aspect_delta=0.3067; pixel_corr=0.9989; SSIM=0.9957; hist_corr=0.9988; ORB_good=0; ORB_inliers=0; ORB_inlier_ratio=0.0000,POSSIBLE_NEAR_DUPLICATE
Venomous/Russell's Viper/IMG_4625-2.jpg,Russell's Viper,Venomous,train/Venomous_Snake/IMG_4625-2.jpg,Venomous_Snake,TRAIN,0,0,HIGH_CONFIDENCE_NEAR_DUPLICATE,0,0.163254,0.999595,0.997474,0.999542,22,20,0.909091,CONFIRMED_NEAR_DUPLICATE,pHash=0; dHash=0; aHash=0; aspect_delta=0.1633; pixel_corr=0.9996; SSIM=0.9975; hist_corr=0.9995; ORB_good=22; ORB_inliers=20; ORB_inlier_ratio=0.9091,HIGH_CONFIDENCE_NEAR_DUPLICATE
Venomous/Russell's Viper/Indian-Russells-Viper.jpg,Russell's Viper,Venomous,train/Venomous_Snake/Indian-Russells-Viper.jpg,Venomous_Snake,TRAIN,0,1,HIGH_CONFIDENCE_NEAR_DUPLICATE,0,0.25,0.998736,0.997305,0.992206,133,130,0.977444,CONFIRMED_NEAR_DUPLICATE,pHash=0; dHash=1; aHash=0; aspect_delta=0.2500; pixel_corr=0.9987; SSIM=0.9973; hist_corr=0.9922; ORB_good=133; ORB_inliers=130; ORB_inlier_ratio=0.9774,HIGH_CONFIDENCE_NEAR_DUPLICATE
Venomous/Russell's Viper/juvenile-russells-viper.jpg,Russell's Viper,Venomous,train/Venomous_Snake/juvenile-russells-viper.jpg,Venomous_Snake,TRAIN,0,0,HIGH_CONFIDENCE_NEAR_DUPLICATE,0,0.266026,0.999428,0.998164,0.999428,104,96,0.923077,CONFIRMED_NEAR_DUPLICATE,pHash=0; dHash=0; aHash=0; aspect_delta=0.2660; pixel_corr=0.9994; SSIM=0.9982; hist_corr=0.9994; ORB_good=104; ORB_inliers=96; ORB_inlier_ratio=0.9231,HIGH_CONFIDENCE_NEAR_DUPLICATE
Venomous/Russell's Viper/maxresdefault.jpg,Russell's Viper,Venomous,train/Venomous_Snake/maxresdefault (3).jpg,Venomous_Snake,TRAIN,0,0,HIGH_CONFIDENCE_NEAR_DUPLICATE,0,0.4375,0.999313,0.99639,0.999466,4,4,1.0,POSSIBLE_NEAR_DUPLICATE,pHash=0; dHash=0; aHash=0; aspect_delta=0.4375; pixel_corr=0.9993; SSIM=0.9964; hist_corr=0.9995; ORB_good=4; ORB_inliers=4; ORB_inlier_ratio=1.0000,POSSIBLE_NEAR_DUPLICATE
Venomous/Russell's Viper/maxresdefault_001.jpg,Russell's Viper,Venomous,train/Venomous_Snake/maxresdefault_001.jpg,Venomous_Snake,TRAIN,0,0,HIGH_CONFIDENCE_NEAR_DUPLICATE,0,0.4375,0.999667,0.998558,0.999441,10,6,0.6,POSSIBLE_NEAR_DUPLICATE,pHash=0; dHash=0; aHash=0; aspect_delta=0.4375; pixel_corr=0.9997; SSIM=0.9986; hist_corr=0.9994; ORB_good=10; ORB_inliers=6; ORB_inlier_ratio=0.6000,POSSIBLE_NEAR_DUPLICATE
Venomous/Russell's Viper/maxresdefault_002.jpg,Russell's Viper,Venomous,train/Venomous_Snake/maxresdefault_002 (3).jpg,Venomous_Snake,TRAIN,0,1,HIGH_CONFIDENCE_NEAR_DUPLICATE,0,0.4375,0.997804,0.994288,0.998449,3,0,0.0,POSSIBLE_NEAR_DUPLICATE,pHash=0; dHash=1; aHash=0; aspect_delta=0.4375; pixel_corr=0.9978; SSIM=0.9943; hist_corr=0.9984; ORB_good=3; ORB_inliers=0; ORB_inlier_ratio=0.0000,POSSIBLE_NEAR_DUPLICATE
Venomous/Russell's Viper/maxresdefault_006.jpg,Russell's Viper,Venomous,train/Venomous_Snake/maxresdefault_006.jpg,Venomous_Snake,TRAIN,0,0,HIGH_CONFIDENCE_NEAR_DUPLICATE,0,0.4375,0.99965,0.998734,0.999512,10,7,0.7,POSSIBLE_NEAR_DUPLICATE,pHash=0; dHash=0; aHash=0; aspect_delta=0.4375; pixel_corr=0.9997; SSIM=0.9987; hist_corr=0.9995; ORB_good=10; ORB_inliers=7; ORB_inlier_ratio=0.7000,POSSIBLE_NEAR_DUPLICATE
Venomous/Russell's Viper/maxresdefault_007.jpg,Russell's Viper,Venomous,train/Venomous_Snake/maxresdefault_007.jpg,Venomous_Snake,TRAIN,0,0,HIGH_CONFIDENCE_NEAR_DUPLICATE,0,0.4375,0.99963,0.996747,0.999578,9,9,1.0,POSSIBLE_NEAR_DUPLICATE,pHash=0; dHash=0; aHash=0; aspect_delta=0.4375; pixel_corr=0.9996; SSIM=0.9967; hist_corr=0.9996; ORB_good=9; ORB_inliers=9; ORB_inlier_ratio=1.0000,POSSIBLE_NEAR_DUPLICATE
Venomous/Russell's Viper/MUS-FAPC1114_850.jpg,Russell's Viper,Venomous,train/Venomous_Snake/MUS-FAPC1114_850.jpg,Venomous_Snake,TRAIN,0,0,HIGH_CONFIDENCE_NEAR_DUPLICATE,0,0.198824,0.999881,0.997928,0.999587,134,133,0.992537,CONFIRMED_NEAR_DUPLICATE,pHash=0; dHash=0; aHash=0; aspect_delta=0.1988; pixel_corr=0.9999; SSIM=0.9979; hist_corr=0.9996; ORB_good=134; ORB_inliers=133; ORB_inlier_ratio=0.9925,HIGH_CONFIDENCE_NEAR_DUPLICATE
Venomous/Russell's Viper/nature.jpg,Russell's Viper,Venomous,train/Venomous_Snake/nature.jpg,Venomous_Snake,TRAIN,0,0,HIGH_CONFIDENCE_NEAR_DUPLICATE,0,0.296667,0.999525,0.99835,0.999511,66,55,0.833333,CONFIRMED_NEAR_DUPLICATE,pHash=0; dHash=0; aHash=0; aspect_delta=0.2967; pixel_corr=0.9995; SSIM=0.9984; hist_corr=0.9995; ORB_good=66; ORB_inliers=55; ORB_inlier_ratio=0.8333,HIGH_CONFIDENCE_NEAR_DUPLICATE
Venomous/Russell's Viper/ni_2015_63_3_300_158155_f6.jpg,Russell's Viper,Venomous,train/Venomous_Snake/ni_2015_63_3_300_158155_f6.jpg,Venomous_Snake,TRAIN,0,0,HIGH_CONFIDENCE_NEAR_DUPLICATE,0,0.426452,0.999586,0.997981,0.998575,20,17,0.85,CONFIRMED_NEAR_DUPLICATE,pHash=0; dHash=0; aHash=0; aspect_delta=0.4265; pixel_corr=0.9996; SSIM=0.9980; hist_corr=0.9986; ORB_good=20; ORB_inliers=17; ORB_inlier_ratio=0.8500,HIGH_CONFIDENCE_NEAR_DUPLICATE
Venomous/Russell's Viper/P1050513 - Copy copy.JPG,Russell's Viper,Venomous,train/Venomous_Snake/P1050513 - Copy copy.JPG,Venomous_Snake,TRAIN,0,0,HIGH_CONFIDENCE_NEAR_DUPLICATE,0,0.25,0.999442,0.998744,0.998552,31,26,0.83871,CONFIRMED_NEAR_DUPLICATE,pHash=0; dHash=0; aHash=0; aspect_delta=0.2500; pixel_corr=0.9994; SSIM=0.9987; hist_corr=0.9986; ORB_good=31; ORB_inliers=26; ORB_inlier_ratio=0.8387,HIGH_CONFIDENCE_NEAR_DUPLICATE
Venomous/Russell's Viper/P1150235.JPG,Russell's Viper,Venomous,train/Venomous_Snake/P1150235.JPG,Venomous_Snake,TRAIN,0,0,HIGH_CONFIDENCE_NEAR_DUPLICATE,0,0.25,0.998024,0.994523,0.99831,20,20,1.0,CONFIRMED_NEAR_DUPLICATE,pHash=0; dHash=0; aHash=0; aspect_delta=0.2500; pixel_corr=0.9980; SSIM=0.9945; hist_corr=0.9983; ORB_good=20; ORB_inliers=20; ORB_inlier_ratio=1.0000,HIGH_CONFIDENCE_NEAR_DUPLICATE
Venomous/Russell's Viper/P7180049 (Small).JPG,Russell's Viper,Venomous,validation/Venomous_Snake/P7180049 (Small).JPG,Venomous_Snake,VALIDATION,0,0,HIGH_CONFIDENCE_NEAR_DUPLICATE,0,0.19,0.999825,0.997813,0.999903,256,250,0.976562,CONFIRMED_NEAR_DUPLICATE,pHash=0; dHash=0; aHash=0; aspect_delta=0.1900; pixel_corr=0.9998; SSIM=0.9978; hist_corr=0.9999; ORB_good=256; ORB_inliers=250; ORB_inlier_ratio=0.9766,HIGH_CONFIDENCE_NEAR_DUPLICATE
Venomous/Russell's Viper/P7180061.jpg,Russell's Viper,Venomous,train/Venomous_Snake/P7180061.jpg,Venomous_Snake,TRAIN,0,1,HIGH_CONFIDENCE_NEAR_DUPLICATE,0,0.445983,0.999244,0.998121,0.999819,5,0,0.0,POSSIBLE_NEAR_DUPLICATE,pHash=0; dHash=1; aHash=0; aspect_delta=0.4460; pixel_corr=0.9992; SSIM=0.9981; hist_corr=0.9998; ORB_good=5; ORB_inliers=0; ORB_inlier_ratio=0.0000,POSSIBLE_NEAR_DUPLICATE
Venomous/Russell's Viper/Presentation1.jpg,Russell's Viper,Venomous,train/Venomous_Snake/Presentation1.jpg,Venomous_Snake,TRAIN,0,0,HIGH_CONFIDENCE_NEAR_DUPLICATE,0,0.25,0.999539,0.998026,0.999805,48,41,0.854167,CONFIRMED_NEAR_DUPLICATE,pHash=0; dHash=0; aHash=0; aspect_delta=0.2500; pixel_corr=0.9995; SSIM=0.9980; hist_corr=0.9998; ORB_good=48; ORB_inliers=41; ORB_inlier_ratio=0.8542,HIGH_CONFIDENCE_NEAR_DUPLICATE
Venomous/Russell's Viper/RC1848W.jpg,Russell's Viper,Venomous,train/Venomous_Snake/RC1848W.jpg,Venomous_Snake,TRAIN,0,1,HIGH_CONFIDENCE_NEAR_DUPLICATE,0,0.556164,0.999648,0.995298,0.998286,9,8,0.888889,POSSIBLE_NEAR_DUPLICATE,pHash=0; dHash=1; aHash=0; aspect_delta=0.5562; pixel_corr=0.9996; SSIM=0.9953; hist_corr=0.9983; ORB_good=9; ORB_inliers=8; ORB_inlier_ratio=0.8889,POSSIBLE_NEAR_DUPLICATE
Venomous/Russell's Viper/RUSFULL_.JPG,Russell's Viper,Venomous,train/Venomous_Snake/RUSFULL_.JPG,Venomous_Snake,TRAIN,0,0,HIGH_CONFIDENCE_NEAR_DUPLICATE,0,0.338318,0.999382,0.996973,0.999634,11,9,0.818182,POSSIBLE_NEAR_DUPLICATE,pHash=0; dHash=0; aHash=0; aspect_delta=0.3383; pixel_corr=0.9994; SSIM=0.9970; hist_corr=0.9996; ORB_good=11; ORB_inliers=9; ORB_inlier_ratio=0.8182,POSSIBLE_NEAR_DUPLICATE
Venomous/Russell's Viper/RUSHEAD1.JPG,Russell's Viper,Venomous,train/Venomous_Snake/RUSHEAD1.JPG,Venomous_Snake,TRAIN,0,0,HIGH_CONFIDENCE_NEAR_DUPLICATE,0,0.351676,0.999577,0.995973,0.999508,2,0,0.0,POSSIBLE_NEAR_DUPLICATE,pHash=0; dHash=0; aHash=0; aspect_delta=0.3517; pixel_corr=0.9996; SSIM=0.9960; hist_corr=0.9995; ORB_good=2; ORB_inliers=0; ORB_inlier_ratio=0.0000,POSSIBLE_NEAR_DUPLICATE
Venomous/Russell's Viper/Russel Viper 02.jpg,Russell's Viper,Venomous,train/Venomous_Snake/Russel Viper 02.jpg,Venomous_Snake,TRAIN,0,0,HIGH_CONFIDENCE_NEAR_DUPLICATE,0,0.33,0.999792,0.997205,0.999793,59,55,0.932203,CONFIRMED_NEAR_DUPLICATE,pHash=0; dHash=0; aHash=0; aspect_delta=0.3300; pixel_corr=0.9998; SSIM=0.9972; hist_corr=0.9998; ORB_good=59; ORB_inliers=55; ORB_inlier_ratio=0.9322,HIGH_CONFIDENCE_NEAR_DUPLICATE
Venomous/Russell's Viper/Russel Viper 03.JPG,Russell's Viper,Venomous,train/Venomous_Snake/Russel Viper 03.JPG,Venomous_Snake,TRAIN,2,0,HIGH_CONFIDENCE_NEAR_DUPLICATE,0,0.32,0.999641,0.996782,0.994857,22,20,0.909091,CONFIRMED_NEAR_DUPLICATE,pHash=2; dHash=0; aHash=0; aspect_delta=0.3200; pixel_corr=0.9996; SSIM=0.9968; hist_corr=0.9949; ORB_good=22; ORB_inliers=20; ORB_inlier_ratio=0.9091,HIGH_CONFIDENCE_NEAR_DUPLICATE
Venomous/Russell's Viper/Russel Viper 04.jpg,Russell's Viper,Venomous,train/Venomous_Snake/Russel Viper 04.jpg,Venomous_Snake,TRAIN,0,0,HIGH_CONFIDENCE_NEAR_DUPLICATE,0,0.331765,0.999563,0.996532,0.999893,49,44,0.897959,CONFIRMED_NEAR_DUPLICATE,pHash=0; dHash=0; aHash=0; aspect_delta=0.3318; pixel_corr=0.9996; SSIM=0.9965; hist_corr=0.9999; ORB_good=49; ORB_inliers=44; ORB_inlier_ratio=0.8980,HIGH_CONFIDENCE_NEAR_DUPLICATE
Venomous/Russell's Viper/Russel-Viper-Snake.jpg,Russell's Viper,Venomous,train/Venomous_Snake/Russel-Viper-Snake.jpg,Venomous_Snake,TRAIN,0,0,HIGH_CONFIDENCE_NEAR_DUPLICATE,0,0.25,0.999236,0.99832,0.998195,148,147,0.993243,CONFIRMED_NEAR_DUPLICATE,pHash=0; dHash=0; aHash=0; aspect_delta=0.2500; pixel_corr=0.9992; SSIM=0.9983; hist_corr=0.9982; ORB_good=148; ORB_inliers=147; ORB_inlier_ratio=0.9932,HIGH_CONFIDENCE_NEAR_DUPLICATE
Venomous/Russell's Viper/Russel-Viper.jpg,Russell's Viper,Venomous,validation/Venomous_Snake/Russel-Viper.jpg,Venomous_Snake,VALIDATION,0,0,HIGH_CONFIDENCE_NEAR_DUPLICATE,0,0.310909,0.999445,0.998008,0.999422,82,81,0.987805,CONFIRMED_NEAR_DUPLICATE,pHash=0; dHash=0; aHash=0; aspect_delta=0.3109; pixel_corr=0.9994; SSIM=0.9980; hist_corr=0.9994; ORB_good=82; ORB_inliers=81; ORB_inlier_ratio=0.9878,HIGH_CONFIDENCE_NEAR_DUPLICATE
Venomous/Russell's Viper/russel_viper.jpg,Russell's Viper,Venomous,train/Venomous_Snake/russel_viper.jpg,Venomous_Snake,TRAIN,2,0,HIGH_CONFIDENCE_NEAR_DUPLICATE,0,0.333333,0.999474,0.998051,0.999242,30,24,0.8,CONFIRMED_NEAR_DUPLICATE,pHash=2; dHash=0; aHash=0; aspect_delta=0.3333; pixel_corr=0.9995; SSIM=0.9981; hist_corr=0.9992; ORB_good=30; ORB_inliers=24; ORB_inlier_ratio=0.8000,HIGH_CONFIDENCE_NEAR_DUPLICATE
Venomous/Russell's Viper/Russell's viper 3.jpg,Russell's Viper,Venomous,train/Venomous_Snake/Russells viper 3.jpg,Venomous_Snake,TRAIN,0,1,HIGH_CONFIDENCE_NEAR_DUPLICATE,0,0.356557,0.999488,0.995876,0.999887,45,41,0.911111,CONFIRMED_NEAR_DUPLICATE,pHash=0; dHash=1; aHash=0; aspect_delta=0.3566; pixel_corr=0.9995; SSIM=0.9959; hist_corr=0.9999; ORB_good=45; ORB_inliers=41; ORB_inlier_ratio=0.9111,HIGH_CONFIDENCE_NEAR_DUPLICATE
Venomous/Russell's Viper/russell's viper fangs.jpg,Russell's Viper,Venomous,train/Venomous_Snake/russells viper fangs.jpg,Venomous_Snake,TRAIN,0,2,HIGH_CONFIDENCE_NEAR_DUPLICATE,4,0.25,0.999502,0.996453,0.999414,192,179,0.932292,CONFIRMED_NEAR_DUPLICATE,pHash=0; dHash=2; aHash=4; aspect_delta=0.2500; pixel_corr=0.9995; SSIM=0.9965; hist_corr=0.9994; ORB_good=192; ORB_inliers=179; ORB_inlier_ratio=0.9323,HIGH_CONFIDENCE_NEAR_DUPLICATE
Venomous/Russell's Viper/Russell's viper scales.jpg,Russell's Viper,Venomous,validation/Venomous_Snake/Russells viper scales.jpg,Venomous_Snake,VALIDATION,0,0,HIGH_CONFIDENCE_NEAR_DUPLICATE,0,0.30625,0.999634,0.998016,0.99834,115,114,0.991304,CONFIRMED_NEAR_DUPLICATE,pHash=0; dHash=0; aHash=0; aspect_delta=0.3062; pixel_corr=0.9996; SSIM=0.9980; hist_corr=0.9983; ORB_good=115; ORB_inliers=114; ORB_inlier_ratio=0.9913,HIGH_CONFIDENCE_NEAR_DUPLICATE
Venomous/Russell's Viper/Russell's_Viper.JPG,Russell's Viper,Venomous,train/Venomous_Snake/Russells_Viper.JPG,Venomous_Snake,TRAIN,0,0,HIGH_CONFIDENCE_NEAR_DUPLICATE,1,0.333333,0.999383,0.992868,0.999341,2,0,0.0,POSSIBLE_NEAR_DUPLICATE,pHash=0; dHash=0; aHash=1; aspect_delta=0.3333; pixel_corr=0.9994; SSIM=0.9929; hist_corr=0.9993; ORB_good=2; ORB_inliers=0; ORB_inlier_ratio=0.0000,POSSIBLE_NEAR_DUPLICATE
Venomous/Russell's Viper/Russell's_Viper_(Daboia_russelli).JPG,Russell's Viper,Venomous,train/Venomous_Snake/Russells_Viper_(Daboia_russelli).JPG,Venomous_Snake,TRAIN,0,0,HIGH_CONFIDENCE_NEAR_DUPLICATE,0,0.25,0.999612,0.996664,0.999083,0,0,0.0,POSSIBLE_NEAR_DUPLICATE,pHash=0; dHash=0; aHash=0; aspect_delta=0.2500; pixel_corr=0.9996; SSIM=0.9967; hist_corr=0.9991; ORB_good=0; ORB_inliers=0; ORB_inlier_ratio=0.0000,POSSIBLE_NEAR_DUPLICATE
Venomous/Russell's Viper/Russell's_Viper_-_Transportation_Box.JPG,Russell's Viper,Venomous,validation/Venomous_Snake/Russells_Viper_Transportation_Box.JPG,Venomous_Snake,VALIDATION,0,0,HIGH_CONFIDENCE_NEAR_DUPLICATE,0,0.333333,0.999774,0.996384,0.998529,1,0,0.0,POSSIBLE_NEAR_DUPLICATE,pHash=0; dHash=0; aHash=0; aspect_delta=0.3333; pixel_corr=0.9998; SSIM=0.9964; hist_corr=0.9985; ORB_good=1; ORB_inliers=0; ORB_inlier_ratio=0.0000,POSSIBLE_NEAR_DUPLICATE
Venomous/Russell's Viper/russell-s-viper-male.jpg,Russell's Viper,Venomous,train/Venomous_Snake/russell-s-viper-male.jpg,Venomous_Snake,TRAIN,0,0,HIGH_CONFIDENCE_NEAR_DUPLICATE,0,0.438182,0.999799,0.995617,0.999856,44,21,0.477273,LIKELY_NEAR_DUPLICATE,pHash=0; dHash=0; aHash=0; aspect_delta=0.4382; pixel_corr=0.9998; SSIM=0.9956; hist_corr=0.9999; ORB_good=44; ORB_inliers=21; ORB_inlier_ratio=0.4773,POSSIBLE_NEAR_DUPLICATE
Venomous/Russell's Viper/russell-s-viper-vipers-found-india-snakes-aggressive-if-disturbed-deliver-nasty-bite-snake-cause-more-47272234.jpg,Russell's Viper,Venomous,train/Venomous_Snake/russell-s-viper-vipers-found-india-snakes-aggressive-if-disturbed-deliver-nasty-bite-snake-cause-more-47272234.jpg,Venomous_Snake,TRAIN,0,0,HIGH_CONFIDENCE_NEAR_DUPLICATE,1,0.180769,0.99987,0.995989,0.999678,57,51,0.894737,CONFIRMED_NEAR_DUPLICATE,pHash=0; dHash=0; aHash=1; aspect_delta=0.1808; pixel_corr=0.9999; SSIM=0.9960; hist_corr=0.9997; ORB_good=57; ORB_inliers=51; ORB_inlier_ratio=0.8947,HIGH_CONFIDENCE_NEAR_DUPLICATE
Venomous/Russell's Viper/russell-s-viper.jpg,Russell's Viper,Venomous,train/Venomous_Snake/russell-s-viper.jpg,Venomous_Snake,TRAIN,0,0,HIGH_CONFIDENCE_NEAR_DUPLICATE,0,0.416209,0.999365,0.998169,0.998662,25,23,0.92,CONFIRMED_NEAR_DUPLICATE,pHash=0; dHash=0; aHash=0; aspect_delta=0.4162; pixel_corr=0.9994; SSIM=0.9982; hist_corr=0.9987; ORB_good=25; ORB_inliers=23; ORB_inlier_ratio=0.9200,HIGH_CONFIDENCE_NEAR_DUPLICATE
Venomous/Russell's Viper/Russell-Viper-at-Kabini.jpg,Russell's Viper,Venomous,train/Venomous_Snake/Russell-Viper-at-Kabini.jpg,Venomous_Snake,TRAIN,0,0,HIGH_CONFIDENCE_NEAR_DUPLICATE,0,0.25,0.999022,0.996404,0.997432,97,94,0.969072,CONFIRMED_NEAR_DUPLICATE,pHash=0; dHash=0; aHash=0; aspect_delta=0.2500; pixel_corr=0.9990; SSIM=0.9964; hist_corr=0.9974; ORB_good=97; ORB_inliers=94; ORB_inlier_ratio=0.9691,HIGH_CONFIDENCE_NEAR_DUPLICATE
Venomous/Russell's Viper/russell-viper-daboia-russelii-vipera-russelii-creeping-over-a-dust-EBNPG7.jpg,Russell's Viper,Venomous,train/Venomous_Snake/russell-viper-daboia-russelii-vipera-russelii-creeping-over-a-dust-EBNPG7.jpg,Venomous_Snake,TRAIN,0,2,HIGH_CONFIDENCE_NEAR_DUPLICATE,0,0.264615,0.999553,0.993258,0.998651,30,29,0.966667,CONFIRMED_NEAR_DUPLICATE,pHash=0; dHash=2; aHash=0; aspect_delta=0.2646; pixel_corr=0.9996; SSIM=0.9933; hist_corr=0.9987; ORB_good=30; ORB_inliers=29; ORB_inlier_ratio=0.9667,HIGH_CONFIDENCE_NEAR_DUPLICATE
Venomous/Russell's Viper/russell-viper-daboia-russelii-vipera-russelii-creeping-over-a-dust-EBNPGA.jpg,Russell's Viper,Venomous,train/Venomous_Snake/russell-viper-daboia-russelii-vipera-russelii-creeping-over-a-dust-EBNPGA.jpg,Venomous_Snake,TRAIN,0,1,HIGH_CONFIDENCE_NEAR_DUPLICATE,0,0.264615,0.999583,0.993734,0.999652,21,20,0.952381,CONFIRMED_NEAR_DUPLICATE,pHash=0; dHash=1; aHash=0; aspect_delta=0.2646; pixel_corr=0.9996; SSIM=0.9937; hist_corr=0.9997; ORB_good=21; ORB_inliers=20; ORB_inlier_ratio=0.9524,HIGH_CONFIDENCE_NEAR_DUPLICATE
Venomous/Russell's Viper/russell-viper-daboia-russelii-vipera-russelii-creeping-over-a-street-EBNPG5.jpg,Russell's Viper,Venomous,train/Venomous_Snake/russell-viper-daboia-russelii-vipera-russelii-creeping-over-a-street-EBNPG5.jpg,Venomous_Snake,TRAIN,0,0,HIGH_CONFIDENCE_NEAR_DUPLICATE,0,0.264615,0.999577,0.996107,0.995833,46,43,0.934783,CONFIRMED_NEAR_DUPLICATE,pHash=0; dHash=0; aHash=0; aspect_delta=0.2646; pixel_corr=0.9996; SSIM=0.9961; hist_corr=0.9958; ORB_good=46; ORB_inliers=43; ORB_inlier_ratio=0.9348,HIGH_CONFIDENCE_NEAR_DUPLICATE
Venomous/Russell's Viper/russell-viper-daboia-russelii-vipera-russelii-portrait-sri-lanka-yala-ebnpg9.jpg,Russell's Viper,Venomous,train/Venomous_Snake/russell-viper-daboia-russelii-vipera-russelii-portrait-sri-lanka-yala-ebnpg9.jpg,Venomous_Snake,TRAIN,0,3,POSSIBLE_NEAR_DUPLICATE,0,0.357407,0.999497,0.996984,0.992859,38,34,0.894737,CONFIRMED_NEAR_DUPLICATE,pHash=0; dHash=3; aHash=0; aspect_delta=0.3574; pixel_corr=0.9995; SSIM=0.9970; hist_corr=0.9929; ORB_good=38; ORB_inliers=34; ORB_inlier_ratio=0.8947,HIGH_CONFIDENCE_NEAR_DUPLICATE
Venomous/Russell's Viper/Russell-Viper-Vipera-Russellii.jpg,Russell's Viper,Venomous,train/Venomous_Snake/Russell-Viper-Vipera-Russellii.jpg,Venomous_Snake,TRAIN,0,0,HIGH_CONFIDENCE_NEAR_DUPLICATE,0,0.312,0.999845,0.997052,0.999746,97,91,0.938144,CONFIRMED_NEAR_DUPLICATE,pHash=0; dHash=0; aHash=0; aspect_delta=0.3120; pixel_corr=0.9998; SSIM=0.9971; hist_corr=0.9997; ORB_good=97; ORB_inliers=91; ORB_inlier_ratio=0.9381,HIGH_CONFIDENCE_NEAR_DUPLICATE
Venomous/Russell's Viper/RUSSELL_VIPER.JPG,Russell's Viper,Venomous,train/Venomous_Snake/RUSSELL_VIPER.JPG,Venomous_Snake,TRAIN,0,1,HIGH_CONFIDENCE_NEAR_DUPLICATE,1,0.25,0.999643,0.997386,0.996164,1,0,0.0,POSSIBLE_NEAR_DUPLICATE,pHash=0; dHash=1; aHash=1; aspect_delta=0.2500; pixel_corr=0.9996; SSIM=0.9974; hist_corr=0.9962; ORB_good=1; ORB_inliers=0; ORB_inlier_ratio=0.0000,POSSIBLE_NEAR_DUPLICATE
Venomous/Russell's Viper/russells viper.jpg,Russell's Viper,Venomous,train/Venomous_Snake/russells viper.jpg,Venomous_Snake,TRAIN,2,0,HIGH_CONFIDENCE_NEAR_DUPLICATE,0,0.327148,0.999846,0.997344,0.996839,51,45,0.882353,CONFIRMED_NEAR_DUPLICATE,pHash=2; dHash=0; aHash=0; aspect_delta=0.3271; pixel_corr=0.9998; SSIM=0.9973; hist_corr=0.9968; ORB_good=51; ORB_inliers=45; ORB_inlier_ratio=0.8824,HIGH_CONFIDENCE_NEAR_DUPLICATE
Venomous/Russell's Viper/RUSSELLS VIPER2.jpg,Russell's Viper,Venomous,train/Venomous_Snake/RUSSELLS VIPER2.jpg,Venomous_Snake,TRAIN,0,0,HIGH_CONFIDENCE_NEAR_DUPLICATE,0,0.338867,0.99976,0.998452,0.996848,41,38,0.926829,CONFIRMED_NEAR_DUPLICATE,pHash=0; dHash=0; aHash=0; aspect_delta=0.3389; pixel_corr=0.9998; SSIM=0.9985; hist_corr=0.9968; ORB_good=41; ORB_inliers=38; ORB_inlier_ratio=0.9268,HIGH_CONFIDENCE_NEAR_DUPLICATE
Venomous/Russell's Viper/Russells+viper++(MCBT+07)+copy.jpg,Russell's Viper,Venomous,validation/Venomous_Snake/Russellsviper(MCBT+07)copy.jpg,Venomous_Snake,VALIDATION,2,0,HIGH_CONFIDENCE_NEAR_DUPLICATE,0,0.1725,0.999491,0.995795,0.998833,250,241,0.964,CONFIRMED_NEAR_DUPLICATE,pHash=2; dHash=0; aHash=0; aspect_delta=0.1725; pixel_corr=0.9995; SSIM=0.9958; hist_corr=0.9988; ORB_good=250; ORB_inliers=241; ORB_inlier_ratio=0.9640,HIGH_CONFIDENCE_NEAR_DUPLICATE
Venomous/Russell's Viper/Russells-viper-01.jpg,Russell's Viper,Venomous,train/Venomous_Snake/Russells-viper-01.jpg,Venomous_Snake,TRAIN,0,1,HIGH_CONFIDENCE_NEAR_DUPLICATE,0,0.202869,0.999801,0.998752,0.998808,210,209,0.995238,CONFIRMED_NEAR_DUPLICATE,pHash=0; dHash=1; aHash=0; aspect_delta=0.2029; pixel_corr=0.9998; SSIM=0.9988; hist_corr=0.9988; ORB_good=210; ORB_inliers=209; ORB_inlier_ratio=0.9952,HIGH_CONFIDENCE_NEAR_DUPLICATE
Venomous/Russell's Viper/Russells-viper-02.jpg,Russell's Viper,Venomous,train/Venomous_Snake/Russells-viper-02.jpg,Venomous_Snake,TRAIN,0,1,HIGH_CONFIDENCE_NEAR_DUPLICATE,0,0.178947,0.999715,0.998542,0.999256,281,273,0.97153,CONFIRMED_NEAR_DUPLICATE,pHash=0; dHash=1; aHash=0; aspect_delta=0.1789; pixel_corr=0.9997; SSIM=0.9985; hist_corr=0.9993; ORB_good=281; ORB_inliers=273; ORB_inlier_ratio=0.9715,HIGH_CONFIDENCE_NEAR_DUPLICATE
Venomous/Russell's Viper/Russells-Viper-1-300x400.jpg,Russell's Viper,Venomous,train/Venomous_Snake/Russells-Viper-1-300x400.jpg,Venomous_Snake,TRAIN,0,0,HIGH_CONFIDENCE_NEAR_DUPLICATE,0,0.25,0.999889,0.998336,0.999143,200,195,0.975,CONFIRMED_NEAR_DUPLICATE,pHash=0; dHash=0; aHash=0; aspect_delta=0.2500; pixel_corr=0.9999; SSIM=0.9983; hist_corr=0.9991; ORB_good=200; ORB_inliers=195; ORB_inlier_ratio=0.9750,HIGH_CONFIDENCE_NEAR_DUPLICATE
Venomous/Russell's Viper/Russells-Viper-3-400x359.jpg,Russell's Viper,Venomous,validation/Venomous_Snake/Russells-Viper-3-400x359.jpg,Venomous_Snake,VALIDATION,0,1,HIGH_CONFIDENCE_NEAR_DUPLICATE,0,0.1025,0.999838,0.997364,0.999789,413,412,0.997579,CONFIRMED_NEAR_DUPLICATE,pHash=0; dHash=1; aHash=0; aspect_delta=0.1025; pixel_corr=0.9998; SSIM=0.9974; hist_corr=0.9998; ORB_good=413; ORB_inliers=412; ORB_inlier_ratio=0.9976,HIGH_CONFIDENCE_NEAR_DUPLICATE
Venomous/Russell's Viper/Russells-viper-camouflaged-against-ground.jpg,Russell's Viper,Venomous,train/Venomous_Snake/Russells-viper-camouflaged-against-ground.jpg,Venomous_Snake,TRAIN,0,0,HIGH_CONFIDENCE_NEAR_DUPLICATE,0,0.343077,0.999317,0.997485,0.998635,69,68,0.985507,CONFIRMED_NEAR_DUPLICATE,pHash=0; dHash=0; aHash=0; aspect_delta=0.3431; pixel_corr=0.9993; SSIM=0.9975; hist_corr=0.9986; ORB_good=69; ORB_inliers=68; ORB_inlier_ratio=0.9855,HIGH_CONFIDENCE_NEAR_DUPLICATE
Venomous/Russell's Viper/Russells-viper-coiled.jpg,Russell's Viper,Venomous,train/Venomous_Snake/Russells-viper-coiled.jpg,Venomous_Snake,TRAIN,0,0,HIGH_CONFIDENCE_NEAR_DUPLICATE,1,0.294231,0.999409,0.998747,0.999108,96,83,0.864583,CONFIRMED_NEAR_DUPLICATE,pHash=0; dHash=0; aHash=1; aspect_delta=0.2942; pixel_corr=0.9994; SSIM=0.9987; hist_corr=0.9991; ORB_good=96; ORB_inliers=83; ORB_inlier_ratio=0.8646,HIGH_CONFIDENCE_NEAR_DUPLICATE
Venomous/Russell's Viper/russells-viper-coiled_orig.jpg,Russell's Viper,Venomous,train/Venomous_Snake/russells-viper-coiled_orig.jpg,Venomous_Snake,TRAIN,0,0,HIGH_CONFIDENCE_NEAR_DUPLICATE,0,0.011628,0.999566,0.998483,0.999766,220,196,0.890909,CONFIRMED_NEAR_DUPLICATE,pHash=0; dHash=0; aHash=0; aspect_delta=0.0116; pixel_corr=0.9996; SSIM=0.9985; hist_corr=0.9998; ORB_good=220; ORB_inliers=196; ORB_inlier_ratio=0.8909,HIGH_CONFIDENCE_NEAR_DUPLICATE
Venomous/Russell's Viper/russells-viper-daboia-russelii-aarey-milk-colony-india-russells-viper-J21DGH.jpg,Russell's Viper,Venomous,train/Venomous_Snake/russells-viper-daboia-russelii-aarey-milk-colony-india-russells-viper-J21DGH.jpg,Venomous_Snake,TRAIN,0,1,HIGH_CONFIDENCE_NEAR_DUPLICATE,0,0.264615,0.998616,0.995857,0.999427,55,55,1.0,CONFIRMED_NEAR_DUPLICATE,pHash=0; dHash=1; aHash=0; aspect_delta=0.2646; pixel_corr=0.9986; SSIM=0.9959; hist_corr=0.9994; ORB_good=55; ORB_inliers=55; ORB_inlier_ratio=1.0000,HIGH_CONFIDENCE_NEAR_DUPLICATE
Venomous/Russell's Viper/russells-viper-daboia-russelii-bangalore-karnataka-monotypicgenus-hnwt08.jpg,Russell's Viper,Venomous,train/Venomous_Snake/russells-viper-daboia-russelii-bangalore-karnataka-monotypicgenus-hnwt08.jpg,Venomous_Snake,TRAIN,0,0,HIGH_CONFIDENCE_NEAR_DUPLICATE,0,0.288889,0.999788,0.998489,0.999088,105,94,0.895238,CONFIRMED_NEAR_DUPLICATE,pHash=0; dHash=0; aHash=0; aspect_delta=0.2889; pixel_corr=0.9998; SSIM=0.9985; hist_corr=0.9991; ORB_good=105; ORB_inliers=94; ORB_inlier_ratio=0.8952,HIGH_CONFIDENCE_NEAR_DUPLICATE
Venomous/Russell's Viper/russells-viper-daboia-russelii-bangalore-karnataka-monotypicgenus-HNWT38.jpg,Russell's Viper,Venomous,train/Venomous_Snake/russells-viper-daboia-russelii-bangalore-karnataka-monotypicgenus-HNWT38.jpg,Venomous_Snake,TRAIN,0,0,HIGH_CONFIDENCE_NEAR_DUPLICATE,0,0.264615,0.999405,0.997036,0.996853,31,29,0.935484,CONFIRMED_NEAR_DUPLICATE,pHash=0; dHash=0; aHash=0; aspect_delta=0.2646; pixel_corr=0.9994; SSIM=0.9970; hist_corr=0.9969; ORB_good=31; ORB_inliers=29; ORB_inlier_ratio=0.9355,HIGH_CONFIDENCE_NEAR_DUPLICATE
Venomous/Russell's Viper/russells-viper-daboia-russelii-bangalore-karnataka-monotypicgenus-hnwt38_001.jpg,Russell's Viper,Venomous,train/Venomous_Snake/russells-viper-daboia-russelii-bangalore-karnataka-monotypicgenus-hnwt38_001.jpg,Venomous_Snake,TRAIN,0,0,HIGH_CONFIDENCE_NEAR_DUPLICATE,0,0.288889,0.999546,0.997529,0.998251,95,82,0.863158,CONFIRMED_NEAR_DUPLICATE,pHash=0; dHash=0; aHash=0; aspect_delta=0.2889; pixel_corr=0.9995; SSIM=0.9975; hist_corr=0.9983; ORB_good=95; ORB_inliers=82; ORB_inlier_ratio=0.8632,HIGH_CONFIDENCE_NEAR_DUPLICATE
Venomous/Russell's Viper/russells-viper-daboia-russelii-bangalore-karnataka-monotypicgenus-HNWT3J.jpg,Russell's Viper,Venomous,train/Venomous_Snake/russells-viper-daboia-russelii-bangalore-karnataka-monotypicgenus-HNWT3J.jpg,Venomous_Snake,TRAIN,0,0,HIGH_CONFIDENCE_NEAR_DUPLICATE,0,0.264615,0.99948,0.997333,0.998591,41,41,1.0,CONFIRMED_NEAR_DUPLICATE,pHash=0; dHash=0; aHash=0; aspect_delta=0.2646; pixel_corr=0.9995; SSIM=0.9973; hist_corr=0.9986; ORB_good=41; ORB_inliers=41; ORB_inlier_ratio=1.0000,HIGH_CONFIDENCE_NEAR_DUPLICATE
Venomous/Russell's Viper/russells-viper-daboia-russelii-bangalore-karnataka-monotypicgenus-hnww88.jpg,Russell's Viper,Venomous,train/Venomous_Snake/russells-viper-daboia-russelii-bangalore-karnataka-monotypicgenus-hnww88.jpg,Venomous_Snake,TRAIN,0,0,HIGH_CONFIDENCE_NEAR_DUPLICATE,0,0.288889,0.99984,0.997712,0.999498,122,113,0.92623,CONFIRMED_NEAR_DUPLICATE,pHash=0; dHash=0; aHash=0; aspect_delta=0.2889; pixel_corr=0.9998; SSIM=0.9977; hist_corr=0.9995; ORB_good=122; ORB_inliers=113; ORB_inlier_ratio=0.9262,HIGH_CONFIDENCE_NEAR_DUPLICATE
Venomous/Russell's Viper/russells-viper-daboia-russelii-bangalore-karnataka-monotypicgenus-HNWW8K.jpg,Russell's Viper,Venomous,train/Venomous_Snake/russells-viper-daboia-russelii-bangalore-karnataka-monotypicgenus-HNWW8K.jpg,Venomous_Snake,TRAIN,0,0,HIGH_CONFIDENCE_NEAR_DUPLICATE,1,0.264615,0.999083,0.997812,0.991753,41,30,0.731707,CONFIRMED_NEAR_DUPLICATE,pHash=0; dHash=0; aHash=1; aspect_delta=0.2646; pixel_corr=0.9991; SSIM=0.9978; hist_corr=0.9918; ORB_good=41; ORB_inliers=30; ORB_inlier_ratio=0.7317,HIGH_CONFIDENCE_NEAR_DUPLICATE
Venomous/Russell's Viper/russells-viper-daboia-russelii-common-aarey-milk-colony-mumbai-india-e45w18.jpg,Russell's Viper,Venomous,train/Venomous_Snake/russells-viper-daboia-russelii-common-aarey-milk-colony-mumbai-india-e45w18.jpg,Venomous_Snake,TRAIN,0,0,HIGH_CONFIDENCE_NEAR_DUPLICATE,0,0.301563,0.999676,0.996295,0.99835,85,80,0.941176,CONFIRMED_NEAR_DUPLICATE,pHash=0; dHash=0; aHash=0; aspect_delta=0.3016; pixel_corr=0.9997; SSIM=0.9963; hist_corr=0.9983; ORB_good=85; ORB_inliers=80; ORB_inlier_ratio=0.9412,HIGH_CONFIDENCE_NEAR_DUPLICATE
Venomous/Russell's Viper/russells-viper-daboia-russelii-siamensis-queen-saovabha-snake-farm-head.jpg,Russell's Viper,Venomous,train/Venomous_Snake/russells-viper-daboia-russelii-siamensis-queen-saovabha-snake-farm-head.jpg,Venomous_Snake,TRAIN,0,2,HIGH_CONFIDENCE_NEAR_DUPLICATE,0,0.332813,0.999035,0.994456,0.999921,100,97,0.97,CONFIRMED_NEAR_DUPLICATE,pHash=0; dHash=2; aHash=0; aspect_delta=0.3328; pixel_corr=0.9990; SSIM=0.9945; hist_corr=0.9999; ORB_good=100; ORB_inliers=97; ORB_inlier_ratio=0.9700,HIGH_CONFIDENCE_NEAR_DUPLICATE
Venomous/Russell's Viper/russells-viper-daboia-russelii-siamensis-queen-saovabha-snake-farm-up.jpg,Russell's Viper,Venomous,train/Venomous_Snake/russells-viper-daboia-russelii-siamensis-queen-saovabha-snake-farm-up.jpg,Venomous_Snake,TRAIN,0,0,HIGH_CONFIDENCE_NEAR_DUPLICATE,0,0.33125,0.999769,0.994527,0.999782,63,60,0.952381,CONFIRMED_NEAR_DUPLICATE,pHash=0; dHash=0; aHash=0; aspect_delta=0.3312; pixel_corr=0.9998; SSIM=0.9945; hist_corr=0.9998; ORB_good=63; ORB_inliers=60; ORB_inlier_ratio=0.9524,HIGH_CONFIDENCE_NEAR_DUPLICATE
Venomous/Russell's Viper/russells-viper-daboia-russelii-sri-lanka-hnb7ah.jpg,Russell's Viper,Venomous,train/Venomous_Snake/russells-viper-daboia-russelii-sri-lanka-hnb7ah.jpg,Venomous_Snake,TRAIN,0,2,HIGH_CONFIDENCE_NEAR_DUPLICATE,0,0.301563,0.99953,0.994055,0.999599,110,104,0.945455,CONFIRMED_NEAR_DUPLICATE,pHash=0; dHash=2; aHash=0; aspect_delta=0.3016; pixel_corr=0.9995; SSIM=0.9941; hist_corr=0.9996; ORB_good=110; ORB_inliers=104; ORB_inlier_ratio=0.9455,HIGH_CONFIDENCE_NEAR_DUPLICATE
Venomous/Russell's Viper/russells-viper-daboia-russelii.jpg,Russell's Viper,Venomous,train/Venomous_Snake/russells-viper-daboia-russelii.jpg,Venomous_Snake,TRAIN,0,0,HIGH_CONFIDENCE_NEAR_DUPLICATE,0,0.35,0.998932,0.997729,0.999396,31,25,0.806452,CONFIRMED_NEAR_DUPLICATE,pHash=0; dHash=0; aHash=0; aspect_delta=0.3500; pixel_corr=0.9989; SSIM=0.9977; hist_corr=0.9994; ORB_good=31; ORB_inliers=25; ORB_inlier_ratio=0.8065,HIGH_CONFIDENCE_NEAR_DUPLICATE
Venomous/Russell's Viper/russells-viper-daboia-russelli-ncbs-bangalore-india-FAJAD9.jpg,Russell's Viper,Venomous,train/Venomous_Snake/russells-viper-daboia-russelli-ncbs-bangalore-india-FAJAD9.jpg,Venomous_Snake,TRAIN,0,0,HIGH_CONFIDENCE_NEAR_DUPLICATE,0,0.264615,0.999335,0.998461,0.997698,63,63,1.0,CONFIRMED_NEAR_DUPLICATE,pHash=0; dHash=0; aHash=0; aspect_delta=0.2646; pixel_corr=0.9993; SSIM=0.9985; hist_corr=0.9977; ORB_good=63; ORB_inliers=63; ORB_inlier_ratio=1.0000,HIGH_CONFIDENCE_NEAR_DUPLICATE
Venomous/Russell's Viper/russells-viper-daboia-russelli-ncbs-bangalore-india-fajada.jpg,Russell's Viper,Venomous,train/Venomous_Snake/russells-viper-daboia-russelli-ncbs-bangalore-india-fajada.jpg,Venomous_Snake,TRAIN,0,0,HIGH_CONFIDENCE_NEAR_DUPLICATE,0,0.301563,0.99836,0.995423,0.984857,60,58,0.966667,CONFIRMED_NEAR_DUPLICATE,pHash=0; dHash=0; aHash=0; aspect_delta=0.3016; pixel_corr=0.9984; SSIM=0.9954; hist_corr=0.9849; ORB_good=60; ORB_inliers=58; ORB_inlier_ratio=0.9667,HIGH_CONFIDENCE_NEAR_DUPLICATE
Venomous/Russell's Viper/russells-viper-daboia-russelli-ncbs-bangalore-india-fajadc.jpg,Russell's Viper,Venomous,train/Venomous_Snake/russells-viper-daboia-russelli-ncbs-bangalore-india-fajadc.jpg,Venomous_Snake,TRAIN,2,0,HIGH_CONFIDENCE_NEAR_DUPLICATE,0,0.361702,0.998928,0.996599,0.998887,26,24,0.923077,CONFIRMED_NEAR_DUPLICATE,pHash=2; dHash=0; aHash=0; aspect_delta=0.3617; pixel_corr=0.9989; SSIM=0.9966; hist_corr=0.9989; ORB_good=26; ORB_inliers=24; ORB_inlier_ratio=0.9231,HIGH_CONFIDENCE_NEAR_DUPLICATE
Venomous/Russell's Viper/russells-viper-daboia-vipera-russellii-native-to-pakistan-india-A7YEWH.jpg,Russell's Viper,Venomous,train/Venomous_Snake/russells-viper-daboia-vipera-russellii-native-to-pakistan-india-A7YEWH.jpg,Venomous_Snake,TRAIN,0,0,HIGH_CONFIDENCE_NEAR_DUPLICATE,0,0.276154,0.999466,0.996153,0.997235,45,44,0.977778,CONFIRMED_NEAR_DUPLICATE,pHash=0; dHash=0; aHash=0; aspect_delta=0.2762; pixel_corr=0.9995; SSIM=0.9962; hist_corr=0.9972; ORB_good=45; ORB_inliers=44; ORB_inlier_ratio=0.9778,HIGH_CONFIDENCE_NEAR_DUPLICATE
Venomous/Russell's Viper/Russells-viper-head-front-view.jpg,Russell's Viper,Venomous,train/Venomous_Snake/Russells-viper-head-front-view.jpg,Venomous_Snake,TRAIN,0,0,HIGH_CONFIDENCE_NEAR_DUPLICATE,0,0.350769,0.999656,0.998769,0.999221,67,66,0.985075,CONFIRMED_NEAR_DUPLICATE,pHash=0; dHash=0; aHash=0; aspect_delta=0.3508; pixel_corr=0.9997; SSIM=0.9988; hist_corr=0.9992; ORB_good=67; ORB_inliers=66; ORB_inlier_ratio=0.9851,HIGH_CONFIDENCE_NEAR_DUPLICATE
Venomous/Russell's Viper/Russells-viper-head-inbetween-body.jpg,Russell's Viper,Venomous,train/Venomous_Snake/Russells-viper-head-inbetween-body.jpg,Venomous_Snake,TRAIN,0,0,HIGH_CONFIDENCE_NEAR_DUPLICATE,0,0.34,0.999648,0.998757,0.999263,49,48,0.979592,CONFIRMED_NEAR_DUPLICATE,pHash=0; dHash=0; aHash=0; aspect_delta=0.3400; pixel_corr=0.9996; SSIM=0.9988; hist_corr=0.9993; ORB_good=49; ORB_inliers=48; ORB_inlier_ratio=0.9796,HIGH_CONFIDENCE_NEAR_DUPLICATE
Venomous/Russell's Viper/Russells-viper-head-side-view.jpg,Russell's Viper,Venomous,train/Venomous_Snake/Russells-viper-head-side-view.jpg,Venomous_Snake,TRAIN,0,0,HIGH_CONFIDENCE_NEAR_DUPLICATE,0,0.356923,0.999592,0.998359,0.999333,40,38,0.95,CONFIRMED_NEAR_DUPLICATE,pHash=0; dHash=0; aHash=0; aspect_delta=0.3569; pixel_corr=0.9996; SSIM=0.9984; hist_corr=0.9993; ORB_good=40; ORB_inliers=38; ORB_inlier_ratio=0.9500,HIGH_CONFIDENCE_NEAR_DUPLICATE
Venomous/Russell's Viper/Russells-viper-head.jpg,Russell's Viper,Venomous,train/Venomous_Snake/Russells-viper-head.jpg,Venomous_Snake,TRAIN,0,0,HIGH_CONFIDENCE_NEAR_DUPLICATE,0,0.341538,0.999799,0.997792,0.999096,68,64,0.941176,CONFIRMED_NEAR_DUPLICATE,pHash=0; dHash=0; aHash=0; aspect_delta=0.3415; pixel_corr=0.9998; SSIM=0.9978; hist_corr=0.9991; ORB_good=68; ORB_inliers=64; ORB_inlier_ratio=0.9412,HIGH_CONFIDENCE_NEAR_DUPLICATE
Venomous/Russell's Viper/Russells-viper-head_001.jpg,Russell's Viper,Venomous,train/Venomous_Snake/Russells-viper-head_001.jpg,Venomous_Snake,TRAIN,0,0,HIGH_CONFIDENCE_NEAR_DUPLICATE,0,0.135294,0.999434,0.996574,0.990637,120,89,0.741667,CONFIRMED_NEAR_DUPLICATE,pHash=0; dHash=0; aHash=0; aspect_delta=0.1353; pixel_corr=0.9994; SSIM=0.9966; hist_corr=0.9906; ORB_good=120; ORB_inliers=89; ORB_inlier_ratio=0.7417,HIGH_CONFIDENCE_NEAR_DUPLICATE
Venomous/Russell's Viper/Russells-viper-in-habitat.jpg,Russell's Viper,Venomous,train/Venomous_Snake/Russells-viper-in-habitat.jpg,Venomous_Snake,TRAIN,0,1,HIGH_CONFIDENCE_NEAR_DUPLICATE,0,0.318462,0.999767,0.998162,0.999071,126,123,0.97619,CONFIRMED_NEAR_DUPLICATE,pHash=0; dHash=1; aHash=0; aspect_delta=0.3185; pixel_corr=0.9998; SSIM=0.9982; hist_corr=0.9991; ORB_good=126; ORB_inliers=123; ORB_inlier_ratio=0.9762,HIGH_CONFIDENCE_NEAR_DUPLICATE
Venomous/Russell's Viper/Russells-Viper-Kabini.jpg,Russell's Viper,Venomous,train/Venomous_Snake/Russells-Viper-Kabini.jpg,Venomous_Snake,TRAIN,0,1,HIGH_CONFIDENCE_NEAR_DUPLICATE,0,0.25,0.99936,0.998863,0.996999,107,107,1.0,CONFIRMED_NEAR_DUPLICATE,pHash=0; dHash=1; aHash=0; aspect_delta=0.2500; pixel_corr=0.9994; SSIM=0.9989; hist_corr=0.9970; ORB_good=107; ORB_inliers=107; ORB_inlier_ratio=1.0000,HIGH_CONFIDENCE_NEAR_DUPLICATE
Venomous/Russell's Viper/russells-viper-large.jpg,Russell's Viper,Venomous,train/Venomous_Snake/russells-viper-large.jpg,Venomous_Snake,TRAIN,0,0,HIGH_CONFIDENCE_NEAR_DUPLICATE,0,0.118367,0.999775,0.995349,0.999505,322,310,0.962733,CONFIRMED_NEAR_DUPLICATE,pHash=0; dHash=0; aHash=0; aspect_delta=0.1184; pixel_corr=0.9998; SSIM=0.9953; hist_corr=0.9995; ORB_good=322; ORB_inliers=310; ORB_inlier_ratio=0.9627,HIGH_CONFIDENCE_NEAR_DUPLICATE
Venomous/Russell's Viper/Russells-viper-portrait.jpg,Russell's Viper,Venomous,train/Venomous_Snake/Russells-viper-portrait.jpg,Venomous_Snake,TRAIN,0,1,HIGH_CONFIDENCE_NEAR_DUPLICATE,0,0.367692,0.999646,0.998895,0.998986,44,36,0.818182,CONFIRMED_NEAR_DUPLICATE,pHash=0; dHash=1; aHash=0; aspect_delta=0.3677; pixel_corr=0.9996; SSIM=0.9989; hist_corr=0.9990; ORB_good=44; ORB_inliers=36; ORB_inlier_ratio=0.8182,HIGH_CONFIDENCE_NEAR_DUPLICATE
Venomous/Russell's Viper/russells-viper-russells-viper-russell-viper-poisonous-snake-on-white-DH1NH9.jpg,Russell's Viper,Venomous,train/Venomous_Snake/russells-viper-russells-viper-russell-viper-poisonous-snake-on-white-DH1NH9.jpg,Venomous_Snake,TRAIN,2,0,HIGH_CONFIDENCE_NEAR_DUPLICATE,0,0.264615,0.999784,0.996551,0.999986,45,43,0.955556,CONFIRMED_NEAR_DUPLICATE,pHash=2; dHash=0; aHash=0; aspect_delta=0.2646; pixel_corr=0.9998; SSIM=0.9966; hist_corr=1.0000; ORB_good=45; ORB_inliers=43; ORB_inlier_ratio=0.9556,HIGH_CONFIDENCE_NEAR_DUPLICATE
Venomous/Russell's Viper/Russells-Viper-Snake.jpg,Russell's Viper,Venomous,train/Venomous_Snake/Russells-Viper-Snake.jpg,Venomous_Snake,TRAIN,0,0,HIGH_CONFIDENCE_NEAR_DUPLICATE,0,0.326,0.999256,0.998237,0.999071,74,70,0.945946,CONFIRMED_NEAR_DUPLICATE,pHash=0; dHash=0; aHash=0; aspect_delta=0.3260; pixel_corr=0.9993; SSIM=0.9982; hist_corr=0.9991; ORB_good=74; ORB_inliers=70; ORB_inlier_ratio=0.9459,HIGH_CONFIDENCE_NEAR_DUPLICATE
Venomous/Russell's Viper/russells-viper-vipera-russellii-dewt5x.jpg,Russell's Viper,Venomous,train/Venomous_Snake/russells-viper-vipera-russellii-dewt5x.jpg,Venomous_Snake,TRAIN,2,0,HIGH_CONFIDENCE_NEAR_DUPLICATE,0,0.304688,0.999384,0.998086,0.993193,70,69,0.985714,CONFIRMED_NEAR_DUPLICATE,pHash=2; dHash=0; aHash=0; aspect_delta=0.3047; pixel_corr=0.9994; SSIM=0.9981; hist_corr=0.9932; ORB_good=70; ORB_inliers=69; ORB_inlier_ratio=0.9857,HIGH_CONFIDENCE_NEAR_DUPLICATE
Venomous/Russell's Viper/Russells-viper-with-tongue-extended.jpg,Russell's Viper,Venomous,train/Venomous_Snake/Russells-viper-with-tongue-extended.jpg,Venomous_Snake,TRAIN,0,0,HIGH_CONFIDENCE_NEAR_DUPLICATE,0,0.338462,0.999864,0.998623,0.998998,82,77,0.939024,CONFIRMED_NEAR_DUPLICATE,pHash=0; dHash=0; aHash=0; aspect_delta=0.3385; pixel_corr=0.9999; SSIM=0.9986; hist_corr=0.9990; ORB_good=82; ORB_inliers=77; ORB_inlier_ratio=0.9390,HIGH_CONFIDENCE_NEAR_DUPLICATE
Venomous/Russell's Viper/Russells-viper.jpg,Russell's Viper,Venomous,validation/Venomous_Snake/Russells-viper.jpg,Venomous_Snake,VALIDATION,0,0,HIGH_CONFIDENCE_NEAR_DUPLICATE,0,0.329231,0.999685,0.998303,0.999338,52,50,0.961538,CONFIRMED_NEAR_DUPLICATE,pHash=0; dHash=0; aHash=0; aspect_delta=0.3292; pixel_corr=0.9997; SSIM=0.9983; hist_corr=0.9993; ORB_good=52; ORB_inliers=50; ORB_inlier_ratio=0.9615,HIGH_CONFIDENCE_NEAR_DUPLICATE
Venomous/Russell's Viper/Russells-Viper21.jpg,Russell's Viper,Venomous,train/Venomous_Snake/Russells-Viper21.jpg,Venomous_Snake,TRAIN,0,0,HIGH_CONFIDENCE_NEAR_DUPLICATE,0,0.416667,0.999394,0.998649,0.997486,32,23,0.71875,CONFIRMED_NEAR_DUPLICATE,pHash=0; dHash=0; aHash=0; aspect_delta=0.4167; pixel_corr=0.9994; SSIM=0.9986; hist_corr=0.9975; ORB_good=32; ORB_inliers=23; ORB_inlier_ratio=0.7188,HIGH_CONFIDENCE_NEAR_DUPLICATE
Venomous/Russell's Viper/Russells-viper_001.jpg,Russell's Viper,Venomous,train/Venomous_Snake/Russells-viper_001.jpg,Venomous_Snake,TRAIN,0,0,HIGH_CONFIDENCE_NEAR_DUPLICATE,0,0.338462,0.99923,0.996114,0.997954,31,31,1.0,CONFIRMED_NEAR_DUPLICATE,pHash=0; dHash=0; aHash=0; aspect_delta=0.3385; pixel_corr=0.9992; SSIM=0.9961; hist_corr=0.9980; ORB_good=31; ORB_inliers=31; ORB_inlier_ratio=1.0000,HIGH_CONFIDENCE_NEAR_DUPLICATE
Venomous/Russell's Viper/russells-viper_002.jpg,Russell's Viper,Venomous,train/Venomous_Snake/russells-viper_002.jpg,Venomous_Snake,TRAIN,0,1,HIGH_CONFIDENCE_NEAR_DUPLICATE,0,0.335,0.999691,0.998836,0.999749,46,45,0.978261,CONFIRMED_NEAR_DUPLICATE,pHash=0; dHash=1; aHash=0; aspect_delta=0.3350; pixel_corr=0.9997; SSIM=0.9988; hist_corr=0.9997; ORB_good=46; ORB_inliers=45; ORB_inlier_ratio=0.9783,HIGH_CONFIDENCE_NEAR_DUPLICATE
Venomous/Russell's Viper/Russells-viper_005.jpg,Russell's Viper,Venomous,validation/Venomous_Snake/Russells-viper_005.jpg,Venomous_Snake,VALIDATION,0,0,HIGH_CONFIDENCE_NEAR_DUPLICATE,0,0.338435,0.999897,0.999409,0.999985,112,108,0.964286,CONFIRMED_NEAR_DUPLICATE,pHash=0; dHash=0; aHash=0; aspect_delta=0.3384; pixel_corr=0.9999; SSIM=0.9994; hist_corr=1.0000; ORB_good=112; ORB_inliers=108; ORB_inlier_ratio=0.9643,HIGH_CONFIDENCE_NEAR_DUPLICATE
Venomous/Russell's Viper/russells-viper_006.jpg,Russell's Viper,Venomous,train/Venomous_Snake/russells-viper_006.jpg,Venomous_Snake,TRAIN,0,0,HIGH_CONFIDENCE_NEAR_DUPLICATE,0,0.25,0.999128,0.99736,0.998051,127,118,0.929134,CONFIRMED_NEAR_DUPLICATE,pHash=0; dHash=0; aHash=0; aspect_delta=0.2500; pixel_corr=0.9991; SSIM=0.9974; hist_corr=0.9981; ORB_good=127; ORB_inliers=118; ORB_inlier_ratio=0.9291,HIGH_CONFIDENCE_NEAR_DUPLICATE
Venomous/Russell's Viper/Russells-Viper_007.jpg,Russell's Viper,Venomous,train/Venomous_Snake/Russells-Viper_007.jpg,Venomous_Snake,TRAIN,0,0,HIGH_CONFIDENCE_NEAR_DUPLICATE,0,0.249231,0.999399,0.997978,0.993568,159,155,0.974843,CONFIRMED_NEAR_DUPLICATE,pHash=0; dHash=0; aHash=0; aspect_delta=0.2492; pixel_corr=0.9994; SSIM=0.9980; hist_corr=0.9936; ORB_good=159; ORB_inliers=155; ORB_inlier_ratio=0.9748,HIGH_CONFIDENCE_NEAR_DUPLICATE
Venomous/Russell's Viper/russells_viper1l.jpg,Russell's Viper,Venomous,train/Venomous_Snake/russells_viper1l.jpg,Venomous_Snake,TRAIN,0,2,HIGH_CONFIDENCE_NEAR_DUPLICATE,0,0.333333,0.99993,0.999302,0.999991,76,69,0.907895,CONFIRMED_NEAR_DUPLICATE,pHash=0; dHash=2; aHash=0; aspect_delta=0.3333; pixel_corr=0.9999; SSIM=0.9993; hist_corr=1.0000; ORB_good=76; ORB_inliers=69; ORB_inlier_ratio=0.9079,HIGH_CONFIDENCE_NEAR_DUPLICATE
Venomous/Russell's Viper/russells_viper_001.jpg,Russell's Viper,Venomous,validation/Venomous_Snake/russells_viper_001.jpg,Venomous_Snake,VALIDATION,0,0,HIGH_CONFIDENCE_NEAR_DUPLICATE,0,0.251667,0.999751,0.999146,0.997861,185,183,0.989189,CONFIRMED_NEAR_DUPLICATE,pHash=0; dHash=0; aHash=0; aspect_delta=0.2517; pixel_corr=0.9998; SSIM=0.9991; hist_corr=0.9979; ORB_good=185; ORB_inliers=183; ORB_inlier_ratio=0.9892,HIGH_CONFIDENCE_NEAR_DUPLICATE
Venomous/Russell's Viper/russells_viper_dead_on_road4lr11_09.jpg,Russell's Viper,Venomous,train/Venomous_Snake/russells_viper_dead_on_road4lr11_09.jpg,Venomous_Snake,TRAIN,0,0,HIGH_CONFIDENCE_NEAR_DUPLICATE,0,0.320755,0.999286,0.996314,0.998975,88,77,0.875,CONFIRMED_NEAR_DUPLICATE,pHash=0; dHash=0; aHash=0; aspect_delta=0.3208; pixel_corr=0.9993; SSIM=0.9963; hist_corr=0.9990; ORB_good=88; ORB_inliers=77; ORB_inlier_ratio=0.8750,HIGH_CONFIDENCE_NEAR_DUPLICATE
Venomous/Russell's Viper/russellsviper.jpg,Russell's Viper,Venomous,validation/Venomous_Snake/russellsviper.jpg,Venomous_Snake,VALIDATION,0,1,HIGH_CONFIDENCE_NEAR_DUPLICATE,0,0.342593,0.999701,0.997365,0.999525,44,39,0.886364,CONFIRMED_NEAR_DUPLICATE,pHash=0; dHash=1; aHash=0; aspect_delta=0.3426; pixel_corr=0.9997; SSIM=0.9974; hist_corr=0.9995; ORB_good=44; ORB_inliers=39; ORB_inlier_ratio=0.8864,HIGH_CONFIDENCE_NEAR_DUPLICATE
Venomous/Russell's Viper/russellsviper_001.jpg,Russell's Viper,Venomous,train/Venomous_Snake/russellsviper_001.jpg,Venomous_Snake,TRAIN,0,0,HIGH_CONFIDENCE_NEAR_DUPLICATE,0,0.3,0.999548,0.997276,0.99957,105,99,0.942857,CONFIRMED_NEAR_DUPLICATE,pHash=0; dHash=0; aHash=0; aspect_delta=0.3000; pixel_corr=0.9995; SSIM=0.9973; hist_corr=0.9996; ORB_good=105; ORB_inliers=99; ORB_inlier_ratio=0.9429,HIGH_CONFIDENCE_NEAR_DUPLICATE
Venomous/Russell's Viper/russellsviper_002.jpg,Russell's Viper,Venomous,train/Venomous_Snake/russellsviper_002.jpg,Venomous_Snake,TRAIN,0,0,HIGH_CONFIDENCE_NEAR_DUPLICATE,0,0.25,0.999584,0.998308,0.995759,141,140,0.992908,CONFIRMED_NEAR_DUPLICATE,pHash=0; dHash=0; aHash=0; aspect_delta=0.2500; pixel_corr=0.9996; SSIM=0.9983; hist_corr=0.9958; ORB_good=141; ORB_inliers=140; ORB_inlier_ratio=0.9929,HIGH_CONFIDENCE_NEAR_DUPLICATE
Venomous/Russell's Viper/russellsviper_003.jpg,Russell's Viper,Venomous,train/Venomous_Snake/russellsviper_003.jpg,Venomous_Snake,TRAIN,0,1,HIGH_CONFIDENCE_NEAR_DUPLICATE,0,0.25,0.999434,0.998349,0.994812,88,88,1.0,CONFIRMED_NEAR_DUPLICATE,pHash=0; dHash=1; aHash=0; aspect_delta=0.2500; pixel_corr=0.9994; SSIM=0.9983; hist_corr=0.9948; ORB_good=88; ORB_inliers=88; ORB_inlier_ratio=1.0000,HIGH_CONFIDENCE_NEAR_DUPLICATE
Venomous/Russell's Viper/russellsviper_004.jpg,Russell's Viper,Venomous,validation/Venomous_Snake/russellsviper_004.jpg,Venomous_Snake,VALIDATION,0,1,HIGH_CONFIDENCE_NEAR_DUPLICATE,0,0.254428,0.999849,0.99789,0.999697,132,128,0.969697,CONFIRMED_NEAR_DUPLICATE,pHash=0; dHash=1; aHash=0; aspect_delta=0.2544; pixel_corr=0.9998; SSIM=0.9979; hist_corr=0.9997; ORB_good=132; ORB_inliers=128; ORB_inlier_ratio=0.9697,HIGH_CONFIDENCE_NEAR_DUPLICATE
Venomous/Russell's Viper/russellsviper_005.JPG,Russell's Viper,Venomous,train/Venomous_Snake/russellsviper_005.JPG,Venomous_Snake,TRAIN,0,0,HIGH_CONFIDENCE_NEAR_DUPLICATE,0,0.093677,0.999847,0.99844,0.997857,484,476,0.983471,CONFIRMED_NEAR_DUPLICATE,pHash=0; dHash=0; aHash=0; aspect_delta=0.0937; pixel_corr=0.9998; SSIM=0.9984; hist_corr=0.9979; ORB_good=484; ORB_inliers=476; ORB_inlier_ratio=0.9835,HIGH_CONFIDENCE_NEAR_DUPLICATE
Venomous/Russell's Viper/Russellsviper_006.jpg,Russell's Viper,Venomous,train/Venomous_Snake/Russellsviper_006.jpg,Venomous_Snake,TRAIN,0,0,HIGH_CONFIDENCE_NEAR_DUPLICATE,0,0.25,0.999204,0.998517,0.999437,125,120,0.96,CONFIRMED_NEAR_DUPLICATE,pHash=0; dHash=0; aHash=0; aspect_delta=0.2500; pixel_corr=0.9992; SSIM=0.9985; hist_corr=0.9994; ORB_good=125; ORB_inliers=120; ORB_inlier_ratio=0.9600,HIGH_CONFIDENCE_NEAR_DUPLICATE
Venomous/Russell's Viper/russellsviperdefensive.jpg,Russell's Viper,Venomous,train/Venomous_Snake/russellsviperdefensive.jpg,Venomous_Snake,TRAIN,0,0,HIGH_CONFIDENCE_NEAR_DUPLICATE,0,0.328704,0.999703,0.997959,0.998964,65,56,0.861538,CONFIRMED_NEAR_DUPLICATE,pHash=0; dHash=0; aHash=0; aspect_delta=0.3287; pixel_corr=0.9997; SSIM=0.9980; hist_corr=0.9990; ORB_good=65; ORB_inliers=56; ORB_inlier_ratio=0.8615,HIGH_CONFIDENCE_NEAR_DUPLICATE
Venomous/Russell's Viper/russels-viper-daboia-russelii-venomous-common-near-tamhini-maharashtra-by10dg.jpg,Russell's Viper,Venomous,validation/Venomous_Snake/russels-viper-daboia-russelii-venomous-common-near-tamhini-maharashtra-by10dg.jpg,Venomous_Snake,VALIDATION,2,0,HIGH_CONFIDENCE_NEAR_DUPLICATE,0,0.303125,0.998546,0.993976,0.998489,43,42,0.976744,CONFIRMED_NEAR_DUPLICATE,pHash=2; dHash=0; aHash=0; aspect_delta=0.3031; pixel_corr=0.9985; SSIM=0.9940; hist_corr=0.9985; ORB_good=43; ORB_inliers=42; ORB_inlier_ratio=0.9767,HIGH_CONFIDENCE_NEAR_DUPLICATE
Venomous/Russell's Viper/Russels-viper-Mike-Lyssarides-permissioned.jpg,Russell's Viper,Venomous,train/Venomous_Snake/Russels-viper-Mike-Lyssarides-permissioned.jpg,Venomous_Snake,TRAIN,2,0,HIGH_CONFIDENCE_NEAR_DUPLICATE,1,0.43625,0.999562,0.996342,0.999369,10,10,1.0,POSSIBLE_NEAR_DUPLICATE,pHash=2; dHash=0; aHash=1; aspect_delta=0.4363; pixel_corr=0.9996; SSIM=0.9963; hist_corr=0.9994; ORB_good=10; ORB_inliers=10; ORB_inlier_ratio=1.0000,POSSIBLE_NEAR_DUPLICATE
Venomous/Russell's Viper/Russels-viper-Mike-Lyssarides.jpg,Russell's Viper,Venomous,train/Venomous_Snake/Russels-viper-Mike-Lyssarides.jpg,Venomous_Snake,TRAIN,0,0,HIGH_CONFIDENCE_NEAR_DUPLICATE,0,0.228333,0.999638,0.997282,0.996606,145,141,0.972414,CONFIRMED_NEAR_DUPLICATE,pHash=0; dHash=0; aHash=0; aspect_delta=0.2283; pixel_corr=0.9996; SSIM=0.9973; hist_corr=0.9966; ORB_good=145; ORB_inliers=141; ORB_inlier_ratio=0.9724,HIGH_CONFIDENCE_NEAR_DUPLICATE
Venomous/Russell's Viper/russels-viper.jpg,Russell's Viper,Venomous,train/Venomous_Snake/russels-viper.jpg,Venomous_Snake,TRAIN,2,0,HIGH_CONFIDENCE_NEAR_DUPLICATE,0,0.25,0.999554,0.998872,0.99827,200,199,0.995,CONFIRMED_NEAR_DUPLICATE,pHash=2; dHash=0; aHash=0; aspect_delta=0.2500; pixel_corr=0.9996; SSIM=0.9989; hist_corr=0.9983; ORB_good=200; ORB_inliers=199; ORB_inlier_ratio=0.9950,HIGH_CONFIDENCE_NEAR_DUPLICATE
Venomous/Russell's Viper/RV1.jpg,Russell's Viper,Venomous,train/Venomous_Snake/RV1.jpg,Venomous_Snake,TRAIN,0,0,HIGH_CONFIDENCE_NEAR_DUPLICATE,1,0.4375,0.99877,0.995301,0.999192,1,0,0.0,POSSIBLE_NEAR_DUPLICATE,pHash=0; dHash=0; aHash=1; aspect_delta=0.4375; pixel_corr=0.9988; SSIM=0.9953; hist_corr=0.9992; ORB_good=1; ORB_inliers=0; ORB_inlier_ratio=0.0000,POSSIBLE_NEAR_DUPLICATE
Venomous/Russell's Viper/rvv_snake.jpg,Russell's Viper,Venomous,train/Venomous_Snake/rvv_snake.jpg,Venomous_Snake,TRAIN,0,0,HIGH_CONFIDENCE_NEAR_DUPLICATE,0,0.302083,0.999722,0.99829,0.999711,99,91,0.919192,CONFIRMED_NEAR_DUPLICATE,pHash=0; dHash=0; aHash=0; aspect_delta=0.3021; pixel_corr=0.9997; SSIM=0.9983; hist_corr=0.9997; ORB_good=99; ORB_inliers=91; ORB_inlier_ratio=0.9192,HIGH_CONFIDENCE_NEAR_DUPLICATE
Venomous/Russell's Viper/siamese-russel-viper-1.jpg,Russell's Viper,Venomous,train/Venomous_Snake/siamese-russel-viper-1.jpg,Venomous_Snake,TRAIN,0,1,HIGH_CONFIDENCE_NEAR_DUPLICATE,0,0.345833,0.999721,0.999023,0.999012,30,29,0.966667,CONFIRMED_NEAR_DUPLICATE,pHash=0; dHash=1; aHash=0; aspect_delta=0.3458; pixel_corr=0.9997; SSIM=0.9990; hist_corr=0.9990; ORB_good=30; ORB_inliers=29; ORB_inlier_ratio=0.9667,HIGH_CONFIDENCE_NEAR_DUPLICATE
Venomous/Russell's Viper/siamese-russells-viper-daboia-siamensis-800x600.jpg,Russell's Viper,Venomous,train/Venomous_Snake/siamese-russells-viper-daboia-siamensis-800x600.jpg,Venomous_Snake,TRAIN,0,0,HIGH_CONFIDENCE_NEAR_DUPLICATE,0,0.3325,0.999486,0.996691,0.999665,55,51,0.927273,CONFIRMED_NEAR_DUPLICATE,pHash=0; dHash=0; aHash=0; aspect_delta=0.3325; pixel_corr=0.9995; SSIM=0.9967; hist_corr=0.9997; ORB_good=55; ORB_inliers=51; ORB_inlier_ratio=0.9273,HIGH_CONFIDENCE_NEAR_DUPLICATE
Venomous/Russell's Viper/siamese-russells-viper-daboia-siamensis-800x600_001.jpg,Russell's Viper,Venomous,train/Venomous_Snake/siamese-russells-viper-daboia-siamensis-800x600_001.jpg,Venomous_Snake,TRAIN,0,0,HIGH_CONFIDENCE_NEAR_DUPLICATE,0,0.3325,0.999374,0.997765,0.999354,43,43,1.0,CONFIRMED_NEAR_DUPLICATE,pHash=0; dHash=0; aHash=0; aspect_delta=0.3325; pixel_corr=0.9994; SSIM=0.9978; hist_corr=0.9994; ORB_good=43; ORB_inliers=43; ORB_inlier_ratio=1.0000,HIGH_CONFIDENCE_NEAR_DUPLICATE
Venomous/Russell's Viper/siamese-russells-viper.jpg,Russell's Viper,Venomous,train/Venomous_Snake/siamese-russells-viper.jpg,Venomous_Snake,TRAIN,2,0,HIGH_CONFIDENCE_NEAR_DUPLICATE,0,0.25,0.999571,0.997367,0.999105,1,0,0.0,POSSIBLE_NEAR_DUPLICATE,pHash=2; dHash=0; aHash=0; aspect_delta=0.2500; pixel_corr=0.9996; SSIM=0.9974; hist_corr=0.9991; ORB_good=1; ORB_inliers=0; ORB_inlier_ratio=0.0000,POSSIBLE_NEAR_DUPLICATE
Venomous/Russell's Viper/sites_snake-antivenin.com_files_russell-viper-daboia-russelli-siamensis-antivenom-red-cross.jpg,Russell's Viper,Venomous,validation/Venomous_Snake/sites_snake-antivenin.com_files_russell-viper-daboia-russelli-siamensis-antivenom-red-cross.jpg,Venomous_Snake,VALIDATION,0,0,HIGH_CONFIDENCE_NEAR_DUPLICATE,0,0.423592,0.999748,0.998402,0.993166,12,8,0.666667,POSSIBLE_NEAR_DUPLICATE,pHash=0; dHash=0; aHash=0; aspect_delta=0.4236; pixel_corr=0.9997; SSIM=0.9984; hist_corr=0.9932; ORB_good=12; ORB_inliers=8; ORB_inlier_ratio=0.6667,POSSIBLE_NEAR_DUPLICATE
Venomous/Russell's Viper/snake-bit-mit-resize-1.jpg,Russell's Viper,Venomous,train/Venomous_Snake/snake-bit-mit-resize-1.jpg,Venomous_Snake,TRAIN,0,0,HIGH_CONFIDENCE_NEAR_DUPLICATE,0,0.436523,0.999517,0.998392,0.99792,10,4,0.4,POSSIBLE_NEAR_DUPLICATE,pHash=0; dHash=0; aHash=0; aspect_delta=0.4365; pixel_corr=0.9995; SSIM=0.9984; hist_corr=0.9979; ORB_good=10; ORB_inliers=4; ORB_inlier_ratio=0.4000,POSSIBLE_NEAR_DUPLICATE
Venomous/Russell's Viper/snake.jpg,Russell's Viper,Venomous,validation/Venomous_Snake/snake.jpg,Venomous_Snake,VALIDATION,0,1,HIGH_CONFIDENCE_NEAR_DUPLICATE,0,0.248,0.999693,0.995868,0.999915,107,82,0.766355,CONFIRMED_NEAR_DUPLICATE,pHash=0; dHash=1; aHash=0; aspect_delta=0.2480; pixel_corr=0.9997; SSIM=0.9959; hist_corr=0.9999; ORB_good=107; ORB_inliers=82; ORB_inlier_ratio=0.7664,HIGH_CONFIDENCE_NEAR_DUPLICATE
Venomous/Russell's Viper/SNP00553.jpg,Russell's Viper,Venomous,train/Venomous_Snake/SNP00553.jpg,Venomous_Snake,TRAIN,0,0,HIGH_CONFIDENCE_NEAR_DUPLICATE,0,0.25,0.99952,0.997199,0.999596,84,77,0.916667,CONFIRMED_NEAR_DUPLICATE,pHash=0; dHash=0; aHash=0; aspect_delta=0.2500; pixel_corr=0.9995; SSIM=0.9972; hist_corr=0.9996; ORB_good=84; ORB_inliers=77; ORB_inlier_ratio=0.9167,HIGH_CONFIDENCE_NEAR_DUPLICATE
Venomous/Russell's Viper/stock-photo-adult-russell-s-viper-daboia-russelii-tamil-nadu-south-india-144893629.jpg,Russell's Viper,Venomous,train/Venomous_Snake/stock-photo-adult-russell-s-viper-daboia-russelii-tamil-nadu-south-india-144893629.jpg,Venomous_Snake,TRAIN,0,0,HIGH_CONFIDENCE_NEAR_DUPLICATE,0,0.268,0.999466,0.997622,0.997646,29,28,0.965517,CONFIRMED_NEAR_DUPLICATE,pHash=0; dHash=0; aHash=0; aspect_delta=0.2680; pixel_corr=0.9995; SSIM=0.9976; hist_corr=0.9976; ORB_good=29; ORB_inliers=28; ORB_inlier_ratio=0.9655,HIGH_CONFIDENCE_NEAR_DUPLICATE
Venomous/Russell's Viper/stock-photo-adult-russell-s-viper-daboia-russelii-tamil-nadu-south-india-144893635.jpg,Russell's Viper,Venomous,train/Venomous_Snake/stock-photo-adult-russell-s-viper-daboia-russelii-tamil-nadu-south-india-144893635.jpg,Venomous_Snake,TRAIN,0,1,HIGH_CONFIDENCE_NEAR_DUPLICATE,0,0.291111,0.999482,0.996877,0.999447,67,63,0.940299,CONFIRMED_NEAR_DUPLICATE,pHash=0; dHash=1; aHash=0; aspect_delta=0.2911; pixel_corr=0.9995; SSIM=0.9969; hist_corr=0.9994; ORB_good=67; ORB_inliers=63; ORB_inlier_ratio=0.9403,HIGH_CONFIDENCE_NEAR_DUPLICATE
Venomous/Russell's Viper/stock-photo-adult-russell-s-viper-daboia-russelii-tamil-nadu-south-india-144896374.jpg,Russell's Viper,Venomous,train/Venomous_Snake/stock-photo-adult-russell-s-viper-daboia-russelii-tamil-nadu-south-india-144896374.jpg,Venomous_Snake,TRAIN,0,0,HIGH_CONFIDENCE_NEAR_DUPLICATE,0,0.291111,0.999483,0.995491,0.999621,98,86,0.877551,CONFIRMED_NEAR_DUPLICATE,pHash=0; dHash=0; aHash=0; aspect_delta=0.2911; pixel_corr=0.9995; SSIM=0.9955; hist_corr=0.9996; ORB_good=98; ORB_inliers=86; ORB_inlier_ratio=0.8776,HIGH_CONFIDENCE_NEAR_DUPLICATE
Venomous/Russell's Viper/stock-photo-eastern-russell-s-viper-107255687.jpg,Russell's Viper,Venomous,train/Venomous_Snake/stock-photo-eastern-russell-s-viper-107255687.jpg,Venomous_Snake,TRAIN,0,0,HIGH_CONFIDENCE_NEAR_DUPLICATE,0,0.288889,0.999781,0.997572,0.998423,58,53,0.913793,CONFIRMED_NEAR_DUPLICATE,pHash=0; dHash=0; aHash=0; aspect_delta=0.2889; pixel_corr=0.9998; SSIM=0.9976; hist_corr=0.9984; ORB_good=58; ORB_inliers=53; ORB_inlier_ratio=0.9138,HIGH_CONFIDENCE_NEAR_DUPLICATE
Venomous/Russell's Viper/stock-photo-siamese-russell-s-viper-daboia-russelii-siamensis-631710800.jpg,Russell's Viper,Venomous,train/Venomous_Snake/stock-photo-siamese-russell-s-viper-daboia-russelii-siamensis-631710800.jpg,Venomous_Snake,TRAIN,0,0,HIGH_CONFIDENCE_NEAR_DUPLICATE,0,0.248889,0.999728,0.997437,0.999847,139,137,0.985612,CONFIRMED_NEAR_DUPLICATE,pHash=0; dHash=0; aHash=0; aspect_delta=0.2489; pixel_corr=0.9997; SSIM=0.9974; hist_corr=0.9998; ORB_good=139; ORB_inliers=137; ORB_inlier_ratio=0.9856,HIGH_CONFIDENCE_NEAR_DUPLICATE
Venomous/Russell's Viper/the-russells-viper.jpg,Russell's Viper,Venomous,train/Venomous_Snake/the-russells-viper.jpg,Venomous_Snake,TRAIN,0,0,HIGH_CONFIDENCE_NEAR_DUPLICATE,0,0.0,0.999763,0.997719,0.999943,293,284,0.969283,CONFIRMED_NEAR_DUPLICATE,pHash=0; dHash=0; aHash=0; aspect_delta=0.0000; pixel_corr=0.9998; SSIM=0.9977; hist_corr=0.9999; ORB_good=293; ORB_inliers=284; ORB_inlier_ratio=0.9693,HIGH_CONFIDENCE_NEAR_DUPLICATE
Venomous/Russell's Viper/toz19227l.jpg,Russell's Viper,Venomous,train/Venomous_Snake/toz19227l.jpg,Venomous_Snake,TRAIN,0,0,HIGH_CONFIDENCE_NEAR_DUPLICATE,0,0.249375,0.999318,0.996832,0.997992,30,29,0.966667,CONFIRMED_NEAR_DUPLICATE,pHash=0; dHash=0; aHash=0; aspect_delta=0.2494; pixel_corr=0.9993; SSIM=0.9968; hist_corr=0.9980; ORB_good=30; ORB_inliers=29; ORB_inlier_ratio=0.9667,HIGH_CONFIDENCE_NEAR_DUPLICATE
Venomous/Russell's Viper/toz19228l.jpg,Russell's Viper,Venomous,train/Venomous_Snake/toz19228l.jpg,Venomous_Snake,TRAIN,0,0,HIGH_CONFIDENCE_NEAR_DUPLICATE,1,0.25,0.999226,0.997064,0.999698,16,15,0.9375,LIKELY_NEAR_DUPLICATE,pHash=0; dHash=0; aHash=1; aspect_delta=0.2500; pixel_corr=0.9992; SSIM=0.9971; hist_corr=0.9997; ORB_good=16; ORB_inliers=15; ORB_inlier_ratio=0.9375,POSSIBLE_NEAR_DUPLICATE
Venomous/Russell's Viper/tumblr_nee8a0sQm01rdag7yo1_500.jpg,Russell's Viper,Venomous,train/Venomous_Snake/tumblr_nee8a0sQm01rdag7yo1_500.jpg,Venomous_Snake,TRAIN,0,0,HIGH_CONFIDENCE_NEAR_DUPLICATE,0,0.336,0.999704,0.998335,0.998997,28,26,0.928571,CONFIRMED_NEAR_DUPLICATE,pHash=0; dHash=0; aHash=0; aspect_delta=0.3360; pixel_corr=0.9997; SSIM=0.9983; hist_corr=0.9990; ORB_good=28; ORB_inliers=26; ORB_inlier_ratio=0.9286,HIGH_CONFIDENCE_NEAR_DUPLICATE
Venomous/Russell's Viper/Tushar_mone.jpg,Russell's Viper,Venomous,train/Venomous_Snake/Tushar_mone.jpg,Venomous_Snake,TRAIN,0,0,HIGH_CONFIDENCE_NEAR_DUPLICATE,0,0.327273,0.999664,0.996981,0.999947,20,15,0.75,CONFIRMED_NEAR_DUPLICATE,pHash=0; dHash=0; aHash=0; aspect_delta=0.3273; pixel_corr=0.9997; SSIM=0.9970; hist_corr=0.9999; ORB_good=20; ORB_inliers=15; ORB_inlier_ratio=0.7500,HIGH_CONFIDENCE_NEAR_DUPLICATE
Venomous/Russell's Viper/Two_Headed_Russell_E2_80_99s_V.jpg,Russell's Viper,Venomous,train/Venomous_Snake/Two_Headed_Russell_E2_80_99s_V.jpg,Venomous_Snake,TRAIN,0,1,HIGH_CONFIDENCE_NEAR_DUPLICATE,0,0.334615,0.999538,0.997734,0.999094,48,43,0.895833,CONFIRMED_NEAR_DUPLICATE,pHash=0; dHash=1; aHash=0; aspect_delta=0.3346; pixel_corr=0.9995; SSIM=0.9977; hist_corr=0.9991; ORB_good=48; ORB_inliers=43; ORB_inlier_ratio=0.8958,HIGH_CONFIDENCE_NEAR_DUPLICATE
Venomous/Saw-scaled Viper/0191.jpeg,Saw-scaled Viper,Venomous,test/Venomous_Snake/0191.jpg,Venomous_Snake,TEST,2,1,HIGH_CONFIDENCE_NEAR_DUPLICATE,1,0.332727,0.9433,0.792164,0.995654,63,60,0.952381,CONFIRMED_NEAR_DUPLICATE,pHash=2; dHash=1; aHash=1; aspect_delta=0.3327; pixel_corr=0.9433; SSIM=0.7922; hist_corr=0.9957; ORB_good=63; ORB_inliers=60; ORB_inlier_ratio=0.9524,HIGH_CONFIDENCE_NEAR_DUPLICATE
Venomous/Saw-scaled Viper/0194.jpeg,Saw-scaled Viper,Venomous,train/Venomous_Snake/0194.jpg,Venomous_Snake,TRAIN,0,2,HIGH_CONFIDENCE_NEAR_DUPLICATE,0,0.333333,0.978877,0.946193,0.99661,53,51,0.962264,CONFIRMED_NEAR_DUPLICATE,pHash=0; dHash=2; aHash=0; aspect_delta=0.3333; pixel_corr=0.9789; SSIM=0.9462; hist_corr=0.9966; ORB_good=53; ORB_inliers=51; ORB_inlier_ratio=0.9623,HIGH_CONFIDENCE_NEAR_DUPLICATE
Venomous/Saw-scaled Viper/0240.jpeg,Saw-scaled Viper,Venomous,train/Venomous_Snake/0240.jpg,Venomous_Snake,TRAIN,4,0,POSSIBLE_NEAR_DUPLICATE,0,0.392,0.967716,0.915357,0.998725,19,16,0.842105,LIKELY_NEAR_DUPLICATE,pHash=4; dHash=0; aHash=0; aspect_delta=0.3920; pixel_corr=0.9677; SSIM=0.9154; hist_corr=0.9987; ORB_good=19; ORB_inliers=16; ORB_inlier_ratio=0.8421,POSSIBLE_NEAR_DUPLICATE
Venomous/Saw-scaled Viper/03000025421_01_f.jpg,Saw-scaled Viper,Venomous,train/Venomous_Snake/03000025421_01_f.jpg,Venomous_Snake,TRAIN,0,0,HIGH_CONFIDENCE_NEAR_DUPLICATE,0,0.333008,0.999845,0.99888,0.999927,35,33,0.942857,CONFIRMED_NEAR_DUPLICATE,pHash=0; dHash=0; aHash=0; aspect_delta=0.3330; pixel_corr=0.9998; SSIM=0.9989; hist_corr=0.9999; ORB_good=35; ORB_inliers=33; ORB_inlier_ratio=0.9429,HIGH_CONFIDENCE_NEAR_DUPLICATE
Venomous/Saw-scaled Viper/03000032484_01_f.jpg,Saw-scaled Viper,Venomous,train/Venomous_Snake/03000032484_01_f.jpg,Venomous_Snake,TRAIN,0,0,HIGH_CONFIDENCE_NEAR_DUPLICATE,0,0.2925,0.99945,0.994989,0.999651,70,67,0.957143,CONFIRMED_NEAR_DUPLICATE,pHash=0; dHash=0; aHash=0; aspect_delta=0.2925; pixel_corr=0.9994; SSIM=0.9950; hist_corr=0.9997; ORB_good=70; ORB_inliers=67; ORB_inlier_ratio=0.9571,HIGH_CONFIDENCE_NEAR_DUPLICATE
Venomous/Saw-scaled Viper/0446.jpeg,Saw-scaled Viper,Venomous,validation/Venomous_Snake/0446.jpg,Venomous_Snake,VALIDATION,0,0,HIGH_CONFIDENCE_NEAR_DUPLICATE,2,0.332727,0.984619,0.947718,0.997244,76,74,0.973684,CONFIRMED_NEAR_DUPLICATE,pHash=0; dHash=0; aHash=2; aspect_delta=0.3327; pixel_corr=0.9846; SSIM=0.9477; hist_corr=0.9972; ORB_good=76; ORB_inliers=74; ORB_inlier_ratio=0.9737,HIGH_CONFIDENCE_NEAR_DUPLICATE
Venomous/Saw-scaled Viper/06.jpg,Saw-scaled Viper,Venomous,test/Venomous_Snake/06.jpg,Venomous_Snake,TEST,0,0,HIGH_CONFIDENCE_NEAR_DUPLICATE,0,0.325,0.999708,0.998804,0.998862,80,76,0.95,CONFIRMED_NEAR_DUPLICATE,pHash=0; dHash=0; aHash=0; aspect_delta=0.3250; pixel_corr=0.9997; SSIM=0.9988; hist_corr=0.9989; ORB_good=80; ORB_inliers=76; ORB_inlier_ratio=0.9500,HIGH_CONFIDENCE_NEAR_DUPLICATE
Venomous/Saw-scaled Viper/0804.jpeg,Saw-scaled Viper,Venomous,train/Venomous_Snake/0804.jpg,Venomous_Snake,TRAIN,0,1,HIGH_CONFIDENCE_NEAR_DUPLICATE,0,0.475586,0.984242,0.916592,0.997746,9,9,1.0,POSSIBLE_NEAR_DUPLICATE,pHash=0; dHash=1; aHash=0; aspect_delta=0.4756; pixel_corr=0.9842; SSIM=0.9166; hist_corr=0.9977; ORB_good=9; ORB_inliers=9; ORB_inlier_ratio=1.0000,POSSIBLE_NEAR_DUPLICATE
Venomous/Saw-scaled Viper/1-s2.0-S1080603207702168-gr1.jpg,Saw-scaled Viper,Venomous,test/Venomous_Snake/1-s2.0-S1080603207702168-gr1.jpg,Venomous_Snake,TEST,0,0,HIGH_CONFIDENCE_NEAR_DUPLICATE,0,0.353909,0.999691,0.997692,0.999136,46,44,0.956522,CONFIRMED_NEAR_DUPLICATE,pHash=0; dHash=0; aHash=0; aspect_delta=0.3539; pixel_corr=0.9997; SSIM=0.9977; hist_corr=0.9991; ORB_good=46; ORB_inliers=44; ORB_inlier_ratio=0.9565,HIGH_CONFIDENCE_NEAR_DUPLICATE
Venomous/Saw-scaled Viper/1.jpg,Saw-scaled Viper,Venomous,test/Venomous_Snake/1 (2).jpg,Venomous_Snake,TEST,0,0,HIGH_CONFIDENCE_NEAR_DUPLICATE,0,0.25,0.99963,0.997018,0.999625,119,113,0.94958,CONFIRMED_NEAR_DUPLICATE,pHash=0; dHash=0; aHash=0; aspect_delta=0.2500; pixel_corr=0.9996; SSIM=0.9970; hist_corr=0.9996; ORB_good=119; ORB_inliers=113; ORB_inlier_ratio=0.9496,HIGH_CONFIDENCE_NEAR_DUPLICATE
Venomous/Saw-scaled Viper/114-viper.jpg,Saw-scaled Viper,Venomous,test/Venomous_Snake/114-viper.jpg,Venomous_Snake,TEST,0,0,HIGH_CONFIDENCE_NEAR_DUPLICATE,0,0.437939,0.999707,0.997959,0.999504,5,4,0.8,POSSIBLE_NEAR_DUPLICATE,pHash=0; dHash=0; aHash=0; aspect_delta=0.4379; pixel_corr=0.9997; SSIM=0.9980; hist_corr=0.9995; ORB_good=5; ORB_inliers=4; ORB_inlier_ratio=0.8000,POSSIBLE_NEAR_DUPLICATE
Venomous/Saw-scaled Viper/119.jpg,Saw-scaled Viper,Venomous,test/Venomous_Snake/119.jpg,Venomous_Snake,TEST,0,0,HIGH_CONFIDENCE_NEAR_DUPLICATE,0,0.333333,0.999635,0.998373,0.997678,45,43,0.955556,CONFIRMED_NEAR_DUPLICATE,pHash=0; dHash=0; aHash=0; aspect_delta=0.3333; pixel_corr=0.9996; SSIM=0.9984; hist_corr=0.9977; ORB_good=45; ORB_inliers=43; ORB_inlier_ratio=0.9556,HIGH_CONFIDENCE_NEAR_DUPLICATE
Venomous/Saw-scaled Viper/125625-004-9F0A5C13.jpg,Saw-scaled Viper,Venomous,validation/Venomous_Snake/125625-004-9F0A5C13.jpg,Venomous_Snake,VALIDATION,0,0,HIGH_CONFIDENCE_NEAR_DUPLICATE,0,0.249091,0.99957,0.998072,0.999648,170,168,0.988235,CONFIRMED_NEAR_DUPLICATE,pHash=0; dHash=0; aHash=0; aspect_delta=0.2491; pixel_corr=0.9996; SSIM=0.9981; hist_corr=0.9996; ORB_good=170; ORB_inliers=168; ORB_inlier_ratio=0.9882,HIGH_CONFIDENCE_NEAR_DUPLICATE
Venomous/Saw-scaled Viper/12873_2012_Article_167_Fig1_HTML.jpg,Saw-scaled Viper,Venomous,train/Venomous_Snake/12873_2012_Article_167_Fig1_HTML.jpg,Venomous_Snake,TRAIN,0,0,HIGH_CONFIDENCE_NEAR_DUPLICATE,1,0.403333,0.999293,0.99764,0.996778,7,5,0.714286,POSSIBLE_NEAR_DUPLICATE,pHash=0; dHash=0; aHash=1; aspect_delta=0.4033; pixel_corr=0.9993; SSIM=0.9976; hist_corr=0.9968; ORB_good=7; ORB_inliers=5; ORB_inlier_ratio=0.7143,POSSIBLE_NEAR_DUPLICATE
Venomous/Saw-scaled Viper/13-F-Keels--Scales-of-the-Saw-scaled-Viper.jpg,Saw-scaled Viper,Venomous,test/Venomous_Snake/13-F-Keels--Scales-of-the-Saw-scaled-Viper.jpg,Venomous_Snake,TEST,0,0,HIGH_CONFIDENCE_NEAR_DUPLICATE,0,0.379688,0.999146,0.99724,0.99472,27,18,0.666667,CONFIRMED_NEAR_DUPLICATE,pHash=0; dHash=0; aHash=0; aspect_delta=0.3797; pixel_corr=0.9991; SSIM=0.9972; hist_corr=0.9947; ORB_good=27; ORB_inliers=18; ORB_inlier_ratio=0.6667,HIGH_CONFIDENCE_NEAR_DUPLICATE
Venomous/Saw-scaled Viper/1361.jpeg,Saw-scaled Viper,Venomous,validation/Venomous_Snake/1361.jpg,Venomous_Snake,VALIDATION,0,0,HIGH_CONFIDENCE_NEAR_DUPLICATE,0,0.35,0.951396,0.857936,0.997651,57,54,0.947368,CONFIRMED_NEAR_DUPLICATE,pHash=0; dHash=0; aHash=0; aspect_delta=0.3500; pixel_corr=0.9514; SSIM=0.8579; hist_corr=0.9977; ORB_good=57; ORB_inliers=54; ORB_inlier_ratio=0.9474,HIGH_CONFIDENCE_NEAR_DUPLICATE
Venomous/Saw-scaled Viper/143885070018.JPG,Saw-scaled Viper,Venomous,train/Venomous_Snake/143885070018.JPG,Venomous_Snake,TRAIN,0,0,HIGH_CONFIDENCE_NEAR_DUPLICATE,0,0.333333,0.999584,0.998379,0.999901,70,69,0.985714,CONFIRMED_NEAR_DUPLICATE,pHash=0; dHash=0; aHash=0; aspect_delta=0.3333; pixel_corr=0.9996; SSIM=0.9984; hist_corr=0.9999; ORB_good=70; ORB_inliers=69; ORB_inlier_ratio=0.9857,HIGH_CONFIDENCE_NEAR_DUPLICATE
Venomous/Saw-scaled Viper/15155896108_9c22ac4833_b.jpg,Saw-scaled Viper,Venomous,train/Venomous_Snake/15155896108_9c22ac4833_b.jpg,Venomous_Snake,TRAIN,0,0,HIGH_CONFIDENCE_NEAR_DUPLICATE,0,0.422852,0.999442,0.998127,0.998295,9,8,0.888889,POSSIBLE_NEAR_DUPLICATE,pHash=0; dHash=0; aHash=0; aspect_delta=0.4229; pixel_corr=0.9994; SSIM=0.9981; hist_corr=0.9983; ORB_good=9; ORB_inliers=8; ORB_inlier_ratio=0.8889,POSSIBLE_NEAR_DUPLICATE
Venomous/Saw-scaled Viper/15330888-Closeup-of-pattern-on-saw-scaled-Viper-Echis-carinatus-Tamil-Nadu-South-India-Stock-Photo.jpg,Saw-scaled Viper,Venomous,train/Venomous_Snake/15330888-Closeup-of-pattern-on-saw-scaled-Viper-Echis-carinatus-Tamil-Nadu-South-India-Stock-Photo.jpg,Venomous_Snake,TRAIN,0,1,HIGH_CONFIDENCE_NEAR_DUPLICATE,0,0.335385,0.999705,0.998376,0.996772,20,20,1.0,CONFIRMED_NEAR_DUPLICATE,pHash=0; dHash=1; aHash=0; aspect_delta=0.3354; pixel_corr=0.9997; SSIM=0.9984; hist_corr=0.9968; ORB_good=20; ORB_inliers=20; ORB_inlier_ratio=1.0000,HIGH_CONFIDENCE_NEAR_DUPLICATE
Venomous/Saw-scaled Viper/16666056390_e5f1682bd0.jpg,Saw-scaled Viper,Venomous,train/Venomous_Snake/16666056390_e5f1682bd0.jpg,Venomous_Snake,TRAIN,0,0,HIGH_CONFIDENCE_NEAR_DUPLICATE,0,0.25,0.999575,0.99815,0.997902,192,188,0.979167,CONFIRMED_NEAR_DUPLICATE,pHash=0; dHash=0; aHash=0; aspect_delta=0.2500; pixel_corr=0.9996; SSIM=0.9981; hist_corr=0.9979; ORB_good=192; ORB_inliers=188; ORB_inlier_ratio=0.9792,HIGH_CONFIDENCE_NEAR_DUPLICATE
Venomous/Saw-scaled Viper/18955_340.jpg,Saw-scaled Viper,Venomous,train/Venomous_Snake/18955_340.jpg,Venomous_Snake,TRAIN,0,0,HIGH_CONFIDENCE_NEAR_DUPLICATE,0,0.352381,0.999826,0.9978,0.99973,55,53,0.963636,CONFIRMED_NEAR_DUPLICATE,pHash=0; dHash=0; aHash=0; aspect_delta=0.3524; pixel_corr=0.9998; SSIM=0.9978; hist_corr=0.9997; ORB_good=55; ORB_inliers=53; ORB_inlier_ratio=0.9636,HIGH_CONFIDENCE_NEAR_DUPLICATE
Venomous/Saw-scaled Viper/21505046724_1c0739e33c.jpg,Saw-scaled Viper,Venomous,train/Venomous_Snake/21505046724_1c0739e33c.jpg,Venomous_Snake,TRAIN,0,0,HIGH_CONFIDENCE_NEAR_DUPLICATE,0,0.334,0.999521,0.998064,0.998984,70,67,0.957143,CONFIRMED_NEAR_DUPLICATE,pHash=0; dHash=0; aHash=0; aspect_delta=0.3340; pixel_corr=0.9995; SSIM=0.9981; hist_corr=0.9990; ORB_good=70; ORB_inliers=67; ORB_inlier_ratio=0.9571,HIGH_CONFIDENCE_NEAR_DUPLICATE
Venomous/Saw-scaled Viper/21506768173_3a57a2f595.jpg,Saw-scaled Viper,Venomous,train/Venomous_Snake/21506768173_3a57a2f595.jpg,Venomous_Snake,TRAIN,0,0,HIGH_CONFIDENCE_NEAR_DUPLICATE,0,0.334,0.999551,0.998279,0.999201,67,65,0.970149,CONFIRMED_NEAR_DUPLICATE,pHash=0; dHash=0; aHash=0; aspect_delta=0.3340; pixel_corr=0.9996; SSIM=0.9983; hist_corr=0.9992; ORB_good=67; ORB_inliers=65; ORB_inlier_ratio=0.9701,HIGH_CONFIDENCE_NEAR_DUPLICATE
Venomous/Saw-scaled Viper/21939708950_b237f909c0.jpg,Saw-scaled Viper,Venomous,train/Venomous_Snake/21939708950_b237f909c0.jpg,Venomous_Snake,TRAIN,0,1,HIGH_CONFIDENCE_NEAR_DUPLICATE,1,0.334,0.99935,0.996291,0.999123,72,71,0.986111,CONFIRMED_NEAR_DUPLICATE,pHash=0; dHash=1; aHash=1; aspect_delta=0.3340; pixel_corr=0.9993; SSIM=0.9963; hist_corr=0.9991; ORB_good=72; ORB_inliers=71; ORB_inlier_ratio=0.9861,HIGH_CONFIDENCE_NEAR_DUPLICATE
Venomous/Saw-scaled Viper/22127891045_d34db643e0_b.jpg,Saw-scaled Viper,Venomous,train/Venomous_Snake/22127891045_d34db643e0_b.jpg,Venomous_Snake,TRAIN,0,0,HIGH_CONFIDENCE_NEAR_DUPLICATE,0,0.333008,0.999197,0.994024,0.99957,30,30,1.0,CONFIRMED_NEAR_DUPLICATE,pHash=0; dHash=0; aHash=0; aspect_delta=0.3330; pixel_corr=0.9992; SSIM=0.9940; hist_corr=0.9996; ORB_good=30; ORB_inliers=30; ORB_inlier_ratio=1.0000,HIGH_CONFIDENCE_NEAR_DUPLICATE
Venomous/Saw-scaled Viper/22513154937_229434a62c_b.jpg,Saw-scaled Viper,Venomous,validation/Venomous_Snake/22513154937_229434a62c_b.jpg,Venomous_Snake,VALIDATION,0,0,HIGH_CONFIDENCE_NEAR_DUPLICATE,0,0.371094,0.999844,0.998505,0.998225,57,57,1.0,CONFIRMED_NEAR_DUPLICATE,pHash=0; dHash=0; aHash=0; aspect_delta=0.3711; pixel_corr=0.9998; SSIM=0.9985; hist_corr=0.9982; ORB_good=57; ORB_inliers=57; ORB_inlier_ratio=1.0000,HIGH_CONFIDENCE_NEAR_DUPLICATE
Venomous/Saw-scaled Viper/26437-004-9C6C0E46.jpg,Saw-scaled Viper,Venomous,train/Venomous_Snake/26437-004-9C6C0E46.jpg,Venomous_Snake,TRAIN,0,1,HIGH_CONFIDENCE_NEAR_DUPLICATE,0,0.122807,0.999661,0.997612,0.995993,344,335,0.973837,CONFIRMED_NEAR_DUPLICATE,pHash=0; dHash=1; aHash=0; aspect_delta=0.1228; pixel_corr=0.9997; SSIM=0.9976; hist_corr=0.9960; ORB_good=344; ORB_inliers=335; ORB_inlier_ratio=0.9738,HIGH_CONFIDENCE_NEAR_DUPLICATE
Venomous/Saw-scaled Viper/300px-SSviper.jpg,Saw-scaled Viper,Venomous,train/Venomous_Snake/300px-SSviper.jpg,Venomous_Snake,TRAIN,0,1,HIGH_CONFIDENCE_NEAR_DUPLICATE,0,0.286667,0.999115,0.997442,0.999574,75,69,0.92,CONFIRMED_NEAR_DUPLICATE,pHash=0; dHash=1; aHash=0; aspect_delta=0.2867; pixel_corr=0.9991; SSIM=0.9974; hist_corr=0.9996; ORB_good=75; ORB_inliers=69; ORB_inlier_ratio=0.9200,HIGH_CONFIDENCE_NEAR_DUPLICATE
Venomous/Saw-scaled Viper/319A4819.preview.JPG,Saw-scaled Viper,Venomous,train/Venomous_Snake/319A4819.preview.JPG,Venomous_Snake,TRAIN,0,0,HIGH_CONFIDENCE_NEAR_DUPLICATE,0,0.332813,0.999475,0.998182,0.999468,71,69,0.971831,CONFIRMED_NEAR_DUPLICATE,pHash=0; dHash=0; aHash=0; aspect_delta=0.3328; pixel_corr=0.9995; SSIM=0.9982; hist_corr=0.9995; ORB_good=71; ORB_inliers=69; ORB_inlier_ratio=0.9718,HIGH_CONFIDENCE_NEAR_DUPLICATE
Venomous/Saw-scaled Viper/34446387315_b357fc4e8e_b.jpg,Saw-scaled Viper,Venomous,train/Venomous_Snake/34446387315_b357fc4e8e_b.jpg,Venomous_Snake,TRAIN,0,0,HIGH_CONFIDENCE_NEAR_DUPLICATE,0,0.333008,0.999694,0.997563,0.999825,36,36,1.0,CONFIRMED_NEAR_DUPLICATE,pHash=0; dHash=0; aHash=0; aspect_delta=0.3330; pixel_corr=0.9997; SSIM=0.9976; hist_corr=0.9998; ORB_good=36; ORB_inliers=36; ORB_inlier_ratio=1.0000,HIGH_CONFIDENCE_NEAR_DUPLICATE
Venomous/Saw-scaled Viper/4493565049_3d40dd0bc5_m.jpg,Saw-scaled Viper,Venomous,train/Venomous_Snake/4493565049_3d40dd0bc5_m.jpg,Venomous_Snake,TRAIN,0,0,HIGH_CONFIDENCE_NEAR_DUPLICATE,0,0.3375,0.999687,0.998052,0.999836,38,31,0.815789,CONFIRMED_NEAR_DUPLICATE,pHash=0; dHash=0; aHash=0; aspect_delta=0.3375; pixel_corr=0.9997; SSIM=0.9981; hist_corr=0.9998; ORB_good=38; ORB_inliers=31; ORB_inlier_ratio=0.8158,HIGH_CONFIDENCE_NEAR_DUPLICATE
Venomous/Saw-scaled Viper/45066.jpg,Saw-scaled Viper,Venomous,train/Venomous_Snake/45066.jpg,Venomous_Snake,TRAIN,2,1,HIGH_CONFIDENCE_NEAR_DUPLICATE,0,0.27625,0.998919,0.994337,0.999555,89,86,0.966292,CONFIRMED_NEAR_DUPLICATE,pHash=2; dHash=1; aHash=0; aspect_delta=0.2762; pixel_corr=0.9989; SSIM=0.9943; hist_corr=0.9996; ORB_good=89; ORB_inliers=86; ORB_inlier_ratio=0.9663,HIGH_CONFIDENCE_NEAR_DUPLICATE
Venomous/Saw-scaled Viper/506552827-egyptian-saw-scaled-viper-wriggling-gecko-chad.jpg,Saw-scaled Viper,Venomous,train/Venomous_Snake/506552827-egyptian-saw-scaled-viper-wriggling-gecko-chad.jpg,Venomous_Snake,TRAIN,2,1,HIGH_CONFIDENCE_NEAR_DUPLICATE,0,0.4375,0.999602,0.995402,0.999523,16,14,0.875,LIKELY_NEAR_DUPLICATE,pHash=2; dHash=1; aHash=0; aspect_delta=0.4375; pixel_corr=0.9996; SSIM=0.9954; hist_corr=0.9995; ORB_good=16; ORB_inliers=14; ORB_inlier_ratio=0.8750,POSSIBLE_NEAR_DUPLICATE
Venomous/Saw-scaled Viper/51286_580_360.jpg,Saw-scaled Viper,Venomous,train/Venomous_Snake/51286_580_360.jpg,Venomous_Snake,TRAIN,0,0,HIGH_CONFIDENCE_NEAR_DUPLICATE,0,0.334566,0.999578,0.997782,0.999359,86,79,0.918605,CONFIRMED_NEAR_DUPLICATE,pHash=0; dHash=0; aHash=0; aspect_delta=0.3346; pixel_corr=0.9996; SSIM=0.9978; hist_corr=0.9994; ORB_good=86; ORB_inliers=79; ORB_inlier_ratio=0.9186,HIGH_CONFIDENCE_NEAR_DUPLICATE
Venomous/Saw-scaled Viper/5207091.jpg,Saw-scaled Viper,Venomous,test/Venomous_Snake/5207091.jpg,Venomous_Snake,TEST,0,0,HIGH_CONFIDENCE_NEAR_DUPLICATE,0,0.128,0.999621,0.997997,0.997899,224,210,0.9375,CONFIRMED_NEAR_DUPLICATE,pHash=0; dHash=0; aHash=0; aspect_delta=0.1280; pixel_corr=0.9996; SSIM=0.9980; hist_corr=0.9979; ORB_good=224; ORB_inliers=210; ORB_inlier_ratio=0.9375,HIGH_CONFIDENCE_NEAR_DUPLICATE
Venomous/Saw-scaled Viper/5384077d7fe23.jpg,Saw-scaled Viper,Venomous,test/Venomous_Snake/5384077d7fe23.jpg,Venomous_Snake,TEST,0,0,HIGH_CONFIDENCE_NEAR_DUPLICATE,0,0.528474,0.999741,0.997638,0.999384,3,0,0.0,POSSIBLE_NEAR_DUPLICATE,pHash=0; dHash=0; aHash=0; aspect_delta=0.5285; pixel_corr=0.9997; SSIM=0.9976; hist_corr=0.9994; ORB_good=3; ORB_inliers=0; ORB_inlier_ratio=0.0000,POSSIBLE_NEAR_DUPLICATE
Venomous/Saw-scaled Viper/5384096c1c063.jpg,Saw-scaled Viper,Venomous,test/Venomous_Snake/5384096c1c063.jpg,Venomous_Snake,TEST,0,0,HIGH_CONFIDENCE_NEAR_DUPLICATE,0,0.171745,0.99953,0.998379,0.999672,289,269,0.930796,CONFIRMED_NEAR_DUPLICATE,pHash=0; dHash=0; aHash=0; aspect_delta=0.1717; pixel_corr=0.9995; SSIM=0.9984; hist_corr=0.9997; ORB_good=289; ORB_inliers=269; ORB_inlier_ratio=0.9308,HIGH_CONFIDENCE_NEAR_DUPLICATE
Venomous/Saw-scaled Viper/5609809850_f5041d8285_b.jpg,Saw-scaled Viper,Venomous,validation/Venomous_Snake/5609809850_f5041d8285_b.jpg,Venomous_Snake,VALIDATION,0,0,HIGH_CONFIDENCE_NEAR_DUPLICATE,0,0.372068,0.999565,0.998379,0.996997,42,38,0.904762,CONFIRMED_NEAR_DUPLICATE,pHash=0; dHash=0; aHash=0; aspect_delta=0.3721; pixel_corr=0.9996; SSIM=0.9984; hist_corr=0.9970; ORB_good=42; ORB_inliers=38; ORB_inlier_ratio=0.9048,HIGH_CONFIDENCE_NEAR_DUPLICATE
Venomous/Saw-scaled Viper/5739148026_6b28169cd9_b.jpg,Saw-scaled Viper,Venomous,validation/Venomous_Snake/5739148026_6b28169cd9_b.jpg,Venomous_Snake,VALIDATION,2,1,HIGH_CONFIDENCE_NEAR_DUPLICATE,0,0.46,0.99828,0.994368,0.999859,6,5,0.833333,POSSIBLE_NEAR_DUPLICATE,pHash=2; dHash=1; aHash=0; aspect_delta=0.4600; pixel_corr=0.9983; SSIM=0.9944; hist_corr=0.9999; ORB_good=6; ORB_inliers=5; ORB_inlier_ratio=0.8333,POSSIBLE_NEAR_DUPLICATE
Venomous/Saw-scaled Viper/5809673008_0a9bd78528_b.jpg,Saw-scaled Viper,Venomous,train/Venomous_Snake/5809673008_0a9bd78528_b.jpg,Venomous_Snake,TRAIN,0,1,HIGH_CONFIDENCE_NEAR_DUPLICATE,0,0.335,0.999099,0.996121,0.997723,44,41,0.931818,CONFIRMED_NEAR_DUPLICATE,pHash=0; dHash=1; aHash=0; aspect_delta=0.3350; pixel_corr=0.9991; SSIM=0.9961; hist_corr=0.9977; ORB_good=44; ORB_inliers=41; ORB_inlier_ratio=0.9318,HIGH_CONFIDENCE_NEAR_DUPLICATE
Venomous/Saw-scaled Viper/5817961486_6a8d0eed1d_b.jpg,Saw-scaled Viper,Venomous,train/Venomous_Snake/5817961486_6a8d0eed1d_b.jpg,Venomous_Snake,TRAIN,0,0,HIGH_CONFIDENCE_NEAR_DUPLICATE,0,0.282227,0.999023,0.99509,0.999127,60,58,0.966667,CONFIRMED_NEAR_DUPLICATE,pHash=0; dHash=0; aHash=0; aspect_delta=0.2822; pixel_corr=0.9990; SSIM=0.9951; hist_corr=0.9991; ORB_good=60; ORB_inliers=58; ORB_inlier_ratio=0.9667,HIGH_CONFIDENCE_NEAR_DUPLICATE
Venomous/Saw-scaled Viper/602197057-egyptian-saw-scaled-viper-lurking-worming-chad.jpg,Saw-scaled Viper,Venomous,train/Venomous_Snake/602197057-egyptian-saw-scaled-viper-lurking-worming-chad.jpg,Venomous_Snake,TRAIN,0,0,HIGH_CONFIDENCE_NEAR_DUPLICATE,0,0.4375,0.999406,0.996918,0.999882,13,9,0.692308,POSSIBLE_NEAR_DUPLICATE,pHash=0; dHash=0; aHash=0; aspect_delta=0.4375; pixel_corr=0.9994; SSIM=0.9969; hist_corr=0.9999; ORB_good=13; ORB_inliers=9; ORB_inlier_ratio=0.6923,POSSIBLE_NEAR_DUPLICATE
Venomous/Saw-scaled Viper/619283807-egyptian-saw-scaled-viper-lurking-chad-sahara-das-versunkene-paradies.jpg,Saw-scaled Viper,Venomous,train/Venomous_Snake/619283807-egyptian-saw-scaled-viper-lurking-chad-sahara-das-versunkene-paradies.jpg,Venomous_Snake,TRAIN,0,0,HIGH_CONFIDENCE_NEAR_DUPLICATE,0,0.4375,0.999205,0.996834,0.999778,13,12,0.923077,POSSIBLE_NEAR_DUPLICATE,pHash=0; dHash=0; aHash=0; aspect_delta=0.4375; pixel_corr=0.9992; SSIM=0.9968; hist_corr=0.9998; ORB_good=13; ORB_inliers=12; ORB_inlier_ratio=0.9231,POSSIBLE_NEAR_DUPLICATE
Venomous/Saw-scaled Viper/661453767-egyptian-saw-scaled-viper-lurking-worming-chad.jpg,Saw-scaled Viper,Venomous,train/Venomous_Snake/661453767-egyptian-saw-scaled-viper-lurking-worming-chad.jpg,Venomous_Snake,TRAIN,0,0,HIGH_CONFIDENCE_NEAR_DUPLICATE,2,0.4375,0.999292,0.997407,0.999833,13,11,0.846154,POSSIBLE_NEAR_DUPLICATE,pHash=0; dHash=0; aHash=2; aspect_delta=0.4375; pixel_corr=0.9993; SSIM=0.9974; hist_corr=0.9998; ORB_good=13; ORB_inliers=11; ORB_inlier_ratio=0.8462,POSSIBLE_NEAR_DUPLICATE
Venomous/Saw-scaled Viper/6834742881_d6100bca97_b.jpg,Saw-scaled Viper,Venomous,train/Venomous_Snake/6834742881_d6100bca97_b.jpg,Venomous_Snake,TRAIN,0,1,HIGH_CONFIDENCE_NEAR_DUPLICATE,0,0.397461,0.999312,0.995255,0.999721,18,17,0.944444,LIKELY_NEAR_DUPLICATE,pHash=0; dHash=1; aHash=0; aspect_delta=0.3975; pixel_corr=0.9993; SSIM=0.9953; hist_corr=0.9997; ORB_good=18; ORB_inliers=17; ORB_inlier_ratio=0.9444,POSSIBLE_NEAR_DUPLICATE
Venomous/Saw-scaled Viper/686451267-wall-gecko-egyptian-saw-scaled-viper-worming-chad.jpg,Saw-scaled Viper,Venomous,train/Venomous_Snake/686451267-wall-gecko-egyptian-saw-scaled-viper-worming-chad.jpg,Venomous_Snake,TRAIN,0,0,HIGH_CONFIDENCE_NEAR_DUPLICATE,0,0.4375,0.999764,0.996613,0.999012,16,13,0.8125,LIKELY_NEAR_DUPLICATE,pHash=0; dHash=0; aHash=0; aspect_delta=0.4375; pixel_corr=0.9998; SSIM=0.9966; hist_corr=0.9990; ORB_good=16; ORB_inliers=13; ORB_inlier_ratio=0.8125,POSSIBLE_NEAR_DUPLICATE
Venomous/Saw-scaled Viper/699780063-wall-gecko-egyptian-saw-scaled-viper-chad-sahara-das-versunkene-paradies.jpg,Saw-scaled Viper,Venomous,train/Venomous_Snake/699780063-wall-gecko-egyptian-saw-scaled-viper-chad-sahara-das-versunkene-paradies.jpg,Venomous_Snake,TRAIN,0,0,HIGH_CONFIDENCE_NEAR_DUPLICATE,0,0.4375,0.999746,0.996396,0.998702,19,19,1.0,LIKELY_NEAR_DUPLICATE,pHash=0; dHash=0; aHash=0; aspect_delta=0.4375; pixel_corr=0.9997; SSIM=0.9964; hist_corr=0.9987; ORB_good=19; ORB_inliers=19; ORB_inlier_ratio=1.0000,POSSIBLE_NEAR_DUPLICATE
Venomous/Saw-scaled Viper/7529771256_a2c54cd53f_b.jpg,Saw-scaled Viper,Venomous,train/Venomous_Snake/7529771256_a2c54cd53f_b.jpg,Venomous_Snake,TRAIN,0,0,HIGH_CONFIDENCE_NEAR_DUPLICATE,0,0.335938,0.999683,0.998131,0.999767,29,29,1.0,CONFIRMED_NEAR_DUPLICATE,pHash=0; dHash=0; aHash=0; aspect_delta=0.3359; pixel_corr=0.9997; SSIM=0.9981; hist_corr=0.9998; ORB_good=29; ORB_inliers=29; ORB_inlier_ratio=1.0000,HIGH_CONFIDENCE_NEAR_DUPLICATE
Venomous/Saw-scaled Viper/755725196-egyptian-saw-scaled-viper-gecko-chad-sahara-das-versunkene-paradies.jpg,Saw-scaled Viper,Venomous,validation/Venomous_Snake/755725196-egyptian-saw-scaled-viper-gecko-chad-sahara-das-versunkene-paradies.jpg,Venomous_Snake,VALIDATION,0,0,HIGH_CONFIDENCE_NEAR_DUPLICATE,0,0.4375,0.998807,0.995728,0.999594,11,9,0.818182,POSSIBLE_NEAR_DUPLICATE,pHash=0; dHash=0; aHash=0; aspect_delta=0.4375; pixel_corr=0.9988; SSIM=0.9957; hist_corr=0.9996; ORB_good=11; ORB_inliers=9; ORB_inlier_ratio=0.8182,POSSIBLE_NEAR_DUPLICATE
Venomous/Saw-scaled Viper/806797304-wall-gecko-egyptian-saw-scaled-viper-chad-sahara-das-versunkene-paradies.jpg,Saw-scaled Viper,Venomous,train/Venomous_Snake/806797304-wall-gecko-egyptian-saw-scaled-viper-chad-sahara-das-versunkene-paradies.jpg,Venomous_Snake,TRAIN,0,0,HIGH_CONFIDENCE_NEAR_DUPLICATE,0,0.4375,0.99979,0.995776,0.999576,14,9,0.642857,POSSIBLE_NEAR_DUPLICATE,pHash=0; dHash=0; aHash=0; aspect_delta=0.4375; pixel_corr=0.9998; SSIM=0.9958; hist_corr=0.9996; ORB_good=14; ORB_inliers=9; ORB_inlier_ratio=0.6429,POSSIBLE_NEAR_DUPLICATE
Venomous/Saw-scaled Viper/886949850-wall-gecko-egyptian-saw-scaled-viper-wriggling-chad.jpg,Saw-scaled Viper,Venomous,train/Venomous_Snake/886949850-wall-gecko-egyptian-saw-scaled-viper-wriggling-chad.jpg,Venomous_Snake,TRAIN,0,0,HIGH_CONFIDENCE_NEAR_DUPLICATE,0,0.4375,0.999231,0.995944,0.999841,13,7,0.538462,POSSIBLE_NEAR_DUPLICATE,pHash=0; dHash=0; aHash=0; aspect_delta=0.4375; pixel_corr=0.9992; SSIM=0.9959; hist_corr=0.9998; ORB_good=13; ORB_inliers=7; ORB_inlier_ratio=0.5385,POSSIBLE_NEAR_DUPLICATE
Venomous/Saw-scaled Viper/900-183593306-saw-scaled-viper.jpg,Saw-scaled Viper,Venomous,train/Venomous_Snake/900-183593306-saw-scaled-viper.jpg,Venomous_Snake,TRAIN,0,0,HIGH_CONFIDENCE_NEAR_DUPLICATE,0,0.331111,0.999857,0.998327,0.999655,45,41,0.911111,CONFIRMED_NEAR_DUPLICATE,pHash=0; dHash=0; aHash=0; aspect_delta=0.3311; pixel_corr=0.9999; SSIM=0.9983; hist_corr=0.9997; ORB_good=45; ORB_inliers=41; ORB_inlier_ratio=0.9111,HIGH_CONFIDENCE_NEAR_DUPLICATE
Venomous/Saw-scaled Viper/900-485595776-scaled-viper.jpg,Saw-scaled Viper,Venomous,train/Venomous_Snake/900-485595776-scaled-viper.jpg,Venomous_Snake,TRAIN,0,0,HIGH_CONFIDENCE_NEAR_DUPLICATE,0,0.344444,0.999545,0.997998,0.99936,20,19,0.95,CONFIRMED_NEAR_DUPLICATE,pHash=0; dHash=0; aHash=0; aspect_delta=0.3444; pixel_corr=0.9995; SSIM=0.9980; hist_corr=0.9994; ORB_good=20; ORB_inliers=19; ORB_inlier_ratio=0.9500,HIGH_CONFIDENCE_NEAR_DUPLICATE
Venomous/Saw-scaled Viper/900-500394021-viper-echis.jpg,Saw-scaled Viper,Venomous,train/Venomous_Snake/900-500394021-viper-echis.jpg,Venomous_Snake,TRAIN,0,1,HIGH_CONFIDENCE_NEAR_DUPLICATE,0,0.335556,0.999544,0.998341,0.999455,38,37,0.973684,CONFIRMED_NEAR_DUPLICATE,pHash=0; dHash=1; aHash=0; aspect_delta=0.3356; pixel_corr=0.9995; SSIM=0.9983; hist_corr=0.9995; ORB_good=38; ORB_inliers=37; ORB_inlier_ratio=0.9737,HIGH_CONFIDENCE_NEAR_DUPLICATE
Venomous/Saw-scaled Viper/90130058.jpg,Saw-scaled Viper,Venomous,train/Venomous_Snake/90130058.jpg,Venomous_Snake,TRAIN,0,0,HIGH_CONFIDENCE_NEAR_DUPLICATE,0,0.455714,0.999325,0.997969,0.997152,4,4,1.0,POSSIBLE_NEAR_DUPLICATE,pHash=0; dHash=0; aHash=0; aspect_delta=0.4557; pixel_corr=0.9993; SSIM=0.9980; hist_corr=0.9972; ORB_good=4; ORB_inliers=4; ORB_inlier_ratio=1.0000,POSSIBLE_NEAR_DUPLICATE
Venomous/Saw-scaled Viper/_62580566__45828483_saw_scaled_viper_spl.jpg,Saw-scaled Viper,Venomous,test/Venomous_Snake/_62580566__45828483_saw_scaled_viper_spl.jpg,Venomous_Snake,TEST,0,0,HIGH_CONFIDENCE_NEAR_DUPLICATE,0,0.4375,0.9999,0.998637,0.999829,28,24,0.857143,CONFIRMED_NEAR_DUPLICATE,pHash=0; dHash=0; aHash=0; aspect_delta=0.4375; pixel_corr=0.9999; SSIM=0.9986; hist_corr=0.9998; ORB_good=28; ORB_inliers=24; ORB_inlier_ratio=0.8571,HIGH_CONFIDENCE_NEAR_DUPLICATE
Venomous/Saw-scaled Viper/_afe8d134-4e76-11e6-8d8d-a42edc5c5383.jpg,Saw-scaled Viper,Venomous,test/Venomous_Snake/_afe8d134-4e76-11e6-8d8d-a42edc5c5383.jpg,Venomous_Snake,TEST,0,1,HIGH_CONFIDENCE_NEAR_DUPLICATE,0,0.489063,0.99981,0.998487,0.999462,12,7,0.583333,POSSIBLE_NEAR_DUPLICATE,pHash=0; dHash=1; aHash=0; aspect_delta=0.4891; pixel_corr=0.9998; SSIM=0.9985; hist_corr=0.9995; ORB_good=12; ORB_inliers=7; ORB_inlier_ratio=0.5833,POSSIBLE_NEAR_DUPLICATE
Venomous/Saw-scaled Viper/_D096710.jpg,Saw-scaled Viper,Venomous,test/Venomous_Snake/_D096710.jpg,Venomous_Snake,TEST,2,0,HIGH_CONFIDENCE_NEAR_DUPLICATE,0,0.33375,0.999429,0.997941,0.999188,27,24,0.888889,CONFIRMED_NEAR_DUPLICATE,pHash=2; dHash=0; aHash=0; aspect_delta=0.3337; pixel_corr=0.9994; SSIM=0.9979; hist_corr=0.9992; ORB_good=27; ORB_inliers=24; ORB_inlier_ratio=0.8889,HIGH_CONFIDENCE_NEAR_DUPLICATE
Venomous/Saw-scaled Viper/_DSC0260.jpg,Saw-scaled Viper,Venomous,test/Venomous_Snake/_DSC0260.jpg,Venomous_Snake,TEST,0,0,HIGH_CONFIDENCE_NEAR_DUPLICATE,0,0.38,0.999365,0.99822,0.999617,14,9,0.642857,POSSIBLE_NEAR_DUPLICATE,pHash=0; dHash=0; aHash=0; aspect_delta=0.3800; pixel_corr=0.9994; SSIM=0.9982; hist_corr=0.9996; ORB_good=14; ORB_inliers=9; ORB_inlier_ratio=0.6429,POSSIBLE_NEAR_DUPLICATE
Venomous/Saw-scaled Viper/_DSC0273g.jpg,Saw-scaled Viper,Venomous,test/Venomous_Snake/_DSC0273g.jpg,Venomous_Snake,TEST,0,0,HIGH_CONFIDENCE_NEAR_DUPLICATE,0,0.3825,0.999252,0.996955,0.999408,26,23,0.884615,CONFIRMED_NEAR_DUPLICATE,pHash=0; dHash=0; aHash=0; aspect_delta=0.3825; pixel_corr=0.9993; SSIM=0.9970; hist_corr=0.9994; ORB_good=26; ORB_inliers=23; ORB_inlier_ratio=0.8846,HIGH_CONFIDENCE_NEAR_DUPLICATE
Venomous/Saw-scaled Viper/African-Saw-Scaled-Viper-Echis+ocellatus.jpg,Saw-scaled Viper,Venomous,train/Venomous_Snake/African-Saw-Scaled-Viper-Echis+ocellatus.jpg,Venomous_Snake,TRAIN,0,0,HIGH_CONFIDENCE_NEAR_DUPLICATE,0,0.35625,0.99976,0.997788,0.999777,29,27,0.931034,CONFIRMED_NEAR_DUPLICATE,pHash=0; dHash=0; aHash=0; aspect_delta=0.3563; pixel_corr=0.9998; SSIM=0.9978; hist_corr=0.9998; ORB_good=29; ORB_inliers=27; ORB_inlier_ratio=0.9310,HIGH_CONFIDENCE_NEAR_DUPLICATE
Venomous/Saw-scaled Viper/arabic-saw-scaled-viper-palestine-saw-scaled-viper-echis-coloratus-CNW8JE.jpg,Saw-scaled Viper,Venomous,test/Venomous_Snake/arabic-saw-scaled-viper-palestine-saw-scaled-viper-echis-coloratus-CNW8JE.jpg,Venomous_Snake,TEST,0,0,HIGH_CONFIDENCE_NEAR_DUPLICATE,0,0.265385,0.999572,0.997641,0.996601,54,51,0.944444,CONFIRMED_NEAR_DUPLICATE,pHash=0; dHash=0; aHash=0; aspect_delta=0.2654; pixel_corr=0.9996; SSIM=0.9976; hist_corr=0.9966; ORB_good=54; ORB_inliers=51; ORB_inlier_ratio=0.9444,HIGH_CONFIDENCE_NEAR_DUPLICATE
Venomous/Saw-scaled Viper/arabic-saw-scaled-viper-palestine-saw-scaled-viper-echis-coloratus-EBN3ET.jpg,Saw-scaled Viper,Venomous,test/Venomous_Snake/arabic-saw-scaled-viper-palestine-saw-scaled-viper-echis-coloratus-EBN3ET.jpg,Venomous_Snake,TEST,0,0,HIGH_CONFIDENCE_NEAR_DUPLICATE,0,0.279231,0.999851,0.997941,0.999568,25,25,1.0,CONFIRMED_NEAR_DUPLICATE,pHash=0; dHash=0; aHash=0; aspect_delta=0.2792; pixel_corr=0.9999; SSIM=0.9979; hist_corr=0.9996; ORB_good=25; ORB_inliers=25; ORB_inlier_ratio=1.0000,HIGH_CONFIDENCE_NEAR_DUPLICATE
Venomous/Saw-scaled Viper/arabic-saw-scaled-viper-palestine-saw-scaled-viper-echis-coloratus-EBN3EW.jpg,Saw-scaled Viper,Venomous,test/Venomous_Snake/arabic-saw-scaled-viper-palestine-saw-scaled-viper-echis-coloratus-EBN3EW.jpg,Venomous_Snake,TEST,0,0,HIGH_CONFIDENCE_NEAR_DUPLICATE,0,0.274615,0.999815,0.997403,0.9997,57,55,0.964912,CONFIRMED_NEAR_DUPLICATE,pHash=0; dHash=0; aHash=0; aspect_delta=0.2746; pixel_corr=0.9998; SSIM=0.9974; hist_corr=0.9997; ORB_good=57; ORB_inliers=55; ORB_inlier_ratio=0.9649,HIGH_CONFIDENCE_NEAR_DUPLICATE
Venomous/Saw-scaled Viper/b447c6b7f0714cb8487330d3487a86c1--colorful-snakes-the-saw.jpg,Saw-scaled Viper,Venomous,test/Venomous_Snake/b447c6b7f0714cb8487330d3487a86c1--colorful-snakes-the-saw.jpg,Venomous_Snake,TEST,0,0,HIGH_CONFIDENCE_NEAR_DUPLICATE,0,0.336471,0.99924,0.997861,0.999385,47,45,0.957447,CONFIRMED_NEAR_DUPLICATE,pHash=0; dHash=0; aHash=0; aspect_delta=0.3365; pixel_corr=0.9992; SSIM=0.9979; hist_corr=0.9994; ORB_good=47; ORB_inliers=45; ORB_inlier_ratio=0.9574,HIGH_CONFIDENCE_NEAR_DUPLICATE
Venomous/Saw-scaled Viper/bigfour-venomics-blog-7.jpg,Saw-scaled Viper,Venomous,test/Venomous_Snake/bigfour-venomics-blog-7.jpg,Venomous_Snake,TEST,0,0,HIGH_CONFIDENCE_NEAR_DUPLICATE,0,0.335423,0.999457,0.998423,0.999314,51,49,0.960784,CONFIRMED_NEAR_DUPLICATE,pHash=0; dHash=0; aHash=0; aspect_delta=0.3354; pixel_corr=0.9995; SSIM=0.9984; hist_corr=0.9993; ORB_good=51; ORB_inliers=49; ORB_inlier_ratio=0.9608,HIGH_CONFIDENCE_NEAR_DUPLICATE
Venomous/Saw-scaled Viper/ca58c07171fe7897f737fb00ac7ed33e.jpg,Saw-scaled Viper,Venomous,test/Venomous_Snake/ca58c07171fe7897f737fb00ac7ed33e.jpg,Venomous_Snake,TEST,0,0,HIGH_CONFIDENCE_NEAR_DUPLICATE,0,0.388,0.999563,0.998005,0.998913,26,24,0.923077,CONFIRMED_NEAR_DUPLICATE,pHash=0; dHash=0; aHash=0; aspect_delta=0.3880; pixel_corr=0.9996; SSIM=0.9980; hist_corr=0.9989; ORB_good=26; ORB_inliers=24; ORB_inlier_ratio=0.9231,HIGH_CONFIDENCE_NEAR_DUPLICATE
Venomous/Saw-scaled Viper/carpet_viper_2.jpg,Saw-scaled Viper,Venomous,test/Venomous_Snake/carpet_viper_2.jpg,Venomous_Snake,TEST,0,0,HIGH_CONFIDENCE_NEAR_DUPLICATE,0,0.372951,0.999671,0.996229,0.996352,18,15,0.833333,LIKELY_NEAR_DUPLICATE,pHash=0; dHash=0; aHash=0; aspect_delta=0.3730; pixel_corr=0.9997; SSIM=0.9962; hist_corr=0.9964; ORB_good=18; ORB_inliers=15; ORB_inlier_ratio=0.8333,POSSIBLE_NEAR_DUPLICATE
Venomous/Saw-scaled Viper/ce2f4d7322c5e71302a9ce29bf3b74f5.jpg,Saw-scaled Viper,Venomous,test/Venomous_Snake/ce2f4d7322c5e71302a9ce29bf3b74f5.jpg,Venomous_Snake,TEST,0,0,HIGH_CONFIDENCE_NEAR_DUPLICATE,0,0.25,0.999707,0.996872,0.999707,70,51,0.728571,CONFIRMED_NEAR_DUPLICATE,pHash=0; dHash=0; aHash=0; aspect_delta=0.2500; pixel_corr=0.9997; SSIM=0.9969; hist_corr=0.9997; ORB_good=70; ORB_inliers=51; ORB_inlier_ratio=0.7286,HIGH_CONFIDENCE_NEAR_DUPLICATE
Venomous/Saw-scaled Viper/Close-up-of-Palestine-saw-scaled-viper.jpg,Saw-scaled Viper,Venomous,test/Venomous_Snake/Close-up-of-Palestine-saw-scaled-viper.jpg,Venomous_Snake,TEST,0,0,HIGH_CONFIDENCE_NEAR_DUPLICATE,0,0.338462,0.999745,0.998039,0.998781,60,60,1.0,CONFIRMED_NEAR_DUPLICATE,pHash=0; dHash=0; aHash=0; aspect_delta=0.3385; pixel_corr=0.9997; SSIM=0.9980; hist_corr=0.9988; ORB_good=60; ORB_inliers=60; ORB_inlier_ratio=1.0000,HIGH_CONFIDENCE_NEAR_DUPLICATE
Venomous/Saw-scaled Viper/coiled-sind-saw-scaled-viper.jpg,Saw-scaled Viper,Venomous,test/Venomous_Snake/coiled-sind-saw-scaled-viper.jpg,Venomous_Snake,TEST,2,0,HIGH_CONFIDENCE_NEAR_DUPLICATE,0,0.275,0.999703,0.996705,0.999733,51,37,0.72549,CONFIRMED_NEAR_DUPLICATE,pHash=2; dHash=0; aHash=0; aspect_delta=0.2750; pixel_corr=0.9997; SSIM=0.9967; hist_corr=0.9997; ORB_good=51; ORB_inliers=37; ORB_inlier_ratio=0.7255,HIGH_CONFIDENCE_NEAR_DUPLICATE
Venomous/Saw-scaled Viper/CY025J-1.jpg,Saw-scaled Viper,Venomous,test/Venomous_Snake/CY025J-1.jpg,Venomous_Snake,TEST,0,0,HIGH_CONFIDENCE_NEAR_DUPLICATE,0,0.335938,0.999765,0.997108,0.99945,12,5,0.416667,POSSIBLE_NEAR_DUPLICATE,pHash=0; dHash=0; aHash=0; aspect_delta=0.3359; pixel_corr=0.9998; SSIM=0.9971; hist_corr=0.9995; ORB_good=12; ORB_inliers=5; ORB_inlier_ratio=0.4167,POSSIBLE_NEAR_DUPLICATE
Venomous/Saw-scaled Viper/deadliest-world-Echis_carinatus.jpg,Saw-scaled Viper,Venomous,test/Venomous_Snake/deadliest-world-Echis_carinatus.jpg,Venomous_Snake,TEST,0,0,HIGH_CONFIDENCE_NEAR_DUPLICATE,0,0.25,0.999326,0.995043,0.99987,97,91,0.938144,CONFIRMED_NEAR_DUPLICATE,pHash=0; dHash=0; aHash=0; aspect_delta=0.2500; pixel_corr=0.9993; SSIM=0.9950; hist_corr=0.9999; ORB_good=97; ORB_inliers=91; ORB_inlier_ratio=0.9381,HIGH_CONFIDENCE_NEAR_DUPLICATE
Venomous/Saw-scaled Viper/Deinagkistrodon-acutus-coiled-up.jpg,Saw-scaled Viper,Venomous,train/Venomous_Snake/Deinagkistrodon-acutus-coiled-up.jpg,Venomous_Snake,TRAIN,0,0,HIGH_CONFIDENCE_NEAR_DUPLICATE,0,0.330769,0.999753,0.998638,0.998742,89,83,0.932584,CONFIRMED_NEAR_DUPLICATE,pHash=0; dHash=0; aHash=0; aspect_delta=0.3308; pixel_corr=0.9998; SSIM=0.9986; hist_corr=0.9987; ORB_good=89; ORB_inliers=83; ORB_inlier_ratio=0.9326,HIGH_CONFIDENCE_NEAR_DUPLICATE
Venomous/Saw-scaled Viper/Desktop14 copy.jpg,Saw-scaled Viper,Venomous,validation/Venomous_Snake/Desktop14 copy.jpg,Venomous_Snake,VALIDATION,2,1,HIGH_CONFIDENCE_NEAR_DUPLICATE,0,0.4375,0.999731,0.99736,0.999874,32,14,0.4375,POSSIBLE_NEAR_DUPLICATE,pHash=2; dHash=1; aHash=0; aspect_delta=0.4375; pixel_corr=0.9997; SSIM=0.9974; hist_corr=0.9999; ORB_good=32; ORB_inliers=14; ORB_inlier_ratio=0.4375,POSSIBLE_NEAR_DUPLICATE
Venomous/Saw-scaled Viper/DSC00767.jpg,Saw-scaled Viper,Venomous,train/Venomous_Snake/DSC00767.jpg,Venomous_Snake,TRAIN,0,0,HIGH_CONFIDENCE_NEAR_DUPLICATE,0,0.331055,0.999649,0.998373,0.99952,45,41,0.911111,CONFIRMED_NEAR_DUPLICATE,pHash=0; dHash=0; aHash=0; aspect_delta=0.3311; pixel_corr=0.9996; SSIM=0.9984; hist_corr=0.9995; ORB_good=45; ORB_inliers=41; ORB_inlier_ratio=0.9111,HIGH_CONFIDENCE_NEAR_DUPLICATE
Venomous/Saw-scaled Viper/dsc_5371_720.jpg,Saw-scaled Viper,Venomous,test/Venomous_Snake/dsc_5371_720.jpg,Venomous_Snake,TEST,0,0,HIGH_CONFIDENCE_NEAR_DUPLICATE,0,0.333333,0.999722,0.997415,0.99889,52,50,0.961538,CONFIRMED_NEAR_DUPLICATE,pHash=0; dHash=0; aHash=0; aspect_delta=0.3333; pixel_corr=0.9997; SSIM=0.9974; hist_corr=0.9989; ORB_good=52; ORB_inliers=50; ORB_inlier_ratio=0.9615,HIGH_CONFIDENCE_NEAR_DUPLICATE
Venomous/Saw-scaled Viper/eade0eaff607199224e4384a528cd8cc--viper-snakes.jpg,Saw-scaled Viper,Venomous,train/Venomous_Snake/eade0eaff607199224e4384a528cd8cc--viper-snakes.jpg,Venomous_Snake,TRAIN,0,0,HIGH_CONFIDENCE_NEAR_DUPLICATE,0,0.288136,0.99965,0.997805,0.999706,47,44,0.93617,CONFIRMED_NEAR_DUPLICATE,pHash=0; dHash=0; aHash=0; aspect_delta=0.2881; pixel_corr=0.9997; SSIM=0.9978; hist_corr=0.9997; ORB_good=47; ORB_inliers=44; ORB_inlier_ratio=0.9362,HIGH_CONFIDENCE_NEAR_DUPLICATE
Venomous/Saw-scaled Viper/Echis carinatus sinhaleyus_001.jpg,Saw-scaled Viper,Venomous,test/Venomous_Snake/Echis carinatus sinhaleyus_001.jpg,Venomous_Snake,TEST,0,0,HIGH_CONFIDENCE_NEAR_DUPLICATE,0,0.352,0.999747,0.998777,0.999897,56,54,0.964286,CONFIRMED_NEAR_DUPLICATE,pHash=0; dHash=0; aHash=0; aspect_delta=0.3520; pixel_corr=0.9997; SSIM=0.9988; hist_corr=0.9999; ORB_good=56; ORB_inliers=54; ORB_inlier_ratio=0.9643,HIGH_CONFIDENCE_NEAR_DUPLICATE
Venomous/Saw-scaled Viper/echis-carinata-saw-scaled-viper-non-venomous-photographed-in-pune-h9erx8_001.jpg,Saw-scaled Viper,Venomous,train/Venomous_Snake/echis-carinata-saw-scaled-viper-non-venomous-photographed-in-pune-h9erx8_001.jpg,Venomous_Snake,TRAIN,0,1,HIGH_CONFIDENCE_NEAR_DUPLICATE,0,0.295313,0.999477,0.996294,0.998072,108,107,0.990741,CONFIRMED_NEAR_DUPLICATE,pHash=0; dHash=1; aHash=0; aspect_delta=0.2953; pixel_corr=0.9995; SSIM=0.9963; hist_corr=0.9981; ORB_good=108; ORB_inliers=107; ORB_inlier_ratio=0.9907,HIGH_CONFIDENCE_NEAR_DUPLICATE
Venomous/Saw-scaled Viper/Echis-carinatus-03000022332_01.jpg,Saw-scaled Viper,Venomous,train/Venomous_Snake/Echis-carinatus-03000022332_01.jpg,Venomous_Snake,TRAIN,0,0,HIGH_CONFIDENCE_NEAR_DUPLICATE,0,0.333929,0.999619,0.998659,0.999639,61,56,0.918033,CONFIRMED_NEAR_DUPLICATE,pHash=0; dHash=0; aHash=0; aspect_delta=0.3339; pixel_corr=0.9996; SSIM=0.9987; hist_corr=0.9996; ORB_good=61; ORB_inliers=56; ORB_inlier_ratio=0.9180,HIGH_CONFIDENCE_NEAR_DUPLICATE
Venomous/Saw-scaled Viper/Echis-carinatus-03000025920_01.jpg,Saw-scaled Viper,Venomous,train/Venomous_Snake/Echis-carinatus-03000025920_01.jpg,Venomous_Snake,TRAIN,0,0,HIGH_CONFIDENCE_NEAR_DUPLICATE,0,0.333929,0.999684,0.99884,0.999632,52,50,0.961538,CONFIRMED_NEAR_DUPLICATE,pHash=0; dHash=0; aHash=0; aspect_delta=0.3339; pixel_corr=0.9997; SSIM=0.9988; hist_corr=0.9996; ORB_good=52; ORB_inliers=50; ORB_inlier_ratio=0.9615,HIGH_CONFIDENCE_NEAR_DUPLICATE
Venomous/Saw-scaled Viper/Echis-carinatus-03000032248_01.jpg,Saw-scaled Viper,Venomous,train/Venomous_Snake/Echis-carinatus-03000032248_01.jpg,Venomous_Snake,TRAIN,0,0,HIGH_CONFIDENCE_NEAR_DUPLICATE,0,0.146429,0.99932,0.996525,0.999006,256,253,0.988281,CONFIRMED_NEAR_DUPLICATE,pHash=0; dHash=0; aHash=0; aspect_delta=0.1464; pixel_corr=0.9993; SSIM=0.9965; hist_corr=0.9990; ORB_good=256; ORB_inliers=253; ORB_inlier_ratio=0.9883,HIGH_CONFIDENCE_NEAR_DUPLICATE
Venomous/Saw-scaled Viper/Echis-carinatus-03000032251_01.jpg,Saw-scaled Viper,Venomous,train/Venomous_Snake/Echis-carinatus-03000032251_01.jpg,Venomous_Snake,TRAIN,0,1,HIGH_CONFIDENCE_NEAR_DUPLICATE,0,0.328571,0.999665,0.995794,0.999588,75,70,0.933333,CONFIRMED_NEAR_DUPLICATE,pHash=0; dHash=1; aHash=0; aspect_delta=0.3286; pixel_corr=0.9997; SSIM=0.9958; hist_corr=0.9996; ORB_good=75; ORB_inliers=70; ORB_inlier_ratio=0.9333,HIGH_CONFIDENCE_NEAR_DUPLICATE
Venomous/Saw-scaled Viper/echis-carinatus-saw-scaled-viper-commonly-called-venomous-species-found-parts-middle-east-central-64401743.jpg,Saw-scaled Viper,Venomous,train/Venomous_Snake/echis-carinatus-saw-scaled-viper-commonly-called-venomous-species-found-parts-middle-east-central-64401743.jpg,Venomous_Snake,TRAIN,0,1,HIGH_CONFIDENCE_NEAR_DUPLICATE,0,0.268462,0.999479,0.997018,0.998513,41,37,0.902439,CONFIRMED_NEAR_DUPLICATE,pHash=0; dHash=1; aHash=0; aspect_delta=0.2685; pixel_corr=0.9995; SSIM=0.9970; hist_corr=0.9985; ORB_good=41; ORB_inliers=37; ORB_inlier_ratio=0.9024,HIGH_CONFIDENCE_NEAR_DUPLICATE
Venomous/Saw-scaled Viper/echis-carinatus-saw-scaled-viper-commonly-called-venomous-species-found-parts-middle-east-central-64402010.jpg,Saw-scaled Viper,Venomous,train/Venomous_Snake/echis-carinatus-saw-scaled-viper-commonly-called-venomous-species-found-parts-middle-east-central-64402010.jpg,Venomous_Snake,TRAIN,0,0,HIGH_CONFIDENCE_NEAR_DUPLICATE,0,0.268462,0.999161,0.996542,0.994272,35,31,0.885714,CONFIRMED_NEAR_DUPLICATE,pHash=0; dHash=0; aHash=0; aspect_delta=0.2685; pixel_corr=0.9992; SSIM=0.9965; hist_corr=0.9943; ORB_good=35; ORB_inliers=31; ORB_inlier_ratio=0.8857,HIGH_CONFIDENCE_NEAR_DUPLICATE
Venomous/Saw-scaled Viper/echis-carinatus-saw-scaled-viper-commonly-called-venomous-species-found-parts-middle-east-central-64402010_001.jpg,Saw-scaled Viper,Venomous,train/Venomous_Snake/echis-carinatus-saw-scaled-viper-commonly-called-venomous-species-found-parts-middle-east-central-64402010_001.jpg,Venomous_Snake,TRAIN,0,0,HIGH_CONFIDENCE_NEAR_DUPLICATE,0,0.338843,0.999003,0.996652,0.998786,18,13,0.722222,LIKELY_NEAR_DUPLICATE,pHash=0; dHash=0; aHash=0; aspect_delta=0.3388; pixel_corr=0.9990; SSIM=0.9967; hist_corr=0.9988; ORB_good=18; ORB_inliers=13; ORB_inlier_ratio=0.7222,POSSIBLE_NEAR_DUPLICATE
Venomous/Saw-scaled Viper/echis-coloratus-painted-saw-scaled-viper-BN1NXB.jpg,Saw-scaled Viper,Venomous,train/Venomous_Snake/echis-coloratus-painted-saw-scaled-viper-BN1NXB.jpg,Venomous_Snake,TRAIN,0,1,HIGH_CONFIDENCE_NEAR_DUPLICATE,0,0.266923,0.999549,0.997378,0.999162,55,53,0.963636,CONFIRMED_NEAR_DUPLICATE,pHash=0; dHash=1; aHash=0; aspect_delta=0.2669; pixel_corr=0.9995; SSIM=0.9974; hist_corr=0.9992; ORB_good=55; ORB_inliers=53; ORB_inlier_ratio=0.9636,HIGH_CONFIDENCE_NEAR_DUPLICATE
Venomous/Saw-scaled Viper/echis-coloratus-saw-scaled-viper-bcpdaa.jpg,Saw-scaled Viper,Venomous,train/Venomous_Snake/echis-coloratus-saw-scaled-viper-bcpdaa.jpg,Venomous_Snake,TRAIN,0,0,HIGH_CONFIDENCE_NEAR_DUPLICATE,0,0.288889,0.999724,0.997552,0.999614,127,125,0.984252,CONFIRMED_NEAR_DUPLICATE,pHash=0; dHash=0; aHash=0; aspect_delta=0.2889; pixel_corr=0.9997; SSIM=0.9976; hist_corr=0.9996; ORB_good=127; ORB_inliers=125; ORB_inlier_ratio=0.9843,HIGH_CONFIDENCE_NEAR_DUPLICATE
Venomous/Saw-scaled Viper/echis-coloratus-saw-scaled-viper-bddyte.jpg,Saw-scaled Viper,Venomous,train/Venomous_Snake/echis-coloratus-saw-scaled-viper-bddyte.jpg,Venomous_Snake,TRAIN,0,0,HIGH_CONFIDENCE_NEAR_DUPLICATE,0,0.291111,0.99987,0.99677,0.998996,98,89,0.908163,CONFIRMED_NEAR_DUPLICATE,pHash=0; dHash=0; aHash=0; aspect_delta=0.2911; pixel_corr=0.9999; SSIM=0.9968; hist_corr=0.9990; ORB_good=98; ORB_inliers=89; ORB_inlier_ratio=0.9082,HIGH_CONFIDENCE_NEAR_DUPLICATE
Venomous/Saw-scaled Viper/echis-coloratus.jpg,Saw-scaled Viper,Venomous,train/Venomous_Snake/echis-coloratus.jpg,Venomous_Snake,TRAIN,0,0,HIGH_CONFIDENCE_NEAR_DUPLICATE,0,0.22905,0.999504,0.997438,0.999886,214,210,0.981308,CONFIRMED_NEAR_DUPLICATE,pHash=0; dHash=0; aHash=0; aspect_delta=0.2291; pixel_corr=0.9995; SSIM=0.9974; hist_corr=0.9999; ORB_good=214; ORB_inliers=210; ORB_inlier_ratio=0.9813,HIGH_CONFIDENCE_NEAR_DUPLICATE
Venomous/Saw-scaled Viper/Echis_carinatus(Saw_Scaled_Viper)_Phansad.jpg,Saw-scaled Viper,Venomous,train/Venomous_Snake/Echis_carinatus(Saw_Scaled_Viper)_Phansad.jpg,Venomous_Snake,TRAIN,0,1,HIGH_CONFIDENCE_NEAR_DUPLICATE,0,0.347023,0.999372,0.998286,0.994606,2,0,0.0,POSSIBLE_NEAR_DUPLICATE,pHash=0; dHash=1; aHash=0; aspect_delta=0.3470; pixel_corr=0.9994; SSIM=0.9983; hist_corr=0.9946; ORB_good=2; ORB_inliers=0; ORB_inlier_ratio=0.0000,POSSIBLE_NEAR_DUPLICATE
Venomous/Saw-scaled Viper/Echis_carinatus5.jpg,Saw-scaled Viper,Venomous,train/Venomous_Snake/Echis_carinatus5.jpg,Venomous_Snake,TRAIN,0,0,HIGH_CONFIDENCE_NEAR_DUPLICATE,0,0.33,0.999107,0.995574,0.998797,31,24,0.774194,CONFIRMED_NEAR_DUPLICATE,pHash=0; dHash=0; aHash=0; aspect_delta=0.3300; pixel_corr=0.9991; SSIM=0.9956; hist_corr=0.9988; ORB_good=31; ORB_inliers=24; ORB_inlier_ratio=0.7742,HIGH_CONFIDENCE_NEAR_DUPLICATE
Venomous/Saw-scaled Viper/Echis_carinatus_Genève_24102014_3-1024x681.jpg,Saw-scaled Viper,Venomous,train/Venomous_Snake/Echis_carinatus_Gen├¿ve_24102014_3-1024x681.jpg,Venomous_Snake,TRAIN,0,0,HIGH_CONFIDENCE_NEAR_DUPLICATE,0,0.334961,0.999771,0.996764,0.999748,35,33,0.942857,CONFIRMED_NEAR_DUPLICATE,pHash=0; dHash=0; aHash=0; aspect_delta=0.3350; pixel_corr=0.9998; SSIM=0.9968; hist_corr=0.9997; ORB_good=35; ORB_inliers=33; ORB_inlier_ratio=0.9429,HIGH_CONFIDENCE_NEAR_DUPLICATE
Venomous/Saw-scaled Viper/Echis_carinatus_head_sal.jpg,Saw-scaled Viper,Venomous,test/Venomous_Snake/Echis_carinatus_head_sal.jpg,Venomous_Snake,TEST,0,0,HIGH_CONFIDENCE_NEAR_DUPLICATE,0,0.371875,0.999636,0.99764,0.999437,53,48,0.90566,CONFIRMED_NEAR_DUPLICATE,pHash=0; dHash=0; aHash=0; aspect_delta=0.3719; pixel_corr=0.9996; SSIM=0.9976; hist_corr=0.9994; ORB_good=53; ORB_inliers=48; ORB_inlier_ratio=0.9057,HIGH_CONFIDENCE_NEAR_DUPLICATE
Venomous/Saw-scaled Viper/Echis_carinatus_sm.jpg,Saw-scaled Viper,Venomous,train/Venomous_Snake/Echis_carinatus_sm.jpg,Venomous_Snake,TRAIN,0,0,HIGH_CONFIDENCE_NEAR_DUPLICATE,0,0.309361,0.99959,0.998388,0.99742,60,59,0.983333,CONFIRMED_NEAR_DUPLICATE,pHash=0; dHash=0; aHash=0; aspect_delta=0.3094; pixel_corr=0.9996; SSIM=0.9984; hist_corr=0.9974; ORB_good=60; ORB_inliers=59; ORB_inlier_ratio=0.9833,HIGH_CONFIDENCE_NEAR_DUPLICATE
Venomous/Saw-scaled Viper/Echis_coloratus-2.jpg,Saw-scaled Viper,Venomous,train/Venomous_Snake/Echis_coloratus-2.jpg,Venomous_Snake,TRAIN,0,0,HIGH_CONFIDENCE_NEAR_DUPLICATE,0,0.333333,0.999217,0.997333,0.99942,30,23,0.766667,CONFIRMED_NEAR_DUPLICATE,pHash=0; dHash=0; aHash=0; aspect_delta=0.3333; pixel_corr=0.9992; SSIM=0.9973; hist_corr=0.9994; ORB_good=30; ORB_inliers=23; ORB_inlier_ratio=0.7667,HIGH_CONFIDENCE_NEAR_DUPLICATE
Venomous/Saw-scaled Viper/Echis_coloratus.jpg,Saw-scaled Viper,Venomous,validation/Venomous_Snake/Echis_coloratus.jpg,Venomous_Snake,VALIDATION,0,0,HIGH_CONFIDENCE_NEAR_DUPLICATE,0,0.333333,0.999872,0.997556,0.999757,28,23,0.821429,CONFIRMED_NEAR_DUPLICATE,pHash=0; dHash=0; aHash=0; aspect_delta=0.3333; pixel_corr=0.9999; SSIM=0.9976; hist_corr=0.9998; ORB_good=28; ORB_inliers=23; ORB_inlier_ratio=0.8214,HIGH_CONFIDENCE_NEAR_DUPLICATE
"Venomous/Saw-scaled Viper/flat,1000x1000,075,f.u4.jpg",Saw-scaled Viper,Venomous,"validation/Venomous_Snake/flat,1000x1000,075,f.u4.jpg",Venomous_Snake,VALIDATION,0,0,HIGH_CONFIDENCE_NEAR_DUPLICATE,0,0.406,0.999735,0.998101,0.999522,16,15,0.9375,LIKELY_NEAR_DUPLICATE,pHash=0; dHash=0; aHash=0; aspect_delta=0.4060; pixel_corr=0.9997; SSIM=0.9981; hist_corr=0.9995; ORB_good=16; ORB_inliers=15; ORB_inlier_ratio=0.9375,POSSIBLE_NEAR_DUPLICATE
Venomous/Saw-scaled Viper/Head-of-Sind-saw-scaled-viper.jpg,Saw-scaled Viper,Venomous,train/Venomous_Snake/Head-of-Sind-saw-scaled-viper.jpg,Venomous_Snake,TRAIN,0,0,HIGH_CONFIDENCE_NEAR_DUPLICATE,0,0.330769,0.99973,0.997582,0.999504,77,69,0.896104,CONFIRMED_NEAR_DUPLICATE,pHash=0; dHash=0; aHash=0; aspect_delta=0.3308; pixel_corr=0.9997; SSIM=0.9976; hist_corr=0.9995; ORB_good=77; ORB_inliers=69; ORB_inlier_ratio=0.8961,HIGH_CONFIDENCE_NEAR_DUPLICATE
Venomous/Saw-scaled Viper/hqdefault.jpg,Saw-scaled Viper,Venomous,train/Venomous_Snake/hqdefault (4).jpg,Venomous_Snake,TRAIN,0,0,HIGH_CONFIDENCE_NEAR_DUPLICATE,0,0.25,0.999876,0.998587,0.999937,215,203,0.944186,CONFIRMED_NEAR_DUPLICATE,pHash=0; dHash=0; aHash=0; aspect_delta=0.2500; pixel_corr=0.9999; SSIM=0.9986; hist_corr=0.9999; ORB_good=215; ORB_inliers=203; ORB_inlier_ratio=0.9442,HIGH_CONFIDENCE_NEAR_DUPLICATE
Venomous/Saw-scaled Viper/hqdefault_003.jpg,Saw-scaled Viper,Venomous,train/Venomous_Snake/hqdefault_003 (3).jpg,Venomous_Snake,TRAIN,0,0,HIGH_CONFIDENCE_NEAR_DUPLICATE,0,0.25,0.999561,0.998288,0.999953,178,169,0.949438,CONFIRMED_NEAR_DUPLICATE,pHash=0; dHash=0; aHash=0; aspect_delta=0.2500; pixel_corr=0.9996; SSIM=0.9983; hist_corr=1.0000; ORB_good=178; ORB_inliers=169; ORB_inlier_ratio=0.9494,HIGH_CONFIDENCE_NEAR_DUPLICATE
Venomous/Saw-scaled Viper/hqdefault_004.jpg,Saw-scaled Viper,Venomous,train/Venomous_Snake/hqdefault_004 (2).jpg,Venomous_Snake,TRAIN,0,0,HIGH_CONFIDENCE_NEAR_DUPLICATE,0,0.25,0.999656,0.996203,0.999985,234,224,0.957265,CONFIRMED_NEAR_DUPLICATE,pHash=0; dHash=0; aHash=0; aspect_delta=0.2500; pixel_corr=0.9997; SSIM=0.9962; hist_corr=1.0000; ORB_good=234; ORB_inliers=224; ORB_inlier_ratio=0.9573,HIGH_CONFIDENCE_NEAR_DUPLICATE
Venomous/Saw-scaled Viper/hqdefault_007.jpg,Saw-scaled Viper,Venomous,train/Venomous_Snake/hqdefault_007 (4).jpg,Venomous_Snake,TRAIN,0,1,HIGH_CONFIDENCE_NEAR_DUPLICATE,0,0.25,0.999806,0.997344,0.999911,201,195,0.970149,CONFIRMED_NEAR_DUPLICATE,pHash=0; dHash=1; aHash=0; aspect_delta=0.2500; pixel_corr=0.9998; SSIM=0.9973; hist_corr=0.9999; ORB_good=201; ORB_inliers=195; ORB_inlier_ratio=0.9701,HIGH_CONFIDENCE_NEAR_DUPLICATE
Venomous/Saw-scaled Viper/hqdefault_008.jpg,Saw-scaled Viper,Venomous,validation/Venomous_Snake/hqdefault_008.jpg,Venomous_Snake,VALIDATION,0,0,HIGH_CONFIDENCE_NEAR_DUPLICATE,0,0.25,0.999724,0.996647,0.999625,203,198,0.975369,CONFIRMED_NEAR_DUPLICATE,pHash=0; dHash=0; aHash=0; aspect_delta=0.2500; pixel_corr=0.9997; SSIM=0.9966; hist_corr=0.9996; ORB_good=203; ORB_inliers=198; ORB_inlier_ratio=0.9754,HIGH_CONFIDENCE_NEAR_DUPLICATE
Venomous/Saw-scaled Viper/hqdefault_009.jpg,Saw-scaled Viper,Venomous,train/Venomous_Snake/hqdefault_009 (2).jpg,Venomous_Snake,TRAIN,2,1,HIGH_CONFIDENCE_NEAR_DUPLICATE,0,0.25,0.999157,0.997511,0.999799,195,193,0.989744,CONFIRMED_NEAR_DUPLICATE,pHash=2; dHash=1; aHash=0; aspect_delta=0.2500; pixel_corr=0.9992; SSIM=0.9975; hist_corr=0.9998; ORB_good=195; ORB_inliers=193; ORB_inlier_ratio=0.9897,HIGH_CONFIDENCE_NEAR_DUPLICATE
Venomous/Saw-scaled Viper/ht_saw_scaled_viper_heart_attack_treatment_lpl_130221_wmain.jpg,Saw-scaled Viper,Venomous,validation/Venomous_Snake/ht_saw_scaled_viper_heart_attack_treatment_lpl_130221_wmain.jpg,Venomous_Snake,VALIDATION,0,0,HIGH_CONFIDENCE_NEAR_DUPLICATE,0,0.4375,0.999521,0.996596,0.99595,18,15,0.833333,LIKELY_NEAR_DUPLICATE,pHash=0; dHash=0; aHash=0; aspect_delta=0.4375; pixel_corr=0.9995; SSIM=0.9966; hist_corr=0.9959; ORB_good=18; ORB_inliers=15; ORB_inlier_ratio=0.8333,POSSIBLE_NEAR_DUPLICATE
Venomous/Saw-scaled Viper/image354.jpg,Saw-scaled Viper,Venomous,train/Venomous_Snake/image354.jpg,Venomous_Snake,TRAIN,0,0,HIGH_CONFIDENCE_NEAR_DUPLICATE,0,0.322857,0.999737,0.998223,0.999842,47,37,0.787234,CONFIRMED_NEAR_DUPLICATE,pHash=0; dHash=0; aHash=0; aspect_delta=0.3229; pixel_corr=0.9997; SSIM=0.9982; hist_corr=0.9998; ORB_good=47; ORB_inliers=37; ORB_inlier_ratio=0.7872,HIGH_CONFIDENCE_NEAR_DUPLICATE
Venomous/Saw-scaled Viper/img_2505.jpg,Saw-scaled Viper,Venomous,validation/Venomous_Snake/img_2505.jpg,Venomous_Snake,VALIDATION,2,0,HIGH_CONFIDENCE_NEAR_DUPLICATE,0,0.249691,0.998932,0.996763,0.997199,5,0,0.0,POSSIBLE_NEAR_DUPLICATE,pHash=2; dHash=0; aHash=0; aspect_delta=0.2497; pixel_corr=0.9989; SSIM=0.9968; hist_corr=0.9972; ORB_good=5; ORB_inliers=0; ORB_inlier_ratio=0.0000,POSSIBLE_NEAR_DUPLICATE
Venomous/Saw-scaled Viper/IMG_3806-2.jpg,Saw-scaled Viper,Venomous,train/Venomous_Snake/IMG_3806-2.jpg,Venomous_Snake,TRAIN,0,2,HIGH_CONFIDENCE_NEAR_DUPLICATE,0,0.334053,0.999067,0.997562,0.998786,2,0,0.0,POSSIBLE_NEAR_DUPLICATE,pHash=0; dHash=2; aHash=0; aspect_delta=0.3341; pixel_corr=0.9991; SSIM=0.9976; hist_corr=0.9988; ORB_good=2; ORB_inliers=0; ORB_inlier_ratio=0.0000,POSSIBLE_NEAR_DUPLICATE
Venomous/Saw-scaled Viper/IMG_3808-2.jpg,Saw-scaled Viper,Venomous,train/Venomous_Snake/IMG_3808-2.jpg,Venomous_Snake,TRAIN,0,2,HIGH_CONFIDENCE_NEAR_DUPLICATE,0,0.294984,0.999672,0.997433,0.999316,18,18,1.0,LIKELY_NEAR_DUPLICATE,pHash=0; dHash=2; aHash=0; aspect_delta=0.2950; pixel_corr=0.9997; SSIM=0.9974; hist_corr=0.9993; ORB_good=18; ORB_inliers=18; ORB_inlier_ratio=1.0000,POSSIBLE_NEAR_DUPLICATE
Venomous/Saw-scaled Viper/IMG_4386-2.jpg,Saw-scaled Viper,Venomous,train/Venomous_Snake/IMG_4386-2 (2).jpg,Venomous_Snake,TRAIN,0,0,HIGH_CONFIDENCE_NEAR_DUPLICATE,0,0.306703,0.998872,0.995724,0.998798,0,0,0.0,POSSIBLE_NEAR_DUPLICATE,pHash=0; dHash=0; aHash=0; aspect_delta=0.3067; pixel_corr=0.9989; SSIM=0.9957; hist_corr=0.9988; ORB_good=0; ORB_inliers=0; ORB_inlier_ratio=0.0000,POSSIBLE_NEAR_DUPLICATE
Venomous/Saw-scaled Viper/IMG_4588.jpg,Saw-scaled Viper,Venomous,train/Venomous_Snake/IMG_4588.jpg,Venomous_Snake,TRAIN,0,0,HIGH_CONFIDENCE_NEAR_DUPLICATE,0,0.333333,0.99961,0.998969,0.99429,5,4,0.8,POSSIBLE_NEAR_DUPLICATE,pHash=0; dHash=0; aHash=0; aspect_delta=0.3333; pixel_corr=0.9996; SSIM=0.9990; hist_corr=0.9943; ORB_good=5; ORB_inliers=4; ORB_inlier_ratio=0.8000,POSSIBLE_NEAR_DUPLICATE
Venomous/Saw-scaled Viper/indian-saw-scaled-viper-echis-carinatus-hpwf67.jpg,Saw-scaled Viper,Venomous,train/Venomous_Snake/indian-saw-scaled-viper-echis-carinatus-hpwf67.jpg,Venomous_Snake,TRAIN,0,0,HIGH_CONFIDENCE_NEAR_DUPLICATE,0,0.301563,0.999798,0.998249,0.999767,90,87,0.966667,CONFIRMED_NEAR_DUPLICATE,pHash=0; dHash=0; aHash=0; aspect_delta=0.3016; pixel_corr=0.9998; SSIM=0.9982; hist_corr=0.9998; ORB_good=90; ORB_inliers=87; ORB_inlier_ratio=0.9667,HIGH_CONFIDENCE_NEAR_DUPLICATE
Venomous/Saw-scaled Viper/indian-saw-scaled-viper-echis-carinatus-HPWF67_001.jpg,Saw-scaled Viper,Venomous,train/Venomous_Snake/indian-saw-scaled-viper-echis-carinatus-HPWF67_001.jpg,Venomous_Snake,TRAIN,2,0,HIGH_CONFIDENCE_NEAR_DUPLICATE,0,0.264615,0.999722,0.998153,0.999218,42,42,1.0,CONFIRMED_NEAR_DUPLICATE,pHash=2; dHash=0; aHash=0; aspect_delta=0.2646; pixel_corr=0.9997; SSIM=0.9982; hist_corr=0.9992; ORB_good=42; ORB_inliers=42; ORB_inlier_ratio=1.0000,HIGH_CONFIDENCE_NEAR_DUPLICATE
Venomous/Saw-scaled Viper/indian-saw-scaled-viper-echis-carinatus-HPWF6H.jpg,Saw-scaled Viper,Venomous,train/Venomous_Snake/indian-saw-scaled-viper-echis-carinatus-HPWF6H.jpg,Venomous_Snake,TRAIN,0,0,HIGH_CONFIDENCE_NEAR_DUPLICATE,0,0.264615,0.999645,0.998416,0.997821,60,58,0.966667,CONFIRMED_NEAR_DUPLICATE,pHash=0; dHash=0; aHash=0; aspect_delta=0.2646; pixel_corr=0.9996; SSIM=0.9984; hist_corr=0.9978; ORB_good=60; ORB_inliers=58; ORB_inlier_ratio=0.9667,HIGH_CONFIDENCE_NEAR_DUPLICATE
Venomous/Saw-scaled Viper/large.jpg,Saw-scaled Viper,Venomous,train/Venomous_Snake/large.jpg,Venomous_Snake,TRAIN,0,0,HIGH_CONFIDENCE_NEAR_DUPLICATE,0,0.257143,0.999155,0.997417,0.999893,108,93,0.861111,CONFIRMED_NEAR_DUPLICATE,pHash=0; dHash=0; aHash=0; aspect_delta=0.2571; pixel_corr=0.9992; SSIM=0.9974; hist_corr=0.9999; ORB_good=108; ORB_inliers=93; ORB_inlier_ratio=0.8611,HIGH_CONFIDENCE_NEAR_DUPLICATE
Venomous/Saw-scaled Viper/maxresdefault_001.jpg,Saw-scaled Viper,Venomous,train/Venomous_Snake/maxresdefault_001 (2).jpg,Venomous_Snake,TRAIN,0,0,HIGH_CONFIDENCE_NEAR_DUPLICATE,0,0.4375,0.999298,0.99776,0.99913,2,0,0.0,POSSIBLE_NEAR_DUPLICATE,pHash=0; dHash=0; aHash=0; aspect_delta=0.4375; pixel_corr=0.9993; SSIM=0.9978; hist_corr=0.9991; ORB_good=2; ORB_inliers=0; ORB_inlier_ratio=0.0000,POSSIBLE_NEAR_DUPLICATE
Venomous/Saw-scaled Viper/maxresdefault_002.jpg,Saw-scaled Viper,Venomous,validation/Venomous_Snake/maxresdefault_002 (4).jpg,Venomous_Snake,VALIDATION,0,0,HIGH_CONFIDENCE_NEAR_DUPLICATE,0,0.249229,0.999738,0.998454,0.999182,13,11,0.846154,POSSIBLE_NEAR_DUPLICATE,pHash=0; dHash=0; aHash=0; aspect_delta=0.2492; pixel_corr=0.9997; SSIM=0.9985; hist_corr=0.9992; ORB_good=13; ORB_inliers=11; ORB_inlier_ratio=0.8462,POSSIBLE_NEAR_DUPLICATE
Venomous/Saw-scaled Viper/maxresdefault_003.jpg,Saw-scaled Viper,Venomous,train/Venomous_Snake/maxresdefault_003 (2).jpg,Venomous_Snake,TRAIN,0,0,HIGH_CONFIDENCE_NEAR_DUPLICATE,0,0.368667,0.99946,0.998301,0.999963,17,8,0.470588,LIKELY_NEAR_DUPLICATE,pHash=0; dHash=0; aHash=0; aspect_delta=0.3687; pixel_corr=0.9995; SSIM=0.9983; hist_corr=1.0000; ORB_good=17; ORB_inliers=8; ORB_inlier_ratio=0.4706,POSSIBLE_NEAR_DUPLICATE
Venomous/Saw-scaled Viper/maxresdefault_006.jpg,Saw-scaled Viper,Venomous,train/Venomous_Snake/maxresdefault_006 (2).jpg,Venomous_Snake,TRAIN,0,0,HIGH_CONFIDENCE_NEAR_DUPLICATE,0,0.4375,0.999511,0.998692,0.998209,9,5,0.555556,POSSIBLE_NEAR_DUPLICATE,pHash=0; dHash=0; aHash=0; aspect_delta=0.4375; pixel_corr=0.9995; SSIM=0.9987; hist_corr=0.9982; ORB_good=9; ORB_inliers=5; ORB_inlier_ratio=0.5556,POSSIBLE_NEAR_DUPLICATE
Venomous/Saw-scaled Viper/maxresdefault_007.jpg,Saw-scaled Viper,Venomous,train/Venomous_Snake/maxresdefault_007 (2).jpg,Venomous_Snake,TRAIN,0,0,HIGH_CONFIDENCE_NEAR_DUPLICATE,0,0.4375,0.999592,0.997009,0.999758,10,5,0.5,POSSIBLE_NEAR_DUPLICATE,pHash=0; dHash=0; aHash=0; aspect_delta=0.4375; pixel_corr=0.9996; SSIM=0.9970; hist_corr=0.9998; ORB_good=10; ORB_inliers=5; ORB_inlier_ratio=0.5000,POSSIBLE_NEAR_DUPLICATE
Venomous/Saw-scaled Viper/maxresdefault_008.jpg,Saw-scaled Viper,Venomous,train/Venomous_Snake/maxresdefault_008.jpg,Venomous_Snake,TRAIN,0,0,HIGH_CONFIDENCE_NEAR_DUPLICATE,0,0.4375,0.999821,0.998029,0.999459,15,13,0.866667,LIKELY_NEAR_DUPLICATE,pHash=0; dHash=0; aHash=0; aspect_delta=0.4375; pixel_corr=0.9998; SSIM=0.9980; hist_corr=0.9995; ORB_good=15; ORB_inliers=13; ORB_inlier_ratio=0.8667,POSSIBLE_NEAR_DUPLICATE
Venomous/Saw-scaled Viper/maxresdefault_009.jpg,Saw-scaled Viper,Venomous,train/Venomous_Snake/maxresdefault_009.jpg,Venomous_Snake,TRAIN,0,0,HIGH_CONFIDENCE_NEAR_DUPLICATE,0,0.4375,0.999028,0.997151,0.999596,4,4,1.0,POSSIBLE_NEAR_DUPLICATE,pHash=0; dHash=0; aHash=0; aspect_delta=0.4375; pixel_corr=0.9990; SSIM=0.9972; hist_corr=0.9996; ORB_good=4; ORB_inliers=4; ORB_inlier_ratio=1.0000,POSSIBLE_NEAR_DUPLICATE
Venomous/Saw-scaled Viper/Oman-saw-scaled-viper-flicking-tongue.jpg,Saw-scaled Viper,Venomous,validation/Venomous_Snake/Oman-saw-scaled-viper-flicking-tongue.jpg,Venomous_Snake,VALIDATION,0,0,HIGH_CONFIDENCE_NEAR_DUPLICATE,0,0.330769,0.999314,0.997074,0.99976,62,61,0.983871,CONFIRMED_NEAR_DUPLICATE,pHash=0; dHash=0; aHash=0; aspect_delta=0.3308; pixel_corr=0.9993; SSIM=0.9971; hist_corr=0.9998; ORB_good=62; ORB_inliers=61; ORB_inlier_ratio=0.9839,HIGH_CONFIDENCE_NEAR_DUPLICATE
Venomous/Saw-scaled Viper/Oman-saw-scaled-viper.jpg,Saw-scaled Viper,Venomous,train/Venomous_Snake/Oman-saw-scaled-viper.jpg,Venomous_Snake,TRAIN,0,0,HIGH_CONFIDENCE_NEAR_DUPLICATE,0,0.330769,0.999647,0.997758,0.999812,76,70,0.921053,CONFIRMED_NEAR_DUPLICATE,pHash=0; dHash=0; aHash=0; aspect_delta=0.3308; pixel_corr=0.9996; SSIM=0.9978; hist_corr=0.9998; ORB_good=76; ORB_inliers=70; ORB_inlier_ratio=0.9211,HIGH_CONFIDENCE_NEAR_DUPLICATE
Venomous/Saw-scaled Viper/Saw Scaled Viper Echis_carinatus.jpg,Saw-scaled Viper,Venomous,train/Venomous_Snake/Saw Scaled Viper Echis_carinatus.jpg,Venomous_Snake,TRAIN,0,0,HIGH_CONFIDENCE_NEAR_DUPLICATE,0,0.340984,0.999828,0.998062,0.999781,59,58,0.983051,CONFIRMED_NEAR_DUPLICATE,pHash=0; dHash=0; aHash=0; aspect_delta=0.3410; pixel_corr=0.9998; SSIM=0.9981; hist_corr=0.9998; ORB_good=59; ORB_inliers=58; ORB_inlier_ratio=0.9831,HIGH_CONFIDENCE_NEAR_DUPLICATE
Venomous/Saw-scaled Viper/Saw Scaled Viper.jpg,Saw-scaled Viper,Venomous,train/Venomous_Snake/Saw Scaled Viper.jpg,Venomous_Snake,TRAIN,0,0,HIGH_CONFIDENCE_NEAR_DUPLICATE,1,0.32,0.999701,0.99885,0.999169,94,91,0.968085,CONFIRMED_NEAR_DUPLICATE,pHash=0; dHash=0; aHash=1; aspect_delta=0.3200; pixel_corr=0.9997; SSIM=0.9989; hist_corr=0.9992; ORB_good=94; ORB_inliers=91; ORB_inlier_ratio=0.9681,HIGH_CONFIDENCE_NEAR_DUPLICATE
Venomous/Saw-scaled Viper/saw-scale-viper-h.jpg,Saw-scaled Viper,Venomous,train/Venomous_Snake/saw-scale-viper-h.jpg,Venomous_Snake,TRAIN,0,0,HIGH_CONFIDENCE_NEAR_DUPLICATE,0,0.311538,0.999897,0.998688,0.99909,118,114,0.966102,CONFIRMED_NEAR_DUPLICATE,pHash=0; dHash=0; aHash=0; aspect_delta=0.3115; pixel_corr=0.9999; SSIM=0.9987; hist_corr=0.9991; ORB_good=118; ORB_inliers=114; ORB_inlier_ratio=0.9661,HIGH_CONFIDENCE_NEAR_DUPLICATE
Venomous/Saw-scaled Viper/saw-scale-viper.jpg,Saw-scaled Viper,Venomous,train/Venomous_Snake/saw-scale-viper.jpg,Venomous_Snake,TRAIN,0,1,HIGH_CONFIDENCE_NEAR_DUPLICATE,1,0.475,0.993939,0.984197,0.999859,6,5,0.833333,POSSIBLE_NEAR_DUPLICATE,pHash=0; dHash=1; aHash=1; aspect_delta=0.4750; pixel_corr=0.9939; SSIM=0.9842; hist_corr=0.9999; ORB_good=6; ORB_inliers=5; ORB_inlier_ratio=0.8333,POSSIBLE_NEAR_DUPLICATE
Venomous/Saw-scaled Viper/saw-scaled VIPER.jpg,Saw-scaled Viper,Venomous,train/Venomous_Snake/saw-scaled VIPER.jpg,Venomous_Snake,TRAIN,0,0,HIGH_CONFIDENCE_NEAR_DUPLICATE,0,0.31375,0.999048,0.992017,0.999619,46,41,0.891304,CONFIRMED_NEAR_DUPLICATE,pHash=0; dHash=0; aHash=0; aspect_delta=0.3137; pixel_corr=0.9990; SSIM=0.9920; hist_corr=0.9996; ORB_good=46; ORB_inliers=41; ORB_inlier_ratio=0.8913,HIGH_CONFIDENCE_NEAR_DUPLICATE
Venomous/Saw-scaled Viper/Saw-scaled Viper_002.jpg,Saw-scaled Viper,Venomous,validation/Venomous_Snake/Saw-scaled Viper_002.jpg,Venomous_Snake,VALIDATION,0,0,HIGH_CONFIDENCE_NEAR_DUPLICATE,30,0.25,0.000459,0.048905,0.995363,2,0,0.0,FALSE_POSITIVE_PERCEPTUAL_MATCH,pHash=0; dHash=0; aHash=30; aspect_delta=0.2500; pixel_corr=0.0005; SSIM=0.0489; hist_corr=0.9954; ORB_good=2; ORB_inliers=0; ORB_inlier_ratio=0.0000,NOT_DUPLICATE
Venomous/Saw-scaled Viper/saw-scaled-pit-viper-16799779.jpg,Saw-scaled Viper,Venomous,train/Venomous_Snake/saw-scaled-pit-viper-16799779.jpg,Venomous_Snake,TRAIN,0,0,HIGH_CONFIDENCE_NEAR_DUPLICATE,1,0.25,0.999414,0.998908,0.988391,137,132,0.963504,CONFIRMED_NEAR_DUPLICATE,pHash=0; dHash=0; aHash=1; aspect_delta=0.2500; pixel_corr=0.9994; SSIM=0.9989; hist_corr=0.9884; ORB_good=137; ORB_inliers=132; ORB_inlier_ratio=0.9635,HIGH_CONFIDENCE_NEAR_DUPLICATE
Venomous/Saw-scaled Viper/saw-scaled-pit-viper-16799779_001.jpg,Saw-scaled Viper,Venomous,train/Venomous_Snake/saw-scaled-pit-viper-16799779_001.jpg,Venomous_Snake,TRAIN,0,0,HIGH_CONFIDENCE_NEAR_DUPLICATE,2,0.180769,0.999461,0.99841,0.99553,61,57,0.934426,CONFIRMED_NEAR_DUPLICATE,pHash=0; dHash=0; aHash=2; aspect_delta=0.1808; pixel_corr=0.9995; SSIM=0.9984; hist_corr=0.9955; ORB_good=61; ORB_inliers=57; ORB_inlier_ratio=0.9344,HIGH_CONFIDENCE_NEAR_DUPLICATE
Venomous/Saw-scaled Viper/saw-scaled-viper--echis-carinatus.jpg,Saw-scaled Viper,Venomous,train/Venomous_Snake/saw-scaled-viper--echis-carinatus.jpg,Venomous_Snake,TRAIN,0,0,HIGH_CONFIDENCE_NEAR_DUPLICATE,0,0.348511,0.999525,0.994411,0.998579,54,50,0.925926,CONFIRMED_NEAR_DUPLICATE,pHash=0; dHash=0; aHash=0; aspect_delta=0.3485; pixel_corr=0.9995; SSIM=0.9944; hist_corr=0.9986; ORB_good=54; ORB_inliers=50; ORB_inlier_ratio=0.9259,HIGH_CONFIDENCE_NEAR_DUPLICATE
Venomous/Saw-scaled Viper/Saw-scaled-Viper-02 copy-S.jpg,Saw-scaled Viper,Venomous,train/Venomous_Snake/Saw-scaled-Viper-02 copy-S.jpg,Venomous_Snake,TRAIN,0,0,HIGH_CONFIDENCE_NEAR_DUPLICATE,0,0.3325,0.999526,0.998833,0.995593,54,48,0.888889,CONFIRMED_NEAR_DUPLICATE,pHash=0; dHash=0; aHash=0; aspect_delta=0.3325; pixel_corr=0.9995; SSIM=0.9988; hist_corr=0.9956; ORB_good=54; ORB_inliers=48; ORB_inlier_ratio=0.8889,HIGH_CONFIDENCE_NEAR_DUPLICATE
Venomous/Saw-scaled Viper/Saw-scaled-Viper-03 copy-X2.jpg,Saw-scaled Viper,Venomous,validation/Venomous_Snake/Saw-scaled-Viper-03 copy-X2.jpg,Venomous_Snake,VALIDATION,0,0,HIGH_CONFIDENCE_NEAR_DUPLICATE,0,0.332813,0.998695,0.997358,0.994147,22,19,0.863636,CONFIRMED_NEAR_DUPLICATE,pHash=0; dHash=0; aHash=0; aspect_delta=0.3328; pixel_corr=0.9987; SSIM=0.9974; hist_corr=0.9941; ORB_good=22; ORB_inliers=19; ORB_inlier_ratio=0.8636,HIGH_CONFIDENCE_NEAR_DUPLICATE
Venomous/Saw-scaled Viper/Saw-Scaled-Viper-1 copy-X2.jpg,Saw-scaled Viper,Venomous,train/Venomous_Snake/Saw-Scaled-Viper-1 copy-X2.jpg,Venomous_Snake,TRAIN,0,0,HIGH_CONFIDENCE_NEAR_DUPLICATE,0,0.333594,0.999415,0.998327,0.999224,19,18,0.947368,LIKELY_NEAR_DUPLICATE,pHash=0; dHash=0; aHash=0; aspect_delta=0.3336; pixel_corr=0.9994; SSIM=0.9983; hist_corr=0.9992; ORB_good=19; ORB_inliers=18; ORB_inlier_ratio=0.9474,POSSIBLE_NEAR_DUPLICATE
Venomous/Saw-scaled Viper/SAW-SCALED-VIPER-5.jpg,Saw-scaled Viper,Venomous,validation/Venomous_Snake/SAW-SCALED-VIPER-5.jpg,Venomous_Snake,VALIDATION,0,0,HIGH_CONFIDENCE_NEAR_DUPLICATE,0,0.325,0.999923,0.997429,0.999586,35,31,0.885714,CONFIRMED_NEAR_DUPLICATE,pHash=0; dHash=0; aHash=0; aspect_delta=0.3250; pixel_corr=0.9999; SSIM=0.9974; hist_corr=0.9996; ORB_good=35; ORB_inliers=31; ORB_inlier_ratio=0.8857,HIGH_CONFIDENCE_NEAR_DUPLICATE
Venomous/Saw-scaled Viper/Saw-Scaled-Viper-Bhavya-Joshi-Flickr.jpg,Saw-scaled Viper,Venomous,train/Venomous_Snake/Saw-Scaled-Viper-Bhavya-Joshi-Flickr.jpg,Venomous_Snake,TRAIN,0,0,HIGH_CONFIDENCE_NEAR_DUPLICATE,0,0.411932,0.99976,0.996517,0.999936,16,13,0.8125,LIKELY_NEAR_DUPLICATE,pHash=0; dHash=0; aHash=0; aspect_delta=0.4119; pixel_corr=0.9998; SSIM=0.9965; hist_corr=0.9999; ORB_good=16; ORB_inliers=13; ORB_inlier_ratio=0.8125,POSSIBLE_NEAR_DUPLICATE
Venomous/Saw-scaled Viper/saw-scaled-viper-echis-carinatus-common-wilderness-goa-E461GP.jpg,Saw-scaled Viper,Venomous,train/Venomous_Snake/saw-scaled-viper-echis-carinatus-common-wilderness-goa-E461GP.jpg,Venomous_Snake,TRAIN,0,0,HIGH_CONFIDENCE_NEAR_DUPLICATE,0,0.264615,0.999347,0.998334,0.996635,38,37,0.973684,CONFIRMED_NEAR_DUPLICATE,pHash=0; dHash=0; aHash=0; aspect_delta=0.2646; pixel_corr=0.9993; SSIM=0.9983; hist_corr=0.9966; ORB_good=38; ORB_inliers=37; ORB_inlier_ratio=0.9737,HIGH_CONFIDENCE_NEAR_DUPLICATE
Venomous/Saw-scaled Viper/saw-scaled-viper-echis-carinatus-echis-carinatus-is-a-venomous-viper-ax095m.jpg,Saw-scaled Viper,Venomous,train/Venomous_Snake/saw-scaled-viper-echis-carinatus-echis-carinatus-is-a-venomous-viper-ax095m.jpg,Venomous_Snake,TRAIN,0,1,HIGH_CONFIDENCE_NEAR_DUPLICATE,0,0.3,0.999292,0.997218,0.983503,110,108,0.981818,CONFIRMED_NEAR_DUPLICATE,pHash=0; dHash=1; aHash=0; aspect_delta=0.3000; pixel_corr=0.9993; SSIM=0.9972; hist_corr=0.9835; ORB_good=110; ORB_inliers=108; ORB_inlier_ratio=0.9818,HIGH_CONFIDENCE_NEAR_DUPLICATE
Venomous/Saw-scaled Viper/saw-scaled-viper-echis-carinatus-in-creek-tamil-nadu-south-india-EPD0HY.jpg,Saw-scaled Viper,Venomous,train/Venomous_Snake/saw-scaled-viper-echis-carinatus-in-creek-tamil-nadu-south-india-EPD0HY.jpg,Venomous_Snake,TRAIN,0,0,HIGH_CONFIDENCE_NEAR_DUPLICATE,1,0.267692,0.999195,0.996573,0.998437,39,38,0.974359,CONFIRMED_NEAR_DUPLICATE,pHash=0; dHash=0; aHash=1; aspect_delta=0.2677; pixel_corr=0.9992; SSIM=0.9966; hist_corr=0.9984; ORB_good=39; ORB_inliers=38; ORB_inlier_ratio=0.9744,HIGH_CONFIDENCE_NEAR_DUPLICATE
Venomous/Saw-scaled Viper/saw-scaled-viper-echis-carinatus-specimen-from-maharashtra-india-H9ET2H.jpg,Saw-scaled Viper,Venomous,train/Venomous_Snake/saw-scaled-viper-echis-carinatus-specimen-from-maharashtra-india-H9ET2H.jpg,Venomous_Snake,TRAIN,0,0,HIGH_CONFIDENCE_NEAR_DUPLICATE,0,0.272308,0.998981,0.996425,0.998931,36,33,0.916667,CONFIRMED_NEAR_DUPLICATE,pHash=0; dHash=0; aHash=0; aspect_delta=0.2723; pixel_corr=0.9990; SSIM=0.9964; hist_corr=0.9989; ORB_good=36; ORB_inliers=33; ORB_inlier_ratio=0.9167,HIGH_CONFIDENCE_NEAR_DUPLICATE
Venomous/Saw-scaled Viper/saw-scaled-viper-echis-carinatus-venomous-common-C690MR.jpg,Saw-scaled Viper,Venomous,train/Venomous_Snake/saw-scaled-viper-echis-carinatus-venomous-common-C690MR.jpg,Venomous_Snake,TRAIN,0,1,HIGH_CONFIDENCE_NEAR_DUPLICATE,0,0.264615,0.999253,0.998053,0.995965,37,35,0.945946,CONFIRMED_NEAR_DUPLICATE,pHash=0; dHash=1; aHash=0; aspect_delta=0.2646; pixel_corr=0.9993; SSIM=0.9981; hist_corr=0.9960; ORB_good=37; ORB_inliers=35; ORB_inlier_ratio=0.9459,HIGH_CONFIDENCE_NEAR_DUPLICATE
Venomous/Saw-scaled Viper/saw-scaled-viper-echis-carinatus-venomous-H9ERFT.jpg,Saw-scaled Viper,Venomous,train/Venomous_Snake/saw-scaled-viper-echis-carinatus-venomous-H9ERFT.jpg,Venomous_Snake,TRAIN,0,1,HIGH_CONFIDENCE_NEAR_DUPLICATE,1,0.264615,0.999513,0.998112,0.996119,56,49,0.875,CONFIRMED_NEAR_DUPLICATE,pHash=0; dHash=1; aHash=1; aspect_delta=0.2646; pixel_corr=0.9995; SSIM=0.9981; hist_corr=0.9961; ORB_good=56; ORB_inliers=49; ORB_inlier_ratio=0.8750,HIGH_CONFIDENCE_NEAR_DUPLICATE
Venomous/Saw-scaled Viper/saw-scaled-viper-echis-omanensis-38054928.jpg,Saw-scaled Viper,Venomous,train/Venomous_Snake/saw-scaled-viper-echis-omanensis-38054928.jpg,Venomous_Snake,TRAIN,0,1,HIGH_CONFIDENCE_NEAR_DUPLICATE,0,0.266923,0.999827,0.996643,0.999636,27,25,0.925926,CONFIRMED_NEAR_DUPLICATE,pHash=0; dHash=1; aHash=0; aspect_delta=0.2669; pixel_corr=0.9998; SSIM=0.9966; hist_corr=0.9996; ORB_good=27; ORB_inliers=25; ORB_inlier_ratio=0.9259,HIGH_CONFIDENCE_NEAR_DUPLICATE
Venomous/Saw-scaled Viper/saw-scaled-viper-face-1400-AT-10-980x735.jpg,Saw-scaled Viper,Venomous,train/Venomous_Snake/saw-scaled-viper-face-1400-AT-10-980x735.jpg,Venomous_Snake,TRAIN,0,0,HIGH_CONFIDENCE_NEAR_DUPLICATE,0,0.25,0.999654,0.996749,0.99982,70,70,1.0,CONFIRMED_NEAR_DUPLICATE,pHash=0; dHash=0; aHash=0; aspect_delta=0.2500; pixel_corr=0.9997; SSIM=0.9967; hist_corr=0.9998; ORB_good=70; ORB_inliers=70; ORB_inlier_ratio=1.0000,HIGH_CONFIDENCE_NEAR_DUPLICATE
Venomous/Saw-scaled Viper/saw-scaled-viper-in-habitat-b5gwpw.jpg,Saw-scaled Viper,Venomous,train/Venomous_Snake/saw-scaled-viper-in-habitat-b5gwpw.jpg,Venomous_Snake,TRAIN,0,0,HIGH_CONFIDENCE_NEAR_DUPLICATE,0,0.288889,0.999744,0.996767,0.999854,133,131,0.984962,CONFIRMED_NEAR_DUPLICATE,pHash=0; dHash=0; aHash=0; aspect_delta=0.2889; pixel_corr=0.9997; SSIM=0.9968; hist_corr=0.9999; ORB_good=133; ORB_inliers=131; ORB_inlier_ratio=0.9850,HIGH_CONFIDENCE_NEAR_DUPLICATE
Venomous/Saw-scaled Viper/saw-scaled-viper-in-habitat-b5gwtf.jpg,Saw-scaled Viper,Venomous,train/Venomous_Snake/saw-scaled-viper-in-habitat-b5gwtf.jpg,Venomous_Snake,TRAIN,0,1,HIGH_CONFIDENCE_NEAR_DUPLICATE,0,0.301563,0.999309,0.997141,0.997903,65,61,0.938462,CONFIRMED_NEAR_DUPLICATE,pHash=0; dHash=1; aHash=0; aspect_delta=0.3016; pixel_corr=0.9993; SSIM=0.9971; hist_corr=0.9979; ORB_good=65; ORB_inliers=61; ORB_inlier_ratio=0.9385,HIGH_CONFIDENCE_NEAR_DUPLICATE
Venomous/Saw-scaled Viper/saw-scaled-viper-in-habitat-B5GWTF_001.jpg,Saw-scaled Viper,Venomous,train/Venomous_Snake/saw-scaled-viper-in-habitat-B5GWTF_001.jpg,Venomous_Snake,TRAIN,0,2,HIGH_CONFIDENCE_NEAR_DUPLICATE,0,0.264615,0.998749,0.997615,0.998239,33,33,1.0,CONFIRMED_NEAR_DUPLICATE,pHash=0; dHash=2; aHash=0; aspect_delta=0.2646; pixel_corr=0.9987; SSIM=0.9976; hist_corr=0.9982; ORB_good=33; ORB_inliers=33; ORB_inlier_ratio=1.0000,HIGH_CONFIDENCE_NEAR_DUPLICATE
Venomous/Saw-scaled Viper/saw-scaled-viper-in-habitat-b5h4en.jpg,Saw-scaled Viper,Venomous,train/Venomous_Snake/saw-scaled-viper-in-habitat-b5h4en.jpg,Venomous_Snake,TRAIN,0,0,HIGH_CONFIDENCE_NEAR_DUPLICATE,0,0.301563,0.99965,0.996055,0.999387,71,68,0.957746,CONFIRMED_NEAR_DUPLICATE,pHash=0; dHash=0; aHash=0; aspect_delta=0.3016; pixel_corr=0.9997; SSIM=0.9961; hist_corr=0.9994; ORB_good=71; ORB_inliers=68; ORB_inlier_ratio=0.9577,HIGH_CONFIDENCE_NEAR_DUPLICATE
Venomous/Saw-scaled Viper/saw-scaled-viper-in-habitat-b5h4fd.jpg,Saw-scaled Viper,Venomous,train/Venomous_Snake/saw-scaled-viper-in-habitat-b5h4fd.jpg,Venomous_Snake,TRAIN,0,1,HIGH_CONFIDENCE_NEAR_DUPLICATE,0,0.357407,0.999562,0.996785,0.999839,45,45,1.0,CONFIRMED_NEAR_DUPLICATE,pHash=0; dHash=1; aHash=0; aspect_delta=0.3574; pixel_corr=0.9996; SSIM=0.9968; hist_corr=0.9998; ORB_good=45; ORB_inliers=45; ORB_inlier_ratio=1.0000,HIGH_CONFIDENCE_NEAR_DUPLICATE
Venomous/Saw-scaled Viper/saw-scaled-viper-in-habitat-b5h4gj.jpg,Saw-scaled Viper,Venomous,train/Venomous_Snake/saw-scaled-viper-in-habitat-b5h4gj.jpg,Venomous_Snake,TRAIN,0,0,HIGH_CONFIDENCE_NEAR_DUPLICATE,0,0.301563,0.999471,0.997108,0.999429,78,77,0.987179,CONFIRMED_NEAR_DUPLICATE,pHash=0; dHash=0; aHash=0; aspect_delta=0.3016; pixel_corr=0.9995; SSIM=0.9971; hist_corr=0.9994; ORB_good=78; ORB_inliers=77; ORB_inlier_ratio=0.9872,HIGH_CONFIDENCE_NEAR_DUPLICATE
Venomous/Saw-scaled Viper/saw-scaled-viper-in-habitat-fact8x.jpg,Saw-scaled Viper,Venomous,validation/Venomous_Snake/saw-scaled-viper-in-habitat-fact8x.jpg,Venomous_Snake,VALIDATION,2,1,HIGH_CONFIDENCE_NEAR_DUPLICATE,0,0.301563,0.999482,0.997887,0.993925,107,102,0.953271,CONFIRMED_NEAR_DUPLICATE,pHash=2; dHash=1; aHash=0; aspect_delta=0.3016; pixel_corr=0.9995; SSIM=0.9979; hist_corr=0.9939; ORB_good=107; ORB_inliers=102; ORB_inlier_ratio=0.9533,HIGH_CONFIDENCE_NEAR_DUPLICATE
Venomous/Saw-scaled Viper/saw-scaled-viper-saw-scaled-adder-echis-carinatus-one-of-the-most-ebn5em.jpg,Saw-scaled Viper,Venomous,train/Venomous_Snake/saw-scaled-viper-saw-scaled-adder-echis-carinatus-one-of-the-most-ebn5em.jpg,Venomous_Snake,TRAIN,0,0,HIGH_CONFIDENCE_NEAR_DUPLICATE,0,0.297778,0.999803,0.998556,0.997716,103,97,0.941748,CONFIRMED_NEAR_DUPLICATE,pHash=0; dHash=0; aHash=0; aspect_delta=0.2978; pixel_corr=0.9998; SSIM=0.9986; hist_corr=0.9977; ORB_good=103; ORB_inliers=97; ORB_inlier_ratio=0.9417,HIGH_CONFIDENCE_NEAR_DUPLICATE
Venomous/Saw-scaled Viper/Saw-Scaled-Viper.jpg,Saw-scaled Viper,Venomous,train/Venomous_Snake/Saw-Scaled-Viper.jpg,Venomous_Snake,TRAIN,0,0,HIGH_CONFIDENCE_NEAR_DUPLICATE,0,0.248322,0.999529,0.998318,0.999887,177,168,0.949153,CONFIRMED_NEAR_DUPLICATE,pHash=0; dHash=0; aHash=0; aspect_delta=0.2483; pixel_corr=0.9995; SSIM=0.9983; hist_corr=0.9999; ORB_good=177; ORB_inliers=168; ORB_inlier_ratio=0.9492,HIGH_CONFIDENCE_NEAR_DUPLICATE
Venomous/Saw-scaled Viper/Saw-Scaled-viper1.jpg,Saw-scaled Viper,Venomous,train/Venomous_Snake/Saw-Scaled-viper1.jpg,Venomous_Snake,TRAIN,0,0,HIGH_CONFIDENCE_NEAR_DUPLICATE,0,0.416667,0.999814,0.99817,0.999362,32,29,0.90625,CONFIRMED_NEAR_DUPLICATE,pHash=0; dHash=0; aHash=0; aspect_delta=0.4167; pixel_corr=0.9998; SSIM=0.9982; hist_corr=0.9994; ORB_good=32; ORB_inliers=29; ORB_inlier_ratio=0.9062,HIGH_CONFIDENCE_NEAR_DUPLICATE
Venomous/Saw-scaled Viper/Saw-scaled-viper_003.jpg,Saw-scaled Viper,Venomous,train/Venomous_Snake/Saw-scaled-viper_003.jpg,Venomous_Snake,TRAIN,2,0,HIGH_CONFIDENCE_NEAR_DUPLICATE,0,0.026667,0.999626,0.998051,0.999469,297,279,0.939394,CONFIRMED_NEAR_DUPLICATE,pHash=2; dHash=0; aHash=0; aspect_delta=0.0267; pixel_corr=0.9996; SSIM=0.9981; hist_corr=0.9995; ORB_good=297; ORB_inliers=279; ORB_inlier_ratio=0.9394,HIGH_CONFIDENCE_NEAR_DUPLICATE
Venomous/Saw-scaled Viper/Saw-scaled-viper_004.jpg,Saw-scaled Viper,Venomous,validation/Venomous_Snake/Saw-scaled-viper_004.jpg,Venomous_Snake,VALIDATION,0,0,HIGH_CONFIDENCE_NEAR_DUPLICATE,0,0.333333,0.999249,0.997907,0.999596,76,75,0.986842,CONFIRMED_NEAR_DUPLICATE,pHash=0; dHash=0; aHash=0; aspect_delta=0.3333; pixel_corr=0.9992; SSIM=0.9979; hist_corr=0.9996; ORB_good=76; ORB_inliers=75; ORB_inlier_ratio=0.9868,HIGH_CONFIDENCE_NEAR_DUPLICATE
Venomous/Saw-scaled Viper/Saw-scaled-viper_005.jpg,Saw-scaled Viper,Venomous,train/Venomous_Snake/Saw-scaled-viper_005.jpg,Venomous_Snake,TRAIN,0,0,HIGH_CONFIDENCE_NEAR_DUPLICATE,1,0.221538,0.998773,0.99676,0.997872,189,188,0.994709,CONFIRMED_NEAR_DUPLICATE,pHash=0; dHash=0; aHash=1; aspect_delta=0.2215; pixel_corr=0.9988; SSIM=0.9968; hist_corr=0.9979; ORB_good=189; ORB_inliers=188; ORB_inlier_ratio=0.9947,HIGH_CONFIDENCE_NEAR_DUPLICATE
Venomous/Saw-scaled Viper/saw-scaled-viper_006.jpg,Saw-scaled Viper,Venomous,validation/Venomous_Snake/saw-scaled-viper_006.jpg,Venomous_Snake,VALIDATION,0,0,HIGH_CONFIDENCE_NEAR_DUPLICATE,0,0.432759,0.999829,0.999066,0.999509,10,9,0.9,POSSIBLE_NEAR_DUPLICATE,pHash=0; dHash=0; aHash=0; aspect_delta=0.4328; pixel_corr=0.9998; SSIM=0.9991; hist_corr=0.9995; ORB_good=10; ORB_inliers=9; ORB_inlier_ratio=0.9000,POSSIBLE_NEAR_DUPLICATE
Venomous/Saw-scaled Viper/saw-scaled-viper_007.jpg,Saw-scaled Viper,Venomous,train/Venomous_Snake/saw-scaled-viper_007.jpg,Venomous_Snake,TRAIN,0,0,HIGH_CONFIDENCE_NEAR_DUPLICATE,0,0.29899,0.999386,0.996978,0.999392,66,62,0.939394,CONFIRMED_NEAR_DUPLICATE,pHash=0; dHash=0; aHash=0; aspect_delta=0.2990; pixel_corr=0.9994; SSIM=0.9970; hist_corr=0.9994; ORB_good=66; ORB_inliers=62; ORB_inlier_ratio=0.9394,HIGH_CONFIDENCE_NEAR_DUPLICATE
Venomous/Saw-scaled Viper/Saw-Scaled-Viper_008.jpg,Saw-scaled Viper,Venomous,train/Venomous_Snake/Russel Viper 04.jpg,Venomous_Snake,TRAIN,0,0,HIGH_CONFIDENCE_NEAR_DUPLICATE,0,0.331765,0.999563,0.996532,0.999893,49,44,0.897959,CONFIRMED_NEAR_DUPLICATE,pHash=0; dHash=0; aHash=0; aspect_delta=0.3318; pixel_corr=0.9996; SSIM=0.9965; hist_corr=0.9999; ORB_good=49; ORB_inliers=44; ORB_inlier_ratio=0.8980,HIGH_CONFIDENCE_NEAR_DUPLICATE
Venomous/Saw-scaled Viper/Saw-Scaled-Viper_009.jpg,Saw-scaled Viper,Venomous,train/Venomous_Snake/Saw-Scaled-Viper_009.jpg,Venomous_Snake,TRAIN,0,0,HIGH_CONFIDENCE_NEAR_DUPLICATE,0,0.338509,0.999768,0.999032,0.998634,87,83,0.954023,CONFIRMED_NEAR_DUPLICATE,pHash=0; dHash=0; aHash=0; aspect_delta=0.3385; pixel_corr=0.9998; SSIM=0.9990; hist_corr=0.9986; ORB_good=87; ORB_inliers=83; ORB_inlier_ratio=0.9540,HIGH_CONFIDENCE_NEAR_DUPLICATE
Venomous/Saw-scaled Viper/Saw-Scaled-Viper_010.jpg,Saw-scaled Viper,Venomous,train/Venomous_Snake/Saw-Scaled-Viper_010.jpg,Venomous_Snake,TRAIN,0,0,HIGH_CONFIDENCE_NEAR_DUPLICATE,0,0.334328,0.999521,0.998427,0.99944,31,28,0.903226,CONFIRMED_NEAR_DUPLICATE,pHash=0; dHash=0; aHash=0; aspect_delta=0.3343; pixel_corr=0.9995; SSIM=0.9984; hist_corr=0.9994; ORB_good=31; ORB_inliers=28; ORB_inlier_ratio=0.9032,HIGH_CONFIDENCE_NEAR_DUPLICATE
Venomous/Saw-scaled Viper/Saw-scaled-Viper_011.jpg,Saw-scaled Viper,Venomous,train/Venomous_Snake/Saw-scaled-Viper_011.jpg,Venomous_Snake,TRAIN,0,0,HIGH_CONFIDENCE_NEAR_DUPLICATE,3,0.275,0.999507,0.998076,0.997017,54,52,0.962963,CONFIRMED_NEAR_DUPLICATE,pHash=0; dHash=0; aHash=3; aspect_delta=0.2750; pixel_corr=0.9995; SSIM=0.9981; hist_corr=0.9970; ORB_good=54; ORB_inliers=52; ORB_inlier_ratio=0.9630,HIGH_CONFIDENCE_NEAR_DUPLICATE
Venomous/Saw-scaled Viper/Saw-Scaled-Viper_012.jpg,Saw-scaled Viper,Venomous,train/Venomous_Snake/Saw-Scaled-Viper_012.jpg,Venomous_Snake,TRAIN,0,0,HIGH_CONFIDENCE_NEAR_DUPLICATE,0,0.490092,0.999519,0.996954,0.999408,5,4,0.8,POSSIBLE_NEAR_DUPLICATE,pHash=0; dHash=0; aHash=0; aspect_delta=0.4901; pixel_corr=0.9995; SSIM=0.9970; hist_corr=0.9994; ORB_good=5; ORB_inliers=4; ORB_inlier_ratio=0.8000,POSSIBLE_NEAR_DUPLICATE
Venomous/Saw-scaled Viper/saw-scaled-viper_013.jpg,Saw-scaled Viper,Venomous,validation/Venomous_Snake/saw-scaled-viper_013.jpg,Venomous_Snake,VALIDATION,0,0,HIGH_CONFIDENCE_NEAR_DUPLICATE,0,0.317549,0.999779,0.997058,0.998639,33,31,0.939394,CONFIRMED_NEAR_DUPLICATE,pHash=0; dHash=0; aHash=0; aspect_delta=0.3175; pixel_corr=0.9998; SSIM=0.9971; hist_corr=0.9986; ORB_good=33; ORB_inliers=31; ORB_inlier_ratio=0.9394,HIGH_CONFIDENCE_NEAR_DUPLICATE
Venomous/Saw-scaled Viper/Saw-Scaled-Viper_014.jpg,Saw-scaled Viper,Venomous,train/Venomous_Snake/Saw-Scaled-Viper_014.jpg,Venomous_Snake,TRAIN,0,0,HIGH_CONFIDENCE_NEAR_DUPLICATE,0,0.125,0.999857,0.997755,0.999833,353,347,0.983003,CONFIRMED_NEAR_DUPLICATE,pHash=0; dHash=0; aHash=0; aspect_delta=0.1250; pixel_corr=0.9999; SSIM=0.9978; hist_corr=0.9998; ORB_good=353; ORB_inliers=347; ORB_inlier_ratio=0.9830,HIGH_CONFIDENCE_NEAR_DUPLICATE
Venomous/Saw-scaled Viper/saw-scaled-viper_015.jpg,Saw-scaled Viper,Venomous,validation/Venomous_Snake/saw-scaled-viper_015.jpg,Venomous_Snake,VALIDATION,0,0,HIGH_CONFIDENCE_NEAR_DUPLICATE,0,0.25,0.999719,0.997986,0.999665,159,158,0.993711,CONFIRMED_NEAR_DUPLICATE,pHash=0; dHash=0; aHash=0; aspect_delta=0.2500; pixel_corr=0.9997; SSIM=0.9980; hist_corr=0.9997; ORB_good=159; ORB_inliers=158; ORB_inlier_ratio=0.9937,HIGH_CONFIDENCE_NEAR_DUPLICATE
Venomous/Saw-scaled Viper/saw-scaled-viper_65_448060a.jpg,Saw-scaled Viper,Venomous,train/Venomous_Snake/saw-scaled-viper_65_448060a.jpg,Venomous_Snake,TRAIN,0,0,HIGH_CONFIDENCE_NEAR_DUPLICATE,0,0.384615,0.999687,0.998568,0.998486,53,50,0.943396,CONFIRMED_NEAR_DUPLICATE,pHash=0; dHash=0; aHash=0; aspect_delta=0.3846; pixel_corr=0.9997; SSIM=0.9986; hist_corr=0.9985; ORB_good=53; ORB_inliers=50; ORB_inlier_ratio=0.9434,HIGH_CONFIDENCE_NEAR_DUPLICATE
Venomous/Saw-scaled Viper/saw-scaled-vipers-echis-carinatus-waiting-to-be-milked-for-their-venom-BBTTHP.jpg,Saw-scaled Viper,Venomous,train/Venomous_Snake/saw-scaled-vipers-echis-carinatus-waiting-to-be-milked-for-their-venom-BBTTHP.jpg,Venomous_Snake,TRAIN,0,1,HIGH_CONFIDENCE_NEAR_DUPLICATE,0,0.366187,0.999738,0.9979,0.999355,46,43,0.934783,CONFIRMED_NEAR_DUPLICATE,pHash=0; dHash=1; aHash=0; aspect_delta=0.3662; pixel_corr=0.9997; SSIM=0.9979; hist_corr=0.9994; ORB_good=46; ORB_inliers=43; ORB_inlier_ratio=0.9348,HIGH_CONFIDENCE_NEAR_DUPLICATE
Venomous/Saw-scaled Viper/Saw-scaled_Viper_(Echis_carinatus)_Photographed_By_Shantanu_Kuveskar.jpg,Saw-scaled Viper,Venomous,train/Venomous_Snake/Saw-scaled_Viper_(Echis_carinatus)_Photographed_By_Shantanu_Kuveskar.jpg,Venomous_Snake,TRAIN,0,1,HIGH_CONFIDENCE_NEAR_DUPLICATE,1,0.25,0.998826,0.997083,0.994475,107,105,0.981308,CONFIRMED_NEAR_DUPLICATE,pHash=0; dHash=1; aHash=1; aspect_delta=0.2500; pixel_corr=0.9988; SSIM=0.9971; hist_corr=0.9945; ORB_good=107; ORB_inliers=105; ORB_inlier_ratio=0.9813,HIGH_CONFIDENCE_NEAR_DUPLICATE
Venomous/Saw-scaled Viper/Saw-scaled_viper_Echis_carinatus_by_Krishna_Khan_Amravati.jpg,Saw-scaled Viper,Venomous,validation/Venomous_Snake/Saw-scaled_viper_Echis_carinatus_by_Krishna_Khan_Amravati.jpg,Venomous_Snake,VALIDATION,2,0,HIGH_CONFIDENCE_NEAR_DUPLICATE,1,0.333333,0.999217,0.996973,0.998208,51,48,0.941176,CONFIRMED_NEAR_DUPLICATE,pHash=2; dHash=0; aHash=1; aspect_delta=0.3333; pixel_corr=0.9992; SSIM=0.9970; hist_corr=0.9982; ORB_good=51; ORB_inliers=48; ORB_inlier_ratio=0.9412,HIGH_CONFIDENCE_NEAR_DUPLICATE
Venomous/Saw-scaled Viper/Saw-scaled_viper_egg.JPG,Saw-scaled Viper,Venomous,validation/Venomous_Snake/Saw-scaled_viper_egg.JPG,Venomous_Snake,VALIDATION,0,0,HIGH_CONFIDENCE_NEAR_DUPLICATE,0,0.25,0.999228,0.997193,0.999717,4,4,1.0,POSSIBLE_NEAR_DUPLICATE,pHash=0; dHash=0; aHash=0; aspect_delta=0.2500; pixel_corr=0.9992; SSIM=0.9972; hist_corr=0.9997; ORB_good=4; ORB_inliers=4; ORB_inlier_ratio=1.0000,POSSIBLE_NEAR_DUPLICATE
Venomous/Saw-scaled Viper/Saw-scaledViper.jpg,Saw-scaled Viper,Venomous,train/Venomous_Snake/Saw-scaledViper.jpg,Venomous_Snake,TRAIN,0,0,HIGH_CONFIDENCE_NEAR_DUPLICATE,0,0.055718,0.999845,0.99861,0.99961,512,496,0.96875,CONFIRMED_NEAR_DUPLICATE,pHash=0; dHash=0; aHash=0; aspect_delta=0.0557; pixel_corr=0.9998; SSIM=0.9986; hist_corr=0.9996; ORB_good=512; ORB_inliers=496; ORB_inlier_ratio=0.9688,HIGH_CONFIDENCE_NEAR_DUPLICATE
Venomous/Saw-scaled Viper/saw.jpg,Saw-scaled Viper,Venomous,train/Venomous_Snake/saw.jpg,Venomous_Snake,TRAIN,0,0,HIGH_CONFIDENCE_NEAR_DUPLICATE,0,0.310145,0.999286,0.997852,0.999897,50,45,0.9,CONFIRMED_NEAR_DUPLICATE,pHash=0; dHash=0; aHash=0; aspect_delta=0.3101; pixel_corr=0.9993; SSIM=0.9979; hist_corr=0.9999; ORB_good=50; ORB_inliers=45; ORB_inlier_ratio=0.9000,HIGH_CONFIDENCE_NEAR_DUPLICATE
Venomous/Saw-scaled Viper/saw_scaled_kid_with_biggie.jpg,Saw-scaled Viper,Venomous,train/Venomous_Snake/saw_scaled_kid_with_biggie.jpg,Venomous_Snake,TRAIN,0,0,HIGH_CONFIDENCE_NEAR_DUPLICATE,1,0.522461,0.998494,0.99681,0.996141,4,4,1.0,POSSIBLE_NEAR_DUPLICATE,pHash=0; dHash=0; aHash=1; aspect_delta=0.5225; pixel_corr=0.9985; SSIM=0.9968; hist_corr=0.9961; ORB_good=4; ORB_inliers=4; ORB_inlier_ratio=1.0000,POSSIBLE_NEAR_DUPLICATE
Venomous/Saw-scaled Viper/Saw_scaled_viper.jpg,Saw-scaled Viper,Venomous,train/Venomous_Snake/Saw_scaled_viper.jpg,Venomous_Snake,TRAIN,0,0,HIGH_CONFIDENCE_NEAR_DUPLICATE,0,0.3125,0.99957,0.997297,0.998929,93,83,0.892473,CONFIRMED_NEAR_DUPLICATE,pHash=0; dHash=0; aHash=0; aspect_delta=0.3125; pixel_corr=0.9996; SSIM=0.9973; hist_corr=0.9989; ORB_good=93; ORB_inliers=83; ORB_inlier_ratio=0.8925,HIGH_CONFIDENCE_NEAR_DUPLICATE
Venomous/Saw-scaled Viper/Saw_scaled_viper_001.jpg,Saw-scaled Viper,Venomous,train/Venomous_Snake/Saw_scaled_viper_001.jpg,Venomous_Snake,TRAIN,0,0,HIGH_CONFIDENCE_NEAR_DUPLICATE,0,0.423439,0.999762,0.99727,0.999542,0,0,0.0,POSSIBLE_NEAR_DUPLICATE,pHash=0; dHash=0; aHash=0; aspect_delta=0.4234; pixel_corr=0.9998; SSIM=0.9973; hist_corr=0.9995; ORB_good=0; ORB_inliers=0; ORB_inlier_ratio=0.0000,POSSIBLE_NEAR_DUPLICATE
Venomous/Saw-scaled Viper/Saw_scaled_viper_2.jpg,Saw-scaled Viper,Venomous,train/Venomous_Snake/Saw_scaled_viper_2.jpg,Venomous_Snake,TRAIN,0,1,HIGH_CONFIDENCE_NEAR_DUPLICATE,0,0.21875,0.998149,0.995411,0.999722,121,110,0.909091,CONFIRMED_NEAR_DUPLICATE,pHash=0; dHash=1; aHash=0; aspect_delta=0.2188; pixel_corr=0.9981; SSIM=0.9954; hist_corr=0.9997; ORB_good=121; ORB_inliers=110; ORB_inlier_ratio=0.9091,HIGH_CONFIDENCE_NEAR_DUPLICATE
Venomous/Saw-scaled Viper/SAWSCALE.JPG,Saw-scaled Viper,Venomous,train/Venomous_Snake/SAWSCALE.JPG,Venomous_Snake,TRAIN,0,0,HIGH_CONFIDENCE_NEAR_DUPLICATE,0,0.396285,0.999587,0.99875,0.991574,27,21,0.777778,CONFIRMED_NEAR_DUPLICATE,pHash=0; dHash=0; aHash=0; aspect_delta=0.3963; pixel_corr=0.9996; SSIM=0.9987; hist_corr=0.9916; ORB_good=27; ORB_inliers=21; ORB_inlier_ratio=0.7778,HIGH_CONFIDENCE_NEAR_DUPLICATE
Venomous/Saw-scaled Viper/sawscale1.jpg,Saw-scaled Viper,Venomous,validation/Venomous_Snake/sawscale1.jpg,Venomous_Snake,VALIDATION,0,0,HIGH_CONFIDENCE_NEAR_DUPLICATE,0,0.183333,0.999582,0.998472,0.998664,147,146,0.993197,CONFIRMED_NEAR_DUPLICATE,pHash=0; dHash=0; aHash=0; aspect_delta=0.1833; pixel_corr=0.9996; SSIM=0.9985; hist_corr=0.9987; ORB_good=147; ORB_inliers=146; ORB_inlier_ratio=0.9932,HIGH_CONFIDENCE_NEAR_DUPLICATE
Venomous/Saw-scaled Viper/sawscale2.jpg,Saw-scaled Viper,Venomous,train/Venomous_Snake/sawscale2.jpg,Venomous_Snake,TRAIN,0,0,HIGH_CONFIDENCE_NEAR_DUPLICATE,0,0.317187,0.999265,0.998428,0.997663,41,38,0.926829,CONFIRMED_NEAR_DUPLICATE,pHash=0; dHash=0; aHash=0; aspect_delta=0.3172; pixel_corr=0.9993; SSIM=0.9984; hist_corr=0.9977; ORB_good=41; ORB_inliers=38; ORB_inlier_ratio=0.9268,HIGH_CONFIDENCE_NEAR_DUPLICATE
Venomous/Saw-scaled Viper/sawscale3.jpg,Saw-scaled Viper,Venomous,train/Venomous_Snake/sawscale3.jpg,Venomous_Snake,TRAIN,0,0,HIGH_CONFIDENCE_NEAR_DUPLICATE,0,0.333024,0.999719,0.996664,0.999638,65,64,0.984615,CONFIRMED_NEAR_DUPLICATE,pHash=0; dHash=0; aHash=0; aspect_delta=0.3330; pixel_corr=0.9997; SSIM=0.9967; hist_corr=0.9996; ORB_good=65; ORB_inliers=64; ORB_inlier_ratio=0.9846,HIGH_CONFIDENCE_NEAR_DUPLICATE
Venomous/Saw-scaled Viper/sawscale4.jpg,Saw-scaled Viper,Venomous,train/Venomous_Snake/sawscale4.jpg,Venomous_Snake,TRAIN,0,0,HIGH_CONFIDENCE_NEAR_DUPLICATE,0,0.33369,0.99978,0.998429,0.999898,57,56,0.982456,CONFIRMED_NEAR_DUPLICATE,pHash=0; dHash=0; aHash=0; aspect_delta=0.3337; pixel_corr=0.9998; SSIM=0.9984; hist_corr=0.9999; ORB_good=57; ORB_inliers=56; ORB_inlier_ratio=0.9825,HIGH_CONFIDENCE_NEAR_DUPLICATE
Venomous/Saw-scaled Viper/sawscale_001.jpg,Saw-scaled Viper,Venomous,train/Venomous_Snake/sawscale_001.jpg,Venomous_Snake,TRAIN,0,0,HIGH_CONFIDENCE_NEAR_DUPLICATE,0,0.333333,0.999601,0.996702,0.999925,68,64,0.941176,CONFIRMED_NEAR_DUPLICATE,pHash=0; dHash=0; aHash=0; aspect_delta=0.3333; pixel_corr=0.9996; SSIM=0.9967; hist_corr=0.9999; ORB_good=68; ORB_inliers=64; ORB_inlier_ratio=0.9412,HIGH_CONFIDENCE_NEAR_DUPLICATE
Venomous/Saw-scaled Viper/sawscaled-viper.jpg,Saw-scaled Viper,Venomous,train/Venomous_Snake/sawscaled-viper.jpg,Venomous_Snake,TRAIN,0,0,HIGH_CONFIDENCE_NEAR_DUPLICATE,0,0.236667,0.999049,0.997265,0.99956,135,133,0.985185,CONFIRMED_NEAR_DUPLICATE,pHash=0; dHash=0; aHash=0; aspect_delta=0.2367; pixel_corr=0.9990; SSIM=0.9973; hist_corr=0.9996; ORB_good=135; ORB_inliers=133; ORB_inlier_ratio=0.9852,HIGH_CONFIDENCE_NEAR_DUPLICATE
Venomous/Saw-scaled Viper/sawscaled.jpg,Saw-scaled Viper,Venomous,train/Venomous_Snake/sawscaled.jpg,Venomous_Snake,TRAIN,0,0,HIGH_CONFIDENCE_NEAR_DUPLICATE,0,0.322857,0.999346,0.994031,0.999667,69,63,0.913043,CONFIRMED_NEAR_DUPLICATE,pHash=0; dHash=0; aHash=0; aspect_delta=0.3229; pixel_corr=0.9993; SSIM=0.9940; hist_corr=0.9997; ORB_good=69; ORB_inliers=63; ORB_inlier_ratio=0.9130,HIGH_CONFIDENCE_NEAR_DUPLICATE
Venomous/Saw-scaled Viper/sawscaled_001.jpg,Saw-scaled Viper,Venomous,train/Venomous_Snake/sawscaled_001.jpg,Venomous_Snake,TRAIN,0,1,HIGH_CONFIDENCE_NEAR_DUPLICATE,0,0.31016,0.999378,0.998163,0.997145,56,50,0.892857,CONFIRMED_NEAR_DUPLICATE,pHash=0; dHash=1; aHash=0; aspect_delta=0.3102; pixel_corr=0.9994; SSIM=0.9982; hist_corr=0.9971; ORB_good=56; ORB_inliers=50; ORB_inlier_ratio=0.8929,HIGH_CONFIDENCE_NEAR_DUPLICATE
Venomous/Saw-scaled Viper/SawScaledBG.jpg,Saw-scaled Viper,Venomous,validation/Venomous_Snake/SawScaledBG.jpg,Venomous_Snake,VALIDATION,0,0,HIGH_CONFIDENCE_NEAR_DUPLICATE,0,0.333333,0.999352,0.997578,0.999844,1,0,0.0,POSSIBLE_NEAR_DUPLICATE,pHash=0; dHash=0; aHash=0; aspect_delta=0.3333; pixel_corr=0.9994; SSIM=0.9976; hist_corr=0.9998; ORB_good=1; ORB_inliers=0; ORB_inlier_ratio=0.0000,POSSIBLE_NEAR_DUPLICATE
Venomous/Saw-scaled Viper/SawScaledViper.jpg,Saw-scaled Viper,Venomous,train/Venomous_Snake/SawScaledViper.jpg,Venomous_Snake,TRAIN,0,0,HIGH_CONFIDENCE_NEAR_DUPLICATE,0,0.317187,0.999906,0.997827,0.999588,92,89,0.967391,CONFIRMED_NEAR_DUPLICATE,pHash=0; dHash=0; aHash=0; aspect_delta=0.3172; pixel_corr=0.9999; SSIM=0.9978; hist_corr=0.9996; ORB_good=92; ORB_inliers=89; ORB_inlier_ratio=0.9674,HIGH_CONFIDENCE_NEAR_DUPLICATE
Venomous/Saw-scaled Viper/SawScaledViper_001.jpg,Saw-scaled Viper,Venomous,train/Venomous_Snake/SawScaledViper_001.jpg,Venomous_Snake,TRAIN,0,0,HIGH_CONFIDENCE_NEAR_DUPLICATE,0,0.25,0.999509,0.996452,0.999368,161,161,1.0,CONFIRMED_NEAR_DUPLICATE,pHash=0; dHash=0; aHash=0; aspect_delta=0.2500; pixel_corr=0.9995; SSIM=0.9965; hist_corr=0.9994; ORB_good=161; ORB_inliers=161; ORB_inlier_ratio=1.0000,HIGH_CONFIDENCE_NEAR_DUPLICATE
Venomous/Saw-scaled Viper/sawscaledviper_002.jpg,Saw-scaled Viper,Venomous,train/Venomous_Snake/sawscaledviper_002.jpg,Venomous_Snake,TRAIN,0,0,HIGH_CONFIDENCE_NEAR_DUPLICATE,0,0.363218,0.999806,0.999075,0.997615,36,33,0.916667,CONFIRMED_NEAR_DUPLICATE,pHash=0; dHash=0; aHash=0; aspect_delta=0.3632; pixel_corr=0.9998; SSIM=0.9991; hist_corr=0.9976; ORB_good=36; ORB_inliers=33; ORB_inlier_ratio=0.9167,HIGH_CONFIDENCE_NEAR_DUPLICATE
Venomous/Saw-scaled Viper/SawScaleViper.jpg,Saw-scaled Viper,Venomous,train/Venomous_Snake/SawScaleViper.jpg,Venomous_Snake,TRAIN,0,0,HIGH_CONFIDENCE_NEAR_DUPLICATE,0,0.261429,0.999875,0.997653,0.999913,103,103,1.0,CONFIRMED_NEAR_DUPLICATE,pHash=0; dHash=0; aHash=0; aspect_delta=0.2614; pixel_corr=0.9999; SSIM=0.9977; hist_corr=0.9999; ORB_good=103; ORB_inliers=103; ORB_inlier_ratio=1.0000,HIGH_CONFIDENCE_NEAR_DUPLICATE
Venomous/Saw-scaled Viper/Sind-saw-scaled-viper-coiled.jpg,Saw-scaled Viper,Venomous,train/Venomous_Snake/Sind-saw-scaled-viper-coiled.jpg,Venomous_Snake,TRAIN,0,0,HIGH_CONFIDENCE_NEAR_DUPLICATE,1,0.249231,0.999297,0.997415,0.999838,168,168,1.0,CONFIRMED_NEAR_DUPLICATE,pHash=0; dHash=0; aHash=1; aspect_delta=0.2492; pixel_corr=0.9993; SSIM=0.9974; hist_corr=0.9998; ORB_good=168; ORB_inliers=168; ORB_inlier_ratio=1.0000,HIGH_CONFIDENCE_NEAR_DUPLICATE
Venomous/Saw-scaled Viper/sind-saw-scaled-viper-echis-carinatus-sharjah-uae-ewyhe0.jpg,Saw-scaled Viper,Venomous,train/Venomous_Snake/sind-saw-scaled-viper-echis-carinatus-sharjah-uae-ewyhe0.jpg,Venomous_Snake,TRAIN,0,0,HIGH_CONFIDENCE_NEAR_DUPLICATE,0,0.245283,0.99965,0.998159,0.99935,186,179,0.962366,CONFIRMED_NEAR_DUPLICATE,pHash=0; dHash=0; aHash=0; aspect_delta=0.2453; pixel_corr=0.9997; SSIM=0.9982; hist_corr=0.9994; ORB_good=186; ORB_inliers=179; ORB_inlier_ratio=0.9624,HIGH_CONFIDENCE_NEAR_DUPLICATE
Venomous/Saw-scaled Viper/Sind-saw-scaled-viper-in-habitat.jpg,Saw-scaled Viper,Venomous,train/Venomous_Snake/Sind-saw-scaled-viper-in-habitat.jpg,Venomous_Snake,TRAIN,0,0,HIGH_CONFIDENCE_NEAR_DUPLICATE,0,0.333846,0.997955,0.994747,0.999703,32,29,0.90625,CONFIRMED_NEAR_DUPLICATE,pHash=0; dHash=0; aHash=0; aspect_delta=0.3338; pixel_corr=0.9980; SSIM=0.9947; hist_corr=0.9997; ORB_good=32; ORB_inliers=29; ORB_inlier_ratio=0.9062,HIGH_CONFIDENCE_NEAR_DUPLICATE
Venomous/Saw-scaled Viper/Sind-saw-scaled-viper-in-habitat_001.jpg,Saw-scaled Viper,Venomous,validation/Venomous_Snake/Sind-saw-scaled-viper-in-habitat_001.jpg,Venomous_Snake,VALIDATION,0,0,HIGH_CONFIDENCE_NEAR_DUPLICATE,0,0.333846,0.998653,0.995008,0.999609,46,46,1.0,CONFIRMED_NEAR_DUPLICATE,pHash=0; dHash=0; aHash=0; aspect_delta=0.3338; pixel_corr=0.9987; SSIM=0.9950; hist_corr=0.9996; ORB_good=46; ORB_inliers=46; ORB_inlier_ratio=1.0000,HIGH_CONFIDENCE_NEAR_DUPLICATE
Venomous/Saw-scaled Viper/Sind-saw-scaled-viper-in-habitat_002.jpg,Saw-scaled Viper,Venomous,train/Venomous_Snake/Sind-saw-scaled-viper-in-habitat_002.jpg,Venomous_Snake,TRAIN,0,2,HIGH_CONFIDENCE_NEAR_DUPLICATE,0,0.330769,0.999485,0.995314,0.999777,77,74,0.961039,CONFIRMED_NEAR_DUPLICATE,pHash=0; dHash=2; aHash=0; aspect_delta=0.3308; pixel_corr=0.9995; SSIM=0.9953; hist_corr=0.9998; ORB_good=77; ORB_inliers=74; ORB_inlier_ratio=0.9610,HIGH_CONFIDENCE_NEAR_DUPLICATE
Venomous/Saw-scaled Viper/Sind-saw-scaled-viper-on-sand.jpg,Saw-scaled Viper,Venomous,train/Venomous_Snake/Sind-saw-scaled-viper-on-sand.jpg,Venomous_Snake,TRAIN,0,0,HIGH_CONFIDENCE_NEAR_DUPLICATE,0,0.330769,0.999274,0.994993,0.999718,78,70,0.897436,CONFIRMED_NEAR_DUPLICATE,pHash=0; dHash=0; aHash=0; aspect_delta=0.3308; pixel_corr=0.9993; SSIM=0.9950; hist_corr=0.9997; ORB_good=78; ORB_inliers=70; ORB_inlier_ratio=0.8974,HIGH_CONFIDENCE_NEAR_DUPLICATE
Venomous/Saw-scaled Viper/Sind-saw-scaled-viper.jpg,Saw-scaled Viper,Venomous,train/Venomous_Snake/Sind-saw-scaled-viper.jpg,Venomous_Snake,TRAIN,0,1,HIGH_CONFIDENCE_NEAR_DUPLICATE,0,0.318462,0.999364,0.996256,0.999758,88,86,0.977273,CONFIRMED_NEAR_DUPLICATE,pHash=0; dHash=1; aHash=0; aspect_delta=0.3185; pixel_corr=0.9994; SSIM=0.9963; hist_corr=0.9998; ORB_good=88; ORB_inliers=86; ORB_inlier_ratio=0.9773,HIGH_CONFIDENCE_NEAR_DUPLICATE
Venomous/Saw-scaled Viper/Sind-saw-scaled-viper_001.jpg,Saw-scaled Viper,Venomous,validation/Venomous_Snake/Sind-saw-scaled-viper_001.jpg,Venomous_Snake,VALIDATION,2,0,HIGH_CONFIDENCE_NEAR_DUPLICATE,0,0.441538,0.999649,0.99557,0.999898,11,7,0.636364,POSSIBLE_NEAR_DUPLICATE,pHash=2; dHash=0; aHash=0; aspect_delta=0.4415; pixel_corr=0.9996; SSIM=0.9956; hist_corr=0.9999; ORB_good=11; ORB_inliers=7; ORB_inlier_ratio=0.6364,POSSIBLE_NEAR_DUPLICATE
Venomous/Saw-scaled Viper/SindSawscaledViper-55724.jpg,Saw-scaled Viper,Venomous,train/Venomous_Snake/SindSawscaledViper-55724.jpg,Venomous_Snake,TRAIN,0,0,HIGH_CONFIDENCE_NEAR_DUPLICATE,0,0.333333,0.999578,0.998172,0.998506,46,43,0.934783,CONFIRMED_NEAR_DUPLICATE,pHash=0; dHash=0; aHash=0; aspect_delta=0.3333; pixel_corr=0.9996; SSIM=0.9982; hist_corr=0.9985; ORB_good=46; ORB_inliers=43; ORB_inlier_ratio=0.9348,HIGH_CONFIDENCE_NEAR_DUPLICATE
Venomous/Saw-scaled Viper/SindSawscaledViper-55727.jpg,Saw-scaled Viper,Venomous,validation/Venomous_Snake/SindSawscaledViper-55727.jpg,Venomous_Snake,VALIDATION,0,1,HIGH_CONFIDENCE_NEAR_DUPLICATE,0,0.333333,0.999631,0.99799,0.999319,55,53,0.963636,CONFIRMED_NEAR_DUPLICATE,pHash=0; dHash=1; aHash=0; aspect_delta=0.3333; pixel_corr=0.9996; SSIM=0.9980; hist_corr=0.9993; ORB_good=55; ORB_inliers=53; ORB_inlier_ratio=0.9636,HIGH_CONFIDENCE_NEAR_DUPLICATE
Venomous/Saw-scaled Viper/SindSawscaledViper-55734.jpg,Saw-scaled Viper,Venomous,train/Venomous_Snake/SindSawscaledViper-55734.jpg,Venomous_Snake,TRAIN,0,0,HIGH_CONFIDENCE_NEAR_DUPLICATE,0,0.333333,0.99977,0.997778,0.997873,48,46,0.958333,CONFIRMED_NEAR_DUPLICATE,pHash=0; dHash=0; aHash=0; aspect_delta=0.3333; pixel_corr=0.9998; SSIM=0.9978; hist_corr=0.9979; ORB_good=48; ORB_inliers=46; ORB_inlier_ratio=0.9583,HIGH_CONFIDENCE_NEAR_DUPLICATE
Venomous/Saw-scaled Viper/SindSawscaledViper-55737.jpg,Saw-scaled Viper,Venomous,train/Venomous_Snake/SindSawscaledViper-55737.jpg,Venomous_Snake,TRAIN,0,0,HIGH_CONFIDENCE_NEAR_DUPLICATE,0,0.333333,0.999728,0.998339,0.999532,50,43,0.86,CONFIRMED_NEAR_DUPLICATE,pHash=0; dHash=0; aHash=0; aspect_delta=0.3333; pixel_corr=0.9997; SSIM=0.9983; hist_corr=0.9995; ORB_good=50; ORB_inliers=43; ORB_inlier_ratio=0.8600,HIGH_CONFIDENCE_NEAR_DUPLICATE
Venomous/Saw-scaled Viper/SindSawscaledViper-55742.jpg,Saw-scaled Viper,Venomous,train/Venomous_Snake/SindSawscaledViper-55742.jpg,Venomous_Snake,TRAIN,0,0,HIGH_CONFIDENCE_NEAR_DUPLICATE,0,0.333333,0.999799,0.997653,0.999658,40,35,0.875,CONFIRMED_NEAR_DUPLICATE,pHash=0; dHash=0; aHash=0; aspect_delta=0.3333; pixel_corr=0.9998; SSIM=0.9977; hist_corr=0.9997; ORB_good=40; ORB_inliers=35; ORB_inlier_ratio=0.8750,HIGH_CONFIDENCE_NEAR_DUPLICATE
Venomous/Saw-scaled Viper/sn01.jpg,Saw-scaled Viper,Venomous,train/Venomous_Snake/sn01.jpg,Venomous_Snake,TRAIN,0,0,HIGH_CONFIDENCE_NEAR_DUPLICATE,0,0.236948,0.999138,0.995341,0.999001,100,88,0.88,CONFIRMED_NEAR_DUPLICATE,pHash=0; dHash=0; aHash=0; aspect_delta=0.2369; pixel_corr=0.9991; SSIM=0.9953; hist_corr=0.9990; ORB_good=100; ORB_inliers=88; ORB_inlier_ratio=0.8800,HIGH_CONFIDENCE_NEAR_DUPLICATE
Venomous/Saw-scaled Viper/snake-bite-viper-saw.jpg,Saw-scaled Viper,Venomous,train/Venomous_Snake/snake-bite-viper-saw.jpg,Venomous_Snake,TRAIN,2,0,HIGH_CONFIDENCE_NEAR_DUPLICATE,0,0.310937,0.99956,0.998092,0.999109,110,109,0.990909,CONFIRMED_NEAR_DUPLICATE,pHash=2; dHash=0; aHash=0; aspect_delta=0.3109; pixel_corr=0.9996; SSIM=0.9981; hist_corr=0.9991; ORB_good=110; ORB_inliers=109; ORB_inlier_ratio=0.9909,HIGH_CONFIDENCE_NEAR_DUPLICATE
Venomous/Saw-scaled Viper/Snakebite-DNase-saw-scaled-viper-31cd25oj9az8gi7dpey1vk.jpg,Saw-scaled Viper,Venomous,validation/Venomous_Snake/Snakebite-DNase-saw-scaled-viper-31cd25oj9az8gi7dpey1vk.jpg,Venomous_Snake,VALIDATION,2,1,HIGH_CONFIDENCE_NEAR_DUPLICATE,0,0.408203,0.999896,0.99768,0.999791,14,12,0.857143,POSSIBLE_NEAR_DUPLICATE,pHash=2; dHash=1; aHash=0; aspect_delta=0.4082; pixel_corr=0.9999; SSIM=0.9977; hist_corr=0.9998; ORB_good=14; ORB_inliers=12; ORB_inlier_ratio=0.8571,POSSIBLE_NEAR_DUPLICATE
Venomous/Saw-scaled Viper/SNP00571.jpg,Saw-scaled Viper,Venomous,train/Venomous_Snake/SNP00571.jpg,Venomous_Snake,TRAIN,0,0,HIGH_CONFIDENCE_NEAR_DUPLICATE,0,0.46,0.999485,0.997439,0.999897,6,4,0.666667,POSSIBLE_NEAR_DUPLICATE,pHash=0; dHash=0; aHash=0; aspect_delta=0.4600; pixel_corr=0.9995; SSIM=0.9974; hist_corr=0.9999; ORB_good=6; ORB_inliers=4; ORB_inlier_ratio=0.6667,POSSIBLE_NEAR_DUPLICATE
Venomous/Saw-scaled Viper/SNP00572.jpg,Saw-scaled Viper,Venomous,validation/Venomous_Snake/SNP00572.jpg,Venomous_Snake,VALIDATION,0,0,HIGH_CONFIDENCE_NEAR_DUPLICATE,0,0.25,0.999496,0.998447,0.997398,90,86,0.955556,CONFIRMED_NEAR_DUPLICATE,pHash=0; dHash=0; aHash=0; aspect_delta=0.2500; pixel_corr=0.9995; SSIM=0.9984; hist_corr=0.9974; ORB_good=90; ORB_inliers=86; ORB_inlier_ratio=0.9556,HIGH_CONFIDENCE_NEAR_DUPLICATE
Venomous/Saw-scaled Viper/SNP00591.jpg,Saw-scaled Viper,Venomous,train/Venomous_Snake/SNP00591.jpg,Venomous_Snake,TRAIN,0,0,HIGH_CONFIDENCE_NEAR_DUPLICATE,1,0.356667,0.999779,0.998263,0.999553,24,19,0.791667,CONFIRMED_NEAR_DUPLICATE,pHash=0; dHash=0; aHash=1; aspect_delta=0.3567; pixel_corr=0.9998; SSIM=0.9983; hist_corr=0.9996; ORB_good=24; ORB_inliers=19; ORB_inlier_ratio=0.7917,HIGH_CONFIDENCE_NEAR_DUPLICATE
Venomous/Saw-scaled Viper/SNP00595.jpg,Saw-scaled Viper,Venomous,train/Venomous_Snake/SNP00595.jpg,Venomous_Snake,TRAIN,0,0,HIGH_CONFIDENCE_NEAR_DUPLICATE,0,0.25,0.999602,0.998654,0.997918,48,46,0.958333,CONFIRMED_NEAR_DUPLICATE,pHash=0; dHash=0; aHash=0; aspect_delta=0.2500; pixel_corr=0.9996; SSIM=0.9987; hist_corr=0.9979; ORB_good=48; ORB_inliers=46; ORB_inlier_ratio=0.9583,HIGH_CONFIDENCE_NEAR_DUPLICATE
Venomous/Saw-scaled Viper/sochureks-saw-scaled-viper-eastern-saw-scaled-viper-stemmlers-saw-h8tpep.jpg,Saw-scaled Viper,Venomous,train/Venomous_Snake/sochureks-saw-scaled-viper-eastern-saw-scaled-viper-stemmlers-saw-h8tpep.jpg,Venomous_Snake,TRAIN,0,0,HIGH_CONFIDENCE_NEAR_DUPLICATE,0,0.301563,0.999813,0.997094,0.999982,89,88,0.988764,CONFIRMED_NEAR_DUPLICATE,pHash=0; dHash=0; aHash=0; aspect_delta=0.3016; pixel_corr=0.9998; SSIM=0.9971; hist_corr=1.0000; ORB_good=89; ORB_inliers=88; ORB_inlier_ratio=0.9888,HIGH_CONFIDENCE_NEAR_DUPLICATE
Venomous/Saw-scaled Viper/stock-photo-a-wild-oman-saw-scaled-viper-echis-omanensis-a-wild-saw-scaled-viper-from-the-rocky-277837664.jpg,Saw-scaled Viper,Venomous,train/Venomous_Snake/stock-photo-a-wild-oman-saw-scaled-viper-echis-omanensis-a-wild-saw-scaled-viper-from-the-rocky-277837664.jpg,Venomous_Snake,TRAIN,0,0,HIGH_CONFIDENCE_NEAR_DUPLICATE,0,0.284444,0.999682,0.998184,0.999421,82,81,0.987805,CONFIRMED_NEAR_DUPLICATE,pHash=0; dHash=0; aHash=0; aspect_delta=0.2844; pixel_corr=0.9997; SSIM=0.9982; hist_corr=0.9994; ORB_good=82; ORB_inliers=81; ORB_inlier_ratio=0.9878,HIGH_CONFIDENCE_NEAR_DUPLICATE
Venomous/Saw-scaled Viper/stock-photo-saw-scaled-viper-644115148.jpg,Saw-scaled Viper,Venomous,train/Venomous_Snake/stock-photo-saw-scaled-viper-644115148.jpg,Venomous_Snake,TRAIN,0,1,HIGH_CONFIDENCE_NEAR_DUPLICATE,0,0.26,0.999765,0.997438,0.999923,167,164,0.982036,CONFIRMED_NEAR_DUPLICATE,pHash=0; dHash=1; aHash=0; aspect_delta=0.2600; pixel_corr=0.9998; SSIM=0.9974; hist_corr=0.9999; ORB_good=167; ORB_inliers=164; ORB_inlier_ratio=0.9820,HIGH_CONFIDENCE_NEAR_DUPLICATE
Venomous/Saw-scaled Viper/stock-photo-saw-scaled-viper-snake-603493748.jpg,Saw-scaled Viper,Venomous,train/Venomous_Snake/stock-photo-saw-scaled-viper-snake-603493748.jpg,Venomous_Snake,TRAIN,0,0,HIGH_CONFIDENCE_NEAR_DUPLICATE,0,0.291111,0.999775,0.998912,0.997751,120,117,0.975,CONFIRMED_NEAR_DUPLICATE,pHash=0; dHash=0; aHash=0; aspect_delta=0.2911; pixel_corr=0.9998; SSIM=0.9989; hist_corr=0.9978; ORB_good=120; ORB_inliers=117; ORB_inlier_ratio=0.9750,HIGH_CONFIDENCE_NEAR_DUPLICATE
Venomous/Saw-scaled Viper/stock-photo-sindh-saw-scaled-viper-560241703.jpg,Saw-scaled Viper,Venomous,train/Venomous_Snake/stock-photo-sindh-saw-scaled-viper-560241703.jpg,Venomous_Snake,TRAIN,0,0,HIGH_CONFIDENCE_NEAR_DUPLICATE,0,0.266,0.999734,0.998074,0.999207,38,37,0.973684,CONFIRMED_NEAR_DUPLICATE,pHash=0; dHash=0; aHash=0; aspect_delta=0.2660; pixel_corr=0.9997; SSIM=0.9981; hist_corr=0.9992; ORB_good=38; ORB_inliers=37; ORB_inlier_ratio=0.9737,HIGH_CONFIDENCE_NEAR_DUPLICATE
Venomous/Saw-scaled Viper/stock-photo-sindh-saw-scaled-viper-560241724.jpg,Saw-scaled Viper,Venomous,train/Venomous_Snake/stock-photo-sindh-saw-scaled-viper-560241724.jpg,Venomous_Snake,TRAIN,2,0,HIGH_CONFIDENCE_NEAR_DUPLICATE,0,0.288889,0.999851,0.998674,0.999478,115,110,0.956522,CONFIRMED_NEAR_DUPLICATE,pHash=2; dHash=0; aHash=0; aspect_delta=0.2889; pixel_corr=0.9999; SSIM=0.9987; hist_corr=0.9995; ORB_good=115; ORB_inliers=110; ORB_inlier_ratio=0.9565,HIGH_CONFIDENCE_NEAR_DUPLICATE
Venomous/Saw-scaled Viper/stock-photo-sindh-saw-scaled-viper-560241733.jpg,Saw-scaled Viper,Venomous,validation/Venomous_Snake/stock-photo-sindh-saw-scaled-viper-560241733.jpg,Venomous_Snake,VALIDATION,0,5,POSSIBLE_NEAR_DUPLICATE,0,0.288889,0.999892,0.997165,0.999929,95,91,0.957895,CONFIRMED_NEAR_DUPLICATE,pHash=0; dHash=5; aHash=0; aspect_delta=0.2889; pixel_corr=0.9999; SSIM=0.9972; hist_corr=0.9999; ORB_good=95; ORB_inliers=91; ORB_inlier_ratio=0.9579,HIGH_CONFIDENCE_NEAR_DUPLICATE
Venomous/Saw-scaled Viper/tarentola2b.jpg,Saw-scaled Viper,Venomous,train/Venomous_Snake/tarentola2b.jpg,Venomous_Snake,TRAIN,0,0,HIGH_CONFIDENCE_NEAR_DUPLICATE,0,0.335,0.999525,0.998699,0.999654,51,47,0.921569,CONFIRMED_NEAR_DUPLICATE,pHash=0; dHash=0; aHash=0; aspect_delta=0.3350; pixel_corr=0.9995; SSIM=0.9987; hist_corr=0.9997; ORB_good=51; ORB_inliers=47; ORB_inlier_ratio=0.9216,HIGH_CONFIDENCE_NEAR_DUPLICATE
Venomous/Saw-scaled Viper/toz04066l.jpg,Saw-scaled Viper,Venomous,train/Venomous_Snake/toz04066l.jpg,Venomous_Snake,TRAIN,0,0,HIGH_CONFIDENCE_NEAR_DUPLICATE,0,0.25,0.99962,0.994612,0.99981,29,26,0.896552,CONFIRMED_NEAR_DUPLICATE,pHash=0; dHash=0; aHash=0; aspect_delta=0.2500; pixel_corr=0.9996; SSIM=0.9946; hist_corr=0.9998; ORB_good=29; ORB_inliers=26; ORB_inlier_ratio=0.8966,HIGH_CONFIDENCE_NEAR_DUPLICATE
Venomous/Saw-scaled Viper/toz21624l.jpg,Saw-scaled Viper,Venomous,train/Venomous_Snake/toz21624l.jpg,Venomous_Snake,TRAIN,0,0,HIGH_CONFIDENCE_NEAR_DUPLICATE,1,0.25,0.999534,0.99596,0.998236,23,23,1.0,CONFIRMED_NEAR_DUPLICATE,pHash=0; dHash=0; aHash=1; aspect_delta=0.2500; pixel_corr=0.9995; SSIM=0.9960; hist_corr=0.9982; ORB_good=23; ORB_inliers=23; ORB_inlier_ratio=1.0000,HIGH_CONFIDENCE_NEAR_DUPLICATE
Venomous/Spectacled Cobra/00409260.jpg,Spectacled Cobra,Venomous,test/Venomous_Snake/00409260.jpg,Venomous_Snake,TEST,0,1,HIGH_CONFIDENCE_NEAR_DUPLICATE,0,0.344286,0.999304,0.995988,0.999605,35,32,0.914286,CONFIRMED_NEAR_DUPLICATE,pHash=0; dHash=1; aHash=0; aspect_delta=0.3443; pixel_corr=0.9993; SSIM=0.9960; hist_corr=0.9996; ORB_good=35; ORB_inliers=32; ORB_inlier_ratio=0.9143,HIGH_CONFIDENCE_NEAR_DUPLICATE
Venomous/Spectacled Cobra/025c68f55a8efc9290a8435db743bbf3--the-big-four-the-ojays.jpg,Spectacled Cobra,Venomous,test/Venomous_Snake/025c68f55a8efc9290a8435db743bbf3--the-big-four-the-ojays.jpg,Venomous_Snake,TEST,0,0,HIGH_CONFIDENCE_NEAR_DUPLICATE,0,0.25,0.998956,0.996979,0.998877,138,134,0.971014,CONFIRMED_NEAR_DUPLICATE,pHash=0; dHash=0; aHash=0; aspect_delta=0.2500; pixel_corr=0.9990; SSIM=0.9970; hist_corr=0.9989; ORB_good=138; ORB_inliers=134; ORB_inlier_ratio=0.9710,HIGH_CONFIDENCE_NEAR_DUPLICATE
Venomous/Spectacled Cobra/03 Spectacled Cobra 1.JPG,Spectacled Cobra,Venomous,test/Venomous_Snake/03 Spectacled Cobra 1.JPG,Venomous_Snake,TEST,0,0,HIGH_CONFIDENCE_NEAR_DUPLICATE,0,0.25,0.999785,0.997386,0.999323,118,114,0.966102,CONFIRMED_NEAR_DUPLICATE,pHash=0; dHash=0; aHash=0; aspect_delta=0.2500; pixel_corr=0.9998; SSIM=0.9974; hist_corr=0.9993; ORB_good=118; ORB_inliers=114; ORB_inlier_ratio=0.9661,HIGH_CONFIDENCE_NEAR_DUPLICATE
Venomous/Spectacled Cobra/0442c0e88fb9b22c0d608a9b25577469--naja-cobra.jpg,Spectacled Cobra,Venomous,test/Venomous_Snake/0442c0e88fb9b22c0d608a9b25577469--naja-cobra.jpg,Venomous_Snake,TEST,0,0,HIGH_CONFIDENCE_NEAR_DUPLICATE,0,0.20339,0.999735,0.996675,0.999963,131,121,0.923664,CONFIRMED_NEAR_DUPLICATE,pHash=0; dHash=0; aHash=0; aspect_delta=0.2034; pixel_corr=0.9997; SSIM=0.9967; hist_corr=1.0000; ORB_good=131; ORB_inliers=121; ORB_inlier_ratio=0.9237,HIGH_CONFIDENCE_NEAR_DUPLICATE
Venomous/Spectacled Cobra/0_7a209fcba04a5c21f4181e692723c0ca.jpg,Spectacled Cobra,Venomous,test/Venomous_Snake/0_7a209fcba04a5c21f4181e692723c0ca.jpg,Venomous_Snake,TEST,0,0,HIGH_CONFIDENCE_NEAR_DUPLICATE,0,0.397363,0.999759,0.996114,0.999704,53,42,0.792453,CONFIRMED_NEAR_DUPLICATE,pHash=0; dHash=0; aHash=0; aspect_delta=0.3974; pixel_corr=0.9998; SSIM=0.9961; hist_corr=0.9997; ORB_good=53; ORB_inliers=42; ORB_inlier_ratio=0.7925,HIGH_CONFIDENCE_NEAR_DUPLICATE
Venomous/Spectacled Cobra/10412951893_9762368a13_b.jpg,Spectacled Cobra,Venomous,train/Venomous_Snake/10412951893_9762368a13_b.jpg,Venomous_Snake,TRAIN,0,0,HIGH_CONFIDENCE_NEAR_DUPLICATE,0,0.238281,0.999561,0.998009,0.999469,93,93,1.0,CONFIRMED_NEAR_DUPLICATE,pHash=0; dHash=0; aHash=0; aspect_delta=0.2383; pixel_corr=0.9996; SSIM=0.9980; hist_corr=0.9995; ORB_good=93; ORB_inliers=93; ORB_inlier_ratio=1.0000,HIGH_CONFIDENCE_NEAR_DUPLICATE
Venomous/Spectacled Cobra/12.SNAKECONFLICT2008SLIDE-1.jpg,Spectacled Cobra,Venomous,test/Venomous_Snake/12.SNAKECONFLICT2008SLIDE-1.jpg,Venomous_Snake,TEST,0,0,HIGH_CONFIDENCE_NEAR_DUPLICATE,0,0.248889,0.999245,0.99741,0.99985,207,201,0.971014,CONFIRMED_NEAR_DUPLICATE,pHash=0; dHash=0; aHash=0; aspect_delta=0.2489; pixel_corr=0.9992; SSIM=0.9974; hist_corr=0.9998; ORB_good=207; ORB_inliers=201; ORB_inlier_ratio=0.9710,HIGH_CONFIDENCE_NEAR_DUPLICATE
Venomous/Spectacled Cobra/1438852852IMG_4008.JPG,Spectacled Cobra,Venomous,train/Venomous_Snake/1438852852IMG_4008.JPG,Venomous_Snake,TRAIN,0,1,HIGH_CONFIDENCE_NEAR_DUPLICATE,0,0.438333,0.999898,0.99606,0.999972,30,26,0.866667,CONFIRMED_NEAR_DUPLICATE,pHash=0; dHash=1; aHash=0; aspect_delta=0.4383; pixel_corr=0.9999; SSIM=0.9961; hist_corr=1.0000; ORB_good=30; ORB_inliers=26; ORB_inlier_ratio=0.8667,HIGH_CONFIDENCE_NEAR_DUPLICATE
Venomous/Spectacled Cobra/1438852854main-2.JPG,Spectacled Cobra,Venomous,train/Venomous_Snake/1438852854main-2.JPG,Venomous_Snake,TRAIN,0,0,HIGH_CONFIDENCE_NEAR_DUPLICATE,0,0.333333,0.999414,0.99631,0.999731,77,74,0.961039,CONFIRMED_NEAR_DUPLICATE,pHash=0; dHash=0; aHash=0; aspect_delta=0.3333; pixel_corr=0.9994; SSIM=0.9963; hist_corr=0.9997; ORB_good=77; ORB_inliers=74; ORB_inlier_ratio=0.9610,HIGH_CONFIDENCE_NEAR_DUPLICATE
Venomous/Spectacled Cobra/1438852857sub head shot-2.jpg,Spectacled Cobra,Venomous,train/Venomous_Snake/1438852857sub head shot-2.jpg,Venomous_Snake,TRAIN,0,0,HIGH_CONFIDENCE_NEAR_DUPLICATE,0,0.414062,0.99978,0.99788,0.999197,8,7,0.875,POSSIBLE_NEAR_DUPLICATE,pHash=0; dHash=0; aHash=0; aspect_delta=0.4141; pixel_corr=0.9998; SSIM=0.9979; hist_corr=0.9992; ORB_good=8; ORB_inliers=7; ORB_inlier_ratio=0.8750,POSSIBLE_NEAR_DUPLICATE
Venomous/Spectacled Cobra/150811-004-F71D4E4A.jpg,Spectacled Cobra,Venomous,train/Venomous_Snake/150811-004-F71D4E4A.jpg,Venomous_Snake,TRAIN,0,0,HIGH_CONFIDENCE_NEAR_DUPLICATE,0,0.233333,0.999607,0.99741,0.999681,224,208,0.928571,CONFIRMED_NEAR_DUPLICATE,pHash=0; dHash=0; aHash=0; aspect_delta=0.2333; pixel_corr=0.9996; SSIM=0.9974; hist_corr=0.9997; ORB_good=224; ORB_inliers=208; ORB_inlier_ratio=0.9286,HIGH_CONFIDENCE_NEAR_DUPLICATE
Venomous/Spectacled Cobra/150px-Naja.jpg,Spectacled Cobra,Venomous,train/Venomous_Snake/150px-Naja.jpg,Venomous_Snake,TRAIN,0,1,HIGH_CONFIDENCE_NEAR_DUPLICATE,0,0.285714,0.998988,0.995474,0.999098,62,39,0.629032,CONFIRMED_NEAR_DUPLICATE,pHash=0; dHash=1; aHash=0; aspect_delta=0.2857; pixel_corr=0.9990; SSIM=0.9955; hist_corr=0.9991; ORB_good=62; ORB_inliers=39; ORB_inlier_ratio=0.6290,HIGH_CONFIDENCE_NEAR_DUPLICATE
Venomous/Spectacled Cobra/16.JPG,Spectacled Cobra,Venomous,train/Venomous_Snake/16 (2).JPG,Venomous_Snake,TRAIN,0,0,HIGH_CONFIDENCE_NEAR_DUPLICATE,0,0.331875,0.999811,0.997338,0.999929,24,23,0.958333,CONFIRMED_NEAR_DUPLICATE,pHash=0; dHash=0; aHash=0; aspect_delta=0.3319; pixel_corr=0.9998; SSIM=0.9973; hist_corr=0.9999; ORB_good=24; ORB_inliers=23; ORB_inlier_ratio=0.9583,HIGH_CONFIDENCE_NEAR_DUPLICATE
Venomous/Spectacled Cobra/160110 100lop.jpg,Spectacled Cobra,Venomous,test/Venomous_Snake/160110 100lop.jpg,Venomous_Snake,TEST,0,0,HIGH_CONFIDENCE_NEAR_DUPLICATE,0,0.127273,0.999343,0.996579,0.998952,278,277,0.996403,CONFIRMED_NEAR_DUPLICATE,pHash=0; dHash=0; aHash=0; aspect_delta=0.1273; pixel_corr=0.9993; SSIM=0.9966; hist_corr=0.9990; ORB_good=278; ORB_inliers=277; ORB_inlier_ratio=0.9964,HIGH_CONFIDENCE_NEAR_DUPLICATE
Venomous/Spectacled Cobra/2171770524_a444df4f7d.jpg,Spectacled Cobra,Venomous,train/Venomous_Snake/2171770524_a444df4f7d.jpg,Venomous_Snake,TRAIN,0,0,HIGH_CONFIDENCE_NEAR_DUPLICATE,0,0.288,0.999859,0.997656,0.998003,140,134,0.957143,CONFIRMED_NEAR_DUPLICATE,pHash=0; dHash=0; aHash=0; aspect_delta=0.2880; pixel_corr=0.9999; SSIM=0.9977; hist_corr=0.9980; ORB_good=140; ORB_inliers=134; ORB_inlier_ratio=0.9571,HIGH_CONFIDENCE_NEAR_DUPLICATE
Venomous/Spectacled Cobra/2180514e186a040692de298c7be66e95.jpg,Spectacled Cobra,Venomous,test/Venomous_Snake/2180514e186a040692de298c7be66e95.jpg,Venomous_Snake,TEST,0,0,HIGH_CONFIDENCE_NEAR_DUPLICATE,0,0.280488,0.999894,0.998504,0.999965,123,103,0.837398,CONFIRMED_NEAR_DUPLICATE,pHash=0; dHash=0; aHash=0; aspect_delta=0.2805; pixel_corr=0.9999; SSIM=0.9985; hist_corr=1.0000; ORB_good=123; ORB_inliers=103; ORB_inlier_ratio=0.8374,HIGH_CONFIDENCE_NEAR_DUPLICATE
Venomous/Spectacled Cobra/220px-Naja_naja_(Indian_cobra).jpg,Spectacled Cobra,Venomous,test/Venomous_Snake/220px-Naja_naja_(Indian_cobra).jpg,Venomous_Snake,TEST,0,0,HIGH_CONFIDENCE_NEAR_DUPLICATE,0,0.286364,0.999538,0.997584,0.999445,75,54,0.72,CONFIRMED_NEAR_DUPLICATE,pHash=0; dHash=0; aHash=0; aspect_delta=0.2864; pixel_corr=0.9995; SSIM=0.9976; hist_corr=0.9994; ORB_good=75; ORB_inliers=54; ORB_inlier_ratio=0.7200,HIGH_CONFIDENCE_NEAR_DUPLICATE
Venomous/Spectacled Cobra/220px-Spectacled_cobra.JPG,Spectacled Cobra,Venomous,test/Venomous_Snake/220px-Spectacled_cobra.JPG,Venomous_Snake,TEST,0,1,HIGH_CONFIDENCE_NEAR_DUPLICATE,0,0.233449,0.99879,0.997476,0.999844,89,76,0.853933,CONFIRMED_NEAR_DUPLICATE,pHash=0; dHash=1; aHash=0; aspect_delta=0.2334; pixel_corr=0.9988; SSIM=0.9975; hist_corr=0.9998; ORB_good=89; ORB_inliers=76; ORB_inlier_ratio=0.8539,HIGH_CONFIDENCE_NEAR_DUPLICATE
Venomous/Spectacled Cobra/2373029895_601e5c5ee6.jpg,Spectacled Cobra,Venomous,train/Venomous_Snake/2373029895_601e5c5ee6.jpg,Venomous_Snake,TRAIN,0,0,HIGH_CONFIDENCE_NEAR_DUPLICATE,0,0.250591,0.999605,0.997908,0.999243,215,203,0.944186,CONFIRMED_NEAR_DUPLICATE,pHash=0; dHash=0; aHash=0; aspect_delta=0.2506; pixel_corr=0.9996; SSIM=0.9979; hist_corr=0.9992; ORB_good=215; ORB_inliers=203; ORB_inlier_ratio=0.9442,HIGH_CONFIDENCE_NEAR_DUPLICATE
Venomous/Spectacled Cobra/245ae98383301ad48771fc3b60394c68.jpg,Spectacled Cobra,Venomous,train/Venomous_Snake/245ae98383301ad48771fc3b60394c68.jpg,Venomous_Snake,TRAIN,0,0,HIGH_CONFIDENCE_NEAR_DUPLICATE,0,0.28,0.999605,0.997173,0.999431,83,81,0.975904,CONFIRMED_NEAR_DUPLICATE,pHash=0; dHash=0; aHash=0; aspect_delta=0.2800; pixel_corr=0.9996; SSIM=0.9972; hist_corr=0.9994; ORB_good=83; ORB_inliers=81; ORB_inlier_ratio=0.9759,HIGH_CONFIDENCE_NEAR_DUPLICATE
Venomous/Spectacled Cobra/26512735140_786a135518_b.jpg,Spectacled Cobra,Venomous,train/Venomous_Snake/26512735140_786a135518_b.jpg,Venomous_Snake,TRAIN,2,0,HIGH_CONFIDENCE_NEAR_DUPLICATE,0,0.250977,0.999636,0.997876,0.999516,76,76,1.0,CONFIRMED_NEAR_DUPLICATE,pHash=2; dHash=0; aHash=0; aspect_delta=0.2510; pixel_corr=0.9996; SSIM=0.9979; hist_corr=0.9995; ORB_good=76; ORB_inliers=76; ORB_inlier_ratio=1.0000,HIGH_CONFIDENCE_NEAR_DUPLICATE
Venomous/Spectacled Cobra/2822295694_40311c360a.jpg,Spectacled Cobra,Venomous,train/Venomous_Snake/2822295694_40311c360a.jpg,Venomous_Snake,TRAIN,0,0,HIGH_CONFIDENCE_NEAR_DUPLICATE,0,0.334,0.999716,0.998054,0.99975,79,58,0.734177,CONFIRMED_NEAR_DUPLICATE,pHash=0; dHash=0; aHash=0; aspect_delta=0.3340; pixel_corr=0.9997; SSIM=0.9981; hist_corr=0.9997; ORB_good=79; ORB_inliers=58; ORB_inlier_ratio=0.7342,HIGH_CONFIDENCE_NEAR_DUPLICATE
Venomous/Spectacled Cobra/3121466143_73cc964a89_b.jpg,Spectacled Cobra,Venomous,validation/Venomous_Snake/3121466143_73cc964a89_b.jpg,Venomous_Snake,VALIDATION,0,1,HIGH_CONFIDENCE_NEAR_DUPLICATE,0,0.176758,0.99968,0.996752,0.99825,107,104,0.971963,CONFIRMED_NEAR_DUPLICATE,pHash=0; dHash=1; aHash=0; aspect_delta=0.1768; pixel_corr=0.9997; SSIM=0.9968; hist_corr=0.9983; ORB_good=107; ORB_inliers=104; ORB_inlier_ratio=0.9720,HIGH_CONFIDENCE_NEAR_DUPLICATE
Venomous/Spectacled Cobra/3258134501_359df8ffd2.jpg,Spectacled Cobra,Venomous,validation/Venomous_Snake/3258134501_359df8ffd2.jpg,Venomous_Snake,VALIDATION,0,0,HIGH_CONFIDENCE_NEAR_DUPLICATE,0,0.036,0.999611,0.998051,0.999468,478,475,0.993724,CONFIRMED_NEAR_DUPLICATE,pHash=0; dHash=0; aHash=0; aspect_delta=0.0360; pixel_corr=0.9996; SSIM=0.9981; hist_corr=0.9995; ORB_good=478; ORB_inliers=475; ORB_inlier_ratio=0.9937,HIGH_CONFIDENCE_NEAR_DUPLICATE
Venomous/Spectacled Cobra/3914435829_61a77296ef_b.jpg,Spectacled Cobra,Venomous,validation/Venomous_Snake/3914435829_61a77296ef_b.jpg,Venomous_Snake,VALIDATION,0,0,HIGH_CONFIDENCE_NEAR_DUPLICATE,0,0.293945,0.999799,0.996536,0.999523,60,57,0.95,CONFIRMED_NEAR_DUPLICATE,pHash=0; dHash=0; aHash=0; aspect_delta=0.2939; pixel_corr=0.9998; SSIM=0.9965; hist_corr=0.9995; ORB_good=60; ORB_inliers=57; ORB_inlier_ratio=0.9500,HIGH_CONFIDENCE_NEAR_DUPLICATE
Venomous/Spectacled Cobra/426b89d75ff053790e7ec2abe117f78c--cobra-snake-poisonous-snakes.jpg,Spectacled Cobra,Venomous,test/Venomous_Snake/426b89d75ff053790e7ec2abe117f78c--cobra-snake-poisonous-snakes.jpg,Venomous_Snake,TEST,0,0,HIGH_CONFIDENCE_NEAR_DUPLICATE,0,0.081712,0.999761,0.996247,0.999815,255,222,0.870588,CONFIRMED_NEAR_DUPLICATE,pHash=0; dHash=0; aHash=0; aspect_delta=0.0817; pixel_corr=0.9998; SSIM=0.9962; hist_corr=0.9998; ORB_good=255; ORB_inliers=222; ORB_inlier_ratio=0.8706,HIGH_CONFIDENCE_NEAR_DUPLICATE
Venomous/Spectacled Cobra/4cb43071ca703cf4778dd7473d3dfab8.jpg,Spectacled Cobra,Venomous,train/Venomous_Snake/4cb43071ca703cf4778dd7473d3dfab8.jpg,Venomous_Snake,TRAIN,0,0,HIGH_CONFIDENCE_NEAR_DUPLICATE,0,0.25,0.998803,0.995833,0.999551,1,0,0.0,POSSIBLE_NEAR_DUPLICATE,pHash=0; dHash=0; aHash=0; aspect_delta=0.2500; pixel_corr=0.9988; SSIM=0.9958; hist_corr=0.9996; ORB_good=1; ORB_inliers=0; ORB_inlier_ratio=0.0000,POSSIBLE_NEAR_DUPLICATE
Venomous/Spectacled Cobra/501001_8697602067eba4ehhlpe07.jpg,Spectacled Cobra,Venomous,test/Venomous_Snake/501001_8697602067eba4ehhlpe07.jpg,Venomous_Snake,TEST,0,0,HIGH_CONFIDENCE_NEAR_DUPLICATE,1,0.035714,0.999732,0.997118,0.999189,103,101,0.980583,CONFIRMED_NEAR_DUPLICATE,pHash=0; dHash=0; aHash=1; aspect_delta=0.0357; pixel_corr=0.9997; SSIM=0.9971; hist_corr=0.9992; ORB_good=103; ORB_inliers=101; ORB_inlier_ratio=0.9806,HIGH_CONFIDENCE_NEAR_DUPLICATE
Venomous/Spectacled Cobra/501121_298677f067eba4fv1mjc07.jpg,Spectacled Cobra,Venomous,test/Venomous_Snake/501121_298677f067eba4fv1mjc07.jpg,Venomous_Snake,TEST,0,0,HIGH_CONFIDENCE_NEAR_DUPLICATE,0,0.493098,0.999865,0.997727,0.999851,22,17,0.772727,CONFIRMED_NEAR_DUPLICATE,pHash=0; dHash=0; aHash=0; aspect_delta=0.4931; pixel_corr=0.9999; SSIM=0.9977; hist_corr=0.9999; ORB_good=22; ORB_inliers=17; ORB_inlier_ratio=0.7727,HIGH_CONFIDENCE_NEAR_DUPLICATE
Venomous/Spectacled Cobra/5166803825_d79cf8246e_b.jpg,Spectacled Cobra,Venomous,train/Venomous_Snake/5166803825_d79cf8246e_b.jpg,Venomous_Snake,TRAIN,0,0,HIGH_CONFIDENCE_NEAR_DUPLICATE,0,0.335938,0.999275,0.997454,0.994525,32,26,0.8125,CONFIRMED_NEAR_DUPLICATE,pHash=0; dHash=0; aHash=0; aspect_delta=0.3359; pixel_corr=0.9993; SSIM=0.9975; hist_corr=0.9945; ORB_good=32; ORB_inliers=26; ORB_inlier_ratio=0.8125,HIGH_CONFIDENCE_NEAR_DUPLICATE
Venomous/Spectacled Cobra/5451042675_998c64ac13_b.jpg,Spectacled Cobra,Venomous,validation/Venomous_Snake/5451042675_998c64ac13_b.jpg,Venomous_Snake,VALIDATION,0,1,HIGH_CONFIDENCE_NEAR_DUPLICATE,1,0.333008,0.998975,0.997507,0.996145,25,25,1.0,CONFIRMED_NEAR_DUPLICATE,pHash=0; dHash=1; aHash=1; aspect_delta=0.3330; pixel_corr=0.9990; SSIM=0.9975; hist_corr=0.9961; ORB_good=25; ORB_inliers=25; ORB_inlier_ratio=1.0000,HIGH_CONFIDENCE_NEAR_DUPLICATE
Venomous/Spectacled Cobra/578_normal_Spectacled_cobra3.jpg,Spectacled Cobra,Venomous,train/Venomous_Snake/578_normal_Spectacled_cobra3.jpg,Venomous_Snake,TRAIN,2,1,HIGH_CONFIDENCE_NEAR_DUPLICATE,0,0.04,0.99939,0.997648,0.9999,320,307,0.959375,CONFIRMED_NEAR_DUPLICATE,pHash=2; dHash=1; aHash=0; aspect_delta=0.0400; pixel_corr=0.9994; SSIM=0.9976; hist_corr=0.9999; ORB_good=320; ORB_inliers=307; ORB_inlier_ratio=0.9594,HIGH_CONFIDENCE_NEAR_DUPLICATE
Venomous/Spectacled Cobra/5802878151_ef19374e8d_b.jpg,Spectacled Cobra,Venomous,train/Venomous_Snake/5802878151_ef19374e8d_b.jpg,Venomous_Snake,TRAIN,0,0,HIGH_CONFIDENCE_NEAR_DUPLICATE,1,0.29875,0.999747,0.998123,0.999333,45,39,0.866667,CONFIRMED_NEAR_DUPLICATE,pHash=0; dHash=0; aHash=1; aspect_delta=0.2987; pixel_corr=0.9997; SSIM=0.9981; hist_corr=0.9993; ORB_good=45; ORB_inliers=39; ORB_inlier_ratio=0.8667,HIGH_CONFIDENCE_NEAR_DUPLICATE
Venomous/Spectacled Cobra/58680357_PW36.jpg,Spectacled Cobra,Venomous,test/Venomous_Snake/58680357_PW36.jpg,Venomous_Snake,TEST,0,0,HIGH_CONFIDENCE_NEAR_DUPLICATE,0,0.333333,0.999826,0.997315,0.999406,79,73,0.924051,CONFIRMED_NEAR_DUPLICATE,pHash=0; dHash=0; aHash=0; aspect_delta=0.3333; pixel_corr=0.9998; SSIM=0.9973; hist_corr=0.9994; ORB_good=79; ORB_inliers=73; ORB_inlier_ratio=0.9241,HIGH_CONFIDENCE_NEAR_DUPLICATE
Venomous/Spectacled Cobra/58680358_PW36.jpg,Spectacled Cobra,Venomous,test/Venomous_Snake/58680358_PW36.jpg,Venomous_Snake,TEST,0,0,HIGH_CONFIDENCE_NEAR_DUPLICATE,0,0.333333,0.999852,0.996778,0.999891,85,69,0.811765,CONFIRMED_NEAR_DUPLICATE,pHash=0; dHash=0; aHash=0; aspect_delta=0.3333; pixel_corr=0.9999; SSIM=0.9968; hist_corr=0.9999; ORB_good=85; ORB_inliers=69; ORB_inlier_ratio=0.8118,HIGH_CONFIDENCE_NEAR_DUPLICATE
Venomous/Spectacled Cobra/58680361_PW36.jpg,Spectacled Cobra,Venomous,test/Venomous_Snake/58680361_PW36.jpg,Venomous_Snake,TEST,0,0,HIGH_CONFIDENCE_NEAR_DUPLICATE,0,0.333333,0.999687,0.998408,0.999731,41,38,0.926829,CONFIRMED_NEAR_DUPLICATE,pHash=0; dHash=0; aHash=0; aspect_delta=0.3333; pixel_corr=0.9997; SSIM=0.9984; hist_corr=0.9997; ORB_good=41; ORB_inliers=38; ORB_inlier_ratio=0.9268,HIGH_CONFIDENCE_NEAR_DUPLICATE
Venomous/Spectacled Cobra/6027522525_91d5cc49ba_b.jpg,Spectacled Cobra,Venomous,validation/Venomous_Snake/6027522525_91d5cc49ba_b.jpg,Venomous_Snake,VALIDATION,2,0,HIGH_CONFIDENCE_NEAR_DUPLICATE,0,0.26875,0.999483,0.99575,0.999682,126,122,0.968254,CONFIRMED_NEAR_DUPLICATE,pHash=2; dHash=0; aHash=0; aspect_delta=0.2688; pixel_corr=0.9995; SSIM=0.9958; hist_corr=0.9997; ORB_good=126; ORB_inliers=122; ORB_inlier_ratio=0.9683,HIGH_CONFIDENCE_NEAR_DUPLICATE
Venomous/Spectacled Cobra/614a34a77654e6726429703e150dea3e.jpg,Spectacled Cobra,Venomous,test/Venomous_Snake/614a34a77654e6726429703e150dea3e.jpg,Venomous_Snake,TEST,2,0,HIGH_CONFIDENCE_NEAR_DUPLICATE,0,0.272198,0.999587,0.996702,0.999819,127,126,0.992126,CONFIRMED_NEAR_DUPLICATE,pHash=2; dHash=0; aHash=0; aspect_delta=0.2722; pixel_corr=0.9996; SSIM=0.9967; hist_corr=0.9998; ORB_good=127; ORB_inliers=126; ORB_inlier_ratio=0.9921,HIGH_CONFIDENCE_NEAR_DUPLICATE
Venomous/Spectacled Cobra/628592919_285e1def53_b.jpg,Spectacled Cobra,Venomous,test/Venomous_Snake/628592919_285e1def53_b.jpg,Venomous_Snake,TEST,0,0,HIGH_CONFIDENCE_NEAR_DUPLICATE,1,0.333008,0.99827,0.996631,0.995227,25,23,0.92,CONFIRMED_NEAR_DUPLICATE,pHash=0; dHash=0; aHash=1; aspect_delta=0.3330; pixel_corr=0.9983; SSIM=0.9966; hist_corr=0.9952; ORB_good=25; ORB_inliers=23; ORB_inlier_ratio=0.9200,HIGH_CONFIDENCE_NEAR_DUPLICATE
Venomous/Spectacled Cobra/6b6da31906462414e878d1dd90aa146c--snake-wallpaper-hd-wallpaper.jpg,Spectacled Cobra,Venomous,test/Venomous_Snake/6b6da31906462414e878d1dd90aa146c--snake-wallpaper-hd-wallpaper.jpg,Venomous_Snake,TEST,0,0,HIGH_CONFIDENCE_NEAR_DUPLICATE,0,0.524457,0.999715,0.99736,0.999765,14,7,0.5,POSSIBLE_NEAR_DUPLICATE,pHash=0; dHash=0; aHash=0; aspect_delta=0.5245; pixel_corr=0.9997; SSIM=0.9974; hist_corr=0.9998; ORB_good=14; ORB_inliers=7; ORB_inlier_ratio=0.5000,POSSIBLE_NEAR_DUPLICATE
Venomous/Spectacled Cobra/6O4A0379.jpg,Spectacled Cobra,Venomous,test/Venomous_Snake/6O4A0379.jpg,Venomous_Snake,TEST,0,0,HIGH_CONFIDENCE_NEAR_DUPLICATE,1,0.333333,0.999693,0.996172,0.999978,2,0,0.0,POSSIBLE_NEAR_DUPLICATE,pHash=0; dHash=0; aHash=1; aspect_delta=0.3333; pixel_corr=0.9997; SSIM=0.9962; hist_corr=1.0000; ORB_good=2; ORB_inliers=0; ORB_inlier_ratio=0.0000,POSSIBLE_NEAR_DUPLICATE
Venomous/Spectacled Cobra/6O4A0409.jpg,Spectacled Cobra,Venomous,train/Venomous_Snake/6O4A0409.jpg,Venomous_Snake,TRAIN,0,1,HIGH_CONFIDENCE_NEAR_DUPLICATE,0,0.333333,0.999401,0.997033,0.999839,3,0,0.0,POSSIBLE_NEAR_DUPLICATE,pHash=0; dHash=1; aHash=0; aspect_delta=0.3333; pixel_corr=0.9994; SSIM=0.9970; hist_corr=0.9998; ORB_good=3; ORB_inliers=0; ORB_inlier_ratio=0.0000,POSSIBLE_NEAR_DUPLICATE
Venomous/Spectacled Cobra/6O4A0417.jpg,Spectacled Cobra,Venomous,test/Venomous_Snake/6O4A0417.jpg,Venomous_Snake,TEST,0,1,HIGH_CONFIDENCE_NEAR_DUPLICATE,0,0.333262,0.999285,0.996917,0.999695,1,0,0.0,POSSIBLE_NEAR_DUPLICATE,pHash=0; dHash=1; aHash=0; aspect_delta=0.3333; pixel_corr=0.9993; SSIM=0.9969; hist_corr=0.9997; ORB_good=1; ORB_inliers=0; ORB_inlier_ratio=0.0000,POSSIBLE_NEAR_DUPLICATE
Venomous/Spectacled Cobra/7666611262_9559ea4f02_b.jpg,Spectacled Cobra,Venomous,train/Venomous_Snake/7666611262_9559ea4f02_b.jpg,Venomous_Snake,TRAIN,0,0,HIGH_CONFIDENCE_NEAR_DUPLICATE,0,0.196289,0.999764,0.997001,0.998445,100,100,1.0,CONFIRMED_NEAR_DUPLICATE,pHash=0; dHash=0; aHash=0; aspect_delta=0.1963; pixel_corr=0.9998; SSIM=0.9970; hist_corr=0.9984; ORB_good=100; ORB_inliers=100; ORB_inlier_ratio=1.0000,HIGH_CONFIDENCE_NEAR_DUPLICATE
Venomous/Spectacled Cobra/8007030158_2c1c6f468d_b.jpg,Spectacled Cobra,Venomous,train/Venomous_Snake/8007030158_2c1c6f468d_b.jpg,Venomous_Snake,TRAIN,0,0,HIGH_CONFIDENCE_NEAR_DUPLICATE,0,0.113281,0.999936,0.998893,0.999319,137,135,0.985401,CONFIRMED_NEAR_DUPLICATE,pHash=0; dHash=0; aHash=0; aspect_delta=0.1133; pixel_corr=0.9999; SSIM=0.9989; hist_corr=0.9993; ORB_good=137; ORB_inliers=135; ORB_inlier_ratio=0.9854,HIGH_CONFIDENCE_NEAR_DUPLICATE
Venomous/Spectacled Cobra/80098531.jpg,Spectacled Cobra,Venomous,test/Venomous_Snake/80098531.jpg,Venomous_Snake,TEST,0,0,HIGH_CONFIDENCE_NEAR_DUPLICATE,0,0.332857,0.998956,0.995069,0.999029,81,79,0.975309,CONFIRMED_NEAR_DUPLICATE,pHash=0; dHash=0; aHash=0; aspect_delta=0.3329; pixel_corr=0.9990; SSIM=0.9951; hist_corr=0.9990; ORB_good=81; ORB_inliers=79; ORB_inlier_ratio=0.9753,HIGH_CONFIDENCE_NEAR_DUPLICATE
Venomous/Spectacled Cobra/8043872884_7c772f915a_b.jpg,Spectacled Cobra,Venomous,train/Venomous_Snake/8043872884_7c772f915a_b.jpg,Venomous_Snake,TRAIN,0,0,HIGH_CONFIDENCE_NEAR_DUPLICATE,0,0.333008,0.999669,0.996989,0.998446,62,58,0.935484,CONFIRMED_NEAR_DUPLICATE,pHash=0; dHash=0; aHash=0; aspect_delta=0.3330; pixel_corr=0.9997; SSIM=0.9970; hist_corr=0.9984; ORB_good=62; ORB_inliers=58; ORB_inlier_ratio=0.9355,HIGH_CONFIDENCE_NEAR_DUPLICATE
Venomous/Spectacled Cobra/817-21250.jpg,Spectacled Cobra,Venomous,test/Venomous_Snake/817-21250.jpg,Venomous_Snake,TEST,0,0,HIGH_CONFIDENCE_NEAR_DUPLICATE,0,0.348,0.999848,0.998483,0.999043,34,33,0.970588,CONFIRMED_NEAR_DUPLICATE,pHash=0; dHash=0; aHash=0; aspect_delta=0.3480; pixel_corr=0.9998; SSIM=0.9985; hist_corr=0.9990; ORB_good=34; ORB_inliers=33; ORB_inlier_ratio=0.9706,HIGH_CONFIDENCE_NEAR_DUPLICATE
Venomous/Spectacled Cobra/817-21362.jpg,Spectacled Cobra,Venomous,train/Venomous_Snake/817-21362.jpg,Venomous_Snake,TRAIN,0,0,HIGH_CONFIDENCE_NEAR_DUPLICATE,1,0.354,0.999575,0.997906,0.998804,28,27,0.964286,CONFIRMED_NEAR_DUPLICATE,pHash=0; dHash=0; aHash=1; aspect_delta=0.3540; pixel_corr=0.9996; SSIM=0.9979; hist_corr=0.9988; ORB_good=28; ORB_inliers=27; ORB_inlier_ratio=0.9643,HIGH_CONFIDENCE_NEAR_DUPLICATE
Venomous/Spectacled Cobra/867036109_877165ada8_b.jpg,Spectacled Cobra,Venomous,train/Venomous_Snake/867036109_877165ada8_b.jpg,Venomous_Snake,TRAIN,0,0,HIGH_CONFIDENCE_NEAR_DUPLICATE,0,0.251953,0.999719,0.996942,0.998962,84,83,0.988095,CONFIRMED_NEAR_DUPLICATE,pHash=0; dHash=0; aHash=0; aspect_delta=0.2520; pixel_corr=0.9997; SSIM=0.9969; hist_corr=0.9990; ORB_good=84; ORB_inliers=83; ORB_inlier_ratio=0.9881,HIGH_CONFIDENCE_NEAR_DUPLICATE
Venomous/Spectacled Cobra/90202668.jpg,Spectacled Cobra,Venomous,test/Venomous_Snake/90202668.jpg,Venomous_Snake,TEST,0,0,HIGH_CONFIDENCE_NEAR_DUPLICATE,0,0.361429,0.999478,0.996953,0.999454,47,37,0.787234,CONFIRMED_NEAR_DUPLICATE,pHash=0; dHash=0; aHash=0; aspect_delta=0.3614; pixel_corr=0.9995; SSIM=0.9970; hist_corr=0.9995; ORB_good=47; ORB_inliers=37; ORB_inlier_ratio=0.7872,HIGH_CONFIDENCE_NEAR_DUPLICATE
Venomous/Spectacled Cobra/90215640.jpg,Spectacled Cobra,Venomous,test/Venomous_Snake/90215640.jpg,Venomous_Snake,TEST,0,0,HIGH_CONFIDENCE_NEAR_DUPLICATE,0,0.338571,0.999451,0.997059,0.995324,56,54,0.964286,CONFIRMED_NEAR_DUPLICATE,pHash=0; dHash=0; aHash=0; aspect_delta=0.3386; pixel_corr=0.9995; SSIM=0.9971; hist_corr=0.9953; ORB_good=56; ORB_inliers=54; ORB_inlier_ratio=0.9643,HIGH_CONFIDENCE_NEAR_DUPLICATE
Venomous/Spectacled Cobra/92.jpg,Spectacled Cobra,Venomous,test/Venomous_Snake/92.jpg,Venomous_Snake,TEST,0,0,HIGH_CONFIDENCE_NEAR_DUPLICATE,0,0.338824,0.999563,0.997561,0.996506,23,18,0.782609,CONFIRMED_NEAR_DUPLICATE,pHash=0; dHash=0; aHash=0; aspect_delta=0.3388; pixel_corr=0.9996; SSIM=0.9976; hist_corr=0.9965; ORB_good=23; ORB_inliers=18; ORB_inlier_ratio=0.7826,HIGH_CONFIDENCE_NEAR_DUPLICATE
Venomous/Spectacled Cobra/9289038011_1a31a0cac1_b.jpg,Spectacled Cobra,Venomous,train/Venomous_Snake/9289038011_1a31a0cac1_b.jpg,Venomous_Snake,TRAIN,0,1,HIGH_CONFIDENCE_NEAR_DUPLICATE,0,0.328125,0.999599,0.997651,0.999409,20,19,0.95,CONFIRMED_NEAR_DUPLICATE,pHash=0; dHash=1; aHash=0; aspect_delta=0.3281; pixel_corr=0.9996; SSIM=0.9977; hist_corr=0.9994; ORB_good=20; ORB_inliers=19; ORB_inlier_ratio=0.9500,HIGH_CONFIDENCE_NEAR_DUPLICATE
Venomous/Spectacled Cobra/9616250823_d6766e1c31_b.jpg,Spectacled Cobra,Venomous,train/Venomous_Snake/9616250823_d6766e1c31_b.jpg,Venomous_Snake,TRAIN,0,0,HIGH_CONFIDENCE_NEAR_DUPLICATE,0,0.332031,0.999691,0.997427,0.999803,37,36,0.972973,CONFIRMED_NEAR_DUPLICATE,pHash=0; dHash=0; aHash=0; aspect_delta=0.3320; pixel_corr=0.9997; SSIM=0.9974; hist_corr=0.9998; ORB_good=37; ORB_inliers=36; ORB_inlier_ratio=0.9730,HIGH_CONFIDENCE_NEAR_DUPLICATE
Venomous/Spectacled Cobra/9619492326_56aa145611_b.jpg,Spectacled Cobra,Venomous,train/Venomous_Snake/9619492326_56aa145611_b.jpg,Venomous_Snake,TRAIN,0,0,HIGH_CONFIDENCE_NEAR_DUPLICATE,0,0.667969,0.999552,0.997679,0.998134,3,0,0.0,POSSIBLE_NEAR_DUPLICATE,pHash=0; dHash=0; aHash=0; aspect_delta=0.6680; pixel_corr=0.9996; SSIM=0.9977; hist_corr=0.9981; ORB_good=3; ORB_inliers=0; ORB_inlier_ratio=0.0000,POSSIBLE_NEAR_DUPLICATE
Venomous/Spectacled Cobra/a28044f3db3d514d2fad5316904626c8_giant.jpg,Spectacled Cobra,Venomous,train/Venomous_Snake/a28044f3db3d514d2fad5316904626c8_giant.jpg,Venomous_Snake,TRAIN,0,0,HIGH_CONFIDENCE_NEAR_DUPLICATE,0,0.351,0.999613,0.997043,0.998251,11,7,0.636364,POSSIBLE_NEAR_DUPLICATE,pHash=0; dHash=0; aHash=0; aspect_delta=0.3510; pixel_corr=0.9996; SSIM=0.9970; hist_corr=0.9983; ORB_good=11; ORB_inliers=7; ORB_inlier_ratio=0.6364,POSSIBLE_NEAR_DUPLICATE
Venomous/Spectacled Cobra/adbfb6aa535e12ed6f14345bfa878456.jpg,Spectacled Cobra,Venomous,train/Venomous_Snake/adbfb6aa535e12ed6f14345bfa878456.jpg,Venomous_Snake,TRAIN,0,0,HIGH_CONFIDENCE_NEAR_DUPLICATE,0,0.25,0.999807,0.997589,0.999568,95,91,0.957895,CONFIRMED_NEAR_DUPLICATE,pHash=0; dHash=0; aHash=0; aspect_delta=0.2500; pixel_corr=0.9998; SSIM=0.9976; hist_corr=0.9996; ORB_good=95; ORB_inliers=91; ORB_inlier_ratio=0.9579,HIGH_CONFIDENCE_NEAR_DUPLICATE
Venomous/Spectacled Cobra/Amazing pictures animals photos Nature exotic incredible funny Zoo danger pics Indian cobra Naja naja Asian cobra spectacled cobra 4.jpg,Spectacled Cobra,Venomous,validation/Venomous_Snake/Amazing pictures animals photos Nature exotic incredible funny Zoo danger pics Indian cobra Naja naja Asian cobra spectacled cobra 4.jpg,Venomous_Snake,VALIDATION,0,0,HIGH_CONFIDENCE_NEAR_DUPLICATE,0,0.2375,0.999459,0.996715,0.999693,102,100,0.980392,CONFIRMED_NEAR_DUPLICATE,pHash=0; dHash=0; aHash=0; aspect_delta=0.2375; pixel_corr=0.9995; SSIM=0.9967; hist_corr=0.9997; ORB_good=102; ORB_inliers=100; ORB_inlier_ratio=0.9804,HIGH_CONFIDENCE_NEAR_DUPLICATE
Venomous/Spectacled Cobra/Amazing pictures animals photos Nature exotic incredible funny Zoo danger pics Indian cobra Naja naja Asian cobra spectacled cobra 5.jpg,Spectacled Cobra,Venomous,train/Venomous_Snake/Amazing pictures animals photos Nature exotic incredible funny Zoo danger pics Indian cobra Naja naja Asian cobra spectacled cobra 5.jpg,Venomous_Snake,TRAIN,0,0,HIGH_CONFIDENCE_NEAR_DUPLICATE,0,0.25,0.999796,0.998708,0.999655,210,210,1.0,CONFIRMED_NEAR_DUPLICATE,pHash=0; dHash=0; aHash=0; aspect_delta=0.2500; pixel_corr=0.9998; SSIM=0.9987; hist_corr=0.9997; ORB_good=210; ORB_inliers=210; ORB_inlier_ratio=1.0000,HIGH_CONFIDENCE_NEAR_DUPLICATE
Venomous/Spectacled Cobra/an-alert-indian-or-spectacled-cobra-naja-naja-c2an7a.jpg,Spectacled Cobra,Venomous,train/Venomous_Snake/an-alert-indian-or-spectacled-cobra-naja-naja-c2an7a.jpg,Venomous_Snake,TRAIN,0,0,HIGH_CONFIDENCE_NEAR_DUPLICATE,0,0.255556,0.999579,0.998574,0.996367,160,156,0.975,CONFIRMED_NEAR_DUPLICATE,pHash=0; dHash=0; aHash=0; aspect_delta=0.2556; pixel_corr=0.9996; SSIM=0.9986; hist_corr=0.9964; ORB_good=160; ORB_inliers=156; ORB_inlier_ratio=0.9750,HIGH_CONFIDENCE_NEAR_DUPLICATE
Venomous/Spectacled Cobra/an-indian-or-spectacled-cobra-naja-naja-hooding-details-of-the-back-a2c9e6.jpg,Spectacled Cobra,Venomous,train/Venomous_Snake/an-indian-or-spectacled-cobra-naja-naja-hooding-details-of-the-back-a2c9e6.jpg,Venomous_Snake,TRAIN,0,0,HIGH_CONFIDENCE_NEAR_DUPLICATE,0,0.368085,0.999779,0.998536,0.999017,10,7,0.7,POSSIBLE_NEAR_DUPLICATE,pHash=0; dHash=0; aHash=0; aspect_delta=0.3681; pixel_corr=0.9998; SSIM=0.9985; hist_corr=0.9990; ORB_good=10; ORB_inliers=7; ORB_inlier_ratio=0.7000,POSSIBLE_NEAR_DUPLICATE
Venomous/Spectacled Cobra/article-0-187EE811000005DC-242_634x594.jpg,Spectacled Cobra,Venomous,train/Venomous_Snake/article-0-187EE811000005DC-242_634x594.jpg,Venomous_Snake,TRAIN,0,0,HIGH_CONFIDENCE_NEAR_DUPLICATE,0,0.063091,0.999706,0.996294,0.999794,218,203,0.931193,CONFIRMED_NEAR_DUPLICATE,pHash=0; dHash=0; aHash=0; aspect_delta=0.0631; pixel_corr=0.9997; SSIM=0.9963; hist_corr=0.9998; ORB_good=218; ORB_inliers=203; ORB_inlier_ratio=0.9312,HIGH_CONFIDENCE_NEAR_DUPLICATE
Venomous/Spectacled Cobra/cape-fear-serpentarium.jpg,Spectacled Cobra,Venomous,train/Venomous_Snake/cape-fear-serpentarium.jpg,Venomous_Snake,TRAIN,0,0,HIGH_CONFIDENCE_NEAR_DUPLICATE,0,0.252727,0.999872,0.996979,0.999773,150,141,0.94,CONFIRMED_NEAR_DUPLICATE,pHash=0; dHash=0; aHash=0; aspect_delta=0.2527; pixel_corr=0.9999; SSIM=0.9970; hist_corr=0.9998; ORB_good=150; ORB_inliers=141; ORB_inlier_ratio=0.9400,HIGH_CONFIDENCE_NEAR_DUPLICATE
Venomous/Spectacled Cobra/Cobra 2.jpg,Spectacled Cobra,Venomous,train/Venomous_Snake/Cobra 2.jpg,Venomous_Snake,TRAIN,0,0,HIGH_CONFIDENCE_NEAR_DUPLICATE,0,0.33008,0.999844,0.99697,0.999629,34,28,0.823529,CONFIRMED_NEAR_DUPLICATE,pHash=0; dHash=0; aHash=0; aspect_delta=0.3301; pixel_corr=0.9998; SSIM=0.9970; hist_corr=0.9996; ORB_good=34; ORB_inliers=28; ORB_inlier_ratio=0.8235,HIGH_CONFIDENCE_NEAR_DUPLICATE
Venomous/Spectacled Cobra/cobra-00.jpg,Spectacled Cobra,Venomous,train/Venomous_Snake/cobra-00.jpg,Venomous_Snake,TRAIN,0,0,HIGH_CONFIDENCE_NEAR_DUPLICATE,0,0.332727,0.999777,0.998591,0.999001,93,90,0.967742,CONFIRMED_NEAR_DUPLICATE,pHash=0; dHash=0; aHash=0; aspect_delta=0.3327; pixel_corr=0.9998; SSIM=0.9986; hist_corr=0.9990; ORB_good=93; ORB_inliers=90; ORB_inlier_ratio=0.9677,HIGH_CONFIDENCE_NEAR_DUPLICATE
Venomous/Spectacled Cobra/cobra-07.jpg,Spectacled Cobra,Venomous,train/Venomous_Snake/cobra-07.jpg,Venomous_Snake,TRAIN,0,0,HIGH_CONFIDENCE_NEAR_DUPLICATE,0,0.309586,0.999494,0.997291,0.998617,1,0,0.0,POSSIBLE_NEAR_DUPLICATE,pHash=0; dHash=0; aHash=0; aspect_delta=0.3096; pixel_corr=0.9995; SSIM=0.9973; hist_corr=0.9986; ORB_good=1; ORB_inliers=0; ORB_inlier_ratio=0.0000,POSSIBLE_NEAR_DUPLICATE
Venomous/Spectacled Cobra/cobra-18-300x200.jpg,Spectacled Cobra,Venomous,train/Venomous_Snake/cobra-18-300x200.jpg,Venomous_Snake,TRAIN,0,0,HIGH_CONFIDENCE_NEAR_DUPLICATE,0,0.333333,0.999603,0.997644,0.999896,40,35,0.875,CONFIRMED_NEAR_DUPLICATE,pHash=0; dHash=0; aHash=0; aspect_delta=0.3333; pixel_corr=0.9996; SSIM=0.9976; hist_corr=0.9999; ORB_good=40; ORB_inliers=35; ORB_inlier_ratio=0.8750,HIGH_CONFIDENCE_NEAR_DUPLICATE
Venomous/Spectacled Cobra/cobra-22.jpg,Spectacled Cobra,Venomous,train/Venomous_Snake/cobra-22.jpg,Venomous_Snake,TRAIN,0,0,HIGH_CONFIDENCE_NEAR_DUPLICATE,1,0.332727,0.99977,0.998309,0.999657,82,78,0.95122,CONFIRMED_NEAR_DUPLICATE,pHash=0; dHash=0; aHash=1; aspect_delta=0.3327; pixel_corr=0.9998; SSIM=0.9983; hist_corr=0.9997; ORB_good=82; ORB_inliers=78; ORB_inlier_ratio=0.9512,HIGH_CONFIDENCE_NEAR_DUPLICATE
Venomous/Spectacled Cobra/cobra-23.jpg,Spectacled Cobra,Venomous,train/Venomous_Snake/cobra-23.jpg,Venomous_Snake,TRAIN,0,0,HIGH_CONFIDENCE_NEAR_DUPLICATE,1,0.0,0.999574,0.997131,0.99996,324,321,0.990741,CONFIRMED_NEAR_DUPLICATE,pHash=0; dHash=0; aHash=1; aspect_delta=0.0000; pixel_corr=0.9996; SSIM=0.9971; hist_corr=1.0000; ORB_good=324; ORB_inliers=321; ORB_inlier_ratio=0.9907,HIGH_CONFIDENCE_NEAR_DUPLICATE
Venomous/Spectacled Cobra/cobra-24.jpg,Spectacled Cobra,Venomous,validation/Venomous_Snake/cobra-24.jpg,Venomous_Snake,VALIDATION,0,0,HIGH_CONFIDENCE_NEAR_DUPLICATE,1,0.332727,0.998681,0.995173,0.999573,55,52,0.945455,CONFIRMED_NEAR_DUPLICATE,pHash=0; dHash=0; aHash=1; aspect_delta=0.3327; pixel_corr=0.9987; SSIM=0.9952; hist_corr=0.9996; ORB_good=55; ORB_inliers=52; ORB_inlier_ratio=0.9455,HIGH_CONFIDENCE_NEAR_DUPLICATE
Venomous/Spectacled Cobra/cobra-28.jpg,Spectacled Cobra,Venomous,train/Venomous_Snake/cobra-28.jpg,Venomous_Snake,TRAIN,0,0,HIGH_CONFIDENCE_NEAR_DUPLICATE,0,0.249091,0.999466,0.997342,0.999435,178,176,0.988764,CONFIRMED_NEAR_DUPLICATE,pHash=0; dHash=0; aHash=0; aspect_delta=0.2491; pixel_corr=0.9995; SSIM=0.9973; hist_corr=0.9994; ORB_good=178; ORB_inliers=176; ORB_inlier_ratio=0.9888,HIGH_CONFIDENCE_NEAR_DUPLICATE
Venomous/Spectacled Cobra/Cobra-3-412x550.jpg,Spectacled Cobra,Venomous,train/Venomous_Snake/Cobra-3-412x550.jpg,Venomous_Snake,TRAIN,0,0,HIGH_CONFIDENCE_NEAR_DUPLICATE,0,0.250909,0.999438,0.997845,0.999337,170,168,0.988235,CONFIRMED_NEAR_DUPLICATE,pHash=0; dHash=0; aHash=0; aspect_delta=0.2509; pixel_corr=0.9994; SSIM=0.9978; hist_corr=0.9993; ORB_good=170; ORB_inliers=168; ORB_inlier_ratio=0.9882,HIGH_CONFIDENCE_NEAR_DUPLICATE
Venomous/Spectacled Cobra/cobra-close-up.jpg,Spectacled Cobra,Venomous,train/Venomous_Snake/cobra-close-up.jpg,Venomous_Snake,TRAIN,0,0,HIGH_CONFIDENCE_NEAR_DUPLICATE,0,0.010183,0.999748,0.998229,0.999691,503,501,0.996024,CONFIRMED_NEAR_DUPLICATE,pHash=0; dHash=0; aHash=0; aspect_delta=0.0102; pixel_corr=0.9997; SSIM=0.9982; hist_corr=0.9997; ORB_good=503; ORB_inliers=501; ORB_inlier_ratio=0.9960,HIGH_CONFIDENCE_NEAR_DUPLICATE
Venomous/Spectacled Cobra/Cobra-Hood.jpg,Spectacled Cobra,Venomous,train/Venomous_Snake/Cobra-Hood.jpg,Venomous_Snake,TRAIN,0,0,HIGH_CONFIDENCE_NEAR_DUPLICATE,0,0.333984,0.999528,0.997547,0.999561,83,75,0.903614,CONFIRMED_NEAR_DUPLICATE,pHash=0; dHash=0; aHash=0; aspect_delta=0.3340; pixel_corr=0.9995; SSIM=0.9975; hist_corr=0.9996; ORB_good=83; ORB_inliers=75; ORB_inlier_ratio=0.9036,HIGH_CONFIDENCE_NEAR_DUPLICATE
Venomous/Spectacled Cobra/cobra-india.jpg,Spectacled Cobra,Venomous,train/Venomous_Snake/cobra-india.jpg,Venomous_Snake,TRAIN,0,2,HIGH_CONFIDENCE_NEAR_DUPLICATE,0,0.153439,0.999575,0.996637,0.999632,127,101,0.795276,CONFIRMED_NEAR_DUPLICATE,pHash=0; dHash=2; aHash=0; aspect_delta=0.1534; pixel_corr=0.9996; SSIM=0.9966; hist_corr=0.9996; ORB_good=127; ORB_inliers=101; ORB_inlier_ratio=0.7953,HIGH_CONFIDENCE_NEAR_DUPLICATE
Venomous/Spectacled Cobra/cobra-snake-in-a-basket-with-money-rajasthan-india-et0tpk.jpg,Spectacled Cobra,Venomous,train/Venomous_Snake/cobra-snake-in-a-basket-with-money-rajasthan-india-et0tpk.jpg,Venomous_Snake,TRAIN,0,0,HIGH_CONFIDENCE_NEAR_DUPLICATE,0,0.301563,0.999647,0.996679,0.999623,132,129,0.977273,CONFIRMED_NEAR_DUPLICATE,pHash=0; dHash=0; aHash=0; aspect_delta=0.3016; pixel_corr=0.9996; SSIM=0.9967; hist_corr=0.9996; ORB_good=132; ORB_inliers=129; ORB_inlier_ratio=0.9773,HIGH_CONFIDENCE_NEAR_DUPLICATE
Venomous/Spectacled Cobra/cobra.jpg,Spectacled Cobra,Venomous,train/Venomous_Snake/cobra (2).jpg,Venomous_Snake,TRAIN,0,0,HIGH_CONFIDENCE_NEAR_DUPLICATE,0,0.249597,0.999848,0.998072,0.999831,119,117,0.983193,CONFIRMED_NEAR_DUPLICATE,pHash=0; dHash=0; aHash=0; aspect_delta=0.2496; pixel_corr=0.9998; SSIM=0.9981; hist_corr=0.9998; ORB_good=119; ORB_inliers=117; ORB_inlier_ratio=0.9832,HIGH_CONFIDENCE_NEAR_DUPLICATE
Venomous/Spectacled Cobra/cobra2.jpg,Spectacled Cobra,Venomous,validation/Venomous_Snake/cobra2.jpg,Venomous_Snake,VALIDATION,0,1,HIGH_CONFIDENCE_NEAR_DUPLICATE,0,0.415625,0.999189,0.996436,0.99334,22,16,0.727273,CONFIRMED_NEAR_DUPLICATE,pHash=0; dHash=1; aHash=0; aspect_delta=0.4156; pixel_corr=0.9992; SSIM=0.9964; hist_corr=0.9933; ORB_good=22; ORB_inliers=16; ORB_inlier_ratio=0.7273,HIGH_CONFIDENCE_NEAR_DUPLICATE
Venomous/Spectacled Cobra/cobra_001.jpg,Spectacled Cobra,Venomous,train/Venomous_Snake/cobra_001 (2).jpg,Venomous_Snake,TRAIN,2,1,HIGH_CONFIDENCE_NEAR_DUPLICATE,0,0.063232,0.999493,0.995752,0.999558,506,502,0.992095,CONFIRMED_NEAR_DUPLICATE,pHash=2; dHash=1; aHash=0; aspect_delta=0.0632; pixel_corr=0.9995; SSIM=0.9958; hist_corr=0.9996; ORB_good=506; ORB_inliers=502; ORB_inlier_ratio=0.9921,HIGH_CONFIDENCE_NEAR_DUPLICATE
Venomous/Spectacled Cobra/cobra_042611-10.jpg,Spectacled Cobra,Venomous,train/Venomous_Snake/cobra_042611-10.jpg,Venomous_Snake,TRAIN,0,2,HIGH_CONFIDENCE_NEAR_DUPLICATE,0,0.332727,0.999692,0.998385,0.997545,94,93,0.989362,CONFIRMED_NEAR_DUPLICATE,pHash=0; dHash=2; aHash=0; aspect_delta=0.3327; pixel_corr=0.9997; SSIM=0.9984; hist_corr=0.9975; ORB_good=94; ORB_inliers=93; ORB_inlier_ratio=0.9894,HIGH_CONFIDENCE_NEAR_DUPLICATE
Venomous/Spectacled Cobra/cobra_042611-11.jpg,Spectacled Cobra,Venomous,train/Venomous_Snake/cobra_042611-11.jpg,Venomous_Snake,TRAIN,0,0,HIGH_CONFIDENCE_NEAR_DUPLICATE,0,0.327273,0.999625,0.996885,0.99783,68,66,0.970588,CONFIRMED_NEAR_DUPLICATE,pHash=0; dHash=0; aHash=0; aspect_delta=0.3273; pixel_corr=0.9996; SSIM=0.9969; hist_corr=0.9978; ORB_good=68; ORB_inliers=66; ORB_inlier_ratio=0.9706,HIGH_CONFIDENCE_NEAR_DUPLICATE
Venomous/Spectacled Cobra/cobra_042611-12.jpg,Spectacled Cobra,Venomous,validation/Venomous_Snake/cobra_042611-12.jpg,Venomous_Snake,VALIDATION,0,0,HIGH_CONFIDENCE_NEAR_DUPLICATE,0,0.332727,0.999677,0.996997,0.999771,79,72,0.911392,CONFIRMED_NEAR_DUPLICATE,pHash=0; dHash=0; aHash=0; aspect_delta=0.3327; pixel_corr=0.9997; SSIM=0.9970; hist_corr=0.9998; ORB_good=79; ORB_inliers=72; ORB_inlier_ratio=0.9114,HIGH_CONFIDENCE_NEAR_DUPLICATE
Venomous/Spectacled Cobra/cobra_042611-13.jpg,Spectacled Cobra,Venomous,train/Venomous_Snake/cobra_042611-13.jpg,Venomous_Snake,TRAIN,0,0,HIGH_CONFIDENCE_NEAR_DUPLICATE,0,0.421818,0.999601,0.998143,0.999063,33,28,0.848485,CONFIRMED_NEAR_DUPLICATE,pHash=0; dHash=0; aHash=0; aspect_delta=0.4218; pixel_corr=0.9996; SSIM=0.9981; hist_corr=0.9991; ORB_good=33; ORB_inliers=28; ORB_inlier_ratio=0.8485,HIGH_CONFIDENCE_NEAR_DUPLICATE
Venomous/Spectacled Cobra/cobra_042611-2.jpg,Spectacled Cobra,Venomous,train/Venomous_Snake/cobra_042611-2.jpg,Venomous_Snake,TRAIN,0,0,HIGH_CONFIDENCE_NEAR_DUPLICATE,0,0.332727,0.998723,0.996935,0.9939,28,27,0.964286,CONFIRMED_NEAR_DUPLICATE,pHash=0; dHash=0; aHash=0; aspect_delta=0.3327; pixel_corr=0.9987; SSIM=0.9969; hist_corr=0.9939; ORB_good=28; ORB_inliers=27; ORB_inlier_ratio=0.9643,HIGH_CONFIDENCE_NEAR_DUPLICATE
Venomous/Spectacled Cobra/cobra_042611-8.jpg,Spectacled Cobra,Venomous,train/Venomous_Snake/cobra_042611-8.jpg,Venomous_Snake,TRAIN,0,0,HIGH_CONFIDENCE_NEAR_DUPLICATE,0,0.518182,0.999422,0.998421,0.998065,5,4,0.8,POSSIBLE_NEAR_DUPLICATE,pHash=0; dHash=0; aHash=0; aspect_delta=0.5182; pixel_corr=0.9994; SSIM=0.9984; hist_corr=0.9981; ORB_good=5; ORB_inliers=4; ORB_inlier_ratio=0.8000,POSSIBLE_NEAR_DUPLICATE
Venomous/Spectacled Cobra/Cobra_False 9700_fcw.jpg,Spectacled Cobra,Venomous,train/Venomous_Snake/Cobra_False 9700_fcw.jpg,Venomous_Snake,TRAIN,0,0,HIGH_CONFIDENCE_NEAR_DUPLICATE,0,0.28,0.999773,0.998593,0.999636,92,91,0.98913,CONFIRMED_NEAR_DUPLICATE,pHash=0; dHash=0; aHash=0; aspect_delta=0.2800; pixel_corr=0.9998; SSIM=0.9986; hist_corr=0.9996; ORB_good=92; ORB_inliers=91; ORB_inlier_ratio=0.9891,HIGH_CONFIDENCE_NEAR_DUPLICATE
Venomous/Spectacled Cobra/Cobra_Spectacled 4589_fcw.jpg,Spectacled Cobra,Venomous,train/Venomous_Snake/Cobra_Spectacled 4589_fcw.jpg,Venomous_Snake,TRAIN,0,0,HIGH_CONFIDENCE_NEAR_DUPLICATE,0,0.214063,0.999293,0.996663,0.999912,188,188,1.0,CONFIRMED_NEAR_DUPLICATE,pHash=0; dHash=0; aHash=0; aspect_delta=0.2141; pixel_corr=0.9993; SSIM=0.9967; hist_corr=0.9999; ORB_good=188; ORB_inliers=188; ORB_inlier_ratio=1.0000,HIGH_CONFIDENCE_NEAR_DUPLICATE
Venomous/Spectacled Cobra/dscn2969.jpg,Spectacled Cobra,Venomous,train/Venomous_Snake/dscn2969.jpg,Venomous_Snake,TRAIN,0,0,HIGH_CONFIDENCE_NEAR_DUPLICATE,0,0.25,0.999631,0.996801,0.999317,1,0,0.0,POSSIBLE_NEAR_DUPLICATE,pHash=0; dHash=0; aHash=0; aspect_delta=0.2500; pixel_corr=0.9996; SSIM=0.9968; hist_corr=0.9993; ORB_good=1; ORB_inliers=0; ORB_inlier_ratio=0.0000,POSSIBLE_NEAR_DUPLICATE
Venomous/Spectacled Cobra/ee3e9db881e4fbdde1e5cd3568b7aaa1.jpg,Spectacled Cobra,Venomous,train/Venomous_Snake/ee3e9db881e4fbdde1e5cd3568b7aaa1.jpg,Venomous_Snake,TRAIN,0,0,HIGH_CONFIDENCE_NEAR_DUPLICATE,0,0.25,0.999842,0.998656,0.999053,94,85,0.904255,CONFIRMED_NEAR_DUPLICATE,pHash=0; dHash=0; aHash=0; aspect_delta=0.2500; pixel_corr=0.9998; SSIM=0.9987; hist_corr=0.9991; ORB_good=94; ORB_inliers=85; ORB_inlier_ratio=0.9043,HIGH_CONFIDENCE_NEAR_DUPLICATE
Venomous/Spectacled Cobra/Events-4313-1024x577.jpg,Spectacled Cobra,Venomous,train/Venomous_Snake/Events-4313-1024x577.jpg,Venomous_Snake,TRAIN,0,0,HIGH_CONFIDENCE_NEAR_DUPLICATE,0,0.436523,0.999657,0.995118,0.999978,21,17,0.809524,CONFIRMED_NEAR_DUPLICATE,pHash=0; dHash=0; aHash=0; aspect_delta=0.4365; pixel_corr=0.9997; SSIM=0.9951; hist_corr=1.0000; ORB_good=21; ORB_inliers=17; ORB_inlier_ratio=0.8095,HIGH_CONFIDENCE_NEAR_DUPLICATE
Venomous/Spectacled Cobra/f12e57eaac8a1ef7c70ae60dbfa2a8ca--king-cobra-snakes.jpg,Spectacled Cobra,Venomous,train/Venomous_Snake/f12e57eaac8a1ef7c70ae60dbfa2a8ca--king-cobra-snakes.jpg,Venomous_Snake,TRAIN,2,0,HIGH_CONFIDENCE_NEAR_DUPLICATE,0,0.248408,0.998614,0.996727,0.999957,128,119,0.929688,CONFIRMED_NEAR_DUPLICATE,pHash=2; dHash=0; aHash=0; aspect_delta=0.2484; pixel_corr=0.9986; SSIM=0.9967; hist_corr=1.0000; ORB_good=128; ORB_inliers=119; ORB_inlier_ratio=0.9297,HIGH_CONFIDENCE_NEAR_DUPLICATE
Venomous/Spectacled Cobra/f5f5410cbb701105a26085bc85090b0a--pretty-animals-reptiles-and-amphibians.jpg,Spectacled Cobra,Venomous,train/Venomous_Snake/f5f5410cbb701105a26085bc85090b0a--pretty-animals-reptiles-and-amphibians.jpg,Venomous_Snake,TRAIN,0,0,HIGH_CONFIDENCE_NEAR_DUPLICATE,0,0.33574,0.999786,0.99785,0.99919,15,10,0.666667,LIKELY_NEAR_DUPLICATE,pHash=0; dHash=0; aHash=0; aspect_delta=0.3357; pixel_corr=0.9998; SSIM=0.9979; hist_corr=0.9992; ORB_good=15; ORB_inliers=10; ORB_inlier_ratio=0.6667,POSSIBLE_NEAR_DUPLICATE
"Venomous/Spectacled Cobra/flat,1000x1000,075,f.jpg",Spectacled Cobra,Venomous,"train/Venomous_Snake/flat,1000x1000,075,f.jpg",Venomous_Snake,TRAIN,0,0,HIGH_CONFIDENCE_NEAR_DUPLICATE,0,0.333,0.999134,0.996745,0.999587,33,30,0.909091,CONFIRMED_NEAR_DUPLICATE,pHash=0; dHash=0; aHash=0; aspect_delta=0.3330; pixel_corr=0.9991; SSIM=0.9967; hist_corr=0.9996; ORB_good=33; ORB_inliers=30; ORB_inlier_ratio=0.9091,HIGH_CONFIDENCE_NEAR_DUPLICATE
Venomous/Spectacled Cobra/hqdefault.jpg,Spectacled Cobra,Venomous,train/Venomous_Snake/hqdefault (5).jpg,Venomous_Snake,TRAIN,0,0,HIGH_CONFIDENCE_NEAR_DUPLICATE,0,0.25,0.999649,0.998312,0.99983,179,172,0.960894,CONFIRMED_NEAR_DUPLICATE,pHash=0; dHash=0; aHash=0; aspect_delta=0.2500; pixel_corr=0.9996; SSIM=0.9983; hist_corr=0.9998; ORB_good=179; ORB_inliers=172; ORB_inlier_ratio=0.9609,HIGH_CONFIDENCE_NEAR_DUPLICATE
Venomous/Spectacled Cobra/hqdefault_001.jpg,Spectacled Cobra,Venomous,train/Venomous_Snake/hqdefault_001.jpg,Venomous_Snake,TRAIN,0,0,HIGH_CONFIDENCE_NEAR_DUPLICATE,0,0.25,0.999875,0.997528,0.999891,171,167,0.976608,CONFIRMED_NEAR_DUPLICATE,pHash=0; dHash=0; aHash=0; aspect_delta=0.2500; pixel_corr=0.9999; SSIM=0.9975; hist_corr=0.9999; ORB_good=171; ORB_inliers=167; ORB_inlier_ratio=0.9766,HIGH_CONFIDENCE_NEAR_DUPLICATE
Venomous/Spectacled Cobra/hqdefault_003.jpg,Spectacled Cobra,Venomous,train/Venomous_Snake/hqdefault_003 (4).jpg,Venomous_Snake,TRAIN,0,1,HIGH_CONFIDENCE_NEAR_DUPLICATE,0,0.25,0.99976,0.995822,0.999856,236,227,0.961864,CONFIRMED_NEAR_DUPLICATE,pHash=0; dHash=1; aHash=0; aspect_delta=0.2500; pixel_corr=0.9998; SSIM=0.9958; hist_corr=0.9999; ORB_good=236; ORB_inliers=227; ORB_inlier_ratio=0.9619,HIGH_CONFIDENCE_NEAR_DUPLICATE
Venomous/Spectacled Cobra/hqdefault_004.jpg,Spectacled Cobra,Venomous,train/Venomous_Snake/hqdefault_004 (3).jpg,Venomous_Snake,TRAIN,0,0,HIGH_CONFIDENCE_NEAR_DUPLICATE,0,0.25,0.999338,0.997258,0.999842,234,231,0.987179,CONFIRMED_NEAR_DUPLICATE,pHash=0; dHash=0; aHash=0; aspect_delta=0.2500; pixel_corr=0.9993; SSIM=0.9973; hist_corr=0.9998; ORB_good=234; ORB_inliers=231; ORB_inlier_ratio=0.9872,HIGH_CONFIDENCE_NEAR_DUPLICATE
Venomous/Spectacled Cobra/hqdefault_005.jpg,Spectacled Cobra,Venomous,validation/Venomous_Snake/hqdefault_005 (3).jpg,Venomous_Snake,VALIDATION,0,0,HIGH_CONFIDENCE_NEAR_DUPLICATE,0,0.25,0.999963,0.998442,0.999931,267,260,0.973783,CONFIRMED_NEAR_DUPLICATE,pHash=0; dHash=0; aHash=0; aspect_delta=0.2500; pixel_corr=1.0000; SSIM=0.9984; hist_corr=0.9999; ORB_good=267; ORB_inliers=260; ORB_inlier_ratio=0.9738,HIGH_CONFIDENCE_NEAR_DUPLICATE
Venomous/Spectacled Cobra/ika-80438-reptiles-snakes-cobra-indian-spectacled-cobra-naja-naja-CE8PWP.jpg,Spectacled Cobra,Venomous,validation/Venomous_Snake/ika-80438-reptiles-snakes-cobra-indian-spectacled-cobra-naja-naja-CE8PWP.jpg,Venomous_Snake,VALIDATION,0,1,HIGH_CONFIDENCE_NEAR_DUPLICATE,0,0.370504,0.998596,0.997281,0.995352,14,13,0.928571,POSSIBLE_NEAR_DUPLICATE,pHash=0; dHash=1; aHash=0; aspect_delta=0.3705; pixel_corr=0.9986; SSIM=0.9973; hist_corr=0.9954; ORB_good=14; ORB_inliers=13; ORB_inlier_ratio=0.9286,POSSIBLE_NEAR_DUPLICATE
Venomous/Spectacled Cobra/image306.jpg,Spectacled Cobra,Venomous,train/Venomous_Snake/image306.jpg,Venomous_Snake,TRAIN,0,1,HIGH_CONFIDENCE_NEAR_DUPLICATE,0,0.249428,0.99889,0.996448,0.99988,153,146,0.954248,CONFIRMED_NEAR_DUPLICATE,pHash=0; dHash=1; aHash=0; aspect_delta=0.2494; pixel_corr=0.9989; SSIM=0.9964; hist_corr=0.9999; ORB_good=153; ORB_inliers=146; ORB_inlier_ratio=0.9542,HIGH_CONFIDENCE_NEAR_DUPLICATE
Venomous/Spectacled Cobra/IMG_1494.jpg,Spectacled Cobra,Venomous,validation/Venomous_Snake/IMG_1494.jpg,Venomous_Snake,VALIDATION,0,1,HIGH_CONFIDENCE_NEAR_DUPLICATE,0,0.095,0.999341,0.996395,0.999806,43,42,0.976744,CONFIRMED_NEAR_DUPLICATE,pHash=0; dHash=1; aHash=0; aspect_delta=0.0950; pixel_corr=0.9993; SSIM=0.9964; hist_corr=0.9998; ORB_good=43; ORB_inliers=42; ORB_inlier_ratio=0.9767,HIGH_CONFIDENCE_NEAR_DUPLICATE
Venomous/Spectacled Cobra/IMG_3067_1-5.jpg,Spectacled Cobra,Venomous,train/Venomous_Snake/IMG_3067_1-5.jpg,Venomous_Snake,TRAIN,0,1,HIGH_CONFIDENCE_NEAR_DUPLICATE,0,0.333333,0.999591,0.99675,0.999814,23,20,0.869565,CONFIRMED_NEAR_DUPLICATE,pHash=0; dHash=1; aHash=0; aspect_delta=0.3333; pixel_corr=0.9996; SSIM=0.9967; hist_corr=0.9998; ORB_good=23; ORB_inliers=20; ORB_inlier_ratio=0.8696,HIGH_CONFIDENCE_NEAR_DUPLICATE
Venomous/Spectacled Cobra/IMG_3074_1.jpg,Spectacled Cobra,Venomous,train/Venomous_Snake/IMG_3074_1.jpg,Venomous_Snake,TRAIN,0,0,HIGH_CONFIDENCE_NEAR_DUPLICATE,0,0.333333,0.999798,0.997451,0.999315,22,19,0.863636,CONFIRMED_NEAR_DUPLICATE,pHash=0; dHash=0; aHash=0; aspect_delta=0.3333; pixel_corr=0.9998; SSIM=0.9975; hist_corr=0.9993; ORB_good=22; ORB_inliers=19; ORB_inlier_ratio=0.8636,HIGH_CONFIDENCE_NEAR_DUPLICATE
Venomous/Spectacled Cobra/IMG_3863-2.jpg,Spectacled Cobra,Venomous,train/Venomous_Snake/IMG_3863-2.jpg,Venomous_Snake,TRAIN,0,0,HIGH_CONFIDENCE_NEAR_DUPLICATE,0,0.357108,0.999184,0.995507,0.997885,3,0,0.0,POSSIBLE_NEAR_DUPLICATE,pHash=0; dHash=0; aHash=0; aspect_delta=0.3571; pixel_corr=0.9992; SSIM=0.9955; hist_corr=0.9979; ORB_good=3; ORB_inliers=0; ORB_inlier_ratio=0.0000,POSSIBLE_NEAR_DUPLICATE
Venomous/Spectacled Cobra/IMG_5785.jpg,Spectacled Cobra,Venomous,train/Venomous_Snake/IMG_5785.jpg,Venomous_Snake,TRAIN,0,0,HIGH_CONFIDENCE_NEAR_DUPLICATE,0,0.333125,0.999661,0.995793,0.999526,15,14,0.933333,LIKELY_NEAR_DUPLICATE,pHash=0; dHash=0; aHash=0; aspect_delta=0.3331; pixel_corr=0.9997; SSIM=0.9958; hist_corr=0.9995; ORB_good=15; ORB_inliers=14; ORB_inlier_ratio=0.9333,POSSIBLE_NEAR_DUPLICATE
Venomous/Spectacled Cobra/IMG_5793.preview.jpg,Spectacled Cobra,Venomous,train/Venomous_Snake/IMG_5793.preview.jpg,Venomous_Snake,TRAIN,0,0,HIGH_CONFIDENCE_NEAR_DUPLICATE,0,0.334375,0.999721,0.995558,0.999723,63,58,0.920635,CONFIRMED_NEAR_DUPLICATE,pHash=0; dHash=0; aHash=0; aspect_delta=0.3344; pixel_corr=0.9997; SSIM=0.9956; hist_corr=0.9997; ORB_good=63; ORB_inliers=58; ORB_inlier_ratio=0.9206,HIGH_CONFIDENCE_NEAR_DUPLICATE
Venomous/Spectacled Cobra/IMG_5971-2.jpg,Spectacled Cobra,Venomous,train/Venomous_Snake/IMG_5971-2.jpg,Venomous_Snake,TRAIN,0,0,HIGH_CONFIDENCE_NEAR_DUPLICATE,0,0.318699,0.999835,0.997081,0.999656,6,0,0.0,POSSIBLE_NEAR_DUPLICATE,pHash=0; dHash=0; aHash=0; aspect_delta=0.3187; pixel_corr=0.9998; SSIM=0.9971; hist_corr=0.9997; ORB_good=6; ORB_inliers=0; ORB_inlier_ratio=0.0000,POSSIBLE_NEAR_DUPLICATE
Venomous/Spectacled Cobra/Indian Spectacled Cobra.jpg,Spectacled Cobra,Venomous,validation/Venomous_Snake/Indian Spectacled Cobra.jpg,Venomous_Snake,VALIDATION,0,0,HIGH_CONFIDENCE_NEAR_DUPLICATE,0,0.246,0.999763,0.998329,0.999648,177,161,0.909605,CONFIRMED_NEAR_DUPLICATE,pHash=0; dHash=0; aHash=0; aspect_delta=0.2460; pixel_corr=0.9998; SSIM=0.9983; hist_corr=0.9996; ORB_good=177; ORB_inliers=161; ORB_inlier_ratio=0.9096,HIGH_CONFIDENCE_NEAR_DUPLICATE
Venomous/Spectacled Cobra/indian-cobra-20569186.jpg,Spectacled Cobra,Venomous,train/Venomous_Snake/indian-cobra-20569186.jpg,Venomous_Snake,TRAIN,0,1,HIGH_CONFIDENCE_NEAR_DUPLICATE,0,0.335556,0.999495,0.996849,0.998291,37,33,0.891892,CONFIRMED_NEAR_DUPLICATE,pHash=0; dHash=1; aHash=0; aspect_delta=0.3356; pixel_corr=0.9995; SSIM=0.9968; hist_corr=0.9983; ORB_good=37; ORB_inliers=33; ORB_inlier_ratio=0.8919,HIGH_CONFIDENCE_NEAR_DUPLICATE
Venomous/Spectacled Cobra/indian-cobra-asian-cobra-or-spectacled-cobra-naja-naja-in-a-snake-EB2R58.jpg,Spectacled Cobra,Venomous,train/Venomous_Snake/indian-cobra-asian-cobra-or-spectacled-cobra-naja-naja-in-a-snake-EB2R58.jpg,Venomous_Snake,TRAIN,0,0,HIGH_CONFIDENCE_NEAR_DUPLICATE,0,0.377698,0.999412,0.996785,0.998817,9,6,0.666667,POSSIBLE_NEAR_DUPLICATE,pHash=0; dHash=0; aHash=0; aspect_delta=0.3777; pixel_corr=0.9994; SSIM=0.9968; hist_corr=0.9988; ORB_good=9; ORB_inliers=6; ORB_inlier_ratio=0.6667,POSSIBLE_NEAR_DUPLICATE
Venomous/Spectacled Cobra/indian-cobra-asian-cobra-or-spectacled-cobra-naja-naja-in-a-snake-eb2r58_001.jpg,Spectacled Cobra,Venomous,train/Venomous_Snake/indian-cobra-asian-cobra-or-spectacled-cobra-naja-naja-in-a-snake-eb2r58_001.jpg,Venomous_Snake,TRAIN,0,0,HIGH_CONFIDENCE_NEAR_DUPLICATE,0,0.359259,0.999454,0.997172,0.998495,48,44,0.916667,CONFIRMED_NEAR_DUPLICATE,pHash=0; dHash=0; aHash=0; aspect_delta=0.3593; pixel_corr=0.9995; SSIM=0.9972; hist_corr=0.9985; ORB_good=48; ORB_inliers=44; ORB_inlier_ratio=0.9167,HIGH_CONFIDENCE_NEAR_DUPLICATE
Venomous/Spectacled Cobra/indian-cobra-asian-cobra-or-spectacled-cobra-naja-naja-in-a-snake-EB2T9E.jpg,Spectacled Cobra,Venomous,validation/Venomous_Snake/indian-cobra-asian-cobra-or-spectacled-cobra-naja-naja-in-a-snake-EB2T9E.jpg,Venomous_Snake,VALIDATION,0,0,HIGH_CONFIDENCE_NEAR_DUPLICATE,0,0.377698,0.999463,0.996698,0.99889,9,9,1.0,POSSIBLE_NEAR_DUPLICATE,pHash=0; dHash=0; aHash=0; aspect_delta=0.3777; pixel_corr=0.9995; SSIM=0.9967; hist_corr=0.9989; ORB_good=9; ORB_inliers=9; ORB_inlier_ratio=1.0000,POSSIBLE_NEAR_DUPLICATE
Venomous/Spectacled Cobra/indian-cobra-asian-cobra-or-spectacled-cobra-naja-naja-pettigalawatta-DWNMJ8.jpg,Spectacled Cobra,Venomous,train/Venomous_Snake/indian-cobra-asian-cobra-or-spectacled-cobra-naja-naja-pettigalawatta-DWNMJ8.jpg,Venomous_Snake,TRAIN,0,1,HIGH_CONFIDENCE_NEAR_DUPLICATE,0,0.376978,0.999811,0.997275,0.999189,10,8,0.8,POSSIBLE_NEAR_DUPLICATE,pHash=0; dHash=1; aHash=0; aspect_delta=0.3770; pixel_corr=0.9998; SSIM=0.9973; hist_corr=0.9992; ORB_good=10; ORB_inliers=8; ORB_inlier_ratio=0.8000,POSSIBLE_NEAR_DUPLICATE
Venomous/Spectacled Cobra/indian-cobra-back-hood.jpg,Spectacled Cobra,Venomous,train/Venomous_Snake/indian-cobra-back-hood.jpg,Venomous_Snake,TRAIN,0,0,HIGH_CONFIDENCE_NEAR_DUPLICATE,0,0.36036,0.999362,0.997378,0.999656,44,41,0.931818,CONFIRMED_NEAR_DUPLICATE,pHash=0; dHash=0; aHash=0; aspect_delta=0.3604; pixel_corr=0.9994; SSIM=0.9974; hist_corr=0.9997; ORB_good=44; ORB_inliers=41; ORB_inlier_ratio=0.9318,HIGH_CONFIDENCE_NEAR_DUPLICATE
Venomous/Spectacled Cobra/Indian-cobra-defending-eggs.jpg,Spectacled Cobra,Venomous,train/Venomous_Snake/Indian-cobra-defending-eggs.jpg,Venomous_Snake,TRAIN,0,0,HIGH_CONFIDENCE_NEAR_DUPLICATE,0,0.335385,0.999466,0.9982,0.999201,79,79,1.0,CONFIRMED_NEAR_DUPLICATE,pHash=0; dHash=0; aHash=0; aspect_delta=0.3354; pixel_corr=0.9995; SSIM=0.9982; hist_corr=0.9992; ORB_good=79; ORB_inliers=79; ORB_inlier_ratio=1.0000,HIGH_CONFIDENCE_NEAR_DUPLICATE
Venomous/Spectacled Cobra/Indian-cobra-defensive-posture.jpg,Spectacled Cobra,Venomous,train/Venomous_Snake/Indian-cobra-defensive-posture.jpg,Venomous_Snake,TRAIN,0,0,HIGH_CONFIDENCE_NEAR_DUPLICATE,0,0.347692,0.999272,0.997747,0.99958,37,35,0.945946,CONFIRMED_NEAR_DUPLICATE,pHash=0; dHash=0; aHash=0; aspect_delta=0.3477; pixel_corr=0.9993; SSIM=0.9977; hist_corr=0.9996; ORB_good=37; ORB_inliers=35; ORB_inlier_ratio=0.9459,HIGH_CONFIDENCE_NEAR_DUPLICATE
Venomous/Spectacled Cobra/indian-cobra-front_2.jpg,Spectacled Cobra,Venomous,validation/Venomous_Snake/indian-cobra-front_2.jpg,Venomous_Snake,VALIDATION,0,0,HIGH_CONFIDENCE_NEAR_DUPLICATE,0,0.495161,0.999787,0.998498,0.999673,6,5,0.833333,POSSIBLE_NEAR_DUPLICATE,pHash=0; dHash=0; aHash=0; aspect_delta=0.4952; pixel_corr=0.9998; SSIM=0.9985; hist_corr=0.9997; ORB_good=6; ORB_inliers=5; ORB_inlier_ratio=0.8333,POSSIBLE_NEAR_DUPLICATE
Venomous/Spectacled Cobra/Indian-Cobra-Hood.jpg,Spectacled Cobra,Venomous,train/Venomous_Snake/Indian-Cobra-Hood.jpg,Venomous_Snake,TRAIN,2,0,HIGH_CONFIDENCE_NEAR_DUPLICATE,0,0.333984,0.999823,0.997927,0.998854,88,81,0.920455,CONFIRMED_NEAR_DUPLICATE,pHash=2; dHash=0; aHash=0; aspect_delta=0.3340; pixel_corr=0.9998; SSIM=0.9979; hist_corr=0.9989; ORB_good=88; ORB_inliers=81; ORB_inlier_ratio=0.9205,HIGH_CONFIDENCE_NEAR_DUPLICATE
Venomous/Spectacled Cobra/indian-cobra-or-spectacled-cobra-naja-naja-naja-asia-DXG9K2.jpg,Spectacled Cobra,Venomous,train/Venomous_Snake/indian-cobra-or-spectacled-cobra-naja-naja-naja-asia-DXG9K2.jpg,Venomous_Snake,TRAIN,0,0,HIGH_CONFIDENCE_NEAR_DUPLICATE,0,0.264615,0.999644,0.997812,0.997777,49,49,1.0,CONFIRMED_NEAR_DUPLICATE,pHash=0; dHash=0; aHash=0; aspect_delta=0.2646; pixel_corr=0.9996; SSIM=0.9978; hist_corr=0.9978; ORB_good=49; ORB_inliers=49; ORB_inlier_ratio=1.0000,HIGH_CONFIDENCE_NEAR_DUPLICATE
Venomous/Spectacled Cobra/indian-cobra-or-spectacled-cobra-naja-naja-sri-lanka-hnb77m.jpg,Spectacled Cobra,Venomous,train/Venomous_Snake/indian-cobra-or-spectacled-cobra-naja-naja-sri-lanka-hnb77m.jpg,Venomous_Snake,TRAIN,0,1,HIGH_CONFIDENCE_NEAR_DUPLICATE,0,0.357407,0.999659,0.996377,0.999523,72,69,0.958333,CONFIRMED_NEAR_DUPLICATE,pHash=0; dHash=1; aHash=0; aspect_delta=0.3574; pixel_corr=0.9997; SSIM=0.9964; hist_corr=0.9995; ORB_good=72; ORB_inliers=69; ORB_inlier_ratio=0.9583,HIGH_CONFIDENCE_NEAR_DUPLICATE
Venomous/Spectacled Cobra/indian-cobra-or-spectacled-cobra-naja-naja-sri-lanka-hnb77x.jpg,Spectacled Cobra,Venomous,train/Venomous_Snake/indian-cobra-or-spectacled-cobra-naja-naja-sri-lanka-hnb77x.jpg,Venomous_Snake,TRAIN,0,1,HIGH_CONFIDENCE_NEAR_DUPLICATE,0,0.357407,0.999797,0.997516,0.998482,40,37,0.925,CONFIRMED_NEAR_DUPLICATE,pHash=0; dHash=1; aHash=0; aspect_delta=0.3574; pixel_corr=0.9998; SSIM=0.9975; hist_corr=0.9985; ORB_good=40; ORB_inliers=37; ORB_inlier_ratio=0.9250,HIGH_CONFIDENCE_NEAR_DUPLICATE
Venomous/Spectacled Cobra/indian-cobra-or-spectacled-cobra-naja-naja-sri-lanka-hnb78b.jpg,Spectacled Cobra,Venomous,train/Venomous_Snake/indian-cobra-or-spectacled-cobra-naja-naja-sri-lanka-hnb78b.jpg,Venomous_Snake,TRAIN,2,0,HIGH_CONFIDENCE_NEAR_DUPLICATE,0,0.288889,0.999598,0.996905,0.999913,148,140,0.945946,CONFIRMED_NEAR_DUPLICATE,pHash=2; dHash=0; aHash=0; aspect_delta=0.2889; pixel_corr=0.9996; SSIM=0.9969; hist_corr=0.9999; ORB_good=148; ORB_inliers=140; ORB_inlier_ratio=0.9459,HIGH_CONFIDENCE_NEAR_DUPLICATE
Venomous/Spectacled Cobra/indian-cobra-or-spectacled-cobra-naja-naja-sri-lanka-hnb78w.jpg,Spectacled Cobra,Venomous,train/Venomous_Snake/indian-cobra-or-spectacled-cobra-naja-naja-sri-lanka-hnb78w.jpg,Venomous_Snake,TRAIN,0,0,HIGH_CONFIDENCE_NEAR_DUPLICATE,0,0.357407,0.999748,0.997721,0.999225,61,53,0.868852,CONFIRMED_NEAR_DUPLICATE,pHash=0; dHash=0; aHash=0; aspect_delta=0.3574; pixel_corr=0.9997; SSIM=0.9977; hist_corr=0.9992; ORB_good=61; ORB_inliers=53; ORB_inlier_ratio=0.8689,HIGH_CONFIDENCE_NEAR_DUPLICATE
Venomous/Spectacled Cobra/indian-cobra-or-spectacled-cobra-naja-naja-sri-lanka-hnb799.jpg,Spectacled Cobra,Venomous,train/Venomous_Snake/indian-cobra-or-spectacled-cobra-naja-naja-sri-lanka-hnb799.jpg,Venomous_Snake,TRAIN,0,0,HIGH_CONFIDENCE_NEAR_DUPLICATE,0,0.301563,0.999612,0.997411,0.999422,123,114,0.926829,CONFIRMED_NEAR_DUPLICATE,pHash=0; dHash=0; aHash=0; aspect_delta=0.3016; pixel_corr=0.9996; SSIM=0.9974; hist_corr=0.9994; ORB_good=123; ORB_inliers=114; ORB_inlier_ratio=0.9268,HIGH_CONFIDENCE_NEAR_DUPLICATE
Venomous/Spectacled Cobra/indian-cobra-or-spectacled-cobra-naja-naja-sri-lanka-hnb79m.jpg,Spectacled Cobra,Venomous,train/Venomous_Snake/indian-cobra-or-spectacled-cobra-naja-naja-sri-lanka-hnb79m.jpg,Venomous_Snake,TRAIN,0,0,HIGH_CONFIDENCE_NEAR_DUPLICATE,0,0.301563,0.999602,0.996083,0.999305,76,67,0.881579,CONFIRMED_NEAR_DUPLICATE,pHash=0; dHash=0; aHash=0; aspect_delta=0.3016; pixel_corr=0.9996; SSIM=0.9961; hist_corr=0.9993; ORB_good=76; ORB_inliers=67; ORB_inlier_ratio=0.8816,HIGH_CONFIDENCE_NEAR_DUPLICATE
Venomous/Spectacled Cobra/indian-cobra-or-spectacled-cobra-naja-naja-sri-lanka-hnb79y.jpg,Spectacled Cobra,Venomous,train/Venomous_Snake/indian-cobra-or-spectacled-cobra-naja-naja-sri-lanka-hnb79y.jpg,Venomous_Snake,TRAIN,0,0,HIGH_CONFIDENCE_NEAR_DUPLICATE,0,0.301563,0.9997,0.996579,0.999687,76,64,0.842105,CONFIRMED_NEAR_DUPLICATE,pHash=0; dHash=0; aHash=0; aspect_delta=0.3016; pixel_corr=0.9997; SSIM=0.9966; hist_corr=0.9997; ORB_good=76; ORB_inliers=64; ORB_inlier_ratio=0.8421,HIGH_CONFIDENCE_NEAR_DUPLICATE
Venomous/Spectacled Cobra/Indian-Cobra-Photo.jpg,Spectacled Cobra,Venomous,train/Venomous_Snake/Indian-Cobra-Photo.jpg,Venomous_Snake,TRAIN,0,0,HIGH_CONFIDENCE_NEAR_DUPLICATE,0,0.333984,0.999707,0.997196,0.99915,89,84,0.94382,CONFIRMED_NEAR_DUPLICATE,pHash=0; dHash=0; aHash=0; aspect_delta=0.3340; pixel_corr=0.9997; SSIM=0.9972; hist_corr=0.9991; ORB_good=89; ORB_inliers=84; ORB_inlier_ratio=0.9438,HIGH_CONFIDENCE_NEAR_DUPLICATE
Venomous/Spectacled Cobra/indian-cobra-spectacled-cobra-asian-cobra-binocellate-cobra-naja-naja-E154DT.jpg,Spectacled Cobra,Venomous,validation/Venomous_Snake/indian-cobra-spectacled-cobra-asian-cobra-binocellate-cobra-naja-naja-E154DT.jpg,Venomous_Snake,VALIDATION,0,0,HIGH_CONFIDENCE_NEAR_DUPLICATE,0,0.265385,0.999535,0.998036,0.996654,44,41,0.931818,CONFIRMED_NEAR_DUPLICATE,pHash=0; dHash=0; aHash=0; aspect_delta=0.2654; pixel_corr=0.9995; SSIM=0.9980; hist_corr=0.9967; ORB_good=44; ORB_inliers=41; ORB_inlier_ratio=0.9318,HIGH_CONFIDENCE_NEAR_DUPLICATE
Venomous/Spectacled Cobra/indian-cobra-spectacled-cobra-naja-naja-hpwewd.jpg,Spectacled Cobra,Venomous,train/Venomous_Snake/indian-cobra-spectacled-cobra-naja-naja-hpwewd.jpg,Venomous_Snake,TRAIN,2,0,HIGH_CONFIDENCE_NEAR_DUPLICATE,0,0.087838,0.999743,0.998275,0.998984,314,310,0.987261,CONFIRMED_NEAR_DUPLICATE,pHash=2; dHash=0; aHash=0; aspect_delta=0.0878; pixel_corr=0.9997; SSIM=0.9983; hist_corr=0.9990; ORB_good=314; ORB_inliers=310; ORB_inlier_ratio=0.9873,HIGH_CONFIDENCE_NEAR_DUPLICATE
Venomous/Spectacled Cobra/indian-cobra-spectacled-cobra-naja-naja-hpweww.jpg,Spectacled Cobra,Venomous,train/Venomous_Snake/indian-cobra-spectacled-cobra-naja-naja-hpweww.jpg,Venomous_Snake,TRAIN,0,0,HIGH_CONFIDENCE_NEAR_DUPLICATE,0,0.361702,0.999662,0.997681,0.999409,36,28,0.777778,CONFIRMED_NEAR_DUPLICATE,pHash=0; dHash=0; aHash=0; aspect_delta=0.3617; pixel_corr=0.9997; SSIM=0.9977; hist_corr=0.9994; ORB_good=36; ORB_inliers=28; ORB_inlier_ratio=0.7778,HIGH_CONFIDENCE_NEAR_DUPLICATE
Venomous/Spectacled Cobra/indian-cobra-spectacled-cobra-naja-naja-hpwexf.jpg,Spectacled Cobra,Venomous,train/Venomous_Snake/indian-cobra-spectacled-cobra-naja-naja-hpwexf.jpg,Venomous_Snake,TRAIN,0,0,HIGH_CONFIDENCE_NEAR_DUPLICATE,0,0.357407,0.999596,0.997694,0.998981,23,20,0.869565,CONFIRMED_NEAR_DUPLICATE,pHash=0; dHash=0; aHash=0; aspect_delta=0.3574; pixel_corr=0.9996; SSIM=0.9977; hist_corr=0.9990; ORB_good=23; ORB_inliers=20; ORB_inlier_ratio=0.8696,HIGH_CONFIDENCE_NEAR_DUPLICATE
Venomous/Spectacled Cobra/indian-cobra-spectacled-cobra-naja-naja-hpwexk.jpg,Spectacled Cobra,Venomous,train/Venomous_Snake/indian-cobra-spectacled-cobra-naja-naja-hpwexk.jpg,Venomous_Snake,TRAIN,0,0,HIGH_CONFIDENCE_NEAR_DUPLICATE,0,0.357407,0.999734,0.998562,0.998758,83,81,0.975904,CONFIRMED_NEAR_DUPLICATE,pHash=0; dHash=0; aHash=0; aspect_delta=0.3574; pixel_corr=0.9997; SSIM=0.9986; hist_corr=0.9988; ORB_good=83; ORB_inliers=81; ORB_inlier_ratio=0.9759,HIGH_CONFIDENCE_NEAR_DUPLICATE
Venomous/Spectacled Cobra/indian-cobra-spectacled-cobra-naja-naja-in-aggressive-posture-with-hpyagt.jpg,Spectacled Cobra,Venomous,train/Venomous_Snake/indian-cobra-spectacled-cobra-naja-naja-in-aggressive-posture-with-hpyagt.jpg,Venomous_Snake,TRAIN,0,0,HIGH_CONFIDENCE_NEAR_DUPLICATE,0,0.181586,0.999702,0.998034,0.999296,275,261,0.949091,CONFIRMED_NEAR_DUPLICATE,pHash=0; dHash=0; aHash=0; aspect_delta=0.1816; pixel_corr=0.9997; SSIM=0.9980; hist_corr=0.9993; ORB_good=275; ORB_inliers=261; ORB_inlier_ratio=0.9491,HIGH_CONFIDENCE_NEAR_DUPLICATE
Venomous/Spectacled Cobra/Indian-cobra-with-head-raised-in-habitat.jpg,Spectacled Cobra,Venomous,train/Venomous_Snake/Indian-cobra-with-head-raised-in-habitat.jpg,Venomous_Snake,TRAIN,0,0,HIGH_CONFIDENCE_NEAR_DUPLICATE,0,0.22,0.999829,0.995957,0.999405,135,129,0.955556,CONFIRMED_NEAR_DUPLICATE,pHash=0; dHash=0; aHash=0; aspect_delta=0.2200; pixel_corr=0.9998; SSIM=0.9960; hist_corr=0.9994; ORB_good=135; ORB_inliers=129; ORB_inlier_ratio=0.9556,HIGH_CONFIDENCE_NEAR_DUPLICATE
Venomous/Spectacled Cobra/Indian-cobra-with-head-raised-ventral-view.jpg,Spectacled Cobra,Venomous,train/Venomous_Snake/Indian-cobra-with-head-raised-ventral-view.jpg,Venomous_Snake,TRAIN,0,0,HIGH_CONFIDENCE_NEAR_DUPLICATE,0,0.336538,0.999346,0.99682,0.999835,77,71,0.922078,CONFIRMED_NEAR_DUPLICATE,pHash=0; dHash=0; aHash=0; aspect_delta=0.3365; pixel_corr=0.9993; SSIM=0.9968; hist_corr=0.9998; ORB_good=77; ORB_inliers=71; ORB_inlier_ratio=0.9221,HIGH_CONFIDENCE_NEAR_DUPLICATE
Venomous/Spectacled Cobra/Indian-cobra-young-hatching.jpg,Spectacled Cobra,Venomous,train/Venomous_Snake/Indian-cobra-young-hatching.jpg,Venomous_Snake,TRAIN,0,0,HIGH_CONFIDENCE_NEAR_DUPLICATE,0,0.316923,0.999848,0.998184,0.999311,73,70,0.958904,CONFIRMED_NEAR_DUPLICATE,pHash=0; dHash=0; aHash=0; aspect_delta=0.3169; pixel_corr=0.9998; SSIM=0.9982; hist_corr=0.9993; ORB_good=73; ORB_inliers=70; ORB_inlier_ratio=0.9589,HIGH_CONFIDENCE_NEAR_DUPLICATE
Venomous/Spectacled Cobra/indian-cobra.jpg,Spectacled Cobra,Venomous,train/Venomous_Snake/indian-cobra.jpg,Venomous_Snake,TRAIN,0,1,HIGH_CONFIDENCE_NEAR_DUPLICATE,0,0.251748,0.999824,0.996737,0.999752,65,52,0.8,CONFIRMED_NEAR_DUPLICATE,pHash=0; dHash=1; aHash=0; aspect_delta=0.2517; pixel_corr=0.9998; SSIM=0.9967; hist_corr=0.9998; ORB_good=65; ORB_inliers=52; ORB_inlier_ratio=0.8000,HIGH_CONFIDENCE_NEAR_DUPLICATE
Venomous/Spectacled Cobra/Indian-Cobra_001.jpg,Spectacled Cobra,Venomous,validation/Venomous_Snake/Indian-Cobra_001.jpg,Venomous_Snake,VALIDATION,2,0,HIGH_CONFIDENCE_NEAR_DUPLICATE,0,0.332031,0.999496,0.998166,0.999677,74,73,0.986486,CONFIRMED_NEAR_DUPLICATE,pHash=2; dHash=0; aHash=0; aspect_delta=0.3320; pixel_corr=0.9995; SSIM=0.9982; hist_corr=0.9997; ORB_good=74; ORB_inliers=73; ORB_inlier_ratio=0.9865,HIGH_CONFIDENCE_NEAR_DUPLICATE
Venomous/Spectacled Cobra/indian-cobra_002.jpg,Spectacled Cobra,Venomous,train/Venomous_Snake/indian-cobra_002.jpg,Venomous_Snake,TRAIN,2,0,HIGH_CONFIDENCE_NEAR_DUPLICATE,0,0.520755,0.999278,0.996946,0.998364,2,0,0.0,POSSIBLE_NEAR_DUPLICATE,pHash=2; dHash=0; aHash=0; aspect_delta=0.5208; pixel_corr=0.9993; SSIM=0.9969; hist_corr=0.9984; ORB_good=2; ORB_inliers=0; ORB_inlier_ratio=0.0000,POSSIBLE_NEAR_DUPLICATE
Venomous/Spectacled Cobra/indian-cobra_003.jpg,Spectacled Cobra,Venomous,train/Venomous_Snake/indian-cobra_003.jpg,Venomous_Snake,TRAIN,0,0,HIGH_CONFIDENCE_NEAR_DUPLICATE,0,0.243902,0.999734,0.997535,0.999925,78,69,0.884615,CONFIRMED_NEAR_DUPLICATE,pHash=0; dHash=0; aHash=0; aspect_delta=0.2439; pixel_corr=0.9997; SSIM=0.9975; hist_corr=0.9999; ORB_good=78; ORB_inliers=69; ORB_inlier_ratio=0.8846,HIGH_CONFIDENCE_NEAR_DUPLICATE
Venomous/Spectacled Cobra/INDIAN-COBRA_004.jpg,Spectacled Cobra,Venomous,train/Venomous_Snake/INDIAN-COBRA_004.jpg,Venomous_Snake,TRAIN,0,1,HIGH_CONFIDENCE_NEAR_DUPLICATE,0,0.329333,0.998348,0.996126,0.990485,43,43,1.0,CONFIRMED_NEAR_DUPLICATE,pHash=0; dHash=1; aHash=0; aspect_delta=0.3293; pixel_corr=0.9983; SSIM=0.9961; hist_corr=0.9905; ORB_good=43; ORB_inliers=43; ORB_inlier_ratio=1.0000,HIGH_CONFIDENCE_NEAR_DUPLICATE
Venomous/Spectacled Cobra/indian-snake-spectacled-cobra-naja-naja-hood-open-rear-back-rearview-ce8pwr.jpg,Spectacled Cobra,Venomous,train/Venomous_Snake/indian-snake-spectacled-cobra-naja-naja-hood-open-rear-back-rearview-ce8pwr.jpg,Venomous_Snake,TRAIN,0,0,HIGH_CONFIDENCE_NEAR_DUPLICATE,0,0.304688,0.999311,0.997617,0.998267,46,45,0.978261,CONFIRMED_NEAR_DUPLICATE,pHash=0; dHash=0; aHash=0; aspect_delta=0.3047; pixel_corr=0.9993; SSIM=0.9976; hist_corr=0.9983; ORB_good=46; ORB_inliers=45; ORB_inlier_ratio=0.9783,HIGH_CONFIDENCE_NEAR_DUPLICATE
Venomous/Spectacled Cobra/indian-spectacled-cobra-close-up-c568dh.jpg,Spectacled Cobra,Venomous,train/Venomous_Snake/indian-spectacled-cobra-close-up-c568dh.jpg,Venomous_Snake,TRAIN,0,0,HIGH_CONFIDENCE_NEAR_DUPLICATE,0,0.285714,0.999609,0.997068,0.999158,134,132,0.985075,CONFIRMED_NEAR_DUPLICATE,pHash=0; dHash=0; aHash=0; aspect_delta=0.2857; pixel_corr=0.9996; SSIM=0.9971; hist_corr=0.9992; ORB_good=134; ORB_inliers=132; ORB_inlier_ratio=0.9851,HIGH_CONFIDENCE_NEAR_DUPLICATE
Venomous/Spectacled Cobra/Indian_cobra.jpg,Spectacled Cobra,Venomous,train/Venomous_Snake/Indian_cobra.jpg,Venomous_Snake,TRAIN,0,0,HIGH_CONFIDENCE_NEAR_DUPLICATE,0,0.335938,0.999421,0.998077,0.998124,57,55,0.964912,CONFIRMED_NEAR_DUPLICATE,pHash=0; dHash=0; aHash=0; aspect_delta=0.3359; pixel_corr=0.9994; SSIM=0.9981; hist_corr=0.9981; ORB_good=57; ORB_inliers=55; ORB_inlier_ratio=0.9649,HIGH_CONFIDENCE_NEAR_DUPLICATE
Venomous/Spectacled Cobra/Indiancobra.jpg,Spectacled Cobra,Venomous,train/Venomous_Snake/Indiancobra.jpg,Venomous_Snake,TRAIN,0,0,HIGH_CONFIDENCE_NEAR_DUPLICATE,0,0.284,0.999808,0.997023,0.996486,150,146,0.973333,CONFIRMED_NEAR_DUPLICATE,pHash=0; dHash=0; aHash=0; aspect_delta=0.2840; pixel_corr=0.9998; SSIM=0.9970; hist_corr=0.9965; ORB_good=150; ORB_inliers=146; ORB_inlier_ratio=0.9733,HIGH_CONFIDENCE_NEAR_DUPLICATE
Venomous/Spectacled Cobra/jrr-80436-reptiles-snakes-cobra-indian-spectacled-cobra-naja-naja-CE8PX4.jpg,Spectacled Cobra,Venomous,train/Venomous_Snake/jrr-80436-reptiles-snakes-cobra-indian-spectacled-cobra-naja-naja-CE8PX4.jpg,Venomous_Snake,TRAIN,0,0,HIGH_CONFIDENCE_NEAR_DUPLICATE,0,0.256154,0.999721,0.997992,0.998857,59,59,1.0,CONFIRMED_NEAR_DUPLICATE,pHash=0; dHash=0; aHash=0; aspect_delta=0.2562; pixel_corr=0.9997; SSIM=0.9980; hist_corr=0.9989; ORB_good=59; ORB_inliers=59; ORB_inlier_ratio=1.0000,HIGH_CONFIDENCE_NEAR_DUPLICATE
Venomous/Spectacled Cobra/Kanha-426_Spectacled-Cobra.jpg,Spectacled Cobra,Venomous,train/Venomous_Snake/Kanha-426_Spectacled-Cobra.jpg,Venomous_Snake,TRAIN,0,2,HIGH_CONFIDENCE_NEAR_DUPLICATE,0,0.4,0.997932,0.991714,0.988607,7,7,1.0,POSSIBLE_NEAR_DUPLICATE,pHash=0; dHash=2; aHash=0; aspect_delta=0.4000; pixel_corr=0.9979; SSIM=0.9917; hist_corr=0.9886; ORB_good=7; ORB_inliers=7; ORB_inlier_ratio=1.0000,POSSIBLE_NEAR_DUPLICATE
Venomous/Spectacled Cobra/king-cobra-catching-and-feeding-on-indian-cobra.jpg,Spectacled Cobra,Venomous,validation/Venomous_Snake/king-cobra-catching-and-feeding-on-indian-cobra.jpg,Venomous_Snake,VALIDATION,0,0,HIGH_CONFIDENCE_NEAR_DUPLICATE,0,0.331818,0.999365,0.99736,0.999121,46,36,0.782609,CONFIRMED_NEAR_DUPLICATE,pHash=0; dHash=0; aHash=0; aspect_delta=0.3318; pixel_corr=0.9994; SSIM=0.9974; hist_corr=0.9991; ORB_good=46; ORB_inliers=36; ORB_inlier_ratio=0.7826,HIGH_CONFIDENCE_NEAR_DUPLICATE
Venomous/Spectacled Cobra/L0017_3.jpg,Spectacled Cobra,Venomous,validation/Venomous_Snake/L0017_3.jpg,Venomous_Snake,VALIDATION,0,0,HIGH_CONFIDENCE_NEAR_DUPLICATE,0,0.331186,0.999824,0.996553,0.999446,35,29,0.828571,CONFIRMED_NEAR_DUPLICATE,pHash=0; dHash=0; aHash=0; aspect_delta=0.3312; pixel_corr=0.9998; SSIM=0.9966; hist_corr=0.9994; ORB_good=35; ORB_inliers=29; ORB_inlier_ratio=0.8286,HIGH_CONFIDENCE_NEAR_DUPLICATE
Venomous/Spectacled Cobra/maxresdefault.jpg,Spectacled Cobra,Venomous,train/Venomous_Snake/maxresdefault (4).jpg,Venomous_Snake,TRAIN,0,0,HIGH_CONFIDENCE_NEAR_DUPLICATE,0,0.25,0.999137,0.996672,0.999656,43,43,1.0,CONFIRMED_NEAR_DUPLICATE,pHash=0; dHash=0; aHash=0; aspect_delta=0.2500; pixel_corr=0.9991; SSIM=0.9967; hist_corr=0.9997; ORB_good=43; ORB_inliers=43; ORB_inlier_ratio=1.0000,HIGH_CONFIDENCE_NEAR_DUPLICATE
Venomous/Spectacled Cobra/maxresdefault_004.jpg,Spectacled Cobra,Venomous,train/Venomous_Snake/maxresdefault_004.jpg,Venomous_Snake,TRAIN,0,0,HIGH_CONFIDENCE_NEAR_DUPLICATE,0,0.4375,0.999943,0.998141,0.999547,22,17,0.772727,CONFIRMED_NEAR_DUPLICATE,pHash=0; dHash=0; aHash=0; aspect_delta=0.4375; pixel_corr=0.9999; SSIM=0.9981; hist_corr=0.9995; ORB_good=22; ORB_inliers=17; ORB_inlier_ratio=0.7727,HIGH_CONFIDENCE_NEAR_DUPLICATE
Venomous/Spectacled Cobra/maxresdefault_006.jpg,Spectacled Cobra,Venomous,train/Venomous_Snake/maxresdefault_006 (3).jpg,Venomous_Snake,TRAIN,0,0,HIGH_CONFIDENCE_NEAR_DUPLICATE,0,0.4375,0.999513,0.997675,0.998339,3,0,0.0,POSSIBLE_NEAR_DUPLICATE,pHash=0; dHash=0; aHash=0; aspect_delta=0.4375; pixel_corr=0.9995; SSIM=0.9977; hist_corr=0.9983; ORB_good=3; ORB_inliers=0; ORB_inlier_ratio=0.0000,POSSIBLE_NEAR_DUPLICATE
Venomous/Spectacled Cobra/maxresdefault_007.jpg,Spectacled Cobra,Venomous,validation/Venomous_Snake/maxresdefault_007 (3).jpg,Venomous_Snake,VALIDATION,0,0,HIGH_CONFIDENCE_NEAR_DUPLICATE,0,0.4375,0.999874,0.997912,0.999673,20,17,0.85,CONFIRMED_NEAR_DUPLICATE,pHash=0; dHash=0; aHash=0; aspect_delta=0.4375; pixel_corr=0.9999; SSIM=0.9979; hist_corr=0.9997; ORB_good=20; ORB_inliers=17; ORB_inlier_ratio=0.8500,HIGH_CONFIDENCE_NEAR_DUPLICATE
Venomous/Spectacled Cobra/Naja naja1.jpg,Spectacled Cobra,Venomous,train/Venomous_Snake/Naja naja1.jpg,Venomous_Snake,TRAIN,0,0,HIGH_CONFIDENCE_NEAR_DUPLICATE,0,0.33125,0.999443,0.995966,0.999491,54,47,0.87037,CONFIRMED_NEAR_DUPLICATE,pHash=0; dHash=0; aHash=0; aspect_delta=0.3312; pixel_corr=0.9994; SSIM=0.9960; hist_corr=0.9995; ORB_good=54; ORB_inliers=47; ORB_inlier_ratio=0.8704,HIGH_CONFIDENCE_NEAR_DUPLICATE
Venomous/Spectacled Cobra/Naja-naja-03000026811_01.jpg,Spectacled Cobra,Venomous,train/Venomous_Snake/Naja-naja-03000026811_01.jpg,Venomous_Snake,TRAIN,0,0,HIGH_CONFIDENCE_NEAR_DUPLICATE,0,0.039286,0.999758,0.998185,0.999644,362,362,1.0,CONFIRMED_NEAR_DUPLICATE,pHash=0; dHash=0; aHash=0; aspect_delta=0.0393; pixel_corr=0.9998; SSIM=0.9982; hist_corr=0.9996; ORB_good=362; ORB_inliers=362; ORB_inlier_ratio=1.0000,HIGH_CONFIDENCE_NEAR_DUPLICATE
Venomous/Spectacled Cobra/Naja-naja-03000033195_01.jpg,Spectacled Cobra,Venomous,train/Venomous_Snake/Naja-naja-03000033195_01.jpg,Venomous_Snake,TRAIN,0,0,HIGH_CONFIDENCE_NEAR_DUPLICATE,0,0.164286,0.999733,0.99776,0.999758,270,270,1.0,CONFIRMED_NEAR_DUPLICATE,pHash=0; dHash=0; aHash=0; aspect_delta=0.1643; pixel_corr=0.9997; SSIM=0.9978; hist_corr=0.9998; ORB_good=270; ORB_inliers=270; ORB_inlier_ratio=1.0000,HIGH_CONFIDENCE_NEAR_DUPLICATE
Venomous/Spectacled Cobra/Naja-naja-1-Spectacled-cobra.jpg,Spectacled Cobra,Venomous,train/Venomous_Snake/Naja-naja-1-Spectacled-cobra.jpg,Venomous_Snake,TRAIN,0,0,HIGH_CONFIDENCE_NEAR_DUPLICATE,26,0.373356,0.063889,0.065374,0.998444,4,4,1.0,MANUAL_REVIEW,pHash=0; dHash=0; aHash=26; aspect_delta=0.3734; pixel_corr=0.0639; SSIM=0.0654; hist_corr=0.9984; ORB_good=4; ORB_inliers=4; ORB_inlier_ratio=1.0000,POSSIBLE_NEAR_DUPLICATE
Venomous/Spectacled Cobra/Naja-naja-2-Spectacled-cobra-Copy.jpg,Spectacled Cobra,Venomous,train/Venomous_Snake/Naja-naja-2-Spectacled-cobra-Copy.jpg,Venomous_Snake,TRAIN,0,0,HIGH_CONFIDENCE_NEAR_DUPLICATE,29,0.358893,-0.0065,0.05574,0.99835,11,10,0.909091,POSSIBLE_NEAR_DUPLICATE,pHash=0; dHash=0; aHash=29; aspect_delta=0.3589; pixel_corr=-0.0065; SSIM=0.0557; hist_corr=0.9984; ORB_good=11; ORB_inliers=10; ORB_inlier_ratio=0.9091,POSSIBLE_NEAR_DUPLICATE
Venomous/Spectacled Cobra/Naja-naja-3-Spectacled-cobra-1170x455.jpg,Spectacled Cobra,Venomous,train/Venomous_Snake/Naja-naja-3-Spectacled-cobra-1170x455.jpg,Venomous_Snake,TRAIN,0,0,HIGH_CONFIDENCE_NEAR_DUPLICATE,0,0.611111,0.998681,0.996896,0.99916,3,0,0.0,POSSIBLE_NEAR_DUPLICATE,pHash=0; dHash=0; aHash=0; aspect_delta=0.6111; pixel_corr=0.9987; SSIM=0.9969; hist_corr=0.9992; ORB_good=3; ORB_inliers=0; ORB_inlier_ratio=0.0000,POSSIBLE_NEAR_DUPLICATE
Venomous/Spectacled Cobra/Naja-naja-4-Spectacled-cobra.jpg,Spectacled Cobra,Venomous,train/Venomous_Snake/Naja-naja-4-Spectacled-cobra.jpg,Venomous_Snake,TRAIN,0,0,HIGH_CONFIDENCE_NEAR_DUPLICATE,0,0.333333,0.999334,0.997468,0.999499,4,4,1.0,POSSIBLE_NEAR_DUPLICATE,pHash=0; dHash=0; aHash=0; aspect_delta=0.3333; pixel_corr=0.9993; SSIM=0.9975; hist_corr=0.9995; ORB_good=4; ORB_inliers=4; ORB_inlier_ratio=1.0000,POSSIBLE_NEAR_DUPLICATE
Venomous/Spectacled Cobra/Naja-naja-5-Spectacled-cobra.jpg,Spectacled Cobra,Venomous,train/Venomous_Snake/Naja-naja-5-Spectacled-cobra.jpg,Venomous_Snake,TRAIN,0,0,HIGH_CONFIDENCE_NEAR_DUPLICATE,0,0.390385,0.999126,0.996969,0.999438,5,4,0.8,POSSIBLE_NEAR_DUPLICATE,pHash=0; dHash=0; aHash=0; aspect_delta=0.3904; pixel_corr=0.9991; SSIM=0.9970; hist_corr=0.9994; ORB_good=5; ORB_inliers=4; ORB_inlier_ratio=0.8000,POSSIBLE_NEAR_DUPLICATE
Venomous/Spectacled Cobra/Naja-naja-Saleem-Hameed-e1442201686504.jpg,Spectacled Cobra,Venomous,train/Venomous_Snake/Naja-naja-Saleem-Hameed-e1442201686504.jpg,Venomous_Snake,TRAIN,0,0,HIGH_CONFIDENCE_NEAR_DUPLICATE,0,0.474012,0.999781,0.996472,0.99985,17,11,0.647059,LIKELY_NEAR_DUPLICATE,pHash=0; dHash=0; aHash=0; aspect_delta=0.4740; pixel_corr=0.9998; SSIM=0.9965; hist_corr=0.9999; ORB_good=17; ORB_inliers=11; ORB_inlier_ratio=0.6471,POSSIBLE_NEAR_DUPLICATE
Venomous/Spectacled Cobra/Naja_naja2.jpg,Spectacled Cobra,Venomous,train/Venomous_Snake/Naja_naja2.jpg,Venomous_Snake,TRAIN,2,0,HIGH_CONFIDENCE_NEAR_DUPLICATE,0,0.339093,0.999741,0.997112,0.999895,82,76,0.926829,CONFIRMED_NEAR_DUPLICATE,pHash=2; dHash=0; aHash=0; aspect_delta=0.3391; pixel_corr=0.9997; SSIM=0.9971; hist_corr=0.9999; ORB_good=82; ORB_inliers=76; ORB_inlier_ratio=0.9268,HIGH_CONFIDENCE_NEAR_DUPLICATE
Venomous/Spectacled Cobra/Naja_naja3.jpg,Spectacled Cobra,Venomous,train/Venomous_Snake/Naja_naja3.jpg,Venomous_Snake,TRAIN,0,0,HIGH_CONFIDENCE_NEAR_DUPLICATE,0,0.339048,0.999515,0.998251,0.999215,24,22,0.916667,CONFIRMED_NEAR_DUPLICATE,pHash=0; dHash=0; aHash=0; aspect_delta=0.3390; pixel_corr=0.9995; SSIM=0.9983; hist_corr=0.9992; ORB_good=24; ORB_inliers=22; ORB_inlier_ratio=0.9167,HIGH_CONFIDENCE_NEAR_DUPLICATE
Venomous/Spectacled Cobra/naja_naja_2.jpg,Spectacled Cobra,Venomous,train/Venomous_Snake/naja_naja_2.jpg,Venomous_Snake,TRAIN,0,0,HIGH_CONFIDENCE_NEAR_DUPLICATE,0,0.29375,0.999601,0.997399,0.999571,93,86,0.924731,CONFIRMED_NEAR_DUPLICATE,pHash=0; dHash=0; aHash=0; aspect_delta=0.2938; pixel_corr=0.9996; SSIM=0.9974; hist_corr=0.9996; ORB_good=93; ORB_inliers=86; ORB_inlier_ratio=0.9247,HIGH_CONFIDENCE_NEAR_DUPLICATE
Venomous/Spectacled Cobra/Najanaja5.jpg,Spectacled Cobra,Venomous,train/Venomous_Snake/Najanaja5.jpg,Venomous_Snake,TRAIN,0,0,HIGH_CONFIDENCE_NEAR_DUPLICATE,0,0.25,0.999749,0.997248,0.999825,155,139,0.896774,CONFIRMED_NEAR_DUPLICATE,pHash=0; dHash=0; aHash=0; aspect_delta=0.2500; pixel_corr=0.9997; SSIM=0.9972; hist_corr=0.9998; ORB_good=155; ORB_inliers=139; ORB_inlier_ratio=0.8968,HIGH_CONFIDENCE_NEAR_DUPLICATE
Venomous/Spectacled Cobra/ni_2015_63_3_300_158155_f8.jpg,Spectacled Cobra,Venomous,train/Venomous_Snake/ni_2015_63_3_300_158155_f8.jpg,Venomous_Snake,TRAIN,0,1,HIGH_CONFIDENCE_NEAR_DUPLICATE,0,0.226576,0.999713,0.995408,0.999475,152,148,0.973684,CONFIRMED_NEAR_DUPLICATE,pHash=0; dHash=1; aHash=0; aspect_delta=0.2266; pixel_corr=0.9997; SSIM=0.9954; hist_corr=0.9995; ORB_good=152; ORB_inliers=148; ORB_inlier_ratio=0.9737,HIGH_CONFIDENCE_NEAR_DUPLICATE
Venomous/Spectacled Cobra/poor-lower-caste-indian-boy-begging-with-spectacled-cobra-on-an-india-bxxhx3.jpg,Spectacled Cobra,Venomous,train/Venomous_Snake/poor-lower-caste-indian-boy-begging-with-spectacled-cobra-on-an-india-bxxhx3.jpg,Venomous_Snake,TRAIN,2,0,HIGH_CONFIDENCE_NEAR_DUPLICATE,0,0.359259,0.999792,0.997848,0.999303,63,55,0.873016,CONFIRMED_NEAR_DUPLICATE,pHash=2; dHash=0; aHash=0; aspect_delta=0.3593; pixel_corr=0.9998; SSIM=0.9978; hist_corr=0.9993; ORB_good=63; ORB_inliers=55; ORB_inlier_ratio=0.8730,HIGH_CONFIDENCE_NEAR_DUPLICATE
Venomous/Spectacled Cobra/poor-lower-caste-indian-girl-begging-with-spectacled-cobra-on-an-india-bxxhxd.jpg,Spectacled Cobra,Venomous,train/Venomous_Snake/poor-lower-caste-indian-girl-begging-with-spectacled-cobra-on-an-india-bxxhxd.jpg,Venomous_Snake,TRAIN,0,0,HIGH_CONFIDENCE_NEAR_DUPLICATE,0,0.359259,0.999812,0.997542,0.99955,89,84,0.94382,CONFIRMED_NEAR_DUPLICATE,pHash=0; dHash=0; aHash=0; aspect_delta=0.3593; pixel_corr=0.9998; SSIM=0.9975; hist_corr=0.9996; ORB_good=89; ORB_inliers=84; ORB_inlier_ratio=0.9438,HIGH_CONFIDENCE_NEAR_DUPLICATE
Venomous/Spectacled Cobra/rsz_rare_indian_spectacled_cobra_caught_with_vestigial_‘legs’_in_telangana__video_3.jpg,Spectacled Cobra,Venomous,train/Venomous_Snake/rsz_rare_indian_spectacled_cobra_caught_with_vestigial_ΓÇÿlegsΓÇÖ_in_telangana__video_3.jpg,Venomous_Snake,TRAIN,0,0,HIGH_CONFIDENCE_NEAR_DUPLICATE,0,0.333333,0.999664,0.997643,0.999707,91,88,0.967033,CONFIRMED_NEAR_DUPLICATE,pHash=0; dHash=0; aHash=0; aspect_delta=0.3333; pixel_corr=0.9997; SSIM=0.9976; hist_corr=0.9997; ORB_good=91; ORB_inliers=88; ORB_inlier_ratio=0.9670,HIGH_CONFIDENCE_NEAR_DUPLICATE
Venomous/Spectacled Cobra/snake-cobra-indian-spectacled-cobra-naja-naja-with-open-hood-india-CE8R0T.jpg,Spectacled Cobra,Venomous,train/Venomous_Snake/snake-cobra-indian-spectacled-cobra-naja-naja-with-open-hood-india-CE8R0T.jpg,Venomous_Snake,TRAIN,0,0,HIGH_CONFIDENCE_NEAR_DUPLICATE,1,0.376259,0.999076,0.996529,0.998732,18,18,1.0,LIKELY_NEAR_DUPLICATE,pHash=0; dHash=0; aHash=1; aspect_delta=0.3763; pixel_corr=0.9991; SSIM=0.9965; hist_corr=0.9987; ORB_good=18; ORB_inliers=18; ORB_inlier_ratio=1.0000,POSSIBLE_NEAR_DUPLICATE
Venomous/Spectacled Cobra/snake-indian-spectacled-cobra-naja-naja-naja-et0cm2.jpg,Spectacled Cobra,Venomous,train/Venomous_Snake/snake-indian-spectacled-cobra-naja-naja-naja-et0cm2.jpg,Venomous_Snake,TRAIN,0,1,HIGH_CONFIDENCE_NEAR_DUPLICATE,0,0.304688,0.999639,0.998074,0.997948,80,79,0.9875,CONFIRMED_NEAR_DUPLICATE,pHash=0; dHash=1; aHash=0; aspect_delta=0.3047; pixel_corr=0.9996; SSIM=0.9981; hist_corr=0.9979; ORB_good=80; ORB_inliers=79; ORB_inlier_ratio=0.9875,HIGH_CONFIDENCE_NEAR_DUPLICATE
Venomous/Spectacled Cobra/snake36l.jpg,Spectacled Cobra,Venomous,train/Venomous_Snake/snake36l.jpg,Venomous_Snake,TRAIN,0,0,HIGH_CONFIDENCE_NEAR_DUPLICATE,0,0.333333,0.999895,0.997206,0.999926,29,23,0.793103,CONFIRMED_NEAR_DUPLICATE,pHash=0; dHash=0; aHash=0; aspect_delta=0.3333; pixel_corr=0.9999; SSIM=0.9972; hist_corr=0.9999; ORB_good=29; ORB_inliers=23; ORB_inlier_ratio=0.7931,HIGH_CONFIDENCE_NEAR_DUPLICATE
Venomous/Spectacled Cobra/snake_7n.jpg,Spectacled Cobra,Venomous,train/Venomous_Snake/snake_7n.jpg,Venomous_Snake,TRAIN,0,0,HIGH_CONFIDENCE_NEAR_DUPLICATE,0,0.338395,0.999577,0.997447,0.999266,72,67,0.930556,CONFIRMED_NEAR_DUPLICATE,pHash=0; dHash=0; aHash=0; aspect_delta=0.3384; pixel_corr=0.9996; SSIM=0.9974; hist_corr=0.9993; ORB_good=72; ORB_inliers=67; ORB_inlier_ratio=0.9306,HIGH_CONFIDENCE_NEAR_DUPLICATE
Venomous/Spectacled Cobra/SNP00413.jpg,Spectacled Cobra,Venomous,validation/Venomous_Snake/SNP00413.jpg,Venomous_Snake,VALIDATION,0,0,HIGH_CONFIDENCE_NEAR_DUPLICATE,0,0.203333,0.999612,0.997575,0.999813,183,168,0.918033,CONFIRMED_NEAR_DUPLICATE,pHash=0; dHash=0; aHash=0; aspect_delta=0.2033; pixel_corr=0.9996; SSIM=0.9976; hist_corr=0.9998; ORB_good=183; ORB_inliers=168; ORB_inlier_ratio=0.9180,HIGH_CONFIDENCE_NEAR_DUPLICATE
Venomous/Spectacled Cobra/Spectacle-Pattern-On-Hood-of-Cobra.jpg,Spectacled Cobra,Venomous,train/Venomous_Snake/Spectacle-Pattern-On-Hood-of-Cobra.jpg,Venomous_Snake,TRAIN,0,0,HIGH_CONFIDENCE_NEAR_DUPLICATE,0,0.3325,0.999787,0.997858,0.999418,43,33,0.767442,CONFIRMED_NEAR_DUPLICATE,pHash=0; dHash=0; aHash=0; aspect_delta=0.3325; pixel_corr=0.9998; SSIM=0.9979; hist_corr=0.9994; ORB_good=43; ORB_inliers=33; ORB_inlier_ratio=0.7674,HIGH_CONFIDENCE_NEAR_DUPLICATE
Venomous/Spectacled Cobra/Spectacled cobra.jpg,Spectacled Cobra,Venomous,train/Venomous_Snake/Spectacled cobra.jpg,Venomous_Snake,TRAIN,0,1,HIGH_CONFIDENCE_NEAR_DUPLICATE,0,0.406047,0.999268,0.996847,0.998625,1,0,0.0,POSSIBLE_NEAR_DUPLICATE,pHash=0; dHash=1; aHash=0; aspect_delta=0.4060; pixel_corr=0.9993; SSIM=0.9968; hist_corr=0.9986; ORB_good=1; ORB_inliers=0; ORB_inlier_ratio=0.0000,POSSIBLE_NEAR_DUPLICATE
Venomous/Spectacled Cobra/spectacled-cobra-highly-poisonous-elapine-indian-snake-indian-naja-naja-also-known-as-asian-binocellate-57558361.jpg,Spectacled Cobra,Venomous,train/Venomous_Snake/spectacled-cobra-highly-poisonous-elapine-indian-snake-indian-naja-naja-also-known-as-asian-binocellate-57558361.jpg,Venomous_Snake,TRAIN,0,1,HIGH_CONFIDENCE_NEAR_DUPLICATE,0,0.261538,0.999698,0.995333,0.998436,52,51,0.980769,CONFIRMED_NEAR_DUPLICATE,pHash=0; dHash=1; aHash=0; aspect_delta=0.2615; pixel_corr=0.9997; SSIM=0.9953; hist_corr=0.9984; ORB_good=52; ORB_inliers=51; ORB_inlier_ratio=0.9808,HIGH_CONFIDENCE_NEAR_DUPLICATE
Venomous/Spectacled Cobra/Spectacled-Cobra-Hood-Photo.jpg,Spectacled Cobra,Venomous,validation/Venomous_Snake/Spectacled-Cobra-Hood-Photo.jpg,Venomous_Snake,VALIDATION,0,0,HIGH_CONFIDENCE_NEAR_DUPLICATE,0,0.333984,0.999745,0.997799,0.998621,64,57,0.890625,CONFIRMED_NEAR_DUPLICATE,pHash=0; dHash=0; aHash=0; aspect_delta=0.3340; pixel_corr=0.9997; SSIM=0.9978; hist_corr=0.9986; ORB_good=64; ORB_inliers=57; ORB_inlier_ratio=0.8906,HIGH_CONFIDENCE_NEAR_DUPLICATE
Venomous/Spectacled Cobra/spectacled-cobra-in-basket-of-snake-charmer-new-delhi-india-naja-naja-DTRX7M.jpg,Spectacled Cobra,Venomous,validation/Venomous_Snake/spectacled-cobra-in-basket-of-snake-charmer-new-delhi-india-naja-naja-DTRX7M.jpg,Venomous_Snake,VALIDATION,0,0,HIGH_CONFIDENCE_NEAR_DUPLICATE,0,0.377698,0.999589,0.996479,0.999803,13,11,0.846154,POSSIBLE_NEAR_DUPLICATE,pHash=0; dHash=0; aHash=0; aspect_delta=0.3777; pixel_corr=0.9996; SSIM=0.9965; hist_corr=0.9998; ORB_good=13; ORB_inliers=11; ORB_inlier_ratio=0.8462,POSSIBLE_NEAR_DUPLICATE
Venomous/Spectacled Cobra/spectacled-cobra-naja-naja-bangalore-karnataka-theindian-cobrais-one-HNWT1W.jpg,Spectacled Cobra,Venomous,train/Venomous_Snake/spectacled-cobra-naja-naja-bangalore-karnataka-theindian-cobrais-one-HNWT1W.jpg,Venomous_Snake,TRAIN,0,1,HIGH_CONFIDENCE_NEAR_DUPLICATE,0,0.264615,0.999708,0.997339,0.998922,51,49,0.960784,CONFIRMED_NEAR_DUPLICATE,pHash=0; dHash=1; aHash=0; aspect_delta=0.2646; pixel_corr=0.9997; SSIM=0.9973; hist_corr=0.9989; ORB_good=51; ORB_inliers=49; ORB_inlier_ratio=0.9608,HIGH_CONFIDENCE_NEAR_DUPLICATE
Venomous/Spectacled Cobra/spectacled-cobra-naja-naja-bangalore-karnataka-theindian-cobrais-one-hnww7b.jpg,Spectacled Cobra,Venomous,train/Venomous_Snake/spectacled-cobra-naja-naja-bangalore-karnataka-theindian-cobrais-one-hnww7b.jpg,Venomous_Snake,TRAIN,0,0,HIGH_CONFIDENCE_NEAR_DUPLICATE,0,0.361702,0.999845,0.997991,0.999965,29,22,0.758621,CONFIRMED_NEAR_DUPLICATE,pHash=0; dHash=0; aHash=0; aspect_delta=0.3617; pixel_corr=0.9998; SSIM=0.9980; hist_corr=1.0000; ORB_good=29; ORB_inliers=22; ORB_inlier_ratio=0.7586,HIGH_CONFIDENCE_NEAR_DUPLICATE
Venomous/Spectacled Cobra/spectacled-cobra-naja-naja-bangalore-karnataka-theindian-cobrais-one-hnww7k.jpg,Spectacled Cobra,Venomous,train/Venomous_Snake/spectacled-cobra-naja-naja-bangalore-karnataka-theindian-cobrais-one-hnww7k.jpg,Venomous_Snake,TRAIN,2,0,HIGH_CONFIDENCE_NEAR_DUPLICATE,0,0.361702,0.999775,0.996037,0.999807,13,11,0.846154,POSSIBLE_NEAR_DUPLICATE,pHash=2; dHash=0; aHash=0; aspect_delta=0.3617; pixel_corr=0.9998; SSIM=0.9960; hist_corr=0.9998; ORB_good=13; ORB_inliers=11; ORB_inlier_ratio=0.8462,POSSIBLE_NEAR_DUPLICATE
Venomous/Spectacled Cobra/spectacled-cobra-naja-naja-family-elaphidae-aarey-milk-colony-mumbai-ECK328.jpg,Spectacled Cobra,Venomous,validation/Venomous_Snake/spectacled-cobra-naja-naja-family-elaphidae-aarey-milk-colony-mumbai-ECK328.jpg,Venomous_Snake,VALIDATION,0,1,HIGH_CONFIDENCE_NEAR_DUPLICATE,0,0.264615,0.999533,0.996943,0.997837,40,39,0.975,CONFIRMED_NEAR_DUPLICATE,pHash=0; dHash=1; aHash=0; aspect_delta=0.2646; pixel_corr=0.9995; SSIM=0.9969; hist_corr=0.9978; ORB_good=40; ORB_inliers=39; ORB_inlier_ratio=0.9750,HIGH_CONFIDENCE_NEAR_DUPLICATE
Venomous/Spectacled Cobra/spectacled-cobra-naja-naja-family-elaphidae-aarey-milk-colony-mumbai-eck40e.jpg,Spectacled Cobra,Venomous,train/Venomous_Snake/spectacled-cobra-naja-naja-family-elaphidae-aarey-milk-colony-mumbai-eck40e.jpg,Venomous_Snake,TRAIN,0,1,HIGH_CONFIDENCE_NEAR_DUPLICATE,0,0.361702,0.999493,0.995955,0.999472,42,39,0.928571,CONFIRMED_NEAR_DUPLICATE,pHash=0; dHash=1; aHash=0; aspect_delta=0.3617; pixel_corr=0.9995; SSIM=0.9960; hist_corr=0.9995; ORB_good=42; ORB_inliers=39; ORB_inlier_ratio=0.9286,HIGH_CONFIDENCE_NEAR_DUPLICATE
Venomous/Spectacled Cobra/spectacled-cobra-naja-naja-family-elaphidae-aarey-milk-colony-mumbai-ECK40G.jpg,Spectacled Cobra,Venomous,train/Venomous_Snake/spectacled-cobra-naja-naja-family-elaphidae-aarey-milk-colony-mumbai-ECK40G.jpg,Venomous_Snake,TRAIN,0,0,HIGH_CONFIDENCE_NEAR_DUPLICATE,0,0.376978,0.99852,0.9953,0.999403,16,15,0.9375,LIKELY_NEAR_DUPLICATE,pHash=0; dHash=0; aHash=0; aspect_delta=0.3770; pixel_corr=0.9985; SSIM=0.9953; hist_corr=0.9994; ORB_good=16; ORB_inliers=15; ORB_inlier_ratio=0.9375,POSSIBLE_NEAR_DUPLICATE
Venomous/Spectacled Cobra/spectacled-cobra-naja-naja-family-elaphidae-aarey-milk-colony-mumbai-eck40j.jpg,Spectacled Cobra,Venomous,train/Venomous_Snake/spectacled-cobra-naja-naja-family-elaphidae-aarey-milk-colony-mumbai-eck40j.jpg,Venomous_Snake,TRAIN,0,0,HIGH_CONFIDENCE_NEAR_DUPLICATE,0,0.288889,0.999591,0.996861,0.9992,124,114,0.919355,CONFIRMED_NEAR_DUPLICATE,pHash=0; dHash=0; aHash=0; aspect_delta=0.2889; pixel_corr=0.9996; SSIM=0.9969; hist_corr=0.9992; ORB_good=124; ORB_inliers=114; ORB_inlier_ratio=0.9194,HIGH_CONFIDENCE_NEAR_DUPLICATE
Venomous/Spectacled Cobra/spectacled-cobra-naja-naja-family-elaphidae-aarey-milk-colony-mumbai-eck40m.jpg,Spectacled Cobra,Venomous,train/Venomous_Snake/spectacled-cobra-naja-naja-family-elaphidae-aarey-milk-colony-mumbai-eck40m.jpg,Venomous_Snake,TRAIN,0,1,HIGH_CONFIDENCE_NEAR_DUPLICATE,0,0.288889,0.999527,0.996889,0.99934,124,111,0.895161,CONFIRMED_NEAR_DUPLICATE,pHash=0; dHash=1; aHash=0; aspect_delta=0.2889; pixel_corr=0.9995; SSIM=0.9969; hist_corr=0.9993; ORB_good=124; ORB_inliers=111; ORB_inlier_ratio=0.8952,HIGH_CONFIDENCE_NEAR_DUPLICATE
Venomous/Spectacled Cobra/spectacled-cobra-naja-naja-family-elaphidae-aarey-milk-colony-mumbai-eck40r.jpg,Spectacled Cobra,Venomous,validation/Venomous_Snake/spectacled-cobra-naja-naja-family-elaphidae-aarey-milk-colony-mumbai-eck40r.jpg,Venomous_Snake,VALIDATION,0,0,HIGH_CONFIDENCE_NEAR_DUPLICATE,0,0.301563,0.999715,0.996457,0.998168,104,101,0.971154,CONFIRMED_NEAR_DUPLICATE,pHash=0; dHash=0; aHash=0; aspect_delta=0.3016; pixel_corr=0.9997; SSIM=0.9965; hist_corr=0.9982; ORB_good=104; ORB_inliers=101; ORB_inlier_ratio=0.9712,HIGH_CONFIDENCE_NEAR_DUPLICATE
Venomous/Spectacled Cobra/spectacled-cobra-naja-naja-family-elaphidae-aarey-milk-colony-mumbai-eck40t.jpg,Spectacled Cobra,Venomous,train/Venomous_Snake/spectacled-cobra-naja-naja-family-elaphidae-aarey-milk-colony-mumbai-eck40t.jpg,Venomous_Snake,TRAIN,0,1,HIGH_CONFIDENCE_NEAR_DUPLICATE,0,0.288889,0.999609,0.996439,0.998984,123,118,0.95935,CONFIRMED_NEAR_DUPLICATE,pHash=0; dHash=1; aHash=0; aspect_delta=0.2889; pixel_corr=0.9996; SSIM=0.9964; hist_corr=0.9990; ORB_good=123; ORB_inliers=118; ORB_inlier_ratio=0.9593,HIGH_CONFIDENCE_NEAR_DUPLICATE
Venomous/Spectacled Cobra/spectacled-cobra-naja-naja-ncbs-bangalore-india-fajac6.jpg,Spectacled Cobra,Venomous,train/Venomous_Snake/spectacled-cobra-naja-naja-ncbs-bangalore-india-fajac6.jpg,Venomous_Snake,TRAIN,0,1,HIGH_CONFIDENCE_NEAR_DUPLICATE,0,0.361702,0.99954,0.997398,0.999305,45,40,0.888889,CONFIRMED_NEAR_DUPLICATE,pHash=0; dHash=1; aHash=0; aspect_delta=0.3617; pixel_corr=0.9995; SSIM=0.9974; hist_corr=0.9993; ORB_good=45; ORB_inliers=40; ORB_inlier_ratio=0.8889,HIGH_CONFIDENCE_NEAR_DUPLICATE
Venomous/Spectacled Cobra/spectacled-cobra-naja-naja-ncbs-bangalore-india-fajaca.jpg,Spectacled Cobra,Venomous,train/Venomous_Snake/spectacled-cobra-naja-naja-ncbs-bangalore-india-fajaca.jpg,Venomous_Snake,TRAIN,0,0,HIGH_CONFIDENCE_NEAR_DUPLICATE,0,0.288889,0.999614,0.997338,0.998782,64,59,0.921875,CONFIRMED_NEAR_DUPLICATE,pHash=0; dHash=0; aHash=0; aspect_delta=0.2889; pixel_corr=0.9996; SSIM=0.9973; hist_corr=0.9988; ORB_good=64; ORB_inliers=59; ORB_inlier_ratio=0.9219,HIGH_CONFIDENCE_NEAR_DUPLICATE
Venomous/Spectacled Cobra/spectacled-cobra-naja-naja-venomous-common-aarey-milk-colony-mumbai-b87kda.jpg,Spectacled Cobra,Venomous,train/Venomous_Snake/spectacled-cobra-naja-naja-venomous-common-aarey-milk-colony-mumbai-b87kda.jpg,Venomous_Snake,TRAIN,0,0,HIGH_CONFIDENCE_NEAR_DUPLICATE,0,0.357407,0.999284,0.997661,0.993882,34,29,0.852941,CONFIRMED_NEAR_DUPLICATE,pHash=0; dHash=0; aHash=0; aspect_delta=0.3574; pixel_corr=0.9993; SSIM=0.9977; hist_corr=0.9939; ORB_good=34; ORB_inliers=29; ORB_inlier_ratio=0.8529,HIGH_CONFIDENCE_NEAR_DUPLICATE
Venomous/Spectacled Cobra/spectacled-cobra-naja-naja-venomous-common-bn519e.jpg,Spectacled Cobra,Venomous,train/Venomous_Snake/spectacled-cobra-naja-naja-venomous-common-bn519e.jpg,Venomous_Snake,TRAIN,0,1,HIGH_CONFIDENCE_NEAR_DUPLICATE,0,0.303125,0.999929,0.998712,0.999985,104,101,0.971154,CONFIRMED_NEAR_DUPLICATE,pHash=0; dHash=1; aHash=0; aspect_delta=0.3031; pixel_corr=0.9999; SSIM=0.9987; hist_corr=1.0000; ORB_good=104; ORB_inliers=101; ORB_inlier_ratio=0.9712,HIGH_CONFIDENCE_NEAR_DUPLICATE
Venomous/Spectacled Cobra/spectacled-cobra-naja-naja-venomous-common-c690gp.jpg,Spectacled Cobra,Venomous,train/Venomous_Snake/spectacled-cobra-naja-naja-venomous-common-c690gp.jpg,Venomous_Snake,TRAIN,0,0,HIGH_CONFIDENCE_NEAR_DUPLICATE,0,0.357407,0.999526,0.997058,0.999518,59,44,0.745763,CONFIRMED_NEAR_DUPLICATE,pHash=0; dHash=0; aHash=0; aspect_delta=0.3574; pixel_corr=0.9995; SSIM=0.9971; hist_corr=0.9995; ORB_good=59; ORB_inliers=44; ORB_inlier_ratio=0.7458,HIGH_CONFIDENCE_NEAR_DUPLICATE
Venomous/Spectacled Cobra/spectacled-cobra-naja-naja-venomous-common-cc0bp0.jpg,Spectacled Cobra,Venomous,train/Venomous_Snake/spectacled-cobra-naja-naja-venomous-common-cc0bp0.jpg,Venomous_Snake,TRAIN,0,0,HIGH_CONFIDENCE_NEAR_DUPLICATE,0,0.358974,0.999723,0.996851,0.999658,58,47,0.810345,CONFIRMED_NEAR_DUPLICATE,pHash=0; dHash=0; aHash=0; aspect_delta=0.3590; pixel_corr=0.9997; SSIM=0.9969; hist_corr=0.9997; ORB_good=58; ORB_inliers=47; ORB_inlier_ratio=0.8103,HIGH_CONFIDENCE_NEAR_DUPLICATE
Venomous/Spectacled Cobra/spectacled-cobra-naja-naja-venomous-common-dive-ghat-maharasthra-india-AA2KAR.jpg,Spectacled Cobra,Venomous,validation/Venomous_Snake/spectacled-cobra-naja-naja-venomous-common-dive-ghat-maharasthra-india-AA2KAR.jpg,Venomous_Snake,VALIDATION,2,0,HIGH_CONFIDENCE_NEAR_DUPLICATE,0,0.298561,0.99957,0.996408,0.999047,18,16,0.888889,LIKELY_NEAR_DUPLICATE,pHash=2; dHash=0; aHash=0; aspect_delta=0.2986; pixel_corr=0.9996; SSIM=0.9964; hist_corr=0.9990; ORB_good=18; ORB_inliers=16; ORB_inlier_ratio=0.8889,POSSIBLE_NEAR_DUPLICATE
Venomous/Spectacled Cobra/spectacled-cobra-naja-naja-venomous-common-elapidae-ajivali-devrai-BY1010.jpg,Spectacled Cobra,Venomous,train/Venomous_Snake/spectacled-cobra-naja-naja-venomous-common-elapidae-ajivali-devrai-BY1010.jpg,Venomous_Snake,TRAIN,0,0,HIGH_CONFIDENCE_NEAR_DUPLICATE,0,0.376978,0.999367,0.997041,0.999274,18,17,0.944444,LIKELY_NEAR_DUPLICATE,pHash=0; dHash=0; aHash=0; aspect_delta=0.3770; pixel_corr=0.9994; SSIM=0.9970; hist_corr=0.9993; ORB_good=18; ORB_inliers=17; ORB_inlier_ratio=0.9444,POSSIBLE_NEAR_DUPLICATE
Venomous/Spectacled Cobra/spectacled-cobra-naja-naja-venomous-common-elapidae-pune-en6afd.jpg,Spectacled Cobra,Venomous,train/Venomous_Snake/spectacled-cobra-naja-naja-venomous-common-elapidae-pune-en6afd.jpg,Venomous_Snake,TRAIN,0,0,HIGH_CONFIDENCE_NEAR_DUPLICATE,0,0.301563,0.999358,0.997612,0.999664,76,75,0.986842,CONFIRMED_NEAR_DUPLICATE,pHash=0; dHash=0; aHash=0; aspect_delta=0.3016; pixel_corr=0.9994; SSIM=0.9976; hist_corr=0.9997; ORB_good=76; ORB_inliers=75; ORB_inlier_ratio=0.9868,HIGH_CONFIDENCE_NEAR_DUPLICATE
Venomous/Spectacled Cobra/spectacled-cobra-naja-naja-venomous-common-elapidae-pune-en6afe.jpg,Spectacled Cobra,Venomous,validation/Venomous_Snake/spectacled-cobra-naja-naja-venomous-common-elapidae-pune-en6afe.jpg,Venomous_Snake,VALIDATION,0,0,HIGH_CONFIDENCE_NEAR_DUPLICATE,0,0.361702,0.999574,0.998093,0.999731,57,50,0.877193,CONFIRMED_NEAR_DUPLICATE,pHash=0; dHash=0; aHash=0; aspect_delta=0.3617; pixel_corr=0.9996; SSIM=0.9981; hist_corr=0.9997; ORB_good=57; ORB_inliers=50; ORB_inlier_ratio=0.8772,HIGH_CONFIDENCE_NEAR_DUPLICATE
Venomous/Spectacled Cobra/spectacled-cobra-naja-naja-venomous-common-elapidae-pune-en6afg.jpg,Spectacled Cobra,Venomous,train/Venomous_Snake/spectacled-cobra-naja-naja-venomous-common-elapidae-pune-en6afg.jpg,Venomous_Snake,TRAIN,0,0,HIGH_CONFIDENCE_NEAR_DUPLICATE,0,0.301563,0.999492,0.997587,0.999626,109,108,0.990826,CONFIRMED_NEAR_DUPLICATE,pHash=0; dHash=0; aHash=0; aspect_delta=0.3016; pixel_corr=0.9995; SSIM=0.9976; hist_corr=0.9996; ORB_good=109; ORB_inliers=108; ORB_inlier_ratio=0.9908,HIGH_CONFIDENCE_NEAR_DUPLICATE
Venomous/Spectacled Cobra/spectacled-cobra-naja-naja-venomous-common-elapidae-pune-en6afj.jpg,Spectacled Cobra,Venomous,train/Venomous_Snake/spectacled-cobra-naja-naja-venomous-common-elapidae-pune-en6afj.jpg,Venomous_Snake,TRAIN,0,0,HIGH_CONFIDENCE_NEAR_DUPLICATE,0,0.288889,0.999428,0.997795,0.999301,134,123,0.91791,CONFIRMED_NEAR_DUPLICATE,pHash=0; dHash=0; aHash=0; aspect_delta=0.2889; pixel_corr=0.9994; SSIM=0.9978; hist_corr=0.9993; ORB_good=134; ORB_inliers=123; ORB_inlier_ratio=0.9179,HIGH_CONFIDENCE_NEAR_DUPLICATE
Venomous/Spectacled Cobra/spectacled-cobra-naja-naja-venomous-common-film-city-mumbai-b87jh0.jpg,Spectacled Cobra,Venomous,train/Venomous_Snake/spectacled-cobra-naja-naja-venomous-common-film-city-mumbai-b87jh0.jpg,Venomous_Snake,TRAIN,0,0,HIGH_CONFIDENCE_NEAR_DUPLICATE,0,0.357407,0.999553,0.997901,0.997743,54,51,0.944444,CONFIRMED_NEAR_DUPLICATE,pHash=0; dHash=0; aHash=0; aspect_delta=0.3574; pixel_corr=0.9996; SSIM=0.9979; hist_corr=0.9977; ORB_good=54; ORB_inliers=51; ORB_inlier_ratio=0.9444,HIGH_CONFIDENCE_NEAR_DUPLICATE
Venomous/Spectacled Cobra/spectacled-cobra-naja-naja-venomous-common-genus-of-venomous-elapid-AX06FY.jpg,Spectacled Cobra,Venomous,validation/Venomous_Snake/spectacled-cobra-naja-naja-venomous-common-genus-of-venomous-elapid-AX06FY.jpg,Venomous_Snake,VALIDATION,0,0,HIGH_CONFIDENCE_NEAR_DUPLICATE,0,0.374101,0.99927,0.996945,0.997984,6,4,0.666667,POSSIBLE_NEAR_DUPLICATE,pHash=0; dHash=0; aHash=0; aspect_delta=0.3741; pixel_corr=0.9993; SSIM=0.9969; hist_corr=0.9980; ORB_good=6; ORB_inliers=4; ORB_inlier_ratio=0.6667,POSSIBLE_NEAR_DUPLICATE
Venomous/Spectacled Cobra/spectacled-cobra-naja-naja-venomous-common-genus-of-venomous-elapid-AX079W.jpg,Spectacled Cobra,Venomous,train/Venomous_Snake/spectacled-cobra-naja-naja-venomous-common-genus-of-venomous-elapid-AX079W.jpg,Venomous_Snake,TRAIN,0,0,HIGH_CONFIDENCE_NEAR_DUPLICATE,0,0.261538,0.998947,0.996922,0.995164,45,42,0.933333,CONFIRMED_NEAR_DUPLICATE,pHash=0; dHash=0; aHash=0; aspect_delta=0.2615; pixel_corr=0.9989; SSIM=0.9969; hist_corr=0.9952; ORB_good=45; ORB_inliers=42; ORB_inlier_ratio=0.9333,HIGH_CONFIDENCE_NEAR_DUPLICATE
Venomous/Spectacled Cobra/spectacled-cobra-naja-naja-venomous-common-genus-of-venomous-elapid-ax07kw.jpg,Spectacled Cobra,Venomous,train/Venomous_Snake/spectacled-cobra-naja-naja-venomous-common-genus-of-venomous-elapid-ax07kw.jpg,Venomous_Snake,TRAIN,0,0,HIGH_CONFIDENCE_NEAR_DUPLICATE,0,0.3,0.999709,0.998045,0.998138,92,88,0.956522,CONFIRMED_NEAR_DUPLICATE,pHash=0; dHash=0; aHash=0; aspect_delta=0.3000; pixel_corr=0.9997; SSIM=0.9980; hist_corr=0.9981; ORB_good=92; ORB_inliers=88; ORB_inlier_ratio=0.9565,HIGH_CONFIDENCE_NEAR_DUPLICATE
Venomous/Spectacled Cobra/spectacled-cobra-naja-naja-venomous-common-genus-of-venomous-elapid-ax07tg.jpg,Spectacled Cobra,Venomous,train/Venomous_Snake/spectacled-cobra-naja-naja-venomous-common-genus-of-venomous-elapid-ax07tg.jpg,Venomous_Snake,TRAIN,0,1,HIGH_CONFIDENCE_NEAR_DUPLICATE,0,0.3,0.999179,0.997584,0.997566,76,76,1.0,CONFIRMED_NEAR_DUPLICATE,pHash=0; dHash=1; aHash=0; aspect_delta=0.3000; pixel_corr=0.9992; SSIM=0.9976; hist_corr=0.9976; ORB_good=76; ORB_inliers=76; ORB_inlier_ratio=1.0000,HIGH_CONFIDENCE_NEAR_DUPLICATE
Venomous/Spectacled Cobra/spectacled-cobra-naja-naja-venomous-common-genus-of-venomous-elapid-AX08MW.jpg,Spectacled Cobra,Venomous,train/Venomous_Snake/spectacled-cobra-naja-naja-venomous-common-genus-of-venomous-elapid-AX08MW.jpg,Venomous_Snake,TRAIN,0,0,HIGH_CONFIDENCE_NEAR_DUPLICATE,0,0.261538,0.999356,0.997587,0.997584,40,38,0.95,CONFIRMED_NEAR_DUPLICATE,pHash=0; dHash=0; aHash=0; aspect_delta=0.2615; pixel_corr=0.9994; SSIM=0.9976; hist_corr=0.9976; ORB_good=40; ORB_inliers=38; ORB_inlier_ratio=0.9500,HIGH_CONFIDENCE_NEAR_DUPLICATE
Venomous/Spectacled Cobra/spectacled-cobra-naja-naja-venomous-common-genus-of-venomous-elapid-ax2f1m.jpg,Spectacled Cobra,Venomous,validation/Venomous_Snake/spectacled-cobra-naja-naja-venomous-common-genus-of-venomous-elapid-ax2f1m.jpg,Venomous_Snake,VALIDATION,0,1,HIGH_CONFIDENCE_NEAR_DUPLICATE,0,0.355556,0.999724,0.997971,0.995337,16,11,0.6875,LIKELY_NEAR_DUPLICATE,pHash=0; dHash=1; aHash=0; aspect_delta=0.3556; pixel_corr=0.9997; SSIM=0.9980; hist_corr=0.9953; ORB_good=16; ORB_inliers=11; ORB_inlier_ratio=0.6875,POSSIBLE_NEAR_DUPLICATE
Venomous/Spectacled Cobra/spectacled-cobra-naja-naja-venomous-common-golaghat-district-assam-DABB5W.jpg,Spectacled Cobra,Venomous,train/Venomous_Snake/spectacled-cobra-naja-naja-venomous-common-golaghat-district-assam-DABB5W.jpg,Venomous_Snake,TRAIN,0,0,HIGH_CONFIDENCE_NEAR_DUPLICATE,0,0.376978,0.999715,0.997586,0.999114,20,20,1.0,CONFIRMED_NEAR_DUPLICATE,pHash=0; dHash=0; aHash=0; aspect_delta=0.3770; pixel_corr=0.9997; SSIM=0.9976; hist_corr=0.9991; ORB_good=20; ORB_inliers=20; ORB_inlier_ratio=1.0000,HIGH_CONFIDENCE_NEAR_DUPLICATE
Venomous/Spectacled Cobra/spectacled-cobra-naja-naja-venomous-common-golaghat-district-assam-dabb6c.jpg,Spectacled Cobra,Venomous,train/Venomous_Snake/spectacled-cobra-naja-naja-venomous-common-golaghat-district-assam-dabb6c.jpg,Venomous_Snake,TRAIN,0,1,HIGH_CONFIDENCE_NEAR_DUPLICATE,0,0.288889,0.999611,0.9967,0.996519,108,105,0.972222,CONFIRMED_NEAR_DUPLICATE,pHash=0; dHash=1; aHash=0; aspect_delta=0.2889; pixel_corr=0.9996; SSIM=0.9967; hist_corr=0.9965; ORB_good=108; ORB_inliers=105; ORB_inlier_ratio=0.9722,HIGH_CONFIDENCE_NEAR_DUPLICATE
Venomous/Spectacled Cobra/spectacled-cobra-naja-naja-venomous-common-indian-cobra-seen-in-gorai-ae6mrw.jpg,Spectacled Cobra,Venomous,train/Venomous_Snake/spectacled-cobra-naja-naja-venomous-common-indian-cobra-seen-in-gorai-ae6mrw.jpg,Venomous_Snake,TRAIN,0,0,HIGH_CONFIDENCE_NEAR_DUPLICATE,0,0.366667,0.999813,0.996012,0.999034,47,39,0.829787,CONFIRMED_NEAR_DUPLICATE,pHash=0; dHash=0; aHash=0; aspect_delta=0.3667; pixel_corr=0.9998; SSIM=0.9960; hist_corr=0.9990; ORB_good=47; ORB_inliers=39; ORB_inlier_ratio=0.8298,HIGH_CONFIDENCE_NEAR_DUPLICATE
Venomous/Spectacled Cobra/spectacled-cobra-naja-naja-venomous-common-marol-police-camp-andheri-b87jen.jpg,Spectacled Cobra,Venomous,train/Venomous_Snake/spectacled-cobra-naja-naja-venomous-common-marol-police-camp-andheri-b87jen.jpg,Venomous_Snake,TRAIN,0,1,HIGH_CONFIDENCE_NEAR_DUPLICATE,0,0.357407,0.999746,0.994808,0.99956,69,62,0.898551,CONFIRMED_NEAR_DUPLICATE,pHash=0; dHash=1; aHash=0; aspect_delta=0.3574; pixel_corr=0.9997; SSIM=0.9948; hist_corr=0.9996; ORB_good=69; ORB_inliers=62; ORB_inlier_ratio=0.8986,HIGH_CONFIDENCE_NEAR_DUPLICATE
Venomous/Spectacled Cobra/Spectacled-Cobra-Picture.jpg,Spectacled Cobra,Venomous,train/Venomous_Snake/Spectacled-Cobra-Picture.jpg,Venomous_Snake,TRAIN,0,0,HIGH_CONFIDENCE_NEAR_DUPLICATE,1,0.333984,0.99976,0.997785,0.999482,98,94,0.959184,CONFIRMED_NEAR_DUPLICATE,pHash=0; dHash=0; aHash=1; aspect_delta=0.3340; pixel_corr=0.9998; SSIM=0.9978; hist_corr=0.9995; ORB_good=98; ORB_inliers=94; ORB_inlier_ratio=0.9592,HIGH_CONFIDENCE_NEAR_DUPLICATE
Venomous/Spectacled Cobra/Spectacled-cobra-skins-seized-due-to-illegal-trade.jpg,Spectacled Cobra,Venomous,train/Venomous_Snake/Spectacled-cobra-skins-seized-due-to-illegal-trade.jpg,Venomous_Snake,TRAIN,2,0,HIGH_CONFIDENCE_NEAR_DUPLICATE,0,0.332308,0.999698,0.996688,0.999361,42,41,0.97619,CONFIRMED_NEAR_DUPLICATE,pHash=2; dHash=0; aHash=0; aspect_delta=0.3323; pixel_corr=0.9997; SSIM=0.9967; hist_corr=0.9994; ORB_good=42; ORB_inliers=41; ORB_inlier_ratio=0.9762,HIGH_CONFIDENCE_NEAR_DUPLICATE
Venomous/Spectacled Cobra/spectacled-cobra-slide-1-1024x682.jpg,Spectacled Cobra,Venomous,validation/Venomous_Snake/spectacled-cobra-slide-1-1024x682.jpg,Venomous_Snake,VALIDATION,0,0,HIGH_CONFIDENCE_NEAR_DUPLICATE,0,0.333984,0.999606,0.996905,0.999493,43,42,0.976744,CONFIRMED_NEAR_DUPLICATE,pHash=0; dHash=0; aHash=0; aspect_delta=0.3340; pixel_corr=0.9996; SSIM=0.9969; hist_corr=0.9995; ORB_good=43; ORB_inliers=42; ORB_inlier_ratio=0.9767,HIGH_CONFIDENCE_NEAR_DUPLICATE
Venomous/Spectacled Cobra/Spectacled-Cobra.jpg,Spectacled Cobra,Venomous,train/Venomous_Snake/Spectacled-Cobra.jpg,Venomous_Snake,TRAIN,0,1,HIGH_CONFIDENCE_NEAR_DUPLICATE,0,0.332031,0.99955,0.997819,0.999719,100,90,0.9,CONFIRMED_NEAR_DUPLICATE,pHash=0; dHash=1; aHash=0; aspect_delta=0.3320; pixel_corr=0.9995; SSIM=0.9978; hist_corr=0.9997; ORB_good=100; ORB_inliers=90; ORB_inlier_ratio=0.9000,HIGH_CONFIDENCE_NEAR_DUPLICATE
Venomous/Spectacled Cobra/Spectacled-Cobra31.jpg,Spectacled Cobra,Venomous,train/Venomous_Snake/Spectacled-Cobra31.jpg,Venomous_Snake,TRAIN,2,0,HIGH_CONFIDENCE_NEAR_DUPLICATE,0,0.416667,0.999229,0.99619,0.999939,41,37,0.902439,CONFIRMED_NEAR_DUPLICATE,pHash=2; dHash=0; aHash=0; aspect_delta=0.4167; pixel_corr=0.9992; SSIM=0.9962; hist_corr=0.9999; ORB_good=41; ORB_inliers=37; ORB_inlier_ratio=0.9024,HIGH_CONFIDENCE_NEAR_DUPLICATE
Venomous/Spectacled Cobra/spectacled-cobra_001.jpg,Spectacled Cobra,Venomous,train/Venomous_Snake/spectacled-cobra_001.jpg,Venomous_Snake,TRAIN,0,1,HIGH_CONFIDENCE_NEAR_DUPLICATE,0,0.250909,0.99968,0.998358,0.999176,216,215,0.99537,CONFIRMED_NEAR_DUPLICATE,pHash=0; dHash=1; aHash=0; aspect_delta=0.2509; pixel_corr=0.9997; SSIM=0.9984; hist_corr=0.9992; ORB_good=216; ORB_inliers=215; ORB_inlier_ratio=0.9954,HIGH_CONFIDENCE_NEAR_DUPLICATE
Venomous/Spectacled Cobra/Spectacled-Cobra_003.jpg,Spectacled Cobra,Venomous,train/Venomous_Snake/Spectacled-Cobra_003.jpg,Venomous_Snake,TRAIN,0,1,HIGH_CONFIDENCE_NEAR_DUPLICATE,0,0.25,0.998992,0.996368,0.995594,63,63,1.0,CONFIRMED_NEAR_DUPLICATE,pHash=0; dHash=1; aHash=0; aspect_delta=0.2500; pixel_corr=0.9990; SSIM=0.9964; hist_corr=0.9956; ORB_good=63; ORB_inliers=63; ORB_inlier_ratio=1.0000,HIGH_CONFIDENCE_NEAR_DUPLICATE
Venomous/Spectacled Cobra/Spectacled_Cobra_and_Stripe-necked_Mongoose_DHobcorft.jpg,Spectacled Cobra,Venomous,train/Venomous_Snake/Spectacled_Cobra_and_Stripe-necked_Mongoose_DHobcorft.jpg,Venomous_Snake,TRAIN,0,0,HIGH_CONFIDENCE_NEAR_DUPLICATE,0,0.348235,0.999348,0.997774,0.999782,66,58,0.878788,CONFIRMED_NEAR_DUPLICATE,pHash=0; dHash=0; aHash=0; aspect_delta=0.3482; pixel_corr=0.9993; SSIM=0.9978; hist_corr=0.9998; ORB_good=66; ORB_inliers=58; ORB_inlier_ratio=0.8788,HIGH_CONFIDENCE_NEAR_DUPLICATE
Venomous/Spectacled Cobra/stock-photo-indian-cobra-170225447.jpg,Spectacled Cobra,Venomous,train/Venomous_Snake/stock-photo-indian-cobra-170225447.jpg,Venomous_Snake,TRAIN,0,0,HIGH_CONFIDENCE_NEAR_DUPLICATE,0,0.288889,0.999286,0.995387,0.998103,105,93,0.885714,CONFIRMED_NEAR_DUPLICATE,pHash=0; dHash=0; aHash=0; aspect_delta=0.2889; pixel_corr=0.9993; SSIM=0.9954; hist_corr=0.9981; ORB_good=105; ORB_inliers=93; ORB_inlier_ratio=0.8857,HIGH_CONFIDENCE_NEAR_DUPLICATE
Venomous/Spectacled Cobra/the-indian-cobra-naja-naja-also-known-as-the-spectacled-cobra-asian-FW7360.jpg,Spectacled Cobra,Venomous,train/Venomous_Snake/the-indian-cobra-naja-naja-also-known-as-the-spectacled-cobra-asian-FW7360.jpg,Venomous_Snake,TRAIN,0,1,HIGH_CONFIDENCE_NEAR_DUPLICATE,0,0.266923,0.999186,0.997449,0.996899,45,45,1.0,CONFIRMED_NEAR_DUPLICATE,pHash=0; dHash=1; aHash=0; aspect_delta=0.2669; pixel_corr=0.9992; SSIM=0.9974; hist_corr=0.9969; ORB_good=45; ORB_inliers=45; ORB_inlier_ratio=1.0000,HIGH_CONFIDENCE_NEAR_DUPLICATE
Venomous/Spectacled Cobra/The_Common_Indian_Cobra_or_Spectacled_Cobra_02.JPG,Spectacled Cobra,Venomous,train/Venomous_Snake/The_Common_Indian_Cobra_or_Spectacled_Cobra_02.JPG,Venomous_Snake,TRAIN,0,0,HIGH_CONFIDENCE_NEAR_DUPLICATE,2,0.25,0.999328,0.997037,0.994662,4,4,1.0,POSSIBLE_NEAR_DUPLICATE,pHash=0; dHash=0; aHash=2; aspect_delta=0.2500; pixel_corr=0.9993; SSIM=0.9970; hist_corr=0.9947; ORB_good=4; ORB_inliers=4; ORB_inlier_ratio=1.0000,POSSIBLE_NEAR_DUPLICATE
Venomous/Spectacled Cobra/The_Common_Indian_Cobra_or_Spectacled_Cobra_04.JPG,Spectacled Cobra,Venomous,train/Venomous_Snake/The_Common_Indian_Cobra_or_Spectacled_Cobra_04.JPG,Venomous_Snake,TRAIN,0,0,HIGH_CONFIDENCE_NEAR_DUPLICATE,3,0.25,0.99915,0.996716,0.996634,3,0,0.0,POSSIBLE_NEAR_DUPLICATE,pHash=0; dHash=0; aHash=3; aspect_delta=0.2500; pixel_corr=0.9991; SSIM=0.9967; hist_corr=0.9966; ORB_good=3; ORB_inliers=0; ORB_inlier_ratio=0.0000,POSSIBLE_NEAR_DUPLICATE
Venomous/Spectacled Cobra/The_Common_Indian_Cobra_or_Spectacled_Cobra_07.JPG,Spectacled Cobra,Venomous,train/Venomous_Snake/The_Common_Indian_Cobra_or_Spectacled_Cobra_07.JPG,Venomous_Snake,TRAIN,0,0,HIGH_CONFIDENCE_NEAR_DUPLICATE,0,0.25,0.999523,0.997584,0.99609,4,4,1.0,POSSIBLE_NEAR_DUPLICATE,pHash=0; dHash=0; aHash=0; aspect_delta=0.2500; pixel_corr=0.9995; SSIM=0.9976; hist_corr=0.9961; ORB_good=4; ORB_inliers=4; ORB_inlier_ratio=1.0000,POSSIBLE_NEAR_DUPLICATE
Venomous/Spectacled Cobra/The_Common_Indian_Cobra_or_Spectacled_Cobra_08.JPG,Spectacled Cobra,Venomous,train/Venomous_Snake/The_Common_Indian_Cobra_or_Spectacled_Cobra_08.JPG,Venomous_Snake,TRAIN,0,0,HIGH_CONFIDENCE_NEAR_DUPLICATE,0,0.25,0.999267,0.99677,0.994597,2,0,0.0,POSSIBLE_NEAR_DUPLICATE,pHash=0; dHash=0; aHash=0; aspect_delta=0.2500; pixel_corr=0.9993; SSIM=0.9968; hist_corr=0.9946; ORB_good=2; ORB_inliers=0; ORB_inlier_ratio=0.0000,POSSIBLE_NEAR_DUPLICATE
Venomous/Spectacled Cobra/The_Common_Indian_Cobra_or_Spectacled_Cobra_13.JPG,Spectacled Cobra,Venomous,train/Venomous_Snake/The_Common_Indian_Cobra_or_Spectacled_Cobra_13.JPG,Venomous_Snake,TRAIN,0,0,HIGH_CONFIDENCE_NEAR_DUPLICATE,0,0.25,0.999161,0.997005,0.997614,3,0,0.0,POSSIBLE_NEAR_DUPLICATE,pHash=0; dHash=0; aHash=0; aspect_delta=0.2500; pixel_corr=0.9992; SSIM=0.9970; hist_corr=0.9976; ORB_good=3; ORB_inliers=0; ORB_inlier_ratio=0.0000,POSSIBLE_NEAR_DUPLICATE
Venomous/Spectacled Cobra/The_Common_Indian_Cobra_or_Spectacled_Cobra_14.JPG,Spectacled Cobra,Venomous,train/Venomous_Snake/The_Common_Indian_Cobra_or_Spectacled_Cobra_14.JPG,Venomous_Snake,TRAIN,0,0,HIGH_CONFIDENCE_NEAR_DUPLICATE,0,0.25,0.998848,0.99631,0.993119,1,0,0.0,POSSIBLE_NEAR_DUPLICATE,pHash=0; dHash=0; aHash=0; aspect_delta=0.2500; pixel_corr=0.9988; SSIM=0.9963; hist_corr=0.9931; ORB_good=1; ORB_inliers=0; ORB_inlier_ratio=0.0000,POSSIBLE_NEAR_DUPLICATE
Venomous/Spectacled Cobra/The_Common_Indian_Cobra_or_Spectacled_Cobra_21.JPG,Spectacled Cobra,Venomous,train/Venomous_Snake/The_Common_Indian_Cobra_or_Spectacled_Cobra_21.JPG,Venomous_Snake,TRAIN,0,0,HIGH_CONFIDENCE_NEAR_DUPLICATE,0,0.25,0.999566,0.997331,0.990616,2,0,0.0,POSSIBLE_NEAR_DUPLICATE,pHash=0; dHash=0; aHash=0; aspect_delta=0.2500; pixel_corr=0.9996; SSIM=0.9973; hist_corr=0.9906; ORB_good=2; ORB_inliers=0; ORB_inlier_ratio=0.0000,POSSIBLE_NEAR_DUPLICATE
Venomous/Spectacled Cobra/The_Common_Indian_Cobra_or_Spectacled_Cobra_23.JPG,Spectacled Cobra,Venomous,train/Venomous_Snake/The_Common_Indian_Cobra_or_Spectacled_Cobra_23.JPG,Venomous_Snake,TRAIN,0,0,HIGH_CONFIDENCE_NEAR_DUPLICATE,0,0.25,0.999592,0.997478,0.995919,3,0,0.0,POSSIBLE_NEAR_DUPLICATE,pHash=0; dHash=0; aHash=0; aspect_delta=0.2500; pixel_corr=0.9996; SSIM=0.9975; hist_corr=0.9959; ORB_good=3; ORB_inliers=0; ORB_inlier_ratio=0.0000,POSSIBLE_NEAR_DUPLICATE
Venomous/Spectacled Cobra/The_Common_Indian_Cobra_or_Spectacled_Cobra_29.JPG,Spectacled Cobra,Venomous,train/Venomous_Snake/The_Common_Indian_Cobra_or_Spectacled_Cobra_29.JPG,Venomous_Snake,TRAIN,0,1,HIGH_CONFIDENCE_NEAR_DUPLICATE,0,0.438596,0.99905,0.996536,0.99798,1,0,0.0,POSSIBLE_NEAR_DUPLICATE,pHash=0; dHash=1; aHash=0; aspect_delta=0.4386; pixel_corr=0.9990; SSIM=0.9965; hist_corr=0.9980; ORB_good=1; ORB_inliers=0; ORB_inlier_ratio=0.0000,POSSIBLE_NEAR_DUPLICATE
Venomous/Spectacled Cobra/The_Common_Indian_Cobra_or_Spectacled_Cobra_30.JPG,Spectacled Cobra,Venomous,train/Venomous_Snake/The_Common_Indian_Cobra_or_Spectacled_Cobra_30.JPG,Venomous_Snake,TRAIN,0,0,HIGH_CONFIDENCE_NEAR_DUPLICATE,0,0.25,0.999395,0.997131,0.995827,4,4,1.0,POSSIBLE_NEAR_DUPLICATE,pHash=0; dHash=0; aHash=0; aspect_delta=0.2500; pixel_corr=0.9994; SSIM=0.9971; hist_corr=0.9958; ORB_good=4; ORB_inliers=4; ORB_inlier_ratio=1.0000,POSSIBLE_NEAR_DUPLICATE
Venomous/Spectacled Cobra/The_Common_Indian_Cobra_or_Spectacled_Cobra_34.JPG,Spectacled Cobra,Venomous,train/Venomous_Snake/The_Common_Indian_Cobra_or_Spectacled_Cobra_34.JPG,Venomous_Snake,TRAIN,0,0,HIGH_CONFIDENCE_NEAR_DUPLICATE,0,0.25,0.999599,0.997348,0.996154,4,4,1.0,POSSIBLE_NEAR_DUPLICATE,pHash=0; dHash=0; aHash=0; aspect_delta=0.2500; pixel_corr=0.9996; SSIM=0.9973; hist_corr=0.9962; ORB_good=4; ORB_inliers=4; ORB_inlier_ratio=1.0000,POSSIBLE_NEAR_DUPLICATE
Venomous/Spectacled Cobra/The_Common_Indian_Cobra_or_Spectacled_Cobra_35.JPG,Spectacled Cobra,Venomous,train/Venomous_Snake/The_Common_Indian_Cobra_or_Spectacled_Cobra_35.JPG,Venomous_Snake,TRAIN,0,0,HIGH_CONFIDENCE_NEAR_DUPLICATE,0,0.25,0.99953,0.997302,0.996826,5,3,0.6,POSSIBLE_NEAR_DUPLICATE,pHash=0; dHash=0; aHash=0; aspect_delta=0.2500; pixel_corr=0.9995; SSIM=0.9973; hist_corr=0.9968; ORB_good=5; ORB_inliers=3; ORB_inlier_ratio=0.6000,POSSIBLE_NEAR_DUPLICATE
Venomous/Spectacled Cobra/tumblr_o07hjtgxd71r6bovho1_500.jpg,Spectacled Cobra,Venomous,test/Venomous_Snake/3f7b41317b2248121c9fa4fbbff48074--cobra-snake-slytherin.jpg,Venomous_Snake,TEST,0,0,HIGH_CONFIDENCE_NEAR_DUPLICATE,0,0.277457,0.999464,0.997005,0.998602,140,140,1.0,CONFIRMED_NEAR_DUPLICATE,pHash=0; dHash=0; aHash=0; aspect_delta=0.2775; pixel_corr=0.9995; SSIM=0.9970; hist_corr=0.9986; ORB_good=140; ORB_inliers=140; ORB_inlier_ratio=1.0000,HIGH_CONFIDENCE_NEAR_DUPLICATE
Venomous/Spectacled Cobra/tumblr_oe91zzenDc1uckwggo1_500.jpg,Spectacled Cobra,Venomous,train/Venomous_Snake/tumblr_oe91zzenDc1uckwggo1_500.jpg,Venomous_Snake,TRAIN,0,0,HIGH_CONFIDENCE_NEAR_DUPLICATE,0,0.334,0.999917,0.998373,0.999551,75,67,0.893333,CONFIRMED_NEAR_DUPLICATE,pHash=0; dHash=0; aHash=0; aspect_delta=0.3340; pixel_corr=0.9999; SSIM=0.9984; hist_corr=0.9996; ORB_good=75; ORB_inliers=67; ORB_inlier_ratio=0.8933,HIGH_CONFIDENCE_NEAR_DUPLICATE
Venomous/Spectacled Cobra/tumblr_os3eju0XZY1vraiwyo1_500.jpg,Spectacled Cobra,Venomous,train/Venomous_Snake/tumblr_os3eju0XZY1vraiwyo1_500.jpg,Venomous_Snake,TRAIN,0,0,HIGH_CONFIDENCE_NEAR_DUPLICATE,0,0.268,0.999781,0.996083,0.999656,176,163,0.926136,CONFIRMED_NEAR_DUPLICATE,pHash=0; dHash=0; aHash=0; aspect_delta=0.2680; pixel_corr=0.9998; SSIM=0.9961; hist_corr=0.9997; ORB_good=176; ORB_inliers=163; ORB_inlier_ratio=0.9261,HIGH_CONFIDENCE_NEAR_DUPLICATE
Venomous/Spectacled Cobra/x12185425.jpg,Spectacled Cobra,Venomous,train/Venomous_Snake/12185425.jpg,Venomous_Snake,TRAIN,0,0,HIGH_CONFIDENCE_NEAR_DUPLICATE,1,0.284133,0.999547,0.997772,0.997982,91,75,0.824176,CONFIRMED_NEAR_DUPLICATE,pHash=0; dHash=0; aHash=1; aspect_delta=0.2841; pixel_corr=0.9995; SSIM=0.9978; hist_corr=0.9980; ORB_good=91; ORB_inliers=75; ORB_inlier_ratio=0.8242,HIGH_CONFIDENCE_NEAR_DUPLICATE
