new_relative_path,new_parent,new_species,match_type,classification,existing_relative_path,existing_class,existing_split,phash_distance,dhash_distance,leakage_risk
Non-Venomous/Banded Racer/03000025388_01_f.jpg,Non-Venomous,Banded Racer,NEAR,HIGH_CONFIDENCE_NEAR_DUPLICATE,train/Non_Venomous_Snake/03000025388_01_f.jpg,Non_Venomous_Snake,TRAIN,0,0,False
Non-Venomous/Banded Racer/03000025388_01_f.jpg,Non-Venomous,Banded Racer,NEAR,HIGH_CONFIDENCE_NEAR_DUPLICATE,train/Non_Venomous_Snake/96.jpg,Non_Venomous_Snake,TRAIN,0,0,False
Non-Venomous/Banded Racer/03000026774_01_f.jpg,Non-Venomous,Banded Racer,NEAR,HIGH_CONFIDENCE_NEAR_DUPLICATE,train/Non_Venomous_Snake/03000026774_01_f.jpg,Non_Venomous_Snake,TRAIN,0,0,False
Non-Venomous/Banded Racer/03000026774_01_f.jpg,Non-Venomous,Banded Racer,NEAR,HIGH_CONFIDENCE_NEAR_DUPLICATE,train/Non_Venomous_Snake/17.jpg,Non_Venomous_Snake,TRAIN,0,1,False
Non-Venomous/Banded Racer/0835.jpeg,Non-Venomous,Banded Racer,NEAR,HIGH_CONFIDENCE_NEAR_DUPLICATE,train/Non_Venomous_Snake/0835.jpg,Non_Venomous_Snake,TRAIN,0,1,False
Non-Venomous/Banded Racer/1274635783_6d04848eae.jpg,Non-Venomous,Banded Racer,NEAR,HIGH_CONFIDENCE_NEAR_DUPLICATE,train/Non_Venomous_Snake/1274635783_6d04848eae.jpg,Non_Venomous_Snake,TRAIN,0,1,False
Non-Venomous/Banded Racer/1474639691IMG_9870.JPG,Non-Venomous,Banded Racer,NEAR,HIGH_CONFIDENCE_NEAR_DUPLICATE,train/Non_Venomous_Snake/1474639691IMG_9870.JPG,Non_Venomous_Snake,TRAIN,0,1,False
Non-Venomous/Banded Racer/1886.jpeg,Non-Venomous,Banded Racer,NEAR,POSSIBLE_NEAR_DUPLICATE,train/Non_Venomous_Snake/1886.jpg,Non_Venomous_Snake,TRAIN,2,3,False
Non-Venomous/Banded Racer/1886.jpeg,Non-Venomous,Banded Racer,NEAR,HIGH_CONFIDENCE_NEAR_DUPLICATE,train/Non_Venomous_Snake/42.jpg,Non_Venomous_Snake,TRAIN,0,0,False
Non-Venomous/Banded Racer/1887.jpeg,Non-Venomous,Banded Racer,NEAR,POSSIBLE_NEAR_DUPLICATE,train/Non_Venomous_Snake/1887.jpg,Non_Venomous_Snake,TRAIN,2,4,False
Non-Venomous/Banded Racer/1887.jpeg,Non-Venomous,Banded Racer,NEAR,POSSIBLE_NEAR_DUPLICATE,train/Non_Venomous_Snake/54.jpg,Non_Venomous_Snake,TRAIN,4,5,False
Non-Venomous/Banded Racer/3bbddef038d00a1492014b195f259104--colorful-snakes-nerd.jpg,Non-Venomous,Banded Racer,NEAR,HIGH_CONFIDENCE_NEAR_DUPLICATE,train/Non_Venomous_Snake/3bbddef038d00a1492014b195f259104--colorful-snakes-nerd.jpg,Non_Venomous_Snake,TRAIN,0,0,False
Non-Venomous/Banded Racer/5489314689_0dc82a6515_z.jpg,Non-Venomous,Banded Racer,NEAR,HIGH_CONFIDENCE_NEAR_DUPLICATE,train/Non_Venomous_Snake/5489314689_0dc82a6515_z.jpg,Non_Venomous_Snake,TRAIN,0,0,False
Non-Venomous/Banded Racer/5489314689_0dc82a6515_z.jpg,Non-Venomous,Banded Racer,NEAR,HIGH_CONFIDENCE_NEAR_DUPLICATE,train/Non_Venomous_Snake/56.jpg,Non_Venomous_Snake,TRAIN,0,0,False
Non-Venomous/Banded Racer/5489908162_098edd6fd0_z.jpg,Non-Venomous,Banded Racer,NEAR,HIGH_CONFIDENCE_NEAR_DUPLICATE,train/Non_Venomous_Snake/5489908162_098edd6fd0_z.jpg,Non_Venomous_Snake,TRAIN,0,0,False
Non-Venomous/Banded Racer/5489908744_1c627cc25f.jpg,Non-Venomous,Banded Racer,NEAR,HIGH_CONFIDENCE_NEAR_DUPLICATE,train/Non_Venomous_Snake/5489908744_1c627cc25f.jpg,Non_Venomous_Snake,TRAIN,2,2,False
Non-Venomous/Banded Racer/9678299431_e1027b9b6c_b.jpg,Non-Venomous,Banded Racer,NEAR,HIGH_CONFIDENCE_NEAR_DUPLICATE,train/Non_Venomous_Snake/12.jpg,Non_Venomous_Snake,TRAIN,0,1,False
Non-Venomous/Banded Racer/9678299431_e1027b9b6c_b.jpg,Non-Venomous,Banded Racer,NEAR,HIGH_CONFIDENCE_NEAR_DUPLICATE,train/Non_Venomous_Snake/9678299431_e1027b9b6c_b.jpg,Non_Venomous_Snake,TRAIN,0,0,False
Non-Venomous/Banded Racer/9678299431_e1027b9b6c_b.jpg,Non-Venomous,Banded Racer,NEAR,HIGH_CONFIDENCE_NEAR_DUPLICATE,train/Non_Venomous_Snake/9678299431_e1027b9b6c_m.jpg,Non_Venomous_Snake,TRAIN,0,1,False
Non-Venomous/Banded Racer/9678299431_e1027b9b6c_m.jpg,Non-Venomous,Banded Racer,NEAR,HIGH_CONFIDENCE_NEAR_DUPLICATE,train/Non_Venomous_Snake/12.jpg,Non_Venomous_Snake,TRAIN,0,2,False
Non-Venomous/Banded Racer/9678299431_e1027b9b6c_m.jpg,Non-Venomous,Banded Racer,NEAR,HIGH_CONFIDENCE_NEAR_DUPLICATE,train/Non_Venomous_Snake/9678299431_e1027b9b6c_b.jpg,Non_Venomous_Snake,TRAIN,0,1,False
Non-Venomous/Banded Racer/9678299431_e1027b9b6c_m.jpg,Non-Venomous,Banded Racer,NEAR,HIGH_CONFIDENCE_NEAR_DUPLICATE,train/Non_Venomous_Snake/9678299431_e1027b9b6c_m.jpg,Non_Venomous_Snake,TRAIN,0,0,False
Non-Venomous/Banded Racer/Argyrogena-fasciolata-03000032230_01.jpg,Non-Venomous,Banded Racer,NEAR,POSSIBLE_NEAR_DUPLICATE,train/Non_Venomous_Snake/26.jpg,Non_Venomous_Snake,TRAIN,4,0,False
Non-Venomous/Banded Racer/Argyrogena-fasciolata-03000032230_01.jpg,Non-Venomous,Banded Racer,NEAR,HIGH_CONFIDENCE_NEAR_DUPLICATE,train/Non_Venomous_Snake/Argyrogena-fasciolata-03000032230_01.jpg,Non_Venomous_Snake,TRAIN,0,0,False
Non-Venomous/Banded Racer/banded racer blog.JPG,Non-Venomous,Banded Racer,NEAR,HIGH_CONFIDENCE_NEAR_DUPLICATE,train/Non_Venomous_Snake/97.jpg,Non_Venomous_Snake,TRAIN,2,0,False
Non-Venomous/Banded Racer/banded racer blog.JPG,Non-Venomous,Banded Racer,NEAR,HIGH_CONFIDENCE_NEAR_DUPLICATE,train/Non_Venomous_Snake/banded racer blog.JPG,Non_Venomous_Snake,TRAIN,0,0,False
Non-Venomous/Banded Racer/Banded Racer Juvenile.jpg,Non-Venomous,Banded Racer,NEAR,HIGH_CONFIDENCE_NEAR_DUPLICATE,train/Non_Venomous_Snake/Banded Racer Juvenile.jpg,Non_Venomous_Snake,TRAIN,0,0,False
Non-Venomous/Banded Racer/Banded Racer.jpg,Non-Venomous,Banded Racer,NEAR,HIGH_CONFIDENCE_NEAR_DUPLICATE,train/Non_Venomous_Snake/50.jpg,Non_Venomous_Snake,TRAIN,0,0,False
Non-Venomous/Banded Racer/banded Racer_001.jpg,Non-Venomous,Banded Racer,NEAR,HIGH_CONFIDENCE_NEAR_DUPLICATE,test/Non_Venomous_Snake/banded Racer_001.jpg,Non_Venomous_Snake,TEST,0,0,True
Non-Venomous/Banded Racer/Banded Racer_1105.jpg,Non-Venomous,Banded Racer,NEAR,HIGH_CONFIDENCE_NEAR_DUPLICATE,test/Non_Venomous_Snake/Banded Racer_1105.jpg,Non_Venomous_Snake,TEST,0,0,True
Non-Venomous/Banded Racer/Banded-Racer-1-700x489.jpg,Non-Venomous,Banded Racer,NEAR,HIGH_CONFIDENCE_NEAR_DUPLICATE,test/Non_Venomous_Snake/Banded-Racer-1-700x489.jpg,Non_Venomous_Snake,TEST,0,0,True
Non-Venomous/Banded Racer/Banded-Racer-3-700x417.jpg,Non-Venomous,Banded Racer,NEAR,HIGH_CONFIDENCE_NEAR_DUPLICATE,test/Non_Venomous_Snake/Banded-Racer-3-700x417.jpg,Non_Venomous_Snake,TEST,0,1,True
Non-Venomous/Banded Racer/banded-racer-argyrogena-fasciolata-juvenile-non-venomous-locality-DCDHTP.jpg,Non-Venomous,Banded Racer,NEAR,HIGH_CONFIDENCE_NEAR_DUPLICATE,test/Non_Venomous_Snake/banded-racer-argyrogena-fasciolata-juvenile-non-venomous-locality-DCDHTP.jpg,Non_Venomous_Snake,TEST,0,0,True
Non-Venomous/Banded Racer/banded-racer-argyrogena-fasciolata-juvenile-non-venomous-locality-h9et85.jpg,Non-Venomous,Banded Racer,NEAR,HIGH_CONFIDENCE_NEAR_DUPLICATE,test/Non_Venomous_Snake/banded-racer-argyrogena-fasciolata-juvenile-non-venomous-locality-h9et85.jpg,Non_Venomous_Snake,TEST,0,0,True
Non-Venomous/Banded Racer/banded-racer-argyrogena-fasciolata-ncbs-bangalore-india-f7n70b.jpg,Non-Venomous,Banded Racer,NEAR,HIGH_CONFIDENCE_NEAR_DUPLICATE,test/Non_Venomous_Snake/banded-racer-argyrogena-fasciolata-ncbs-bangalore-india-f7n70b.jpg,Non_Venomous_Snake,TEST,0,0,True
Non-Venomous/Banded Racer/banded-racer-argyrogena-fasciolata-non-venomous-not-common-biting-ac6488.jpg,Non-Venomous,Banded Racer,NEAR,HIGH_CONFIDENCE_NEAR_DUPLICATE,test/Non_Venomous_Snake/banded-racer-argyrogena-fasciolata-non-venomous-not-common-biting-ac6488.jpg,Non_Venomous_Snake,TEST,0,2,True
Non-Venomous/Banded Racer/banded-racer-argyrogena-fasciolata-non-venomous-not-common-juvenile-A6TT4N.jpg,Non-Venomous,Banded Racer,NEAR,HIGH_CONFIDENCE_NEAR_DUPLICATE,test/Non_Venomous_Snake/banded-racer-argyrogena-fasciolata-non-venomous-not-common-juvenile-A6TT4N.jpg,Non_Venomous_Snake,TEST,0,0,True
Non-Venomous/Banded Racer/banded-racer-argyrogena-fasciolata-non-venomous-not-common-juvenile-A6TT4T.jpg,Non-Venomous,Banded Racer,NEAR,HIGH_CONFIDENCE_NEAR_DUPLICATE,test/Non_Venomous_Snake/banded-racer-argyrogena-fasciolata-non-venomous-not-common-juvenile-A6TT4T.jpg,Non_Venomous_Snake,TEST,0,0,True
Non-Venomous/Banded Racer/banded-racer-argyrogena-fasciolata-non-venomous-not-common-kalbeliya-AT2BHP.jpg,Non-Venomous,Banded Racer,NEAR,HIGH_CONFIDENCE_NEAR_DUPLICATE,test/Non_Venomous_Snake/banded-racer-argyrogena-fasciolata-non-venomous-not-common-kalbeliya-AT2BHP.jpg,Non_Venomous_Snake,TEST,2,0,True
Non-Venomous/Banded Racer/banded-racerargyrogena-fasciolata-ncbs-bangalore-india-f7n6yr.jpg,Non-Venomous,Banded Racer,NEAR,HIGH_CONFIDENCE_NEAR_DUPLICATE,test/Non_Venomous_Snake/banded-racerargyrogena-fasciolata-ncbs-bangalore-india-f7n6yr.jpg,Non_Venomous_Snake,TEST,0,1,True
Non-Venomous/Banded Racer/banded_racer2.JPG,Non-Venomous,Banded Racer,NEAR,HIGH_CONFIDENCE_NEAR_DUPLICATE,test/Non_Venomous_Snake/banded_racer2.JPG,Non_Venomous_Snake,TEST,0,0,True
Non-Venomous/Banded Racer/Banded_Racer_Argyrogena_fasciolata_by_Ashahar_alias_Krishna_Khan.jpg,Non-Venomous,Banded Racer,NEAR,HIGH_CONFIDENCE_NEAR_DUPLICATE,test/Non_Venomous_Snake/Banded_Racer_Argyrogena_fasciolata_by_Ashahar_alias_Krishna_Khan.jpg,Non_Venomous_Snake,TEST,0,0,True
Non-Venomous/Banded Racer/flagellum_19mar11_1b.jpg,Non-Venomous,Banded Racer,NEAR,HIGH_CONFIDENCE_NEAR_DUPLICATE,test/Non_Venomous_Snake/flagellum_19mar11_1b.jpg,Non_Venomous_Snake,TEST,0,0,True
Non-Venomous/Banded Racer/img6.jpg,Non-Venomous,Banded Racer,NEAR,HIGH_CONFIDENCE_NEAR_DUPLICATE,test/Non_Venomous_Snake/img6.jpg,Non_Venomous_Snake,TEST,0,0,True
Non-Venomous/Banded Racer/medium.JPG,Non-Venomous,Banded Racer,NEAR,HIGH_CONFIDENCE_NEAR_DUPLICATE,test/Non_Venomous_Snake/medium.JPG,Non_Venomous_Snake,TEST,0,0,True
Non-Venomous/Checkered Keelback/1170695.jpg,Non-Venomous,Checkered Keelback,NEAR,HIGH_CONFIDENCE_NEAR_DUPLICATE,train/Non_Venomous_Snake/1170695.jpg,Non_Venomous_Snake,TRAIN,2,0,False
Non-Venomous/Checkered Keelback/1274637963_d73bd842e0.jpg,Non-Venomous,Checkered Keelback,NEAR,HIGH_CONFIDENCE_NEAR_DUPLICATE,train/Non_Venomous_Snake/1274637963_d73bd842e0.jpg,Non_Venomous_Snake,TRAIN,2,1,False
Non-Venomous/Checkered Keelback/12783453_954980014598589_967027178_n.jpg,Non-Venomous,Checkered Keelback,NEAR,HIGH_CONFIDENCE_NEAR_DUPLICATE,train/Non_Venomous_Snake/12783453_954980014598589_967027178_n.jpg,Non_Venomous_Snake,TRAIN,0,0,False
Non-Venomous/Checkered Keelback/1474640697main-2.JPG,Non-Venomous,Checkered Keelback,NEAR,HIGH_CONFIDENCE_NEAR_DUPLICATE,train/Non_Venomous_Snake/1474640697main-2.JPG,Non_Venomous_Snake,TRAIN,2,1,False
Non-Venomous/Checkered Keelback/15563108480_e836a296f0_b.jpg,Non-Venomous,Checkered Keelback,NEAR,HIGH_CONFIDENCE_NEAR_DUPLICATE,train/Non_Venomous_Snake/15563108480_e836a296f0_b.jpg,Non_Venomous_Snake,TRAIN,0,1,False
Non-Venomous/Checkered Keelback/174_gall.jpg,Non-Venomous,Checkered Keelback,NEAR,HIGH_CONFIDENCE_NEAR_DUPLICATE,train/Non_Venomous_Snake/174_gall.jpg,Non_Venomous_Snake,TRAIN,0,0,False
Non-Venomous/Checkered Keelback/2.jpg,Non-Venomous,Checkered Keelback,NEAR,HIGH_CONFIDENCE_NEAR_DUPLICATE,train/Non_Venomous_Snake/2.jpg,Non_Venomous_Snake,TRAIN,0,0,False
Non-Venomous/Checkered Keelback/20256325489_07fa92c4e6_b.jpg,Non-Venomous,Checkered Keelback,NEAR,HIGH_CONFIDENCE_NEAR_DUPLICATE,train/Non_Venomous_Snake/20256325489_07fa92c4e6_b.jpg,Non_Venomous_Snake,TRAIN,0,0,False
Non-Venomous/Checkered Keelback/20656965795_eb050dd6c5.jpg,Non-Venomous,Checkered Keelback,NEAR,HIGH_CONFIDENCE_NEAR_DUPLICATE,validation/Non_Venomous_Snake/20656965795_eb050dd6c5.jpg,Non_Venomous_Snake,VALIDATION,0,0,False
Non-Venomous/Checkered Keelback/20833697950_fa473f7660_b.jpg,Non-Venomous,Checkered Keelback,NEAR,HIGH_CONFIDENCE_NEAR_DUPLICATE,train/Non_Venomous_Snake/20833697950_fa473f7660_b.jpg,Non_Venomous_Snake,TRAIN,0,0,False
Non-Venomous/Checkered Keelback/2171758814_f5686d0104.jpg,Non-Venomous,Checkered Keelback,NEAR,HIGH_CONFIDENCE_NEAR_DUPLICATE,train/Non_Venomous_Snake/2171758814_f5686d0104.jpg,Non_Venomous_Snake,TRAIN,0,0,False
Non-Venomous/Checkered Keelback/220px-AB031_buff_striped_char2.JPG,Non-Venomous,Checkered Keelback,NEAR,HIGH_CONFIDENCE_NEAR_DUPLICATE,train/Non_Venomous_Snake/220px-AB031_buff_striped_char2.JPG,Non_Venomous_Snake,TRAIN,0,1,False
Non-Venomous/Checkered Keelback/24897900911_7d2ee1ecff_b.jpg,Non-Venomous,Checkered Keelback,NEAR,HIGH_CONFIDENCE_NEAR_DUPLICATE,validation/Non_Venomous_Snake/24897900911_7d2ee1ecff_b.jpg,Non_Venomous_Snake,VALIDATION,0,0,False
Non-Venomous/Checkered Keelback/27059896011_9809401f01.jpg,Non-Venomous,Checkered Keelback,NEAR,HIGH_CONFIDENCE_NEAR_DUPLICATE,train/Non_Venomous_Snake/27059896011_9809401f01.jpg,Non_Venomous_Snake,TRAIN,0,1,False
Non-Venomous/Checkered Keelback/27095118816_d9248d0b2a.jpg,Non-Venomous,Checkered Keelback,NEAR,HIGH_CONFIDENCE_NEAR_DUPLICATE,train/Non_Venomous_Snake/27095118816_d9248d0b2a.jpg,Non_Venomous_Snake,TRAIN,0,0,False
Non-Venomous/Checkered Keelback/28338459702_4ec8e72d4b_b.jpg,Non-Venomous,Checkered Keelback,NEAR,HIGH_CONFIDENCE_NEAR_DUPLICATE,train/Non_Venomous_Snake/28338459702_4ec8e72d4b_b.jpg,Non_Venomous_Snake,TRAIN,0,0,False
Non-Venomous/Checkered Keelback/3127695936_95cf55577b.jpg,Non-Venomous,Checkered Keelback,NEAR,HIGH_CONFIDENCE_NEAR_DUPLICATE,train/Non_Venomous_Snake/3127695936_95cf55577b.jpg,Non_Venomous_Snake,TRAIN,0,0,False
Non-Venomous/Checkered Keelback/3225992238_8e9d60ce0e.jpg,Non-Venomous,Checkered Keelback,NEAR,HIGH_CONFIDENCE_NEAR_DUPLICATE,train/Non_Venomous_Snake/3225992238_8e9d60ce0e.jpg,Non_Venomous_Snake,TRAIN,0,0,False
Non-Venomous/Checkered Keelback/32687581990_c21854f8d1_b.jpg,Non-Venomous,Checkered Keelback,NEAR,HIGH_CONFIDENCE_NEAR_DUPLICATE,train/Non_Venomous_Snake/32687581990_c21854f8d1_b.jpg,Non_Venomous_Snake,TRAIN,0,0,False
Non-Venomous/Checkered Keelback/3344089792_507b20d221.jpg,Non-Venomous,Checkered Keelback,NEAR,HIGH_CONFIDENCE_NEAR_DUPLICATE,validation/Non_Venomous_Snake/3344089792_507b20d221.jpg,Non_Venomous_Snake,VALIDATION,0,0,False
Non-Venomous/Checkered Keelback/3458289635_0a26c79263.jpg,Non-Venomous,Checkered Keelback,NEAR,HIGH_CONFIDENCE_NEAR_DUPLICATE,train/Non_Venomous_Snake/3458289635_0a26c79263.jpg,Non_Venomous_Snake,TRAIN,0,0,False
Non-Venomous/Checkered Keelback/3458294653_a8b87fc769.jpg,Non-Venomous,Checkered Keelback,NEAR,HIGH_CONFIDENCE_NEAR_DUPLICATE,train/Non_Venomous_Snake/3458294653_a8b87fc769.jpg,Non_Venomous_Snake,TRAIN,0,0,False
Non-Venomous/Checkered Keelback/3459109170_e6448377cd.jpg,Non-Venomous,Checkered Keelback,NEAR,HIGH_CONFIDENCE_NEAR_DUPLICATE,train/Non_Venomous_Snake/3459109170_e6448377cd.jpg,Non_Venomous_Snake,TRAIN,0,0,False
Non-Venomous/Checkered Keelback/350_e_s_500.jpg,Non-Venomous,Checkered Keelback,NEAR,HIGH_CONFIDENCE_NEAR_DUPLICATE,train/Non_Venomous_Snake/350_e_s_500.jpg,Non_Venomous_Snake,TRAIN,0,0,False
Non-Venomous/Checkered Keelback/4094409490_7b474a5030.jpg,Non-Venomous,Checkered Keelback,NEAR,HIGH_CONFIDENCE_NEAR_DUPLICATE,train/Non_Venomous_Snake/4094409490_7b474a5030.jpg,Non_Venomous_Snake,TRAIN,0,0,False
Non-Venomous/Checkered Keelback/45009f00bb38a1754edbdffde787a5b6--amphibians-reptiles.jpg,Non-Venomous,Checkered Keelback,NEAR,HIGH_CONFIDENCE_NEAR_DUPLICATE,train/Non_Venomous_Snake/45009f00bb38a1754edbdffde787a5b6--amphibians-reptiles.jpg,Non_Venomous_Snake,TRAIN,2,0,False
Non-Venomous/Checkered Keelback/4884945878_999a15707b_o.jpg,Non-Venomous,Checkered Keelback,NEAR,HIGH_CONFIDENCE_NEAR_DUPLICATE,train/Non_Venomous_Snake/4884945878_999a15707b_o.jpg,Non_Venomous_Snake,TRAIN,0,0,False
Non-Venomous/Checkered Keelback/491121-checkered-keeeled-back.jpg,Non-Venomous,Checkered Keelback,NEAR,HIGH_CONFIDENCE_NEAR_DUPLICATE,train/Non_Venomous_Snake/491121-checkered-keeeled-back.jpg,Non_Venomous_Snake,TRAIN,0,0,False
Non-Venomous/Checkered Keelback/5132438158_7853cbf717.jpg,Non-Venomous,Checkered Keelback,NEAR,HIGH_CONFIDENCE_NEAR_DUPLICATE,train/Non_Venomous_Snake/5132438158_7853cbf717.jpg,Non_Venomous_Snake,TRAIN,0,0,False
Non-Venomous/Checkered Keelback/5389390663_3fee7a07d3_o.jpg,Non-Venomous,Checkered Keelback,NEAR,HIGH_CONFIDENCE_NEAR_DUPLICATE,train/Non_Venomous_Snake/5389390663_3fee7a07d3_o.jpg,Non_Venomous_Snake,TRAIN,0,0,False
Non-Venomous/Checkered Keelback/6.jpg,Non-Venomous,Checkered Keelback,NEAR,HIGH_CONFIDENCE_NEAR_DUPLICATE,train/Non_Venomous_Snake/6.jpg,Non_Venomous_Snake,TRAIN,0,0,False
Non-Venomous/Checkered Keelback/6040463084_f23655f730.jpg,Non-Venomous,Checkered Keelback,NEAR,HIGH_CONFIDENCE_NEAR_DUPLICATE,validation/Non_Venomous_Snake/6040463084_f23655f730.jpg,Non_Venomous_Snake,VALIDATION,0,0,False
Non-Venomous/Checkered Keelback/6888018080_51ce929728.jpg,Non-Venomous,Checkered Keelback,NEAR,HIGH_CONFIDENCE_NEAR_DUPLICATE,validation/Non_Venomous_Snake/6888018080_51ce929728.jpg,Non_Venomous_Snake,VALIDATION,0,1,False
Non-Venomous/Checkered Keelback/8499894995_0bb1f2a772_m.jpg,Non-Venomous,Checkered Keelback,NEAR,HIGH_CONFIDENCE_NEAR_DUPLICATE,train/Non_Venomous_Snake/8499894995_0bb1f2a772_m.jpg,Non_Venomous_Snake,TRAIN,0,0,False
Non-Venomous/Checkered Keelback/8500953244_9c4fde2dc2_m.jpg,Non-Venomous,Checkered Keelback,NEAR,HIGH_CONFIDENCE_NEAR_DUPLICATE,train/Non_Venomous_Snake/8500953244_9c4fde2dc2_m.jpg,Non_Venomous_Snake,TRAIN,0,1,False
Non-Venomous/Checkered Keelback/8934339313_505460cf04.jpg,Non-Venomous,Checkered Keelback,NEAR,HIGH_CONFIDENCE_NEAR_DUPLICATE,validation/Non_Venomous_Snake/8934339313_505460cf04.jpg,Non_Venomous_Snake,VALIDATION,0,0,False
Non-Venomous/Checkered Keelback/9181975166_5a8900bcb4_b.jpg,Non-Venomous,Checkered Keelback,NEAR,HIGH_CONFIDENCE_NEAR_DUPLICATE,train/Non_Venomous_Snake/9181975166_5a8900bcb4_b.jpg,Non_Venomous_Snake,TRAIN,2,0,False
Non-Venomous/Checkered Keelback/9258449401_fee23ab38e.jpg,Non-Venomous,Checkered Keelback,NEAR,HIGH_CONFIDENCE_NEAR_DUPLICATE,validation/Non_Venomous_Snake/9258449401_fee23ab38e.jpg,Non_Venomous_Snake,VALIDATION,0,0,False
Non-Venomous/Checkered Keelback/_9068dce4-3ca7-11e7-99bd-b9a47f5fadca.jpg,Non-Venomous,Checkered Keelback,NEAR,HIGH_CONFIDENCE_NEAR_DUPLICATE,train/Non_Venomous_Snake/_9068dce4-3ca7-11e7-99bd-b9a47f5fadca.jpg,Non_Venomous_Snake,TRAIN,0,0,False
Non-Venomous/Checkered Keelback/_DSC0413.jpg,Non-Venomous,Checkered Keelback,NEAR,HIGH_CONFIDENCE_NEAR_DUPLICATE,train/Non_Venomous_Snake/_DSC0413.jpg,Non_Venomous_Snake,TRAIN,0,0,False
Non-Venomous/Checkered Keelback/_DSC0418.jpg,Non-Venomous,Checkered Keelback,NEAR,HIGH_CONFIDENCE_NEAR_DUPLICATE,train/Non_Venomous_Snake/_DSC0418.jpg,Non_Venomous_Snake,TRAIN,2,0,False
Non-Venomous/Checkered Keelback/amphiesma-stolatum_gerrut2.jpg,Non-Venomous,Checkered Keelback,NEAR,HIGH_CONFIDENCE_NEAR_DUPLICATE,train/Non_Venomous_Snake/amphiesma-stolatum_gerrut2.jpg,Non_Venomous_Snake,TRAIN,0,1,False
Non-Venomous/Checkered Keelback/Amphiesma_stolata (2).jpg,Non-Venomous,Checkered Keelback,NEAR,HIGH_CONFIDENCE_NEAR_DUPLICATE,train/Non_Venomous_Snake/Amphiesma_stolata (2).jpg,Non_Venomous_Snake,TRAIN,0,0,False
Non-Venomous/Checkered Keelback/Amphiesma_stolata.jpg,Non-Venomous,Checkered Keelback,NEAR,HIGH_CONFIDENCE_NEAR_DUPLICATE,train/Non_Venomous_Snake/Amphiesma_stolata.jpg,Non_Venomous_Snake,TRAIN,0,1,False
Non-Venomous/Checkered Keelback/AmpMai2.jpg,Non-Venomous,Checkered Keelback,NEAR,HIGH_CONFIDENCE_NEAR_DUPLICATE,validation/Non_Venomous_Snake/AmpMai2.jpg,Non_Venomous_Snake,VALIDATION,0,0,False
Non-Venomous/Checkered Keelback/BOM 12Dec11 Checkered Keelback Watersnake 03.jpg,Non-Venomous,Checkered Keelback,NEAR,HIGH_CONFIDENCE_NEAR_DUPLICATE,train/Non_Venomous_Snake/BOM 12Dec11 Checkered Keelback Watersnake 03.jpg,Non_Venomous_Snake,TRAIN,0,0,False
Non-Venomous/Checkered Keelback/Buff-Striped-Keelback.jpg,Non-Venomous,Checkered Keelback,NEAR,HIGH_CONFIDENCE_NEAR_DUPLICATE,train/Non_Venomous_Snake/Buff-Striped-Keelback.jpg,Non_Venomous_Snake,TRAIN,0,0,False
Non-Venomous/Checkered Keelback/C1TZ9PQVEAAUSUZ.jpg,Non-Venomous,Checkered Keelback,NEAR,HIGH_CONFIDENCE_NEAR_DUPLICATE,train/Non_Venomous_Snake/C1TZ9PQVEAAUSUZ.jpg,Non_Venomous_Snake,TRAIN,0,0,False
Non-Venomous/Checkered Keelback/C4hS1IoVUAASDWp.jpg,Non-Venomous,Checkered Keelback,NEAR,HIGH_CONFIDENCE_NEAR_DUPLICATE,validation/Non_Venomous_Snake/C4hS1IoVUAASDWp.jpg,Non_Venomous_Snake,VALIDATION,0,2,False
Non-Venomous/Checkered Keelback/Char8_Small_tail.JPG,Non-Venomous,Checkered Keelback,NEAR,HIGH_CONFIDENCE_NEAR_DUPLICATE,train/Non_Venomous_Snake/Char8_Small_tail.JPG,Non_Venomous_Snake,TRAIN,0,1,False
Non-Venomous/Checkered Keelback/checked keelback watersnake.jpg,Non-Venomous,Checkered Keelback,NEAR,HIGH_CONFIDENCE_NEAR_DUPLICATE,train/Non_Venomous_Snake/checked keelback watersnake.jpg,Non_Venomous_Snake,TRAIN,0,0,False
Non-Venomous/Checkered Keelback/checked keelback.jpg,Non-Venomous,Checkered Keelback,NEAR,HIGH_CONFIDENCE_NEAR_DUPLICATE,validation/Non_Venomous_Snake/checked keelback.jpg,Non_Venomous_Snake,VALIDATION,0,0,False
Non-Venomous/Checkered Keelback/checkered keelback blog.JPG,Non-Venomous,Checkered Keelback,NEAR,HIGH_CONFIDENCE_NEAR_DUPLICATE,train/Non_Venomous_Snake/checkered keelback blog.JPG,Non_Venomous_Snake,TRAIN,0,0,False
Non-Venomous/Checkered Keelback/checkered keelback blog2.JPG,Non-Venomous,Checkered Keelback,NEAR,HIGH_CONFIDENCE_NEAR_DUPLICATE,validation/Non_Venomous_Snake/checkered keelback blog2.JPG,Non_Venomous_Snake,VALIDATION,0,0,False
Non-Venomous/Checkered Keelback/Checkered Keelback.jpg,Non-Venomous,Checkered Keelback,NEAR,HIGH_CONFIDENCE_NEAR_DUPLICATE,train/Non_Venomous_Snake/Checkered Keelback.jpg,Non_Venomous_Snake,TRAIN,0,0,False
Non-Venomous/Checkered Keelback/Checkered keelback_001.JPG,Non-Venomous,Checkered Keelback,NEAR,HIGH_CONFIDENCE_NEAR_DUPLICATE,train/Non_Venomous_Snake/Checkered keelback_001.JPG,Non_Venomous_Snake,TRAIN,0,1,False
Non-Venomous/Checkered Keelback/checkered keelback_002.jpg,Non-Venomous,Checkered Keelback,NEAR,HIGH_CONFIDENCE_NEAR_DUPLICATE,train/Non_Venomous_Snake/checkered keelback_002.jpg,Non_Venomous_Snake,TRAIN,0,0,False
Non-Venomous/Checkered Keelback/Checkered Keelback_003.jpg,Non-Venomous,Checkered Keelback,NEAR,HIGH_CONFIDENCE_NEAR_DUPLICATE,train/Non_Venomous_Snake/Checkered Keelback_003.jpg,Non_Venomous_Snake,TRAIN,0,0,False
Non-Venomous/Checkered Keelback/checkered keelback_004.jpg,Non-Venomous,Checkered Keelback,NEAR,HIGH_CONFIDENCE_NEAR_DUPLICATE,train/Non_Venomous_Snake/checkered keelback_004.jpg,Non_Venomous_Snake,TRAIN,0,0,False
Non-Venomous/Checkered Keelback/checkered-keelback-or-Asiatic-water-snake-Xenochrophis-piscator-11-2015-Toon1.jpg,Non-Venomous,Checkered Keelback,NEAR,HIGH_CONFIDENCE_NEAR_DUPLICATE,train/Non_Venomous_Snake/checkered-keelback-or-Asiatic-water-snake-Xenochrophis-piscator-11-2015-Toon1.jpg,Non_Venomous_Snake,TRAIN,0,0,False
Non-Venomous/Checkered Keelback/checkered-keelback-or-Asiatic-water-snake-Xenochrophis-piscator-11-2015-Toon2.jpg,Non-Venomous,Checkered Keelback,NEAR,HIGH_CONFIDENCE_NEAR_DUPLICATE,validation/Non_Venomous_Snake/checkered-keelback-or-Asiatic-water-snake-Xenochrophis-piscator-11-2015-Toon2.jpg,Non_Venomous_Snake,VALIDATION,0,0,False
Non-Venomous/Checkered Keelback/checkered-keelback-snake.jpg,Non-Venomous,Checkered Keelback,NEAR,HIGH_CONFIDENCE_NEAR_DUPLICATE,train/Non_Venomous_Snake/checkered-keelback-snake.jpg,Non_Venomous_Snake,TRAIN,0,0,False
Non-Venomous/Checkered Keelback/checkered-keelback-water-snake-xenochrophis-piscator-keoladeo-ghana-EYJX7F.jpg,Non-Venomous,Checkered Keelback,NEAR,HIGH_CONFIDENCE_NEAR_DUPLICATE,train/Non_Venomous_Snake/checkered-keelback-water-snake-xenochrophis-piscator-keoladeo-ghana-EYJX7F.jpg,Non_Venomous_Snake,TRAIN,0,0,False
Non-Venomous/Checkered Keelback/checkered-keelback-water-snake-xenochrophis-piscator-keoladeo-ghana-eyjx7x.jpg,Non-Venomous,Checkered Keelback,NEAR,HIGH_CONFIDENCE_NEAR_DUPLICATE,train/Non_Venomous_Snake/checkered-keelback-water-snake-xenochrophis-piscator-keoladeo-ghana-eyjx7x.jpg,Non_Venomous_Snake,TRAIN,2,0,False
Non-Venomous/Checkered Keelback/checkered-keelback-water-snake-xenochrophis-piscator-keoladeo-ghana-EYJX8X.jpg,Non-Venomous,Checkered Keelback,NEAR,HIGH_CONFIDENCE_NEAR_DUPLICATE,train/Non_Venomous_Snake/checkered-keelback-water-snake-xenochrophis-piscator-keoladeo-ghana-EYJX8X.jpg,Non_Venomous_Snake,TRAIN,2,0,False
Non-Venomous/Checkered Keelback/checkered-keelback-xenochrophis-piscator-non-venomous-common-checkered-a0jd7j.jpg,Non-Venomous,Checkered Keelback,NEAR,HIGH_CONFIDENCE_NEAR_DUPLICATE,train/Non_Venomous_Snake/checkered-keelback-xenochrophis-piscator-non-venomous-common-checkered-a0jd7j.jpg,Non_Venomous_Snake,TRAIN,0,0,False
Non-Venomous/Checkered Keelback/checkered-keelback-xenochrophis-piscator-non-venomous-common-checkered-BB81D9.jpg,Non-Venomous,Checkered Keelback,NEAR,HIGH_CONFIDENCE_NEAR_DUPLICATE,train/Non_Venomous_Snake/checkered-keelback-xenochrophis-piscator-non-venomous-common-checkered-BB81D9.jpg,Non_Venomous_Snake,TRAIN,0,0,False
Non-Venomous/Checkered Keelback/checkered-keelback-xenochrophis-piscator-non-venomous-common-checkered-C68YTX.jpg,Non-Venomous,Checkered Keelback,NEAR,HIGH_CONFIDENCE_NEAR_DUPLICATE,train/Non_Venomous_Snake/checkered-keelback-xenochrophis-piscator-non-venomous-common-checkered-C68YTX.jpg,Non_Venomous_Snake,TRAIN,0,1,False
Non-Venomous/Checkered Keelback/checkered-keelback-xenochrophis-piscator-non-venomous-common-paniwala-AX0A6G.jpg,Non-Venomous,Checkered Keelback,NEAR,HIGH_CONFIDENCE_NEAR_DUPLICATE,train/Non_Venomous_Snake/checkered-keelback-xenochrophis-piscator-non-venomous-common-paniwala-AX0A6G.jpg,Non_Venomous_Snake,TRAIN,0,0,False
Non-Venomous/Checkered Keelback/checkered-keelback-xenochrophis-piscator-non-venomous-common-scavenging-b31r66.jpg,Non-Venomous,Checkered Keelback,NEAR,HIGH_CONFIDENCE_NEAR_DUPLICATE,train/Non_Venomous_Snake/checkered-keelback-xenochrophis-piscator-non-venomous-common-scavenging-b31r66.jpg,Non_Venomous_Snake,TRAIN,0,0,False
Non-Venomous/Checkered Keelback/checkered-keelback-xenochrophis-piscator-ranthambhore-national-park-ajyt7g.jpg,Non-Venomous,Checkered Keelback,NEAR,HIGH_CONFIDENCE_NEAR_DUPLICATE,validation/Non_Venomous_Snake/checkered-keelback-xenochrophis-piscator-ranthambhore-national-park-ajyt7g.jpg,Non_Venomous_Snake,VALIDATION,2,0,False
Non-Venomous/Checkered Keelback/Checkered-Keelback_001.jpg,Non-Venomous,Checkered Keelback,NEAR,HIGH_CONFIDENCE_NEAR_DUPLICATE,train/Non_Venomous_Snake/Checkered-Keelback_001.jpg,Non_Venomous_Snake,TRAIN,0,1,False
Non-Venomous/Checkered Keelback/checkered-keelback_002.jpg,Non-Venomous,Checkered Keelback,NEAR,HIGH_CONFIDENCE_NEAR_DUPLICATE,train/Non_Venomous_Snake/checkered-keelback_002.jpg,Non_Venomous_Snake,TRAIN,0,0,False
Non-Venomous/Checkered Keelback/Checkered-Keelback_003.jpg,Non-Venomous,Checkered Keelback,NEAR,HIGH_CONFIDENCE_NEAR_DUPLICATE,train/Non_Venomous_Snake/Checkered-Keelback_003.jpg,Non_Venomous_Snake,TRAIN,0,1,False
Non-Venomous/Checkered Keelback/Checkered-keelback_004.jpg,Non-Venomous,Checkered Keelback,NEAR,HIGH_CONFIDENCE_NEAR_DUPLICATE,train/Non_Venomous_Snake/Checkered-keelback_004.jpg,Non_Venomous_Snake,TRAIN,0,0,False
Non-Venomous/Checkered Keelback/Checkered-keelback_in_IIT_Bombay.JPG,Non-Venomous,Checkered Keelback,NEAR,HIGH_CONFIDENCE_NEAR_DUPLICATE,train/Non_Venomous_Snake/Checkered-keelback_in_IIT_Bombay.JPG,Non_Venomous_Snake,TRAIN,0,0,False
Non-Venomous/Checkered Keelback/Checkered-Keelbacks-2.jpg,Non-Venomous,Checkered Keelback,NEAR,HIGH_CONFIDENCE_NEAR_DUPLICATE,train/Non_Venomous_Snake/Checkered-Keelbacks-2.jpg,Non_Venomous_Snake,TRAIN,0,0,False
Non-Venomous/Checkered Keelback/Checkered-Keelbacks-4.jpg,Non-Venomous,Checkered Keelback,NEAR,HIGH_CONFIDENCE_NEAR_DUPLICATE,train/Non_Venomous_Snake/Checkered-Keelbacks-4.jpg,Non_Venomous_Snake,TRAIN,0,0,False
Non-Venomous/Checkered Keelback/Checkered-Keelbacks-6.jpg,Non-Venomous,Checkered Keelback,NEAR,HIGH_CONFIDENCE_NEAR_DUPLICATE,train/Non_Venomous_Snake/Checkered-Keelbacks-6.jpg,Non_Venomous_Snake,TRAIN,0,2,False
Non-Venomous/Checkered Keelback/Checkered_Keelback.jpg,Non-Venomous,Checkered Keelback,NEAR,HIGH_CONFIDENCE_NEAR_DUPLICATE,train/Non_Venomous_Snake/Checkered_Keelback.jpg,Non_Venomous_Snake,TRAIN,2,0,False
Non-Venomous/Checkered Keelback/Checkered_Keelback_(Xenochrophis_piscator)_漁游蛇.jpg,Non-Venomous,Checkered Keelback,NEAR,HIGH_CONFIDENCE_NEAR_DUPLICATE,train/Non_Venomous_Snake/Checkered_Keelback_(Xenochrophis_piscator)_µ╝üµ╕╕Φ¢ç.jpg,Non_Venomous_Snake,TRAIN,0,0,False
Non-Venomous/Checkered Keelback/Checkered_Keelback_(Xenochrophis_piscator)_漁游蛇2.jpg,Non-Venomous,Checkered Keelback,NEAR,HIGH_CONFIDENCE_NEAR_DUPLICATE,validation/Non_Venomous_Snake/Checkered_Keelback_(Xenochrophis_piscator)_µ╝üµ╕╕Φ¢ç2.jpg,Non_Venomous_Snake,VALIDATION,2,1,False
Non-Venomous/Checkered Keelback/Checkered_Keelback_(Xenochrophis_piscator)_漁游蛇5.jpg,Non-Venomous,Checkered Keelback,NEAR,HIGH_CONFIDENCE_NEAR_DUPLICATE,train/Non_Venomous_Snake/Checkered_Keelback_(Xenochrophis_piscator)_µ╝üµ╕╕Φ¢ç5.jpg,Non_Venomous_Snake,TRAIN,0,0,False
Non-Venomous/Checkered Keelback/checkered_keelback_water_snake.jpg,Non-Venomous,Checkered Keelback,NEAR,HIGH_CONFIDENCE_NEAR_DUPLICATE,train/Non_Venomous_Snake/checkered_keelback_water_snake.jpg,Non_Venomous_Snake,TRAIN,0,0,False
"Non-Venomous/Checkered Keelback/Checkered_Keelback_Xenochrophis_piscator_Schneider,_1799_Assam_by_Dr_Raju_Kasambe_DSC_0477_(2).JPG",Non-Venomous,Checkered Keelback,NEAR,HIGH_CONFIDENCE_NEAR_DUPLICATE,"train/Non_Venomous_Snake/Checkered_Keelback_Xenochrophis_piscator_Schneider,_1799_Assam_by_Dr_Raju_Kasambe_DSC_0477_(2).JPG",Non_Venomous_Snake,TRAIN,0,0,False
Non-Venomous/Checkered Keelback/Chekkered Keel Back.jpg,Non-Venomous,Checkered Keelback,NEAR,HIGH_CONFIDENCE_NEAR_DUPLICATE,train/Non_Venomous_Snake/Chekkered Keel Back.jpg,Non_Venomous_Snake,TRAIN,0,0,False
Non-Venomous/Checkered Keelback/chequred keelback.jpg,Non-Venomous,Checkered Keelback,NEAR,HIGH_CONFIDENCE_NEAR_DUPLICATE,train/Non_Venomous_Snake/chequred keelback.jpg,Non_Venomous_Snake,TRAIN,0,0,False
Non-Venomous/Checkered Keelback/ckb.jpg,Non-Venomous,Checkered Keelback,NEAR,HIGH_CONFIDENCE_NEAR_DUPLICATE,train/Non_Venomous_Snake/ckb.jpg,Non_Venomous_Snake,TRAIN,0,0,False
Non-Venomous/Checkered Keelback/Cm9GKVuUMAAoh1K.jpg,Non-Venomous,Checkered Keelback,NEAR,POSSIBLE_NEAR_DUPLICATE,train/Non_Venomous_Snake/Cm9GKVuUMAAoh1K.jpg,Non_Venomous_Snake,TRAIN,0,3,False
Non-Venomous/Checkered Keelback/CxDP8_ZUoAQhwy3.jpg,Non-Venomous,Checkered Keelback,NEAR,HIGH_CONFIDENCE_NEAR_DUPLICATE,validation/Non_Venomous_Snake/CxDP8_ZUoAQhwy3.jpg,Non_Venomous_Snake,VALIDATION,0,1,False
Non-Venomous/Checkered Keelback/DSC00369.JPG,Non-Venomous,Checkered Keelback,NEAR,HIGH_CONFIDENCE_NEAR_DUPLICATE,train/Non_Venomous_Snake/DSC00369.JPG,Non_Venomous_Snake,TRAIN,2,0,False
Non-Venomous/Checkered Keelback/DSC00813.JPG,Non-Venomous,Checkered Keelback,NEAR,HIGH_CONFIDENCE_NEAR_DUPLICATE,train/Non_Venomous_Snake/DSC00813.JPG,Non_Venomous_Snake,TRAIN,0,0,False
Non-Venomous/Checkered Keelback/DSC4977.jpg,Non-Venomous,Checkered Keelback,NEAR,HIGH_CONFIDENCE_NEAR_DUPLICATE,train/Non_Venomous_Snake/DSC4977.jpg,Non_Venomous_Snake,TRAIN,0,1,False
Non-Venomous/Checkered Keelback/DSC_3798-1.jpg,Non-Venomous,Checkered Keelback,NEAR,HIGH_CONFIDENCE_NEAR_DUPLICATE,train/Non_Venomous_Snake/DSC_3798-1.jpg,Non_Venomous_Snake,TRAIN,0,1,False
Non-Venomous/Checkered Keelback/dyabayack.jpg,Non-Venomous,Checkered Keelback,NEAR,HIGH_CONFIDENCE_NEAR_DUPLICATE,train/Non_Venomous_Snake/dyabayack.jpg,Non_Venomous_Snake,TRAIN,2,0,False
Non-Venomous/Checkered Keelback/Fauna-6.jpg,Non-Venomous,Checkered Keelback,NEAR,HIGH_CONFIDENCE_NEAR_DUPLICATE,train/Non_Venomous_Snake/Fauna-6.jpg,Non_Venomous_Snake,TRAIN,0,0,False
Non-Venomous/Checkered Keelback/hqdefault.jpg,Non-Venomous,Checkered Keelback,NEAR,HIGH_CONFIDENCE_NEAR_DUPLICATE,train/Non_Venomous_Snake/hqdefault.jpg,Non_Venomous_Snake,TRAIN,0,1,False
Non-Venomous/Checkered Keelback/hqdefault_007.jpg,Non-Venomous,Checkered Keelback,NEAR,HIGH_CONFIDENCE_NEAR_DUPLICATE,train/Non_Venomous_Snake/hqdefault_007.jpg,Non_Venomous_Snake,TRAIN,0,0,False
Non-Venomous/Checkered Keelback/img_0498.jpg,Non-Venomous,Checkered Keelback,NEAR,HIGH_CONFIDENCE_NEAR_DUPLICATE,train/Non_Venomous_Snake/img_0498.jpg,Non_Venomous_Snake,TRAIN,0,0,False
Non-Venomous/Checkered Keelback/img_0563-copy.jpg,Non-Venomous,Checkered Keelback,NEAR,HIGH_CONFIDENCE_NEAR_DUPLICATE,train/Non_Venomous_Snake/img_0563-copy.jpg,Non_Venomous_Snake,TRAIN,0,0,False
Non-Venomous/Checkered Keelback/img_2570-001.jpg,Non-Venomous,Checkered Keelback,NEAR,HIGH_CONFIDENCE_NEAR_DUPLICATE,train/Non_Venomous_Snake/img_2570-001.jpg,Non_Venomous_Snake,TRAIN,0,0,False
Non-Venomous/Checkered Keelback/IMG_4798.JPG,Non-Venomous,Checkered Keelback,NEAR,HIGH_CONFIDENCE_NEAR_DUPLICATE,train/Non_Venomous_Snake/IMG_4798.JPG,Non_Venomous_Snake,TRAIN,0,1,False
Non-Venomous/Checkered Keelback/IMG_5300.JPG,Non-Venomous,Checkered Keelback,NEAR,HIGH_CONFIDENCE_NEAR_DUPLICATE,train/Non_Venomous_Snake/IMG_5300.JPG,Non_Venomous_Snake,TRAIN,0,0,False
Non-Venomous/Checkered Keelback/img_5554.jpg,Non-Venomous,Checkered Keelback,NEAR,HIGH_CONFIDENCE_NEAR_DUPLICATE,train/Non_Venomous_Snake/img_5554.jpg,Non_Venomous_Snake,TRAIN,0,1,False
Non-Venomous/Checkered Keelback/img_6516.jpg,Non-Venomous,Checkered Keelback,NEAR,HIGH_CONFIDENCE_NEAR_DUPLICATE,train/Non_Venomous_Snake/img_6516.jpg,Non_Venomous_Snake,TRAIN,0,0,False
Non-Venomous/Checkered Keelback/IMG_7087.JPG,Non-Venomous,Checkered Keelback,NEAR,HIGH_CONFIDENCE_NEAR_DUPLICATE,train/Non_Venomous_Snake/IMG_7087.JPG,Non_Venomous_Snake,TRAIN,0,1,False
Non-Venomous/Checkered Keelback/img_7098.jpg,Non-Venomous,Checkered Keelback,NEAR,HIGH_CONFIDENCE_NEAR_DUPLICATE,train/Non_Venomous_Snake/img_7098.jpg,Non_Venomous_Snake,TRAIN,2,0,False
Non-Venomous/Checkered Keelback/keelback1.jpg,Non-Venomous,Checkered Keelback,NEAR,HIGH_CONFIDENCE_NEAR_DUPLICATE,train/Non_Venomous_Snake/keelback1.jpg,Non_Venomous_Snake,TRAIN,0,1,False
Non-Venomous/Checkered Keelback/keelback_fish (5)_s.jpg,Non-Venomous,Checkered Keelback,NEAR,HIGH_CONFIDENCE_NEAR_DUPLICATE,train/Non_Venomous_Snake/keelback_fish (5)_s.jpg,Non_Venomous_Snake,TRAIN,0,1,False
Non-Venomous/Checkered Keelback/maxresdefault_003.jpg,Non-Venomous,Checkered Keelback,NEAR,HIGH_CONFIDENCE_NEAR_DUPLICATE,train/Non_Venomous_Snake/maxresdefault_003.jpg,Non_Venomous_Snake,TRAIN,0,0,False
Non-Venomous/Checkered Keelback/maxresdefault_004.jpg,Non-Venomous,Checkered Keelback,NEAR,HIGH_CONFIDENCE_NEAR_DUPLICATE,validation/Non_Venomous_Snake/maxresdefault_004.jpg,Non_Venomous_Snake,VALIDATION,2,0,False
Non-Venomous/Checkered Keelback/maxresdefault_006.jpg,Non-Venomous,Checkered Keelback,NEAR,HIGH_CONFIDENCE_NEAR_DUPLICATE,test/Non_Venomous_Snake/maxresdefault_006.jpg,Non_Venomous_Snake,TEST,0,0,True
Non-Venomous/Checkered Keelback/maxresdefault_009.jpg,Non-Venomous,Checkered Keelback,NEAR,HIGH_CONFIDENCE_NEAR_DUPLICATE,train/Non_Venomous_Snake/maxresdefault_009.jpg,Non_Venomous_Snake,TRAIN,0,0,False
Non-Venomous/Checkered Keelback/maxresdefault_011.jpg,Non-Venomous,Checkered Keelback,NEAR,HIGH_CONFIDENCE_NEAR_DUPLICATE,train/Non_Venomous_Snake/maxresdefault_011.jpg,Non_Venomous_Snake,TRAIN,0,0,False
Non-Venomous/Checkered Keelback/Natrix piscator.jpg,Non-Venomous,Checkered Keelback,NEAR,HIGH_CONFIDENCE_NEAR_DUPLICATE,test/Non_Venomous_Snake/Natrix piscator.jpg,Non_Venomous_Snake,TEST,0,1,True
Non-Venomous/Checkered Keelback/PICT6251_fcw.jpg,Non-Venomous,Checkered Keelback,NEAR,HIGH_CONFIDENCE_NEAR_DUPLICATE,test/Non_Venomous_Snake/PICT6251_fcw.jpg,Non_Venomous_Snake,TEST,0,1,True
Non-Venomous/Checkered Keelback/stock-photo-green-snake-checkered-keelback-xenochrophis-piscator-621348263.jpg,Non-Venomous,Checkered Keelback,NEAR,HIGH_CONFIDENCE_NEAR_DUPLICATE,test/Non_Venomous_Snake/stock-photo-green-snake-checkered-keelback-xenochrophis-piscator-621348263.jpg,Non_Venomous_Snake,TEST,0,0,True
Non-Venomous/Checkered Keelback/stock-photo-green-snake-checkered-keelback-xenochrophis-piscator-621348284.jpg,Non-Venomous,Checkered Keelback,NEAR,HIGH_CONFIDENCE_NEAR_DUPLICATE,test/Non_Venomous_Snake/stock-photo-green-snake-checkered-keelback-xenochrophis-piscator-621348284.jpg,Non_Venomous_Snake,TEST,0,2,True
Non-Venomous/Checkered Keelback/stock-photo-green-snake-checkered-keelback-xenochrophis-piscator-621348332.jpg,Non-Venomous,Checkered Keelback,NEAR,HIGH_CONFIDENCE_NEAR_DUPLICATE,test/Non_Venomous_Snake/stock-photo-green-snake-checkered-keelback-xenochrophis-piscator-621348332.jpg,Non_Venomous_Snake,TEST,0,1,True
Non-Venomous/Checkered Keelback/stock-photo-green-snake-checkered-keelback-xenochrophis-piscator-621348356.jpg,Non-Venomous,Checkered Keelback,NEAR,HIGH_CONFIDENCE_NEAR_DUPLICATE,test/Non_Venomous_Snake/stock-photo-green-snake-checkered-keelback-xenochrophis-piscator-621348356.jpg,Non_Venomous_Snake,TEST,0,2,True
Non-Venomous/Checkered Keelback/xenochrophis-piscator-checkered-keelback-non-venomous-arunachal-pradesh-h9erhb.jpg,Non-Venomous,Checkered Keelback,NEAR,HIGH_CONFIDENCE_NEAR_DUPLICATE,test/Non_Venomous_Snake/xenochrophis-piscator-checkered-keelback-non-venomous-arunachal-pradesh-h9erhb.jpg,Non_Venomous_Snake,TEST,0,1,True
Non-Venomous/Checkered Keelback/xenochrophis-piscator-checkered-keelback-water-snake-close-up-non-h9erxp.jpg,Non-Venomous,Checkered Keelback,NEAR,HIGH_CONFIDENCE_NEAR_DUPLICATE,test/Non_Venomous_Snake/xenochrophis-piscator-checkered-keelback-water-snake-close-up-non-h9erxp.jpg,Non_Venomous_Snake,TEST,0,0,True
Non-Venomous/Checkered Keelback/xenochrophis-piscator-checkered-keelback-water-snake-non-venomous-DFBH00.jpg,Non-Venomous,Checkered Keelback,NEAR,HIGH_CONFIDENCE_NEAR_DUPLICATE,test/Non_Venomous_Snake/xenochrophis-piscator-checkered-keelback-water-snake-non-venomous-DFBH00.jpg,Non_Venomous_Snake,TEST,0,0,True
Non-Venomous/Checkered Keelback/xenochrophis-piscator-checkered-keelback-water-snake-non-venomous-h9ertg.jpg,Non-Venomous,Checkered Keelback,NEAR,HIGH_CONFIDENCE_NEAR_DUPLICATE,test/Non_Venomous_Snake/xenochrophis-piscator-checkered-keelback-water-snake-non-venomous-h9ertg.jpg,Non_Venomous_Snake,TEST,0,0,True
Non-Venomous/Checkered Keelback/xenochrophis-piscator-checkered-keelback-water-snake-non-venomous-H9ERXF.jpg,Non-Venomous,Checkered Keelback,NEAR,HIGH_CONFIDENCE_NEAR_DUPLICATE,test/Non_Venomous_Snake/xenochrophis-piscator-checkered-keelback-water-snake-non-venomous-H9ERXF.jpg,Non_Venomous_Snake,TEST,0,0,True
Non-Venomous/Checkered Keelback/xenochrophis-piscator-checkered-keelback-water-snake-non-venomous-h9erxh.jpg,Non-Venomous,Checkered Keelback,NEAR,HIGH_CONFIDENCE_NEAR_DUPLICATE,test/Non_Venomous_Snake/xenochrophis-piscator-checkered-keelback-water-snake-non-venomous-h9erxh.jpg,Non_Venomous_Snake,TEST,0,0,True
Non-Venomous/Checkered Keelback/xenochrophis-piscator-checkered-keelback-water-snake-non-venomous-h9erxk.jpg,Non-Venomous,Checkered Keelback,NEAR,HIGH_CONFIDENCE_NEAR_DUPLICATE,test/Non_Venomous_Snake/xenochrophis-piscator-checkered-keelback-water-snake-non-venomous-h9erxk.jpg,Non_Venomous_Snake,TEST,0,1,True
Non-Venomous/Checkered Keelback/Xenochrophis_piscator_at_Kadavoor.jpg,Non-Venomous,Checkered Keelback,NEAR,HIGH_CONFIDENCE_NEAR_DUPLICATE,test/Non_Venomous_Snake/Xenochrophis_piscator_at_Kadavoor.jpg,Non_Venomous_Snake,TEST,0,1,True
Non-Venomous/Checkered Keelback/yellow-spotted-keelback-11-26-10-in-payao-province-31.jpg,Non-Venomous,Checkered Keelback,NEAR,HIGH_CONFIDENCE_NEAR_DUPLICATE,test/Non_Venomous_Snake/yellow-spotted-keelback-11-26-10-in-payao-province-31.jpg,Non_Venomous_Snake,TEST,0,1,True
Non-Venomous/Checkered Keelback/yellow-spotted-keelback-11-26-10-in-payao-province1.jpg,Non-Venomous,Checkered Keelback,NEAR,HIGH_CONFIDENCE_NEAR_DUPLICATE,test/Non_Venomous_Snake/yellow-spotted-keelback-11-26-10-in-payao-province1.jpg,Non_Venomous_Snake,TEST,0,0,True
Non-Venomous/Checkered Keelback/yellow-spotted-keelback-3-17-11-in-ramkhamhaeng.jpg,Non-Venomous,Checkered Keelback,NEAR,HIGH_CONFIDENCE_NEAR_DUPLICATE,test/Non_Venomous_Snake/yellow-spotted-keelback-3-17-11-in-ramkhamhaeng.jpg,Non_Venomous_Snake,TEST,0,0,True
Non-Venomous/Checkered Keelback/yellow-spotted-keelback-xenocropis-flavipunctus-vietnam-alex-krohn-21.jpg,Non-Venomous,Checkered Keelback,NEAR,HIGH_CONFIDENCE_NEAR_DUPLICATE,test/Non_Venomous_Snake/yellow-spotted-keelback-xenocropis-flavipunctus-vietnam-alex-krohn-21.jpg,Non_Venomous_Snake,TEST,0,0,True
Non-Venomous/Checkered Keelback/yellowspottedkeelback.jpg,Non-Venomous,Checkered Keelback,NEAR,HIGH_CONFIDENCE_NEAR_DUPLICATE,test/Non_Venomous_Snake/yellowspottedkeelback.jpg,Non_Venomous_Snake,TEST,0,1,True
Non-Venomous/Common Rat Snake/0763.jpeg,Non-Venomous,Common Rat Snake,NEAR,POSSIBLE_NEAR_DUPLICATE,validation/Non_Venomous_Snake/46666.jpg,Non_Venomous_Snake,VALIDATION,4,3,False
Non-Venomous/Common Rat Snake/0e07f0ba188cf87784d3c48f54e91ce3.jpg,Non-Venomous,Common Rat Snake,NEAR,HIGH_CONFIDENCE_NEAR_DUPLICATE,train/Non_Venomous_Snake/0e07f0ba188cf87784d3c48f54e91ce3.jpg,Non_Venomous_Snake,TRAIN,0,0,False
Non-Venomous/Common Rat Snake/1.jpg,Non-Venomous,Common Rat Snake,NEAR,HIGH_CONFIDENCE_NEAR_DUPLICATE,test/Non_Venomous_Snake/1.jpg,Non_Venomous_Snake,TEST,0,0,True
Non-Venomous/Common Rat Snake/11225995516_f9288eb60a_b.jpg,Non-Venomous,Common Rat Snake,NEAR,HIGH_CONFIDENCE_NEAR_DUPLICATE,train/Non_Venomous_Snake/11225995516_f9288eb60a_b.jpg,Non_Venomous_Snake,TRAIN,0,0,False
Non-Venomous/Common Rat Snake/112282-850x565-Yellow_Rat_Snake.jpg,Non-Venomous,Common Rat Snake,NEAR,HIGH_CONFIDENCE_NEAR_DUPLICATE,test/Non_Venomous_Snake/112282-850x565-Yellow_Rat_Snake.jpg,Non_Venomous_Snake,TEST,0,0,True
Non-Venomous/Common Rat Snake/126763-004-312A729C.jpg,Non-Venomous,Common Rat Snake,NEAR,HIGH_CONFIDENCE_NEAR_DUPLICATE,test/Non_Venomous_Snake/126763-004-312A729C.jpg,Non_Venomous_Snake,TEST,0,0,True
Non-Venomous/Common Rat Snake/130108132044_1_900x600.jpg,Non-Venomous,Common Rat Snake,NEAR,HIGH_CONFIDENCE_NEAR_DUPLICATE,train/Non_Venomous_Snake/130108132044_1_900x600.jpg,Non_Venomous_Snake,TRAIN,0,0,False
Non-Venomous/Common Rat Snake/143197P3112612.JPG,Non-Venomous,Common Rat Snake,NEAR,HIGH_CONFIDENCE_NEAR_DUPLICATE,test/Non_Venomous_Snake/143197P3112612.JPG,Non_Venomous_Snake,TEST,0,0,True
Non-Venomous/Common Rat Snake/1463253_178992368962946_371907696_n.jpg,Non-Venomous,Common Rat Snake,NEAR,HIGH_CONFIDENCE_NEAR_DUPLICATE,train/Non_Venomous_Snake/1463253_178992368962946_371907696_n.jpg,Non_Venomous_Snake,TRAIN,0,0,False
Non-Venomous/Common Rat Snake/15443305748_4134d9051d.jpg,Non-Venomous,Common Rat Snake,NEAR,HIGH_CONFIDENCE_NEAR_DUPLICATE,train/Non_Venomous_Snake/15443305748_4134d9051d.jpg,Non_Venomous_Snake,TRAIN,0,0,False
Non-Venomous/Common Rat Snake/16668569-Close-up-of-Indo-Chinese-Rat-snake-Thailand--Stock-Photo.jpg,Non-Venomous,Common Rat Snake,NEAR,HIGH_CONFIDENCE_NEAR_DUPLICATE,test/Non_Venomous_Snake/16668569-Close-up-of-Indo-Chinese-Rat-snake-Thailand--Stock-Photo.jpg,Non_Venomous_Snake,TEST,0,0,True
Non-Venomous/Common Rat Snake/175a2372jpg-35eda8314988c49d.jpg,Non-Venomous,Common Rat Snake,NEAR,HIGH_CONFIDENCE_NEAR_DUPLICATE,test/Non_Venomous_Snake/175a2372jpg-35eda8314988c49d.jpg,Non_Venomous_Snake,TEST,0,0,True
Non-Venomous/Common Rat Snake/178737411_XS.jpg,Non-Venomous,Common Rat Snake,NEAR,HIGH_CONFIDENCE_NEAR_DUPLICATE,test/Non_Venomous_Snake/178737411_XS.jpg,Non_Venomous_Snake,TEST,0,0,True
Non-Venomous/Common Rat Snake/1YEL.jpg,Non-Venomous,Common Rat Snake,NEAR,HIGH_CONFIDENCE_NEAR_DUPLICATE,test/Non_Venomous_Snake/1YEL.jpg,Non_Venomous_Snake,TEST,0,2,True
Non-Venomous/Common Rat Snake/200907260821-radnor-lake-gray-rat-snake-500.jpg,Non-Venomous,Common Rat Snake,NEAR,HIGH_CONFIDENCE_NEAR_DUPLICATE,train/Non_Venomous_Snake/200907260821-radnor-lake-gray-rat-snake-500.jpg,Non_Venomous_Snake,TRAIN,0,0,False
Non-Venomous/Common Rat Snake/20929802866_00f8b18b33.jpg,Non-Venomous,Common Rat Snake,NEAR,HIGH_CONFIDENCE_NEAR_DUPLICATE,train/Non_Venomous_Snake/20929802866_00f8b18b33.jpg,Non_Venomous_Snake,TRAIN,0,0,False
Non-Venomous/Common Rat Snake/220px-Rat_Snake.JPG,Non-Venomous,Common Rat Snake,NEAR,HIGH_CONFIDENCE_NEAR_DUPLICATE,validation/Non_Venomous_Snake/220px-Rat_Snake.JPG,Non_Venomous_Snake,VALIDATION,2,0,False
Non-Venomous/Common Rat Snake/22988615802_7b2d139387_b.jpg,Non-Venomous,Common Rat Snake,NEAR,HIGH_CONFIDENCE_NEAR_DUPLICATE,train/Non_Venomous_Snake/22988615802_7b2d139387_b.jpg,Non_Venomous_Snake,TRAIN,0,0,False
Non-Venomous/Common Rat Snake/22cdfe6495d034308305a00eeee78be8.jpg,Non-Venomous,Common Rat Snake,NEAR,HIGH_CONFIDENCE_NEAR_DUPLICATE,test/Non_Venomous_Snake/22cdfe6495d034308305a00eeee78be8.jpg,Non_Venomous_Snake,TEST,0,0,True
Non-Venomous/Common Rat Snake/23acc8022303e373f72893f094dcd22f--snake-photos-corn-snake.jpg,Non-Venomous,Common Rat Snake,NEAR,HIGH_CONFIDENCE_NEAR_DUPLICATE,test/Non_Venomous_Snake/23acc8022303e373f72893f094dcd22f--snake-photos-corn-snake.jpg,Non_Venomous_Snake,TEST,0,0,True
Non-Venomous/Common Rat Snake/25563616774_184364c614.jpg,Non-Venomous,Common Rat Snake,NEAR,HIGH_CONFIDENCE_NEAR_DUPLICATE,train/Non_Venomous_Snake/25563616774_184364c614.jpg,Non_Venomous_Snake,TRAIN,0,0,False
Non-Venomous/Common Rat Snake/2953885821_2921103913.jpg,Non-Venomous,Common Rat Snake,NEAR,HIGH_CONFIDENCE_NEAR_DUPLICATE,test/Non_Venomous_Snake/2953885821_2921103913.jpg,Non_Venomous_Snake,TEST,0,0,True
Non-Venomous/Common Rat Snake/2973845429_d9d5ce06a3_b.jpg,Non-Venomous,Common Rat Snake,NEAR,HIGH_CONFIDENCE_NEAR_DUPLICATE,train/Non_Venomous_Snake/2973845429_d9d5ce06a3_b.jpg,Non_Venomous_Snake,TRAIN,0,0,False
Non-Venomous/Common Rat Snake/2e98fb26a3748cf7be50b02d89c91836.jpg,Non-Venomous,Common Rat Snake,NEAR,HIGH_CONFIDENCE_NEAR_DUPLICATE,validation/Non_Venomous_Snake/2e98fb26a3748cf7be50b02d89c91836.jpg,Non_Venomous_Snake,VALIDATION,0,0,False
Non-Venomous/Common Rat Snake/33326151560_f9888f9e35_b.jpg,Non-Venomous,Common Rat Snake,NEAR,HIGH_CONFIDENCE_NEAR_DUPLICATE,train/Non_Venomous_Snake/33326151560_f9888f9e35_b.jpg,Non_Venomous_Snake,TRAIN,0,0,False
Non-Venomous/Common Rat Snake/38AC2D51-1DD8-B71C-077A00C10D49AA3C-large.JPG,Non-Venomous,Common Rat Snake,NEAR,HIGH_CONFIDENCE_NEAR_DUPLICATE,test/Non_Venomous_Snake/38AC2D51-1DD8-B71C-077A00C10D49AA3C-large.JPG,Non_Venomous_Snake,TEST,0,0,True
Non-Venomous/Common Rat Snake/4108235465_d0b32976cc_b.jpg,Non-Venomous,Common Rat Snake,NEAR,HIGH_CONFIDENCE_NEAR_DUPLICATE,test/Non_Venomous_Snake/4108235465_d0b32976cc_b.jpg,Non_Venomous_Snake,TEST,0,0,True
Non-Venomous/Common Rat Snake/464685_469785913108783_1755378000_o.jpg,Non-Venomous,Common Rat Snake,NEAR,HIGH_CONFIDENCE_NEAR_DUPLICATE,test/Non_Venomous_Snake/464685_469785913108783_1755378000_o.jpg,Non_Venomous_Snake,TEST,0,0,True
Non-Venomous/Common Rat Snake/5078041194_1f8a6af122_b.jpg,Non-Venomous,Common Rat Snake,NEAR,HIGH_CONFIDENCE_NEAR_DUPLICATE,test/Non_Venomous_Snake/5078041194_1f8a6af122_b.jpg,Non_Venomous_Snake,TEST,0,0,True
Non-Venomous/Common Rat Snake/5c3dd3dc91c4283c73c5992e0a62b28f.jpg,Non-Venomous,Common Rat Snake,NEAR,HIGH_CONFIDENCE_NEAR_DUPLICATE,test/Non_Venomous_Snake/5c3dd3dc91c4283c73c5992e0a62b28f.jpg,Non_Venomous_Snake,TEST,0,0,True
Non-Venomous/Common Rat Snake/6003828805_550b0fbd1a_b.jpg,Non-Venomous,Common Rat Snake,NEAR,HIGH_CONFIDENCE_NEAR_DUPLICATE,train/Non_Venomous_Snake/6003828805_550b0fbd1a_b.jpg,Non_Venomous_Snake,TRAIN,0,0,False
Non-Venomous/Common Rat Snake/6004373992_e68bbf6a83_b.jpg,Non-Venomous,Common Rat Snake,NEAR,HIGH_CONFIDENCE_NEAR_DUPLICATE,validation/Non_Venomous_Snake/6004373992_e68bbf6a83_b.jpg,Non_Venomous_Snake,VALIDATION,0,0,False
Non-Venomous/Common Rat Snake/6010585911_bb89b7d3b4_b.jpg,Non-Venomous,Common Rat Snake,NEAR,HIGH_CONFIDENCE_NEAR_DUPLICATE,train/Non_Venomous_Snake/6010585911_bb89b7d3b4_b.jpg,Non_Venomous_Snake,TRAIN,0,0,False
Non-Venomous/Common Rat Snake/62b8a1.jpg,Non-Venomous,Common Rat Snake,NEAR,HIGH_CONFIDENCE_NEAR_DUPLICATE,test/Non_Venomous_Snake/62b8a1.jpg,Non_Venomous_Snake,TEST,0,0,True
Non-Venomous/Common Rat Snake/7053016215_6bd318e3ff_b.jpg,Non-Venomous,Common Rat Snake,NEAR,HIGH_CONFIDENCE_NEAR_DUPLICATE,train/Non_Venomous_Snake/7053016215_6bd318e3ff_b.jpg,Non_Venomous_Snake,TRAIN,0,0,False
Non-Venomous/Common Rat Snake/7801682640_00b2183a0a_b-bernard-dupont.jpg,Non-Venomous,Common Rat Snake,NEAR,HIGH_CONFIDENCE_NEAR_DUPLICATE,train/Non_Venomous_Snake/7801682640_00b2183a0a_b-bernard-dupont.jpg,Non_Venomous_Snake,TRAIN,0,0,False
Non-Venomous/Common Rat Snake/800px-Common_Rat_Snake_(Ptyas_mucosa)_水律5.jpg,Non-Venomous,Common Rat Snake,NEAR,HIGH_CONFIDENCE_NEAR_DUPLICATE,test/Non_Venomous_Snake/800px-Common_Rat_Snake_(Ptyas_mucosa)_µ░┤σ╛ï5.jpg,Non_Venomous_Snake,TEST,0,0,True
Non-Venomous/Common Rat Snake/83612cc4c22f4694c89577510d3c9bdf.jpg,Non-Venomous,Common Rat Snake,NEAR,HIGH_CONFIDENCE_NEAR_DUPLICATE,test/Non_Venomous_Snake/83612cc4c22f4694c89577510d3c9bdf.jpg,Non_Venomous_Snake,TEST,0,0,True
Non-Venomous/Common Rat Snake/87679859_XS.jpg,Non-Venomous,Common Rat Snake,NEAR,HIGH_CONFIDENCE_NEAR_DUPLICATE,train/Non_Venomous_Snake/87679859_XS.jpg,Non_Venomous_Snake,TRAIN,0,0,False
Non-Venomous/Common Rat Snake/9862346-Close-up-of-Common-Rat-Snake-Thailand--Stock-Photo-snake.jpg,Non-Venomous,Common Rat Snake,NEAR,HIGH_CONFIDENCE_NEAR_DUPLICATE,test/Non_Venomous_Snake/9862346-Close-up-of-Common-Rat-Snake-Thailand--Stock-Photo-snake.jpg,Non_Venomous_Snake,TEST,2,0,True
Non-Venomous/Common Rat Snake/9geraniyade.jpg,Non-Venomous,Common Rat Snake,NEAR,HIGH_CONFIDENCE_NEAR_DUPLICATE,test/Non_Venomous_Snake/9geraniyade.jpg,Non_Venomous_Snake,TEST,0,0,True
Non-Venomous/Common Rat Snake/AB083_Ptyas_mucosos.JPG,Non-Venomous,Common Rat Snake,NEAR,HIGH_CONFIDENCE_NEAR_DUPLICATE,train/Non_Venomous_Snake/AB083_Ptyas_mucosos.JPG,Non_Venomous_Snake,TRAIN,0,0,False
Non-Venomous/Common Rat Snake/AesculapianSnake30C_JasonSteel_950.jpg,Non-Venomous,Common Rat Snake,NEAR,HIGH_CONFIDENCE_NEAR_DUPLICATE,validation/Non_Venomous_Snake/AesculapianSnake30C_JasonSteel_950.jpg,Non_Venomous_Snake,VALIDATION,0,0,False
Non-Venomous/Common Rat Snake/artmax_267.jpg,Non-Venomous,Common Rat Snake,NEAR,HIGH_CONFIDENCE_NEAR_DUPLICATE,train/Non_Venomous_Snake/artmax_267.jpg,Non_Venomous_Snake,TRAIN,0,1,False
Non-Venomous/Common Rat Snake/Black Rat  Adult.jpg,Non-Venomous,Common Rat Snake,NEAR,HIGH_CONFIDENCE_NEAR_DUPLICATE,train/Non_Venomous_Snake/Black Rat  Adult.jpg,Non_Venomous_Snake,TRAIN,0,0,False
Non-Venomous/Common Rat Snake/black ratsnake 1.jpg,Non-Venomous,Common Rat Snake,NEAR,HIGH_CONFIDENCE_NEAR_DUPLICATE,train/Non_Venomous_Snake/black ratsnake 1.jpg,Non_Venomous_Snake,TRAIN,0,0,False
Non-Venomous/Common Rat Snake/black-rat-snake.jpg,Non-Venomous,Common Rat Snake,NEAR,HIGH_CONFIDENCE_NEAR_DUPLICATE,validation/Non_Venomous_Snake/black-rat-snake.jpg,Non_Venomous_Snake,VALIDATION,0,0,False
Non-Venomous/Common Rat Snake/Black-Ratsnake-300x214.jpg,Non-Venomous,Common Rat Snake,NEAR,HIGH_CONFIDENCE_NEAR_DUPLICATE,train/Non_Venomous_Snake/Black-Ratsnake-300x214.jpg,Non_Venomous_Snake,TRAIN,0,0,False
Non-Venomous/Common Rat Snake/Black_Rat_Snake-.JPG,Non-Venomous,Common Rat Snake,NEAR,HIGH_CONFIDENCE_NEAR_DUPLICATE,train/Non_Venomous_Snake/Black_Rat_Snake-.JPG,Non_Venomous_Snake,TRAIN,0,0,False
"Non-Venomous/Common Rat Snake/Black_Rat_Snake_-_Elaphe_obsoleta_obsoleta,_Merrimac_Farm_Wildlife_Management_Area,_Virginia.jpg",Non-Venomous,Common Rat Snake,NEAR,HIGH_CONFIDENCE_NEAR_DUPLICATE,"train/Non_Venomous_Snake/Black_Rat_Snake_-_Elaphe_obsoleta_obsoleta,_Merrimac_Farm_Wildlife_Management_Area,_Virginia.jpg",Non_Venomous_Snake,TRAIN,0,0,False
Non-Venomous/Common Rat Snake/Black_Rat_Snake_001.jpg,Non-Venomous,Common Rat Snake,NEAR,HIGH_CONFIDENCE_NEAR_DUPLICATE,validation/Non_Venomous_Snake/Black_Rat_Snake_001.jpg,Non_Venomous_Snake,VALIDATION,0,0,False
Non-Venomous/Common Rat Snake/black_rat_snake_101499_7.jpg,Non-Venomous,Common Rat Snake,NEAR,HIGH_CONFIDENCE_NEAR_DUPLICATE,train/Non_Venomous_Snake/black_rat_snake_101499_7.jpg,Non_Venomous_Snake,TRAIN,0,0,False
Non-Venomous/Common Rat Snake/black_rat_snake_6140.jpg,Non-Venomous,Common Rat Snake,NEAR,HIGH_CONFIDENCE_NEAR_DUPLICATE,train/Non_Venomous_Snake/black_rat_snake_6140.jpg,Non_Venomous_Snake,TRAIN,0,1,False
Non-Venomous/Common Rat Snake/Black_Rat_Snake_page_image.jpg,Non-Venomous,Common Rat Snake,NEAR,HIGH_CONFIDENCE_NEAR_DUPLICATE,train/Non_Venomous_Snake/Black_Rat_Snake_page_image.jpg,Non_Venomous_Snake,TRAIN,0,0,False
Non-Venomous/Common Rat Snake/blackrat.jpg,Non-Venomous,Common Rat Snake,NEAR,HIGH_CONFIDENCE_NEAR_DUPLICATE,train/Non_Venomous_Snake/blackrat.jpg,Non_Venomous_Snake,TRAIN,2,0,False
Non-Venomous/Common Rat Snake/blackrat40.jpg,Non-Venomous,Common Rat Snake,NEAR,HIGH_CONFIDENCE_NEAR_DUPLICATE,train/Non_Venomous_Snake/blackrat40.jpg,Non_Venomous_Snake,TRAIN,0,0,False
Non-Venomous/Common Rat Snake/blackRatSnake-300x225.jpg,Non-Venomous,Common Rat Snake,NEAR,HIGH_CONFIDENCE_NEAR_DUPLICATE,validation/Non_Venomous_Snake/blackRatSnake-300x225.jpg,Non_Venomous_Snake,VALIDATION,0,0,False
Non-Venomous/Common Rat Snake/blackratsnake.jpg,Non-Venomous,Common Rat Snake,NEAR,HIGH_CONFIDENCE_NEAR_DUPLICATE,train/Non_Venomous_Snake/blackratsnake.jpg,Non_Venomous_Snake,TRAIN,0,1,False
Non-Venomous/Common Rat Snake/blackratsnake080529-4397facez.jpg,Non-Venomous,Common Rat Snake,NEAR,HIGH_CONFIDENCE_NEAR_DUPLICATE,train/Non_Venomous_Snake/blackratsnake080529-4397facez.jpg,Non_Venomous_Snake,TRAIN,0,0,False
Non-Venomous/Common Rat Snake/blackratsnake2.jpg,Non-Venomous,Common Rat Snake,NEAR,HIGH_CONFIDENCE_NEAR_DUPLICATE,train/Non_Venomous_Snake/blackratsnake2.jpg,Non_Venomous_Snake,TRAIN,0,0,False
Non-Venomous/Common Rat Snake/blackratsnake_001.jpg,Non-Venomous,Common Rat Snake,NEAR,HIGH_CONFIDENCE_NEAR_DUPLICATE,validation/Non_Venomous_Snake/blackratsnake_001.jpg,Non_Venomous_Snake,VALIDATION,0,0,False
Non-Venomous/Common Rat Snake/BlackRatSnake_353692_7.jpg,Non-Venomous,Common Rat Snake,NEAR,HIGH_CONFIDENCE_NEAR_DUPLICATE,train/Non_Venomous_Snake/BlackRatSnake_353692_7.jpg,Non_Venomous_Snake,TRAIN,2,0,False
Non-Venomous/Common Rat Snake/blackratwrinkle.jpg,Non-Venomous,Common Rat Snake,NEAR,HIGH_CONFIDENCE_NEAR_DUPLICATE,train/Non_Venomous_Snake/blackratwrinkle.jpg,Non_Venomous_Snake,TRAIN,0,1,False
Non-Venomous/Common Rat Snake/bluerat.jpg,Non-Venomous,Common Rat Snake,NEAR,HIGH_CONFIDENCE_NEAR_DUPLICATE,train/Non_Venomous_Snake/bluerat.jpg,Non_Venomous_Snake,TRAIN,0,0,False
Non-Venomous/Common Rat Snake/brnrat2.jpg,Non-Venomous,Common Rat Snake,NEAR,HIGH_CONFIDENCE_NEAR_DUPLICATE,train/Non_Venomous_Snake/brnrat2.jpg,Non_Venomous_Snake,TRAIN,0,0,False
Non-Venomous/Common Rat Snake/coluber-nigromarginatus-green-rat-snake-non-venomous-rarely-available-h9ere2.jpg,Non-Venomous,Common Rat Snake,NEAR,HIGH_CONFIDENCE_NEAR_DUPLICATE,train/Non_Venomous_Snake/coluber-nigromarginatus-green-rat-snake-non-venomous-rarely-available-h9ere2.jpg,Non_Venomous_Snake,TRAIN,2,0,False
Non-Venomous/Common Rat Snake/commom-rat-snake-ptyas-mucosa-non-venomous-common-B345KD.jpg,Non-Venomous,Common Rat Snake,NEAR,HIGH_CONFIDENCE_NEAR_DUPLICATE,train/Non_Venomous_Snake/commom-rat-snake-ptyas-mucosa-non-venomous-common-B345KD.jpg,Non_Venomous_Snake,TRAIN,0,0,False
Non-Venomous/Common Rat Snake/common-rat-snake-6-1024x682.jpg,Non-Venomous,Common Rat Snake,NEAR,HIGH_CONFIDENCE_NEAR_DUPLICATE,train/Non_Venomous_Snake/common-rat-snake-6-1024x682.jpg,Non_Venomous_Snake,TRAIN,0,1,False
Non-Venomous/Common Rat Snake/common-rat-snake-7929502.jpg,Non-Venomous,Common Rat Snake,NEAR,HIGH_CONFIDENCE_NEAR_DUPLICATE,train/Non_Venomous_Snake/common-rat-snake-7929502.jpg,Non_Venomous_Snake,TRAIN,0,0,False
Non-Venomous/Common Rat Snake/common-rat-snake-8294082.jpg,Non-Venomous,Common Rat Snake,NEAR,HIGH_CONFIDENCE_NEAR_DUPLICATE,train/Non_Venomous_Snake/common-rat-snake-8294082.jpg,Non_Venomous_Snake,TRAIN,0,0,False
Non-Venomous/Common Rat Snake/common-rat-snake-keoladeo-national-park-rajesthan-bharatpur-76368190.jpg,Non-Venomous,Common Rat Snake,NEAR,HIGH_CONFIDENCE_NEAR_DUPLICATE,train/Non_Venomous_Snake/common-rat-snake-keoladeo-national-park-rajesthan-bharatpur-76368190.jpg,Non_Venomous_Snake,TRAIN,0,1,False
Non-Venomous/Common Rat Snake/Common-Ratsnake-Credit_Kevin-Messenger-e1494993731520.jpg,Non-Venomous,Common Rat Snake,NEAR,HIGH_CONFIDENCE_NEAR_DUPLICATE,train/Non_Venomous_Snake/Common-Ratsnake-Credit_Kevin-Messenger-e1494993731520.jpg,Non_Venomous_Snake,TRAIN,0,0,False
Non-Venomous/Common Rat Snake/Common_India_Rat_Snake.jpg,Non-Venomous,Common Rat Snake,NEAR,HIGH_CONFIDENCE_NEAR_DUPLICATE,train/Non_Venomous_Snake/Common_India_Rat_Snake.jpg,Non_Venomous_Snake,TRAIN,0,0,False
Non-Venomous/Common Rat Snake/Common_Rat_Snake.jpg,Non-Venomous,Common Rat Snake,NEAR,HIGH_CONFIDENCE_NEAR_DUPLICATE,train/Non_Venomous_Snake/Common_Rat_Snake.jpg,Non_Venomous_Snake,TRAIN,0,0,False
Non-Venomous/Common Rat Snake/Common_Rat_Snake_(Ptyas_mucosa)_水律.jpg,Non-Venomous,Common Rat Snake,NEAR,HIGH_CONFIDENCE_NEAR_DUPLICATE,train/Non_Venomous_Snake/Common_Rat_Snake_(Ptyas_mucosa)_µ░┤σ╛ï.jpg,Non_Venomous_Snake,TRAIN,0,0,False
Non-Venomous/Common Rat Snake/Common_Rat_Snake_(Ptyas_mucosa)_水律10.jpg,Non-Venomous,Common Rat Snake,NEAR,HIGH_CONFIDENCE_NEAR_DUPLICATE,train/Non_Venomous_Snake/Common_Rat_Snake_(Ptyas_mucosa)_µ░┤σ╛ï10.jpg,Non_Venomous_Snake,TRAIN,0,0,False
Non-Venomous/Common Rat Snake/Common_Rat_Snake_(Ptyas_mucosa)_水律3.jpg,Non-Venomous,Common Rat Snake,NEAR,HIGH_CONFIDENCE_NEAR_DUPLICATE,train/Non_Venomous_Snake/Common_Rat_Snake_(Ptyas_mucosa)_µ░┤σ╛ï3.jpg,Non_Venomous_Snake,TRAIN,0,0,False
Non-Venomous/Common Rat Snake/Common_Rat_Snake_(Ptyas_mucosa)_水律4.jpg,Non-Venomous,Common Rat Snake,NEAR,HIGH_CONFIDENCE_NEAR_DUPLICATE,train/Non_Venomous_Snake/Common_Rat_Snake_(Ptyas_mucosa)_µ░┤σ╛ï4.jpg,Non_Venomous_Snake,TRAIN,0,0,False
Non-Venomous/Common Rat Snake/Common_Rat_Snake_(Ptyas_mucosa)_水律6.jpg,Non-Venomous,Common Rat Snake,NEAR,HIGH_CONFIDENCE_NEAR_DUPLICATE,train/Non_Venomous_Snake/Common_Rat_Snake_(Ptyas_mucosa)_µ░┤σ╛ï6.jpg,Non_Venomous_Snake,TRAIN,0,0,False
Non-Venomous/Common Rat Snake/Common_Rat_Snake_(Ptyas_mucosa)_水律7.jpg,Non-Venomous,Common Rat Snake,NEAR,HIGH_CONFIDENCE_NEAR_DUPLICATE,train/Non_Venomous_Snake/Common_Rat_Snake_(Ptyas_mucosa)_µ░┤σ╛ï7.jpg,Non_Venomous_Snake,TRAIN,0,0,False
Non-Venomous/Common Rat Snake/Common_Rat_Snake_(Ptyas_mucosa)_水律8.jpg,Non-Venomous,Common Rat Snake,NEAR,HIGH_CONFIDENCE_NEAR_DUPLICATE,train/Non_Venomous_Snake/Common_Rat_Snake_(Ptyas_mucosa)_µ░┤σ╛ï8.jpg,Non_Venomous_Snake,TRAIN,0,0,False
Non-Venomous/Common Rat Snake/Common_Rat_Snake_(Ptyas_mucosa)_水律9.jpg,Non-Venomous,Common Rat Snake,NEAR,HIGH_CONFIDENCE_NEAR_DUPLICATE,validation/Non_Venomous_Snake/Common_Rat_Snake_(Ptyas_mucosa)_µ░┤σ╛ï9.jpg,Non_Venomous_Snake,VALIDATION,0,1,False
Non-Venomous/Common Rat Snake/Common_Rat_Snake_(Ptyas_mucosa)_水律_(6027287191).jpg,Non-Venomous,Common Rat Snake,NEAR,HIGH_CONFIDENCE_NEAR_DUPLICATE,train/Non_Venomous_Snake/Common_Rat_Snake_(Ptyas_mucosa)_µ░┤σ╛ï_(6027287191).jpg,Non_Venomous_Snake,TRAIN,0,0,False
Non-Venomous/Common Rat Snake/Common_Rat_Snake_(Ptyas_mucosa)_水律_(6027830696).jpg,Non-Venomous,Common Rat Snake,NEAR,HIGH_CONFIDENCE_NEAR_DUPLICATE,train/Non_Venomous_Snake/Common_Rat_Snake_(Ptyas_mucosa)_µ░┤σ╛ï_(6027830696).jpg,Non_Venomous_Snake,TRAIN,0,0,False
Non-Venomous/Common Rat Snake/Common_Rat_Snake_(Ptyas_mucosa)_水律_(6027841570).jpg,Non-Venomous,Common Rat Snake,NEAR,HIGH_CONFIDENCE_NEAR_DUPLICATE,train/Non_Venomous_Snake/Common_Rat_Snake_(Ptyas_mucosa)_µ░┤σ╛ï_(6027841570).jpg,Non_Venomous_Snake,TRAIN,0,0,False
Non-Venomous/Common Rat Snake/dhaman-rat-snake-coluber-mucosus-non-venomous-common-bhimashankar-A0BB66.jpg,Non-Venomous,Common Rat Snake,NEAR,HIGH_CONFIDENCE_NEAR_DUPLICATE,train/Non_Venomous_Snake/dhaman-rat-snake-coluber-mucosus-non-venomous-common-bhimashankar-A0BB66.jpg,Non_Venomous_Snake,TRAIN,0,0,False
Non-Venomous/Common Rat Snake/DSC00806.JPG,Non-Venomous,Common Rat Snake,NEAR,HIGH_CONFIDENCE_NEAR_DUPLICATE,validation/Non_Venomous_Snake/DSC00806.JPG,Non_Venomous_Snake,VALIDATION,0,0,False
Non-Venomous/Common Rat Snake/DSCF0265.JPG,Non-Venomous,Common Rat Snake,NEAR,HIGH_CONFIDENCE_NEAR_DUPLICATE,train/Non_Venomous_Snake/DSCF0265.JPG,Non_Venomous_Snake,TRAIN,0,0,False
Non-Venomous/Common Rat Snake/eastern-rat-snake-large.jpg,Non-Venomous,Common Rat Snake,NEAR,HIGH_CONFIDENCE_NEAR_DUPLICATE,train/Non_Venomous_Snake/eastern-rat-snake-large.jpg,Non_Venomous_Snake,TRAIN,0,0,False
Non-Venomous/Common Rat Snake/eastern-ratsnake-striped01.jpg,Non-Venomous,Common Rat Snake,NEAR,HIGH_CONFIDENCE_NEAR_DUPLICATE,train/Non_Venomous_Snake/eastern-ratsnake-striped01.jpg,Non_Venomous_Snake,TRAIN,2,0,False
Non-Venomous/Common Rat Snake/easternratsnake2.jpg,Non-Venomous,Common Rat Snake,NEAR,HIGH_CONFIDENCE_NEAR_DUPLICATE,validation/Non_Venomous_Snake/easternratsnake2.jpg,Non_Venomous_Snake,VALIDATION,0,0,False
Non-Venomous/Common Rat Snake/free_9287297.jpg,Non-Venomous,Common Rat Snake,NEAR,HIGH_CONFIDENCE_NEAR_DUPLICATE,train/Non_Venomous_Snake/free_9287297.jpg,Non_Venomous_Snake,TRAIN,0,0,False
Non-Venomous/Common Rat Snake/Glorioso _rat2.jpg,Non-Venomous,Common Rat Snake,NEAR,HIGH_CONFIDENCE_NEAR_DUPLICATE,train/Non_Venomous_Snake/Glorioso _rat2.jpg,Non_Venomous_Snake,TRAIN,0,0,False
Non-Venomous/Common Rat Snake/gprs.jpg,Non-Venomous,Common Rat Snake,NEAR,HIGH_CONFIDENCE_NEAR_DUPLICATE,train/Non_Venomous_Snake/gprs.jpg,Non_Venomous_Snake,TRAIN,0,0,False
Non-Venomous/Common Rat Snake/grayratsnake461.jpg,Non-Venomous,Common Rat Snake,NEAR,HIGH_CONFIDENCE_NEAR_DUPLICATE,train/Non_Venomous_Snake/grayratsnake461.jpg,Non_Venomous_Snake,TRAIN,0,0,False
Non-Venomous/Common Rat Snake/great-plains-rat-snake-04.jpg,Non-Venomous,Common Rat Snake,NEAR,HIGH_CONFIDENCE_NEAR_DUPLICATE,train/Non_Venomous_Snake/great-plains-rat-snake-04.jpg,Non_Venomous_Snake,TRAIN,0,0,False
Non-Venomous/Common Rat Snake/great-plains-rat-snake-pantherophis-emoryi-21065207.jpg,Non-Venomous,Common Rat Snake,NEAR,HIGH_CONFIDENCE_NEAR_DUPLICATE,train/Non_Venomous_Snake/great-plains-rat-snake-pantherophis-emoryi-21065207.jpg,Non_Venomous_Snake,TRAIN,2,0,False
Non-Venomous/Common Rat Snake/greatplainsratsnake.jpg,Non-Venomous,Common Rat Snake,NEAR,HIGH_CONFIDENCE_NEAR_DUPLICATE,train/Non_Venomous_Snake/greatplainsratsnake.jpg,Non_Venomous_Snake,TRAIN,0,0,False
Non-Venomous/Common Rat Snake/GulfHammockRat_female1_web.jpg,Non-Venomous,Common Rat Snake,NEAR,HIGH_CONFIDENCE_NEAR_DUPLICATE,train/Non_Venomous_Snake/GulfHammockRat_female1_web.jpg,Non_Venomous_Snake,TRAIN,0,0,False
Non-Venomous/Common Rat Snake/hans-indo-chinese-rat-snake-young.jpg,Non-Venomous,Common Rat Snake,NEAR,HIGH_CONFIDENCE_NEAR_DUPLICATE,train/Non_Venomous_Snake/hans-indo-chinese-rat-snake-young.jpg,Non_Venomous_Snake,TRAIN,0,0,False
Non-Venomous/Common Rat Snake/hans-indo-chinese-rat-snake.jpg,Non-Venomous,Common Rat Snake,NEAR,HIGH_CONFIDENCE_NEAR_DUPLICATE,train/Non_Venomous_Snake/hans-indo-chinese-rat-snake.jpg,Non_Venomous_Snake,TRAIN,0,0,False
Non-Venomous/Common Rat Snake/hans-oriental-rat-snake-head.jpg,Non-Venomous,Common Rat Snake,NEAR,HIGH_CONFIDENCE_NEAR_DUPLICATE,train/Non_Venomous_Snake/hans-oriental-rat-snake-head.jpg,Non_Venomous_Snake,TRAIN,0,1,False
Non-Venomous/Common Rat Snake/Indian-Rat-Snake.jpg,Non-Venomous,Common Rat Snake,NEAR,HIGH_CONFIDENCE_NEAR_DUPLICATE,train/Non_Venomous_Snake/Indian-Rat-Snake.jpg,Non_Venomous_Snake,TRAIN,0,0,False
Non-Venomous/Common Rat Snake/indo-chinese-rat-snake-ptyas-coluber-korros-adult-from-papum-pare-h9et4j.jpg,Non-Venomous,Common Rat Snake,NEAR,HIGH_CONFIDENCE_NEAR_DUPLICATE,train/Non_Venomous_Snake/indo-chinese-rat-snake-ptyas-coluber-korros-adult-from-papum-pare-h9et4j.jpg,Non_Venomous_Snake,TRAIN,0,0,False
Non-Venomous/Common Rat Snake/indo-chinese-rat-snake-ptyas-korros-gdcca8.jpg,Non-Venomous,Common Rat Snake,NEAR,HIGH_CONFIDENCE_NEAR_DUPLICATE,train/Non_Venomous_Snake/indo-chinese-rat-snake-ptyas-korros-gdcca8.jpg,Non_Venomous_Snake,TRAIN,0,1,False
Non-Venomous/Common Rat Snake/indo-chinese-rat-snake_3012.jpg,Non-Venomous,Common Rat Snake,NEAR,HIGH_CONFIDENCE_NEAR_DUPLICATE,train/Non_Venomous_Snake/indo-chinese-rat-snake_3012.jpg,Non_Venomous_Snake,TRAIN,0,0,False
Non-Venomous/Common Rat Snake/indochinese-rat-snake-grey.jpg,Non-Venomous,Common Rat Snake,NEAR,HIGH_CONFIDENCE_NEAR_DUPLICATE,train/Non_Venomous_Snake/indochinese-rat-snake-grey.jpg,Non_Venomous_Snake,TRAIN,0,0,False
Non-Venomous/Common Rat Snake/indochinese-rat-snake-grey2.jpg,Non-Venomous,Common Rat Snake,NEAR,HIGH_CONFIDENCE_NEAR_DUPLICATE,train/Non_Venomous_Snake/indochinese-rat-snake-grey2.jpg,Non_Venomous_Snake,TRAIN,0,0,False
Non-Venomous/Common Rat Snake/indochinese-rat-snake3-brown.jpg,Non-Venomous,Common Rat Snake,NEAR,HIGH_CONFIDENCE_NEAR_DUPLICATE,train/Non_Venomous_Snake/indochinese-rat-snake3-brown.jpg,Non_Venomous_Snake,TRAIN,0,1,False
Non-Venomous/Common Rat Snake/kevin-messenger-hong-kong-ptyas-mucosus.jpg,Non-Venomous,Common Rat Snake,NEAR,HIGH_CONFIDENCE_NEAR_DUPLICATE,train/Non_Venomous_Snake/kevin-messenger-hong-kong-ptyas-mucosus.jpg,Non_Venomous_Snake,TRAIN,0,0,False
Non-Venomous/Common Rat Snake/maxresdefault.jpg,Non-Venomous,Common Rat Snake,NEAR,HIGH_CONFIDENCE_NEAR_DUPLICATE,validation/Non_Venomous_Snake/maxresdefault.jpg,Non_Venomous_Snake,VALIDATION,0,0,False
Non-Venomous/Common Rat Snake/maxresdefault_001.jpg,Non-Venomous,Common Rat Snake,NEAR,HIGH_CONFIDENCE_NEAR_DUPLICATE,train/Non_Venomous_Snake/maxresdefault_001.jpg,Non_Venomous_Snake,TRAIN,0,0,False
Non-Venomous/Common Rat Snake/Pantherophis alleghaniensis b WOM WMA 3 April 2010 Pittsylvania Co 537.jpg,Non-Venomous,Common Rat Snake,NEAR,HIGH_CONFIDENCE_NEAR_DUPLICATE,train/Non_Venomous_Snake/Pantherophis alleghaniensis b WOM WMA 3 April 2010 Pittsylvania Co 537.jpg,Non_Venomous_Snake,TRAIN,0,1,False
Non-Venomous/Common Rat Snake/ptyas-carinatus-keeled-rat-snake9.jpg,Non-Venomous,Common Rat Snake,NEAR,HIGH_CONFIDENCE_NEAR_DUPLICATE,train/Non_Venomous_Snake/ptyas-carinatus-keeled-rat-snake9.jpg,Non_Venomous_Snake,TRAIN,0,0,False
Non-Venomous/Common Rat Snake/Ptyas-korros-Krabi.jpg,Non-Venomous,Common Rat Snake,NEAR,HIGH_CONFIDENCE_NEAR_DUPLICATE,train/Non_Venomous_Snake/Ptyas-korros-Krabi.jpg,Non_Venomous_Snake,TRAIN,0,0,False
Non-Venomous/Common Rat Snake/ptyas.jpg,Non-Venomous,Common Rat Snake,NEAR,HIGH_CONFIDENCE_NEAR_DUPLICATE,train/Non_Venomous_Snake/ptyas.jpg,Non_Venomous_Snake,TRAIN,2,1,False
Non-Venomous/Common Rat Snake/Ptyas_mucosus_03.JPG,Non-Venomous,Common Rat Snake,NEAR,HIGH_CONFIDENCE_NEAR_DUPLICATE,train/Non_Venomous_Snake/Ptyas_mucosus_03.JPG,Non_Venomous_Snake,TRAIN,0,0,False
Non-Venomous/Common Rat Snake/Ptyas_mucosus_05.JPG,Non-Venomous,Common Rat Snake,NEAR,HIGH_CONFIDENCE_NEAR_DUPLICATE,train/Non_Venomous_Snake/Ptyas_mucosus_05.JPG,Non_Venomous_Snake,TRAIN,0,0,False
Non-Venomous/Common Rat Snake/Pytas-mucosus-Bob-Burgess-permissioned.jpg,Non-Venomous,Common Rat Snake,NEAR,HIGH_CONFIDENCE_NEAR_DUPLICATE,validation/Non_Venomous_Snake/Pytas-mucosus-Bob-Burgess-permissioned.jpg,Non_Venomous_Snake,VALIDATION,0,1,False
Non-Venomous/Common Rat Snake/rat_8jul07_1a.jpg,Non-Venomous,Common Rat Snake,NEAR,HIGH_CONFIDENCE_NEAR_DUPLICATE,train/Non_Venomous_Snake/rat_8jul07_1a.jpg,Non_Venomous_Snake,TRAIN,0,0,False
Non-Venomous/Common Rat Snake/Rat_snake.jpg,Non-Venomous,Common Rat Snake,NEAR,HIGH_CONFIDENCE_NEAR_DUPLICATE,train/Non_Venomous_Snake/Rat_snake.jpg,Non_Venomous_Snake,TRAIN,0,0,False
Non-Venomous/Common Rat Snake/rat_snake_800_Richmond_fs_fs.jpg,Non-Venomous,Common Rat Snake,NEAR,HIGH_CONFIDENCE_NEAR_DUPLICATE,train/Non_Venomous_Snake/rat_snake_800_Richmond_fs_fs.jpg,Non_Venomous_Snake,TRAIN,0,0,False
Non-Venomous/Common Rat Snake/ratsnake-basking-on-forest_med_hr.jpeg,Non-Venomous,Common Rat Snake,NEAR,POSSIBLE_NEAR_DUPLICATE,train/Non_Venomous_Snake/snakec.jpg,Non_Venomous_Snake,TRAIN,4,0,False
Non-Venomous/Common Rat Snake/ratsnake.jpg,Non-Venomous,Common Rat Snake,NEAR,HIGH_CONFIDENCE_NEAR_DUPLICATE,validation/Non_Venomous_Snake/ratsnake.jpg,Non_Venomous_Snake,VALIDATION,0,0,False
Non-Venomous/Common Rat Snake/ratsnake3.jpg,Non-Venomous,Common Rat Snake,NEAR,HIGH_CONFIDENCE_NEAR_DUPLICATE,train/Non_Venomous_Snake/ratsnake3.jpg,Non_Venomous_Snake,TRAIN,0,0,False
Non-Venomous/Common Rat Snake/ratsnake4734.jpg,Non-Venomous,Common Rat Snake,NEAR,HIGH_CONFIDENCE_NEAR_DUPLICATE,train/Non_Venomous_Snake/ratsnake4734.jpg,Non_Venomous_Snake,TRAIN,0,0,False
Non-Venomous/Common Rat Snake/snake-rat-snake.jpg,Non-Venomous,Common Rat Snake,NEAR,HIGH_CONFIDENCE_NEAR_DUPLICATE,train/Non_Venomous_Snake/snake-rat-snake.jpg,Non_Venomous_Snake,TRAIN,0,0,False
Non-Venomous/Common Rat Snake/snake-removal-athens-ga.jpg,Non-Venomous,Common Rat Snake,NEAR,HIGH_CONFIDENCE_NEAR_DUPLICATE,train/Non_Venomous_Snake/snake-removal-athens-ga.jpg,Non_Venomous_Snake,TRAIN,0,0,False
Non-Venomous/Common Rat Snake/Snake.jpg,Non-Venomous,Common Rat Snake,NEAR,HIGH_CONFIDENCE_NEAR_DUPLICATE,train/Non_Venomous_Snake/Snake.jpg,Non_Venomous_Snake,TRAIN,0,0,False
Non-Venomous/Common Rat Snake/snake020.jpg,Non-Venomous,Common Rat Snake,NEAR,HIGH_CONFIDENCE_NEAR_DUPLICATE,validation/Non_Venomous_Snake/snake020.jpg,Non_Venomous_Snake,VALIDATION,0,0,False
Non-Venomous/Common Rat Snake/snake6-25-13b.jpg,Non-Venomous,Common Rat Snake,NEAR,HIGH_CONFIDENCE_NEAR_DUPLICATE,train/Non_Venomous_Snake/snake6-25-13b.jpg,Non_Venomous_Snake,TRAIN,0,0,False
Non-Venomous/Common Rat Snake/snake_black_rat.jpg,Non-Venomous,Common Rat Snake,NEAR,HIGH_CONFIDENCE_NEAR_DUPLICATE,train/Non_Venomous_Snake/snake_black_rat.jpg,Non_Venomous_Snake,TRAIN,2,0,False
Non-Venomous/Common Rat Snake/top-ptyas-mucosa-indian-rat-snake-bottom-naja-naja-common-indian-cobra-AT1H2X.jpg,Non-Venomous,Common Rat Snake,NEAR,HIGH_CONFIDENCE_NEAR_DUPLICATE,train/Non_Venomous_Snake/top-ptyas-mucosa-indian-rat-snake-bottom-naja-naja-common-indian-cobra-AT1H2X.jpg,Non_Venomous_Snake,TRAIN,0,0,False
Non-Venomous/Common Rat Snake/unnamed.png,Non-Venomous,Common Rat Snake,NEAR,HIGH_CONFIDENCE_NEAR_DUPLICATE,train/Non_Venomous_Snake/rat snake.jpg,Non_Venomous_Snake,TRAIN,2,0,False
Non-Venomous/Common Rat Snake/western-rat-snake-texas-ratsnake-black-rat-snake-pilot-black-snake-ebnm1g.jpg,Non-Venomous,Common Rat Snake,NEAR,HIGH_CONFIDENCE_NEAR_DUPLICATE,train/Non_Venomous_Snake/western-rat-snake-texas-ratsnake-black-rat-snake-pilot-black-snake-ebnm1g.jpg,Non_Venomous_Snake,TRAIN,0,0,False
Non-Venomous/Common Rat Snake/white-bellied-rat-snake_0115.jpg,Non-Venomous,Common Rat Snake,NEAR,HIGH_CONFIDENCE_NEAR_DUPLICATE,train/Non_Venomous_Snake/white-bellied-rat-snake_0115.jpg,Non_Venomous_Snake,TRAIN,0,0,False
Non-Venomous/Common Sand Boa/03000026807_01_f.jpg,Non-Venomous,Common Sand Boa,NEAR,HIGH_CONFIDENCE_NEAR_DUPLICATE,train/Non_Venomous_Snake/03000026807_01_f.jpg,Non_Venomous_Snake,TRAIN,0,0,False
Non-Venomous/Common Sand Boa/0844.jpeg,Non-Venomous,Common Sand Boa,NEAR,HIGH_CONFIDENCE_NEAR_DUPLICATE,train/Non_Venomous_Snake/0604.jpg,Non_Venomous_Snake,TRAIN,2,2,False
Non-Venomous/Common Sand Boa/1157751.jpg,Non-Venomous,Common Sand Boa,NEAR,HIGH_CONFIDENCE_NEAR_DUPLICATE,test/Non_Venomous_Snake/1157751.jpg,Non_Venomous_Snake,TEST,0,1,True
Non-Venomous/Common Sand Boa/1200px-Eryx_jaculus.jpg,Non-Venomous,Common Sand Boa,NEAR,HIGH_CONFIDENCE_NEAR_DUPLICATE,test/Non_Venomous_Snake/1200px-Eryx_jaculus.jpg,Non_Venomous_Snake,TEST,0,0,True
Non-Venomous/Common Sand Boa/20141005_190516.jpg,Non-Venomous,Common Sand Boa,NEAR,HIGH_CONFIDENCE_NEAR_DUPLICATE,train/Non_Venomous_Snake/20141005_190516.jpg,Non_Venomous_Snake,TRAIN,0,0,False
Non-Venomous/Common Sand Boa/300px-Boa.jpg,Non-Venomous,Common Sand Boa,NEAR,HIGH_CONFIDENCE_NEAR_DUPLICATE,test/Non_Venomous_Snake/300px-Boa.jpg,Non_Venomous_Snake,TEST,0,0,True
Non-Venomous/Common Sand Boa/3121447067_f9ce8f7a98_b.jpg,Non-Venomous,Common Sand Boa,NEAR,HIGH_CONFIDENCE_NEAR_DUPLICATE,train/Non_Venomous_Snake/3121447067_f9ce8f7a98_b.jpg,Non_Venomous_Snake,TRAIN,0,0,False
Non-Venomous/Common Sand Boa/450-27504292-common-sand-boa-snake.jpg,Non-Venomous,Common Sand Boa,NEAR,HIGH_CONFIDENCE_NEAR_DUPLICATE,test/Non_Venomous_Snake/450-27504292-common-sand-boa-snake.jpg,Non_Venomous_Snake,TEST,0,0,True
Non-Venomous/Common Sand Boa/50300131.jpg,Non-Venomous,Common Sand Boa,NEAR,HIGH_CONFIDENCE_NEAR_DUPLICATE,train/Non_Venomous_Snake/50300131.jpg,Non_Venomous_Snake,TRAIN,0,0,False
Non-Venomous/Common Sand Boa/71cca88c06df3d66ba9bbc5c79ec7bc7.jpg,Non-Venomous,Common Sand Boa,NEAR,HIGH_CONFIDENCE_NEAR_DUPLICATE,validation/Non_Venomous_Snake/71cca88c06df3d66ba9bbc5c79ec7bc7.jpg,Non_Venomous_Snake,VALIDATION,0,0,False
Non-Venomous/Common Sand Boa/a57b14f8130c77339a33b5f7c40a0952--beautiful-snakes-sands.jpg,Non-Venomous,Common Sand Boa,NEAR,HIGH_CONFIDENCE_NEAR_DUPLICATE,validation/Non_Venomous_Snake/a57b14f8130c77339a33b5f7c40a0952--beautiful-snakes-sands.jpg,Non_Venomous_Snake,VALIDATION,0,0,False
Non-Venomous/Common Sand Boa/Arabian-sand-boa-hatching.jpg,Non-Venomous,Common Sand Boa,NEAR,HIGH_CONFIDENCE_NEAR_DUPLICATE,validation/Non_Venomous_Snake/Arabian-sand-boa-hatching.jpg,Non_Venomous_Snake,VALIDATION,0,1,False
Non-Venomous/Common Sand Boa/Arabian-sand-boa-head-detail.jpg,Non-Venomous,Common Sand Boa,NEAR,HIGH_CONFIDENCE_NEAR_DUPLICATE,train/Non_Venomous_Snake/Arabian-sand-boa-head-detail.jpg,Non_Venomous_Snake,TRAIN,0,1,False
Non-Venomous/Common Sand Boa/Arabian-sand-boa-on-top-of-sand.jpg,Non-Venomous,Common Sand Boa,NEAR,POSSIBLE_NEAR_DUPLICATE,train/Non_Venomous_Snake/Arabian-sand-boa-on-top-of-sand.jpg,Non_Venomous_Snake,TRAIN,0,3,False
Non-Venomous/Common Sand Boa/arabian-sand-boa-pattern.jpg,Non-Venomous,Common Sand Boa,NEAR,HIGH_CONFIDENCE_NEAR_DUPLICATE,validation/Non_Venomous_Snake/arabian-sand-boa-pattern.jpg,Non_Venomous_Snake,VALIDATION,0,0,False
Non-Venomous/Common Sand Boa/Arabian-sand-boa.jpg,Non-Venomous,Common Sand Boa,NEAR,HIGH_CONFIDENCE_NEAR_DUPLICATE,train/Non_Venomous_Snake/Arabian-sand-boa.jpg,Non_Venomous_Snake,TRAIN,0,0,False
Non-Venomous/Common Sand Boa/common-sand-boa-gongylophis-conicus-non-venomous-common-BXKTGW.jpg,Non-Venomous,Common Sand Boa,NEAR,HIGH_CONFIDENCE_NEAR_DUPLICATE,train/Non_Venomous_Snake/common-sand-boa-gongylophis-conicus-non-venomous-common-BXKTGW.jpg,Non_Venomous_Snake,TRAIN,0,1,False
Non-Venomous/Common Sand Boa/common-sand-boa-gongylophis-conicus-non-venomous-common-C68YX7.jpg,Non-Venomous,Common Sand Boa,NEAR,HIGH_CONFIDENCE_NEAR_DUPLICATE,train/Non_Venomous_Snake/common-sand-boa-gongylophis-conicus-non-venomous-common-C68YX7.jpg,Non_Venomous_Snake,TRAIN,0,0,False
Non-Venomous/Common Sand Boa/common-sand-boa-gongylophis-conicus-non-venomous-common-c68yx7_001.jpg,Non-Venomous,Common Sand Boa,NEAR,HIGH_CONFIDENCE_NEAR_DUPLICATE,train/Non_Venomous_Snake/common-sand-boa-gongylophis-conicus-non-venomous-common-c68yx7_001.jpg,Non_Venomous_Snake,TRAIN,0,0,False
Non-Venomous/Common Sand Boa/common-sand-boa-gongylophis-conicus-non-venomous-common-c68yy3.jpg,Non-Venomous,Common Sand Boa,NEAR,HIGH_CONFIDENCE_NEAR_DUPLICATE,train/Non_Venomous_Snake/common-sand-boa-gongylophis-conicus-non-venomous-common-c68yy3.jpg,Non_Venomous_Snake,TRAIN,0,0,False
Non-Venomous/Common Sand Boa/common-sand-boa-gongylophis-conicus-non-venomous-common-C68YY3_001.jpg,Non-Venomous,Common Sand Boa,NEAR,HIGH_CONFIDENCE_NEAR_DUPLICATE,train/Non_Venomous_Snake/common-sand-boa-gongylophis-conicus-non-venomous-common-C68YY3_001.jpg,Non_Venomous_Snake,TRAIN,0,0,False
Non-Venomous/Common Sand Boa/common-sand-boa-gongylophis-conicus-non-venomous-common-CC0C30.jpg,Non-Venomous,Common Sand Boa,NEAR,HIGH_CONFIDENCE_NEAR_DUPLICATE,train/Non_Venomous_Snake/common-sand-boa-gongylophis-conicus-non-venomous-common-CC0C30.jpg,Non_Venomous_Snake,TRAIN,0,1,False
Non-Venomous/Common Sand Boa/common-sand-boa-gongylophis-conicus-non-venomous-common-marol-andheri-b8em6g.jpg,Non-Venomous,Common Sand Boa,NEAR,HIGH_CONFIDENCE_NEAR_DUPLICATE,train/Non_Venomous_Snake/common-sand-boa-gongylophis-conicus-non-venomous-common-marol-andheri-b8em6g.jpg,Non_Venomous_Snake,TRAIN,0,1,False
Non-Venomous/Common Sand Boa/common-sand-boa-gongylophis-conicus-non-venomous-common-marol-andheri-B8EM8G.jpg,Non-Venomous,Common Sand Boa,NEAR,HIGH_CONFIDENCE_NEAR_DUPLICATE,train/Non_Venomous_Snake/common-sand-boa-gongylophis-conicus-non-venomous-common-marol-andheri-B8EM8G.jpg,Non_Venomous_Snake,TRAIN,2,0,False
Non-Venomous/Common Sand Boa/common-sand-boa-gongylophis-conicus-non-venomous-kept-in-basket-for-AT2BGJ.jpg,Non-Venomous,Common Sand Boa,NEAR,HIGH_CONFIDENCE_NEAR_DUPLICATE,train/Non_Venomous_Snake/common-sand-boa-gongylophis-conicus-non-venomous-kept-in-basket-for-AT2BGJ.jpg,Non_Venomous_Snake,TRAIN,0,0,False
Non-Venomous/Common Sand Boa/common-sand-boa-mumbai-india-F7NF7T.jpg,Non-Venomous,Common Sand Boa,NEAR,HIGH_CONFIDENCE_NEAR_DUPLICATE,validation/Non_Venomous_Snake/common-sand-boa-mumbai-india-F7NF7T.jpg,Non_Venomous_Snake,VALIDATION,0,1,False
Non-Venomous/Common Sand Boa/common_sand_boa_by_sippyphotography-d68ltcg.jpg,Non-Venomous,Common Sand Boa,NEAR,HIGH_CONFIDENCE_NEAR_DUPLICATE,validation/Non_Venomous_Snake/common_sand_boa_by_sippyphotography-d68ltcg.jpg,Non_Venomous_Snake,VALIDATION,0,1,False
Non-Venomous/Common Sand Boa/DSC_0002r_(2).jpg,Non-Venomous,Common Sand Boa,NEAR,HIGH_CONFIDENCE_NEAR_DUPLICATE,train/Non_Venomous_Snake/DSC_0002r_(2).jpg,Non_Venomous_Snake,TRAIN,0,0,False
Non-Venomous/Common Sand Boa/DSC_0023r.jpg,Non-Venomous,Common Sand Boa,NEAR,HIGH_CONFIDENCE_NEAR_DUPLICATE,train/Non_Venomous_Snake/DSC_0023r.jpg,Non_Venomous_Snake,TRAIN,0,1,False
Non-Venomous/Common Sand Boa/econf.jpg,Non-Venomous,Common Sand Boa,NEAR,HIGH_CONFIDENCE_NEAR_DUPLICATE,train/Non_Venomous_Snake/econf.jpg,Non_Venomous_Snake,TRAIN,0,0,False
Non-Venomous/Common Sand Boa/econmfj.jpg,Non-Venomous,Common Sand Boa,NEAR,HIGH_CONFIDENCE_NEAR_DUPLICATE,train/Non_Venomous_Snake/econmfj.jpg,Non_Venomous_Snake,TRAIN,0,1,False
Non-Venomous/Common Sand Boa/ejpersic.jpg,Non-Venomous,Common Sand Boa,NEAR,HIGH_CONFIDENCE_NEAR_DUPLICATE,train/Non_Venomous_Snake/ejpersic.jpg,Non_Venomous_Snake,TRAIN,2,0,False
Non-Venomous/Common Sand Boa/emm_m1.jpg,Non-Venomous,Common Sand Boa,NEAR,HIGH_CONFIDENCE_NEAR_DUPLICATE,train/Non_Venomous_Snake/emm_m1.jpg,Non_Venomous_Snake,TRAIN,0,0,False
Non-Venomous/Common Sand Boa/Eryx conicus.jpg,Non-Venomous,Common Sand Boa,NEAR,HIGH_CONFIDENCE_NEAR_DUPLICATE,validation/Non_Venomous_Snake/Eryx conicus.jpg,Non_Venomous_Snake,VALIDATION,0,0,False
Non-Venomous/Common Sand Boa/eryx_jayakari.jpg,Non-Venomous,Common Sand Boa,NEAR,HIGH_CONFIDENCE_NEAR_DUPLICATE,train/Non_Venomous_Snake/eryx_jayakari.jpg,Non_Venomous_Snake,TRAIN,0,1,False
Non-Venomous/Common Sand Boa/Eryx_jayakari_by_Omid_Mozaffari.jpg,Non-Venomous,Common Sand Boa,NEAR,HIGH_CONFIDENCE_NEAR_DUPLICATE,train/Non_Venomous_Snake/Eryx_jayakari_by_Omid_Mozaffari.jpg,Non_Venomous_Snake,TRAIN,0,0,False
Non-Venomous/Common Sand Boa/etatarf.jpg,Non-Venomous,Common Sand Boa,NEAR,HIGH_CONFIDENCE_NEAR_DUPLICATE,train/Non_Venomous_Snake/etatarf.jpg,Non_Venomous_Snake,TRAIN,0,0,False
Non-Venomous/Common Sand Boa/etatarm.jpg,Non-Venomous,Common Sand Boa,NEAR,HIGH_CONFIDENCE_NEAR_DUPLICATE,train/Non_Venomous_Snake/etatarm.jpg,Non_Venomous_Snake,TRAIN,0,0,False
Non-Venomous/Common Sand Boa/gongylophis_conicusl.jpg,Non-Venomous,Common Sand Boa,NEAR,HIGH_CONFIDENCE_NEAR_DUPLICATE,train/Non_Venomous_Snake/gongylophis_conicusl.jpg,Non_Venomous_Snake,TRAIN,0,0,False
Non-Venomous/Common Sand Boa/ika-60455-reptiles-snake-eating-mouse-common-sand-boa-eryx-conicus-bfnr2f.jpg,Non-Venomous,Common Sand Boa,NEAR,HIGH_CONFIDENCE_NEAR_DUPLICATE,train/Non_Venomous_Snake/ika-60455-reptiles-snake-eating-mouse-common-sand-boa-eryx-conicus-bfnr2f.jpg,Non_Venomous_Snake,TRAIN,0,0,False
Non-Venomous/Common Sand Boa/IMG_0860 copy.jpg,Non-Venomous,Common Sand Boa,NEAR,HIGH_CONFIDENCE_NEAR_DUPLICATE,train/Non_Venomous_Snake/IMG_0860 copy.jpg,Non_Venomous_Snake,TRAIN,0,1,False
Non-Venomous/Common Sand Boa/img_4608.jpg,Non-Venomous,Common Sand Boa,NEAR,HIGH_CONFIDENCE_NEAR_DUPLICATE,train/Non_Venomous_Snake/36.jpg,Non_Venomous_Snake,TRAIN,2,2,False
Non-Venomous/Common Sand Boa/Javelin-sand-boa-dorsal-view.jpg,Non-Venomous,Common Sand Boa,NEAR,HIGH_CONFIDENCE_NEAR_DUPLICATE,train/Non_Venomous_Snake/Javelin-sand-boa-dorsal-view.jpg,Non_Venomous_Snake,TRAIN,0,0,False
Non-Venomous/Common Sand Boa/javelin-sand-boa.jpg,Non-Venomous,Common Sand Boa,NEAR,HIGH_CONFIDENCE_NEAR_DUPLICATE,train/Non_Venomous_Snake/javelin-sand-boa.jpg,Non_Venomous_Snake,TRAIN,0,0,False
Non-Venomous/Common Sand Boa/kenyan-sand-boa-burrowing.jpg,Non-Venomous,Common Sand Boa,NEAR,HIGH_CONFIDENCE_NEAR_DUPLICATE,train/Non_Venomous_Snake/kenyan-sand-boa-burrowing.jpg,Non_Venomous_Snake,TRAIN,0,0,False
Non-Venomous/Common Sand Boa/kenyan-sand-boa-subspecies-loveridgei_001.jpg,Non-Venomous,Common Sand Boa,NEAR,HIGH_CONFIDENCE_NEAR_DUPLICATE,train/Non_Venomous_Snake/kenyan-sand-boa-subspecies-loveridgei_001.jpg,Non_Venomous_Snake,TRAIN,0,1,False
Non-Venomous/Common Sand Boa/kenyan-sand-boa.jpg,Non-Venomous,Common Sand Boa,NEAR,HIGH_CONFIDENCE_NEAR_DUPLICATE,train/Non_Venomous_Snake/kenyan-sand-boa.jpg,Non_Venomous_Snake,TRAIN,2,0,False
Non-Venomous/Common Sand Boa/kenyan.jpg,Non-Venomous,Common Sand Boa,NEAR,HIGH_CONFIDENCE_NEAR_DUPLICATE,train/Non_Venomous_Snake/kenyan.jpg,Non_Venomous_Snake,TRAIN,0,0,False
Non-Venomous/Common Sand Boa/Photo-0187.jpg,Non-Venomous,Common Sand Boa,NEAR,HIGH_CONFIDENCE_NEAR_DUPLICATE,train/Non_Venomous_Snake/Photo-0187.jpg,Non_Venomous_Snake,TRAIN,0,0,False
Non-Venomous/Common Sand Boa/red-sand-boa-eryx-johnii-non-venomous-common-c690b1.jpg,Non-Venomous,Common Sand Boa,NEAR,HIGH_CONFIDENCE_NEAR_DUPLICATE,train/Non_Venomous_Snake/red-sand-boa-eryx-johnii-non-venomous-common-c690b1.jpg,Non_Venomous_Snake,TRAIN,0,0,False
Non-Venomous/Common Sand Boa/red-sand-boa-eryx-johnii-non-venomous-common-C690BE.jpg,Non-Venomous,Common Sand Boa,NEAR,HIGH_CONFIDENCE_NEAR_DUPLICATE,validation/Non_Venomous_Snake/red-sand-boa-eryx-johnii-non-venomous-common-C690BE.jpg,Non_Venomous_Snake,VALIDATION,0,0,False
Non-Venomous/Common Sand Boa/red-sand-boa-eryx-johnii-non-venomous-common-c6915g.jpg,Non-Venomous,Common Sand Boa,NEAR,HIGH_CONFIDENCE_NEAR_DUPLICATE,validation/Non_Venomous_Snake/red-sand-boa-eryx-johnii-non-venomous-common-c6915g.jpg,Non_Venomous_Snake,VALIDATION,0,0,False
Non-Venomous/Common Sand Boa/red-sand-boa.jpg,Non-Venomous,Common Sand Boa,NEAR,HIGH_CONFIDENCE_NEAR_DUPLICATE,train/Non_Venomous_Snake/red-sand-boa.jpg,Non_Venomous_Snake,TRAIN,0,1,False
Non-Venomous/Common Sand Boa/Red_Sand_Boa_Eryx_johnii_by_Ashahar_alias_Krishna_Khan.jpg,Non-Venomous,Common Sand Boa,NEAR,HIGH_CONFIDENCE_NEAR_DUPLICATE,train/Non_Venomous_Snake/Red_Sand_Boa_Eryx_johnii_by_Ashahar_alias_Krishna_Khan.jpg,Non_Venomous_Snake,TRAIN,0,0,False
Non-Venomous/Common Sand Boa/rsf7-01.jpg,Non-Venomous,Common Sand Boa,NEAR,HIGH_CONFIDENCE_NEAR_DUPLICATE,train/Non_Venomous_Snake/rsf7-01.jpg,Non_Venomous_Snake,TRAIN,0,0,False
Non-Venomous/Common Sand Boa/Russells_Boa.jpg,Non-Venomous,Common Sand Boa,NEAR,HIGH_CONFIDENCE_NEAR_DUPLICATE,train/Non_Venomous_Snake/Russells_Boa.jpg,Non_Venomous_Snake,TRAIN,0,0,False
Non-Venomous/Common Sand Boa/Sand_Boa.jpg,Non-Venomous,Common Sand Boa,NEAR,HIGH_CONFIDENCE_NEAR_DUPLICATE,train/Non_Venomous_Snake/Sand_Boa.jpg,Non_Venomous_Snake,TRAIN,2,0,False
Non-Venomous/Common Sand Boa/sandboa1.jpg,Non-Venomous,Common Sand Boa,NEAR,HIGH_CONFIDENCE_NEAR_DUPLICATE,train/Non_Venomous_Snake/sandboa1.jpg,Non_Venomous_Snake,TRAIN,0,0,False
Non-Venomous/Common Sand Boa/sandboa2.jpg,Non-Venomous,Common Sand Boa,NEAR,HIGH_CONFIDENCE_NEAR_DUPLICATE,train/Non_Venomous_Snake/sandboa2.jpg,Non_Venomous_Snake,TRAIN,0,1,False
Non-Venomous/Common Sand Boa/unnamed.png,Non-Venomous,Common Sand Boa,NEAR,POSSIBLE_NEAR_DUPLICATE,train/Non_Venomous_Snake/2jhhjj.jpg,Non_Venomous_Snake,TRAIN,2,4,False
Non-Venomous/Common Sand Boa/whitakers-sandboa-eryx-whitakeri-non-venomous-common-a-medium-sized-AX2GTX.jpg,Non-Venomous,Common Sand Boa,NEAR,HIGH_CONFIDENCE_NEAR_DUPLICATE,validation/Non_Venomous_Snake/whitakers-sandboa-eryx-whitakeri-non-venomous-common-a-medium-sized-AX2GTX.jpg,Non_Venomous_Snake,VALIDATION,0,0,False
Non-Venomous/Common Trinket/0431.jpeg,Non-Venomous,Common Trinket,NEAR,POSSIBLE_NEAR_DUPLICATE,train/Non_Venomous_Snake/0431.jpg,Non_Venomous_Snake,TRAIN,6,1,False
Non-Venomous/Common Trinket/1200px-Elaphe_quadrivirgata.JPG,Non-Venomous,Common Trinket,NEAR,HIGH_CONFIDENCE_NEAR_DUPLICATE,train/Non_Venomous_Snake/1200px-Elaphe_quadrivirgata.JPG,Non_Venomous_Snake,TRAIN,0,0,False
Non-Venomous/Common Trinket/1438844598IMG_0412.JPG,Non-Venomous,Common Trinket,NEAR,HIGH_CONFIDENCE_NEAR_DUPLICATE,train/Non_Venomous_Snake/1438844598IMG_0412.JPG,Non_Venomous_Snake,TRAIN,0,0,False
Non-Venomous/Common Trinket/15021341824_55f46f452d_m.jpg,Non-Venomous,Common Trinket,NEAR,HIGH_CONFIDENCE_NEAR_DUPLICATE,train/Non_Venomous_Snake/15021341824_55f46f452d_m.jpg,Non_Venomous_Snake,TRAIN,2,0,False
Non-Venomous/Common Trinket/15053871203_517c7e024f_b.jpg,Non-Venomous,Common Trinket,NEAR,HIGH_CONFIDENCE_NEAR_DUPLICATE,validation/Non_Venomous_Snake/15053871203_517c7e024f_b.jpg,Non_Venomous_Snake,VALIDATION,0,1,False
Non-Venomous/Common Trinket/15649513156_3ac7281119_b.jpg,Non-Venomous,Common Trinket,NEAR,HIGH_CONFIDENCE_NEAR_DUPLICATE,train/Non_Venomous_Snake/15649513156_3ac7281119_b.jpg,Non_Venomous_Snake,TRAIN,0,0,False
Non-Venomous/Common Trinket/15673251455_665b455109_b.jpg,Non-Venomous,Common Trinket,NEAR,HIGH_CONFIDENCE_NEAR_DUPLICATE,train/Non_Venomous_Snake/15673251455_665b455109_b.jpg,Non_Venomous_Snake,TRAIN,0,0,False
Non-Venomous/Common Trinket/1922.jpeg,Non-Venomous,Common Trinket,NEAR,POSSIBLE_NEAR_DUPLICATE,train/Non_Venomous_Snake/1922.jpg,Non_Venomous_Snake,TRAIN,4,0,False
Non-Venomous/Common Trinket/1922.jpeg,Non-Venomous,Common Trinket,NEAR,HIGH_CONFIDENCE_NEAR_DUPLICATE,train/Non_Venomous_Snake/32 (2).jpg,Non_Venomous_Snake,TRAIN,0,0,False
Non-Venomous/Common Trinket/2037.jpeg,Non-Venomous,Common Trinket,NEAR,HIGH_CONFIDENCE_NEAR_DUPLICATE,train/Non_Venomous_Snake/2037.jpg,Non_Venomous_Snake,TRAIN,2,0,False
Non-Venomous/Common Trinket/23687915030_1d79eb768b.jpg,Non-Venomous,Common Trinket,NEAR,HIGH_CONFIDENCE_NEAR_DUPLICATE,test/Non_Venomous_Snake/12.jpg,Non_Venomous_Snake,TEST,0,1,True
Non-Venomous/Common Trinket/4.jpg,Non-Venomous,Common Trinket,NEAR,HIGH_CONFIDENCE_NEAR_DUPLICATE,train/Non_Venomous_Snake/4 (2).jpg,Non_Venomous_Snake,TRAIN,0,1,False
Non-Venomous/Common Trinket/7413599378_03c9197f81.jpg,Non-Venomous,Common Trinket,NEAR,HIGH_CONFIDENCE_NEAR_DUPLICATE,train/Non_Venomous_Snake/54 (2).jpg,Non_Venomous_Snake,TRAIN,0,1,False
Non-Venomous/Common Trinket/7413599378_03c9197f81.jpg,Non-Venomous,Common Trinket,NEAR,HIGH_CONFIDENCE_NEAR_DUPLICATE,train/Non_Venomous_Snake/7413599378_03c9197f81.jpg,Non_Venomous_Snake,TRAIN,0,1,False
Non-Venomous/Common Trinket/7667965192_6ebcdd85d8_b.jpg,Non-Venomous,Common Trinket,NEAR,HIGH_CONFIDENCE_NEAR_DUPLICATE,test/Non_Venomous_Snake/9 (2).jpg,Non_Venomous_Snake,TEST,2,2,True
Non-Venomous/Common Trinket/85a4f893f43a26c9257f2e4ab5e42eff.jpg,Non-Venomous,Common Trinket,NEAR,HIGH_CONFIDENCE_NEAR_DUPLICATE,train/Non_Venomous_Snake/85a4f893f43a26c9257f2e4ab5e42eff.jpg,Non_Venomous_Snake,TRAIN,0,0,False
Non-Venomous/Common Trinket/Close_Up_of_A_Common_Trinket.JPG,Non-Venomous,Common Trinket,NEAR,HIGH_CONFIDENCE_NEAR_DUPLICATE,validation/Non_Venomous_Snake/0 (2).jpg,Non_Venomous_Snake,VALIDATION,0,0,False
Non-Venomous/Common Trinket/Coelognathus-helena-03000033350_01.jpg,Non-Venomous,Common Trinket,NEAR,HIGH_CONFIDENCE_NEAR_DUPLICATE,test/Non_Venomous_Snake/14 (2).jpg,Non_Venomous_Snake,TEST,0,1,True
Non-Venomous/Common Trinket/common-indian-trinket-coelognathus-helena-ncbs-bangalore-india-f7n7nc.jpg,Non-Venomous,Common Trinket,NEAR,HIGH_CONFIDENCE_NEAR_DUPLICATE,validation/Non_Venomous_Snake/common-indian-trinket-coelognathus-helena-ncbs-bangalore-india-f7n7nc.jpg,Non_Venomous_Snake,VALIDATION,0,0,False
Non-Venomous/Common Trinket/common-indian-trinket-coelognathus-helena-ncbs-bangalore-india-f7n7pg.jpg,Non-Venomous,Common Trinket,NEAR,HIGH_CONFIDENCE_NEAR_DUPLICATE,train/Non_Venomous_Snake/common-indian-trinket-coelognathus-helena-ncbs-bangalore-india-f7n7pg.jpg,Non_Venomous_Snake,TRAIN,0,1,False
Non-Venomous/Common Trinket/Common-Trinket-Snake-300x225.jpg,Non-Venomous,Common Trinket,NEAR,HIGH_CONFIDENCE_NEAR_DUPLICATE,train/Non_Venomous_Snake/Common-Trinket-Snake-300x225.jpg,Non_Venomous_Snake,TRAIN,0,0,False
Non-Venomous/Common Trinket/common-trinket-snake-coelognathus-helena-helena-non-venomous-common-aa2k4m.jpg,Non-Venomous,Common Trinket,NEAR,HIGH_CONFIDENCE_NEAR_DUPLICATE,validation/Non_Venomous_Snake/common-trinket-snake-coelognathus-helena-helena-non-venomous-common-aa2k4m.jpg,Non_Venomous_Snake,VALIDATION,2,0,False
Non-Venomous/Common Trinket/common-trinket-snake-elaphe-helena-akfw8a.jpg,Non-Venomous,Common Trinket,NEAR,HIGH_CONFIDENCE_NEAR_DUPLICATE,train/Non_Venomous_Snake/common-trinket-snake-elaphe-helena-akfw8a.jpg,Non_Venomous_Snake,TRAIN,0,0,False
Non-Venomous/Common Trinket/common-trinket-snake-elaphe-helena-two-individuals-a3ypkp.jpg,Non-Venomous,Common Trinket,NEAR,HIGH_CONFIDENCE_NEAR_DUPLICATE,train/Non_Venomous_Snake/common-trinket-snake-elaphe-helena-two-individuals-a3ypkp.jpg,Non_Venomous_Snake,TRAIN,0,0,False
Non-Venomous/Common Trinket/common_trinket_001.jpg,Non-Venomous,Common Trinket,NEAR,HIGH_CONFIDENCE_NEAR_DUPLICATE,train/Non_Venomous_Snake/common_trinket_001.jpg,Non_Venomous_Snake,TRAIN,2,1,False
Non-Venomous/Common Trinket/Copper-headed Trinket Snake.jpg,Non-Venomous,Common Trinket,NEAR,HIGH_CONFIDENCE_NEAR_DUPLICATE,train/Non_Venomous_Snake/Copper-headed Trinket Snake.jpg,Non_Venomous_Snake,TRAIN,0,1,False
Non-Venomous/Common Trinket/copper-headed-trinket-snake-coelognathus-radiatus-efrtgt.jpg,Non-Venomous,Common Trinket,NEAR,HIGH_CONFIDENCE_NEAR_DUPLICATE,validation/Non_Venomous_Snake/copper-headed-trinket-snake-coelognathus-radiatus-efrtgt.jpg,Non_Venomous_Snake,VALIDATION,2,0,False
Non-Venomous/Common Trinket/habaraliya.jpg,Non-Venomous,Common Trinket,NEAR,HIGH_CONFIDENCE_NEAR_DUPLICATE,train/Non_Venomous_Snake/habaraliya.jpg,Non_Venomous_Snake,TRAIN,0,0,False
Non-Venomous/Common Trinket/img8.jpg,Non-Venomous,Common Trinket,NEAR,HIGH_CONFIDENCE_NEAR_DUPLICATE,train/Non_Venomous_Snake/img8.jpg,Non_Venomous_Snake,TRAIN,0,0,False
Non-Venomous/Common Trinket/IMG_0023.jpg,Non-Venomous,Common Trinket,NEAR,HIGH_CONFIDENCE_NEAR_DUPLICATE,train/Non_Venomous_Snake/IMG_0023.jpg,Non_Venomous_Snake,TRAIN,0,1,False
Non-Venomous/Common Trinket/montane-trinket-snake-coelognathus-helena-monticollaris-non-venomous-a23fcd.jpg,Non-Venomous,Common Trinket,NEAR,HIGH_CONFIDENCE_NEAR_DUPLICATE,train/Non_Venomous_Snake/montane-trinket-snake-coelognathus-helena-monticollaris-non-venomous-a23fcd.jpg,Non_Venomous_Snake,TRAIN,0,0,False
Non-Venomous/Common Trinket/montane-trinket-snake-coelognathus-helena-monticollaris-non-venomous-AX0CWP.jpg,Non-Venomous,Common Trinket,NEAR,HIGH_CONFIDENCE_NEAR_DUPLICATE,train/Non_Venomous_Snake/montane-trinket-snake-coelognathus-helena-monticollaris-non-venomous-AX0CWP.jpg,Non_Venomous_Snake,TRAIN,0,0,False
Non-Venomous/Common Trinket/orthriophis-taeniurus-striped-racer-striped-trinket-snake-non-venomous-H9EPPH.jpg,Non-Venomous,Common Trinket,NEAR,HIGH_CONFIDENCE_NEAR_DUPLICATE,train/Non_Venomous_Snake/orthriophis-taeniurus-striped-racer-striped-trinket-snake-non-venomous-H9EPPH.jpg,Non_Venomous_Snake,TRAIN,2,0,False
Non-Venomous/Common Trinket/Snake-Common-Trinket.jpg,Non-Venomous,Common Trinket,NEAR,HIGH_CONFIDENCE_NEAR_DUPLICATE,train/Non_Venomous_Snake/48 (2).jpg,Non_Venomous_Snake,TRAIN,2,0,False
Non-Venomous/Common Trinket/Snake-Common-Trinket.jpg,Non-Venomous,Common Trinket,NEAR,HIGH_CONFIDENCE_NEAR_DUPLICATE,train/Non_Venomous_Snake/Snake-Common-Trinket.jpg,Non_Venomous_Snake,TRAIN,0,0,False
Non-Venomous/Common Trinket/snake-snakes-leopard-snake-zamenis-situla-trinket-snake-reptile-reptiles-BNJR3J.jpg,Non-Venomous,Common Trinket,NEAR,HIGH_CONFIDENCE_NEAR_DUPLICATE,train/Non_Venomous_Snake/snake-snakes-leopard-snake-zamenis-situla-trinket-snake-reptile-reptiles-BNJR3J.jpg,Non_Venomous_Snake,TRAIN,0,0,False
Non-Venomous/Common Trinket/trinket2.jpg,Non-Venomous,Common Trinket,NEAR,HIGH_CONFIDENCE_NEAR_DUPLICATE,train/Non_Venomous_Snake/trinket2.jpg,Non_Venomous_Snake,TRAIN,0,0,False
Non-Venomous/Green Tree Vine/110298e9e9d6d2fdba1357f8ce37cb3b.jpg,Non-Venomous,Green Tree Vine,NEAR,HIGH_CONFIDENCE_NEAR_DUPLICATE,validation/Non_Venomous_Snake/10 (3).jpg,Non_Venomous_Snake,VALIDATION,0,1,False
Non-Venomous/Green Tree Vine/3fa413c2da7fc530e62d96dcf738304f.jpg,Non-Venomous,Green Tree Vine,NEAR,HIGH_CONFIDENCE_NEAR_DUPLICATE,train/Non_Venomous_Snake/3fa413c2da7fc530e62d96dcf738304f.jpg,Non_Venomous_Snake,TRAIN,0,0,False
Non-Venomous/Green Tree Vine/3fa413c2da7fc530e62d96dcf738304f.jpg,Non-Venomous,Green Tree Vine,NEAR,HIGH_CONFIDENCE_NEAR_DUPLICATE,train/Non_Venomous_Snake/5 (2).jpg,Non_Venomous_Snake,TRAIN,0,0,False
Non-Venomous/Green Tree Vine/480a15852ea1541e979834fabee27363--blue-green-green-trees.jpg,Non-Venomous,Green Tree Vine,NEAR,HIGH_CONFIDENCE_NEAR_DUPLICATE,train/Non_Venomous_Snake/480a15852ea1541e979834fabee27363--blue-green-green-trees.jpg,Non_Venomous_Snake,TRAIN,0,0,False
Non-Venomous/Green Tree Vine/4a9881dd567ca571c0874b158a72b9ec.jpg,Non-Venomous,Green Tree Vine,NEAR,HIGH_CONFIDENCE_NEAR_DUPLICATE,train/Non_Venomous_Snake/4 (3).jpg,Non_Venomous_Snake,TRAIN,0,0,False
Non-Venomous/Green Tree Vine/4a9881dd567ca571c0874b158a72b9ec.jpg,Non-Venomous,Green Tree Vine,NEAR,HIGH_CONFIDENCE_NEAR_DUPLICATE,train/Non_Venomous_Snake/4a9881dd567ca571c0874b158a72b9ec.jpg,Non_Venomous_Snake,TRAIN,0,1,False
Non-Venomous/Green Tree Vine/dbc07269d811693c59231e23ed0e404d.jpg,Non-Venomous,Green Tree Vine,NEAR,HIGH_CONFIDENCE_NEAR_DUPLICATE,train/Non_Venomous_Snake/dbc07269d811693c59231e23ed0e404d.jpg,Non_Venomous_Snake,TRAIN,0,0,False
Non-Venomous/Green Tree Vine/ec508f46cb681431964d45926a4ade84.jpg,Non-Venomous,Green Tree Vine,NEAR,HIGH_CONFIDENCE_NEAR_DUPLICATE,train/Non_Venomous_Snake/ec508f46cb681431964d45926a4ade84.jpg,Non_Venomous_Snake,TRAIN,0,0,False
Non-Venomous/Green Tree Vine/GreenVineSnakeSinharajaGR.jpg,Non-Venomous,Green Tree Vine,NEAR,HIGH_CONFIDENCE_NEAR_DUPLICATE,validation/Non_Venomous_Snake/8 (2).jpg,Non_Venomous_Snake,VALIDATION,0,0,False
Non-Venomous/Green Tree Vine/march-3-2016-long-nosed-tree-snake-green-vine-snake-long-nosed-whip-FFHC11.jpg,Non-Venomous,Green Tree Vine,NEAR,POSSIBLE_NEAR_DUPLICATE,train/Non_Venomous_Snake/15 (2).jpg,Non_Venomous_Snake,TRAIN,4,3,False
Non-Venomous/Green Tree Vine/snake7-1024x768.jpg,Non-Venomous,Green Tree Vine,NEAR,HIGH_CONFIDENCE_NEAR_DUPLICATE,validation/Non_Venomous_Snake/snake7-1024x768.jpg,Non_Venomous_Snake,VALIDATION,0,0,False
Non-Venomous/Green Tree Vine/the-common-vine-snake-ahaetulla-nasuta-is-a-slender-green-tree-snake-F947RB.jpg,Non-Venomous,Green Tree Vine,NEAR,POSSIBLE_NEAR_DUPLICATE,train/Non_Venomous_Snake/45 (3).jpg,Non_Venomous_Snake,TRAIN,6,2,False
Non-Venomous/Green Tree Vine/the-common-vine-snake-ahaetulla-nasuta-is-a-slender-green-tree-snake-F947RB.jpg,Non-Venomous,Green Tree Vine,NEAR,HIGH_CONFIDENCE_NEAR_DUPLICATE,train/Non_Venomous_Snake/the-common-vine-snake-ahaetulla-nasuta-is-a-slender-green-tree-snake-F947RB.jpg,Non_Venomous_Snake,TRAIN,0,1,False
Non-Venomous/Green Tree Vine/the-common-vine-snake-ahaetulla-nasuta-is-a-slender-green-tree-snake-F947RM.jpg,Non-Venomous,Green Tree Vine,NEAR,HIGH_CONFIDENCE_NEAR_DUPLICATE,validation/Non_Venomous_Snake/the-common-vine-snake-ahaetulla-nasuta-is-a-slender-green-tree-snake-F947RM.jpg,Non_Venomous_Snake,VALIDATION,0,0,False
Non-Venomous/Green Tree Vine/the-common-vine-snake-ahaetulla-nasuta-is-a-slender-green-tree-snake-f947rt.jpg,Non-Venomous,Green Tree Vine,NEAR,HIGH_CONFIDENCE_NEAR_DUPLICATE,train/Non_Venomous_Snake/the-common-vine-snake-ahaetulla-nasuta-is-a-slender-green-tree-snake-f947rt.jpg,Non_Venomous_Snake,TRAIN,0,1,False
Non-Venomous/Green Tree Vine/the-common-vine-snake-ahaetulla-nasuta-is-a-slender-green-tree-snake-F947T3.jpg,Non-Venomous,Green Tree Vine,NEAR,HIGH_CONFIDENCE_NEAR_DUPLICATE,train/Non_Venomous_Snake/the-common-vine-snake-ahaetulla-nasuta-is-a-slender-green-tree-snake-F947T3.jpg,Non_Venomous_Snake,TRAIN,0,0,False
Non-Venomous/Green Tree Vine/the-common-vine-snake-ahaetulla-nasuta-is-a-slender-green-tree-snake-f947t3_001.jpg,Non-Venomous,Green Tree Vine,NEAR,HIGH_CONFIDENCE_NEAR_DUPLICATE,train/Non_Venomous_Snake/the-common-vine-snake-ahaetulla-nasuta-is-a-slender-green-tree-snake-f947t3_001.jpg,Non_Venomous_Snake,TRAIN,0,0,False
Non-Venomous/Green Tree Vine/tumblr_n9q4ra2NrW1sgxjc6o2_1280.jpg,Non-Venomous,Green Tree Vine,NEAR,HIGH_CONFIDENCE_NEAR_DUPLICATE,train/Non_Venomous_Snake/3 (3).jpg,Non_Venomous_Snake,TRAIN,2,0,False
Non-Venomous/Green Tree Vine/tumblr_n9q4ra2NrW1sgxjc6o2_1280.jpg,Non-Venomous,Green Tree Vine,NEAR,HIGH_CONFIDENCE_NEAR_DUPLICATE,train/Non_Venomous_Snake/tumblr_n9q4ra2NrW1sgxjc6o2_1280.jpg,Non_Venomous_Snake,TRAIN,2,0,False
Non-Venomous/Indian Rock Python/0.jpg,Non-Venomous,Indian Rock Python,NEAR,HIGH_CONFIDENCE_NEAR_DUPLICATE,train/Non_Venomous_Snake/0 (4).jpg,Non_Venomous_Snake,TRAIN,0,0,False
Non-Venomous/Indian Rock Python/1.jpg,Non-Venomous,Indian Rock Python,NEAR,HIGH_CONFIDENCE_NEAR_DUPLICATE,test/Non_Venomous_Snake/1 (2).jpg,Non_Venomous_Snake,TEST,0,0,True
Non-Venomous/Indian Rock Python/1024px-Heller_Tigerpython_Python_molurus_molurus.jpg,Non-Venomous,Indian Rock Python,NEAR,HIGH_CONFIDENCE_NEAR_DUPLICATE,test/Non_Venomous_Snake/1024px-Heller_Tigerpython_Python_molurus_molurus.jpg,Non_Venomous_Snake,TEST,0,0,True
Non-Venomous/Indian Rock Python/1166420045-m.jpg,Non-Venomous,Indian Rock Python,NEAR,HIGH_CONFIDENCE_NEAR_DUPLICATE,test/Non_Venomous_Snake/1166420045-m.jpg,Non_Venomous_Snake,TEST,0,0,True
Non-Venomous/Indian Rock Python/1280px-Indian_rock_python_pratik.JPG,Non-Venomous,Indian Rock Python,NEAR,HIGH_CONFIDENCE_NEAR_DUPLICATE,test/Non_Venomous_Snake/1280px-Indian_rock_python_pratik.JPG,Non_Venomous_Snake,TEST,0,0,True
Non-Venomous/Indian Rock Python/131942656.vigSlaNz.jpg,Non-Venomous,Indian Rock Python,NEAR,HIGH_CONFIDENCE_NEAR_DUPLICATE,test/Non_Venomous_Snake/131942656.vigSlaNz.jpg,Non_Venomous_Snake,TEST,0,1,True
Non-Venomous/Indian Rock Python/1406194043645_wps_2_EXCLUSIVE_GUJARAT_INDIA_U.jpg,Non-Venomous,Indian Rock Python,NEAR,HIGH_CONFIDENCE_NEAR_DUPLICATE,test/Non_Venomous_Snake/1406194043645_wps_2_EXCLUSIVE_GUJARAT_INDIA_U.jpg,Non_Venomous_Snake,TEST,0,0,True
Non-Venomous/Indian Rock Python/1406194171937_wps_8_EXCLUSIVE_GUJARAT_INDIA_U.jpg,Non-Venomous,Indian Rock Python,NEAR,HIGH_CONFIDENCE_NEAR_DUPLICATE,train/Non_Venomous_Snake/1406194171937_wps_8_EXCLUSIVE_GUJARAT_INDIA_U.jpg,Non_Venomous_Snake,TRAIN,0,0,False
Non-Venomous/Indian Rock Python/1406194211496_wps_10_EXCLUSIVE_GUJARAT_INDIA_U.jpg,Non-Venomous,Indian Rock Python,NEAR,HIGH_CONFIDENCE_NEAR_DUPLICATE,train/Non_Venomous_Snake/1406194211496_wps_10_EXCLUSIVE_GUJARAT_INDIA_U.jpg,Non_Venomous_Snake,TRAIN,0,0,False
Non-Venomous/Indian Rock Python/1406194312764_wps_11_EXCLUSIVE_GUJARAT_INDIA_U.jpg,Non-Venomous,Indian Rock Python,NEAR,HIGH_CONFIDENCE_NEAR_DUPLICATE,train/Non_Venomous_Snake/1406194312764_wps_11_EXCLUSIVE_GUJARAT_INDIA_U.jpg,Non_Venomous_Snake,TRAIN,0,0,False
Non-Venomous/Indian Rock Python/1438853319IMG-20141006-WA0017.jpg,Non-Venomous,Indian Rock Python,NEAR,HIGH_CONFIDENCE_NEAR_DUPLICATE,test/Non_Venomous_Snake/1438853319IMG-20141006-WA0017.jpg,Non_Venomous_Snake,TEST,0,0,True
Non-Venomous/Indian Rock Python/1438853319main -1.jpg,Non-Venomous,Indian Rock Python,NEAR,HIGH_CONFIDENCE_NEAR_DUPLICATE,test/Non_Venomous_Snake/1438853319main -1.jpg,Non_Venomous_Snake,TEST,0,1,True
Non-Venomous/Indian Rock Python/1438853320sub headed shot-1.jpg,Non-Venomous,Indian Rock Python,NEAR,HIGH_CONFIDENCE_NEAR_DUPLICATE,test/Non_Venomous_Snake/1438853320sub headed shot-1.jpg,Non_Venomous_Snake,TEST,0,1,True
Non-Venomous/Indian Rock Python/1753.jpeg,Non-Venomous,Indian Rock Python,NEAR,POSSIBLE_NEAR_DUPLICATE,train/Non_Venomous_Snake/1753.jpg,Non_Venomous_Snake,TRAIN,6,5,False
Non-Venomous/Indian Rock Python/240_F_57387590_X4C1GVMXiircJ9WijCsTxXmP3l08Pk2m.jpg,Non-Venomous,Indian Rock Python,NEAR,HIGH_CONFIDENCE_NEAR_DUPLICATE,test/Non_Venomous_Snake/240_F_57387590_X4C1GVMXiircJ9WijCsTxXmP3l08Pk2m.jpg,Non_Venomous_Snake,TEST,0,0,True
Non-Venomous/Indian Rock Python/240_F_81777996_fXFZAxx4plJEMzc4ndaqAcPqLi5VB87h.jpg,Non-Venomous,Indian Rock Python,NEAR,HIGH_CONFIDENCE_NEAR_DUPLICATE,test/Non_Venomous_Snake/240_F_81777996_fXFZAxx4plJEMzc4ndaqAcPqLi5VB87h.jpg,Non_Venomous_Snake,TEST,0,0,True
Non-Venomous/Indian Rock Python/240_F_81778671_6lV4W2Ea4sy1uxVPZTpyyDUN8B0tDMi9.jpg,Non-Venomous,Indian Rock Python,NEAR,HIGH_CONFIDENCE_NEAR_DUPLICATE,validation/Non_Venomous_Snake/240_F_81778671_6lV4W2Ea4sy1uxVPZTpyyDUN8B0tDMi9.jpg,Non_Venomous_Snake,VALIDATION,0,1,False
Non-Venomous/Indian Rock Python/249701_149478348456813_100001839476094_326585_731191_n.jpg,Non-Venomous,Indian Rock Python,NEAR,HIGH_CONFIDENCE_NEAR_DUPLICATE,test/Non_Venomous_Snake/249701_149478348456813_100001839476094_326585_731191_n.jpg,Non_Venomous_Snake,TEST,0,1,True
Non-Venomous/Indian Rock Python/5 blog.jpg,Non-Venomous,Indian Rock Python,NEAR,HIGH_CONFIDENCE_NEAR_DUPLICATE,test/Non_Venomous_Snake/5 blog.jpg,Non_Venomous_Snake,TEST,0,0,True
Non-Venomous/Indian Rock Python/5521393421453897450.jpg,Non-Venomous,Indian Rock Python,NEAR,HIGH_CONFIDENCE_NEAR_DUPLICATE,train/Non_Venomous_Snake/5521393421453897450.jpg,Non_Venomous_Snake,TRAIN,0,0,False
Non-Venomous/Indian Rock Python/61571838_4ea666d98a_b.jpg,Non-Venomous,Indian Rock Python,NEAR,HIGH_CONFIDENCE_NEAR_DUPLICATE,test/Non_Venomous_Snake/61571838_4ea666d98a_b.jpg,Non_Venomous_Snake,TEST,0,0,True
Non-Venomous/Indian Rock Python/6341106gveli179.jpg,Non-Venomous,Indian Rock Python,NEAR,HIGH_CONFIDENCE_NEAR_DUPLICATE,train/Non_Venomous_Snake/6341106gveli179.jpg,Non_Venomous_Snake,TRAIN,0,0,False
Non-Venomous/Indian Rock Python/6O4A4956.jpg,Non-Venomous,Indian Rock Python,NEAR,HIGH_CONFIDENCE_NEAR_DUPLICATE,train/Non_Venomous_Snake/6O4A4956.jpg,Non_Venomous_Snake,TRAIN,0,1,False
Non-Venomous/Indian Rock Python/6O4A7830.jpg,Non-Venomous,Indian Rock Python,NEAR,HIGH_CONFIDENCE_NEAR_DUPLICATE,test/Non_Venomous_Snake/6O4A7830.jpg,Non_Venomous_Snake,TEST,2,0,True
Non-Venomous/Indian Rock Python/6O4A7844.jpg,Non-Venomous,Indian Rock Python,NEAR,HIGH_CONFIDENCE_NEAR_DUPLICATE,test/Non_Venomous_Snake/6O4A7844.jpg,Non_Venomous_Snake,TEST,0,1,True
Non-Venomous/Indian Rock Python/6O4A7885.jpg,Non-Venomous,Indian Rock Python,NEAR,HIGH_CONFIDENCE_NEAR_DUPLICATE,train/Non_Venomous_Snake/6O4A7885.jpg,Non_Venomous_Snake,TRAIN,0,0,False
Non-Venomous/Indian Rock Python/7044762725_5e3e754c31.jpg,Non-Venomous,Indian Rock Python,NEAR,HIGH_CONFIDENCE_NEAR_DUPLICATE,test/Non_Venomous_Snake/7044762725_5e3e754c31.jpg,Non_Venomous_Snake,TEST,2,0,True
Non-Venomous/Indian Rock Python/7696c19d1eb4846d81269ecb4c77f5a5.jpg,Non-Venomous,Indian Rock Python,NEAR,HIGH_CONFIDENCE_NEAR_DUPLICATE,test/Non_Venomous_Snake/7696c19d1eb4846d81269ecb4c77f5a5.jpg,Non_Venomous_Snake,TEST,0,1,True
Non-Venomous/Indian Rock Python/87457288_XS.jpg,Non-Venomous,Indian Rock Python,NEAR,HIGH_CONFIDENCE_NEAR_DUPLICATE,test/Non_Venomous_Snake/87457288_XS.jpg,Non_Venomous_Snake,TEST,0,0,True
Non-Venomous/Indian Rock Python/a0a6db8a29a4a474703855fd466ed3dd--indian-animals-mammals.jpg,Non-Venomous,Indian Rock Python,NEAR,HIGH_CONFIDENCE_NEAR_DUPLICATE,train/Non_Venomous_Snake/a0a6db8a29a4a474703855fd466ed3dd--indian-animals-mammals.jpg,Non_Venomous_Snake,TRAIN,2,1,False
Non-Venomous/Indian Rock Python/afe2.jpg,Non-Venomous,Indian Rock Python,NEAR,HIGH_CONFIDENCE_NEAR_DUPLICATE,train/Non_Venomous_Snake/afe2.jpg,Non_Venomous_Snake,TRAIN,0,0,False
Non-Venomous/Indian Rock Python/African-rock-python-on-rocky-ground.jpg,Non-Venomous,Indian Rock Python,NEAR,HIGH_CONFIDENCE_NEAR_DUPLICATE,train/Non_Venomous_Snake/African-rock-python-on-rocky-ground.jpg,Non_Venomous_Snake,TRAIN,2,0,False
Non-Venomous/Indian Rock Python/An-Indian-rock-python-drinks-water-inside-its-enclosure-in-a-zoo-during-a-hot-day-in-Lucknow..jpg,Non-Venomous,Indian Rock Python,NEAR,HIGH_CONFIDENCE_NEAR_DUPLICATE,train/Non_Venomous_Snake/An-Indian-rock-python-drinks-water-inside-its-enclosure-in-a-zoo-during-a-hot-day-in-Lucknow..jpg,Non_Venomous_Snake,TRAIN,0,0,False
Non-Venomous/Indian Rock Python/An-Indian-Rock-Python.jpg,Non-Venomous,Indian Rock Python,NEAR,HIGH_CONFIDENCE_NEAR_DUPLICATE,train/Non_Venomous_Snake/An-Indian-Rock-Python.jpg,Non_Venomous_Snake,TRAIN,0,0,False
Non-Venomous/Indian Rock Python/An-Indian-Rock-Python3-_unz3.jpg,Non-Venomous,Indian Rock Python,NEAR,HIGH_CONFIDENCE_NEAR_DUPLICATE,validation/Non_Venomous_Snake/An-Indian-Rock-Python3-_unz3.jpg,Non_Venomous_Snake,VALIDATION,2,0,False
Non-Venomous/Indian Rock Python/Asiatic-rock-python-coiled-around-branch.jpg,Non-Venomous,Indian Rock Python,NEAR,HIGH_CONFIDENCE_NEAR_DUPLICATE,train/Non_Venomous_Snake/Asiatic-rock-python-coiled-around-branch.jpg,Non_Venomous_Snake,TRAIN,2,1,False
Non-Venomous/Indian Rock Python/asiatic-rock-python-hatchling.jpg,Non-Venomous,Indian Rock Python,NEAR,HIGH_CONFIDENCE_NEAR_DUPLICATE,train/Non_Venomous_Snake/asiatic-rock-python-hatchling.jpg,Non_Venomous_Snake,TRAIN,0,0,False
Non-Venomous/Indian Rock Python/Big-Python.jpg,Non-Venomous,Indian Rock Python,NEAR,HIGH_CONFIDENCE_NEAR_DUPLICATE,train/Non_Venomous_Snake/Big-Python.jpg,Non_Venomous_Snake,TRAIN,0,0,False
Non-Venomous/Indian Rock Python/Brown_Streaks_seen_from_Lateral_View_of_Head_of_Indian_Rock_Python_(_P_molurus).JPG,Non-Venomous,Indian Rock Python,NEAR,HIGH_CONFIDENCE_NEAR_DUPLICATE,train/Non_Venomous_Snake/Brown_Streaks_seen_from_Lateral_View_of_Head_of_Indian_Rock_Python_(_P_molurus).JPG,Non_Venomous_Snake,TRAIN,0,1,False
Non-Venomous/Indian Rock Python/burmpython1l.jpg,Non-Venomous,Indian Rock Python,NEAR,HIGH_CONFIDENCE_NEAR_DUPLICATE,train/Non_Venomous_Snake/burmpython1l.jpg,Non_Venomous_Snake,TRAIN,0,0,False
Non-Venomous/Indian Rock Python/burmpython2l.jpg,Non-Venomous,Indian Rock Python,NEAR,HIGH_CONFIDENCE_NEAR_DUPLICATE,train/Non_Venomous_Snake/burmpython2l.jpg,Non_Venomous_Snake,TRAIN,0,0,False
Non-Venomous/Indian Rock Python/dc-Cover-bh58nkvuepsd83sgu14h9ieqn5-20160609032640.Medi.jpeg,Non-Venomous,Indian Rock Python,NEAR,HIGH_CONFIDENCE_NEAR_DUPLICATE,train/Non_Venomous_Snake/dc-Cover-bh58nkvuepsd83sgu14h9ieqn5-20160609032640.Medi.jpg,Non_Venomous_Snake,TRAIN,0,0,False
Non-Venomous/Indian Rock Python/filename-img-0537-jpg.jpg,Non-Venomous,Indian Rock Python,NEAR,HIGH_CONFIDENCE_NEAR_DUPLICATE,train/Non_Venomous_Snake/filename-img-0537-jpg.jpg,Non_Venomous_Snake,TRAIN,0,0,False
Non-Venomous/Indian Rock Python/hqdefault.jpg,Non-Venomous,Indian Rock Python,NEAR,HIGH_CONFIDENCE_NEAR_DUPLICATE,train/Non_Venomous_Snake/hqdefault (2).jpg,Non_Venomous_Snake,TRAIN,0,0,False
Non-Venomous/Indian Rock Python/hqdefault_002.jpg,Non-Venomous,Indian Rock Python,NEAR,HIGH_CONFIDENCE_NEAR_DUPLICATE,train/Non_Venomous_Snake/hqdefault_002.jpg,Non_Venomous_Snake,TRAIN,0,1,False
Non-Venomous/Indian Rock Python/hqdefault_004.jpg,Non-Venomous,Indian Rock Python,NEAR,HIGH_CONFIDENCE_NEAR_DUPLICATE,train/Non_Venomous_Snake/hqdefault_004.jpg,Non_Venomous_Snake,TRAIN,2,0,False
Non-Venomous/Indian Rock Python/hqdefault_006.jpg,Non-Venomous,Indian Rock Python,NEAR,HIGH_CONFIDENCE_NEAR_DUPLICATE,train/Non_Venomous_Snake/hqdefault_006.jpg,Non_Venomous_Snake,TRAIN,0,1,False
Non-Venomous/Indian Rock Python/hqdefault_007.jpg,Non-Venomous,Indian Rock Python,NEAR,HIGH_CONFIDENCE_NEAR_DUPLICATE,train/Non_Venomous_Snake/hqdefault_007 (2).jpg,Non_Venomous_Snake,TRAIN,0,0,False
Non-Venomous/Indian Rock Python/Image003.jpg,Non-Venomous,Indian Rock Python,NEAR,HIGH_CONFIDENCE_NEAR_DUPLICATE,train/Non_Venomous_Snake/Image003.jpg,Non_Venomous_Snake,TRAIN,0,0,False
Non-Venomous/Indian Rock Python/Image010.jpg,Non-Venomous,Indian Rock Python,NEAR,HIGH_CONFIDENCE_NEAR_DUPLICATE,train/Non_Venomous_Snake/Image010.jpg,Non_Venomous_Snake,TRAIN,0,0,False
Non-Venomous/Indian Rock Python/image[1].jpg,Non-Venomous,Indian Rock Python,NEAR,HIGH_CONFIDENCE_NEAR_DUPLICATE,train/Non_Venomous_Snake/image[1].jpg,Non_Venomous_Snake,TRAIN,0,0,False
Non-Venomous/Indian Rock Python/img58.jpg,Non-Venomous,Indian Rock Python,NEAR,HIGH_CONFIDENCE_NEAR_DUPLICATE,validation/Non_Venomous_Snake/img58.jpg,Non_Venomous_Snake,VALIDATION,0,0,False
Non-Venomous/Indian Rock Python/IMG_0057.jpg,Non-Venomous,Indian Rock Python,NEAR,HIGH_CONFIDENCE_NEAR_DUPLICATE,train/Non_Venomous_Snake/IMG_0057.jpg,Non_Venomous_Snake,TRAIN,0,0,False
Non-Venomous/Indian Rock Python/Indian rock python imprisoned in Gujarat after it swallows blue bull.jpg,Non-Venomous,Indian Rock Python,NEAR,HIGH_CONFIDENCE_NEAR_DUPLICATE,train/Non_Venomous_Snake/Indian rock python imprisoned in Gujarat after it swallows blue bull.jpg,Non_Venomous_Snake,TRAIN,0,0,False
Non-Venomous/Indian Rock Python/Indian Rock Python.jpg,Non-Venomous,Indian Rock Python,NEAR,HIGH_CONFIDENCE_NEAR_DUPLICATE,train/Non_Venomous_Snake/Indian Rock Python.jpg,Non_Venomous_Snake,TRAIN,0,0,False
Non-Venomous/Indian Rock Python/Indian Rock Python.preview.jpg,Non-Venomous,Indian Rock Python,NEAR,HIGH_CONFIDENCE_NEAR_DUPLICATE,train/Non_Venomous_Snake/Indian Rock Python.preview.jpg,Non_Venomous_Snake,TRAIN,0,0,False
Non-Venomous/Indian Rock Python/Indian Rock Python_001.jpg,Non-Venomous,Indian Rock Python,NEAR,HIGH_CONFIDENCE_NEAR_DUPLICATE,validation/Non_Venomous_Snake/Indian Rock Python_001.jpg,Non_Venomous_Snake,VALIDATION,0,0,False
Non-Venomous/Indian Rock Python/indian-python-python-molurus-adult-on-rock-gdcc2f.jpg,Non-Venomous,Indian Rock Python,NEAR,HIGH_CONFIDENCE_NEAR_DUPLICATE,train/Non_Venomous_Snake/indian-python-python-molurus-adult-on-rock-gdcc2f.jpg,Non_Venomous_Snake,TRAIN,0,2,False
Non-Venomous/Indian Rock Python/indian-rock-python-10073419.jpg,Non-Venomous,Indian Rock Python,NEAR,HIGH_CONFIDENCE_NEAR_DUPLICATE,train/Non_Venomous_Snake/indian-rock-python-10073419.jpg,Non_Venomous_Snake,TRAIN,0,1,False
Non-Venomous/Indian Rock Python/Indian-Rock-Python-9884.jpg,Non-Venomous,Indian Rock Python,NEAR,HIGH_CONFIDENCE_NEAR_DUPLICATE,train/Non_Venomous_Snake/Indian-Rock-Python-9884.jpg,Non_Venomous_Snake,TRAIN,0,1,False
Non-Venomous/Indian Rock Python/indian-rock-python-BINNS-IMG_9026-copy.jpg,Non-Venomous,Indian Rock Python,NEAR,HIGH_CONFIDENCE_NEAR_DUPLICATE,train/Non_Venomous_Snake/indian-rock-python-BINNS-IMG_9026-copy.jpg,Non_Venomous_Snake,TRAIN,0,0,False
Non-Venomous/Indian Rock Python/Indian-Rock-Python-by-Keih-Valentine.jpg,Non-Venomous,Indian Rock Python,NEAR,HIGH_CONFIDENCE_NEAR_DUPLICATE,train/Non_Venomous_Snake/Indian-Rock-Python-by-Keih-Valentine.jpg,Non_Venomous_Snake,TRAIN,2,0,False
Non-Venomous/Indian Rock Python/indian-rock-python-closeup-canon-d-f-iso-mmnnindian-sighted-forest-floor-western-ghats-india-n-47751635.jpg,Non-Venomous,Indian Rock Python,NEAR,HIGH_CONFIDENCE_NEAR_DUPLICATE,validation/Non_Venomous_Snake/indian-rock-python-closeup-canon-d-f-iso-mmnnindian-sighted-forest-floor-western-ghats-india-n-47751635.jpg,Non_Venomous_Snake,VALIDATION,0,0,False
Non-Venomous/Indian Rock Python/indian-rock-python-habitat-canon-d-f-iso-mmnnindian-sighted-forest-floor-western-ghats-india-n-47751466.jpg,Non-Venomous,Indian Rock Python,NEAR,HIGH_CONFIDENCE_NEAR_DUPLICATE,train/Non_Venomous_Snake/indian-rock-python-habitat-canon-d-f-iso-mmnnindian-sighted-forest-floor-western-ghats-india-n-47751466.jpg,Non_Venomous_Snake,TRAIN,0,0,False
Non-Venomous/Indian Rock Python/indian-rock-python-in-ranthambhore-tiger-reserve-en8p6y.jpg,Non-Venomous,Indian Rock Python,NEAR,HIGH_CONFIDENCE_NEAR_DUPLICATE,train/Non_Venomous_Snake/indian-rock-python-in-ranthambhore-tiger-reserve-en8p6y.jpg,Non_Venomous_Snake,TRAIN,2,0,False
Non-Venomous/Indian Rock Python/indian-rock-python-in-ranthambhore-tiger-reserve-en8p71.jpg,Non-Venomous,Indian Rock Python,NEAR,HIGH_CONFIDENCE_NEAR_DUPLICATE,validation/Non_Venomous_Snake/indian-rock-python-in-ranthambhore-tiger-reserve-en8p71.jpg,Non_Venomous_Snake,VALIDATION,0,0,False
Non-Venomous/Indian Rock Python/indian-rock-python-in-western-ghats-awd4p9.jpg,Non-Venomous,Indian Rock Python,NEAR,HIGH_CONFIDENCE_NEAR_DUPLICATE,train/Non_Venomous_Snake/indian-rock-python-in-western-ghats-awd4p9.jpg,Non_Venomous_Snake,TRAIN,0,0,False
Non-Venomous/Indian Rock Python/indian-rock-python-in-western-ghats-awd4pc.jpg,Non-Venomous,Indian Rock Python,NEAR,HIGH_CONFIDENCE_NEAR_DUPLICATE,train/Non_Venomous_Snake/indian-rock-python-in-western-ghats-awd4pc.jpg,Non_Venomous_Snake,TRAIN,0,0,False
Non-Venomous/Indian Rock Python/indian-rock-python-in-western-ghats-AWD4PE.jpg,Non-Venomous,Indian Rock Python,NEAR,HIGH_CONFIDENCE_NEAR_DUPLICATE,train/Non_Venomous_Snake/indian-rock-python-in-western-ghats-AWD4PE.jpg,Non_Venomous_Snake,TRAIN,0,0,False
Non-Venomous/Indian Rock Python/indian-rock-python-in-western-ghats-AWD4T0.jpg,Non-Venomous,Indian Rock Python,NEAR,HIGH_CONFIDENCE_NEAR_DUPLICATE,train/Non_Venomous_Snake/indian-rock-python-in-western-ghats-AWD4T0.jpg,Non_Venomous_Snake,TRAIN,0,1,False
Non-Venomous/Indian Rock Python/indian-rock-python-in-western-ghats-awd4t4.jpg,Non-Venomous,Indian Rock Python,NEAR,HIGH_CONFIDENCE_NEAR_DUPLICATE,train/Non_Venomous_Snake/indian-rock-python-in-western-ghats-awd4t4.jpg,Non_Venomous_Snake,TRAIN,0,0,False
Non-Venomous/Indian Rock Python/Indian-Rock-Python-Langur-kill-1.jpg,Non-Venomous,Indian Rock Python,NEAR,HIGH_CONFIDENCE_NEAR_DUPLICATE,train/Non_Venomous_Snake/Indian-Rock-Python-Langur-kill-1.jpg,Non_Venomous_Snake,TRAIN,0,0,False
Non-Venomous/Indian Rock Python/Indian-Rock-Python-Langur-kill-2.jpg,Non-Venomous,Indian Rock Python,NEAR,HIGH_CONFIDENCE_NEAR_DUPLICATE,train/Non_Venomous_Snake/Indian-Rock-Python-Langur-kill-2.jpg,Non_Venomous_Snake,TRAIN,0,0,False
Non-Venomous/Indian Rock Python/Indian-Rock-Python-Langur-kill-3.jpg,Non-Venomous,Indian Rock Python,NEAR,HIGH_CONFIDENCE_NEAR_DUPLICATE,train/Non_Venomous_Snake/Indian-Rock-Python-Langur-kill-3.jpg,Non_Venomous_Snake,TRAIN,0,0,False
Non-Venomous/Indian Rock Python/Indian-Rock-Python-Langur-kill-4.jpg,Non-Venomous,Indian Rock Python,NEAR,HIGH_CONFIDENCE_NEAR_DUPLICATE,train/Non_Venomous_Snake/Indian-Rock-Python-Langur-kill-4.jpg,Non_Venomous_Snake,TRAIN,0,0,False
Non-Venomous/Indian Rock Python/Indian-Rock-Python-Langur-kill-5.jpg,Non-Venomous,Indian Rock Python,NEAR,HIGH_CONFIDENCE_NEAR_DUPLICATE,train/Non_Venomous_Snake/Indian-Rock-Python-Langur-kill-5.jpg,Non_Venomous_Snake,TRAIN,2,1,False
Non-Venomous/Indian Rock Python/indian-rock-python-or-indian-python-python-molurus-in-ranthambhore-FXYGTF.jpg,Non-Venomous,Indian Rock Python,NEAR,HIGH_CONFIDENCE_NEAR_DUPLICATE,train/Non_Venomous_Snake/indian-rock-python-or-indian-python-python-molurus-in-ranthambhore-FXYGTF.jpg,Non_Venomous_Snake,TRAIN,0,0,False
Non-Venomous/Indian Rock Python/indian-rock-python-python-molurus-aarey-milk-colony-india-J21E53.jpg,Non-Venomous,Indian Rock Python,NEAR,HIGH_CONFIDENCE_NEAR_DUPLICATE,validation/Non_Venomous_Snake/indian-rock-python-python-molurus-aarey-milk-colony-india-J21E53.jpg,Non_Venomous_Snake,VALIDATION,0,0,False
Non-Venomous/Indian Rock Python/indian-rock-python-python-molurus-aarey-milk-colony-india-j21e53_001.jpg,Non-Venomous,Indian Rock Python,NEAR,HIGH_CONFIDENCE_NEAR_DUPLICATE,train/Non_Venomous_Snake/indian-rock-python-python-molurus-aarey-milk-colony-india-j21e53_001.jpg,Non_Venomous_Snake,TRAIN,0,0,False
Non-Venomous/Indian Rock Python/indian-rock-python-python-molurus-barnawapara-wls-chhattisgarh-hnwtn1.jpg,Non-Venomous,Indian Rock Python,NEAR,HIGH_CONFIDENCE_NEAR_DUPLICATE,train/Non_Venomous_Snake/indian-rock-python-python-molurus-barnawapara-wls-chhattisgarh-hnwtn1.jpg,Non_Venomous_Snake,TRAIN,0,0,False
Non-Venomous/Indian Rock Python/indian-rock-python-python-molurus-molurus-from-maharashtra-india-H9ET4W.jpg,Non-Venomous,Indian Rock Python,NEAR,HIGH_CONFIDENCE_NEAR_DUPLICATE,train/Non_Venomous_Snake/indian-rock-python-python-molurus-molurus-from-maharashtra-india-H9ET4W.jpg,Non_Venomous_Snake,TRAIN,0,0,False
Non-Venomous/Indian Rock Python/indian-rock-python-python-molurus-molurus-non-venomous-rare-katraj-A0BD86.jpg,Non-Venomous,Indian Rock Python,NEAR,HIGH_CONFIDENCE_NEAR_DUPLICATE,train/Non_Venomous_Snake/indian-rock-python-python-molurus-molurus-non-venomous-rare-katraj-A0BD86.jpg,Non_Venomous_Snake,TRAIN,0,0,False
Non-Venomous/Indian Rock Python/indian-rock-python-python-molurus-molurus-non-venomous-rare-panvel-B8718K.jpg,Non-Venomous,Indian Rock Python,NEAR,HIGH_CONFIDENCE_NEAR_DUPLICATE,train/Non_Venomous_Snake/indian-rock-python-python-molurus-molurus-non-venomous-rare-panvel-B8718K.jpg,Non_Venomous_Snake,TRAIN,0,0,False
Non-Venomous/Indian Rock Python/indian-rock-python-with-a-full-belly-in-a-stream-in-ranthambhore-tiger-D2H4CR.jpg,Non-Venomous,Indian Rock Python,NEAR,HIGH_CONFIDENCE_NEAR_DUPLICATE,train/Non_Venomous_Snake/indian-rock-python-with-a-full-belly-in-a-stream-in-ranthambhore-tiger-D2H4CR.jpg,Non_Venomous_Snake,TRAIN,0,0,False
Non-Venomous/Indian Rock Python/Indian-Rock-Python.jpg,Non-Venomous,Indian Rock Python,NEAR,HIGH_CONFIDENCE_NEAR_DUPLICATE,train/Non_Venomous_Snake/Indian-Rock-Python.jpg,Non_Venomous_Snake,TRAIN,0,0,False
Non-Venomous/Indian Rock Python/Indian-Rock-Python_001.jpg,Non-Venomous,Indian Rock Python,NEAR,HIGH_CONFIDENCE_NEAR_DUPLICATE,validation/Non_Venomous_Snake/Indian-Rock-Python_001.jpg,Non_Venomous_Snake,VALIDATION,0,0,False
Non-Venomous/Indian Rock Python/indian-rock-python_002.jpg,Non-Venomous,Indian Rock Python,NEAR,HIGH_CONFIDENCE_NEAR_DUPLICATE,train/Non_Venomous_Snake/indian-rock-python_002.jpg,Non_Venomous_Snake,TRAIN,0,0,False
Non-Venomous/Indian Rock Python/indian-rock-python_003.jpg,Non-Venomous,Indian Rock Python,NEAR,HIGH_CONFIDENCE_NEAR_DUPLICATE,validation/Non_Venomous_Snake/indian-rock-python_003.jpg,Non_Venomous_Snake,VALIDATION,0,0,False
Non-Venomous/Indian Rock Python/indian-rock-python_1030440_DH.jpg,Non-Venomous,Indian Rock Python,NEAR,HIGH_CONFIDENCE_NEAR_DUPLICATE,train/Non_Venomous_Snake/indian-rock-python_1030440_DH.jpg,Non_Venomous_Snake,TRAIN,0,1,False
Non-Venomous/Indian Rock Python/indian_python_2011.jpg,Non-Venomous,Indian Rock Python,NEAR,HIGH_CONFIDENCE_NEAR_DUPLICATE,validation/Non_Venomous_Snake/indian_python_2011.jpg,Non_Venomous_Snake,VALIDATION,0,0,False
Non-Venomous/Indian Rock Python/Indian_rock_python.jpg,Non-Venomous,Indian Rock Python,NEAR,HIGH_CONFIDENCE_NEAR_DUPLICATE,validation/Non_Venomous_Snake/Indian_rock_python.jpg,Non_Venomous_Snake,VALIDATION,0,0,False
Non-Venomous/Indian Rock Python/Indian_Rock_Python_(_P_molurus)_rolled_up_into_a_ball.JPG,Non-Venomous,Indian Rock Python,NEAR,HIGH_CONFIDENCE_NEAR_DUPLICATE,train/Non_Venomous_Snake/Indian_Rock_Python_(_P_molurus)_rolled_up_into_a_ball.JPG,Non_Venomous_Snake,TRAIN,0,0,False
Non-Venomous/Indian Rock Python/Indian_rock_python_(Python_molurus)_at_mysore_zoo.jpg,Non-Venomous,Indian Rock Python,NEAR,HIGH_CONFIDENCE_NEAR_DUPLICATE,validation/Non_Venomous_Snake/Indian_rock_python_(Python_molurus)_at_mysore_zoo.jpg,Non_Venomous_Snake,VALIDATION,0,1,False
Non-Venomous/Indian Rock Python/Indian_rock_python_from_Nehru_Zoological_park_Hyderabad_4428.JPG,Non-Venomous,Indian Rock Python,NEAR,HIGH_CONFIDENCE_NEAR_DUPLICATE,train/Non_Venomous_Snake/Indian_rock_python_from_Nehru_Zoological_park_Hyderabad_4428.JPG,Non_Venomous_Snake,TRAIN,0,0,False
Non-Venomous/Indian Rock Python/Indian_rock_python_from_Nehru_Zoological_park_Hyderabad_4430.JPG,Non-Venomous,Indian Rock Python,NEAR,HIGH_CONFIDENCE_NEAR_DUPLICATE,train/Non_Venomous_Snake/Indian_rock_python_from_Nehru_Zoological_park_Hyderabad_4430.JPG,Non_Venomous_Snake,TRAIN,0,0,False
Non-Venomous/Indian Rock Python/Indian_rock_python_pratik_dahod.JPG,Non-Venomous,Indian Rock Python,NEAR,HIGH_CONFIDENCE_NEAR_DUPLICATE,train/Non_Venomous_Snake/Indian_rock_python_pratik_dahod.JPG,Non_Venomous_Snake,TRAIN,0,0,False
Non-Venomous/Indian Rock Python/indian_rock_python_pt4_by_sameerprehistorica-d5tsv6y.jpg,Non-Venomous,Indian Rock Python,NEAR,HIGH_CONFIDENCE_NEAR_DUPLICATE,validation/Non_Venomous_Snake/indian_rock_python_pt4_by_sameerprehistorica-d5tsv6y.jpg,Non_Venomous_Snake,VALIDATION,0,1,False
Non-Venomous/Indian Rock Python/indian_rockey_python.jpg,Non-Venomous,Indian Rock Python,NEAR,HIGH_CONFIDENCE_NEAR_DUPLICATE,train/Non_Venomous_Snake/indian_rockey_python.jpg,Non_Venomous_Snake,TRAIN,0,0,False
Non-Venomous/Indian Rock Python/indianrockpython_001.jpg,Non-Venomous,Indian Rock Python,NEAR,HIGH_CONFIDENCE_NEAR_DUPLICATE,train/Non_Venomous_Snake/indianrockpython_001.jpg,Non_Venomous_Snake,TRAIN,0,0,False
Non-Venomous/Indian Rock Python/indpython1l.jpg,Non-Venomous,Indian Rock Python,NEAR,HIGH_CONFIDENCE_NEAR_DUPLICATE,train/Non_Venomous_Snake/indpython1l.jpg,Non_Venomous_Snake,TRAIN,2,0,False
Non-Venomous/Indian Rock Python/indpython2l.jpg,Non-Venomous,Indian Rock Python,NEAR,HIGH_CONFIDENCE_NEAR_DUPLICATE,train/Non_Venomous_Snake/indpython2l.jpg,Non_Venomous_Snake,TRAIN,0,0,False
Non-Venomous/Indian Rock Python/Juvenile_Indian_Rock_Python_(_P_molurus)_in_a_pensive_moment.JPG,Non-Venomous,Indian Rock Python,NEAR,HIGH_CONFIDENCE_NEAR_DUPLICATE,train/Non_Venomous_Snake/Juvenile_Indian_Rock_Python_(_P_molurus)_in_a_pensive_moment.JPG,Non_Venomous_Snake,TRAIN,0,0,False
Non-Venomous/Indian Rock Python/Juvenilke_Indian_Rock_Python_(_P_molurus)_in_my_palm.JPG,Non-Venomous,Indian Rock Python,NEAR,HIGH_CONFIDENCE_NEAR_DUPLICATE,train/Non_Venomous_Snake/Juvenilke_Indian_Rock_Python_(_P_molurus)_in_my_palm.JPG,Non_Venomous_Snake,TRAIN,0,0,False
Non-Venomous/Indian Rock Python/kaa.jpg,Non-Venomous,Indian Rock Python,NEAR,HIGH_CONFIDENCE_NEAR_DUPLICATE,train/Non_Venomous_Snake/kaa.jpg,Non_Venomous_Snake,TRAIN,0,0,False
Non-Venomous/Indian Rock Python/Keoladeo 1587 Indian rock python.JPG,Non-Venomous,Indian Rock Python,NEAR,HIGH_CONFIDENCE_NEAR_DUPLICATE,train/Non_Venomous_Snake/Keoladeo 1587 Indian rock python.JPG,Non_Venomous_Snake,TRAIN,0,0,False
Non-Venomous/Indian Rock Python/maxresdefault.jpg,Non-Venomous,Indian Rock Python,NEAR,HIGH_CONFIDENCE_NEAR_DUPLICATE,validation/Non_Venomous_Snake/maxresdefault (3).jpg,Non_Venomous_Snake,VALIDATION,0,0,False
Non-Venomous/Indian Rock Python/maxresdefault_001.jpg,Non-Venomous,Indian Rock Python,NEAR,HIGH_CONFIDENCE_NEAR_DUPLICATE,train/Non_Venomous_Snake/maxresdefault_001 (2).jpg,Non_Venomous_Snake,TRAIN,0,0,False
Non-Venomous/Indian Rock Python/maxresdefault_002.jpg,Non-Venomous,Indian Rock Python,NEAR,HIGH_CONFIDENCE_NEAR_DUPLICATE,train/Non_Venomous_Snake/maxresdefault_002.jpg,Non_Venomous_Snake,TRAIN,0,0,False
Non-Venomous/Indian Rock Python/maxresdefault_003.jpg,Non-Venomous,Indian Rock Python,NEAR,HIGH_CONFIDENCE_NEAR_DUPLICATE,train/Non_Venomous_Snake/maxresdefault_003 (2).jpg,Non_Venomous_Snake,TRAIN,0,0,False
Non-Venomous/Indian Rock Python/maxresdefault_004.jpg,Non-Venomous,Indian Rock Python,NEAR,HIGH_CONFIDENCE_NEAR_DUPLICATE,train/Non_Venomous_Snake/maxresdefault_004 (2).jpg,Non_Venomous_Snake,TRAIN,0,0,False
Non-Venomous/Indian Rock Python/maxresdefault_006.jpg,Non-Venomous,Indian Rock Python,NEAR,HIGH_CONFIDENCE_NEAR_DUPLICATE,train/Non_Venomous_Snake/maxresdefault_006.jpg,Non_Venomous_Snake,TRAIN,0,0,False
Non-Venomous/Indian Rock Python/maxresdefault_007.jpg,Non-Venomous,Indian Rock Python,NEAR,HIGH_CONFIDENCE_NEAR_DUPLICATE,train/Non_Venomous_Snake/maxresdefault_007.jpg,Non_Venomous_Snake,TRAIN,0,0,False
Non-Venomous/Indian Rock Python/maxresdefault_008.jpg,Non-Venomous,Indian Rock Python,NEAR,HIGH_CONFIDENCE_NEAR_DUPLICATE,train/Non_Venomous_Snake/maxresdefault_008.jpg,Non_Venomous_Snake,TRAIN,0,0,False
Non-Venomous/Indian Rock Python/maxresdefault_010.jpg,Non-Venomous,Indian Rock Python,NEAR,HIGH_CONFIDENCE_NEAR_DUPLICATE,validation/Non_Venomous_Snake/maxresdefault_010.jpg,Non_Venomous_Snake,VALIDATION,0,0,False
Non-Venomous/Indian Rock Python/p12.jpg,Non-Venomous,Indian Rock Python,NEAR,HIGH_CONFIDENCE_NEAR_DUPLICATE,train/Non_Venomous_Snake/p12.jpg,Non_Venomous_Snake,TRAIN,0,0,False
Non-Venomous/Indian Rock Python/pmolurus209.jpg,Non-Venomous,Indian Rock Python,NEAR,HIGH_CONFIDENCE_NEAR_DUPLICATE,train/Non_Venomous_Snake/pmolurus209.jpg,Non_Venomous_Snake,TRAIN,0,0,False
Non-Venomous/Indian Rock Python/pmolurus2092.jpg,Non-Venomous,Indian Rock Python,NEAR,HIGH_CONFIDENCE_NEAR_DUPLICATE,train/Non_Venomous_Snake/pmolurus2092.jpg,Non_Venomous_Snake,TRAIN,0,0,False
Non-Venomous/Indian Rock Python/Pratik_jain_dahod_python.JPG,Non-Venomous,Indian Rock Python,NEAR,HIGH_CONFIDENCE_NEAR_DUPLICATE,train/Non_Venomous_Snake/Pratik_jain_dahod_python.JPG,Non_Venomous_Snake,TRAIN,0,0,False
Non-Venomous/Indian Rock Python/Python  molurus2.jpg,Non-Venomous,Indian Rock Python,NEAR,HIGH_CONFIDENCE_NEAR_DUPLICATE,train/Non_Venomous_Snake/Python  molurus2.jpg,Non_Venomous_Snake,TRAIN,0,0,False
Non-Venomous/Indian Rock Python/Python  molurus3.jpg,Non-Venomous,Indian Rock Python,NEAR,HIGH_CONFIDENCE_NEAR_DUPLICATE,train/Non_Venomous_Snake/Python  molurus3.jpg,Non_Venomous_Snake,TRAIN,0,0,False
Non-Venomous/Indian Rock Python/Python  molurus4.jpg,Non-Venomous,Indian Rock Python,NEAR,HIGH_CONFIDENCE_NEAR_DUPLICATE,validation/Non_Venomous_Snake/Python  molurus4.jpg,Non_Venomous_Snake,VALIDATION,2,0,False
Non-Venomous/Indian Rock Python/python-generic_650x400_81472483726.jpg,Non-Venomous,Indian Rock Python,NEAR,HIGH_CONFIDENCE_NEAR_DUPLICATE,train/Non_Venomous_Snake/python-generic_650x400_81472483726.jpg,Non_Venomous_Snake,TRAIN,0,0,False
Non-Venomous/Indian Rock Python/python10l.jpg,Non-Venomous,Indian Rock Python,NEAR,HIGH_CONFIDENCE_NEAR_DUPLICATE,train/Non_Venomous_Snake/python10l.jpg,Non_Venomous_Snake,TRAIN,0,0,False
Non-Venomous/Indian Rock Python/python_big_12.jpg,Non-Venomous,Indian Rock Python,NEAR,HIGH_CONFIDENCE_NEAR_DUPLICATE,train/Non_Venomous_Snake/python_big_12.jpg,Non_Venomous_Snake,TRAIN,0,1,False
Non-Venomous/Indian Rock Python/python_molurus_1.jpg,Non-Venomous,Indian Rock Python,NEAR,HIGH_CONFIDENCE_NEAR_DUPLICATE,validation/Non_Venomous_Snake/python_molurus_1.jpg,Non_Venomous_Snake,VALIDATION,0,0,False
Non-Venomous/Indian Rock Python/rivertern.3.jpg,Non-Venomous,Indian Rock Python,NEAR,HIGH_CONFIDENCE_NEAR_DUPLICATE,train/Non_Venomous_Snake/rivertern.3.jpg,Non_Venomous_Snake,TRAIN,0,0,False
Non-Venomous/Indian Rock Python/rock-python-sun-basking-indian-forest-41115121.jpg,Non-Venomous,Indian Rock Python,NEAR,HIGH_CONFIDENCE_NEAR_DUPLICATE,train/Non_Venomous_Snake/rock-python-sun-basking-indian-forest-41115121.jpg,Non_Venomous_Snake,TRAIN,0,2,False
Non-Venomous/Indian Rock Python/rock_python.jpg,Non-Venomous,Indian Rock Python,NEAR,HIGH_CONFIDENCE_NEAR_DUPLICATE,train/Non_Venomous_Snake/rock_python.jpg,Non_Venomous_Snake,TRAIN,0,0,False
Non-Venomous/Indian Rock Python/RockPython0.png,Non-Venomous,Indian Rock Python,NEAR,HIGH_CONFIDENCE_NEAR_DUPLICATE,train/Non_Venomous_Snake/RockPython0.jpg,Non_Venomous_Snake,TRAIN,2,0,False
Non-Venomous/Indian Rock Python/SachinRockPython.jpg,Non-Venomous,Indian Rock Python,NEAR,HIGH_CONFIDENCE_NEAR_DUPLICATE,train/Non_Venomous_Snake/SachinRockPython.jpg,Non_Venomous_Snake,TRAIN,2,0,False
Non-Venomous/Indian Rock Python/stock-photo-detail-of-the-head-of-a-indian-rock-python-python-molurus-426925648.jpg,Non-Venomous,Indian Rock Python,NEAR,HIGH_CONFIDENCE_NEAR_DUPLICATE,train/Non_Venomous_Snake/stock-photo-detail-of-the-head-of-a-indian-rock-python-python-molurus-426925648.jpg,Non_Venomous_Snake,TRAIN,0,0,False
Non-Venomous/Indian Rock Python/stock-photo-snake-named-indian-python-in-a-tree-seen-in-india-354574682.jpg,Non-Venomous,Indian Rock Python,NEAR,HIGH_CONFIDENCE_NEAR_DUPLICATE,train/Non_Venomous_Snake/stock-photo-snake-named-indian-python-in-a-tree-seen-in-india-354574682.jpg,Non_Venomous_Snake,TRAIN,0,0,False
Non-Venomous/Indian Rock Python/tumblr_mjkqc0Rogs1qhb1elo1_500.jpg,Non-Venomous,Indian Rock Python,NEAR,HIGH_CONFIDENCE_NEAR_DUPLICATE,train/Non_Venomous_Snake/tumblr_mjkqc0Rogs1qhb1elo1_500.jpg,Non_Venomous_Snake,TRAIN,0,0,False
Non-Venomous/Indian Rock Python/udaipurtimes-6_1437804595.jpg,Non-Venomous,Indian Rock Python,NEAR,HIGH_CONFIDENCE_NEAR_DUPLICATE,validation/Non_Venomous_Snake/udaipurtimes-6_1437804595.jpg,Non_Venomous_Snake,VALIDATION,0,0,False
Non-Venomous/Indian Rock Python/y3ofIndian Rock Python.jpg,Non-Venomous,Indian Rock Python,NEAR,HIGH_CONFIDENCE_NEAR_DUPLICATE,train/Non_Venomous_Snake/y3ofIndian Rock Python.jpg,Non_Venomous_Snake,TRAIN,0,0,False
Venomous/Common Krait/0045.jpeg,Venomous,Common Krait,NEAR,POSSIBLE_NEAR_DUPLICATE,train/Venomous_Snake/0045.jpg,Venomous_Snake,TRAIN,4,2,False
Venomous/Common Krait/01DSC_6599.JPG,Venomous,Common Krait,NEAR,HIGH_CONFIDENCE_NEAR_DUPLICATE,test/Venomous_Snake/01DSC_6599.JPG,Venomous_Snake,TEST,0,0,True
Venomous/Common Krait/02tvCommon_Krait__S_824501g.jpg,Venomous,Common Krait,NEAR,HIGH_CONFIDENCE_NEAR_DUPLICATE,test/Venomous_Snake/02tvCommon_Krait__S_824501g.jpg,Venomous_Snake,TEST,0,0,True
Venomous/Common Krait/03000026775_01_f.jpg,Venomous,Common Krait,NEAR,HIGH_CONFIDENCE_NEAR_DUPLICATE,train/Venomous_Snake/03000026775_01_f.jpg,Venomous_Snake,TRAIN,0,0,False
Venomous/Common Krait/03000026775_01_f.jpg,Venomous,Common Krait,NEAR,HIGH_CONFIDENCE_NEAR_DUPLICATE,train/Venomous_Snake/50.jpg,Venomous_Snake,TRAIN,2,0,False
Venomous/Common Krait/0353.jpeg,Venomous,Common Krait,NEAR,HIGH_CONFIDENCE_NEAR_DUPLICATE,train/Venomous_Snake/0353.jpg,Venomous_Snake,TRAIN,0,0,False
Venomous/Common Krait/04337e4f3fda41e8d0d3121f8dc3cd8f--colorful-snakes-reptiles.jpg,Venomous,Common Krait,NEAR,HIGH_CONFIDENCE_NEAR_DUPLICATE,train/Venomous_Snake/04337e4f3fda41e8d0d3121f8dc3cd8f--colorful-snakes-reptiles.jpg,Venomous_Snake,TRAIN,0,1,False
Venomous/Common Krait/0836.jpeg,Venomous,Common Krait,NEAR,POSSIBLE_NEAR_DUPLICATE,train/Venomous_Snake/2056.jpg,Venomous_Snake,TRAIN,4,5,False
Venomous/Common Krait/1-Common-Indian-Krait-Bungarus-Caeruleus.jpg,Venomous,Common Krait,NEAR,HIGH_CONFIDENCE_NEAR_DUPLICATE,test/Venomous_Snake/1-Common-Indian-Krait-Bungarus-Caeruleus.jpg,Venomous_Snake,TEST,2,0,True
Venomous/Common Krait/1143.jpeg,Venomous,Common Krait,NEAR,POSSIBLE_NEAR_DUPLICATE,validation/Venomous_Snake/1143.jpg,Venomous_Snake,VALIDATION,2,3,False
Venomous/Common Krait/12382341385_f5af5fc558_b.jpg,Venomous,Common Krait,NEAR,HIGH_CONFIDENCE_NEAR_DUPLICATE,train/Venomous_Snake/12382341385_f5af5fc558_b.jpg,Venomous_Snake,TRAIN,0,0,False
Venomous/Common Krait/12474945055_9b6d772f9d_b.jpg,Venomous,Common Krait,NEAR,HIGH_CONFIDENCE_NEAR_DUPLICATE,train/Venomous_Snake/12474945055_9b6d772f9d_b.jpg,Venomous_Snake,TRAIN,0,0,False
Venomous/Common Krait/12474950295_b152cf0527_b.jpg,Venomous,Common Krait,NEAR,HIGH_CONFIDENCE_NEAR_DUPLICATE,train/Venomous_Snake/12474950295_b152cf0527_b.jpg,Venomous_Snake,TRAIN,0,0,False
Venomous/Common Krait/1438850347common krait 2.jpg,Venomous,Common Krait,NEAR,HIGH_CONFIDENCE_NEAR_DUPLICATE,train/Venomous_Snake/1438850347common krait 2.jpg,Venomous_Snake,TRAIN,2,0,False
Venomous/Common Krait/1438850347IMG_1543.jpg,Venomous,Common Krait,NEAR,HIGH_CONFIDENCE_NEAR_DUPLICATE,train/Venomous_Snake/1438850347IMG_1543.jpg,Venomous_Snake,TRAIN,0,0,False
Venomous/Common Krait/1438850349IMG_7477.JPG,Venomous,Common Krait,NEAR,POSSIBLE_NEAR_DUPLICATE,train/Venomous_Snake/1438850349IMG_7477.JPG,Venomous_Snake,TRAIN,0,3,False
Venomous/Common Krait/18.jpg,Venomous,Common Krait,NEAR,HIGH_CONFIDENCE_NEAR_DUPLICATE,train/Venomous_Snake/18.jpg,Venomous_Snake,TRAIN,0,0,False
Venomous/Common Krait/247313107_37c9b05a88.jpg,Venomous,Common Krait,NEAR,HIGH_CONFIDENCE_NEAR_DUPLICATE,train/Venomous_Snake/247313107_37c9b05a88.jpg,Venomous_Snake,TRAIN,0,0,False
Venomous/Common Krait/2816621425_c2ac28297a_b.jpg,Venomous,Common Krait,NEAR,HIGH_CONFIDENCE_NEAR_DUPLICATE,train/Venomous_Snake/2816621425_c2ac28297a_b.jpg,Venomous_Snake,TRAIN,0,1,False
Venomous/Common Krait/2848633061_422445e453_o.jpg,Venomous,Common Krait,NEAR,HIGH_CONFIDENCE_NEAR_DUPLICATE,train/Venomous_Snake/2848633061_422445e453_o.jpg,Venomous_Snake,TRAIN,0,0,False
Venomous/Common Krait/3-Common-Indian-Krait-Bungarus-Caeruleus.jpg,Venomous,Common Krait,NEAR,HIGH_CONFIDENCE_NEAR_DUPLICATE,train/Venomous_Snake/3-Common-Indian-Krait-Bungarus-Caeruleus.jpg,Venomous_Snake,TRAIN,0,0,False
Venomous/Common Krait/39e574b4966c870035f7e3c9378379b2.jpg,Venomous,Common Krait,NEAR,HIGH_CONFIDENCE_NEAR_DUPLICATE,test/Venomous_Snake/39e574b4966c870035f7e3c9378379b2.jpg,Venomous_Snake,TEST,0,0,True
Venomous/Common Krait/4-Common-Indian-Krait-Bungarus-Caeruleus.jpg,Venomous,Common Krait,NEAR,HIGH_CONFIDENCE_NEAR_DUPLICATE,train/Venomous_Snake/4-Common-Indian-Krait-Bungarus-Caeruleus.jpg,Venomous_Snake,TRAIN,2,0,False
Venomous/Common Krait/4398279168_d4b46620ed.jpg,Venomous,Common Krait,NEAR,HIGH_CONFIDENCE_NEAR_DUPLICATE,train/Venomous_Snake/4398279168_d4b46620ed.jpg,Venomous_Snake,TRAIN,0,0,False
Venomous/Common Krait/5-Common-Indian-Krait-Bungarus-Caeruleus.jpg,Venomous,Common Krait,NEAR,HIGH_CONFIDENCE_NEAR_DUPLICATE,train/Venomous_Snake/5-Common-Indian-Krait-Bungarus-Caeruleus.jpg,Venomous_Snake,TRAIN,0,0,False
Venomous/Common Krait/52798683.jpg,Venomous,Common Krait,NEAR,HIGH_CONFIDENCE_NEAR_DUPLICATE,train/Venomous_Snake/52798683.jpg,Venomous_Snake,TRAIN,0,0,False
Venomous/Common Krait/53616048.jpg,Venomous,Common Krait,NEAR,HIGH_CONFIDENCE_NEAR_DUPLICATE,train/Venomous_Snake/53616048.jpg,Venomous_Snake,TRAIN,0,2,False
Venomous/Common Krait/5556305440_f559fddd5f.jpg,Venomous,Common Krait,NEAR,HIGH_CONFIDENCE_NEAR_DUPLICATE,train/Venomous_Snake/5556305440_f559fddd5f.jpg,Venomous_Snake,TRAIN,0,0,False
Venomous/Common Krait/5556315470_b7b39fec3d.jpg,Venomous,Common Krait,NEAR,HIGH_CONFIDENCE_NEAR_DUPLICATE,train/Venomous_Snake/5556315470_b7b39fec3d.jpg,Venomous_Snake,TRAIN,0,0,False
Venomous/Common Krait/5556319714_5d0d0b919c.jpg,Venomous,Common Krait,NEAR,HIGH_CONFIDENCE_NEAR_DUPLICATE,train/Venomous_Snake/5556319714_5d0d0b919c.jpg,Venomous_Snake,TRAIN,0,0,False
Venomous/Common Krait/571f66bd60128.jpg,Venomous,Common Krait,NEAR,HIGH_CONFIDENCE_NEAR_DUPLICATE,train/Venomous_Snake/571f66bd60128.jpg,Venomous_Snake,TRAIN,0,0,False
Venomous/Common Krait/6674918465_fe1d46c3ab_b.jpg,Venomous,Common Krait,NEAR,HIGH_CONFIDENCE_NEAR_DUPLICATE,train/Venomous_Snake/6674918465_fe1d46c3ab_b.jpg,Venomous_Snake,TRAIN,0,0,False
Venomous/Common Krait/7-Common-Indian-Krait-Bungarus-Caeruleus.jpg,Venomous,Common Krait,NEAR,HIGH_CONFIDENCE_NEAR_DUPLICATE,train/Venomous_Snake/7-Common-Indian-Krait-Bungarus-Caeruleus.jpg,Venomous_Snake,TRAIN,0,0,False
Venomous/Common Krait/7_jpegadad01e83bb98b57c221716c10d9414b.jpeg,Venomous,Common Krait,NEAR,HIGH_CONFIDENCE_NEAR_DUPLICATE,test/Venomous_Snake/02tvCommon_Krait__S_824501g.jpg,Venomous_Snake,TEST,0,1,True
Venomous/Common Krait/81cb1316d8bd6b5ec1dbf0e4d68cf367.jpg,Venomous,Common Krait,NEAR,HIGH_CONFIDENCE_NEAR_DUPLICATE,validation/Venomous_Snake/81cb1316d8bd6b5ec1dbf0e4d68cf367.jpg,Venomous_Snake,VALIDATION,0,0,False
Venomous/Common Krait/8788959224dd91612cf7b5.jpg,Venomous,Common Krait,NEAR,POSSIBLE_NEAR_DUPLICATE,train/Venomous_Snake/4.jpg,Venomous_Snake,TRAIN,4,0,False
Venomous/Common Krait/8788959224dd91612cf7b5.jpg,Venomous,Common Krait,NEAR,HIGH_CONFIDENCE_NEAR_DUPLICATE,train/Venomous_Snake/8788959224dd91612cf7b5.jpg,Venomous_Snake,TRAIN,0,0,False
Venomous/Common Krait/_837b1414-50e6-11e6-8d8d-a42edc5c5383.JPG,Venomous,Common Krait,NEAR,HIGH_CONFIDENCE_NEAR_DUPLICATE,test/Venomous_Snake/_837b1414-50e6-11e6-8d8d-a42edc5c5383.JPG,Venomous_Snake,TEST,0,0,True
Venomous/Common Krait/_D096405.jpg,Venomous,Common Krait,NEAR,HIGH_CONFIDENCE_NEAR_DUPLICATE,test/Venomous_Snake/_D096405.jpg,Venomous_Snake,TEST,0,0,True
Venomous/Common Krait/afc3fbd1c45e1f79f26e6271444de28e.jpg,Venomous,Common Krait,NEAR,HIGH_CONFIDENCE_NEAR_DUPLICATE,train/Venomous_Snake/afc3fbd1c45e1f79f26e6271444de28e.jpg,Venomous_Snake,TRAIN,0,1,False
Venomous/Common Krait/B_caeruleus_01-800x455.jpg,Venomous,Common Krait,NEAR,HIGH_CONFIDENCE_NEAR_DUPLICATE,train/Venomous_Snake/54.jpg,Venomous_Snake,TRAIN,0,1,False
Venomous/Common Krait/banded krait 1.jpg,Venomous,Common Krait,NEAR,HIGH_CONFIDENCE_NEAR_DUPLICATE,validation/Venomous_Snake/banded krait 1.jpg,Venomous_Snake,VALIDATION,0,0,False
Venomous/Common Krait/black-white-krait.jpg,Venomous,Common Krait,NEAR,HIGH_CONFIDENCE_NEAR_DUPLICATE,validation/Venomous_Snake/black-white-krait.jpg,Venomous_Snake,VALIDATION,0,0,False
Venomous/Common Krait/blog krait.png,Venomous,Common Krait,NEAR,HIGH_CONFIDENCE_NEAR_DUPLICATE,test/Venomous_Snake/32 (2).jpg,Venomous_Snake,TEST,0,0,True
Venomous/Common Krait/blog wolf.png,Venomous,Common Krait,NEAR,HIGH_CONFIDENCE_NEAR_DUPLICATE,train/Venomous_Snake/blog wolf.jpg,Venomous_Snake,TRAIN,2,1,False
Venomous/Common Krait/Bridalsnake.jpg,Venomous,Common Krait,NEAR,HIGH_CONFIDENCE_NEAR_DUPLICATE,train/Venomous_Snake/Bridalsnake.jpg,Venomous_Snake,TRAIN,0,0,False
Venomous/Common Krait/Bungarus-caeruleus-03000022334_01.jpg,Venomous,Common Krait,NEAR,HIGH_CONFIDENCE_NEAR_DUPLICATE,train/Venomous_Snake/Bungarus-caeruleus-03000022334_01.jpg,Venomous_Snake,TRAIN,0,0,False
Venomous/Common Krait/bungarus-caeruleus-common-krait-venomous-maharashtra-india-h9er12.jpg,Venomous,Common Krait,NEAR,HIGH_CONFIDENCE_NEAR_DUPLICATE,train/Venomous_Snake/bungarus-caeruleus-common-krait-venomous-maharashtra-india-h9er12.jpg,Venomous_Snake,TRAIN,0,0,False
Venomous/Common Krait/Bungarus_caerulus.jpg,Venomous,Common Krait,NEAR,HIGH_CONFIDENCE_NEAR_DUPLICATE,test/Venomous_Snake/0.jpg,Venomous_Snake,TEST,0,0,True
Venomous/Common Krait/CJSSKalach1.jpg,Venomous,Common Krait,NEAR,HIGH_CONFIDENCE_NEAR_DUPLICATE,train/Venomous_Snake/CJSSKalach1.jpg,Venomous_Snake,TRAIN,0,0,False
Venomous/Common Krait/common krait.jpg,Venomous,Common Krait,NEAR,HIGH_CONFIDENCE_NEAR_DUPLICATE,train/Venomous_Snake/common krait.jpg,Venomous_Snake,TRAIN,0,0,False
Venomous/Common Krait/common krait.png,Venomous,Common Krait,NEAR,HIGH_CONFIDENCE_NEAR_DUPLICATE,validation/Venomous_Snake/KRAIT2_H.JPG,Venomous_Snake,VALIDATION,0,1,False
Venomous/Common Krait/Common krait_001.jpg,Venomous,Common Krait,NEAR,HIGH_CONFIDENCE_NEAR_DUPLICATE,train/Venomous_Snake/Common krait_001.jpg,Venomous_Snake,TRAIN,0,0,False
Venomous/Common Krait/Common+krait+(tp)+copy.jpg,Venomous,Common Krait,NEAR,HIGH_CONFIDENCE_NEAR_DUPLICATE,train/Venomous_Snake/Common+krait+(tp)+copy.jpg,Venomous_Snake,TRAIN,0,0,False
Venomous/Common Krait/Common-Indian-krait-close-up.jpg,Venomous,Common Krait,NEAR,HIGH_CONFIDENCE_NEAR_DUPLICATE,train/Venomous_Snake/Common-Indian-krait-close-up.jpg,Venomous_Snake,TRAIN,2,0,False
Venomous/Common Krait/Common-Indian-krait-on-ground.jpg,Venomous,Common Krait,NEAR,HIGH_CONFIDENCE_NEAR_DUPLICATE,validation/Venomous_Snake/Common-Indian-krait-on-ground.jpg,Venomous_Snake,VALIDATION,0,0,False
Venomous/Common Krait/Common-Indian-krait-on-leaf-litter.jpg,Venomous,Common Krait,NEAR,HIGH_CONFIDENCE_NEAR_DUPLICATE,train/Venomous_Snake/Common-Indian-krait-on-leaf-litter.jpg,Venomous_Snake,TRAIN,0,0,False
Venomous/Common Krait/Common-Indian-krait-on-sand.jpg,Venomous,Common Krait,NEAR,HIGH_CONFIDENCE_NEAR_DUPLICATE,train/Venomous_Snake/Common-Indian-krait-on-sand.jpg,Venomous_Snake,TRAIN,0,0,False
Venomous/Common Krait/Common-Indian-krait.jpg,Venomous,Common Krait,NEAR,HIGH_CONFIDENCE_NEAR_DUPLICATE,train/Venomous_Snake/Common-Indian-krait.jpg,Venomous_Snake,TRAIN,2,1,False
Venomous/Common Krait/Common-Indian-krait_001.jpg,Venomous,Common Krait,NEAR,HIGH_CONFIDENCE_NEAR_DUPLICATE,train/Venomous_Snake/Common-Indian-krait_001.jpg,Venomous_Snake,TRAIN,0,0,False
Venomous/Common Krait/common-krait-1.jpg,Venomous,Common Krait,NEAR,HIGH_CONFIDENCE_NEAR_DUPLICATE,train/Venomous_Snake/common-krait-1.jpg,Venomous_Snake,TRAIN,0,0,False
Venomous/Common Krait/Common-Krait-e1463061354216.jpg,Venomous,Common Krait,NEAR,HIGH_CONFIDENCE_NEAR_DUPLICATE,train/Venomous_Snake/Common-Krait-e1463061354216.jpg,Venomous_Snake,TRAIN,0,0,False
Venomous/Common Krait/Common-Krait-most-dangerous-snake-in-the-world-125x125.jpg,Venomous,Common Krait,NEAR,HIGH_CONFIDENCE_NEAR_DUPLICATE,train/Venomous_Snake/Common-Krait-most-dangerous-snake-in-the-world-125x125.jpg,Venomous_Snake,TRAIN,0,0,False
Venomous/Common Krait/common-krait-snake.png,Venomous,Common Krait,NEAR,HIGH_CONFIDENCE_NEAR_DUPLICATE,train/Venomous_Snake/common-krait-snake.jpg,Venomous_Snake,TRAIN,0,1,False
Venomous/Common Krait/common-krait-snake_1500128186.jpeg,Venomous,Common Krait,NEAR,POSSIBLE_NEAR_DUPLICATE,validation/Venomous_Snake/common-krait-snake_1500128186.jpg,Venomous_Snake,VALIDATION,4,0,False
Venomous/Common Krait/common-krait.jpg,Venomous,Common Krait,NEAR,HIGH_CONFIDENCE_NEAR_DUPLICATE,train/Venomous_Snake/common-krait.jpg,Venomous_Snake,TRAIN,0,0,False
Venomous/Common Krait/Common-Krait_001.jpg,Venomous,Common Krait,NEAR,HIGH_CONFIDENCE_NEAR_DUPLICATE,train/Venomous_Snake/Common-Krait_001.jpg,Venomous_Snake,TRAIN,0,0,False
Venomous/Common Krait/Common-Krait_002.jpg,Venomous,Common Krait,NEAR,HIGH_CONFIDENCE_NEAR_DUPLICATE,validation/Venomous_Snake/Common-Krait_002.jpg,Venomous_Snake,VALIDATION,0,1,False
Venomous/Common Krait/common-krait_004.jpg,Venomous,Common Krait,NEAR,HIGH_CONFIDENCE_NEAR_DUPLICATE,train/Venomous_Snake/common-krait_004.jpg,Venomous_Snake,TRAIN,0,0,False
Venomous/Common Krait/common-krait_005.jpg,Venomous,Common Krait,NEAR,HIGH_CONFIDENCE_NEAR_DUPLICATE,train/Venomous_Snake/common-krait_005.jpg,Venomous_Snake,TRAIN,0,1,False
Venomous/Common Krait/common-krait_006.jpg,Venomous,Common Krait,NEAR,HIGH_CONFIDENCE_NEAR_DUPLICATE,train/Venomous_Snake/common-krait_006.jpg,Venomous_Snake,TRAIN,0,0,False
Venomous/Common Krait/Common-Krait_010.jpg,Venomous,Common Krait,NEAR,HIGH_CONFIDENCE_NEAR_DUPLICATE,train/Venomous_Snake/Common-Krait_010.jpg,Venomous_Snake,TRAIN,0,0,False
Venomous/Common Krait/COMMON-KRAIT_011.jpg,Venomous,Common Krait,NEAR,HIGH_CONFIDENCE_NEAR_DUPLICATE,train/Venomous_Snake/COMMON-KRAIT_011.jpg,Venomous_Snake,TRAIN,0,0,False
Venomous/Common Krait/Common_Krait(Bungarus_Caeruleus)_in_Parassinikadavu_Snake_Park.jpg,Venomous,Common Krait,NEAR,HIGH_CONFIDENCE_NEAR_DUPLICATE,train/Venomous_Snake/Common_Krait(Bungarus_Caeruleus)_in_Parassinikadavu_Snake_Park.jpg,Venomous_Snake,TRAIN,0,0,False
Venomous/Common Krait/common_krait-bungarus_caeruleus.jpg,Venomous,Common Krait,NEAR,HIGH_CONFIDENCE_NEAR_DUPLICATE,train/Venomous_Snake/common_krait-bungarus_caeruleus.jpg,Venomous_Snake,TRAIN,0,0,False
Venomous/Common Krait/common_krait.jpg,Venomous,Common Krait,NEAR,HIGH_CONFIDENCE_NEAR_DUPLICATE,train/Venomous_Snake/common_krait.jpg,Venomous_Snake,TRAIN,2,0,False
Venomous/Common Krait/COMMONKRAIT-medium-init-.jpg,Venomous,Common Krait,NEAR,HIGH_CONFIDENCE_NEAR_DUPLICATE,train/Venomous_Snake/COMMONKRAIT-medium-init-.jpg,Venomous_Snake,TRAIN,0,0,False
Venomous/Common Krait/Commonkrait.jpg,Venomous,Common Krait,NEAR,HIGH_CONFIDENCE_NEAR_DUPLICATE,train/Venomous_Snake/Commonkrait.jpg,Venomous_Snake,TRAIN,0,0,False
Venomous/Common Krait/DSC09751.JPG,Venomous,Common Krait,NEAR,HIGH_CONFIDENCE_NEAR_DUPLICATE,train/Venomous_Snake/DSC09751.JPG,Venomous_Snake,TRAIN,0,0,False
Venomous/Common Krait/DSC_0019_0.jpg,Venomous,Common Krait,NEAR,HIGH_CONFIDENCE_NEAR_DUPLICATE,train/Venomous_Snake/DSC_0019_0.jpg,Venomous_Snake,TRAIN,0,0,False
Venomous/Common Krait/hqdefault.jpg,Venomous,Common Krait,NEAR,HIGH_CONFIDENCE_NEAR_DUPLICATE,train/Venomous_Snake/hqdefault.jpg,Venomous_Snake,TRAIN,2,2,False
Venomous/Common Krait/hqdefault_003.jpg,Venomous,Common Krait,NEAR,HIGH_CONFIDENCE_NEAR_DUPLICATE,validation/Venomous_Snake/hqdefault_003.jpg,Venomous_Snake,VALIDATION,0,0,False
Venomous/Common Krait/hqdefault_007.jpg,Venomous,Common Krait,NEAR,HIGH_CONFIDENCE_NEAR_DUPLICATE,train/Venomous_Snake/hqdefault_007.jpg,Venomous_Snake,TRAIN,0,0,False
Venomous/Common Krait/hqdefault_009.jpg,Venomous,Common Krait,NEAR,HIGH_CONFIDENCE_NEAR_DUPLICATE,validation/Venomous_Snake/hqdefault_009.jpg,Venomous_Snake,VALIDATION,0,0,False
Venomous/Common Krait/image002.jpg,Venomous,Common Krait,NEAR,HIGH_CONFIDENCE_NEAR_DUPLICATE,train/Venomous_Snake/image002.jpg,Venomous_Snake,TRAIN,0,0,False
Venomous/Common Krait/image304.jpg,Venomous,Common Krait,NEAR,HIGH_CONFIDENCE_NEAR_DUPLICATE,validation/Venomous_Snake/image304.jpg,Venomous_Snake,VALIDATION,0,0,False
Venomous/Common Krait/IndianKraitKhopoli.jpg,Venomous,Common Krait,NEAR,HIGH_CONFIDENCE_NEAR_DUPLICATE,train/Venomous_Snake/IndianKraitKhopoli.jpg,Venomous_Snake,TRAIN,2,1,False
Venomous/Common Krait/july_033.jpg,Venomous,Common Krait,NEAR,HIGH_CONFIDENCE_NEAR_DUPLICATE,train/Venomous_Snake/july_033.jpg,Venomous_Snake,TRAIN,0,0,False
Venomous/Common Krait/k (6).jpg,Venomous,Common Krait,NEAR,HIGH_CONFIDENCE_NEAR_DUPLICATE,validation/Venomous_Snake/k (6).jpg,Venomous_Snake,VALIDATION,0,1,False
Venomous/Common Krait/Krait-6.jpg,Venomous,Common Krait,NEAR,HIGH_CONFIDENCE_NEAR_DUPLICATE,train/Venomous_Snake/25.jpg,Venomous_Snake,TRAIN,0,2,False
Venomous/Common Krait/Krait-6.jpg,Venomous,Common Krait,NEAR,HIGH_CONFIDENCE_NEAR_DUPLICATE,train/Venomous_Snake/Krait-6.jpg,Venomous_Snake,TRAIN,0,0,False
Venomous/Common Krait/Krait1-614x406.jpg,Venomous,Common Krait,NEAR,HIGH_CONFIDENCE_NEAR_DUPLICATE,train/Venomous_Snake/Krait1-614x406.jpg,Venomous_Snake,TRAIN,0,0,False
Venomous/Common Krait/krait1.jpg,Venomous,Common Krait,NEAR,HIGH_CONFIDENCE_NEAR_DUPLICATE,train/Venomous_Snake/23.jpg,Venomous_Snake,TRAIN,0,0,False
Venomous/Common Krait/krait1.jpg,Venomous,Common Krait,NEAR,HIGH_CONFIDENCE_NEAR_DUPLICATE,train/Venomous_Snake/krait1.jpg,Venomous_Snake,TRAIN,0,0,False
Venomous/Common Krait/krait2.jpg,Venomous,Common Krait,NEAR,HIGH_CONFIDENCE_NEAR_DUPLICATE,test/Venomous_Snake/37.jpg,Venomous_Snake,TEST,0,1,True
Venomous/Common Krait/KRAIT2_H.JPG,Venomous,Common Krait,NEAR,HIGH_CONFIDENCE_NEAR_DUPLICATE,validation/Venomous_Snake/KRAIT2_H.JPG,Venomous_Snake,VALIDATION,0,0,False
Venomous/Common Krait/Krait_Common.jpg,Venomous,Common Krait,NEAR,HIGH_CONFIDENCE_NEAR_DUPLICATE,train/Venomous_Snake/Krait_Common.jpg,Venomous_Snake,TRAIN,0,0,False
Venomous/Common Krait/KRAIT_HA.JPG,Venomous,Common Krait,NEAR,HIGH_CONFIDENCE_NEAR_DUPLICATE,train/Venomous_Snake/KRAIT_HA.JPG,Venomous_Snake,TRAIN,2,0,False
Venomous/Common Krait/Lycodon-aulicus.jpg,Venomous,Common Krait,NEAR,HIGH_CONFIDENCE_NEAR_DUPLICATE,train/Venomous_Snake/Lycodon-aulicus.jpg,Venomous_Snake,TRAIN,0,0,False
Venomous/Common Krait/lycodon-aulicus_001.jpg,Venomous,Common Krait,NEAR,HIGH_CONFIDENCE_NEAR_DUPLICATE,train/Venomous_Snake/lycodon-aulicus_001.jpg,Venomous_Snake,TRAIN,0,0,False
Venomous/Common Krait/maxresdefault.jpg,Venomous,Common Krait,NEAR,HIGH_CONFIDENCE_NEAR_DUPLICATE,train/Venomous_Snake/maxresdefault.jpg,Venomous_Snake,TRAIN,0,0,False
Venomous/Common Krait/maxresdefault_002.jpg,Venomous,Common Krait,NEAR,HIGH_CONFIDENCE_NEAR_DUPLICATE,train/Venomous_Snake/maxresdefault_002.jpg,Venomous_Snake,TRAIN,0,0,False
Venomous/Common Krait/maxresdefault_003.jpg,Venomous,Common Krait,NEAR,HIGH_CONFIDENCE_NEAR_DUPLICATE,train/Venomous_Snake/maxresdefault_003.jpg,Venomous_Snake,TRAIN,0,1,False
Venomous/Common Krait/Multibanded-Krait-Bungarus-Multicinctus.jpg,Venomous,Common Krait,NEAR,HIGH_CONFIDENCE_NEAR_DUPLICATE,train/Venomous_Snake/Multibanded-Krait-Bungarus-Multicinctus.jpg,Venomous_Snake,TRAIN,0,0,False
Venomous/Common Krait/ni_2015_63_3_300_158155_f2.jpg,Venomous,Common Krait,NEAR,HIGH_CONFIDENCE_NEAR_DUPLICATE,train/Venomous_Snake/ni_2015_63_3_300_158155_f2.jpg,Venomous_Snake,TRAIN,0,0,False
Venomous/Common Krait/P1000306.JPG,Venomous,Common Krait,NEAR,HIGH_CONFIDENCE_NEAR_DUPLICATE,validation/Venomous_Snake/P1000306.JPG,Venomous_Snake,VALIDATION,0,0,False
Venomous/Common Krait/picture2.jpg,Venomous,Common Krait,NEAR,HIGH_CONFIDENCE_NEAR_DUPLICATE,train/Venomous_Snake/picture2.jpg,Venomous_Snake,TRAIN,0,0,False
Venomous/Common Krait/Sanku_varayan_Common_Krait.jpg,Venomous,Common Krait,NEAR,HIGH_CONFIDENCE_NEAR_DUPLICATE,train/Venomous_Snake/Sanku_varayan_Common_Krait.jpg,Venomous_Snake,TRAIN,0,0,False
Venomous/Common Krait/sindhikrait.jpg,Venomous,Common Krait,NEAR,HIGH_CONFIDENCE_NEAR_DUPLICATE,train/Venomous_Snake/sindhikrait.jpg,Venomous_Snake,TRAIN,0,0,False
Venomous/Common Krait/snake-common-krait-bungarus-caeruleus-ET0CMF.jpg,Venomous,Common Krait,NEAR,HIGH_CONFIDENCE_NEAR_DUPLICATE,train/Venomous_Snake/snake-common-krait-bungarus-caeruleus-ET0CMF.jpg,Venomous_Snake,TRAIN,0,0,False
Venomous/Common Krait/snake-indian-common-krait-cremonou-bungarus-caeruleus-CE8PWK.jpg,Venomous,Common Krait,NEAR,HIGH_CONFIDENCE_NEAR_DUPLICATE,train/Venomous_Snake/snake-indian-common-krait-cremonou-bungarus-caeruleus-CE8PWK.jpg,Venomous_Snake,TRAIN,0,0,False
Venomous/Common Krait/snake6.jpg,Venomous,Common Krait,NEAR,HIGH_CONFIDENCE_NEAR_DUPLICATE,train/Venomous_Snake/snake6.jpg,Venomous_Snake,TRAIN,0,0,False
Venomous/Common Krait/SNP00151.jpg,Venomous,Common Krait,NEAR,HIGH_CONFIDENCE_NEAR_DUPLICATE,validation/Venomous_Snake/48.jpg,Venomous_Snake,VALIDATION,0,1,False
Venomous/Common Krait/wolf.jpg,Venomous,Common Krait,EXACT,EXACT_DUPLICATE,validation/Venomous_Snake/wolf.jpg,Venomous_Snake,VALIDATION,0,0,False
Venomous/King Cobra/01300000201438122024366623037.jpg,Venomous,King Cobra,NEAR,HIGH_CONFIDENCE_NEAR_DUPLICATE,validation/Venomous_Snake/01300000201438122024366623037.jpg,Venomous_Snake,VALIDATION,0,0,False
Venomous/King Cobra/03cobra.jpg,Venomous,King Cobra,NEAR,HIGH_CONFIDENCE_NEAR_DUPLICATE,test/Venomous_Snake/03cobra.jpg,Venomous_Snake,TEST,0,0,True
Venomous/King Cobra/1151193-VavaSuresh-1469709021-864-640x480.jpg,Venomous,King Cobra,NEAR,HIGH_CONFIDENCE_NEAR_DUPLICATE,validation/Venomous_Snake/1151193-VavaSuresh-1469709021-864-640x480.jpg,Venomous_Snake,VALIDATION,0,0,False
Venomous/King Cobra/12700.jpg,Venomous,King Cobra,NEAR,HIGH_CONFIDENCE_NEAR_DUPLICATE,test/Venomous_Snake/12700.jpg,Venomous_Snake,TEST,2,0,True
Venomous/King Cobra/131203090701-large.jpg,Venomous,King Cobra,NEAR,HIGH_CONFIDENCE_NEAR_DUPLICATE,train/Venomous_Snake/131203090701-large.jpg,Venomous_Snake,TRAIN,0,0,False
Venomous/King Cobra/1350361656KingCobraAttackingMonitorLizard.jpg,Venomous,King Cobra,NEAR,HIGH_CONFIDENCE_NEAR_DUPLICATE,train/Venomous_Snake/1350361656KingCobraAttackingMonitorLizard.jpg,Venomous_Snake,TRAIN,0,0,False
Venomous/King Cobra/13582558-king-cobra-Ophiophagus-hannah-poisonous-white-background-Stock-Photo.jpg,Venomous,King Cobra,NEAR,HIGH_CONFIDENCE_NEAR_DUPLICATE,validation/Venomous_Snake/13582558-king-cobra-Ophiophagus-hannah-poisonous-white-background-Stock-Photo.jpg,Venomous_Snake,VALIDATION,0,0,False
Venomous/King Cobra/13582621-king-cobra-Ophiophagus-hannah-poisonous-white-background-Stock-Photo.jpg,Venomous,King Cobra,NEAR,HIGH_CONFIDENCE_NEAR_DUPLICATE,train/Venomous_Snake/13582621-king-cobra-Ophiophagus-hannah-poisonous-white-background-Stock-Photo.jpg,Venomous_Snake,TRAIN,0,1,False
Venomous/King Cobra/13582625-king-cobra-Ophiophagus-hannah-poisonous-white-background-Stock-Photo.jpg,Venomous,King Cobra,NEAR,HIGH_CONFIDENCE_NEAR_DUPLICATE,test/Venomous_Snake/13582625-king-cobra-Ophiophagus-hannah-poisonous-white-background-Stock-Photo.jpg,Venomous_Snake,TEST,0,0,True
Venomous/King Cobra/13582750-king-cobra-Ophiophagus-hannah-poisonous-white-background-Stock-Photo.jpg,Venomous,King Cobra,NEAR,HIGH_CONFIDENCE_NEAR_DUPLICATE,train/Venomous_Snake/13582750-king-cobra-Ophiophagus-hannah-poisonous-white-background-Stock-Photo.jpg,Venomous_Snake,TRAIN,0,1,False
Venomous/King Cobra/147761-004-7C2BC212.jpg,Venomous,King Cobra,NEAR,HIGH_CONFIDENCE_NEAR_DUPLICATE,train/Venomous_Snake/147761-004-7C2BC212.jpg,Venomous_Snake,TRAIN,0,0,False
Venomous/King Cobra/170px-Elapidae_-_Ophiophagus_hannah.JPG,Venomous,King Cobra,NEAR,HIGH_CONFIDENCE_NEAR_DUPLICATE,train/Venomous_Snake/170px-Elapidae_-_Ophiophagus_hannah.JPG,Venomous_Snake,TRAIN,0,1,False
Venomous/King Cobra/17c229b47df3696e20b34baee809f174--cobra-snake-king-cobra.jpg,Venomous,King Cobra,NEAR,HIGH_CONFIDENCE_NEAR_DUPLICATE,train/Venomous_Snake/17c229b47df3696e20b34baee809f174--cobra-snake-king-cobra.jpg,Venomous_Snake,TRAIN,0,0,False
Venomous/King Cobra/1930805.jpg,Venomous,King Cobra,NEAR,HIGH_CONFIDENCE_NEAR_DUPLICATE,test/Venomous_Snake/1930805.jpg,Venomous_Snake,TEST,0,0,True
Venomous/King Cobra/200352091-001.jpg,Venomous,King Cobra,NEAR,HIGH_CONFIDENCE_NEAR_DUPLICATE,train/Venomous_Snake/200352091-001.jpg,Venomous_Snake,TRAIN,0,0,False
Venomous/King Cobra/200352095-001_XS.jpg,Venomous,King Cobra,NEAR,HIGH_CONFIDENCE_NEAR_DUPLICATE,train/Venomous_Snake/200352095-001_XS.jpg,Venomous_Snake,TRAIN,0,0,False
Venomous/King Cobra/2013-KINGCOBRA-08.jpg,Venomous,King Cobra,NEAR,HIGH_CONFIDENCE_NEAR_DUPLICATE,test/Venomous_Snake/2013-KINGCOBRA-08.jpg,Venomous_Snake,TEST,0,0,True
Venomous/King Cobra/2013-KINGCOBRA-28.jpg,Venomous,King Cobra,NEAR,HIGH_CONFIDENCE_NEAR_DUPLICATE,train/Venomous_Snake/2013-KINGCOBRA-28.jpg,Venomous_Snake,TRAIN,0,0,False
Venomous/King Cobra/2013-KINGCOBRA-36.jpg,Venomous,King Cobra,NEAR,HIGH_CONFIDENCE_NEAR_DUPLICATE,validation/Venomous_Snake/2013-KINGCOBRA-36.jpg,Venomous_Snake,VALIDATION,0,0,False
Venomous/King Cobra/220px-King-Cobra.jpg,Venomous,King Cobra,NEAR,HIGH_CONFIDENCE_NEAR_DUPLICATE,test/Venomous_Snake/220px-King-Cobra.jpg,Venomous_Snake,TEST,0,0,True
Venomous/King Cobra/220px-Ophiophagus_hannah2.jpg,Venomous,King Cobra,NEAR,HIGH_CONFIDENCE_NEAR_DUPLICATE,test/Venomous_Snake/32.jpg,Venomous_Snake,TEST,0,0,True
Venomous/King Cobra/23360067593_23360067593_NLKS8443_Searching_for_King_Cobra.jpg,Venomous,King Cobra,NEAR,HIGH_CONFIDENCE_NEAR_DUPLICATE,train/Venomous_Snake/23360067593_23360067593_NLKS8443_Searching_for_King_Cobra.jpg,Venomous_Snake,TRAIN,0,0,False
Venomous/King Cobra/26creaturesspan-jumbo.jpg,Venomous,King Cobra,NEAR,HIGH_CONFIDENCE_NEAR_DUPLICATE,train/Venomous_Snake/26creaturesspan-jumbo.jpg,Venomous_Snake,TRAIN,0,0,False
Venomous/King Cobra/3002331619_54b1f4eecb.jpg,Venomous,King Cobra,NEAR,HIGH_CONFIDENCE_NEAR_DUPLICATE,train/Venomous_Snake/3002331619_54b1f4eecb.jpg,Venomous_Snake,TRAIN,0,0,False
Venomous/King Cobra/31AFC95000000578-3469122-image-a-5_1456741674538.jpg,Venomous,King Cobra,NEAR,HIGH_CONFIDENCE_NEAR_DUPLICATE,validation/Venomous_Snake/31AFC95000000578-3469122-image-a-5_1456741674538.jpg,Venomous_Snake,VALIDATION,0,0,False
Venomous/King Cobra/32521345-King-Cobra-snake-is-the-world-s-longest-venomous-snake-in-the-Snake-farm-show-bangkok-thailand-Stock-Photo.jpg,Venomous,King Cobra,NEAR,HIGH_CONFIDENCE_NEAR_DUPLICATE,train/Venomous_Snake/32521345-King-Cobra-snake-is-the-world-s-longest-venomous-snake-in-the-Snake-farm-show-bangkok-thailand-Stock-Photo.jpg,Venomous_Snake,TRAIN,0,0,False
Venomous/King Cobra/3CA83C7400000578-4172360-image-m-57_1485792904526.jpg,Venomous,King Cobra,NEAR,HIGH_CONFIDENCE_NEAR_DUPLICATE,test/Venomous_Snake/3CA83C7400000578-4172360-image-m-57_1485792904526.jpg,Venomous_Snake,TEST,2,0,True
Venomous/King Cobra/3D05259A00000578-4209222-image-a-31_1486675129282.jpg,Venomous,King Cobra,NEAR,HIGH_CONFIDENCE_NEAR_DUPLICATE,test/Venomous_Snake/3D05259A00000578-4209222-image-a-31_1486675129282.jpg,Venomous_Snake,TEST,0,1,True
Venomous/King Cobra/3ddc49b3f743b547e095a1fd910cb902--king-cobra-snakes.jpg,Venomous,King Cobra,NEAR,HIGH_CONFIDENCE_NEAR_DUPLICATE,test/Venomous_Snake/3ddc49b3f743b547e095a1fd910cb902--king-cobra-snakes.jpg,Venomous_Snake,TEST,0,0,True
Venomous/King Cobra/400px-12_-_The_Mystical_King_Cobra_and_Coffee_Forests.jpg,Venomous,King Cobra,NEAR,HIGH_CONFIDENCE_NEAR_DUPLICATE,train/Venomous_Snake/0.jpg,Venomous_Snake,TRAIN,0,2,False
Venomous/King Cobra/400px-12_-_The_Mystical_King_Cobra_and_Coffee_Forests.jpg,Venomous,King Cobra,NEAR,HIGH_CONFIDENCE_NEAR_DUPLICATE,train/Venomous_Snake/400px-12_-_The_Mystical_King_Cobra_and_Coffee_Forests.jpg,Venomous_Snake,TRAIN,0,0,False
Venomous/King Cobra/4182f3e0ec2558bb23cf61828f7c752d--king-cobra-southeast-asia.jpg,Venomous,King Cobra,NEAR,HIGH_CONFIDENCE_NEAR_DUPLICATE,test/Venomous_Snake/4182f3e0ec2558bb23cf61828f7c752d--king-cobra-southeast-asia.jpg,Venomous_Snake,TEST,0,0,True
Venomous/King Cobra/5-dog-beat-cobra-795x447.jpg,Venomous,King Cobra,NEAR,HIGH_CONFIDENCE_NEAR_DUPLICATE,test/Venomous_Snake/5-dog-beat-cobra-795x447.jpg,Venomous_Snake,TEST,0,0,True
Venomous/King Cobra/520e37a2-d600-4c4f-8f19-6b87429fc7a0.Full_.jpg,Venomous,King Cobra,NEAR,HIGH_CONFIDENCE_NEAR_DUPLICATE,test/Venomous_Snake/520e37a2-d600-4c4f-8f19-6b87429fc7a0.Full_.jpg,Venomous_Snake,TEST,0,0,True
Venomous/King Cobra/6919_image.jpg,Venomous,King Cobra,NEAR,HIGH_CONFIDENCE_NEAR_DUPLICATE,train/Venomous_Snake/6919_image.jpg,Venomous_Snake,TRAIN,0,0,False
"Venomous/King Cobra/71Dvk902gcL._AC_UL320_SR314,320_.jpg",Venomous,King Cobra,NEAR,HIGH_CONFIDENCE_NEAR_DUPLICATE,"train/Venomous_Snake/71Dvk902gcL._AC_UL320_SR314,320_.jpg",Venomous_Snake,TRAIN,0,1,False
Venomous/King Cobra/7691.jpg,Venomous,King Cobra,NEAR,HIGH_CONFIDENCE_NEAR_DUPLICATE,validation/Venomous_Snake/7691.jpg,Venomous_Snake,VALIDATION,0,0,False
Venomous/King Cobra/7e00468a660261144d2c0d4cd3ad6b91--king-cobra-snake-snake-sculpture.jpg,Venomous,King Cobra,NEAR,HIGH_CONFIDENCE_NEAR_DUPLICATE,train/Venomous_Snake/7e00468a660261144d2c0d4cd3ad6b91--king-cobra-snake-snake-sculpture.jpg,Venomous_Snake,TRAIN,0,1,False
Venomous/King Cobra/87764986_XS.jpg,Venomous,King Cobra,NEAR,HIGH_CONFIDENCE_NEAR_DUPLICATE,validation/Venomous_Snake/87764986_XS.jpg,Venomous_Snake,VALIDATION,0,0,False
Venomous/King Cobra/900-470162014-king-cobra.jpg,Venomous,King Cobra,NEAR,HIGH_CONFIDENCE_NEAR_DUPLICATE,train/Venomous_Snake/900-470162014-king-cobra.jpg,Venomous_Snake,TRAIN,0,0,False
Venomous/King Cobra/9142978675_2c99821195.jpg,Venomous,King Cobra,NEAR,HIGH_CONFIDENCE_NEAR_DUPLICATE,train/Venomous_Snake/44.jpg,Venomous_Snake,TRAIN,0,2,False
Venomous/King Cobra/9142978675_2c99821195.jpg,Venomous,King Cobra,NEAR,HIGH_CONFIDENCE_NEAR_DUPLICATE,train/Venomous_Snake/9142978675_2c99821195.jpg,Venomous_Snake,TRAIN,0,1,False
Venomous/King Cobra/920x1240.jpg,Venomous,King Cobra,NEAR,HIGH_CONFIDENCE_NEAR_DUPLICATE,train/Venomous_Snake/920x1240.jpg,Venomous_Snake,TRAIN,0,0,False
Venomous/King Cobra/_85349739_hi000324519.jpg,Venomous,King Cobra,EXACT,EXACT_DUPLICATE,train/Venomous_Snake/_85349739_hi000324519.jpg,Venomous_Snake,TRAIN,0,0,False
Venomous/King Cobra/a-king-cobra-jeff-jundt.jpg,Venomous,King Cobra,NEAR,HIGH_CONFIDENCE_NEAR_DUPLICATE,validation/Venomous_Snake/a-king-cobra-jeff-jundt.jpg,Venomous_Snake,VALIDATION,0,0,False
Venomous/King Cobra/A-king-cobra-rescued-from-a-coffee-plantation-to-prevent-it-from-being-killed-by-the-plantation-workers.jpg,Venomous,King Cobra,NEAR,HIGH_CONFIDENCE_NEAR_DUPLICATE,train/Venomous_Snake/A-king-cobra-rescued-from-a-coffee-plantation-to-prevent-it-from-being-killed-by-the-plantation-workers.jpg,Venomous_Snake,TRAIN,0,0,False
Venomous/King Cobra/a2bfde93a79e2a589d20d30b25e985c5--romulus-king-cobra.jpg,Venomous,King Cobra,NEAR,HIGH_CONFIDENCE_NEAR_DUPLICATE,train/Venomous_Snake/a2bfde93a79e2a589d20d30b25e985c5--romulus-king-cobra.jpg,Venomous_Snake,TRAIN,0,1,False
Venomous/King Cobra/aa6c2fd08e164e062648b3844cbb582b--cobra-snake-king-cobra.jpg,Venomous,King Cobra,NEAR,HIGH_CONFIDENCE_NEAR_DUPLICATE,train/Venomous_Snake/aa6c2fd08e164e062648b3844cbb582b--cobra-snake-king-cobra.jpg,Venomous_Snake,TRAIN,0,0,False
Venomous/King Cobra/Afbeelding12-1024x696.jpg,Venomous,King Cobra,NEAR,HIGH_CONFIDENCE_NEAR_DUPLICATE,train/Venomous_Snake/Afbeelding12-1024x696.jpg,Venomous_Snake,TRAIN,0,0,False
Venomous/King Cobra/ap17207013744013.jpg,Venomous,King Cobra,NEAR,HIGH_CONFIDENCE_NEAR_DUPLICATE,validation/Venomous_Snake/ap17207013744013.jpg,Venomous_Snake,VALIDATION,0,0,False
Venomous/King Cobra/b3bddd06c161b0b368fca1845dff6e974aa48bcc87495bff50309d9b19296ae7.jpg,Venomous,King Cobra,NEAR,HIGH_CONFIDENCE_NEAR_DUPLICATE,validation/Venomous_Snake/b3bddd06c161b0b368fca1845dff6e974aa48bcc87495bff50309d9b19296ae7.jpg,Venomous_Snake,VALIDATION,0,0,False
Venomous/King Cobra/babykingcobra.jpg,Venomous,King Cobra,NEAR,HIGH_CONFIDENCE_NEAR_DUPLICATE,train/Venomous_Snake/babykingcobra.jpg,Venomous_Snake,TRAIN,0,0,False
Venomous/King Cobra/Close-up-of-the-head-of-a-king-cobra.jpg,Venomous,King Cobra,NEAR,HIGH_CONFIDENCE_NEAR_DUPLICATE,train/Venomous_Snake/Close-up-of-the-head-of-a-king-cobra.jpg,Venomous_Snake,TRAIN,0,0,False
Venomous/King Cobra/cobra-head.jpg,Venomous,King Cobra,NEAR,HIGH_CONFIDENCE_NEAR_DUPLICATE,train/Venomous_Snake/cobra-head.jpg,Venomous_Snake,TRAIN,0,0,False
Venomous/King Cobra/cobra-long.jpg,Venomous,King Cobra,NEAR,HIGH_CONFIDENCE_NEAR_DUPLICATE,train/Venomous_Snake/cobra-long.jpg,Venomous_Snake,TRAIN,0,0,False
Venomous/King Cobra/cobra6n.jpg,Venomous,King Cobra,NEAR,HIGH_CONFIDENCE_NEAR_DUPLICATE,train/Venomous_Snake/cobra6n.jpg,Venomous_Snake,TRAIN,0,0,False
Venomous/King Cobra/cobra_001.jpg,Venomous,King Cobra,NEAR,HIGH_CONFIDENCE_NEAR_DUPLICATE,train/Venomous_Snake/cobra_001.jpg,Venomous_Snake,TRAIN,0,1,False
Venomous/King Cobra/cobra_002.jpg,Venomous,King Cobra,NEAR,HIGH_CONFIDENCE_NEAR_DUPLICATE,train/Venomous_Snake/cobra_002.jpg,Venomous_Snake,TRAIN,0,0,False
Venomous/King Cobra/cobra_181212-12.jpg,Venomous,King Cobra,NEAR,HIGH_CONFIDENCE_NEAR_DUPLICATE,validation/Venomous_Snake/cobra_181212-12.jpg,Venomous_Snake,VALIDATION,0,0,False
Venomous/King Cobra/cobra_181212-9.jpg,Venomous,King Cobra,NEAR,HIGH_CONFIDENCE_NEAR_DUPLICATE,train/Venomous_Snake/cobra_181212-9.jpg,Venomous_Snake,TRAIN,0,0,False
Venomous/King Cobra/exotic_king_cobra1-1030x685.jpg,Venomous,King Cobra,NEAR,HIGH_CONFIDENCE_NEAR_DUPLICATE,train/Venomous_Snake/exotic_king_cobra1-1030x685.jpg,Venomous_Snake,TRAIN,0,0,False
Venomous/King Cobra/exotic_king_cobra_h.jpg,Venomous,King Cobra,NEAR,HIGH_CONFIDENCE_NEAR_DUPLICATE,train/Venomous_Snake/exotic_king_cobra_h.jpg,Venomous_Snake,TRAIN,0,0,False
Venomous/King Cobra/f5716d1268715b37ed4d371add3f7600--snake-images-snake-photos.jpg,Venomous,King Cobra,NEAR,HIGH_CONFIDENCE_NEAR_DUPLICATE,train/Venomous_Snake/f5716d1268715b37ed4d371add3f7600--snake-images-snake-photos.jpg,Venomous_Snake,TRAIN,0,0,False
Venomous/King Cobra/head-of-a-king-cobra-bdktrm.jpg,Venomous,King Cobra,NEAR,HIGH_CONFIDENCE_NEAR_DUPLICATE,train/Venomous_Snake/head-of-a-king-cobra-bdktrm.jpg,Venomous_Snake,TRAIN,0,0,False
Venomous/King Cobra/hja3fryte6pc8-0lufn4l7g1pmhn172j-large.jpg,Venomous,King Cobra,NEAR,HIGH_CONFIDENCE_NEAR_DUPLICATE,train/Venomous_Snake/hja3fryte6pc8-0lufn4l7g1pmhn172j-large.jpg,Venomous_Snake,TRAIN,0,1,False
Venomous/King Cobra/hqdefault_007.jpg,Venomous,King Cobra,NEAR,HIGH_CONFIDENCE_NEAR_DUPLICATE,validation/Venomous_Snake/hqdefault_007 (2).jpg,Venomous_Snake,VALIDATION,0,0,False
Venomous/King Cobra/IMG_7375.jpg,Venomous,King Cobra,NEAR,HIGH_CONFIDENCE_NEAR_DUPLICATE,validation/Venomous_Snake/IMG_7375.jpg,Venomous_Snake,VALIDATION,0,0,False
Venomous/King Cobra/IMG_7415.jpg,Venomous,King Cobra,NEAR,HIGH_CONFIDENCE_NEAR_DUPLICATE,train/Venomous_Snake/IMG_7415.jpg,Venomous_Snake,TRAIN,0,0,False
Venomous/King Cobra/IMG_7421.jpg,Venomous,King Cobra,NEAR,HIGH_CONFIDENCE_NEAR_DUPLICATE,train/Venomous_Snake/IMG_7421.jpg,Venomous_Snake,TRAIN,0,0,False
Venomous/King Cobra/interesting-facts-about-king-cobras.jpg,Venomous,King Cobra,NEAR,HIGH_CONFIDENCE_NEAR_DUPLICATE,train/Venomous_Snake/interesting-facts-about-king-cobras.jpg,Venomous_Snake,TRAIN,0,0,False
Venomous/King Cobra/jaideep-king-cobra_full-body-copy.jpg,Venomous,King Cobra,NEAR,HIGH_CONFIDENCE_NEAR_DUPLICATE,train/Venomous_Snake/jaideep-king-cobra_full-body-copy.jpg,Venomous_Snake,TRAIN,0,1,False
Venomous/King Cobra/Juvenile-king-cobra---defensive-posture.jpg,Venomous,King Cobra,NEAR,HIGH_CONFIDENCE_NEAR_DUPLICATE,validation/Venomous_Snake/Juvenile-king-cobra---defensive-posture.jpg,Venomous_Snake,VALIDATION,0,0,False
Venomous/King Cobra/King Cobra Eating Rat.jpg,Venomous,King Cobra,NEAR,HIGH_CONFIDENCE_NEAR_DUPLICATE,validation/Venomous_Snake/King Cobra Eating Rat.jpg,Venomous_Snake,VALIDATION,0,0,False
"Venomous/King Cobra/King cobra, 1874 engraving.jpg",Venomous,King Cobra,NEAR,HIGH_CONFIDENCE_NEAR_DUPLICATE,"train/Venomous_Snake/King cobra, 1874 engraving.jpg",Venomous_Snake,TRAIN,0,1,False
"Venomous/King Cobra/King cobra, Enygmatic-Halcyon-Wikipedia.jpg",Venomous,King Cobra,NEAR,HIGH_CONFIDENCE_NEAR_DUPLICATE,"train/Venomous_Snake/King cobra, Enygmatic-Halcyon-Wikipedia.jpg",Venomous_Snake,TRAIN,0,0,False
Venomous/King Cobra/king-cobra-1.jpg,Venomous,King Cobra,NEAR,HIGH_CONFIDENCE_NEAR_DUPLICATE,validation/Venomous_Snake/king-cobra-1.jpg,Venomous_Snake,VALIDATION,0,1,False
Venomous/King Cobra/king-cobra-1_001.jpg,Venomous,King Cobra,NEAR,HIGH_CONFIDENCE_NEAR_DUPLICATE,train/Venomous_Snake/king-cobra-1_001.jpg,Venomous_Snake,TRAIN,0,0,False
Venomous/King Cobra/king-cobra-9.jpg,Venomous,King Cobra,NEAR,HIGH_CONFIDENCE_NEAR_DUPLICATE,train/Venomous_Snake/king-cobra-9.jpg,Venomous_Snake,TRAIN,0,0,False
Venomous/King Cobra/King-Cobra-baby-1.jpg,Venomous,King Cobra,NEAR,HIGH_CONFIDENCE_NEAR_DUPLICATE,train/Venomous_Snake/King-Cobra-baby-1.jpg,Venomous_Snake,TRAIN,0,0,False
Venomous/King Cobra/king-cobra-bg.jpg,Venomous,King Cobra,NEAR,HIGH_CONFIDENCE_NEAR_DUPLICATE,validation/Venomous_Snake/king-cobra-bg.jpg,Venomous_Snake,VALIDATION,0,0,False
Venomous/King Cobra/King-Cobra-by-kokotewan-640x326.jpg,Venomous,King Cobra,NEAR,HIGH_CONFIDENCE_NEAR_DUPLICATE,train/Venomous_Snake/King-Cobra-by-kokotewan-640x326.jpg,Venomous_Snake,TRAIN,0,0,False
Venomous/King Cobra/King-Cobra-captive.jpg,Venomous,King Cobra,NEAR,HIGH_CONFIDENCE_NEAR_DUPLICATE,train/Venomous_Snake/King-Cobra-captive.jpg,Venomous_Snake,TRAIN,0,0,False
Venomous/King Cobra/king-cobra-facts-for-kids1-e1359370651750.jpg,Venomous,King Cobra,NEAR,HIGH_CONFIDENCE_NEAR_DUPLICATE,train/Venomous_Snake/king-cobra-facts-for-kids1-e1359370651750.jpg,Venomous_Snake,TRAIN,0,0,False
Venomous/King Cobra/king-cobra-head1.jpg,Venomous,King Cobra,NEAR,HIGH_CONFIDENCE_NEAR_DUPLICATE,train/Venomous_Snake/king-cobra-head1.jpg,Venomous_Snake,TRAIN,2,0,False
Venomous/King Cobra/King-Cobra-India.jpg,Venomous,King Cobra,NEAR,HIGH_CONFIDENCE_NEAR_DUPLICATE,train/Venomous_Snake/28 (2).jpg,Venomous_Snake,TRAIN,0,1,False
Venomous/King Cobra/King-Cobra-India.jpg,Venomous,King Cobra,NEAR,HIGH_CONFIDENCE_NEAR_DUPLICATE,train/Venomous_Snake/King-Cobra-India.jpg,Venomous_Snake,TRAIN,0,0,False
Venomous/King Cobra/king-cobra-juvenile-445px.jpg,Venomous,King Cobra,NEAR,HIGH_CONFIDENCE_NEAR_DUPLICATE,train/Venomous_Snake/king-cobra-juvenile-445px.jpg,Venomous_Snake,TRAIN,0,1,False
Venomous/King Cobra/king-cobra-ophiophagus-hannah-800x600.jpg,Venomous,King Cobra,NEAR,HIGH_CONFIDENCE_NEAR_DUPLICATE,validation/Venomous_Snake/king-cobra-ophiophagus-hannah-800x600.jpg,Venomous_Snake,VALIDATION,0,0,False
Venomous/King Cobra/king-cobra-ophiophagus-hannah-800x600_001.jpg,Venomous,King Cobra,NEAR,HIGH_CONFIDENCE_NEAR_DUPLICATE,train/Venomous_Snake/king-cobra-ophiophagus-hannah-800x600_001.jpg,Venomous_Snake,TRAIN,0,1,False
Venomous/King Cobra/king-cobra-ophiophagus-hannah-swallowing-a-rat-snake-bali-indonesia-EG8D80.jpg,Venomous,King Cobra,NEAR,HIGH_CONFIDENCE_NEAR_DUPLICATE,train/Venomous_Snake/king-cobra-ophiophagus-hannah-swallowing-a-rat-snake-bali-indonesia-EG8D80.jpg,Venomous_Snake,TRAIN,0,0,False
Venomous/King Cobra/King-cobra-partially-displaying-hood.jpg,Venomous,King Cobra,NEAR,HIGH_CONFIDENCE_NEAR_DUPLICATE,train/Venomous_Snake/King-cobra-partially-displaying-hood.jpg,Venomous_Snake,TRAIN,2,0,False
Venomous/King Cobra/King-Cobra-rescued-from-Dukura-range-copy.jpg,Venomous,King Cobra,NEAR,HIGH_CONFIDENCE_NEAR_DUPLICATE,train/Venomous_Snake/King-Cobra-rescued-from-Dukura-range-copy.jpg,Venomous_Snake,TRAIN,0,0,False
Venomous/King Cobra/King-cobra-resting.jpg,Venomous,King Cobra,NEAR,HIGH_CONFIDENCE_NEAR_DUPLICATE,validation/Venomous_Snake/King-cobra-resting.jpg,Venomous_Snake,VALIDATION,0,0,False
Venomous/King Cobra/King-cobra-side-profile.jpg,Venomous,King Cobra,NEAR,HIGH_CONFIDENCE_NEAR_DUPLICATE,validation/Venomous_Snake/King-cobra-side-profile.jpg,Venomous_Snake,VALIDATION,0,0,False
Venomous/King Cobra/king-cobra-slither.adapt.945.1.jpg,Venomous,King Cobra,NEAR,HIGH_CONFIDENCE_NEAR_DUPLICATE,train/Venomous_Snake/king-cobra-slither.adapt.945.1.jpg,Venomous_Snake,TRAIN,0,0,False
Venomous/King Cobra/king-cobra-snake.jpg,Venomous,King Cobra,NEAR,HIGH_CONFIDENCE_NEAR_DUPLICATE,train/Venomous_Snake/king-cobra-snake.jpg,Venomous_Snake,TRAIN,0,0,False
Venomous/King Cobra/king-cobra-snake_001.jpg,Venomous,King Cobra,NEAR,HIGH_CONFIDENCE_NEAR_DUPLICATE,train/Venomous_Snake/king-cobra-snake_001.jpg,Venomous_Snake,TRAIN,0,0,False
Venomous/King Cobra/King-cobra-swimming-hunting-other-snakes-along-the-edge-of-a-mangrove-river.jpg,Venomous,King Cobra,NEAR,HIGH_CONFIDENCE_NEAR_DUPLICATE,train/Venomous_Snake/King-cobra-swimming-hunting-other-snakes-along-the-edge-of-a-mangrove-river.jpg,Venomous_Snake,TRAIN,0,1,False
Venomous/King Cobra/King-Cobra-Thailand.jpg,Venomous,King Cobra,NEAR,HIGH_CONFIDENCE_NEAR_DUPLICATE,validation/Venomous_Snake/King-Cobra-Thailand.jpg,Venomous_Snake,VALIDATION,0,0,False
Venomous/King Cobra/king-cobra-wallpapers-desktop-background.jpg,Venomous,King Cobra,NEAR,HIGH_CONFIDENCE_NEAR_DUPLICATE,train/Venomous_Snake/king-cobra-wallpapers-desktop-background.jpg,Venomous_Snake,TRAIN,0,0,False
Venomous/King Cobra/king-cobra-web.jpg,Venomous,King Cobra,NEAR,HIGH_CONFIDENCE_NEAR_DUPLICATE,train/Venomous_Snake/king-cobra-web.jpg,Venomous_Snake,TRAIN,0,0,False
Venomous/King Cobra/King-Cobra_003.jpg,Venomous,King Cobra,NEAR,HIGH_CONFIDENCE_NEAR_DUPLICATE,train/Venomous_Snake/King-Cobra_003.jpg,Venomous_Snake,TRAIN,0,0,False
Venomous/King Cobra/king-cobra_004.jpg,Venomous,King Cobra,NEAR,HIGH_CONFIDENCE_NEAR_DUPLICATE,train/Venomous_Snake/king-cobra_004.jpg,Venomous_Snake,TRAIN,0,0,False
Venomous/King Cobra/King-Cobra_005.jpg,Venomous,King Cobra,NEAR,HIGH_CONFIDENCE_NEAR_DUPLICATE,train/Venomous_Snake/King-Cobra_005.jpg,Venomous_Snake,TRAIN,0,0,False
Venomous/King Cobra/king-cobra_006.jpg,Venomous,King Cobra,NEAR,HIGH_CONFIDENCE_NEAR_DUPLICATE,train/Venomous_Snake/king-cobra_006.jpg,Venomous_Snake,TRAIN,2,0,False
Venomous/King Cobra/king-cobra_008.jpg,Venomous,King Cobra,NEAR,HIGH_CONFIDENCE_NEAR_DUPLICATE,train/Venomous_Snake/king-cobra_008.jpg,Venomous_Snake,TRAIN,0,0,False
Venomous/King Cobra/king-cobra_009.jpg,Venomous,King Cobra,NEAR,HIGH_CONFIDENCE_NEAR_DUPLICATE,train/Venomous_Snake/king-cobra_009.jpg,Venomous_Snake,TRAIN,0,0,False
Venomous/King Cobra/king-cobra_0164.jpg,Venomous,King Cobra,NEAR,HIGH_CONFIDENCE_NEAR_DUPLICATE,train/Venomous_Snake/king-cobra_0164.jpg,Venomous_Snake,TRAIN,0,1,False
Venomous/King Cobra/king-cobra_624.jpg,Venomous,King Cobra,NEAR,HIGH_CONFIDENCE_NEAR_DUPLICATE,train/Venomous_Snake/king-cobra_624.jpg,Venomous_Snake,TRAIN,0,0,False
Venomous/King Cobra/king-cobras-live_820c5cd24bab67fc.jpg,Venomous,King Cobra,NEAR,HIGH_CONFIDENCE_NEAR_DUPLICATE,train/Venomous_Snake/king-cobras-live_820c5cd24bab67fc.jpg,Venomous_Snake,TRAIN,0,0,False
Venomous/King Cobra/king_cobra_1.jpg,Venomous,King Cobra,NEAR,HIGH_CONFIDENCE_NEAR_DUPLICATE,validation/Venomous_Snake/king_cobra_1.jpg,Venomous_Snake,VALIDATION,0,0,False
Venomous/King Cobra/king_cobra_1_001.jpg,Venomous,King Cobra,NEAR,HIGH_CONFIDENCE_NEAR_DUPLICATE,train/Venomous_Snake/king_cobra_1_001.jpg,Venomous_Snake,TRAIN,0,0,False
Venomous/King Cobra/King_Cobra_25.jpg,Venomous,King Cobra,NEAR,HIGH_CONFIDENCE_NEAR_DUPLICATE,train/Venomous_Snake/King_Cobra_25.jpg,Venomous_Snake,TRAIN,0,0,False
Venomous/King Cobra/King_Cobra_Head.jpg,Venomous,King Cobra,NEAR,HIGH_CONFIDENCE_NEAR_DUPLICATE,train/Venomous_Snake/King_Cobra_Head.jpg,Venomous_Snake,TRAIN,0,0,False
Venomous/King Cobra/king_cobra_picture.jpg,Venomous,King Cobra,NEAR,HIGH_CONFIDENCE_NEAR_DUPLICATE,validation/Venomous_Snake/king_cobra_picture.jpg,Venomous_Snake,VALIDATION,0,1,False
Venomous/King Cobra/kingcobra-001.jpg,Venomous,King Cobra,NEAR,HIGH_CONFIDENCE_NEAR_DUPLICATE,train/Venomous_Snake/kingcobra-001.jpg,Venomous_Snake,TRAIN,0,0,False
Venomous/King Cobra/kingcobra-002.jpg,Venomous,King Cobra,NEAR,HIGH_CONFIDENCE_NEAR_DUPLICATE,train/Venomous_Snake/kingcobra-002.jpg,Venomous_Snake,TRAIN,0,0,False
Venomous/King Cobra/KingCobra-and-I_web.jpg,Venomous,King Cobra,NEAR,HIGH_CONFIDENCE_NEAR_DUPLICATE,train/Venomous_Snake/KingCobra-and-I_web.jpg,Venomous_Snake,TRAIN,2,0,False
Venomous/King Cobra/KingCobra1.jpg,Venomous,King Cobra,NEAR,HIGH_CONFIDENCE_NEAR_DUPLICATE,validation/Venomous_Snake/KingCobra1.jpg,Venomous_Snake,VALIDATION,0,0,False
Venomous/King Cobra/KingCobra_001.jpg,Venomous,King Cobra,NEAR,HIGH_CONFIDENCE_NEAR_DUPLICATE,train/Venomous_Snake/KingCobra_001.jpg,Venomous_Snake,TRAIN,0,0,False
Venomous/King Cobra/kingcobra_002.JPG,Venomous,King Cobra,NEAR,HIGH_CONFIDENCE_NEAR_DUPLICATE,train/Venomous_Snake/kingcobra_002.JPG,Venomous_Snake,TRAIN,2,0,False
Venomous/King Cobra/KingCobra_003.jpg,Venomous,King Cobra,NEAR,HIGH_CONFIDENCE_NEAR_DUPLICATE,train/Venomous_Snake/KingCobra_003.jpg,Venomous_Snake,TRAIN,2,0,False
Venomous/King Cobra/landing_king-cobra.jpg,Venomous,King Cobra,NEAR,HIGH_CONFIDENCE_NEAR_DUPLICATE,train/Venomous_Snake/landing_king-cobra.jpg,Venomous_Snake,TRAIN,0,0,False
Venomous/King Cobra/natural-enemies-king-cobra_6c4e36f5d658546a.jpg,Venomous,King Cobra,NEAR,HIGH_CONFIDENCE_NEAR_DUPLICATE,train/Venomous_Snake/natural-enemies-king-cobra_6c4e36f5d658546a.jpg,Venomous_Snake,TRAIN,0,0,False
Venomous/King Cobra/Ophiophagus-hannah-Thailand.jpg,Venomous,King Cobra,NEAR,HIGH_CONFIDENCE_NEAR_DUPLICATE,train/Venomous_Snake/Ophiophagus-hannah-Thailand.jpg,Venomous_Snake,TRAIN,0,0,False
Venomous/King Cobra/PAY-COBRA-SNAKE-RESCUE.jpg,Venomous,King Cobra,NEAR,HIGH_CONFIDENCE_NEAR_DUPLICATE,train/Venomous_Snake/PAY-COBRA-SNAKE-RESCUE.jpg,Venomous_Snake,TRAIN,0,0,False
Venomous/King Cobra/PAY-Russian-man-killed-by-King-Cobra.jpg,Venomous,King Cobra,NEAR,HIGH_CONFIDENCE_NEAR_DUPLICATE,train/Venomous_Snake/PAY-Russian-man-killed-by-King-Cobra.jpg,Venomous_Snake,TRAIN,0,0,False
Venomous/King Cobra/photos.medleyphoto.13543526.jpg,Venomous,King Cobra,NEAR,HIGH_CONFIDENCE_NEAR_DUPLICATE,validation/Venomous_Snake/photos.medleyphoto.13543526.jpg,Venomous_Snake,VALIDATION,0,0,False
Venomous/King Cobra/pictures-of-king-cobras-e1359370644271.jpg,Venomous,King Cobra,NEAR,HIGH_CONFIDENCE_NEAR_DUPLICATE,train/Venomous_Snake/pictures-of-king-cobras-e1359370644271.jpg,Venomous_Snake,TRAIN,0,0,False
Venomous/King Cobra/r0_135_2757_1691_w1200_h678_fmax.jpg,Venomous,King Cobra,NEAR,POSSIBLE_NEAR_DUPLICATE,train/Venomous_Snake/r0_135_2757_1691_w1200_h678_fmax.jpg,Venomous_Snake,TRAIN,0,3,False
Venomous/King Cobra/shutterstock_57385138-700x525.jpg,Venomous,King Cobra,NEAR,HIGH_CONFIDENCE_NEAR_DUPLICATE,train/Venomous_Snake/shutterstock_57385138-700x525.jpg,Venomous_Snake,TRAIN,0,0,False
Venomous/King Cobra/snake-kingcobra-reptile-597045-o.jpg,Venomous,King Cobra,NEAR,HIGH_CONFIDENCE_NEAR_DUPLICATE,validation/Venomous_Snake/snake-kingcobra-reptile-597045-o.jpg,Venomous_Snake,VALIDATION,0,0,False
Venomous/King Cobra/T05-0001-0111.jpg,Venomous,King Cobra,NEAR,HIGH_CONFIDENCE_NEAR_DUPLICATE,validation/Venomous_Snake/T05-0001-0111.jpg,Venomous_Snake,VALIDATION,0,1,False
Venomous/King Cobra/Z7850200-King_Cobra-SPL.jpg,Venomous,King Cobra,EXACT,EXACT_DUPLICATE,train/Venomous_Snake/Z7850200-King_Cobra-SPL.jpg,Venomous_Snake,TRAIN,0,0,False
Venomous/King Cobra/ZNKH1t.jpg,Venomous,King Cobra,EXACT,EXACT_DUPLICATE,train/Venomous_Snake/ZNKH1t.jpg,Venomous_Snake,TRAIN,0,0,False
Venomous/Monocled Cobra/0564.jpeg,Venomous,Monocled Cobra,NEAR,POSSIBLE_NEAR_DUPLICATE,test/Venomous_Snake/0564.jpg,Venomous_Snake,TEST,4,5,True
Venomous/Monocled Cobra/0829.jpeg,Venomous,Monocled Cobra,NEAR,POSSIBLE_NEAR_DUPLICATE,train/Venomous_Snake/0829.jpg,Venomous_Snake,TRAIN,2,3,False
Venomous/Monocled Cobra/0efec3f98662a0bd0b21d3757cb72d3b--snake-facts-cobra-snake.jpg,Venomous,Monocled Cobra,NEAR,HIGH_CONFIDENCE_NEAR_DUPLICATE,train/Venomous_Snake/0efec3f98662a0bd0b21d3757cb72d3b--snake-facts-cobra-snake.jpg,Venomous_Snake,TRAIN,0,0,False
Venomous/Monocled Cobra/1.jpg,Venomous,Monocled Cobra,NEAR,HIGH_CONFIDENCE_NEAR_DUPLICATE,train/Venomous_Snake/1 (2).jpg,Venomous_Snake,TRAIN,0,0,False
Venomous/Monocled Cobra/1015822449_d6aa87bc25.jpg,Venomous,Monocled Cobra,NEAR,HIGH_CONFIDENCE_NEAR_DUPLICATE,test/Venomous_Snake/1015822449_d6aa87bc25.jpg,Venomous_Snake,TEST,0,0,True
Venomous/Monocled Cobra/11.Monocled Cobra.jpg,Venomous,Monocled Cobra,NEAR,HIGH_CONFIDENCE_NEAR_DUPLICATE,test/Venomous_Snake/11.Monocled Cobra.jpg,Venomous_Snake,TEST,0,1,True
Venomous/Monocled Cobra/1317472028Naja kauthia.jpg,Venomous,Monocled Cobra,NEAR,HIGH_CONFIDENCE_NEAR_DUPLICATE,test/Venomous_Snake/1317472028Naja kauthia.jpg,Venomous_Snake,TEST,0,0,True
Venomous/Monocled Cobra/13350233_1079893875431314_5715026036656697829_o.jpg,Venomous,Monocled Cobra,NEAR,HIGH_CONFIDENCE_NEAR_DUPLICATE,test/Venomous_Snake/13350233_1079893875431314_5715026036656697829_o.jpg,Venomous_Snake,TEST,0,0,True
Venomous/Monocled Cobra/16243436212_f1aa097020_b.jpg,Venomous,Monocled Cobra,NEAR,HIGH_CONFIDENCE_NEAR_DUPLICATE,validation/Venomous_Snake/16243436212_f1aa097020_b.jpg,Venomous_Snake,VALIDATION,0,0,False
Venomous/Monocled Cobra/17890231804cbb58e063ebe.JPG,Venomous,Monocled Cobra,NEAR,HIGH_CONFIDENCE_NEAR_DUPLICATE,train/Venomous_Snake/17890231804cbb58e063ebe.JPG,Venomous_Snake,TRAIN,0,1,False
Venomous/Monocled Cobra/18105089279_8214469ffa.jpg,Venomous,Monocled Cobra,NEAR,HIGH_CONFIDENCE_NEAR_DUPLICATE,train/Venomous_Snake/18105089279_8214469ffa.jpg,Venomous_Snake,TRAIN,0,0,False
Venomous/Monocled Cobra/1_001.jpg,Venomous,Monocled Cobra,NEAR,HIGH_CONFIDENCE_NEAR_DUPLICATE,train/Venomous_Snake/1_001.jpg,Venomous_Snake,TRAIN,0,0,False
Venomous/Monocled Cobra/1_002.jpg,Venomous,Monocled Cobra,NEAR,HIGH_CONFIDENCE_NEAR_DUPLICATE,train/Venomous_Snake/1_002.jpg,Venomous_Snake,TRAIN,0,0,False
Venomous/Monocled Cobra/1_010.jpg,Venomous,Monocled Cobra,NEAR,HIGH_CONFIDENCE_NEAR_DUPLICATE,validation/Venomous_Snake/1_010.jpg,Venomous_Snake,VALIDATION,0,0,False
Venomous/Monocled Cobra/200px-Naja_kaouthia.jpg,Venomous,Monocled Cobra,NEAR,HIGH_CONFIDENCE_NEAR_DUPLICATE,test/Venomous_Snake/200px-Naja_kaouthia.jpg,Venomous_Snake,TEST,0,1,True
Venomous/Monocled Cobra/2186482800_bfcf31f866_b.jpg,Venomous,Monocled Cobra,NEAR,HIGH_CONFIDENCE_NEAR_DUPLICATE,test/Venomous_Snake/2186482800_bfcf31f866_b.jpg,Venomous_Snake,TEST,0,0,True
Venomous/Monocled Cobra/225296_10150320235058504_683593503_10024128_7013317_n.jpg,Venomous,Monocled Cobra,NEAR,HIGH_CONFIDENCE_NEAR_DUPLICATE,test/Venomous_Snake/225296_10150320235058504_683593503_10024128_7013317_n.jpg,Venomous_Snake,TEST,0,1,True
Venomous/Monocled Cobra/235edf110f56286064e2f303e6006fb8--pet-peeves-cobra-snake.jpg,Venomous,Monocled Cobra,NEAR,HIGH_CONFIDENCE_NEAR_DUPLICATE,test/Venomous_Snake/235edf110f56286064e2f303e6006fb8--pet-peeves-cobra-snake.jpg,Venomous_Snake,TEST,0,0,True
Venomous/Monocled Cobra/240px-N.kaouthia.jpg,Venomous,Monocled Cobra,NEAR,HIGH_CONFIDENCE_NEAR_DUPLICATE,train/Venomous_Snake/240px-N.kaouthia.jpg,Venomous_Snake,TRAIN,2,0,False
Venomous/Monocled Cobra/252576_10150346420778504_683593503_10295742_5461375_n.jpg,Venomous,Monocled Cobra,NEAR,HIGH_CONFIDENCE_NEAR_DUPLICATE,test/Venomous_Snake/252576_10150346420778504_683593503_10295742_5461375_n.jpg,Venomous_Snake,TEST,0,0,True
Venomous/Monocled Cobra/262666_10150346421063504_683593503_10295744_1154672_n.jpg,Venomous,Monocled Cobra,NEAR,HIGH_CONFIDENCE_NEAR_DUPLICATE,train/Venomous_Snake/262666_10150346421063504_683593503_10295744_1154672_n.jpg,Venomous_Snake,TRAIN,0,0,False
Venomous/Monocled Cobra/263591_10150346421368504_683593503_10295748_8378405_n (6).jpg,Venomous,Monocled Cobra,NEAR,HIGH_CONFIDENCE_NEAR_DUPLICATE,test/Venomous_Snake/263591_10150346421368504_683593503_10295748_8378405_n (6).jpg,Venomous_Snake,TEST,0,1,True
Venomous/Monocled Cobra/2962717801_da28a393d6.jpg,Venomous,Monocled Cobra,NEAR,HIGH_CONFIDENCE_NEAR_DUPLICATE,test/Venomous_Snake/2962717801_da28a393d6.jpg,Venomous_Snake,TEST,0,0,True
Venomous/Monocled Cobra/2b2983794172fea6bb6675b4d07de841--snake-wallpaper-wallpaper-in-hd.jpg,Venomous,Monocled Cobra,NEAR,HIGH_CONFIDENCE_NEAR_DUPLICATE,validation/Venomous_Snake/2b2983794172fea6bb6675b4d07de841--snake-wallpaper-wallpaper-in-hd.jpg,Venomous_Snake,VALIDATION,0,0,False
Venomous/Monocled Cobra/2E69467C00000578-3317003-image-m-26_1447421012740.jpg,Venomous,Monocled Cobra,NEAR,HIGH_CONFIDENCE_NEAR_DUPLICATE,test/Venomous_Snake/2E69467C00000578-3317003-image-m-26_1447421012740.jpg,Venomous_Snake,TEST,2,0,True
Venomous/Monocled Cobra/2e80cfaab83df157b68d5204145da8f5.jpg,Venomous,Monocled Cobra,NEAR,HIGH_CONFIDENCE_NEAR_DUPLICATE,train/Venomous_Snake/2e80cfaab83df157b68d5204145da8f5.jpg,Venomous_Snake,TRAIN,0,0,False
Venomous/Monocled Cobra/3110614239_af173ac2ae.jpg,Venomous,Monocled Cobra,NEAR,HIGH_CONFIDENCE_NEAR_DUPLICATE,test/Venomous_Snake/3110614239_af173ac2ae.jpg,Venomous_Snake,TEST,0,0,True
Venomous/Monocled Cobra/3113739011_c17d8d5d75.jpg,Venomous,Monocled Cobra,NEAR,HIGH_CONFIDENCE_NEAR_DUPLICATE,train/Venomous_Snake/3113739011_c17d8d5d75.jpg,Venomous_Snake,TRAIN,0,1,False
Venomous/Monocled Cobra/3148428268_7a210a4715.jpg,Venomous,Monocled Cobra,NEAR,HIGH_CONFIDENCE_NEAR_DUPLICATE,train/Venomous_Snake/3148428268_7a210a4715.jpg,Venomous_Snake,TRAIN,2,0,False
Venomous/Monocled Cobra/33607.jpg,Venomous,Monocled Cobra,NEAR,HIGH_CONFIDENCE_NEAR_DUPLICATE,train/Venomous_Snake/33607.jpg,Venomous_Snake,TRAIN,0,0,False
Venomous/Monocled Cobra/3431973057_e3abbee776.jpg,Venomous,Monocled Cobra,NEAR,HIGH_CONFIDENCE_NEAR_DUPLICATE,validation/Venomous_Snake/3431973057_e3abbee776.jpg,Venomous_Snake,VALIDATION,2,1,False
Venomous/Monocled Cobra/3816964289_a5ea57ccd4.jpg,Venomous,Monocled Cobra,NEAR,HIGH_CONFIDENCE_NEAR_DUPLICATE,train/Venomous_Snake/3816964289_a5ea57ccd4.jpg,Venomous_Snake,TRAIN,0,0,False
Venomous/Monocled Cobra/3f7b41317b2248121c9fa4fbbff48074--cobra-snake-slytherin.jpg,Venomous,Monocled Cobra,NEAR,HIGH_CONFIDENCE_NEAR_DUPLICATE,test/Venomous_Snake/3f7b41317b2248121c9fa4fbbff48074--cobra-snake-slytherin.jpg,Venomous_Snake,TEST,0,0,True
Venomous/Monocled Cobra/429462b69e738da2cc54bd5a8ef5b4b1.jpg,Venomous,Monocled Cobra,NEAR,HIGH_CONFIDENCE_NEAR_DUPLICATE,test/Venomous_Snake/429462b69e738da2cc54bd5a8ef5b4b1.jpg,Venomous_Snake,TEST,0,0,True
Venomous/Monocled Cobra/4644015762_38b72c3cdc_b.jpg,Venomous,Monocled Cobra,NEAR,HIGH_CONFIDENCE_NEAR_DUPLICATE,train/Venomous_Snake/4644015762_38b72c3cdc_b.jpg,Venomous_Snake,TRAIN,0,0,False
Venomous/Monocled Cobra/5999366084_cb2085a5bb_b.jpg,Venomous,Monocled Cobra,NEAR,HIGH_CONFIDENCE_NEAR_DUPLICATE,train/Venomous_Snake/5999366084_cb2085a5bb_b.jpg,Venomous_Snake,TRAIN,0,1,False
Venomous/Monocled Cobra/5999366796_1448262093_b.jpg,Venomous,Monocled Cobra,NEAR,HIGH_CONFIDENCE_NEAR_DUPLICATE,train/Venomous_Snake/5999366796_1448262093_b.jpg,Venomous_Snake,TRAIN,0,0,False
Venomous/Monocled Cobra/5999367190_61605877d4_b.jpg,Venomous,Monocled Cobra,NEAR,HIGH_CONFIDENCE_NEAR_DUPLICATE,validation/Venomous_Snake/5999367190_61605877d4_b.jpg,Venomous_Snake,VALIDATION,0,0,False
Venomous/Monocled Cobra/6932368146_4234cd3d9f.jpg,Venomous,Monocled Cobra,NEAR,HIGH_CONFIDENCE_NEAR_DUPLICATE,train/Venomous_Snake/6932368146_4234cd3d9f.jpg,Venomous_Snake,TRAIN,0,1,False
Venomous/Monocled Cobra/76b2c81cf6b8792d0c2b4436a7fc5a84--naja-cobra.jpg,Venomous,Monocled Cobra,NEAR,HIGH_CONFIDENCE_NEAR_DUPLICATE,train/Venomous_Snake/76b2c81cf6b8792d0c2b4436a7fc5a84--naja-cobra.jpg,Venomous_Snake,TRAIN,0,0,False
Venomous/Monocled Cobra/8414480140_d613fae255.jpg,Venomous,Monocled Cobra,NEAR,HIGH_CONFIDENCE_NEAR_DUPLICATE,train/Venomous_Snake/8414480140_d613fae255.jpg,Venomous_Snake,TRAIN,0,1,False
Venomous/Monocled Cobra/858129_1280x720.jpg,Venomous,Monocled Cobra,NEAR,HIGH_CONFIDENCE_NEAR_DUPLICATE,test/Venomous_Snake/858129_1280x720.jpg,Venomous_Snake,TEST,0,0,True
Venomous/Monocled Cobra/8715459340_933a36e959_b.jpg,Venomous,Monocled Cobra,NEAR,HIGH_CONFIDENCE_NEAR_DUPLICATE,train/Venomous_Snake/8715459340_933a36e959_b.jpg,Venomous_Snake,TRAIN,0,1,False
Venomous/Monocled Cobra/8738179607_bea478cd9a_b.jpg,Venomous,Monocled Cobra,NEAR,HIGH_CONFIDENCE_NEAR_DUPLICATE,train/Venomous_Snake/8738179607_bea478cd9a_b.jpg,Venomous_Snake,TRAIN,0,0,False
Venomous/Monocled Cobra/8739578045_185f4976d8.jpg,Venomous,Monocled Cobra,NEAR,HIGH_CONFIDENCE_NEAR_DUPLICATE,train/Venomous_Snake/8739578045_185f4976d8.jpg,Venomous_Snake,TRAIN,0,0,False
Venomous/Monocled Cobra/9.jpg,Venomous,Monocled Cobra,NEAR,HIGH_CONFIDENCE_NEAR_DUPLICATE,train/Venomous_Snake/9 (3).jpg,Venomous_Snake,TRAIN,0,0,False
Venomous/Monocled Cobra/9222.jpg,Venomous,Monocled Cobra,NEAR,HIGH_CONFIDENCE_NEAR_DUPLICATE,test/Venomous_Snake/9222.jpg,Venomous_Snake,TEST,0,0,True
Venomous/Monocled Cobra/9eb07e02004a8a7daa4e75dd0dade2a7.jpg,Venomous,Monocled Cobra,NEAR,HIGH_CONFIDENCE_NEAR_DUPLICATE,test/Venomous_Snake/9eb07e02004a8a7daa4e75dd0dade2a7.jpg,Venomous_Snake,TEST,0,0,True
Venomous/Monocled Cobra/a08d0f6688c8ba80cd343141241fe9b0--ular-creepy-things.jpg,Venomous,Monocled Cobra,NEAR,HIGH_CONFIDENCE_NEAR_DUPLICATE,train/Venomous_Snake/a08d0f6688c8ba80cd343141241fe9b0--ular-creepy-things.jpg,Venomous_Snake,TRAIN,0,0,False
Venomous/Monocled Cobra/albino-monocled-cobra-big.jpg,Venomous,Monocled Cobra,NEAR,HIGH_CONFIDENCE_NEAR_DUPLICATE,train/Venomous_Snake/albino-monocled-cobra-big.jpg,Venomous_Snake,TRAIN,0,1,False
Venomous/Monocled Cobra/albino-monocled-cobra-e1438557429780.jpg,Venomous,Monocled Cobra,NEAR,HIGH_CONFIDENCE_NEAR_DUPLICATE,train/Venomous_Snake/albino-monocled-cobra-e1438557429780.jpg,Venomous_Snake,TRAIN,0,1,False
Venomous/Monocled Cobra/albino-monocled-cobra-wallpaper-iphone-728x482.jpg,Venomous,Monocled Cobra,NEAR,HIGH_CONFIDENCE_NEAR_DUPLICATE,train/Venomous_Snake/albino-monocled-cobra-wallpaper-iphone-728x482.jpg,Venomous_Snake,TRAIN,0,0,False
Venomous/Monocled Cobra/Albino_Monocled_Cobra_Naja_kaouthia.jpg,Venomous,Monocled Cobra,NEAR,HIGH_CONFIDENCE_NEAR_DUPLICATE,train/Venomous_Snake/Albino_Monocled_Cobra_Naja_kaouthia.jpg,Venomous_Snake,TRAIN,0,0,False
Venomous/Monocled Cobra/albino_monocled_hood_by_8twilightangel8-d5r8lw4.jpg,Venomous,Monocled Cobra,NEAR,HIGH_CONFIDENCE_NEAR_DUPLICATE,validation/Venomous_Snake/albino_monocled_hood_by_8twilightangel8-d5r8lw4.jpg,Venomous_Snake,VALIDATION,2,0,False
Venomous/Monocled Cobra/babyhetalbinocobra.jpg,Venomous,Monocled Cobra,NEAR,HIGH_CONFIDENCE_NEAR_DUPLICATE,train/Venomous_Snake/babyhetalbinocobra.jpg,Venomous_Snake,TRAIN,0,0,False
Venomous/Monocled Cobra/babymonoclecobra.jpg,Venomous,Monocled Cobra,NEAR,HIGH_CONFIDENCE_NEAR_DUPLICATE,train/Venomous_Snake/babymonoclecobra.jpg,Venomous_Snake,TRAIN,0,0,False
Venomous/Monocled Cobra/babymonoclecobra2.jpg,Venomous,Monocled Cobra,NEAR,HIGH_CONFIDENCE_NEAR_DUPLICATE,train/Venomous_Snake/babymonoclecobra2.jpg,Venomous_Snake,TRAIN,0,0,False
Venomous/Monocled Cobra/babymonoclecobra3.jpg,Venomous,Monocled Cobra,NEAR,HIGH_CONFIDENCE_NEAR_DUPLICATE,train/Venomous_Snake/babymonoclecobra3.jpg,Venomous_Snake,TRAIN,0,0,False
Venomous/Monocled Cobra/babymonoclecobra4.jpg,Venomous,Monocled Cobra,NEAR,HIGH_CONFIDENCE_NEAR_DUPLICATE,train/Venomous_Snake/babymonoclecobra4.jpg,Venomous_Snake,TRAIN,0,0,False
Venomous/Monocled Cobra/babymonoclecobradoublehet2.jpg,Venomous,Monocled Cobra,NEAR,HIGH_CONFIDENCE_NEAR_DUPLICATE,train/Venomous_Snake/babymonoclecobradoublehet2.jpg,Venomous_Snake,TRAIN,0,0,False
Venomous/Monocled Cobra/bd75680b39e0ef57e78736ddc5fa34bd--reptiles-and-amphibians-forest-animals.jpg,Venomous,Monocled Cobra,NEAR,HIGH_CONFIDENCE_NEAR_DUPLICATE,train/Venomous_Snake/bd75680b39e0ef57e78736ddc5fa34bd--reptiles-and-amphibians-forest-animals.jpg,Venomous_Snake,TRAIN,0,0,False
Venomous/Monocled Cobra/bi5uo5ktrmbc1bcqqdrf.jpg,Venomous,Monocled Cobra,NEAR,HIGH_CONFIDENCE_NEAR_DUPLICATE,train/Venomous_Snake/bi5uo5ktrmbc1bcqqdrf.jpg,Venomous_Snake,TRAIN,0,0,False
Venomous/Monocled Cobra/Bred_to_Leucistic_hood_-_Copy.JPG,Venomous,Monocled Cobra,NEAR,HIGH_CONFIDENCE_NEAR_DUPLICATE,train/Venomous_Snake/Bred_to_Leucistic_hood_-_Copy.JPG,Venomous_Snake,TRAIN,0,0,False
Venomous/Monocled Cobra/BWMale2a.jpg,Venomous,Monocled Cobra,NEAR,HIGH_CONFIDENCE_NEAR_DUPLICATE,train/Venomous_Snake/BWMale2a.jpg,Venomous_Snake,TRAIN,0,0,False
Venomous/Monocled Cobra/C0066949-Monocled_Cobra_Naja_-SPL.jpg,Venomous,Monocled Cobra,NEAR,HIGH_CONFIDENCE_NEAR_DUPLICATE,validation/Venomous_Snake/C0066949-Monocled_Cobra_Naja_-SPL.jpg,Venomous_Snake,VALIDATION,2,0,False
Venomous/Monocled Cobra/c56c13f758d379f2a173dc607eb3fcce.jpg,Venomous,Monocled Cobra,NEAR,HIGH_CONFIDENCE_NEAR_DUPLICATE,train/Venomous_Snake/c56c13f758d379f2a173dc607eb3fcce.jpg,Venomous_Snake,TRAIN,0,0,False
Venomous/Monocled Cobra/cf2eaebcc9e44ed3880e835f32aaddce--cobra-snake-king-cobra.jpg,Venomous,Monocled Cobra,NEAR,HIGH_CONFIDENCE_NEAR_DUPLICATE,train/Venomous_Snake/cf2eaebcc9e44ed3880e835f32aaddce--cobra-snake-king-cobra.jpg,Venomous_Snake,TRAIN,0,0,False
Venomous/Monocled Cobra/Chinese Cobra.jpg,Venomous,Monocled Cobra,NEAR,HIGH_CONFIDENCE_NEAR_DUPLICATE,train/Venomous_Snake/Chinese Cobra.jpg,Venomous_Snake,TRAIN,0,0,False
Venomous/Monocled Cobra/close-up-of-monocled-cobra-naja-naja-in-field-a5yxg1.jpg,Venomous,Monocled Cobra,NEAR,HIGH_CONFIDENCE_NEAR_DUPLICATE,train/Venomous_Snake/close-up-of-monocled-cobra-naja-naja-in-field-a5yxg1.jpg,Venomous_Snake,TRAIN,0,1,False
Venomous/Monocled Cobra/cobra-looking-rat-monocled-naja-very-dangerous-food-67192387.jpg,Venomous,Monocled Cobra,NEAR,HIGH_CONFIDENCE_NEAR_DUPLICATE,train/Venomous_Snake/cobra-looking-rat-monocled-naja-very-dangerous-food-67192387.jpg,Venomous_Snake,TRAIN,0,1,False
Venomous/Monocled Cobra/Cobra-Monocled-7356-full.jpg,Venomous,Monocled Cobra,NEAR,HIGH_CONFIDENCE_NEAR_DUPLICATE,train/Venomous_Snake/Cobra-Monocled-7356-full.jpg,Venomous_Snake,TRAIN,0,0,False
Venomous/Monocled Cobra/cobra-monocled-naja-very-dangerous-looking-rat-food-67509736.jpg,Venomous,Monocled Cobra,NEAR,HIGH_CONFIDENCE_NEAR_DUPLICATE,train/Venomous_Snake/cobra-monocled-naja-very-dangerous-looking-rat-food-67509736.jpg,Venomous_Snake,TRAIN,2,0,False
Venomous/Monocled Cobra/cobra-monocled.jpg,Venomous,Monocled Cobra,NEAR,HIGH_CONFIDENCE_NEAR_DUPLICATE,train/Venomous_Snake/cobra-monocled.jpg,Venomous_Snake,TRAIN,0,2,False
Venomous/Monocled Cobra/cobra-twins.jpg,Venomous,Monocled Cobra,NEAR,HIGH_CONFIDENCE_NEAR_DUPLICATE,train/Venomous_Snake/cobra-twins.jpg,Venomous_Snake,TRAIN,0,1,False
Venomous/Monocled Cobra/cobra.jpg,Venomous,Monocled Cobra,NEAR,HIGH_CONFIDENCE_NEAR_DUPLICATE,train/Venomous_Snake/cobra.jpg,Venomous_Snake,TRAIN,0,0,False
Venomous/Monocled Cobra/cobra14n-1-web.jpg,Venomous,Monocled Cobra,NEAR,HIGH_CONFIDENCE_NEAR_DUPLICATE,validation/Venomous_Snake/cobra14n-1-web.jpg,Venomous_Snake,VALIDATION,0,1,False
Venomous/Monocled Cobra/cobra_monocled.jpg,Venomous,Monocled Cobra,NEAR,HIGH_CONFIDENCE_NEAR_DUPLICATE,train/Venomous_Snake/cobra_monocled.jpg,Venomous_Snake,TRAIN,0,0,False
Venomous/Monocled Cobra/detail-of-the-head-of-monocled-cobra-during-snake-show-in-bangkok-thailand_vruvptptg__S0000.jpg,Venomous,Monocled Cobra,NEAR,HIGH_CONFIDENCE_NEAR_DUPLICATE,train/Venomous_Snake/detail-of-the-head-of-monocled-cobra-during-snake-show-in-bangkok-thailand_vruvptptg__S0000.jpg,Venomous_Snake,TRAIN,0,0,False
Venomous/Monocled Cobra/DSC05913a-L.jpg,Venomous,Monocled Cobra,NEAR,HIGH_CONFIDENCE_NEAR_DUPLICATE,train/Venomous_Snake/DSC05913a-L.jpg,Venomous_Snake,TRAIN,0,0,False
Venomous/Monocled Cobra/DSC05915-L.jpg,Venomous,Monocled Cobra,NEAR,HIGH_CONFIDENCE_NEAR_DUPLICATE,train/Venomous_Snake/DSC05915-L.jpg,Venomous_Snake,TRAIN,2,0,False
Venomous/Monocled Cobra/DwJeRobtFhFY.jpg,Venomous,Monocled Cobra,NEAR,HIGH_CONFIDENCE_NEAR_DUPLICATE,validation/Venomous_Snake/DwJeRobtFhFY.jpg,Venomous_Snake,VALIDATION,0,0,False
Venomous/Monocled Cobra/eba4efd1c51d679b1ecf1710a29961c2--scary-snakes-cobra-snake.jpg,Venomous,Monocled Cobra,NEAR,HIGH_CONFIDENCE_NEAR_DUPLICATE,train/Venomous_Snake/eba4efd1c51d679b1ecf1710a29961c2--scary-snakes-cobra-snake.jpg,Venomous_Snake,TRAIN,0,0,False
Venomous/Monocled Cobra/Entrancing_Monocled_Cobra_1440x1080.jpg,Venomous,Monocled Cobra,NEAR,HIGH_CONFIDENCE_NEAR_DUPLICATE,train/Venomous_Snake/Entrancing_Monocled_Cobra_1440x1080.jpg,Venomous_Snake,TRAIN,0,0,False
Venomous/Monocled Cobra/f0854287300e4dbf29dfacce19f436b2.jpg,Venomous,Monocled Cobra,NEAR,HIGH_CONFIDENCE_NEAR_DUPLICATE,train/Venomous_Snake/f0854287300e4dbf29dfacce19f436b2.jpg,Venomous_Snake,TRAIN,0,0,False
Venomous/Monocled Cobra/hqdefault.jpg,Venomous,Monocled Cobra,NEAR,HIGH_CONFIDENCE_NEAR_DUPLICATE,train/Venomous_Snake/hqdefault (2).jpg,Venomous_Snake,TRAIN,0,1,False
Venomous/Monocled Cobra/hqdefault_005.jpg,Venomous,Monocled Cobra,NEAR,HIGH_CONFIDENCE_NEAR_DUPLICATE,train/Venomous_Snake/hqdefault_005.jpg,Venomous_Snake,TRAIN,0,1,False
Venomous/Monocled Cobra/img_09221.jpg,Venomous,Monocled Cobra,NEAR,HIGH_CONFIDENCE_NEAR_DUPLICATE,train/Venomous_Snake/img_09221.jpg,Venomous_Snake,TRAIN,0,0,False
Venomous/Monocled Cobra/img_09311.jpg,Venomous,Monocled Cobra,NEAR,HIGH_CONFIDENCE_NEAR_DUPLICATE,train/Venomous_Snake/img_09311.jpg,Venomous_Snake,TRAIN,2,0,False
Venomous/Monocled Cobra/jakob-lehner-monocled-cobra.jpg,Venomous,Monocled Cobra,NEAR,HIGH_CONFIDENCE_NEAR_DUPLICATE,validation/Venomous_Snake/jakob-lehner-monocled-cobra.jpg,Venomous_Snake,VALIDATION,0,0,False
Venomous/Monocled Cobra/Krabi_King_Cobra_Show_4.jpg,Venomous,Monocled Cobra,NEAR,HIGH_CONFIDENCE_NEAR_DUPLICATE,train/Venomous_Snake/Krabi_King_Cobra_Show_4.jpg,Venomous_Snake,TRAIN,0,0,False
Venomous/Monocled Cobra/Male_Sunset_pic1.jpg,Venomous,Monocled Cobra,NEAR,HIGH_CONFIDENCE_NEAR_DUPLICATE,train/Venomous_Snake/Male_Sunset_pic1.jpg,Venomous_Snake,TRAIN,0,0,False
Venomous/Monocled Cobra/maxresdefault.jpg,Venomous,Monocled Cobra,NEAR,HIGH_CONFIDENCE_NEAR_DUPLICATE,validation/Venomous_Snake/maxresdefault (2).jpg,Venomous_Snake,VALIDATION,2,0,False
Venomous/Monocled Cobra/maxresdefault_002.jpg,Venomous,Monocled Cobra,NEAR,HIGH_CONFIDENCE_NEAR_DUPLICATE,train/Venomous_Snake/maxresdefault_002 (2).jpg,Venomous_Snake,TRAIN,0,0,False
Venomous/Monocled Cobra/maxresdefault_005.jpg,Venomous,Monocled Cobra,NEAR,HIGH_CONFIDENCE_NEAR_DUPLICATE,train/Venomous_Snake/maxresdefault_005.jpg,Venomous_Snake,TRAIN,0,1,False
Venomous/Monocled Cobra/maxresdefault_010.jpg,Venomous,Monocled Cobra,NEAR,HIGH_CONFIDENCE_NEAR_DUPLICATE,validation/Venomous_Snake/maxresdefault_010.jpg,Venomous_Snake,VALIDATION,0,0,False
Venomous/Monocled Cobra/Monocled Cobra (back).jpg,Venomous,Monocled Cobra,NEAR,HIGH_CONFIDENCE_NEAR_DUPLICATE,train/Venomous_Snake/Monocled Cobra (back).jpg,Venomous_Snake,TRAIN,0,0,False
Venomous/Monocled Cobra/Monocled Cobra (front).jpg,Venomous,Monocled Cobra,NEAR,HIGH_CONFIDENCE_NEAR_DUPLICATE,train/Venomous_Snake/Monocled Cobra (front).jpg,Venomous_Snake,TRAIN,0,0,False
Venomous/Monocled Cobra/MONOCLED COBRA-Naja naja pisonous snake in India.jpg,Venomous,Monocled Cobra,NEAR,HIGH_CONFIDENCE_NEAR_DUPLICATE,train/Venomous_Snake/MONOCLED COBRA-Naja naja pisonous snake in India.jpg,Venomous_Snake,TRAIN,0,0,False
Venomous/Monocled Cobra/Monocled cobra.jpg,Venomous,Monocled Cobra,NEAR,HIGH_CONFIDENCE_NEAR_DUPLICATE,train/Venomous_Snake/Monocled cobra.jpg,Venomous_Snake,TRAIN,0,0,False
Venomous/Monocled Cobra/Monocled Cobra_001.jpg,Venomous,Monocled Cobra,NEAR,HIGH_CONFIDENCE_NEAR_DUPLICATE,train/Venomous_Snake/Monocled Cobra_001.jpg,Venomous_Snake,TRAIN,0,1,False
Venomous/Monocled Cobra/monocled-61.jpg,Venomous,Monocled Cobra,NEAR,HIGH_CONFIDENCE_NEAR_DUPLICATE,train/Venomous_Snake/monocled-61.jpg,Venomous_Snake,TRAIN,0,0,False
Venomous/Monocled Cobra/monocled-baby-cobra3.jpg,Venomous,Monocled Cobra,NEAR,HIGH_CONFIDENCE_NEAR_DUPLICATE,train/Venomous_Snake/monocled-baby-cobra3.jpg,Venomous_Snake,TRAIN,0,0,False
Venomous/Monocled Cobra/Monocled-Cobra-1-1.jpg,Venomous,Monocled Cobra,NEAR,HIGH_CONFIDENCE_NEAR_DUPLICATE,train/Venomous_Snake/Monocled-Cobra-1-1.jpg,Venomous_Snake,TRAIN,0,0,False
Venomous/Monocled Cobra/monocled-cobra-back_1.jpg,Venomous,Monocled Cobra,NEAR,HIGH_CONFIDENCE_NEAR_DUPLICATE,train/Venomous_Snake/monocled-cobra-back_1.jpg,Venomous_Snake,TRAIN,0,1,False
Venomous/Monocled Cobra/monocled-cobra-naja-kaouthia-dr22tj.jpg,Venomous,Monocled Cobra,NEAR,HIGH_CONFIDENCE_NEAR_DUPLICATE,validation/Venomous_Snake/monocled-cobra-naja-kaouthia-dr22tj.jpg,Venomous_Snake,VALIDATION,0,0,False
Venomous/Monocled Cobra/monocled-cobra-naja-kaouthia-portrait-armx60.jpg,Venomous,Monocled Cobra,NEAR,HIGH_CONFIDENCE_NEAR_DUPLICATE,train/Venomous_Snake/monocled-cobra-naja-kaouthia-portrait-armx60.jpg,Venomous_Snake,TRAIN,0,0,False
Venomous/Monocled Cobra/monocled-cobra-naja-kaouthia-venomous-common-eaglenest-arunachal-pradesh-B39GW0.jpg,Venomous,Monocled Cobra,NEAR,HIGH_CONFIDENCE_NEAR_DUPLICATE,train/Venomous_Snake/monocled-cobra-naja-kaouthia-venomous-common-eaglenest-arunachal-pradesh-B39GW0.jpg,Venomous_Snake,TRAIN,2,1,False
Venomous/Monocled Cobra/monocled-cobra-naja-kaouthia-venomous-common-eaglenest-arunachal-pradesh-B39H7Y.jpg,Venomous,Monocled Cobra,NEAR,HIGH_CONFIDENCE_NEAR_DUPLICATE,train/Venomous_Snake/monocled-cobra-naja-kaouthia-venomous-common-eaglenest-arunachal-pradesh-B39H7Y.jpg,Venomous_Snake,TRAIN,0,0,False
Venomous/Monocled Cobra/monocled-cobra-naja-kaouthia-venomous-common-eaglenest-arunachal-pradesh-b39h8h.jpg,Venomous,Monocled Cobra,NEAR,HIGH_CONFIDENCE_NEAR_DUPLICATE,train/Venomous_Snake/monocled-cobra-naja-kaouthia-venomous-common-eaglenest-arunachal-pradesh-b39h8h.jpg,Venomous_Snake,TRAIN,0,0,False
Venomous/Monocled Cobra/monocled-cobra-naja-naja-kaouthia-native-to-south-eastern-asia-a7yf0g.jpg,Venomous,Monocled Cobra,NEAR,HIGH_CONFIDENCE_NEAR_DUPLICATE,train/Venomous_Snake/monocled-cobra-naja-naja-kaouthia-native-to-south-eastern-asia-a7yf0g.jpg,Venomous_Snake,TRAIN,0,0,False
Venomous/Monocled Cobra/monocled-cobra-naja-naja-kaouthis-albino-rearing-thailand-a3p8jp.jpg,Venomous,Monocled Cobra,NEAR,HIGH_CONFIDENCE_NEAR_DUPLICATE,train/Venomous_Snake/monocled-cobra-naja-naja-kaouthis-albino-rearing-thailand-a3p8jp.jpg,Venomous_Snake,TRAIN,0,0,False
Venomous/Monocled Cobra/monocled-cobra-naja-naja-kaouthis-albino-rearing-thailand-a3p8kj.jpg,Venomous,Monocled Cobra,NEAR,HIGH_CONFIDENCE_NEAR_DUPLICATE,train/Venomous_Snake/monocled-cobra-naja-naja-kaouthis-albino-rearing-thailand-a3p8kj.jpg,Venomous_Snake,TRAIN,2,0,False
Venomous/Monocled Cobra/monocled-cobra-snake-death_85876_ver1.0_1280_720.jpg,Venomous,Monocled Cobra,NEAR,HIGH_CONFIDENCE_NEAR_DUPLICATE,validation/Venomous_Snake/monocled-cobra-snake-death_85876_ver1.0_1280_720.jpg,Venomous_Snake,VALIDATION,0,0,False
Venomous/Monocled Cobra/monocled-cobra.jpg,Venomous,Monocled Cobra,NEAR,HIGH_CONFIDENCE_NEAR_DUPLICATE,train/Venomous_Snake/monocled-cobra.jpg,Venomous_Snake,TRAIN,0,1,False
Venomous/Monocled Cobra/monocled-cobra_001.jpg,Venomous,Monocled Cobra,NEAR,HIGH_CONFIDENCE_NEAR_DUPLICATE,train/Venomous_Snake/monocled-cobra_001.jpg,Venomous_Snake,TRAIN,0,0,False
Venomous/Monocled Cobra/Monocled-Cobras.jpg,Venomous,Monocled Cobra,NEAR,HIGH_CONFIDENCE_NEAR_DUPLICATE,train/Venomous_Snake/Monocled-Cobras.jpg,Venomous_Snake,TRAIN,0,0,False
Venomous/Monocled Cobra/Monocled-Cobras.jpg-nggid0256-ngg0dyn-286x300x100-00f0w010c011r110f110r010t010.jpg,Venomous,Monocled Cobra,NEAR,HIGH_CONFIDENCE_NEAR_DUPLICATE,train/Venomous_Snake/Monocled-Cobras.jpg-nggid0256-ngg0dyn-286x300x100-00f0w010c011r110f110r010t010.jpg,Venomous_Snake,TRAIN,0,2,False
Venomous/Monocled Cobra/Monocled-Cobras_001.jpg,Venomous,Monocled Cobra,NEAR,HIGH_CONFIDENCE_NEAR_DUPLICATE,train/Venomous_Snake/Monocled-Cobras_001.jpg,Venomous_Snake,TRAIN,0,1,False
Venomous/Monocled Cobra/Monocled_Cobra.jpg,Venomous,Monocled Cobra,NEAR,HIGH_CONFIDENCE_NEAR_DUPLICATE,train/Venomous_Snake/Monocled_Cobra.jpg,Venomous_Snake,TRAIN,0,0,False
Venomous/Monocled Cobra/Monocled_Cobra00.jpg,Venomous,Monocled Cobra,NEAR,HIGH_CONFIDENCE_NEAR_DUPLICATE,validation/Venomous_Snake/Monocled_Cobra00.jpg,Venomous_Snake,VALIDATION,0,0,False
Venomous/Monocled Cobra/Monocled_Cobra2.jpg,Venomous,Monocled Cobra,NEAR,HIGH_CONFIDENCE_NEAR_DUPLICATE,train/Venomous_Snake/Monocled_Cobra2.jpg,Venomous_Snake,TRAIN,0,0,False
Venomous/Monocled Cobra/Monocled_Cobra_-Naja_kaouthia_-_In_Bangladesh_600.jpg,Venomous,Monocled Cobra,NEAR,HIGH_CONFIDENCE_NEAR_DUPLICATE,validation/Venomous_Snake/Monocled_Cobra_-Naja_kaouthia_-_In_Bangladesh_600.jpg,Venomous_Snake,VALIDATION,0,0,False
Venomous/Monocled Cobra/Monocled_Cobra_3.jpg,Venomous,Monocled Cobra,NEAR,HIGH_CONFIDENCE_NEAR_DUPLICATE,train/Venomous_Snake/Monocled_Cobra_3.jpg,Venomous_Snake,TRAIN,0,0,False
Venomous/Monocled Cobra/monocledcobra.jpg,Venomous,Monocled Cobra,NEAR,HIGH_CONFIDENCE_NEAR_DUPLICATE,train/Venomous_Snake/monocledcobra.jpg,Venomous_Snake,TRAIN,0,0,False
Venomous/Monocled Cobra/naja-kaouthia-back.jpg,Venomous,Monocled Cobra,NEAR,HIGH_CONFIDENCE_NEAR_DUPLICATE,train/Venomous_Snake/naja-kaouthia-back.jpg,Venomous_Snake,TRAIN,0,0,False
Venomous/Monocled Cobra/naja-kaouthia-monocled-cobra-dr26h2.jpg,Venomous,Monocled Cobra,NEAR,HIGH_CONFIDENCE_NEAR_DUPLICATE,train/Venomous_Snake/naja-kaouthia-monocled-cobra-dr26h2.jpg,Venomous_Snake,TRAIN,0,0,False
Venomous/Monocled Cobra/naja-kaouthia-monocled-cobra-DV-02-15-3.jpg,Venomous,Monocled Cobra,NEAR,HIGH_CONFIDENCE_NEAR_DUPLICATE,train/Venomous_Snake/naja-kaouthia-monocled-cobra-DV-02-15-3.jpg,Venomous_Snake,TRAIN,0,0,False
Venomous/Monocled Cobra/naja-kaouthia-monocled-cobra-kuiburi-800x600.jpg,Venomous,Monocled Cobra,NEAR,HIGH_CONFIDENCE_NEAR_DUPLICATE,train/Venomous_Snake/naja-kaouthia-monocled-cobra-kuiburi-800x600.jpg,Venomous_Snake,TRAIN,0,1,False
Venomous/Monocled Cobra/naja-kaouthia-monocled-cobra-kuiburi-800x600_001.jpg,Venomous,Monocled Cobra,NEAR,HIGH_CONFIDENCE_NEAR_DUPLICATE,train/Venomous_Snake/naja-kaouthia-monocled-cobra-kuiburi-800x600_001.jpg,Venomous_Snake,TRAIN,2,0,False
Venomous/Monocled Cobra/naja-kaouthia-monocled-cobra-kuiburi-800x600_002.jpg,Venomous,Monocled Cobra,NEAR,HIGH_CONFIDENCE_NEAR_DUPLICATE,train/Venomous_Snake/naja-kaouthia-monocled-cobra-kuiburi-800x600_002.jpg,Venomous_Snake,TRAIN,0,0,False
Venomous/Monocled Cobra/naja-kaouthia-monocled-cobras-randy-ciuros.jpg,Venomous,Monocled Cobra,NEAR,HIGH_CONFIDENCE_NEAR_DUPLICATE,train/Venomous_Snake/naja-kaouthia-monocled-cobras-randy-ciuros.jpg,Venomous_Snake,TRAIN,2,0,False
Venomous/Monocled Cobra/naja-top.jpg,Venomous,Monocled Cobra,NEAR,HIGH_CONFIDENCE_NEAR_DUPLICATE,validation/Venomous_Snake/naja-top.jpg,Venomous_Snake,VALIDATION,0,0,False
Venomous/Monocled Cobra/Naja_kaouthia.jpg,Venomous,Monocled Cobra,NEAR,HIGH_CONFIDENCE_NEAR_DUPLICATE,train/Venomous_Snake/Naja_kaouthia.jpg,Venomous_Snake,TRAIN,0,0,False
Venomous/Monocled Cobra/NajaKaouthia.jpg,Venomous,Monocled Cobra,NEAR,HIGH_CONFIDENCE_NEAR_DUPLICATE,validation/Venomous_Snake/NajaKaouthia.jpg,Venomous_Snake,VALIDATION,0,0,False
Venomous/Monocled Cobra/original.jpg,Venomous,Monocled Cobra,NEAR,HIGH_CONFIDENCE_NEAR_DUPLICATE,train/Venomous_Snake/original.jpg,Venomous_Snake,TRAIN,0,1,False
Venomous/Monocled Cobra/P1000433.JPG,Venomous,Monocled Cobra,NEAR,HIGH_CONFIDENCE_NEAR_DUPLICATE,train/Venomous_Snake/P1000433.JPG,Venomous_Snake,TRAIN,0,0,False
Venomous/Monocled Cobra/P1030202.jpg,Venomous,Monocled Cobra,NEAR,HIGH_CONFIDENCE_NEAR_DUPLICATE,train/Venomous_Snake/P1030202.jpg,Venomous_Snake,TRAIN,0,0,False
Venomous/Monocled Cobra/People-Group-Monocled-Cobra-on-display-0029.jpg,Venomous,Monocled Cobra,NEAR,HIGH_CONFIDENCE_NEAR_DUPLICATE,train/Venomous_Snake/People-Group-Monocled-Cobra-on-display-0029.jpg,Venomous_Snake,TRAIN,2,0,False
Venomous/Monocled Cobra/Piebald1.jpg,Venomous,Monocled Cobra,NEAR,HIGH_CONFIDENCE_NEAR_DUPLICATE,train/Venomous_Snake/Piebald1.jpg,Venomous_Snake,TRAIN,0,1,False
Venomous/Monocled Cobra/snak21.jpg,Venomous,Monocled Cobra,NEAR,HIGH_CONFIDENCE_NEAR_DUPLICATE,train/Venomous_Snake/snak21.jpg,Venomous_Snake,TRAIN,0,0,False
Venomous/Monocled Cobra/stock-photo-monocle-cobra-36770869.jpg,Venomous,Monocled Cobra,NEAR,HIGH_CONFIDENCE_NEAR_DUPLICATE,train/Venomous_Snake/stock-photo-monocle-cobra-36770869.jpg,Venomous_Snake,TRAIN,2,0,False
Venomous/Monocled Cobra/stock-photo-monocle-cobra-83440318.jpg,Venomous,Monocled Cobra,NEAR,HIGH_CONFIDENCE_NEAR_DUPLICATE,train/Venomous_Snake/stock-photo-monocle-cobra-83440318.jpg,Venomous_Snake,TRAIN,0,0,False
Venomous/Monocled Cobra/stock-photo-the-monocled-cobra-also-called-monocellate-cobra-is-a-cobra-species-widespread-across-south-and-658718986.jpg,Venomous,Monocled Cobra,NEAR,HIGH_CONFIDENCE_NEAR_DUPLICATE,train/Venomous_Snake/stock-photo-the-monocled-cobra-also-called-monocellate-cobra-is-a-cobra-species-widespread-across-south-and-658718986.jpg,Venomous_Snake,TRAIN,0,1,False
Venomous/Monocled Cobra/stock-photo-the-monocled-cobra-naja-kaouthia-also-called-monocellate-cobra-602177225.jpg,Venomous,Monocled Cobra,NEAR,HIGH_CONFIDENCE_NEAR_DUPLICATE,train/Venomous_Snake/stock-photo-the-monocled-cobra-naja-kaouthia-also-called-monocellate-cobra-602177225.jpg,Venomous_Snake,TRAIN,0,0,False
Venomous/Monocled Cobra/stock-photo-the-monocled-cobra-naja-kaouthia-also-called-monocellate-cobra-is-a-cobra-species-widespread-647998777.jpg,Venomous,Monocled Cobra,NEAR,HIGH_CONFIDENCE_NEAR_DUPLICATE,train/Venomous_Snake/stock-photo-the-monocled-cobra-naja-kaouthia-also-called-monocellate-cobra-is-a-cobra-species-widespread-647998777.jpg,Venomous_Snake,TRAIN,0,0,False
Venomous/Monocled Cobra/suphan-phase-monocled.jpg,Venomous,Monocled Cobra,NEAR,HIGH_CONFIDENCE_NEAR_DUPLICATE,train/Venomous_Snake/suphan-phase-monocled.jpg,Venomous_Snake,TRAIN,0,0,False
Venomous/Monocled Cobra/texas-teen-suicide-snakebite.jpg,Venomous,Monocled Cobra,NEAR,HIGH_CONFIDENCE_NEAR_DUPLICATE,train/Venomous_Snake/texas-teen-suicide-snakebite.jpg,Venomous_Snake,TRAIN,0,0,False
Venomous/Monocled Cobra/Thai05M4Bild06MscC400.jpg,Venomous,Monocled Cobra,NEAR,HIGH_CONFIDENCE_NEAR_DUPLICATE,train/Venomous_Snake/Thai05M4Bild06MscC400.jpg,Venomous_Snake,TRAIN,0,0,False
Venomous/Monocled Cobra/toz13182l.jpg,Venomous,Monocled Cobra,NEAR,HIGH_CONFIDENCE_NEAR_DUPLICATE,train/Venomous_Snake/toz13182l.jpg,Venomous_Snake,TRAIN,0,0,False
Venomous/Monocled Cobra/toz13183l.jpg,Venomous,Monocled Cobra,NEAR,HIGH_CONFIDENCE_NEAR_DUPLICATE,train/Venomous_Snake/toz13183l.jpg,Venomous_Snake,TRAIN,0,0,False
Venomous/Monocled Cobra/toz16925l.jpg,Venomous,Monocled Cobra,NEAR,HIGH_CONFIDENCE_NEAR_DUPLICATE,train/Venomous_Snake/toz16925l.jpg,Venomous_Snake,TRAIN,0,0,False
Venomous/Monocled Cobra/tumblr_inline_n5ssgeNsfl1sgqxtf.jpg,Venomous,Monocled Cobra,NEAR,HIGH_CONFIDENCE_NEAR_DUPLICATE,train/Venomous_Snake/tumblr_inline_n5ssgeNsfl1sgqxtf.jpg,Venomous_Snake,TRAIN,2,0,False
Venomous/Russell's Viper/00483026.jpg,Venomous,Russell's Viper,NEAR,HIGH_CONFIDENCE_NEAR_DUPLICATE,train/Venomous_Snake/00483026.jpg,Venomous_Snake,TRAIN,0,0,False
Venomous/Russell's Viper/00550436.jpg,Venomous,Russell's Viper,NEAR,HIGH_CONFIDENCE_NEAR_DUPLICATE,train/Venomous_Snake/00550436.jpg,Venomous_Snake,TRAIN,0,0,False
Venomous/Russell's Viper/00550437.jpg,Venomous,Russell's Viper,NEAR,HIGH_CONFIDENCE_NEAR_DUPLICATE,train/Venomous_Snake/00550437.jpg,Venomous_Snake,TRAIN,0,0,False
Venomous/Russell's Viper/00550438.jpg,Venomous,Russell's Viper,NEAR,HIGH_CONFIDENCE_NEAR_DUPLICATE,test/Venomous_Snake/00550438.jpg,Venomous_Snake,TEST,0,2,True
Venomous/Russell's Viper/01AS-N31E.jpg,Venomous,Russell's Viper,NEAR,HIGH_CONFIDENCE_NEAR_DUPLICATE,train/Venomous_Snake/01AS-N31E.jpg,Venomous_Snake,TRAIN,0,0,False
Venomous/Russell's Viper/01AS-N8UP.jpg,Venomous,Russell's Viper,NEAR,HIGH_CONFIDENCE_NEAR_DUPLICATE,train/Venomous_Snake/01AS-N8UP.jpg,Venomous_Snake,TRAIN,0,0,False
Venomous/Russell's Viper/01AS-N8UQ.jpg,Venomous,Russell's Viper,NEAR,HIGH_CONFIDENCE_NEAR_DUPLICATE,train/Venomous_Snake/01AS-N8UQ.jpg,Venomous_Snake,TRAIN,2,0,False
Venomous/Russell's Viper/01AS-QYGA.jpg,Venomous,Russell's Viper,NEAR,HIGH_CONFIDENCE_NEAR_DUPLICATE,test/Venomous_Snake/01AS-QYGA.jpg,Venomous_Snake,TEST,0,0,True
Venomous/Russell's Viper/0390.jpeg,Venomous,Russell's Viper,NEAR,HIGH_CONFIDENCE_NEAR_DUPLICATE,test/Venomous_Snake/0390.jpg,Venomous_Snake,TEST,0,2,True
Venomous/Russell's Viper/0499.jpeg,Venomous,Russell's Viper,NEAR,HIGH_CONFIDENCE_NEAR_DUPLICATE,test/Venomous_Snake/0499.jpg,Venomous_Snake,TEST,2,1,True
Venomous/Russell's Viper/08JulPykke02 viper.ART_G835841D7.1+09THRUSSELL_VIPER_2.jpg,Venomous,Russell's Viper,NEAR,HIGH_CONFIDENCE_NEAR_DUPLICATE,test/Venomous_Snake/08JulPykke02 viper.ART_G835841D7.1+09THRUSSELL_VIPER_2.jpg,Venomous_Snake,TEST,0,0,True
Venomous/Russell's Viper/1.jpg,Venomous,Russell's Viper,NEAR,HIGH_CONFIDENCE_NEAR_DUPLICATE,test/Venomous_Snake/1 (3).jpg,Venomous_Snake,TEST,0,0,True
Venomous/Russell's Viper/1124russviper001.JPG,Venomous,Russell's Viper,NEAR,HIGH_CONFIDENCE_NEAR_DUPLICATE,test/Venomous_Snake/1124russviper001.JPG,Venomous_Snake,TEST,2,0,True
Venomous/Russell's Viper/1232377184_b7561e0e4a_b.jpg,Venomous,Russell's Viper,NEAR,HIGH_CONFIDENCE_NEAR_DUPLICATE,train/Venomous_Snake/1232377184_b7561e0e4a_b.jpg,Venomous_Snake,TRAIN,0,1,False
Venomous/Russell's Viper/1438850877IMG_0479.JPG,Venomous,Russell's Viper,NEAR,HIGH_CONFIDENCE_NEAR_DUPLICATE,train/Venomous_Snake/1438850877IMG_0479.JPG,Venomous_Snake,TRAIN,0,0,False
Venomous/Russell's Viper/1438850878p-17.jpg,Venomous,Russell's Viper,NEAR,HIGH_CONFIDENCE_NEAR_DUPLICATE,train/Venomous_Snake/1438850878p-17.jpg,Venomous_Snake,TRAIN,0,0,False
Venomous/Russell's Viper/15214744307_0f954327e5_b.jpg,Venomous,Russell's Viper,NEAR,HIGH_CONFIDENCE_NEAR_DUPLICATE,train/Venomous_Snake/15214744307_0f954327e5_b.jpg,Venomous_Snake,TRAIN,2,0,False
Venomous/Russell's Viper/16121579037_bd92bd8404_b.jpg,Venomous,Russell's Viper,NEAR,HIGH_CONFIDENCE_NEAR_DUPLICATE,train/Venomous_Snake/16121579037_bd92bd8404_b.jpg,Venomous_Snake,TRAIN,0,0,False
Venomous/Russell's Viper/16964068388_c1afa0ed14.jpg,Venomous,Russell's Viper,NEAR,HIGH_CONFIDENCE_NEAR_DUPLICATE,train/Venomous_Snake/16964068388_c1afa0ed14.jpg,Venomous_Snake,TRAIN,0,0,False
Venomous/Russell's Viper/2.jpg,Venomous,Russell's Viper,NEAR,HIGH_CONFIDENCE_NEAR_DUPLICATE,test/Venomous_Snake/2 (2).jpg,Venomous_Snake,TEST,0,0,True
Venomous/Russell's Viper/20090613_Daboia_russelii_Russells_Viper_Kettenviper_Pune.jpg,Venomous,Russell's Viper,NEAR,HIGH_CONFIDENCE_NEAR_DUPLICATE,test/Venomous_Snake/20090613_Daboia_russelii_Russells_Viper_Kettenviper_Pune.jpg,Venomous_Snake,TEST,0,0,True
Venomous/Russell's Viper/20839492034_f052077617.jpg,Venomous,Russell's Viper,NEAR,HIGH_CONFIDENCE_NEAR_DUPLICATE,train/Venomous_Snake/20839492034_f052077617.jpg,Venomous_Snake,TRAIN,0,0,False
Venomous/Russell's Viper/20855503-Adult-Russell-s-Viper-Daboia-russelii-Tamil-Nadu-South-India-Stock-Photo.jpg,Venomous,Russell's Viper,NEAR,HIGH_CONFIDENCE_NEAR_DUPLICATE,test/Venomous_Snake/20855503-Adult-Russell-s-Viper-Daboia-russelii-Tamil-Nadu-South-India-Stock-Photo.jpg,Venomous_Snake,TEST,0,0,True
Venomous/Russell's Viper/20855505-Camouflage-pattern-on-adult-Russell-s-Viper-Daboia-russelii-Tamil-Nadu-South-India-Stock-Photo.jpg,Venomous,Russell's Viper,NEAR,HIGH_CONFIDENCE_NEAR_DUPLICATE,test/Venomous_Snake/20855505-Camouflage-pattern-on-adult-Russell-s-Viper-Daboia-russelii-Tamil-Nadu-South-India-Stock-Photo.jpg,Venomous_Snake,TEST,0,0,True
Venomous/Russell's Viper/2103365373_25acae0a08.jpg,Venomous,Russell's Viper,NEAR,HIGH_CONFIDENCE_NEAR_DUPLICATE,train/Venomous_Snake/2103365373_25acae0a08.jpg,Venomous_Snake,TRAIN,0,0,False
Venomous/Russell's Viper/220px-Russells_viper_in_pune_zoo.jpg,Venomous,Russell's Viper,NEAR,HIGH_CONFIDENCE_NEAR_DUPLICATE,test/Venomous_Snake/220px-Russells_viper_in_pune_zoo.jpg,Venomous_Snake,TEST,0,0,True
Venomous/Russell's Viper/221163-russell-s-viper.jpg,Venomous,Russell's Viper,NEAR,HIGH_CONFIDENCE_NEAR_DUPLICATE,train/Venomous_Snake/221163-russell-s-viper.jpg,Venomous_Snake,TRAIN,0,1,False
Venomous/Russell's Viper/23498842244_3e5d4cfab6.jpg,Venomous,Russell's Viper,NEAR,HIGH_CONFIDENCE_NEAR_DUPLICATE,train/Venomous_Snake/23498842244_3e5d4cfab6.jpg,Venomous_Snake,TRAIN,0,1,False
Venomous/Russell's Viper/24166458841_50d7cf228b_b.jpg,Venomous,Russell's Viper,NEAR,HIGH_CONFIDENCE_NEAR_DUPLICATE,train/Venomous_Snake/24166458841_50d7cf228b_b.jpg,Venomous_Snake,TRAIN,0,0,False
Venomous/Russell's Viper/3.jpg,Venomous,Russell's Viper,NEAR,HIGH_CONFIDENCE_NEAR_DUPLICATE,test/Venomous_Snake/3 (2).jpg,Venomous_Snake,TEST,0,0,True
Venomous/Russell's Viper/30.jpg,Venomous,Russell's Viper,NEAR,HIGH_CONFIDENCE_NEAR_DUPLICATE,test/Venomous_Snake/30 (2).jpg,Venomous_Snake,TEST,0,0,True
Venomous/Russell's Viper/31 copy.jpg,Venomous,Russell's Viper,NEAR,HIGH_CONFIDENCE_NEAR_DUPLICATE,test/Venomous_Snake/31 copy.jpg,Venomous_Snake,TEST,0,0,True
Venomous/Russell's Viper/371843609_0ed582491a.jpg,Venomous,Russell's Viper,NEAR,HIGH_CONFIDENCE_NEAR_DUPLICATE,train/Venomous_Snake/371843609_0ed582491a.jpg,Venomous_Snake,TRAIN,2,0,False
Venomous/Russell's Viper/4179-39698.jpg,Venomous,Russell's Viper,NEAR,HIGH_CONFIDENCE_NEAR_DUPLICATE,test/Venomous_Snake/4179-39698.jpg,Venomous_Snake,TEST,0,1,True
Venomous/Russell's Viper/4975186.jpg,Venomous,Russell's Viper,NEAR,HIGH_CONFIDENCE_NEAR_DUPLICATE,test/Venomous_Snake/4975186.jpg,Venomous_Snake,TEST,0,0,True
Venomous/Russell's Viper/50654.jpg,Venomous,Russell's Viper,NEAR,HIGH_CONFIDENCE_NEAR_DUPLICATE,train/Venomous_Snake/50654.jpg,Venomous_Snake,TRAIN,0,2,False
Venomous/Russell's Viper/5101695344_48fe2388e9_b.jpg,Venomous,Russell's Viper,NEAR,HIGH_CONFIDENCE_NEAR_DUPLICATE,train/Venomous_Snake/5101695344_48fe2388e9_b.jpg,Venomous_Snake,TRAIN,0,0,False
Venomous/Russell's Viper/5140650546_698c8b9dc9_b.jpg,Venomous,Russell's Viper,NEAR,HIGH_CONFIDENCE_NEAR_DUPLICATE,train/Venomous_Snake/5140650546_698c8b9dc9_b.jpg,Venomous_Snake,TRAIN,0,1,False
Venomous/Russell's Viper/51523Bild_354.jpg,Venomous,Russell's Viper,NEAR,HIGH_CONFIDENCE_NEAR_DUPLICATE,train/Venomous_Snake/51523Bild_354.jpg,Venomous_Snake,TRAIN,0,1,False
Venomous/Russell's Viper/5207091.jpg,Venomous,Russell's Viper,NEAR,HIGH_CONFIDENCE_NEAR_DUPLICATE,test/Venomous_Snake/5207091.jpg,Venomous_Snake,TEST,0,0,True
Venomous/Russell's Viper/5384077d7fe23.jpg,Venomous,Russell's Viper,NEAR,HIGH_CONFIDENCE_NEAR_DUPLICATE,test/Venomous_Snake/5384077d7fe23.jpg,Venomous_Snake,TEST,0,0,True
Venomous/Russell's Viper/5384096bcdfba.jpg,Venomous,Russell's Viper,NEAR,HIGH_CONFIDENCE_NEAR_DUPLICATE,test/Venomous_Snake/5384096bcdfba.jpg,Venomous_Snake,TEST,0,0,True
Venomous/Russell's Viper/5384096bea0ed.jpg,Venomous,Russell's Viper,NEAR,HIGH_CONFIDENCE_NEAR_DUPLICATE,test/Venomous_Snake/5384096bea0ed.jpg,Venomous_Snake,TEST,0,0,True
Venomous/Russell's Viper/5384096c1c063.jpg,Venomous,Russell's Viper,NEAR,HIGH_CONFIDENCE_NEAR_DUPLICATE,test/Venomous_Snake/5384096c1c063.jpg,Venomous_Snake,TEST,0,0,True
Venomous/Russell's Viper/5419812_orig.jpg,Venomous,Russell's Viper,NEAR,HIGH_CONFIDENCE_NEAR_DUPLICATE,test/Venomous_Snake/5419812_orig.jpg,Venomous_Snake,TEST,0,0,True
Venomous/Russell's Viper/6096504998_19989dc810_z.jpg,Venomous,Russell's Viper,NEAR,HIGH_CONFIDENCE_NEAR_DUPLICATE,train/Venomous_Snake/6096504998_19989dc810_z.jpg,Venomous_Snake,TRAIN,0,0,False
Venomous/Russell's Viper/621cc2e9123ff3733add9cf51d374c1c--top-five-hady.jpg,Venomous,Russell's Viper,NEAR,HIGH_CONFIDENCE_NEAR_DUPLICATE,test/Venomous_Snake/621cc2e9123ff3733add9cf51d374c1c--top-five-hady.jpg,Venomous_Snake,TEST,0,0,True
Venomous/Russell's Viper/7417839_orig.jpg,Venomous,Russell's Viper,NEAR,HIGH_CONFIDENCE_NEAR_DUPLICATE,test/Venomous_Snake/7417839_orig.jpg,Venomous_Snake,TEST,0,0,True
Venomous/Russell's Viper/8fa72038962b6df573adbdd40eb3bdea.jpg,Venomous,Russell's Viper,NEAR,HIGH_CONFIDENCE_NEAR_DUPLICATE,test/Venomous_Snake/8fa72038962b6df573adbdd40eb3bdea.jpg,Venomous_Snake,TEST,2,0,True
Venomous/Russell's Viper/900-464852747-russells-viper.jpg,Venomous,Russell's Viper,NEAR,HIGH_CONFIDENCE_NEAR_DUPLICATE,test/Venomous_Snake/900-464852747-russells-viper.jpg,Venomous_Snake,TEST,0,0,True
Venomous/Russell's Viper/90355786.jpg,Venomous,Russell's Viper,NEAR,HIGH_CONFIDENCE_NEAR_DUPLICATE,train/Venomous_Snake/90355786.jpg,Venomous_Snake,TRAIN,2,0,False
Venomous/Russell's Viper/a.JPG,Venomous,Russell's Viper,NEAR,HIGH_CONFIDENCE_NEAR_DUPLICATE,train/Venomous_Snake/a.JPG,Venomous_Snake,TRAIN,0,0,False
Venomous/Russell's Viper/aaa.JPG,Venomous,Russell's Viper,NEAR,HIGH_CONFIDENCE_NEAR_DUPLICATE,train/Venomous_Snake/aaa.JPG,Venomous_Snake,TRAIN,0,0,False
Venomous/Russell's Viper/aaaa.JPG,Venomous,Russell's Viper,NEAR,HIGH_CONFIDENCE_NEAR_DUPLICATE,train/Venomous_Snake/aaaa.JPG,Venomous_Snake,TRAIN,2,0,False
Venomous/Russell's Viper/cbc8f79baa7ed6c6004000dc68f1d8b4.jpg,Venomous,Russell's Viper,NEAR,HIGH_CONFIDENCE_NEAR_DUPLICATE,train/Venomous_Snake/cbc8f79baa7ed6c6004000dc68f1d8b4.jpg,Venomous_Snake,TRAIN,0,0,False
Venomous/Russell's Viper/D8B_8271_Daboia_siamensis_Sa_Keao9x16-300x169.jpg,Venomous,Russell's Viper,NEAR,HIGH_CONFIDENCE_NEAR_DUPLICATE,train/Venomous_Snake/D8B_8271_Daboia_siamensis_Sa_Keao9x16-300x169.jpg,Venomous_Snake,TRAIN,0,0,False
Venomous/Russell's Viper/D8B_8356_Daboia_Siamensis_Sa_Keao-720x340.jpg,Venomous,Russell's Viper,NEAR,HIGH_CONFIDENCE_NEAR_DUPLICATE,train/Venomous_Snake/D8B_8356_Daboia_Siamensis_Sa_Keao-720x340.jpg,Venomous_Snake,TRAIN,0,1,False
Venomous/Russell's Viper/daboia russelli copy.jpg,Venomous,Russell's Viper,NEAR,HIGH_CONFIDENCE_NEAR_DUPLICATE,train/Venomous_Snake/daboia russelli copy.jpg,Venomous_Snake,TRAIN,0,0,False
Venomous/Russell's Viper/Daboia-russelii-03000025913_01.jpg,Venomous,Russell's Viper,NEAR,HIGH_CONFIDENCE_NEAR_DUPLICATE,train/Venomous_Snake/Daboia-russelii-03000025913_01.jpg,Venomous_Snake,TRAIN,0,0,False
Venomous/Russell's Viper/daboia-russelii-russells-viper-displaying-erect-fangs-these-fangs-H9ER3E.jpg,Venomous,Russell's Viper,NEAR,HIGH_CONFIDENCE_NEAR_DUPLICATE,train/Venomous_Snake/daboia-russelii-russells-viper-displaying-erect-fangs-these-fangs-H9ER3E.jpg,Venomous_Snake,TRAIN,0,0,False
Venomous/Russell's Viper/daboia-russelii-russells-viper-dr22pc.jpg,Venomous,Russell's Viper,NEAR,HIGH_CONFIDENCE_NEAR_DUPLICATE,validation/Venomous_Snake/daboia-russelii-russells-viper-dr22pc.jpg,Venomous_Snake,VALIDATION,0,0,False
Venomous/Russell's Viper/daboia-russelii-russells-viper-DR22PC_001.jpg,Venomous,Russell's Viper,NEAR,HIGH_CONFIDENCE_NEAR_DUPLICATE,train/Venomous_Snake/daboia-russelii-russells-viper-DR22PC_001.jpg,Venomous_Snake,TRAIN,0,0,False
Venomous/Russell's Viper/daboia-russelii-russells-viper-dr26ah.jpg,Venomous,Russell's Viper,NEAR,HIGH_CONFIDENCE_NEAR_DUPLICATE,train/Venomous_Snake/daboia-russelii-russells-viper-dr26ah.jpg,Venomous_Snake,TRAIN,0,0,False
Venomous/Russell's Viper/daboia-russelii-russells-viper-dr26fj.jpg,Venomous,Russell's Viper,NEAR,HIGH_CONFIDENCE_NEAR_DUPLICATE,train/Venomous_Snake/daboia-russelii-russells-viper-dr26fj.jpg,Venomous_Snake,TRAIN,0,1,False
Venomous/Russell's Viper/daboia-russelii-russells-viper-these-juvenile-vipers-was-born-in-captivity-H9EPEA.jpg,Venomous,Russell's Viper,NEAR,HIGH_CONFIDENCE_NEAR_DUPLICATE,train/Venomous_Snake/daboia-russelii-russells-viper-these-juvenile-vipers-was-born-in-captivity-H9EPEA.jpg,Venomous_Snake,TRAIN,0,0,False
Venomous/Russell's Viper/daboia-russelii-russells-viper-venomous-mudumalai-sanctuary-tamilnadu-h9er01.jpg,Venomous,Russell's Viper,NEAR,HIGH_CONFIDENCE_NEAR_DUPLICATE,train/Venomous_Snake/daboia-russelii-russells-viper-venomous-mudumalai-sanctuary-tamilnadu-h9er01.jpg,Venomous_Snake,TRAIN,0,1,False
Venomous/Russell's Viper/Daboia-russelii-siamensis-russells-viper-chain-viper-bulian1.jpg,Venomous,Russell's Viper,NEAR,HIGH_CONFIDENCE_NEAR_DUPLICATE,train/Venomous_Snake/Daboia-russelii-siamensis-russells-viper-chain-viper-bulian1.jpg,Venomous_Snake,TRAIN,0,0,False
Venomous/Russell's Viper/daboia-siamensis-siamese-russells-viper-800x600.jpg,Venomous,Russell's Viper,NEAR,HIGH_CONFIDENCE_NEAR_DUPLICATE,train/Venomous_Snake/daboia-siamensis-siamese-russells-viper-800x600.jpg,Venomous_Snake,TRAIN,0,0,False
Venomous/Russell's Viper/Daboia-siamensis-–-Eastern-Russell’s-Viper-Siamese-Russell’s-Viper-2.jpg,Venomous,Russell's Viper,NEAR,HIGH_CONFIDENCE_NEAR_DUPLICATE,validation/Venomous_Snake/Daboia-siamensis-ΓÇô-Eastern-RussellΓÇÖs-Viper-Siamese-RussellΓÇÖs-Viper-2.jpg,Venomous_Snake,VALIDATION,0,0,False
Venomous/Russell's Viper/daboia-tom-charlton-2011.jpg,Venomous,Russell's Viper,NEAR,HIGH_CONFIDENCE_NEAR_DUPLICATE,train/Venomous_Snake/daboia-tom-charlton-2011.jpg,Venomous_Snake,TRAIN,0,0,False
Venomous/Russell's Viper/daboia1l.jpg,Venomous,Russell's Viper,NEAR,HIGH_CONFIDENCE_NEAR_DUPLICATE,train/Venomous_Snake/daboia1l.jpg,Venomous_Snake,TRAIN,0,0,False
Venomous/Russell's Viper/daboia2l.jpg,Venomous,Russell's Viper,NEAR,HIGH_CONFIDENCE_NEAR_DUPLICATE,train/Venomous_Snake/daboia2l.jpg,Venomous_Snake,TRAIN,0,0,False
Venomous/Russell's Viper/Daboia_head.jpg,Venomous,Russell's Viper,NEAR,HIGH_CONFIDENCE_NEAR_DUPLICATE,train/Venomous_Snake/Daboia_head.jpg,Venomous_Snake,TRAIN,2,0,False
Venomous/Russell's Viper/Daboia_russelii_A_Chawla01.jpg,Venomous,Russell's Viper,NEAR,HIGH_CONFIDENCE_NEAR_DUPLICATE,train/Venomous_Snake/Daboia_russelii_A_Chawla01.jpg,Venomous_Snake,TRAIN,0,1,False
Venomous/Russell's Viper/Daboia_Russelli_in_a_Sensing_moment.jpg,Venomous,Russell's Viper,NEAR,HIGH_CONFIDENCE_NEAR_DUPLICATE,train/Venomous_Snake/Daboia_Russelli_in_a_Sensing_moment.jpg,Venomous_Snake,TRAIN,0,1,False
Venomous/Russell's Viper/Daboia_russelli_ZhimingS.jpg,Venomous,Russell's Viper,NEAR,HIGH_CONFIDENCE_NEAR_DUPLICATE,train/Venomous_Snake/Daboia_russelli_ZhimingS.jpg,Venomous_Snake,TRAIN,0,0,False
Venomous/Russell's Viper/Daboia_siamensis_WN_adult_D8D_5167e.jpg,Venomous,Russell's Viper,NEAR,HIGH_CONFIDENCE_NEAR_DUPLICATE,train/Venomous_Snake/Daboia_siamensis_WN_adult_D8D_5167e.jpg,Venomous_Snake,TRAIN,0,1,False
Venomous/Russell's Viper/depositphotos_6652287-stock-photo-snake-siamese-russell-viper-focus.jpg,Venomous,Russell's Viper,NEAR,HIGH_CONFIDENCE_NEAR_DUPLICATE,train/Venomous_Snake/depositphotos_6652287-stock-photo-snake-siamese-russell-viper-focus.jpg,Venomous_Snake,TRAIN,0,0,False
Venomous/Russell's Viper/DSC00799.jpg,Venomous,Russell's Viper,NEAR,HIGH_CONFIDENCE_NEAR_DUPLICATE,train/Venomous_Snake/DSC00799.jpg,Venomous_Snake,TRAIN,0,0,False
Venomous/Russell's Viper/DSC01378-L.jpg,Venomous,Russell's Viper,NEAR,HIGH_CONFIDENCE_NEAR_DUPLICATE,train/Venomous_Snake/DSC01378-L.jpg,Venomous_Snake,TRAIN,0,0,False
Venomous/Russell's Viper/dsc_0339.jpg,Venomous,Russell's Viper,NEAR,HIGH_CONFIDENCE_NEAR_DUPLICATE,validation/Venomous_Snake/dsc_0339.jpg,Venomous_Snake,VALIDATION,0,0,False
Venomous/Russell's Viper/DSC_1797.preview.jpg,Venomous,Russell's Viper,NEAR,HIGH_CONFIDENCE_NEAR_DUPLICATE,train/Venomous_Snake/DSC_1797.preview.jpg,Venomous_Snake,TRAIN,0,0,False
Venomous/Russell's Viper/DSC_1996.JPG,Venomous,Russell's Viper,NEAR,HIGH_CONFIDENCE_NEAR_DUPLICATE,train/Venomous_Snake/DSC_1996.JPG,Venomous_Snake,TRAIN,0,1,False
Venomous/Russell's Viper/DSC_2002.JPG,Venomous,Russell's Viper,NEAR,HIGH_CONFIDENCE_NEAR_DUPLICATE,train/Venomous_Snake/DSC_2002.JPG,Venomous_Snake,TRAIN,0,0,False
Venomous/Russell's Viper/e9a25bbc56927a4a0e2faf09084c710d--data-in-india.jpg,Venomous,Russell's Viper,NEAR,HIGH_CONFIDENCE_NEAR_DUPLICATE,train/Venomous_Snake/e9a25bbc56927a4a0e2faf09084c710d--data-in-india.jpg,Venomous_Snake,TRAIN,0,0,False
Venomous/Russell's Viper/Echis_carinatus2.jpg,Venomous,Russell's Viper,NEAR,HIGH_CONFIDENCE_NEAR_DUPLICATE,train/Venomous_Snake/Echis_carinatus2.jpg,Venomous_Snake,TRAIN,0,0,False
Venomous/Russell's Viper/fc6e1b08020db1b2c9c617930d5779db.jpg,Venomous,Russell's Viper,NEAR,HIGH_CONFIDENCE_NEAR_DUPLICATE,validation/Venomous_Snake/fc6e1b08020db1b2c9c617930d5779db.jpg,Venomous_Snake,VALIDATION,0,0,False
Venomous/Russell's Viper/File-Daboia_russelii_head_A_Chawla02.jpg,Venomous,Russell's Viper,NEAR,HIGH_CONFIDENCE_NEAR_DUPLICATE,train/Venomous_Snake/File-Daboia_russelii_head_A_Chawla02.jpg,Venomous_Snake,TRAIN,2,1,False
Venomous/Russell's Viper/hans-brueur-russells-viper-in-taiwan.jpg,Venomous,Russell's Viper,NEAR,HIGH_CONFIDENCE_NEAR_DUPLICATE,train/Venomous_Snake/hans-brueur-russells-viper-in-taiwan.jpg,Venomous_Snake,TRAIN,0,0,False
Venomous/Russell's Viper/hans-russells-viper-head.jpg,Venomous,Russell's Viper,NEAR,HIGH_CONFIDENCE_NEAR_DUPLICATE,train/Venomous_Snake/hans-russells-viper-head.jpg,Venomous_Snake,TRAIN,0,1,False
Venomous/Russell's Viper/hans-russells-viper-young.jpg,Venomous,Russell's Viper,NEAR,HIGH_CONFIDENCE_NEAR_DUPLICATE,validation/Venomous_Snake/hans-russells-viper-young.jpg,Venomous_Snake,VALIDATION,0,0,False
Venomous/Russell's Viper/high-angle-view-of-a-russells-viper-vipera-russellii-india-b1j306.jpg,Venomous,Russell's Viper,NEAR,HIGH_CONFIDENCE_NEAR_DUPLICATE,train/Venomous_Snake/high-angle-view-of-a-russells-viper-vipera-russellii-india-b1j306.jpg,Venomous_Snake,TRAIN,0,0,False
Venomous/Russell's Viper/hqdefault.jpg,Venomous,Russell's Viper,NEAR,HIGH_CONFIDENCE_NEAR_DUPLICATE,validation/Venomous_Snake/hqdefault (3).jpg,Venomous_Snake,VALIDATION,0,0,False
Venomous/Russell's Viper/hqdefault_003.jpg,Venomous,Russell's Viper,NEAR,HIGH_CONFIDENCE_NEAR_DUPLICATE,validation/Venomous_Snake/hqdefault_003 (2).jpg,Venomous_Snake,VALIDATION,0,1,False
Venomous/Russell's Viper/hqdefault_004.jpg,Venomous,Russell's Viper,NEAR,HIGH_CONFIDENCE_NEAR_DUPLICATE,validation/Venomous_Snake/hqdefault_004.jpg,Venomous_Snake,VALIDATION,0,0,False
Venomous/Russell's Viper/hqdefault_005.jpg,Venomous,Russell's Viper,NEAR,HIGH_CONFIDENCE_NEAR_DUPLICATE,train/Venomous_Snake/hqdefault_005 (2).jpg,Venomous_Snake,TRAIN,0,0,False
Venomous/Russell's Viper/hqdefault_007.jpg,Venomous,Russell's Viper,NEAR,HIGH_CONFIDENCE_NEAR_DUPLICATE,train/Venomous_Snake/hqdefault_007 (3).jpg,Venomous_Snake,TRAIN,0,0,False
Venomous/Russell's Viper/httpwww.indianaturewatch.net12.jpg,Venomous,Russell's Viper,NEAR,HIGH_CONFIDENCE_NEAR_DUPLICATE,validation/Venomous_Snake/httpwww.indianaturewatch.net12.jpg,Venomous_Snake,VALIDATION,0,0,False
Venomous/Russell's Viper/image-20151211-8314-1qqw4l0.JPG,Venomous,Russell's Viper,NEAR,HIGH_CONFIDENCE_NEAR_DUPLICATE,train/Venomous_Snake/image-20151211-8314-1qqw4l0.JPG,Venomous_Snake,TRAIN,0,0,False
Venomous/Russell's Viper/image349.jpg,Venomous,Russell's Viper,NEAR,HIGH_CONFIDENCE_NEAR_DUPLICATE,train/Venomous_Snake/image349.jpg,Venomous_Snake,TRAIN,2,0,False
Venomous/Russell's Viper/IMG_1426-Edit.jpg,Venomous,Russell's Viper,NEAR,HIGH_CONFIDENCE_NEAR_DUPLICATE,validation/Venomous_Snake/IMG_1426-Edit.jpg,Venomous_Snake,VALIDATION,0,0,False
Venomous/Russell's Viper/img_1663_large.jpg,Venomous,Russell's Viper,NEAR,HIGH_CONFIDENCE_NEAR_DUPLICATE,train/Venomous_Snake/img_1663_large.jpg,Venomous_Snake,TRAIN,0,0,False
Venomous/Russell's Viper/IMG_3809-2.jpg,Venomous,Russell's Viper,NEAR,HIGH_CONFIDENCE_NEAR_DUPLICATE,train/Venomous_Snake/IMG_3809-2.jpg,Venomous_Snake,TRAIN,0,1,False
Venomous/Russell's Viper/IMG_3822-2.jpg,Venomous,Russell's Viper,NEAR,HIGH_CONFIDENCE_NEAR_DUPLICATE,validation/Venomous_Snake/IMG_3822-2.jpg,Venomous_Snake,VALIDATION,0,0,False
Venomous/Russell's Viper/IMG_4386-2.jpg,Venomous,Russell's Viper,NEAR,HIGH_CONFIDENCE_NEAR_DUPLICATE,train/Venomous_Snake/IMG_4386-2 (2).jpg,Venomous_Snake,TRAIN,0,0,False
Venomous/Russell's Viper/IMG_4625-2.jpg,Venomous,Russell's Viper,NEAR,HIGH_CONFIDENCE_NEAR_DUPLICATE,train/Venomous_Snake/IMG_4625-2.jpg,Venomous_Snake,TRAIN,0,0,False
Venomous/Russell's Viper/Indian-Russells-Viper.jpg,Venomous,Russell's Viper,NEAR,HIGH_CONFIDENCE_NEAR_DUPLICATE,train/Venomous_Snake/Indian-Russells-Viper.jpg,Venomous_Snake,TRAIN,0,1,False
Venomous/Russell's Viper/juvenile-russells-viper.jpg,Venomous,Russell's Viper,NEAR,HIGH_CONFIDENCE_NEAR_DUPLICATE,train/Venomous_Snake/juvenile-russells-viper.jpg,Venomous_Snake,TRAIN,0,0,False
Venomous/Russell's Viper/maxresdefault.jpg,Venomous,Russell's Viper,NEAR,HIGH_CONFIDENCE_NEAR_DUPLICATE,train/Venomous_Snake/maxresdefault (3).jpg,Venomous_Snake,TRAIN,0,0,False
Venomous/Russell's Viper/maxresdefault_001.jpg,Venomous,Russell's Viper,NEAR,HIGH_CONFIDENCE_NEAR_DUPLICATE,train/Venomous_Snake/maxresdefault_001.jpg,Venomous_Snake,TRAIN,0,0,False
Venomous/Russell's Viper/maxresdefault_002.jpg,Venomous,Russell's Viper,NEAR,HIGH_CONFIDENCE_NEAR_DUPLICATE,train/Venomous_Snake/maxresdefault_002 (3).jpg,Venomous_Snake,TRAIN,0,1,False
Venomous/Russell's Viper/maxresdefault_006.jpg,Venomous,Russell's Viper,NEAR,HIGH_CONFIDENCE_NEAR_DUPLICATE,train/Venomous_Snake/maxresdefault_006.jpg,Venomous_Snake,TRAIN,0,0,False
Venomous/Russell's Viper/maxresdefault_007.jpg,Venomous,Russell's Viper,NEAR,HIGH_CONFIDENCE_NEAR_DUPLICATE,train/Venomous_Snake/maxresdefault_007.jpg,Venomous_Snake,TRAIN,0,0,False
Venomous/Russell's Viper/MUS-FAPC1114_850.jpg,Venomous,Russell's Viper,NEAR,HIGH_CONFIDENCE_NEAR_DUPLICATE,train/Venomous_Snake/MUS-FAPC1114_850.jpg,Venomous_Snake,TRAIN,0,0,False
Venomous/Russell's Viper/nature.jpg,Venomous,Russell's Viper,NEAR,HIGH_CONFIDENCE_NEAR_DUPLICATE,train/Venomous_Snake/nature.jpg,Venomous_Snake,TRAIN,0,0,False
Venomous/Russell's Viper/ni_2015_63_3_300_158155_f6.jpg,Venomous,Russell's Viper,NEAR,HIGH_CONFIDENCE_NEAR_DUPLICATE,train/Venomous_Snake/ni_2015_63_3_300_158155_f6.jpg,Venomous_Snake,TRAIN,0,0,False
Venomous/Russell's Viper/P1050513 - Copy copy.JPG,Venomous,Russell's Viper,NEAR,HIGH_CONFIDENCE_NEAR_DUPLICATE,train/Venomous_Snake/P1050513 - Copy copy.JPG,Venomous_Snake,TRAIN,0,0,False
Venomous/Russell's Viper/P1150235.JPG,Venomous,Russell's Viper,NEAR,HIGH_CONFIDENCE_NEAR_DUPLICATE,train/Venomous_Snake/P1150235.JPG,Venomous_Snake,TRAIN,0,0,False
Venomous/Russell's Viper/P7180049 (Small).JPG,Venomous,Russell's Viper,NEAR,HIGH_CONFIDENCE_NEAR_DUPLICATE,validation/Venomous_Snake/P7180049 (Small).JPG,Venomous_Snake,VALIDATION,0,0,False
Venomous/Russell's Viper/P7180061.jpg,Venomous,Russell's Viper,NEAR,HIGH_CONFIDENCE_NEAR_DUPLICATE,train/Venomous_Snake/P7180061.jpg,Venomous_Snake,TRAIN,0,1,False
Venomous/Russell's Viper/Presentation1.jpg,Venomous,Russell's Viper,NEAR,HIGH_CONFIDENCE_NEAR_DUPLICATE,train/Venomous_Snake/Presentation1.jpg,Venomous_Snake,TRAIN,0,0,False
Venomous/Russell's Viper/RC1848W.jpg,Venomous,Russell's Viper,NEAR,HIGH_CONFIDENCE_NEAR_DUPLICATE,train/Venomous_Snake/RC1848W.jpg,Venomous_Snake,TRAIN,0,1,False
Venomous/Russell's Viper/RUSFULL_.JPG,Venomous,Russell's Viper,NEAR,HIGH_CONFIDENCE_NEAR_DUPLICATE,train/Venomous_Snake/RUSFULL_.JPG,Venomous_Snake,TRAIN,0,0,False
Venomous/Russell's Viper/RUSHEAD1.JPG,Venomous,Russell's Viper,NEAR,HIGH_CONFIDENCE_NEAR_DUPLICATE,train/Venomous_Snake/RUSHEAD1.JPG,Venomous_Snake,TRAIN,0,0,False
Venomous/Russell's Viper/Russel Viper 02.jpg,Venomous,Russell's Viper,NEAR,HIGH_CONFIDENCE_NEAR_DUPLICATE,train/Venomous_Snake/Russel Viper 02.jpg,Venomous_Snake,TRAIN,0,0,False
Venomous/Russell's Viper/Russel Viper 03.JPG,Venomous,Russell's Viper,NEAR,HIGH_CONFIDENCE_NEAR_DUPLICATE,train/Venomous_Snake/Russel Viper 03.JPG,Venomous_Snake,TRAIN,2,0,False
Venomous/Russell's Viper/Russel Viper 04.jpg,Venomous,Russell's Viper,NEAR,HIGH_CONFIDENCE_NEAR_DUPLICATE,train/Venomous_Snake/Russel Viper 04.jpg,Venomous_Snake,TRAIN,0,0,False
Venomous/Russell's Viper/Russel-Viper-Snake.jpg,Venomous,Russell's Viper,NEAR,HIGH_CONFIDENCE_NEAR_DUPLICATE,train/Venomous_Snake/Russel-Viper-Snake.jpg,Venomous_Snake,TRAIN,0,0,False
Venomous/Russell's Viper/Russel-Viper.jpg,Venomous,Russell's Viper,NEAR,HIGH_CONFIDENCE_NEAR_DUPLICATE,validation/Venomous_Snake/Russel-Viper.jpg,Venomous_Snake,VALIDATION,0,0,False
Venomous/Russell's Viper/russel_viper.jpg,Venomous,Russell's Viper,NEAR,HIGH_CONFIDENCE_NEAR_DUPLICATE,train/Venomous_Snake/russel_viper.jpg,Venomous_Snake,TRAIN,2,0,False
Venomous/Russell's Viper/Russell's viper 3.jpg,Venomous,Russell's Viper,NEAR,HIGH_CONFIDENCE_NEAR_DUPLICATE,train/Venomous_Snake/Russells viper 3.jpg,Venomous_Snake,TRAIN,0,1,False
Venomous/Russell's Viper/russell's viper fangs.jpg,Venomous,Russell's Viper,NEAR,HIGH_CONFIDENCE_NEAR_DUPLICATE,train/Venomous_Snake/russells viper fangs.jpg,Venomous_Snake,TRAIN,0,2,False
Venomous/Russell's Viper/Russell's viper scales.jpg,Venomous,Russell's Viper,NEAR,HIGH_CONFIDENCE_NEAR_DUPLICATE,validation/Venomous_Snake/Russells viper scales.jpg,Venomous_Snake,VALIDATION,0,0,False
Venomous/Russell's Viper/Russell's_Viper.JPG,Venomous,Russell's Viper,NEAR,HIGH_CONFIDENCE_NEAR_DUPLICATE,train/Venomous_Snake/Russells_Viper.JPG,Venomous_Snake,TRAIN,0,0,False
Venomous/Russell's Viper/Russell's_Viper_(Daboia_russelli).JPG,Venomous,Russell's Viper,NEAR,HIGH_CONFIDENCE_NEAR_DUPLICATE,train/Venomous_Snake/Russells_Viper_(Daboia_russelli).JPG,Venomous_Snake,TRAIN,0,0,False
Venomous/Russell's Viper/Russell's_Viper_-_Transportation_Box.JPG,Venomous,Russell's Viper,NEAR,HIGH_CONFIDENCE_NEAR_DUPLICATE,validation/Venomous_Snake/Russells_Viper_Transportation_Box.JPG,Venomous_Snake,VALIDATION,0,0,False
Venomous/Russell's Viper/russell-s-viper-male.jpg,Venomous,Russell's Viper,NEAR,HIGH_CONFIDENCE_NEAR_DUPLICATE,train/Venomous_Snake/russell-s-viper-male.jpg,Venomous_Snake,TRAIN,0,0,False
Venomous/Russell's Viper/russell-s-viper-vipers-found-india-snakes-aggressive-if-disturbed-deliver-nasty-bite-snake-cause-more-47272234.jpg,Venomous,Russell's Viper,NEAR,HIGH_CONFIDENCE_NEAR_DUPLICATE,train/Venomous_Snake/russell-s-viper-vipers-found-india-snakes-aggressive-if-disturbed-deliver-nasty-bite-snake-cause-more-47272234.jpg,Venomous_Snake,TRAIN,0,0,False
Venomous/Russell's Viper/russell-s-viper.jpg,Venomous,Russell's Viper,NEAR,HIGH_CONFIDENCE_NEAR_DUPLICATE,train/Venomous_Snake/russell-s-viper.jpg,Venomous_Snake,TRAIN,0,0,False
Venomous/Russell's Viper/Russell-Viper-at-Kabini.jpg,Venomous,Russell's Viper,NEAR,HIGH_CONFIDENCE_NEAR_DUPLICATE,train/Venomous_Snake/Russell-Viper-at-Kabini.jpg,Venomous_Snake,TRAIN,0,0,False
Venomous/Russell's Viper/russell-viper-daboia-russelii-vipera-russelii-creeping-over-a-dust-EBNPG7.jpg,Venomous,Russell's Viper,NEAR,HIGH_CONFIDENCE_NEAR_DUPLICATE,train/Venomous_Snake/russell-viper-daboia-russelii-vipera-russelii-creeping-over-a-dust-EBNPG7.jpg,Venomous_Snake,TRAIN,0,2,False
Venomous/Russell's Viper/russell-viper-daboia-russelii-vipera-russelii-creeping-over-a-dust-EBNPGA.jpg,Venomous,Russell's Viper,NEAR,HIGH_CONFIDENCE_NEAR_DUPLICATE,train/Venomous_Snake/russell-viper-daboia-russelii-vipera-russelii-creeping-over-a-dust-EBNPGA.jpg,Venomous_Snake,TRAIN,0,1,False
Venomous/Russell's Viper/russell-viper-daboia-russelii-vipera-russelii-creeping-over-a-street-EBNPG5.jpg,Venomous,Russell's Viper,NEAR,HIGH_CONFIDENCE_NEAR_DUPLICATE,train/Venomous_Snake/russell-viper-daboia-russelii-vipera-russelii-creeping-over-a-street-EBNPG5.jpg,Venomous_Snake,TRAIN,0,0,False
Venomous/Russell's Viper/russell-viper-daboia-russelii-vipera-russelii-portrait-sri-lanka-yala-ebnpg9.jpg,Venomous,Russell's Viper,NEAR,POSSIBLE_NEAR_DUPLICATE,train/Venomous_Snake/russell-viper-daboia-russelii-vipera-russelii-portrait-sri-lanka-yala-ebnpg9.jpg,Venomous_Snake,TRAIN,0,3,False
Venomous/Russell's Viper/Russell-Viper-Vipera-Russellii.jpg,Venomous,Russell's Viper,NEAR,HIGH_CONFIDENCE_NEAR_DUPLICATE,train/Venomous_Snake/Russell-Viper-Vipera-Russellii.jpg,Venomous_Snake,TRAIN,0,0,False
Venomous/Russell's Viper/RUSSELL_VIPER.JPG,Venomous,Russell's Viper,NEAR,HIGH_CONFIDENCE_NEAR_DUPLICATE,train/Venomous_Snake/RUSSELL_VIPER.JPG,Venomous_Snake,TRAIN,0,1,False
Venomous/Russell's Viper/russells viper.jpg,Venomous,Russell's Viper,NEAR,HIGH_CONFIDENCE_NEAR_DUPLICATE,train/Venomous_Snake/russells viper.jpg,Venomous_Snake,TRAIN,2,0,False
Venomous/Russell's Viper/RUSSELLS VIPER2.jpg,Venomous,Russell's Viper,NEAR,HIGH_CONFIDENCE_NEAR_DUPLICATE,train/Venomous_Snake/RUSSELLS VIPER2.jpg,Venomous_Snake,TRAIN,0,0,False
Venomous/Russell's Viper/Russells+viper++(MCBT+07)+copy.jpg,Venomous,Russell's Viper,NEAR,HIGH_CONFIDENCE_NEAR_DUPLICATE,validation/Venomous_Snake/Russellsviper(MCBT+07)copy.jpg,Venomous_Snake,VALIDATION,2,0,False
Venomous/Russell's Viper/Russells-viper-01.jpg,Venomous,Russell's Viper,NEAR,HIGH_CONFIDENCE_NEAR_DUPLICATE,train/Venomous_Snake/Russells-viper-01.jpg,Venomous_Snake,TRAIN,0,1,False
Venomous/Russell's Viper/Russells-viper-02.jpg,Venomous,Russell's Viper,NEAR,HIGH_CONFIDENCE_NEAR_DUPLICATE,train/Venomous_Snake/Russells-viper-02.jpg,Venomous_Snake,TRAIN,0,1,False
Venomous/Russell's Viper/Russells-Viper-1-300x400.jpg,Venomous,Russell's Viper,NEAR,HIGH_CONFIDENCE_NEAR_DUPLICATE,train/Venomous_Snake/Russells-Viper-1-300x400.jpg,Venomous_Snake,TRAIN,0,0,False
Venomous/Russell's Viper/Russells-Viper-3-400x359.jpg,Venomous,Russell's Viper,NEAR,HIGH_CONFIDENCE_NEAR_DUPLICATE,validation/Venomous_Snake/Russells-Viper-3-400x359.jpg,Venomous_Snake,VALIDATION,0,1,False
Venomous/Russell's Viper/Russells-viper-camouflaged-against-ground.jpg,Venomous,Russell's Viper,NEAR,HIGH_CONFIDENCE_NEAR_DUPLICATE,train/Venomous_Snake/Russells-viper-camouflaged-against-ground.jpg,Venomous_Snake,TRAIN,0,0,False
Venomous/Russell's Viper/Russells-viper-coiled.jpg,Venomous,Russell's Viper,NEAR,HIGH_CONFIDENCE_NEAR_DUPLICATE,train/Venomous_Snake/Russells-viper-coiled.jpg,Venomous_Snake,TRAIN,0,0,False
Venomous/Russell's Viper/russells-viper-coiled_orig.jpg,Venomous,Russell's Viper,NEAR,HIGH_CONFIDENCE_NEAR_DUPLICATE,train/Venomous_Snake/russells-viper-coiled_orig.jpg,Venomous_Snake,TRAIN,0,0,False
Venomous/Russell's Viper/russells-viper-daboia-russelii-aarey-milk-colony-india-russells-viper-J21DGH.jpg,Venomous,Russell's Viper,NEAR,HIGH_CONFIDENCE_NEAR_DUPLICATE,train/Venomous_Snake/russells-viper-daboia-russelii-aarey-milk-colony-india-russells-viper-J21DGH.jpg,Venomous_Snake,TRAIN,0,1,False
Venomous/Russell's Viper/russells-viper-daboia-russelii-bangalore-karnataka-monotypicgenus-hnwt08.jpg,Venomous,Russell's Viper,NEAR,HIGH_CONFIDENCE_NEAR_DUPLICATE,train/Venomous_Snake/russells-viper-daboia-russelii-bangalore-karnataka-monotypicgenus-hnwt08.jpg,Venomous_Snake,TRAIN,0,0,False
Venomous/Russell's Viper/russells-viper-daboia-russelii-bangalore-karnataka-monotypicgenus-HNWT38.jpg,Venomous,Russell's Viper,NEAR,HIGH_CONFIDENCE_NEAR_DUPLICATE,train/Venomous_Snake/russells-viper-daboia-russelii-bangalore-karnataka-monotypicgenus-HNWT38.jpg,Venomous_Snake,TRAIN,0,0,False
Venomous/Russell's Viper/russells-viper-daboia-russelii-bangalore-karnataka-monotypicgenus-hnwt38_001.jpg,Venomous,Russell's Viper,NEAR,HIGH_CONFIDENCE_NEAR_DUPLICATE,train/Venomous_Snake/russells-viper-daboia-russelii-bangalore-karnataka-monotypicgenus-hnwt38_001.jpg,Venomous_Snake,TRAIN,0,0,False
Venomous/Russell's Viper/russells-viper-daboia-russelii-bangalore-karnataka-monotypicgenus-HNWT3J.jpg,Venomous,Russell's Viper,NEAR,HIGH_CONFIDENCE_NEAR_DUPLICATE,train/Venomous_Snake/russells-viper-daboia-russelii-bangalore-karnataka-monotypicgenus-HNWT3J.jpg,Venomous_Snake,TRAIN,0,0,False
Venomous/Russell's Viper/russells-viper-daboia-russelii-bangalore-karnataka-monotypicgenus-hnww88.jpg,Venomous,Russell's Viper,NEAR,HIGH_CONFIDENCE_NEAR_DUPLICATE,train/Venomous_Snake/russells-viper-daboia-russelii-bangalore-karnataka-monotypicgenus-hnww88.jpg,Venomous_Snake,TRAIN,0,0,False
Venomous/Russell's Viper/russells-viper-daboia-russelii-bangalore-karnataka-monotypicgenus-HNWW8K.jpg,Venomous,Russell's Viper,NEAR,HIGH_CONFIDENCE_NEAR_DUPLICATE,train/Venomous_Snake/russells-viper-daboia-russelii-bangalore-karnataka-monotypicgenus-HNWW8K.jpg,Venomous_Snake,TRAIN,0,0,False
Venomous/Russell's Viper/russells-viper-daboia-russelii-common-aarey-milk-colony-mumbai-india-e45w18.jpg,Venomous,Russell's Viper,NEAR,HIGH_CONFIDENCE_NEAR_DUPLICATE,train/Venomous_Snake/russells-viper-daboia-russelii-common-aarey-milk-colony-mumbai-india-e45w18.jpg,Venomous_Snake,TRAIN,0,0,False
Venomous/Russell's Viper/russells-viper-daboia-russelii-siamensis-queen-saovabha-snake-farm-head.jpg,Venomous,Russell's Viper,NEAR,HIGH_CONFIDENCE_NEAR_DUPLICATE,train/Venomous_Snake/russells-viper-daboia-russelii-siamensis-queen-saovabha-snake-farm-head.jpg,Venomous_Snake,TRAIN,0,2,False
Venomous/Russell's Viper/russells-viper-daboia-russelii-siamensis-queen-saovabha-snake-farm-up.jpg,Venomous,Russell's Viper,NEAR,HIGH_CONFIDENCE_NEAR_DUPLICATE,train/Venomous_Snake/russells-viper-daboia-russelii-siamensis-queen-saovabha-snake-farm-up.jpg,Venomous_Snake,TRAIN,0,0,False
Venomous/Russell's Viper/russells-viper-daboia-russelii-sri-lanka-hnb7ah.jpg,Venomous,Russell's Viper,NEAR,HIGH_CONFIDENCE_NEAR_DUPLICATE,train/Venomous_Snake/russells-viper-daboia-russelii-sri-lanka-hnb7ah.jpg,Venomous_Snake,TRAIN,0,2,False
Venomous/Russell's Viper/russells-viper-daboia-russelii.jpg,Venomous,Russell's Viper,NEAR,HIGH_CONFIDENCE_NEAR_DUPLICATE,train/Venomous_Snake/russells-viper-daboia-russelii.jpg,Venomous_Snake,TRAIN,0,0,False
Venomous/Russell's Viper/russells-viper-daboia-russelli-ncbs-bangalore-india-FAJAD9.jpg,Venomous,Russell's Viper,NEAR,HIGH_CONFIDENCE_NEAR_DUPLICATE,train/Venomous_Snake/russells-viper-daboia-russelli-ncbs-bangalore-india-FAJAD9.jpg,Venomous_Snake,TRAIN,0,0,False
Venomous/Russell's Viper/russells-viper-daboia-russelli-ncbs-bangalore-india-fajada.jpg,Venomous,Russell's Viper,NEAR,HIGH_CONFIDENCE_NEAR_DUPLICATE,train/Venomous_Snake/russells-viper-daboia-russelli-ncbs-bangalore-india-fajada.jpg,Venomous_Snake,TRAIN,0,0,False
Venomous/Russell's Viper/russells-viper-daboia-russelli-ncbs-bangalore-india-fajadc.jpg,Venomous,Russell's Viper,NEAR,HIGH_CONFIDENCE_NEAR_DUPLICATE,train/Venomous_Snake/russells-viper-daboia-russelli-ncbs-bangalore-india-fajadc.jpg,Venomous_Snake,TRAIN,2,0,False
Venomous/Russell's Viper/russells-viper-daboia-vipera-russellii-native-to-pakistan-india-A7YEWH.jpg,Venomous,Russell's Viper,NEAR,HIGH_CONFIDENCE_NEAR_DUPLICATE,train/Venomous_Snake/russells-viper-daboia-vipera-russellii-native-to-pakistan-india-A7YEWH.jpg,Venomous_Snake,TRAIN,0,0,False
Venomous/Russell's Viper/Russells-viper-head-front-view.jpg,Venomous,Russell's Viper,NEAR,HIGH_CONFIDENCE_NEAR_DUPLICATE,train/Venomous_Snake/Russells-viper-head-front-view.jpg,Venomous_Snake,TRAIN,0,0,False
Venomous/Russell's Viper/Russells-viper-head-inbetween-body.jpg,Venomous,Russell's Viper,NEAR,HIGH_CONFIDENCE_NEAR_DUPLICATE,train/Venomous_Snake/Russells-viper-head-inbetween-body.jpg,Venomous_Snake,TRAIN,0,0,False
Venomous/Russell's Viper/Russells-viper-head-side-view.jpg,Venomous,Russell's Viper,NEAR,HIGH_CONFIDENCE_NEAR_DUPLICATE,train/Venomous_Snake/Russells-viper-head-side-view.jpg,Venomous_Snake,TRAIN,0,0,False
Venomous/Russell's Viper/Russells-viper-head.jpg,Venomous,Russell's Viper,NEAR,HIGH_CONFIDENCE_NEAR_DUPLICATE,train/Venomous_Snake/Russells-viper-head.jpg,Venomous_Snake,TRAIN,0,0,False
Venomous/Russell's Viper/Russells-viper-head_001.jpg,Venomous,Russell's Viper,NEAR,HIGH_CONFIDENCE_NEAR_DUPLICATE,train/Venomous_Snake/Russells-viper-head_001.jpg,Venomous_Snake,TRAIN,0,0,False
Venomous/Russell's Viper/Russells-viper-in-habitat.jpg,Venomous,Russell's Viper,NEAR,HIGH_CONFIDENCE_NEAR_DUPLICATE,train/Venomous_Snake/Russells-viper-in-habitat.jpg,Venomous_Snake,TRAIN,0,1,False
Venomous/Russell's Viper/Russells-Viper-Kabini.jpg,Venomous,Russell's Viper,NEAR,HIGH_CONFIDENCE_NEAR_DUPLICATE,train/Venomous_Snake/Russells-Viper-Kabini.jpg,Venomous_Snake,TRAIN,0,1,False
Venomous/Russell's Viper/russells-viper-large.jpg,Venomous,Russell's Viper,NEAR,HIGH_CONFIDENCE_NEAR_DUPLICATE,train/Venomous_Snake/russells-viper-large.jpg,Venomous_Snake,TRAIN,0,0,False
Venomous/Russell's Viper/Russells-viper-portrait.jpg,Venomous,Russell's Viper,NEAR,HIGH_CONFIDENCE_NEAR_DUPLICATE,train/Venomous_Snake/Russells-viper-portrait.jpg,Venomous_Snake,TRAIN,0,1,False
Venomous/Russell's Viper/russells-viper-russells-viper-russell-viper-poisonous-snake-on-white-DH1NH9.jpg,Venomous,Russell's Viper,NEAR,HIGH_CONFIDENCE_NEAR_DUPLICATE,train/Venomous_Snake/russells-viper-russells-viper-russell-viper-poisonous-snake-on-white-DH1NH9.jpg,Venomous_Snake,TRAIN,2,0,False
Venomous/Russell's Viper/Russells-Viper-Snake.jpg,Venomous,Russell's Viper,NEAR,HIGH_CONFIDENCE_NEAR_DUPLICATE,train/Venomous_Snake/Russells-Viper-Snake.jpg,Venomous_Snake,TRAIN,0,0,False
Venomous/Russell's Viper/russells-viper-vipera-russellii-dewt5x.jpg,Venomous,Russell's Viper,NEAR,HIGH_CONFIDENCE_NEAR_DUPLICATE,train/Venomous_Snake/russells-viper-vipera-russellii-dewt5x.jpg,Venomous_Snake,TRAIN,2,0,False
Venomous/Russell's Viper/Russells-viper-with-tongue-extended.jpg,Venomous,Russell's Viper,NEAR,HIGH_CONFIDENCE_NEAR_DUPLICATE,train/Venomous_Snake/Russells-viper-with-tongue-extended.jpg,Venomous_Snake,TRAIN,0,0,False
Venomous/Russell's Viper/Russells-viper.jpg,Venomous,Russell's Viper,NEAR,HIGH_CONFIDENCE_NEAR_DUPLICATE,validation/Venomous_Snake/Russells-viper.jpg,Venomous_Snake,VALIDATION,0,0,False
Venomous/Russell's Viper/Russells-Viper21.jpg,Venomous,Russell's Viper,NEAR,HIGH_CONFIDENCE_NEAR_DUPLICATE,train/Venomous_Snake/Russells-Viper21.jpg,Venomous_Snake,TRAIN,0,0,False
Venomous/Russell's Viper/Russells-viper_001.jpg,Venomous,Russell's Viper,NEAR,HIGH_CONFIDENCE_NEAR_DUPLICATE,train/Venomous_Snake/Russells-viper_001.jpg,Venomous_Snake,TRAIN,0,0,False
Venomous/Russell's Viper/russells-viper_002.jpg,Venomous,Russell's Viper,NEAR,HIGH_CONFIDENCE_NEAR_DUPLICATE,train/Venomous_Snake/russells-viper_002.jpg,Venomous_Snake,TRAIN,0,1,False
Venomous/Russell's Viper/Russells-viper_005.jpg,Venomous,Russell's Viper,NEAR,HIGH_CONFIDENCE_NEAR_DUPLICATE,validation/Venomous_Snake/Russells-viper_005.jpg,Venomous_Snake,VALIDATION,0,0,False
Venomous/Russell's Viper/russells-viper_006.jpg,Venomous,Russell's Viper,NEAR,HIGH_CONFIDENCE_NEAR_DUPLICATE,train/Venomous_Snake/russells-viper_006.jpg,Venomous_Snake,TRAIN,0,0,False
Venomous/Russell's Viper/Russells-Viper_007.jpg,Venomous,Russell's Viper,NEAR,HIGH_CONFIDENCE_NEAR_DUPLICATE,train/Venomous_Snake/Russells-Viper_007.jpg,Venomous_Snake,TRAIN,0,0,False
Venomous/Russell's Viper/russells_viper1l.jpg,Venomous,Russell's Viper,NEAR,HIGH_CONFIDENCE_NEAR_DUPLICATE,train/Venomous_Snake/russells_viper1l.jpg,Venomous_Snake,TRAIN,0,2,False
Venomous/Russell's Viper/russells_viper_001.jpg,Venomous,Russell's Viper,NEAR,HIGH_CONFIDENCE_NEAR_DUPLICATE,validation/Venomous_Snake/russells_viper_001.jpg,Venomous_Snake,VALIDATION,0,0,False
Venomous/Russell's Viper/russells_viper_dead_on_road4lr11_09.jpg,Venomous,Russell's Viper,NEAR,HIGH_CONFIDENCE_NEAR_DUPLICATE,train/Venomous_Snake/russells_viper_dead_on_road4lr11_09.jpg,Venomous_Snake,TRAIN,0,0,False
Venomous/Russell's Viper/russellsviper.jpg,Venomous,Russell's Viper,NEAR,HIGH_CONFIDENCE_NEAR_DUPLICATE,validation/Venomous_Snake/russellsviper.jpg,Venomous_Snake,VALIDATION,0,1,False
Venomous/Russell's Viper/russellsviper_001.jpg,Venomous,Russell's Viper,NEAR,HIGH_CONFIDENCE_NEAR_DUPLICATE,train/Venomous_Snake/russellsviper_001.jpg,Venomous_Snake,TRAIN,0,0,False
Venomous/Russell's Viper/russellsviper_002.jpg,Venomous,Russell's Viper,NEAR,HIGH_CONFIDENCE_NEAR_DUPLICATE,train/Venomous_Snake/russellsviper_002.jpg,Venomous_Snake,TRAIN,0,0,False
Venomous/Russell's Viper/russellsviper_003.jpg,Venomous,Russell's Viper,NEAR,HIGH_CONFIDENCE_NEAR_DUPLICATE,train/Venomous_Snake/russellsviper_003.jpg,Venomous_Snake,TRAIN,0,1,False
Venomous/Russell's Viper/russellsviper_004.jpg,Venomous,Russell's Viper,NEAR,HIGH_CONFIDENCE_NEAR_DUPLICATE,validation/Venomous_Snake/russellsviper_004.jpg,Venomous_Snake,VALIDATION,0,1,False
Venomous/Russell's Viper/russellsviper_005.JPG,Venomous,Russell's Viper,NEAR,HIGH_CONFIDENCE_NEAR_DUPLICATE,train/Venomous_Snake/russellsviper_005.JPG,Venomous_Snake,TRAIN,0,0,False
Venomous/Russell's Viper/Russellsviper_006.jpg,Venomous,Russell's Viper,NEAR,HIGH_CONFIDENCE_NEAR_DUPLICATE,train/Venomous_Snake/Russellsviper_006.jpg,Venomous_Snake,TRAIN,0,0,False
Venomous/Russell's Viper/russellsviperdefensive.jpg,Venomous,Russell's Viper,NEAR,HIGH_CONFIDENCE_NEAR_DUPLICATE,train/Venomous_Snake/russellsviperdefensive.jpg,Venomous_Snake,TRAIN,0,0,False
Venomous/Russell's Viper/russels-viper-daboia-russelii-venomous-common-near-tamhini-maharashtra-by10dg.jpg,Venomous,Russell's Viper,NEAR,HIGH_CONFIDENCE_NEAR_DUPLICATE,validation/Venomous_Snake/russels-viper-daboia-russelii-venomous-common-near-tamhini-maharashtra-by10dg.jpg,Venomous_Snake,VALIDATION,2,0,False
Venomous/Russell's Viper/Russels-viper-Mike-Lyssarides-permissioned.jpg,Venomous,Russell's Viper,NEAR,HIGH_CONFIDENCE_NEAR_DUPLICATE,train/Venomous_Snake/Russels-viper-Mike-Lyssarides-permissioned.jpg,Venomous_Snake,TRAIN,2,0,False
Venomous/Russell's Viper/Russels-viper-Mike-Lyssarides.jpg,Venomous,Russell's Viper,NEAR,HIGH_CONFIDENCE_NEAR_DUPLICATE,train/Venomous_Snake/Russels-viper-Mike-Lyssarides.jpg,Venomous_Snake,TRAIN,0,0,False
Venomous/Russell's Viper/russels-viper.jpg,Venomous,Russell's Viper,NEAR,HIGH_CONFIDENCE_NEAR_DUPLICATE,train/Venomous_Snake/russels-viper.jpg,Venomous_Snake,TRAIN,2,0,False
Venomous/Russell's Viper/RV1.jpg,Venomous,Russell's Viper,NEAR,HIGH_CONFIDENCE_NEAR_DUPLICATE,train/Venomous_Snake/RV1.jpg,Venomous_Snake,TRAIN,0,0,False
Venomous/Russell's Viper/rvv_snake.jpg,Venomous,Russell's Viper,NEAR,HIGH_CONFIDENCE_NEAR_DUPLICATE,train/Venomous_Snake/rvv_snake.jpg,Venomous_Snake,TRAIN,0,0,False
Venomous/Russell's Viper/siamese-russel-viper-1.jpg,Venomous,Russell's Viper,NEAR,HIGH_CONFIDENCE_NEAR_DUPLICATE,train/Venomous_Snake/siamese-russel-viper-1.jpg,Venomous_Snake,TRAIN,0,1,False
Venomous/Russell's Viper/siamese-russells-viper-daboia-siamensis-800x600.jpg,Venomous,Russell's Viper,NEAR,HIGH_CONFIDENCE_NEAR_DUPLICATE,train/Venomous_Snake/siamese-russells-viper-daboia-siamensis-800x600.jpg,Venomous_Snake,TRAIN,0,0,False
Venomous/Russell's Viper/siamese-russells-viper-daboia-siamensis-800x600_001.jpg,Venomous,Russell's Viper,NEAR,HIGH_CONFIDENCE_NEAR_DUPLICATE,train/Venomous_Snake/siamese-russells-viper-daboia-siamensis-800x600_001.jpg,Venomous_Snake,TRAIN,0,0,False
Venomous/Russell's Viper/siamese-russells-viper.jpg,Venomous,Russell's Viper,NEAR,HIGH_CONFIDENCE_NEAR_DUPLICATE,train/Venomous_Snake/siamese-russells-viper.jpg,Venomous_Snake,TRAIN,2,0,False
Venomous/Russell's Viper/sites_snake-antivenin.com_files_russell-viper-daboia-russelli-siamensis-antivenom-red-cross.jpg,Venomous,Russell's Viper,NEAR,HIGH_CONFIDENCE_NEAR_DUPLICATE,validation/Venomous_Snake/sites_snake-antivenin.com_files_russell-viper-daboia-russelli-siamensis-antivenom-red-cross.jpg,Venomous_Snake,VALIDATION,0,0,False
Venomous/Russell's Viper/snake-bit-mit-resize-1.jpg,Venomous,Russell's Viper,NEAR,HIGH_CONFIDENCE_NEAR_DUPLICATE,train/Venomous_Snake/snake-bit-mit-resize-1.jpg,Venomous_Snake,TRAIN,0,0,False
Venomous/Russell's Viper/snake.jpg,Venomous,Russell's Viper,NEAR,HIGH_CONFIDENCE_NEAR_DUPLICATE,validation/Venomous_Snake/snake.jpg,Venomous_Snake,VALIDATION,0,1,False
Venomous/Russell's Viper/SNP00553.jpg,Venomous,Russell's Viper,NEAR,HIGH_CONFIDENCE_NEAR_DUPLICATE,train/Venomous_Snake/SNP00553.jpg,Venomous_Snake,TRAIN,0,0,False
Venomous/Russell's Viper/stock-photo-adult-russell-s-viper-daboia-russelii-tamil-nadu-south-india-144893629.jpg,Venomous,Russell's Viper,NEAR,HIGH_CONFIDENCE_NEAR_DUPLICATE,train/Venomous_Snake/stock-photo-adult-russell-s-viper-daboia-russelii-tamil-nadu-south-india-144893629.jpg,Venomous_Snake,TRAIN,0,0,False
Venomous/Russell's Viper/stock-photo-adult-russell-s-viper-daboia-russelii-tamil-nadu-south-india-144893635.jpg,Venomous,Russell's Viper,NEAR,HIGH_CONFIDENCE_NEAR_DUPLICATE,train/Venomous_Snake/stock-photo-adult-russell-s-viper-daboia-russelii-tamil-nadu-south-india-144893635.jpg,Venomous_Snake,TRAIN,0,1,False
Venomous/Russell's Viper/stock-photo-adult-russell-s-viper-daboia-russelii-tamil-nadu-south-india-144896374.jpg,Venomous,Russell's Viper,NEAR,HIGH_CONFIDENCE_NEAR_DUPLICATE,train/Venomous_Snake/stock-photo-adult-russell-s-viper-daboia-russelii-tamil-nadu-south-india-144896374.jpg,Venomous_Snake,TRAIN,0,0,False
Venomous/Russell's Viper/stock-photo-eastern-russell-s-viper-107255687.jpg,Venomous,Russell's Viper,NEAR,HIGH_CONFIDENCE_NEAR_DUPLICATE,train/Venomous_Snake/stock-photo-eastern-russell-s-viper-107255687.jpg,Venomous_Snake,TRAIN,0,0,False
Venomous/Russell's Viper/stock-photo-siamese-russell-s-viper-daboia-russelii-siamensis-631710800.jpg,Venomous,Russell's Viper,NEAR,HIGH_CONFIDENCE_NEAR_DUPLICATE,train/Venomous_Snake/stock-photo-siamese-russell-s-viper-daboia-russelii-siamensis-631710800.jpg,Venomous_Snake,TRAIN,0,0,False
Venomous/Russell's Viper/the-russells-viper.jpg,Venomous,Russell's Viper,NEAR,HIGH_CONFIDENCE_NEAR_DUPLICATE,train/Venomous_Snake/the-russells-viper.jpg,Venomous_Snake,TRAIN,0,0,False
Venomous/Russell's Viper/toz19227l.jpg,Venomous,Russell's Viper,NEAR,HIGH_CONFIDENCE_NEAR_DUPLICATE,train/Venomous_Snake/toz19227l.jpg,Venomous_Snake,TRAIN,0,0,False
Venomous/Russell's Viper/toz19228l.jpg,Venomous,Russell's Viper,NEAR,HIGH_CONFIDENCE_NEAR_DUPLICATE,train/Venomous_Snake/toz19228l.jpg,Venomous_Snake,TRAIN,0,0,False
Venomous/Russell's Viper/tumblr_nee8a0sQm01rdag7yo1_500.jpg,Venomous,Russell's Viper,NEAR,HIGH_CONFIDENCE_NEAR_DUPLICATE,train/Venomous_Snake/tumblr_nee8a0sQm01rdag7yo1_500.jpg,Venomous_Snake,TRAIN,0,0,False
Venomous/Russell's Viper/Tushar_mone.jpg,Venomous,Russell's Viper,NEAR,HIGH_CONFIDENCE_NEAR_DUPLICATE,train/Venomous_Snake/Tushar_mone.jpg,Venomous_Snake,TRAIN,0,0,False
Venomous/Russell's Viper/Two_Headed_Russell_E2_80_99s_V.jpg,Venomous,Russell's Viper,NEAR,HIGH_CONFIDENCE_NEAR_DUPLICATE,train/Venomous_Snake/Two_Headed_Russell_E2_80_99s_V.jpg,Venomous_Snake,TRAIN,0,1,False
Venomous/Russell's Viper/Viper1.jpg,Venomous,Russell's Viper,EXACT,EXACT_DUPLICATE,validation/Venomous_Snake/Viper1.jpg,Venomous_Snake,VALIDATION,0,0,False
Venomous/Russell's Viper/viper_1901250f.jpg,Venomous,Russell's Viper,EXACT,EXACT_DUPLICATE,train/Venomous_Snake/viper_1901250f.jpg,Venomous_Snake,TRAIN,0,0,False
Venomous/Saw-scaled Viper/0191.jpeg,Venomous,Saw-scaled Viper,NEAR,HIGH_CONFIDENCE_NEAR_DUPLICATE,test/Venomous_Snake/0191.jpg,Venomous_Snake,TEST,2,1,True
Venomous/Saw-scaled Viper/0194.jpeg,Venomous,Saw-scaled Viper,NEAR,HIGH_CONFIDENCE_NEAR_DUPLICATE,train/Venomous_Snake/0194.jpg,Venomous_Snake,TRAIN,0,2,False
Venomous/Saw-scaled Viper/0240.jpeg,Venomous,Saw-scaled Viper,NEAR,POSSIBLE_NEAR_DUPLICATE,train/Venomous_Snake/0240.jpg,Venomous_Snake,TRAIN,4,0,False
Venomous/Saw-scaled Viper/03000025421_01_f.jpg,Venomous,Saw-scaled Viper,NEAR,HIGH_CONFIDENCE_NEAR_DUPLICATE,train/Venomous_Snake/03000025421_01_f.jpg,Venomous_Snake,TRAIN,0,0,False
Venomous/Saw-scaled Viper/03000032484_01_f.jpg,Venomous,Saw-scaled Viper,NEAR,HIGH_CONFIDENCE_NEAR_DUPLICATE,train/Venomous_Snake/03000032484_01_f.jpg,Venomous_Snake,TRAIN,0,0,False
Venomous/Saw-scaled Viper/0446.jpeg,Venomous,Saw-scaled Viper,NEAR,HIGH_CONFIDENCE_NEAR_DUPLICATE,validation/Venomous_Snake/0446.jpg,Venomous_Snake,VALIDATION,0,0,False
Venomous/Saw-scaled Viper/06.jpg,Venomous,Saw-scaled Viper,NEAR,HIGH_CONFIDENCE_NEAR_DUPLICATE,test/Venomous_Snake/06.jpg,Venomous_Snake,TEST,0,0,True
Venomous/Saw-scaled Viper/0804.jpeg,Venomous,Saw-scaled Viper,NEAR,HIGH_CONFIDENCE_NEAR_DUPLICATE,train/Venomous_Snake/0804.jpg,Venomous_Snake,TRAIN,0,1,False
Venomous/Saw-scaled Viper/1-s2.0-S1080603207702168-gr1.jpg,Venomous,Saw-scaled Viper,NEAR,HIGH_CONFIDENCE_NEAR_DUPLICATE,test/Venomous_Snake/1-s2.0-S1080603207702168-gr1.jpg,Venomous_Snake,TEST,0,0,True
Venomous/Saw-scaled Viper/1.jpg,Venomous,Saw-scaled Viper,NEAR,HIGH_CONFIDENCE_NEAR_DUPLICATE,test/Venomous_Snake/1 (2).jpg,Venomous_Snake,TEST,0,0,True
Venomous/Saw-scaled Viper/114-viper.jpg,Venomous,Saw-scaled Viper,NEAR,HIGH_CONFIDENCE_NEAR_DUPLICATE,test/Venomous_Snake/114-viper.jpg,Venomous_Snake,TEST,0,0,True
Venomous/Saw-scaled Viper/119.jpg,Venomous,Saw-scaled Viper,NEAR,HIGH_CONFIDENCE_NEAR_DUPLICATE,test/Venomous_Snake/119.jpg,Venomous_Snake,TEST,0,0,True
Venomous/Saw-scaled Viper/125625-004-9F0A5C13.jpg,Venomous,Saw-scaled Viper,NEAR,HIGH_CONFIDENCE_NEAR_DUPLICATE,validation/Venomous_Snake/125625-004-9F0A5C13.jpg,Venomous_Snake,VALIDATION,0,0,False
Venomous/Saw-scaled Viper/12873_2012_Article_167_Fig1_HTML.jpg,Venomous,Saw-scaled Viper,NEAR,HIGH_CONFIDENCE_NEAR_DUPLICATE,train/Venomous_Snake/12873_2012_Article_167_Fig1_HTML.jpg,Venomous_Snake,TRAIN,0,0,False
Venomous/Saw-scaled Viper/13-F-Keels--Scales-of-the-Saw-scaled-Viper.jpg,Venomous,Saw-scaled Viper,NEAR,HIGH_CONFIDENCE_NEAR_DUPLICATE,test/Venomous_Snake/13-F-Keels--Scales-of-the-Saw-scaled-Viper.jpg,Venomous_Snake,TEST,0,0,True
Venomous/Saw-scaled Viper/1361.jpeg,Venomous,Saw-scaled Viper,NEAR,HIGH_CONFIDENCE_NEAR_DUPLICATE,validation/Venomous_Snake/1361.jpg,Venomous_Snake,VALIDATION,0,0,False
Venomous/Saw-scaled Viper/143885070018.JPG,Venomous,Saw-scaled Viper,NEAR,HIGH_CONFIDENCE_NEAR_DUPLICATE,train/Venomous_Snake/143885070018.JPG,Venomous_Snake,TRAIN,0,0,False
Venomous/Saw-scaled Viper/15155896108_9c22ac4833_b.jpg,Venomous,Saw-scaled Viper,NEAR,HIGH_CONFIDENCE_NEAR_DUPLICATE,train/Venomous_Snake/15155896108_9c22ac4833_b.jpg,Venomous_Snake,TRAIN,0,0,False
Venomous/Saw-scaled Viper/15330888-Closeup-of-pattern-on-saw-scaled-Viper-Echis-carinatus-Tamil-Nadu-South-India-Stock-Photo.jpg,Venomous,Saw-scaled Viper,NEAR,HIGH_CONFIDENCE_NEAR_DUPLICATE,train/Venomous_Snake/15330888-Closeup-of-pattern-on-saw-scaled-Viper-Echis-carinatus-Tamil-Nadu-South-India-Stock-Photo.jpg,Venomous_Snake,TRAIN,0,1,False
Venomous/Saw-scaled Viper/16666056390_e5f1682bd0.jpg,Venomous,Saw-scaled Viper,NEAR,HIGH_CONFIDENCE_NEAR_DUPLICATE,train/Venomous_Snake/16666056390_e5f1682bd0.jpg,Venomous_Snake,TRAIN,0,0,False
Venomous/Saw-scaled Viper/18955_340.jpg,Venomous,Saw-scaled Viper,NEAR,HIGH_CONFIDENCE_NEAR_DUPLICATE,train/Venomous_Snake/18955_340.jpg,Venomous_Snake,TRAIN,0,0,False
Venomous/Saw-scaled Viper/21505046724_1c0739e33c.jpg,Venomous,Saw-scaled Viper,NEAR,HIGH_CONFIDENCE_NEAR_DUPLICATE,train/Venomous_Snake/21505046724_1c0739e33c.jpg,Venomous_Snake,TRAIN,0,0,False
Venomous/Saw-scaled Viper/21506768173_3a57a2f595.jpg,Venomous,Saw-scaled Viper,NEAR,HIGH_CONFIDENCE_NEAR_DUPLICATE,train/Venomous_Snake/21506768173_3a57a2f595.jpg,Venomous_Snake,TRAIN,0,0,False
Venomous/Saw-scaled Viper/21939708950_b237f909c0.jpg,Venomous,Saw-scaled Viper,NEAR,HIGH_CONFIDENCE_NEAR_DUPLICATE,train/Venomous_Snake/21939708950_b237f909c0.jpg,Venomous_Snake,TRAIN,0,1,False
Venomous/Saw-scaled Viper/22127891045_d34db643e0_b.jpg,Venomous,Saw-scaled Viper,NEAR,HIGH_CONFIDENCE_NEAR_DUPLICATE,train/Venomous_Snake/22127891045_d34db643e0_b.jpg,Venomous_Snake,TRAIN,0,0,False
Venomous/Saw-scaled Viper/22513154937_229434a62c_b.jpg,Venomous,Saw-scaled Viper,NEAR,HIGH_CONFIDENCE_NEAR_DUPLICATE,validation/Venomous_Snake/22513154937_229434a62c_b.jpg,Venomous_Snake,VALIDATION,0,0,False
Venomous/Saw-scaled Viper/26437-004-9C6C0E46.jpg,Venomous,Saw-scaled Viper,NEAR,HIGH_CONFIDENCE_NEAR_DUPLICATE,train/Venomous_Snake/26437-004-9C6C0E46.jpg,Venomous_Snake,TRAIN,0,1,False
Venomous/Saw-scaled Viper/300px-SSviper.jpg,Venomous,Saw-scaled Viper,NEAR,HIGH_CONFIDENCE_NEAR_DUPLICATE,train/Venomous_Snake/300px-SSviper.jpg,Venomous_Snake,TRAIN,0,1,False
Venomous/Saw-scaled Viper/319A4819.preview.JPG,Venomous,Saw-scaled Viper,NEAR,HIGH_CONFIDENCE_NEAR_DUPLICATE,train/Venomous_Snake/319A4819.preview.JPG,Venomous_Snake,TRAIN,0,0,False
Venomous/Saw-scaled Viper/34446387315_b357fc4e8e_b.jpg,Venomous,Saw-scaled Viper,NEAR,HIGH_CONFIDENCE_NEAR_DUPLICATE,train/Venomous_Snake/34446387315_b357fc4e8e_b.jpg,Venomous_Snake,TRAIN,0,0,False
Venomous/Saw-scaled Viper/4493565049_3d40dd0bc5_m.jpg,Venomous,Saw-scaled Viper,NEAR,HIGH_CONFIDENCE_NEAR_DUPLICATE,train/Venomous_Snake/4493565049_3d40dd0bc5_m.jpg,Venomous_Snake,TRAIN,0,0,False
Venomous/Saw-scaled Viper/45066.jpg,Venomous,Saw-scaled Viper,NEAR,HIGH_CONFIDENCE_NEAR_DUPLICATE,train/Venomous_Snake/45066.jpg,Venomous_Snake,TRAIN,2,1,False
Venomous/Saw-scaled Viper/506552827-egyptian-saw-scaled-viper-wriggling-gecko-chad.jpg,Venomous,Saw-scaled Viper,NEAR,HIGH_CONFIDENCE_NEAR_DUPLICATE,train/Venomous_Snake/506552827-egyptian-saw-scaled-viper-wriggling-gecko-chad.jpg,Venomous_Snake,TRAIN,2,1,False
Venomous/Saw-scaled Viper/51286_580_360.jpg,Venomous,Saw-scaled Viper,NEAR,HIGH_CONFIDENCE_NEAR_DUPLICATE,train/Venomous_Snake/51286_580_360.jpg,Venomous_Snake,TRAIN,0,0,False
Venomous/Saw-scaled Viper/5207091.jpg,Venomous,Saw-scaled Viper,NEAR,HIGH_CONFIDENCE_NEAR_DUPLICATE,test/Venomous_Snake/5207091.jpg,Venomous_Snake,TEST,0,0,True
Venomous/Saw-scaled Viper/5384077d7fe23.jpg,Venomous,Saw-scaled Viper,NEAR,HIGH_CONFIDENCE_NEAR_DUPLICATE,test/Venomous_Snake/5384077d7fe23.jpg,Venomous_Snake,TEST,0,0,True
Venomous/Saw-scaled Viper/5384096c1c063.jpg,Venomous,Saw-scaled Viper,NEAR,HIGH_CONFIDENCE_NEAR_DUPLICATE,test/Venomous_Snake/5384096c1c063.jpg,Venomous_Snake,TEST,0,0,True
Venomous/Saw-scaled Viper/5609809850_f5041d8285_b.jpg,Venomous,Saw-scaled Viper,NEAR,HIGH_CONFIDENCE_NEAR_DUPLICATE,validation/Venomous_Snake/5609809850_f5041d8285_b.jpg,Venomous_Snake,VALIDATION,0,0,False
Venomous/Saw-scaled Viper/5739148026_6b28169cd9_b.jpg,Venomous,Saw-scaled Viper,NEAR,HIGH_CONFIDENCE_NEAR_DUPLICATE,validation/Venomous_Snake/5739148026_6b28169cd9_b.jpg,Venomous_Snake,VALIDATION,2,1,False
Venomous/Saw-scaled Viper/5809673008_0a9bd78528_b.jpg,Venomous,Saw-scaled Viper,NEAR,HIGH_CONFIDENCE_NEAR_DUPLICATE,train/Venomous_Snake/5809673008_0a9bd78528_b.jpg,Venomous_Snake,TRAIN,0,1,False
Venomous/Saw-scaled Viper/5817961486_6a8d0eed1d_b.jpg,Venomous,Saw-scaled Viper,NEAR,HIGH_CONFIDENCE_NEAR_DUPLICATE,train/Venomous_Snake/5817961486_6a8d0eed1d_b.jpg,Venomous_Snake,TRAIN,0,0,False
Venomous/Saw-scaled Viper/602197057-egyptian-saw-scaled-viper-lurking-worming-chad.jpg,Venomous,Saw-scaled Viper,NEAR,HIGH_CONFIDENCE_NEAR_DUPLICATE,train/Venomous_Snake/602197057-egyptian-saw-scaled-viper-lurking-worming-chad.jpg,Venomous_Snake,TRAIN,0,0,False
Venomous/Saw-scaled Viper/619283807-egyptian-saw-scaled-viper-lurking-chad-sahara-das-versunkene-paradies.jpg,Venomous,Saw-scaled Viper,NEAR,HIGH_CONFIDENCE_NEAR_DUPLICATE,train/Venomous_Snake/619283807-egyptian-saw-scaled-viper-lurking-chad-sahara-das-versunkene-paradies.jpg,Venomous_Snake,TRAIN,0,0,False
Venomous/Saw-scaled Viper/661453767-egyptian-saw-scaled-viper-lurking-worming-chad.jpg,Venomous,Saw-scaled Viper,NEAR,HIGH_CONFIDENCE_NEAR_DUPLICATE,train/Venomous_Snake/661453767-egyptian-saw-scaled-viper-lurking-worming-chad.jpg,Venomous_Snake,TRAIN,0,0,False
Venomous/Saw-scaled Viper/6834742881_d6100bca97_b.jpg,Venomous,Saw-scaled Viper,NEAR,HIGH_CONFIDENCE_NEAR_DUPLICATE,train/Venomous_Snake/6834742881_d6100bca97_b.jpg,Venomous_Snake,TRAIN,0,1,False
Venomous/Saw-scaled Viper/686451267-wall-gecko-egyptian-saw-scaled-viper-worming-chad.jpg,Venomous,Saw-scaled Viper,NEAR,HIGH_CONFIDENCE_NEAR_DUPLICATE,train/Venomous_Snake/686451267-wall-gecko-egyptian-saw-scaled-viper-worming-chad.jpg,Venomous_Snake,TRAIN,0,0,False
Venomous/Saw-scaled Viper/699780063-wall-gecko-egyptian-saw-scaled-viper-chad-sahara-das-versunkene-paradies.jpg,Venomous,Saw-scaled Viper,NEAR,HIGH_CONFIDENCE_NEAR_DUPLICATE,train/Venomous_Snake/699780063-wall-gecko-egyptian-saw-scaled-viper-chad-sahara-das-versunkene-paradies.jpg,Venomous_Snake,TRAIN,0,0,False
Venomous/Saw-scaled Viper/7529771256_a2c54cd53f_b.jpg,Venomous,Saw-scaled Viper,NEAR,HIGH_CONFIDENCE_NEAR_DUPLICATE,train/Venomous_Snake/7529771256_a2c54cd53f_b.jpg,Venomous_Snake,TRAIN,0,0,False
Venomous/Saw-scaled Viper/755725196-egyptian-saw-scaled-viper-gecko-chad-sahara-das-versunkene-paradies.jpg,Venomous,Saw-scaled Viper,NEAR,HIGH_CONFIDENCE_NEAR_DUPLICATE,validation/Venomous_Snake/755725196-egyptian-saw-scaled-viper-gecko-chad-sahara-das-versunkene-paradies.jpg,Venomous_Snake,VALIDATION,0,0,False
Venomous/Saw-scaled Viper/806797304-wall-gecko-egyptian-saw-scaled-viper-chad-sahara-das-versunkene-paradies.jpg,Venomous,Saw-scaled Viper,NEAR,HIGH_CONFIDENCE_NEAR_DUPLICATE,train/Venomous_Snake/806797304-wall-gecko-egyptian-saw-scaled-viper-chad-sahara-das-versunkene-paradies.jpg,Venomous_Snake,TRAIN,0,0,False
Venomous/Saw-scaled Viper/886949850-wall-gecko-egyptian-saw-scaled-viper-wriggling-chad.jpg,Venomous,Saw-scaled Viper,NEAR,HIGH_CONFIDENCE_NEAR_DUPLICATE,train/Venomous_Snake/886949850-wall-gecko-egyptian-saw-scaled-viper-wriggling-chad.jpg,Venomous_Snake,TRAIN,0,0,False
Venomous/Saw-scaled Viper/900-183593306-saw-scaled-viper.jpg,Venomous,Saw-scaled Viper,NEAR,HIGH_CONFIDENCE_NEAR_DUPLICATE,train/Venomous_Snake/900-183593306-saw-scaled-viper.jpg,Venomous_Snake,TRAIN,0,0,False
Venomous/Saw-scaled Viper/900-485595776-scaled-viper.jpg,Venomous,Saw-scaled Viper,NEAR,HIGH_CONFIDENCE_NEAR_DUPLICATE,train/Venomous_Snake/900-485595776-scaled-viper.jpg,Venomous_Snake,TRAIN,0,0,False
Venomous/Saw-scaled Viper/900-500394021-viper-echis.jpg,Venomous,Saw-scaled Viper,NEAR,HIGH_CONFIDENCE_NEAR_DUPLICATE,train/Venomous_Snake/900-500394021-viper-echis.jpg,Venomous_Snake,TRAIN,0,1,False
Venomous/Saw-scaled Viper/90130058.jpg,Venomous,Saw-scaled Viper,NEAR,HIGH_CONFIDENCE_NEAR_DUPLICATE,train/Venomous_Snake/90130058.jpg,Venomous_Snake,TRAIN,0,0,False
Venomous/Saw-scaled Viper/_62580566__45828483_saw_scaled_viper_spl.jpg,Venomous,Saw-scaled Viper,NEAR,HIGH_CONFIDENCE_NEAR_DUPLICATE,test/Venomous_Snake/_62580566__45828483_saw_scaled_viper_spl.jpg,Venomous_Snake,TEST,0,0,True
Venomous/Saw-scaled Viper/_afe8d134-4e76-11e6-8d8d-a42edc5c5383.jpg,Venomous,Saw-scaled Viper,NEAR,HIGH_CONFIDENCE_NEAR_DUPLICATE,test/Venomous_Snake/_afe8d134-4e76-11e6-8d8d-a42edc5c5383.jpg,Venomous_Snake,TEST,0,1,True
Venomous/Saw-scaled Viper/_D096710.jpg,Venomous,Saw-scaled Viper,NEAR,HIGH_CONFIDENCE_NEAR_DUPLICATE,test/Venomous_Snake/_D096710.jpg,Venomous_Snake,TEST,2,0,True
Venomous/Saw-scaled Viper/_DSC0260.jpg,Venomous,Saw-scaled Viper,NEAR,HIGH_CONFIDENCE_NEAR_DUPLICATE,test/Venomous_Snake/_DSC0260.jpg,Venomous_Snake,TEST,0,0,True
Venomous/Saw-scaled Viper/_DSC0273g.jpg,Venomous,Saw-scaled Viper,NEAR,HIGH_CONFIDENCE_NEAR_DUPLICATE,test/Venomous_Snake/_DSC0273g.jpg,Venomous_Snake,TEST,0,0,True
Venomous/Saw-scaled Viper/African-Saw-Scaled-Viper-Echis+ocellatus.jpg,Venomous,Saw-scaled Viper,NEAR,HIGH_CONFIDENCE_NEAR_DUPLICATE,train/Venomous_Snake/African-Saw-Scaled-Viper-Echis+ocellatus.jpg,Venomous_Snake,TRAIN,0,0,False
Venomous/Saw-scaled Viper/arabic-saw-scaled-viper-palestine-saw-scaled-viper-echis-coloratus-CNW8JE.jpg,Venomous,Saw-scaled Viper,NEAR,HIGH_CONFIDENCE_NEAR_DUPLICATE,test/Venomous_Snake/arabic-saw-scaled-viper-palestine-saw-scaled-viper-echis-coloratus-CNW8JE.jpg,Venomous_Snake,TEST,0,0,True
Venomous/Saw-scaled Viper/arabic-saw-scaled-viper-palestine-saw-scaled-viper-echis-coloratus-EBN3ET.jpg,Venomous,Saw-scaled Viper,NEAR,HIGH_CONFIDENCE_NEAR_DUPLICATE,test/Venomous_Snake/arabic-saw-scaled-viper-palestine-saw-scaled-viper-echis-coloratus-EBN3ET.jpg,Venomous_Snake,TEST,0,0,True
Venomous/Saw-scaled Viper/arabic-saw-scaled-viper-palestine-saw-scaled-viper-echis-coloratus-EBN3EW.jpg,Venomous,Saw-scaled Viper,NEAR,HIGH_CONFIDENCE_NEAR_DUPLICATE,test/Venomous_Snake/arabic-saw-scaled-viper-palestine-saw-scaled-viper-echis-coloratus-EBN3EW.jpg,Venomous_Snake,TEST,0,0,True
Venomous/Saw-scaled Viper/b447c6b7f0714cb8487330d3487a86c1--colorful-snakes-the-saw.jpg,Venomous,Saw-scaled Viper,NEAR,HIGH_CONFIDENCE_NEAR_DUPLICATE,test/Venomous_Snake/b447c6b7f0714cb8487330d3487a86c1--colorful-snakes-the-saw.jpg,Venomous_Snake,TEST,0,0,True
Venomous/Saw-scaled Viper/bigfour-venomics-blog-7.jpg,Venomous,Saw-scaled Viper,NEAR,HIGH_CONFIDENCE_NEAR_DUPLICATE,test/Venomous_Snake/bigfour-venomics-blog-7.jpg,Venomous_Snake,TEST,0,0,True
Venomous/Saw-scaled Viper/ca58c07171fe7897f737fb00ac7ed33e.jpg,Venomous,Saw-scaled Viper,NEAR,HIGH_CONFIDENCE_NEAR_DUPLICATE,test/Venomous_Snake/ca58c07171fe7897f737fb00ac7ed33e.jpg,Venomous_Snake,TEST,0,0,True
Venomous/Saw-scaled Viper/carpet_viper_2.jpg,Venomous,Saw-scaled Viper,NEAR,HIGH_CONFIDENCE_NEAR_DUPLICATE,test/Venomous_Snake/carpet_viper_2.jpg,Venomous_Snake,TEST,0,0,True
Venomous/Saw-scaled Viper/ce2f4d7322c5e71302a9ce29bf3b74f5.jpg,Venomous,Saw-scaled Viper,NEAR,HIGH_CONFIDENCE_NEAR_DUPLICATE,test/Venomous_Snake/ce2f4d7322c5e71302a9ce29bf3b74f5.jpg,Venomous_Snake,TEST,0,0,True
Venomous/Saw-scaled Viper/Close-up-of-Palestine-saw-scaled-viper.jpg,Venomous,Saw-scaled Viper,NEAR,HIGH_CONFIDENCE_NEAR_DUPLICATE,test/Venomous_Snake/Close-up-of-Palestine-saw-scaled-viper.jpg,Venomous_Snake,TEST,0,0,True
Venomous/Saw-scaled Viper/coiled-sind-saw-scaled-viper.jpg,Venomous,Saw-scaled Viper,NEAR,HIGH_CONFIDENCE_NEAR_DUPLICATE,test/Venomous_Snake/coiled-sind-saw-scaled-viper.jpg,Venomous_Snake,TEST,2,0,True
Venomous/Saw-scaled Viper/CY025J-1.jpg,Venomous,Saw-scaled Viper,NEAR,HIGH_CONFIDENCE_NEAR_DUPLICATE,test/Venomous_Snake/CY025J-1.jpg,Venomous_Snake,TEST,0,0,True
Venomous/Saw-scaled Viper/deadliest-world-Echis_carinatus.jpg,Venomous,Saw-scaled Viper,NEAR,HIGH_CONFIDENCE_NEAR_DUPLICATE,test/Venomous_Snake/deadliest-world-Echis_carinatus.jpg,Venomous_Snake,TEST,0,0,True
Venomous/Saw-scaled Viper/Deinagkistrodon-acutus-coiled-up.jpg,Venomous,Saw-scaled Viper,NEAR,HIGH_CONFIDENCE_NEAR_DUPLICATE,train/Venomous_Snake/Deinagkistrodon-acutus-coiled-up.jpg,Venomous_Snake,TRAIN,0,0,False
Venomous/Saw-scaled Viper/Desktop14 copy.jpg,Venomous,Saw-scaled Viper,NEAR,HIGH_CONFIDENCE_NEAR_DUPLICATE,validation/Venomous_Snake/Desktop14 copy.jpg,Venomous_Snake,VALIDATION,2,1,False
Venomous/Saw-scaled Viper/DSC00767.jpg,Venomous,Saw-scaled Viper,NEAR,HIGH_CONFIDENCE_NEAR_DUPLICATE,train/Venomous_Snake/DSC00767.jpg,Venomous_Snake,TRAIN,0,0,False
Venomous/Saw-scaled Viper/dsc_5371_720.jpg,Venomous,Saw-scaled Viper,NEAR,HIGH_CONFIDENCE_NEAR_DUPLICATE,test/Venomous_Snake/dsc_5371_720.jpg,Venomous_Snake,TEST,0,0,True
Venomous/Saw-scaled Viper/eade0eaff607199224e4384a528cd8cc--viper-snakes.jpg,Venomous,Saw-scaled Viper,NEAR,HIGH_CONFIDENCE_NEAR_DUPLICATE,train/Venomous_Snake/eade0eaff607199224e4384a528cd8cc--viper-snakes.jpg,Venomous_Snake,TRAIN,0,0,False
Venomous/Saw-scaled Viper/Echis carinatus sinhaleyus_001.jpg,Venomous,Saw-scaled Viper,NEAR,HIGH_CONFIDENCE_NEAR_DUPLICATE,test/Venomous_Snake/Echis carinatus sinhaleyus_001.jpg,Venomous_Snake,TEST,0,0,True
Venomous/Saw-scaled Viper/echis-carinata-saw-scaled-viper-non-venomous-photographed-in-pune-h9erx8_001.jpg,Venomous,Saw-scaled Viper,NEAR,HIGH_CONFIDENCE_NEAR_DUPLICATE,train/Venomous_Snake/echis-carinata-saw-scaled-viper-non-venomous-photographed-in-pune-h9erx8_001.jpg,Venomous_Snake,TRAIN,0,1,False
Venomous/Saw-scaled Viper/Echis-carinatus-03000022332_01.jpg,Venomous,Saw-scaled Viper,NEAR,HIGH_CONFIDENCE_NEAR_DUPLICATE,train/Venomous_Snake/Echis-carinatus-03000022332_01.jpg,Venomous_Snake,TRAIN,0,0,False
Venomous/Saw-scaled Viper/Echis-carinatus-03000025920_01.jpg,Venomous,Saw-scaled Viper,NEAR,HIGH_CONFIDENCE_NEAR_DUPLICATE,train/Venomous_Snake/Echis-carinatus-03000025920_01.jpg,Venomous_Snake,TRAIN,0,0,False
Venomous/Saw-scaled Viper/Echis-carinatus-03000032248_01.jpg,Venomous,Saw-scaled Viper,NEAR,HIGH_CONFIDENCE_NEAR_DUPLICATE,train/Venomous_Snake/Echis-carinatus-03000032248_01.jpg,Venomous_Snake,TRAIN,0,0,False
Venomous/Saw-scaled Viper/Echis-carinatus-03000032251_01.jpg,Venomous,Saw-scaled Viper,NEAR,HIGH_CONFIDENCE_NEAR_DUPLICATE,train/Venomous_Snake/Echis-carinatus-03000032251_01.jpg,Venomous_Snake,TRAIN,0,1,False
Venomous/Saw-scaled Viper/echis-carinatus-saw-scaled-viper-commonly-called-venomous-species-found-parts-middle-east-central-64401743.jpg,Venomous,Saw-scaled Viper,NEAR,HIGH_CONFIDENCE_NEAR_DUPLICATE,train/Venomous_Snake/echis-carinatus-saw-scaled-viper-commonly-called-venomous-species-found-parts-middle-east-central-64401743.jpg,Venomous_Snake,TRAIN,0,1,False
Venomous/Saw-scaled Viper/echis-carinatus-saw-scaled-viper-commonly-called-venomous-species-found-parts-middle-east-central-64402010.jpg,Venomous,Saw-scaled Viper,NEAR,HIGH_CONFIDENCE_NEAR_DUPLICATE,train/Venomous_Snake/echis-carinatus-saw-scaled-viper-commonly-called-venomous-species-found-parts-middle-east-central-64402010.jpg,Venomous_Snake,TRAIN,0,0,False
Venomous/Saw-scaled Viper/echis-carinatus-saw-scaled-viper-commonly-called-venomous-species-found-parts-middle-east-central-64402010_001.jpg,Venomous,Saw-scaled Viper,NEAR,HIGH_CONFIDENCE_NEAR_DUPLICATE,train/Venomous_Snake/echis-carinatus-saw-scaled-viper-commonly-called-venomous-species-found-parts-middle-east-central-64402010_001.jpg,Venomous_Snake,TRAIN,0,0,False
Venomous/Saw-scaled Viper/echis-coloratus-painted-saw-scaled-viper-BN1NXB.jpg,Venomous,Saw-scaled Viper,NEAR,HIGH_CONFIDENCE_NEAR_DUPLICATE,train/Venomous_Snake/echis-coloratus-painted-saw-scaled-viper-BN1NXB.jpg,Venomous_Snake,TRAIN,0,1,False
Venomous/Saw-scaled Viper/echis-coloratus-saw-scaled-viper-bcpdaa.jpg,Venomous,Saw-scaled Viper,NEAR,HIGH_CONFIDENCE_NEAR_DUPLICATE,train/Venomous_Snake/echis-coloratus-saw-scaled-viper-bcpdaa.jpg,Venomous_Snake,TRAIN,0,0,False
Venomous/Saw-scaled Viper/echis-coloratus-saw-scaled-viper-bddyte.jpg,Venomous,Saw-scaled Viper,NEAR,HIGH_CONFIDENCE_NEAR_DUPLICATE,train/Venomous_Snake/echis-coloratus-saw-scaled-viper-bddyte.jpg,Venomous_Snake,TRAIN,0,0,False
Venomous/Saw-scaled Viper/echis-coloratus.jpg,Venomous,Saw-scaled Viper,NEAR,HIGH_CONFIDENCE_NEAR_DUPLICATE,train/Venomous_Snake/echis-coloratus.jpg,Venomous_Snake,TRAIN,0,0,False
Venomous/Saw-scaled Viper/Echis_carinatus(Saw_Scaled_Viper)_Phansad.jpg,Venomous,Saw-scaled Viper,NEAR,HIGH_CONFIDENCE_NEAR_DUPLICATE,train/Venomous_Snake/Echis_carinatus(Saw_Scaled_Viper)_Phansad.jpg,Venomous_Snake,TRAIN,0,1,False
Venomous/Saw-scaled Viper/Echis_carinatus5.jpg,Venomous,Saw-scaled Viper,NEAR,HIGH_CONFIDENCE_NEAR_DUPLICATE,train/Venomous_Snake/Echis_carinatus5.jpg,Venomous_Snake,TRAIN,0,0,False
Venomous/Saw-scaled Viper/Echis_carinatus_Genève_24102014_3-1024x681.jpg,Venomous,Saw-scaled Viper,NEAR,HIGH_CONFIDENCE_NEAR_DUPLICATE,train/Venomous_Snake/Echis_carinatus_Gen├¿ve_24102014_3-1024x681.jpg,Venomous_Snake,TRAIN,0,0,False
Venomous/Saw-scaled Viper/Echis_carinatus_head_sal.jpg,Venomous,Saw-scaled Viper,NEAR,HIGH_CONFIDENCE_NEAR_DUPLICATE,test/Venomous_Snake/Echis_carinatus_head_sal.jpg,Venomous_Snake,TEST,0,0,True
Venomous/Saw-scaled Viper/Echis_carinatus_sm.jpg,Venomous,Saw-scaled Viper,NEAR,HIGH_CONFIDENCE_NEAR_DUPLICATE,train/Venomous_Snake/Echis_carinatus_sm.jpg,Venomous_Snake,TRAIN,0,0,False
Venomous/Saw-scaled Viper/Echis_coloratus-2.jpg,Venomous,Saw-scaled Viper,NEAR,HIGH_CONFIDENCE_NEAR_DUPLICATE,train/Venomous_Snake/Echis_coloratus-2.jpg,Venomous_Snake,TRAIN,0,0,False
Venomous/Saw-scaled Viper/Echis_coloratus.jpg,Venomous,Saw-scaled Viper,NEAR,HIGH_CONFIDENCE_NEAR_DUPLICATE,validation/Venomous_Snake/Echis_coloratus.jpg,Venomous_Snake,VALIDATION,0,0,False
"Venomous/Saw-scaled Viper/flat,1000x1000,075,f.u4.jpg",Venomous,Saw-scaled Viper,NEAR,HIGH_CONFIDENCE_NEAR_DUPLICATE,"validation/Venomous_Snake/flat,1000x1000,075,f.u4.jpg",Venomous_Snake,VALIDATION,0,0,False
Venomous/Saw-scaled Viper/Head-of-Sind-saw-scaled-viper.jpg,Venomous,Saw-scaled Viper,NEAR,HIGH_CONFIDENCE_NEAR_DUPLICATE,train/Venomous_Snake/Head-of-Sind-saw-scaled-viper.jpg,Venomous_Snake,TRAIN,0,0,False
Venomous/Saw-scaled Viper/hqdefault.jpg,Venomous,Saw-scaled Viper,NEAR,HIGH_CONFIDENCE_NEAR_DUPLICATE,train/Venomous_Snake/hqdefault (4).jpg,Venomous_Snake,TRAIN,0,0,False
Venomous/Saw-scaled Viper/hqdefault_003.jpg,Venomous,Saw-scaled Viper,NEAR,HIGH_CONFIDENCE_NEAR_DUPLICATE,train/Venomous_Snake/hqdefault_003 (3).jpg,Venomous_Snake,TRAIN,0,0,False
Venomous/Saw-scaled Viper/hqdefault_004.jpg,Venomous,Saw-scaled Viper,NEAR,HIGH_CONFIDENCE_NEAR_DUPLICATE,train/Venomous_Snake/hqdefault_004 (2).jpg,Venomous_Snake,TRAIN,0,0,False
Venomous/Saw-scaled Viper/hqdefault_007.jpg,Venomous,Saw-scaled Viper,NEAR,HIGH_CONFIDENCE_NEAR_DUPLICATE,train/Venomous_Snake/hqdefault_007 (4).jpg,Venomous_Snake,TRAIN,0,1,False
Venomous/Saw-scaled Viper/hqdefault_008.jpg,Venomous,Saw-scaled Viper,NEAR,HIGH_CONFIDENCE_NEAR_DUPLICATE,validation/Venomous_Snake/hqdefault_008.jpg,Venomous_Snake,VALIDATION,0,0,False
Venomous/Saw-scaled Viper/hqdefault_009.jpg,Venomous,Saw-scaled Viper,NEAR,HIGH_CONFIDENCE_NEAR_DUPLICATE,train/Venomous_Snake/hqdefault_009 (2).jpg,Venomous_Snake,TRAIN,2,1,False
Venomous/Saw-scaled Viper/ht_saw_scaled_viper_heart_attack_treatment_lpl_130221_wmain.jpg,Venomous,Saw-scaled Viper,NEAR,HIGH_CONFIDENCE_NEAR_DUPLICATE,validation/Venomous_Snake/ht_saw_scaled_viper_heart_attack_treatment_lpl_130221_wmain.jpg,Venomous_Snake,VALIDATION,0,0,False
Venomous/Saw-scaled Viper/image354.jpg,Venomous,Saw-scaled Viper,NEAR,HIGH_CONFIDENCE_NEAR_DUPLICATE,train/Venomous_Snake/image354.jpg,Venomous_Snake,TRAIN,0,0,False
Venomous/Saw-scaled Viper/img_2505.jpg,Venomous,Saw-scaled Viper,NEAR,HIGH_CONFIDENCE_NEAR_DUPLICATE,validation/Venomous_Snake/img_2505.jpg,Venomous_Snake,VALIDATION,2,0,False
Venomous/Saw-scaled Viper/IMG_3806-2.jpg,Venomous,Saw-scaled Viper,NEAR,HIGH_CONFIDENCE_NEAR_DUPLICATE,train/Venomous_Snake/IMG_3806-2.jpg,Venomous_Snake,TRAIN,0,2,False
Venomous/Saw-scaled Viper/IMG_3808-2.jpg,Venomous,Saw-scaled Viper,NEAR,HIGH_CONFIDENCE_NEAR_DUPLICATE,train/Venomous_Snake/IMG_3808-2.jpg,Venomous_Snake,TRAIN,0,2,False
Venomous/Saw-scaled Viper/IMG_4386-2.jpg,Venomous,Saw-scaled Viper,NEAR,HIGH_CONFIDENCE_NEAR_DUPLICATE,train/Venomous_Snake/IMG_4386-2 (2).jpg,Venomous_Snake,TRAIN,0,0,False
Venomous/Saw-scaled Viper/IMG_4588.jpg,Venomous,Saw-scaled Viper,NEAR,HIGH_CONFIDENCE_NEAR_DUPLICATE,train/Venomous_Snake/IMG_4588.jpg,Venomous_Snake,TRAIN,0,0,False
Venomous/Saw-scaled Viper/indian-saw-scaled-viper-echis-carinatus-hpwf67.jpg,Venomous,Saw-scaled Viper,NEAR,HIGH_CONFIDENCE_NEAR_DUPLICATE,train/Venomous_Snake/indian-saw-scaled-viper-echis-carinatus-hpwf67.jpg,Venomous_Snake,TRAIN,0,0,False
Venomous/Saw-scaled Viper/indian-saw-scaled-viper-echis-carinatus-HPWF67_001.jpg,Venomous,Saw-scaled Viper,NEAR,HIGH_CONFIDENCE_NEAR_DUPLICATE,train/Venomous_Snake/indian-saw-scaled-viper-echis-carinatus-HPWF67_001.jpg,Venomous_Snake,TRAIN,2,0,False
Venomous/Saw-scaled Viper/indian-saw-scaled-viper-echis-carinatus-HPWF6H.jpg,Venomous,Saw-scaled Viper,NEAR,HIGH_CONFIDENCE_NEAR_DUPLICATE,train/Venomous_Snake/indian-saw-scaled-viper-echis-carinatus-HPWF6H.jpg,Venomous_Snake,TRAIN,0,0,False
Venomous/Saw-scaled Viper/large.jpg,Venomous,Saw-scaled Viper,NEAR,HIGH_CONFIDENCE_NEAR_DUPLICATE,train/Venomous_Snake/large.jpg,Venomous_Snake,TRAIN,0,0,False
Venomous/Saw-scaled Viper/maxresdefault_001.jpg,Venomous,Saw-scaled Viper,NEAR,HIGH_CONFIDENCE_NEAR_DUPLICATE,train/Venomous_Snake/maxresdefault_001 (2).jpg,Venomous_Snake,TRAIN,0,0,False
Venomous/Saw-scaled Viper/maxresdefault_002.jpg,Venomous,Saw-scaled Viper,NEAR,HIGH_CONFIDENCE_NEAR_DUPLICATE,validation/Venomous_Snake/maxresdefault_002 (4).jpg,Venomous_Snake,VALIDATION,0,0,False
Venomous/Saw-scaled Viper/maxresdefault_003.jpg,Venomous,Saw-scaled Viper,NEAR,HIGH_CONFIDENCE_NEAR_DUPLICATE,train/Venomous_Snake/maxresdefault_003 (2).jpg,Venomous_Snake,TRAIN,0,0,False
Venomous/Saw-scaled Viper/maxresdefault_006.jpg,Venomous,Saw-scaled Viper,NEAR,HIGH_CONFIDENCE_NEAR_DUPLICATE,train/Venomous_Snake/maxresdefault_006 (2).jpg,Venomous_Snake,TRAIN,0,0,False
Venomous/Saw-scaled Viper/maxresdefault_007.jpg,Venomous,Saw-scaled Viper,NEAR,HIGH_CONFIDENCE_NEAR_DUPLICATE,train/Venomous_Snake/maxresdefault_007 (2).jpg,Venomous_Snake,TRAIN,0,0,False
Venomous/Saw-scaled Viper/maxresdefault_008.jpg,Venomous,Saw-scaled Viper,NEAR,HIGH_CONFIDENCE_NEAR_DUPLICATE,train/Venomous_Snake/maxresdefault_008.jpg,Venomous_Snake,TRAIN,0,0,False
Venomous/Saw-scaled Viper/maxresdefault_009.jpg,Venomous,Saw-scaled Viper,NEAR,HIGH_CONFIDENCE_NEAR_DUPLICATE,train/Venomous_Snake/maxresdefault_009.jpg,Venomous_Snake,TRAIN,0,0,False
Venomous/Saw-scaled Viper/Oman-saw-scaled-viper-flicking-tongue.jpg,Venomous,Saw-scaled Viper,NEAR,HIGH_CONFIDENCE_NEAR_DUPLICATE,validation/Venomous_Snake/Oman-saw-scaled-viper-flicking-tongue.jpg,Venomous_Snake,VALIDATION,0,0,False
Venomous/Saw-scaled Viper/Oman-saw-scaled-viper.jpg,Venomous,Saw-scaled Viper,NEAR,HIGH_CONFIDENCE_NEAR_DUPLICATE,train/Venomous_Snake/Oman-saw-scaled-viper.jpg,Venomous_Snake,TRAIN,0,0,False
Venomous/Saw-scaled Viper/Saw Scaled Viper Echis_carinatus.jpg,Venomous,Saw-scaled Viper,NEAR,HIGH_CONFIDENCE_NEAR_DUPLICATE,train/Venomous_Snake/Saw Scaled Viper Echis_carinatus.jpg,Venomous_Snake,TRAIN,0,0,False
Venomous/Saw-scaled Viper/Saw Scaled Viper.jpg,Venomous,Saw-scaled Viper,NEAR,HIGH_CONFIDENCE_NEAR_DUPLICATE,train/Venomous_Snake/Saw Scaled Viper.jpg,Venomous_Snake,TRAIN,0,0,False
Venomous/Saw-scaled Viper/saw-scale-viper-h.jpg,Venomous,Saw-scaled Viper,NEAR,HIGH_CONFIDENCE_NEAR_DUPLICATE,train/Venomous_Snake/saw-scale-viper-h.jpg,Venomous_Snake,TRAIN,0,0,False
Venomous/Saw-scaled Viper/saw-scale-viper.jpg,Venomous,Saw-scaled Viper,NEAR,HIGH_CONFIDENCE_NEAR_DUPLICATE,train/Venomous_Snake/saw-scale-viper.jpg,Venomous_Snake,TRAIN,0,1,False
Venomous/Saw-scaled Viper/saw-scaled VIPER.jpg,Venomous,Saw-scaled Viper,NEAR,HIGH_CONFIDENCE_NEAR_DUPLICATE,train/Venomous_Snake/saw-scaled VIPER.jpg,Venomous_Snake,TRAIN,0,0,False
Venomous/Saw-scaled Viper/Saw-scaled Viper_002.jpg,Venomous,Saw-scaled Viper,NEAR,HIGH_CONFIDENCE_NEAR_DUPLICATE,validation/Venomous_Snake/Saw-scaled Viper_002.jpg,Venomous_Snake,VALIDATION,0,0,False
Venomous/Saw-scaled Viper/saw-scaled-pit-viper-16799779.jpg,Venomous,Saw-scaled Viper,NEAR,HIGH_CONFIDENCE_NEAR_DUPLICATE,train/Venomous_Snake/saw-scaled-pit-viper-16799779.jpg,Venomous_Snake,TRAIN,0,0,False
Venomous/Saw-scaled Viper/saw-scaled-pit-viper-16799779_001.jpg,Venomous,Saw-scaled Viper,NEAR,HIGH_CONFIDENCE_NEAR_DUPLICATE,train/Venomous_Snake/saw-scaled-pit-viper-16799779_001.jpg,Venomous_Snake,TRAIN,0,0,False
Venomous/Saw-scaled Viper/saw-scaled-viper--echis-carinatus.jpg,Venomous,Saw-scaled Viper,NEAR,HIGH_CONFIDENCE_NEAR_DUPLICATE,train/Venomous_Snake/saw-scaled-viper--echis-carinatus.jpg,Venomous_Snake,TRAIN,0,0,False
Venomous/Saw-scaled Viper/Saw-scaled-Viper-02 copy-S.jpg,Venomous,Saw-scaled Viper,NEAR,HIGH_CONFIDENCE_NEAR_DUPLICATE,train/Venomous_Snake/Saw-scaled-Viper-02 copy-S.jpg,Venomous_Snake,TRAIN,0,0,False
Venomous/Saw-scaled Viper/Saw-scaled-Viper-03 copy-X2.jpg,Venomous,Saw-scaled Viper,NEAR,HIGH_CONFIDENCE_NEAR_DUPLICATE,validation/Venomous_Snake/Saw-scaled-Viper-03 copy-X2.jpg,Venomous_Snake,VALIDATION,0,0,False
Venomous/Saw-scaled Viper/Saw-Scaled-Viper-1 copy-X2.jpg,Venomous,Saw-scaled Viper,NEAR,HIGH_CONFIDENCE_NEAR_DUPLICATE,train/Venomous_Snake/Saw-Scaled-Viper-1 copy-X2.jpg,Venomous_Snake,TRAIN,0,0,False
Venomous/Saw-scaled Viper/SAW-SCALED-VIPER-5.jpg,Venomous,Saw-scaled Viper,NEAR,HIGH_CONFIDENCE_NEAR_DUPLICATE,validation/Venomous_Snake/SAW-SCALED-VIPER-5.jpg,Venomous_Snake,VALIDATION,0,0,False
Venomous/Saw-scaled Viper/Saw-Scaled-Viper-Bhavya-Joshi-Flickr.jpg,Venomous,Saw-scaled Viper,NEAR,HIGH_CONFIDENCE_NEAR_DUPLICATE,train/Venomous_Snake/Saw-Scaled-Viper-Bhavya-Joshi-Flickr.jpg,Venomous_Snake,TRAIN,0,0,False
Venomous/Saw-scaled Viper/saw-scaled-viper-echis-carinatus-common-wilderness-goa-E461GP.jpg,Venomous,Saw-scaled Viper,NEAR,HIGH_CONFIDENCE_NEAR_DUPLICATE,train/Venomous_Snake/saw-scaled-viper-echis-carinatus-common-wilderness-goa-E461GP.jpg,Venomous_Snake,TRAIN,0,0,False
Venomous/Saw-scaled Viper/saw-scaled-viper-echis-carinatus-echis-carinatus-is-a-venomous-viper-ax095m.jpg,Venomous,Saw-scaled Viper,NEAR,HIGH_CONFIDENCE_NEAR_DUPLICATE,train/Venomous_Snake/saw-scaled-viper-echis-carinatus-echis-carinatus-is-a-venomous-viper-ax095m.jpg,Venomous_Snake,TRAIN,0,1,False
Venomous/Saw-scaled Viper/saw-scaled-viper-echis-carinatus-in-creek-tamil-nadu-south-india-EPD0HY.jpg,Venomous,Saw-scaled Viper,NEAR,HIGH_CONFIDENCE_NEAR_DUPLICATE,train/Venomous_Snake/saw-scaled-viper-echis-carinatus-in-creek-tamil-nadu-south-india-EPD0HY.jpg,Venomous_Snake,TRAIN,0,0,False
Venomous/Saw-scaled Viper/saw-scaled-viper-echis-carinatus-specimen-from-maharashtra-india-H9ET2H.jpg,Venomous,Saw-scaled Viper,NEAR,HIGH_CONFIDENCE_NEAR_DUPLICATE,train/Venomous_Snake/saw-scaled-viper-echis-carinatus-specimen-from-maharashtra-india-H9ET2H.jpg,Venomous_Snake,TRAIN,0,0,False
Venomous/Saw-scaled Viper/saw-scaled-viper-echis-carinatus-venomous-common-C690MR.jpg,Venomous,Saw-scaled Viper,NEAR,HIGH_CONFIDENCE_NEAR_DUPLICATE,train/Venomous_Snake/saw-scaled-viper-echis-carinatus-venomous-common-C690MR.jpg,Venomous_Snake,TRAIN,0,1,False
Venomous/Saw-scaled Viper/saw-scaled-viper-echis-carinatus-venomous-H9ERFT.jpg,Venomous,Saw-scaled Viper,NEAR,HIGH_CONFIDENCE_NEAR_DUPLICATE,train/Venomous_Snake/saw-scaled-viper-echis-carinatus-venomous-H9ERFT.jpg,Venomous_Snake,TRAIN,0,1,False
Venomous/Saw-scaled Viper/saw-scaled-viper-echis-omanensis-38054928.jpg,Venomous,Saw-scaled Viper,NEAR,HIGH_CONFIDENCE_NEAR_DUPLICATE,train/Venomous_Snake/saw-scaled-viper-echis-omanensis-38054928.jpg,Venomous_Snake,TRAIN,0,1,False
Venomous/Saw-scaled Viper/saw-scaled-viper-face-1400-AT-10-980x735.jpg,Venomous,Saw-scaled Viper,NEAR,HIGH_CONFIDENCE_NEAR_DUPLICATE,train/Venomous_Snake/saw-scaled-viper-face-1400-AT-10-980x735.jpg,Venomous_Snake,TRAIN,0,0,False
Venomous/Saw-scaled Viper/saw-scaled-viper-in-habitat-b5gwpw.jpg,Venomous,Saw-scaled Viper,NEAR,HIGH_CONFIDENCE_NEAR_DUPLICATE,train/Venomous_Snake/saw-scaled-viper-in-habitat-b5gwpw.jpg,Venomous_Snake,TRAIN,0,0,False
Venomous/Saw-scaled Viper/saw-scaled-viper-in-habitat-b5gwtf.jpg,Venomous,Saw-scaled Viper,NEAR,HIGH_CONFIDENCE_NEAR_DUPLICATE,train/Venomous_Snake/saw-scaled-viper-in-habitat-b5gwtf.jpg,Venomous_Snake,TRAIN,0,1,False
Venomous/Saw-scaled Viper/saw-scaled-viper-in-habitat-B5GWTF_001.jpg,Venomous,Saw-scaled Viper,NEAR,HIGH_CONFIDENCE_NEAR_DUPLICATE,train/Venomous_Snake/saw-scaled-viper-in-habitat-B5GWTF_001.jpg,Venomous_Snake,TRAIN,0,2,False
Venomous/Saw-scaled Viper/saw-scaled-viper-in-habitat-b5h4en.jpg,Venomous,Saw-scaled Viper,NEAR,HIGH_CONFIDENCE_NEAR_DUPLICATE,train/Venomous_Snake/saw-scaled-viper-in-habitat-b5h4en.jpg,Venomous_Snake,TRAIN,0,0,False
Venomous/Saw-scaled Viper/saw-scaled-viper-in-habitat-b5h4fd.jpg,Venomous,Saw-scaled Viper,NEAR,HIGH_CONFIDENCE_NEAR_DUPLICATE,train/Venomous_Snake/saw-scaled-viper-in-habitat-b5h4fd.jpg,Venomous_Snake,TRAIN,0,1,False
Venomous/Saw-scaled Viper/saw-scaled-viper-in-habitat-b5h4gj.jpg,Venomous,Saw-scaled Viper,NEAR,HIGH_CONFIDENCE_NEAR_DUPLICATE,train/Venomous_Snake/saw-scaled-viper-in-habitat-b5h4gj.jpg,Venomous_Snake,TRAIN,0,0,False
Venomous/Saw-scaled Viper/saw-scaled-viper-in-habitat-fact8x.jpg,Venomous,Saw-scaled Viper,NEAR,HIGH_CONFIDENCE_NEAR_DUPLICATE,validation/Venomous_Snake/saw-scaled-viper-in-habitat-fact8x.jpg,Venomous_Snake,VALIDATION,2,1,False
Venomous/Saw-scaled Viper/saw-scaled-viper-saw-scaled-adder-echis-carinatus-one-of-the-most-ebn5em.jpg,Venomous,Saw-scaled Viper,NEAR,HIGH_CONFIDENCE_NEAR_DUPLICATE,train/Venomous_Snake/saw-scaled-viper-saw-scaled-adder-echis-carinatus-one-of-the-most-ebn5em.jpg,Venomous_Snake,TRAIN,0,0,False
Venomous/Saw-scaled Viper/Saw-Scaled-Viper.jpg,Venomous,Saw-scaled Viper,NEAR,HIGH_CONFIDENCE_NEAR_DUPLICATE,train/Venomous_Snake/Saw-Scaled-Viper.jpg,Venomous_Snake,TRAIN,0,0,False
Venomous/Saw-scaled Viper/Saw-Scaled-viper1.jpg,Venomous,Saw-scaled Viper,NEAR,HIGH_CONFIDENCE_NEAR_DUPLICATE,train/Venomous_Snake/Saw-Scaled-viper1.jpg,Venomous_Snake,TRAIN,0,0,False
Venomous/Saw-scaled Viper/Saw-scaled-viper_003.jpg,Venomous,Saw-scaled Viper,NEAR,HIGH_CONFIDENCE_NEAR_DUPLICATE,train/Venomous_Snake/Saw-scaled-viper_003.jpg,Venomous_Snake,TRAIN,2,0,False
Venomous/Saw-scaled Viper/Saw-scaled-viper_004.jpg,Venomous,Saw-scaled Viper,NEAR,HIGH_CONFIDENCE_NEAR_DUPLICATE,validation/Venomous_Snake/Saw-scaled-viper_004.jpg,Venomous_Snake,VALIDATION,0,0,False
Venomous/Saw-scaled Viper/Saw-scaled-viper_005.jpg,Venomous,Saw-scaled Viper,NEAR,HIGH_CONFIDENCE_NEAR_DUPLICATE,train/Venomous_Snake/Saw-scaled-viper_005.jpg,Venomous_Snake,TRAIN,0,0,False
Venomous/Saw-scaled Viper/saw-scaled-viper_006.jpg,Venomous,Saw-scaled Viper,NEAR,HIGH_CONFIDENCE_NEAR_DUPLICATE,validation/Venomous_Snake/saw-scaled-viper_006.jpg,Venomous_Snake,VALIDATION,0,0,False
Venomous/Saw-scaled Viper/saw-scaled-viper_007.jpg,Venomous,Saw-scaled Viper,NEAR,HIGH_CONFIDENCE_NEAR_DUPLICATE,train/Venomous_Snake/saw-scaled-viper_007.jpg,Venomous_Snake,TRAIN,0,0,False
Venomous/Saw-scaled Viper/Saw-Scaled-Viper_008.jpg,Venomous,Saw-scaled Viper,NEAR,HIGH_CONFIDENCE_NEAR_DUPLICATE,train/Venomous_Snake/Russel Viper 04.jpg,Venomous_Snake,TRAIN,0,0,False
Venomous/Saw-scaled Viper/Saw-Scaled-Viper_009.jpg,Venomous,Saw-scaled Viper,NEAR,HIGH_CONFIDENCE_NEAR_DUPLICATE,train/Venomous_Snake/Saw-Scaled-Viper_009.jpg,Venomous_Snake,TRAIN,0,0,False
Venomous/Saw-scaled Viper/Saw-Scaled-Viper_010.jpg,Venomous,Saw-scaled Viper,NEAR,HIGH_CONFIDENCE_NEAR_DUPLICATE,train/Venomous_Snake/Saw-Scaled-Viper_010.jpg,Venomous_Snake,TRAIN,0,0,False
Venomous/Saw-scaled Viper/Saw-scaled-Viper_011.jpg,Venomous,Saw-scaled Viper,NEAR,HIGH_CONFIDENCE_NEAR_DUPLICATE,train/Venomous_Snake/Saw-scaled-Viper_011.jpg,Venomous_Snake,TRAIN,0,0,False
Venomous/Saw-scaled Viper/Saw-Scaled-Viper_012.jpg,Venomous,Saw-scaled Viper,NEAR,HIGH_CONFIDENCE_NEAR_DUPLICATE,train/Venomous_Snake/Saw-Scaled-Viper_012.jpg,Venomous_Snake,TRAIN,0,0,False
Venomous/Saw-scaled Viper/saw-scaled-viper_013.jpg,Venomous,Saw-scaled Viper,NEAR,HIGH_CONFIDENCE_NEAR_DUPLICATE,validation/Venomous_Snake/saw-scaled-viper_013.jpg,Venomous_Snake,VALIDATION,0,0,False
Venomous/Saw-scaled Viper/Saw-Scaled-Viper_014.jpg,Venomous,Saw-scaled Viper,NEAR,HIGH_CONFIDENCE_NEAR_DUPLICATE,train/Venomous_Snake/Saw-Scaled-Viper_014.jpg,Venomous_Snake,TRAIN,0,0,False
Venomous/Saw-scaled Viper/saw-scaled-viper_015.jpg,Venomous,Saw-scaled Viper,NEAR,HIGH_CONFIDENCE_NEAR_DUPLICATE,validation/Venomous_Snake/saw-scaled-viper_015.jpg,Venomous_Snake,VALIDATION,0,0,False
Venomous/Saw-scaled Viper/saw-scaled-viper_65_448060a.jpg,Venomous,Saw-scaled Viper,NEAR,HIGH_CONFIDENCE_NEAR_DUPLICATE,train/Venomous_Snake/saw-scaled-viper_65_448060a.jpg,Venomous_Snake,TRAIN,0,0,False
Venomous/Saw-scaled Viper/saw-scaled-vipers-echis-carinatus-waiting-to-be-milked-for-their-venom-BBTTHP.jpg,Venomous,Saw-scaled Viper,NEAR,HIGH_CONFIDENCE_NEAR_DUPLICATE,train/Venomous_Snake/saw-scaled-vipers-echis-carinatus-waiting-to-be-milked-for-their-venom-BBTTHP.jpg,Venomous_Snake,TRAIN,0,1,False
Venomous/Saw-scaled Viper/Saw-scaled_Viper_(Echis_carinatus)_Photographed_By_Shantanu_Kuveskar.jpg,Venomous,Saw-scaled Viper,NEAR,HIGH_CONFIDENCE_NEAR_DUPLICATE,train/Venomous_Snake/Saw-scaled_Viper_(Echis_carinatus)_Photographed_By_Shantanu_Kuveskar.jpg,Venomous_Snake,TRAIN,0,1,False
Venomous/Saw-scaled Viper/Saw-scaled_viper_Echis_carinatus_by_Krishna_Khan_Amravati.jpg,Venomous,Saw-scaled Viper,NEAR,HIGH_CONFIDENCE_NEAR_DUPLICATE,validation/Venomous_Snake/Saw-scaled_viper_Echis_carinatus_by_Krishna_Khan_Amravati.jpg,Venomous_Snake,VALIDATION,2,0,False
Venomous/Saw-scaled Viper/Saw-scaled_viper_egg.JPG,Venomous,Saw-scaled Viper,NEAR,HIGH_CONFIDENCE_NEAR_DUPLICATE,validation/Venomous_Snake/Saw-scaled_viper_egg.JPG,Venomous_Snake,VALIDATION,0,0,False
Venomous/Saw-scaled Viper/Saw-scaledViper.jpg,Venomous,Saw-scaled Viper,NEAR,HIGH_CONFIDENCE_NEAR_DUPLICATE,train/Venomous_Snake/Saw-scaledViper.jpg,Venomous_Snake,TRAIN,0,0,False
Venomous/Saw-scaled Viper/saw.jpg,Venomous,Saw-scaled Viper,NEAR,HIGH_CONFIDENCE_NEAR_DUPLICATE,train/Venomous_Snake/saw.jpg,Venomous_Snake,TRAIN,0,0,False
Venomous/Saw-scaled Viper/saw_scaled_kid_with_biggie.jpg,Venomous,Saw-scaled Viper,NEAR,HIGH_CONFIDENCE_NEAR_DUPLICATE,train/Venomous_Snake/saw_scaled_kid_with_biggie.jpg,Venomous_Snake,TRAIN,0,0,False
Venomous/Saw-scaled Viper/Saw_scaled_viper.jpg,Venomous,Saw-scaled Viper,NEAR,HIGH_CONFIDENCE_NEAR_DUPLICATE,train/Venomous_Snake/Saw_scaled_viper.jpg,Venomous_Snake,TRAIN,0,0,False
Venomous/Saw-scaled Viper/Saw_scaled_viper_001.jpg,Venomous,Saw-scaled Viper,NEAR,HIGH_CONFIDENCE_NEAR_DUPLICATE,train/Venomous_Snake/Saw_scaled_viper_001.jpg,Venomous_Snake,TRAIN,0,0,False
Venomous/Saw-scaled Viper/Saw_scaled_viper_2.jpg,Venomous,Saw-scaled Viper,NEAR,HIGH_CONFIDENCE_NEAR_DUPLICATE,train/Venomous_Snake/Saw_scaled_viper_2.jpg,Venomous_Snake,TRAIN,0,1,False
Venomous/Saw-scaled Viper/SAWSCALE.JPG,Venomous,Saw-scaled Viper,NEAR,HIGH_CONFIDENCE_NEAR_DUPLICATE,train/Venomous_Snake/SAWSCALE.JPG,Venomous_Snake,TRAIN,0,0,False
Venomous/Saw-scaled Viper/sawscale1.jpg,Venomous,Saw-scaled Viper,NEAR,HIGH_CONFIDENCE_NEAR_DUPLICATE,validation/Venomous_Snake/sawscale1.jpg,Venomous_Snake,VALIDATION,0,0,False
Venomous/Saw-scaled Viper/sawscale2.jpg,Venomous,Saw-scaled Viper,NEAR,HIGH_CONFIDENCE_NEAR_DUPLICATE,train/Venomous_Snake/sawscale2.jpg,Venomous_Snake,TRAIN,0,0,False
Venomous/Saw-scaled Viper/sawscale3.jpg,Venomous,Saw-scaled Viper,NEAR,HIGH_CONFIDENCE_NEAR_DUPLICATE,train/Venomous_Snake/sawscale3.jpg,Venomous_Snake,TRAIN,0,0,False
Venomous/Saw-scaled Viper/sawscale4.jpg,Venomous,Saw-scaled Viper,NEAR,HIGH_CONFIDENCE_NEAR_DUPLICATE,train/Venomous_Snake/sawscale4.jpg,Venomous_Snake,TRAIN,0,0,False
Venomous/Saw-scaled Viper/sawscale_001.jpg,Venomous,Saw-scaled Viper,NEAR,HIGH_CONFIDENCE_NEAR_DUPLICATE,train/Venomous_Snake/sawscale_001.jpg,Venomous_Snake,TRAIN,0,0,False
Venomous/Saw-scaled Viper/sawscaled-viper.jpg,Venomous,Saw-scaled Viper,NEAR,HIGH_CONFIDENCE_NEAR_DUPLICATE,train/Venomous_Snake/sawscaled-viper.jpg,Venomous_Snake,TRAIN,0,0,False
Venomous/Saw-scaled Viper/sawscaled.jpg,Venomous,Saw-scaled Viper,NEAR,HIGH_CONFIDENCE_NEAR_DUPLICATE,train/Venomous_Snake/sawscaled.jpg,Venomous_Snake,TRAIN,0,0,False
Venomous/Saw-scaled Viper/sawscaled_001.jpg,Venomous,Saw-scaled Viper,NEAR,HIGH_CONFIDENCE_NEAR_DUPLICATE,train/Venomous_Snake/sawscaled_001.jpg,Venomous_Snake,TRAIN,0,1,False
Venomous/Saw-scaled Viper/SawScaledBG.jpg,Venomous,Saw-scaled Viper,NEAR,HIGH_CONFIDENCE_NEAR_DUPLICATE,validation/Venomous_Snake/SawScaledBG.jpg,Venomous_Snake,VALIDATION,0,0,False
Venomous/Saw-scaled Viper/SawScaledViper.jpg,Venomous,Saw-scaled Viper,NEAR,HIGH_CONFIDENCE_NEAR_DUPLICATE,train/Venomous_Snake/SawScaledViper.jpg,Venomous_Snake,TRAIN,0,0,False
Venomous/Saw-scaled Viper/SawScaledViper_001.jpg,Venomous,Saw-scaled Viper,NEAR,HIGH_CONFIDENCE_NEAR_DUPLICATE,train/Venomous_Snake/SawScaledViper_001.jpg,Venomous_Snake,TRAIN,0,0,False
Venomous/Saw-scaled Viper/sawscaledviper_002.jpg,Venomous,Saw-scaled Viper,NEAR,HIGH_CONFIDENCE_NEAR_DUPLICATE,train/Venomous_Snake/sawscaledviper_002.jpg,Venomous_Snake,TRAIN,0,0,False
Venomous/Saw-scaled Viper/SawScaleViper.jpg,Venomous,Saw-scaled Viper,NEAR,HIGH_CONFIDENCE_NEAR_DUPLICATE,train/Venomous_Snake/SawScaleViper.jpg,Venomous_Snake,TRAIN,0,0,False
Venomous/Saw-scaled Viper/Sind-saw-scaled-viper-coiled.jpg,Venomous,Saw-scaled Viper,NEAR,HIGH_CONFIDENCE_NEAR_DUPLICATE,train/Venomous_Snake/Sind-saw-scaled-viper-coiled.jpg,Venomous_Snake,TRAIN,0,0,False
Venomous/Saw-scaled Viper/sind-saw-scaled-viper-echis-carinatus-sharjah-uae-ewyhe0.jpg,Venomous,Saw-scaled Viper,NEAR,HIGH_CONFIDENCE_NEAR_DUPLICATE,train/Venomous_Snake/sind-saw-scaled-viper-echis-carinatus-sharjah-uae-ewyhe0.jpg,Venomous_Snake,TRAIN,0,0,False
Venomous/Saw-scaled Viper/Sind-saw-scaled-viper-in-habitat.jpg,Venomous,Saw-scaled Viper,NEAR,HIGH_CONFIDENCE_NEAR_DUPLICATE,train/Venomous_Snake/Sind-saw-scaled-viper-in-habitat.jpg,Venomous_Snake,TRAIN,0,0,False
Venomous/Saw-scaled Viper/Sind-saw-scaled-viper-in-habitat_001.jpg,Venomous,Saw-scaled Viper,NEAR,HIGH_CONFIDENCE_NEAR_DUPLICATE,validation/Venomous_Snake/Sind-saw-scaled-viper-in-habitat_001.jpg,Venomous_Snake,VALIDATION,0,0,False
Venomous/Saw-scaled Viper/Sind-saw-scaled-viper-in-habitat_002.jpg,Venomous,Saw-scaled Viper,NEAR,HIGH_CONFIDENCE_NEAR_DUPLICATE,train/Venomous_Snake/Sind-saw-scaled-viper-in-habitat_002.jpg,Venomous_Snake,TRAIN,0,2,False
Venomous/Saw-scaled Viper/Sind-saw-scaled-viper-on-sand.jpg,Venomous,Saw-scaled Viper,NEAR,HIGH_CONFIDENCE_NEAR_DUPLICATE,train/Venomous_Snake/Sind-saw-scaled-viper-on-sand.jpg,Venomous_Snake,TRAIN,0,0,False
Venomous/Saw-scaled Viper/Sind-saw-scaled-viper.jpg,Venomous,Saw-scaled Viper,NEAR,HIGH_CONFIDENCE_NEAR_DUPLICATE,train/Venomous_Snake/Sind-saw-scaled-viper.jpg,Venomous_Snake,TRAIN,0,1,False
Venomous/Saw-scaled Viper/Sind-saw-scaled-viper_001.jpg,Venomous,Saw-scaled Viper,NEAR,HIGH_CONFIDENCE_NEAR_DUPLICATE,validation/Venomous_Snake/Sind-saw-scaled-viper_001.jpg,Venomous_Snake,VALIDATION,2,0,False
Venomous/Saw-scaled Viper/SindSawscaledViper-55724.jpg,Venomous,Saw-scaled Viper,NEAR,HIGH_CONFIDENCE_NEAR_DUPLICATE,train/Venomous_Snake/SindSawscaledViper-55724.jpg,Venomous_Snake,TRAIN,0,0,False
Venomous/Saw-scaled Viper/SindSawscaledViper-55727.jpg,Venomous,Saw-scaled Viper,NEAR,HIGH_CONFIDENCE_NEAR_DUPLICATE,validation/Venomous_Snake/SindSawscaledViper-55727.jpg,Venomous_Snake,VALIDATION,0,1,False
Venomous/Saw-scaled Viper/SindSawscaledViper-55734.jpg,Venomous,Saw-scaled Viper,NEAR,HIGH_CONFIDENCE_NEAR_DUPLICATE,train/Venomous_Snake/SindSawscaledViper-55734.jpg,Venomous_Snake,TRAIN,0,0,False
Venomous/Saw-scaled Viper/SindSawscaledViper-55737.jpg,Venomous,Saw-scaled Viper,NEAR,HIGH_CONFIDENCE_NEAR_DUPLICATE,train/Venomous_Snake/SindSawscaledViper-55737.jpg,Venomous_Snake,TRAIN,0,0,False
Venomous/Saw-scaled Viper/SindSawscaledViper-55742.jpg,Venomous,Saw-scaled Viper,NEAR,HIGH_CONFIDENCE_NEAR_DUPLICATE,train/Venomous_Snake/SindSawscaledViper-55742.jpg,Venomous_Snake,TRAIN,0,0,False
Venomous/Saw-scaled Viper/sn01.jpg,Venomous,Saw-scaled Viper,NEAR,HIGH_CONFIDENCE_NEAR_DUPLICATE,train/Venomous_Snake/sn01.jpg,Venomous_Snake,TRAIN,0,0,False
Venomous/Saw-scaled Viper/snake-bite-viper-saw.jpg,Venomous,Saw-scaled Viper,NEAR,HIGH_CONFIDENCE_NEAR_DUPLICATE,train/Venomous_Snake/snake-bite-viper-saw.jpg,Venomous_Snake,TRAIN,2,0,False
Venomous/Saw-scaled Viper/Snakebite-DNase-saw-scaled-viper-31cd25oj9az8gi7dpey1vk.jpg,Venomous,Saw-scaled Viper,NEAR,HIGH_CONFIDENCE_NEAR_DUPLICATE,validation/Venomous_Snake/Snakebite-DNase-saw-scaled-viper-31cd25oj9az8gi7dpey1vk.jpg,Venomous_Snake,VALIDATION,2,1,False
Venomous/Saw-scaled Viper/SNP00571.jpg,Venomous,Saw-scaled Viper,NEAR,HIGH_CONFIDENCE_NEAR_DUPLICATE,train/Venomous_Snake/SNP00571.jpg,Venomous_Snake,TRAIN,0,0,False
Venomous/Saw-scaled Viper/SNP00572.jpg,Venomous,Saw-scaled Viper,NEAR,HIGH_CONFIDENCE_NEAR_DUPLICATE,validation/Venomous_Snake/SNP00572.jpg,Venomous_Snake,VALIDATION,0,0,False
Venomous/Saw-scaled Viper/SNP00591.jpg,Venomous,Saw-scaled Viper,NEAR,HIGH_CONFIDENCE_NEAR_DUPLICATE,train/Venomous_Snake/SNP00591.jpg,Venomous_Snake,TRAIN,0,0,False
Venomous/Saw-scaled Viper/SNP00595.jpg,Venomous,Saw-scaled Viper,NEAR,HIGH_CONFIDENCE_NEAR_DUPLICATE,train/Venomous_Snake/SNP00595.jpg,Venomous_Snake,TRAIN,0,0,False
Venomous/Saw-scaled Viper/sochureks-saw-scaled-viper-eastern-saw-scaled-viper-stemmlers-saw-h8tpep.jpg,Venomous,Saw-scaled Viper,NEAR,HIGH_CONFIDENCE_NEAR_DUPLICATE,train/Venomous_Snake/sochureks-saw-scaled-viper-eastern-saw-scaled-viper-stemmlers-saw-h8tpep.jpg,Venomous_Snake,TRAIN,0,0,False
Venomous/Saw-scaled Viper/stock-photo-a-wild-oman-saw-scaled-viper-echis-omanensis-a-wild-saw-scaled-viper-from-the-rocky-277837664.jpg,Venomous,Saw-scaled Viper,NEAR,HIGH_CONFIDENCE_NEAR_DUPLICATE,train/Venomous_Snake/stock-photo-a-wild-oman-saw-scaled-viper-echis-omanensis-a-wild-saw-scaled-viper-from-the-rocky-277837664.jpg,Venomous_Snake,TRAIN,0,0,False
Venomous/Saw-scaled Viper/stock-photo-saw-scaled-viper-644115148.jpg,Venomous,Saw-scaled Viper,NEAR,HIGH_CONFIDENCE_NEAR_DUPLICATE,train/Venomous_Snake/stock-photo-saw-scaled-viper-644115148.jpg,Venomous_Snake,TRAIN,0,1,False
Venomous/Saw-scaled Viper/stock-photo-saw-scaled-viper-snake-603493748.jpg,Venomous,Saw-scaled Viper,NEAR,HIGH_CONFIDENCE_NEAR_DUPLICATE,train/Venomous_Snake/stock-photo-saw-scaled-viper-snake-603493748.jpg,Venomous_Snake,TRAIN,0,0,False
Venomous/Saw-scaled Viper/stock-photo-sindh-saw-scaled-viper-560241703.jpg,Venomous,Saw-scaled Viper,NEAR,HIGH_CONFIDENCE_NEAR_DUPLICATE,train/Venomous_Snake/stock-photo-sindh-saw-scaled-viper-560241703.jpg,Venomous_Snake,TRAIN,0,0,False
Venomous/Saw-scaled Viper/stock-photo-sindh-saw-scaled-viper-560241724.jpg,Venomous,Saw-scaled Viper,NEAR,HIGH_CONFIDENCE_NEAR_DUPLICATE,train/Venomous_Snake/stock-photo-sindh-saw-scaled-viper-560241724.jpg,Venomous_Snake,TRAIN,2,0,False
Venomous/Saw-scaled Viper/stock-photo-sindh-saw-scaled-viper-560241733.jpg,Venomous,Saw-scaled Viper,NEAR,POSSIBLE_NEAR_DUPLICATE,validation/Venomous_Snake/stock-photo-sindh-saw-scaled-viper-560241733.jpg,Venomous_Snake,VALIDATION,0,5,False
Venomous/Saw-scaled Viper/tarentola2b.jpg,Venomous,Saw-scaled Viper,NEAR,HIGH_CONFIDENCE_NEAR_DUPLICATE,train/Venomous_Snake/tarentola2b.jpg,Venomous_Snake,TRAIN,0,0,False
Venomous/Saw-scaled Viper/toz04066l.jpg,Venomous,Saw-scaled Viper,NEAR,HIGH_CONFIDENCE_NEAR_DUPLICATE,train/Venomous_Snake/toz04066l.jpg,Venomous_Snake,TRAIN,0,0,False
Venomous/Saw-scaled Viper/toz21624l.jpg,Venomous,Saw-scaled Viper,NEAR,HIGH_CONFIDENCE_NEAR_DUPLICATE,train/Venomous_Snake/toz21624l.jpg,Venomous_Snake,TRAIN,0,0,False
Venomous/Saw-scaled Viper/viper7l.JPG,Venomous,Saw-scaled Viper,EXACT,EXACT_DUPLICATE,train/Venomous_Snake/viper7l.JPG,Venomous_Snake,TRAIN,0,0,False
Venomous/Saw-scaled Viper/viper8l.JPG,Venomous,Saw-scaled Viper,EXACT,EXACT_DUPLICATE,train/Venomous_Snake/viper8l.JPG,Venomous_Snake,TRAIN,0,0,False
Venomous/Saw-scaled Viper/young-saw-scaled-viper-echis-carinatus-tamil-nadu-south-india-epd0j4.jpg,Venomous,Saw-scaled Viper,EXACT,EXACT_DUPLICATE,train/Venomous_Snake/young-saw-scaled-viper-echis-carinatus-tamil-nadu-south-india-epd0j4.jpg,Venomous_Snake,TRAIN,0,0,False
Venomous/Saw-scaled Viper/z_mag-p-23-Sawing.jpg,Venomous,Saw-scaled Viper,EXACT,EXACT_DUPLICATE,train/Venomous_Snake/z_mag-p-23-Sawing.jpg,Venomous_Snake,TRAIN,0,0,False
Venomous/Spectacled Cobra/00409260.jpg,Venomous,Spectacled Cobra,NEAR,HIGH_CONFIDENCE_NEAR_DUPLICATE,test/Venomous_Snake/00409260.jpg,Venomous_Snake,TEST,0,1,True
Venomous/Spectacled Cobra/025c68f55a8efc9290a8435db743bbf3--the-big-four-the-ojays.jpg,Venomous,Spectacled Cobra,NEAR,HIGH_CONFIDENCE_NEAR_DUPLICATE,test/Venomous_Snake/025c68f55a8efc9290a8435db743bbf3--the-big-four-the-ojays.jpg,Venomous_Snake,TEST,0,0,True
Venomous/Spectacled Cobra/03 Spectacled Cobra 1.JPG,Venomous,Spectacled Cobra,NEAR,HIGH_CONFIDENCE_NEAR_DUPLICATE,test/Venomous_Snake/03 Spectacled Cobra 1.JPG,Venomous_Snake,TEST,0,0,True
Venomous/Spectacled Cobra/0442c0e88fb9b22c0d608a9b25577469--naja-cobra.jpg,Venomous,Spectacled Cobra,NEAR,HIGH_CONFIDENCE_NEAR_DUPLICATE,test/Venomous_Snake/0442c0e88fb9b22c0d608a9b25577469--naja-cobra.jpg,Venomous_Snake,TEST,0,0,True
Venomous/Spectacled Cobra/0_7a209fcba04a5c21f4181e692723c0ca.jpg,Venomous,Spectacled Cobra,NEAR,HIGH_CONFIDENCE_NEAR_DUPLICATE,test/Venomous_Snake/0_7a209fcba04a5c21f4181e692723c0ca.jpg,Venomous_Snake,TEST,0,0,True
Venomous/Spectacled Cobra/10412951893_9762368a13_b.jpg,Venomous,Spectacled Cobra,NEAR,HIGH_CONFIDENCE_NEAR_DUPLICATE,train/Venomous_Snake/10412951893_9762368a13_b.jpg,Venomous_Snake,TRAIN,0,0,False
Venomous/Spectacled Cobra/12.SNAKECONFLICT2008SLIDE-1.jpg,Venomous,Spectacled Cobra,NEAR,HIGH_CONFIDENCE_NEAR_DUPLICATE,test/Venomous_Snake/12.SNAKECONFLICT2008SLIDE-1.jpg,Venomous_Snake,TEST,0,0,True
Venomous/Spectacled Cobra/1438852852IMG_4008.JPG,Venomous,Spectacled Cobra,NEAR,HIGH_CONFIDENCE_NEAR_DUPLICATE,train/Venomous_Snake/1438852852IMG_4008.JPG,Venomous_Snake,TRAIN,0,1,False
Venomous/Spectacled Cobra/1438852854main-2.JPG,Venomous,Spectacled Cobra,NEAR,HIGH_CONFIDENCE_NEAR_DUPLICATE,train/Venomous_Snake/1438852854main-2.JPG,Venomous_Snake,TRAIN,0,0,False
Venomous/Spectacled Cobra/1438852857sub head shot-2.jpg,Venomous,Spectacled Cobra,NEAR,HIGH_CONFIDENCE_NEAR_DUPLICATE,train/Venomous_Snake/1438852857sub head shot-2.jpg,Venomous_Snake,TRAIN,0,0,False
Venomous/Spectacled Cobra/150811-004-F71D4E4A.jpg,Venomous,Spectacled Cobra,NEAR,HIGH_CONFIDENCE_NEAR_DUPLICATE,train/Venomous_Snake/150811-004-F71D4E4A.jpg,Venomous_Snake,TRAIN,0,0,False
Venomous/Spectacled Cobra/150px-Naja.jpg,Venomous,Spectacled Cobra,NEAR,HIGH_CONFIDENCE_NEAR_DUPLICATE,train/Venomous_Snake/150px-Naja.jpg,Venomous_Snake,TRAIN,0,1,False
Venomous/Spectacled Cobra/16.JPG,Venomous,Spectacled Cobra,NEAR,HIGH_CONFIDENCE_NEAR_DUPLICATE,train/Venomous_Snake/16 (2).JPG,Venomous_Snake,TRAIN,0,0,False
Venomous/Spectacled Cobra/160110 100lop.jpg,Venomous,Spectacled Cobra,NEAR,HIGH_CONFIDENCE_NEAR_DUPLICATE,test/Venomous_Snake/160110 100lop.jpg,Venomous_Snake,TEST,0,0,True
Venomous/Spectacled Cobra/2171770524_a444df4f7d.jpg,Venomous,Spectacled Cobra,NEAR,HIGH_CONFIDENCE_NEAR_DUPLICATE,train/Venomous_Snake/2171770524_a444df4f7d.jpg,Venomous_Snake,TRAIN,0,0,False
Venomous/Spectacled Cobra/2180514e186a040692de298c7be66e95.jpg,Venomous,Spectacled Cobra,NEAR,HIGH_CONFIDENCE_NEAR_DUPLICATE,test/Venomous_Snake/2180514e186a040692de298c7be66e95.jpg,Venomous_Snake,TEST,0,0,True
Venomous/Spectacled Cobra/220px-Naja_naja_(Indian_cobra).jpg,Venomous,Spectacled Cobra,NEAR,HIGH_CONFIDENCE_NEAR_DUPLICATE,test/Venomous_Snake/220px-Naja_naja_(Indian_cobra).jpg,Venomous_Snake,TEST,0,0,True
Venomous/Spectacled Cobra/220px-Spectacled_cobra.JPG,Venomous,Spectacled Cobra,NEAR,HIGH_CONFIDENCE_NEAR_DUPLICATE,test/Venomous_Snake/220px-Spectacled_cobra.JPG,Venomous_Snake,TEST,0,1,True
Venomous/Spectacled Cobra/2373029895_601e5c5ee6.jpg,Venomous,Spectacled Cobra,NEAR,HIGH_CONFIDENCE_NEAR_DUPLICATE,train/Venomous_Snake/2373029895_601e5c5ee6.jpg,Venomous_Snake,TRAIN,0,0,False
Venomous/Spectacled Cobra/245ae98383301ad48771fc3b60394c68.jpg,Venomous,Spectacled Cobra,NEAR,HIGH_CONFIDENCE_NEAR_DUPLICATE,train/Venomous_Snake/245ae98383301ad48771fc3b60394c68.jpg,Venomous_Snake,TRAIN,0,0,False
Venomous/Spectacled Cobra/26512735140_786a135518_b.jpg,Venomous,Spectacled Cobra,NEAR,HIGH_CONFIDENCE_NEAR_DUPLICATE,train/Venomous_Snake/26512735140_786a135518_b.jpg,Venomous_Snake,TRAIN,2,0,False
Venomous/Spectacled Cobra/2822295694_40311c360a.jpg,Venomous,Spectacled Cobra,NEAR,HIGH_CONFIDENCE_NEAR_DUPLICATE,train/Venomous_Snake/2822295694_40311c360a.jpg,Venomous_Snake,TRAIN,0,0,False
Venomous/Spectacled Cobra/3121466143_73cc964a89_b.jpg,Venomous,Spectacled Cobra,NEAR,HIGH_CONFIDENCE_NEAR_DUPLICATE,validation/Venomous_Snake/3121466143_73cc964a89_b.jpg,Venomous_Snake,VALIDATION,0,1,False
Venomous/Spectacled Cobra/3258134501_359df8ffd2.jpg,Venomous,Spectacled Cobra,NEAR,HIGH_CONFIDENCE_NEAR_DUPLICATE,validation/Venomous_Snake/3258134501_359df8ffd2.jpg,Venomous_Snake,VALIDATION,0,0,False
Venomous/Spectacled Cobra/3914435829_61a77296ef_b.jpg,Venomous,Spectacled Cobra,NEAR,HIGH_CONFIDENCE_NEAR_DUPLICATE,validation/Venomous_Snake/3914435829_61a77296ef_b.jpg,Venomous_Snake,VALIDATION,0,0,False
Venomous/Spectacled Cobra/426b89d75ff053790e7ec2abe117f78c--cobra-snake-poisonous-snakes.jpg,Venomous,Spectacled Cobra,NEAR,HIGH_CONFIDENCE_NEAR_DUPLICATE,test/Venomous_Snake/426b89d75ff053790e7ec2abe117f78c--cobra-snake-poisonous-snakes.jpg,Venomous_Snake,TEST,0,0,True
Venomous/Spectacled Cobra/4cb43071ca703cf4778dd7473d3dfab8.jpg,Venomous,Spectacled Cobra,NEAR,HIGH_CONFIDENCE_NEAR_DUPLICATE,train/Venomous_Snake/4cb43071ca703cf4778dd7473d3dfab8.jpg,Venomous_Snake,TRAIN,0,0,False
Venomous/Spectacled Cobra/501001_8697602067eba4ehhlpe07.jpg,Venomous,Spectacled Cobra,NEAR,HIGH_CONFIDENCE_NEAR_DUPLICATE,test/Venomous_Snake/501001_8697602067eba4ehhlpe07.jpg,Venomous_Snake,TEST,0,0,True
Venomous/Spectacled Cobra/501121_298677f067eba4fv1mjc07.jpg,Venomous,Spectacled Cobra,NEAR,HIGH_CONFIDENCE_NEAR_DUPLICATE,test/Venomous_Snake/501121_298677f067eba4fv1mjc07.jpg,Venomous_Snake,TEST,0,0,True
Venomous/Spectacled Cobra/5166803825_d79cf8246e_b.jpg,Venomous,Spectacled Cobra,NEAR,HIGH_CONFIDENCE_NEAR_DUPLICATE,train/Venomous_Snake/5166803825_d79cf8246e_b.jpg,Venomous_Snake,TRAIN,0,0,False
Venomous/Spectacled Cobra/5451042675_998c64ac13_b.jpg,Venomous,Spectacled Cobra,NEAR,HIGH_CONFIDENCE_NEAR_DUPLICATE,validation/Venomous_Snake/5451042675_998c64ac13_b.jpg,Venomous_Snake,VALIDATION,0,1,False
Venomous/Spectacled Cobra/578_normal_Spectacled_cobra3.jpg,Venomous,Spectacled Cobra,NEAR,HIGH_CONFIDENCE_NEAR_DUPLICATE,train/Venomous_Snake/578_normal_Spectacled_cobra3.jpg,Venomous_Snake,TRAIN,2,1,False
Venomous/Spectacled Cobra/5802878151_ef19374e8d_b.jpg,Venomous,Spectacled Cobra,NEAR,HIGH_CONFIDENCE_NEAR_DUPLICATE,train/Venomous_Snake/5802878151_ef19374e8d_b.jpg,Venomous_Snake,TRAIN,0,0,False
Venomous/Spectacled Cobra/58680357_PW36.jpg,Venomous,Spectacled Cobra,NEAR,HIGH_CONFIDENCE_NEAR_DUPLICATE,test/Venomous_Snake/58680357_PW36.jpg,Venomous_Snake,TEST,0,0,True
Venomous/Spectacled Cobra/58680358_PW36.jpg,Venomous,Spectacled Cobra,NEAR,HIGH_CONFIDENCE_NEAR_DUPLICATE,test/Venomous_Snake/58680358_PW36.jpg,Venomous_Snake,TEST,0,0,True
Venomous/Spectacled Cobra/58680361_PW36.jpg,Venomous,Spectacled Cobra,NEAR,HIGH_CONFIDENCE_NEAR_DUPLICATE,test/Venomous_Snake/58680361_PW36.jpg,Venomous_Snake,TEST,0,0,True
Venomous/Spectacled Cobra/6027522525_91d5cc49ba_b.jpg,Venomous,Spectacled Cobra,NEAR,HIGH_CONFIDENCE_NEAR_DUPLICATE,validation/Venomous_Snake/6027522525_91d5cc49ba_b.jpg,Venomous_Snake,VALIDATION,2,0,False
Venomous/Spectacled Cobra/614a34a77654e6726429703e150dea3e.jpg,Venomous,Spectacled Cobra,NEAR,HIGH_CONFIDENCE_NEAR_DUPLICATE,test/Venomous_Snake/614a34a77654e6726429703e150dea3e.jpg,Venomous_Snake,TEST,2,0,True
Venomous/Spectacled Cobra/628592919_285e1def53_b.jpg,Venomous,Spectacled Cobra,NEAR,HIGH_CONFIDENCE_NEAR_DUPLICATE,test/Venomous_Snake/628592919_285e1def53_b.jpg,Venomous_Snake,TEST,0,0,True
Venomous/Spectacled Cobra/6b6da31906462414e878d1dd90aa146c--snake-wallpaper-hd-wallpaper.jpg,Venomous,Spectacled Cobra,NEAR,HIGH_CONFIDENCE_NEAR_DUPLICATE,test/Venomous_Snake/6b6da31906462414e878d1dd90aa146c--snake-wallpaper-hd-wallpaper.jpg,Venomous_Snake,TEST,0,0,True
Venomous/Spectacled Cobra/6O4A0379.jpg,Venomous,Spectacled Cobra,NEAR,HIGH_CONFIDENCE_NEAR_DUPLICATE,test/Venomous_Snake/6O4A0379.jpg,Venomous_Snake,TEST,0,0,True
Venomous/Spectacled Cobra/6O4A0409.jpg,Venomous,Spectacled Cobra,NEAR,HIGH_CONFIDENCE_NEAR_DUPLICATE,train/Venomous_Snake/6O4A0409.jpg,Venomous_Snake,TRAIN,0,1,False
Venomous/Spectacled Cobra/6O4A0417.jpg,Venomous,Spectacled Cobra,NEAR,HIGH_CONFIDENCE_NEAR_DUPLICATE,test/Venomous_Snake/6O4A0417.jpg,Venomous_Snake,TEST,0,1,True
Venomous/Spectacled Cobra/7666611262_9559ea4f02_b.jpg,Venomous,Spectacled Cobra,NEAR,HIGH_CONFIDENCE_NEAR_DUPLICATE,train/Venomous_Snake/7666611262_9559ea4f02_b.jpg,Venomous_Snake,TRAIN,0,0,False
Venomous/Spectacled Cobra/8007030158_2c1c6f468d_b.jpg,Venomous,Spectacled Cobra,NEAR,HIGH_CONFIDENCE_NEAR_DUPLICATE,train/Venomous_Snake/8007030158_2c1c6f468d_b.jpg,Venomous_Snake,TRAIN,0,0,False
Venomous/Spectacled Cobra/80098531.jpg,Venomous,Spectacled Cobra,NEAR,HIGH_CONFIDENCE_NEAR_DUPLICATE,test/Venomous_Snake/80098531.jpg,Venomous_Snake,TEST,0,0,True
Venomous/Spectacled Cobra/8043872884_7c772f915a_b.jpg,Venomous,Spectacled Cobra,NEAR,HIGH_CONFIDENCE_NEAR_DUPLICATE,train/Venomous_Snake/8043872884_7c772f915a_b.jpg,Venomous_Snake,TRAIN,0,0,False
Venomous/Spectacled Cobra/817-21250.jpg,Venomous,Spectacled Cobra,NEAR,HIGH_CONFIDENCE_NEAR_DUPLICATE,test/Venomous_Snake/817-21250.jpg,Venomous_Snake,TEST,0,0,True
Venomous/Spectacled Cobra/817-21362.jpg,Venomous,Spectacled Cobra,NEAR,HIGH_CONFIDENCE_NEAR_DUPLICATE,train/Venomous_Snake/817-21362.jpg,Venomous_Snake,TRAIN,0,0,False
Venomous/Spectacled Cobra/867036109_877165ada8_b.jpg,Venomous,Spectacled Cobra,NEAR,HIGH_CONFIDENCE_NEAR_DUPLICATE,train/Venomous_Snake/867036109_877165ada8_b.jpg,Venomous_Snake,TRAIN,0,0,False
Venomous/Spectacled Cobra/90202668.jpg,Venomous,Spectacled Cobra,NEAR,HIGH_CONFIDENCE_NEAR_DUPLICATE,test/Venomous_Snake/90202668.jpg,Venomous_Snake,TEST,0,0,True
Venomous/Spectacled Cobra/90215640.jpg,Venomous,Spectacled Cobra,NEAR,HIGH_CONFIDENCE_NEAR_DUPLICATE,test/Venomous_Snake/90215640.jpg,Venomous_Snake,TEST,0,0,True
Venomous/Spectacled Cobra/92.jpg,Venomous,Spectacled Cobra,NEAR,HIGH_CONFIDENCE_NEAR_DUPLICATE,test/Venomous_Snake/92.jpg,Venomous_Snake,TEST,0,0,True
Venomous/Spectacled Cobra/9289038011_1a31a0cac1_b.jpg,Venomous,Spectacled Cobra,NEAR,HIGH_CONFIDENCE_NEAR_DUPLICATE,train/Venomous_Snake/9289038011_1a31a0cac1_b.jpg,Venomous_Snake,TRAIN,0,1,False
Venomous/Spectacled Cobra/9616250823_d6766e1c31_b.jpg,Venomous,Spectacled Cobra,NEAR,HIGH_CONFIDENCE_NEAR_DUPLICATE,train/Venomous_Snake/9616250823_d6766e1c31_b.jpg,Venomous_Snake,TRAIN,0,0,False
Venomous/Spectacled Cobra/9619492326_56aa145611_b.jpg,Venomous,Spectacled Cobra,NEAR,HIGH_CONFIDENCE_NEAR_DUPLICATE,train/Venomous_Snake/9619492326_56aa145611_b.jpg,Venomous_Snake,TRAIN,0,0,False
Venomous/Spectacled Cobra/a28044f3db3d514d2fad5316904626c8_giant.jpg,Venomous,Spectacled Cobra,NEAR,HIGH_CONFIDENCE_NEAR_DUPLICATE,train/Venomous_Snake/a28044f3db3d514d2fad5316904626c8_giant.jpg,Venomous_Snake,TRAIN,0,0,False
Venomous/Spectacled Cobra/adbfb6aa535e12ed6f14345bfa878456.jpg,Venomous,Spectacled Cobra,NEAR,HIGH_CONFIDENCE_NEAR_DUPLICATE,train/Venomous_Snake/adbfb6aa535e12ed6f14345bfa878456.jpg,Venomous_Snake,TRAIN,0,0,False
Venomous/Spectacled Cobra/Amazing pictures animals photos Nature exotic incredible funny Zoo danger pics Indian cobra Naja naja Asian cobra spectacled cobra 4.jpg,Venomous,Spectacled Cobra,NEAR,HIGH_CONFIDENCE_NEAR_DUPLICATE,validation/Venomous_Snake/Amazing pictures animals photos Nature exotic incredible funny Zoo danger pics Indian cobra Naja naja Asian cobra spectacled cobra 4.jpg,Venomous_Snake,VALIDATION,0,0,False
Venomous/Spectacled Cobra/Amazing pictures animals photos Nature exotic incredible funny Zoo danger pics Indian cobra Naja naja Asian cobra spectacled cobra 5.jpg,Venomous,Spectacled Cobra,NEAR,HIGH_CONFIDENCE_NEAR_DUPLICATE,train/Venomous_Snake/Amazing pictures animals photos Nature exotic incredible funny Zoo danger pics Indian cobra Naja naja Asian cobra spectacled cobra 5.jpg,Venomous_Snake,TRAIN,0,0,False
Venomous/Spectacled Cobra/Amazing pictures animals photos Nature exotic incredible funny Zoo danger pics Indian cobra Naja naja Asian cobra spectacled cobra 7.jpeg,Venomous,Spectacled Cobra,EXACT,EXACT_DUPLICATE,train/Venomous_Snake/Amazing pictures animals photos Nature exotic incredible funny Zoo danger pics Indian cobra Naja naja Asian cobra spectacled cobra 7.jpeg,Venomous_Snake,TRAIN,0,0,False
Venomous/Spectacled Cobra/an-alert-indian-or-spectacled-cobra-naja-naja-c2an7a.jpg,Venomous,Spectacled Cobra,NEAR,HIGH_CONFIDENCE_NEAR_DUPLICATE,train/Venomous_Snake/an-alert-indian-or-spectacled-cobra-naja-naja-c2an7a.jpg,Venomous_Snake,TRAIN,0,0,False
Venomous/Spectacled Cobra/an-indian-or-spectacled-cobra-naja-naja-hooding-details-of-the-back-a2c9e6.jpg,Venomous,Spectacled Cobra,NEAR,HIGH_CONFIDENCE_NEAR_DUPLICATE,train/Venomous_Snake/an-indian-or-spectacled-cobra-naja-naja-hooding-details-of-the-back-a2c9e6.jpg,Venomous_Snake,TRAIN,0,0,False
Venomous/Spectacled Cobra/article-0-187EE811000005DC-242_634x594.jpg,Venomous,Spectacled Cobra,NEAR,HIGH_CONFIDENCE_NEAR_DUPLICATE,train/Venomous_Snake/article-0-187EE811000005DC-242_634x594.jpg,Venomous_Snake,TRAIN,0,0,False
Venomous/Spectacled Cobra/cape-fear-serpentarium.jpg,Venomous,Spectacled Cobra,NEAR,HIGH_CONFIDENCE_NEAR_DUPLICATE,train/Venomous_Snake/cape-fear-serpentarium.jpg,Venomous_Snake,TRAIN,0,0,False
Venomous/Spectacled Cobra/Cobra 2.jpg,Venomous,Spectacled Cobra,NEAR,HIGH_CONFIDENCE_NEAR_DUPLICATE,train/Venomous_Snake/Cobra 2.jpg,Venomous_Snake,TRAIN,0,0,False
Venomous/Spectacled Cobra/cobra-00.jpg,Venomous,Spectacled Cobra,NEAR,HIGH_CONFIDENCE_NEAR_DUPLICATE,train/Venomous_Snake/cobra-00.jpg,Venomous_Snake,TRAIN,0,0,False
Venomous/Spectacled Cobra/cobra-07.jpg,Venomous,Spectacled Cobra,NEAR,HIGH_CONFIDENCE_NEAR_DUPLICATE,train/Venomous_Snake/cobra-07.jpg,Venomous_Snake,TRAIN,0,0,False
Venomous/Spectacled Cobra/cobra-18-300x200.jpg,Venomous,Spectacled Cobra,NEAR,HIGH_CONFIDENCE_NEAR_DUPLICATE,train/Venomous_Snake/cobra-18-300x200.jpg,Venomous_Snake,TRAIN,0,0,False
Venomous/Spectacled Cobra/cobra-22.jpg,Venomous,Spectacled Cobra,NEAR,HIGH_CONFIDENCE_NEAR_DUPLICATE,train/Venomous_Snake/cobra-22.jpg,Venomous_Snake,TRAIN,0,0,False
Venomous/Spectacled Cobra/cobra-23.jpg,Venomous,Spectacled Cobra,NEAR,HIGH_CONFIDENCE_NEAR_DUPLICATE,train/Venomous_Snake/cobra-23.jpg,Venomous_Snake,TRAIN,0,0,False
Venomous/Spectacled Cobra/cobra-24.jpg,Venomous,Spectacled Cobra,NEAR,HIGH_CONFIDENCE_NEAR_DUPLICATE,validation/Venomous_Snake/cobra-24.jpg,Venomous_Snake,VALIDATION,0,0,False
Venomous/Spectacled Cobra/cobra-28.jpg,Venomous,Spectacled Cobra,NEAR,HIGH_CONFIDENCE_NEAR_DUPLICATE,train/Venomous_Snake/cobra-28.jpg,Venomous_Snake,TRAIN,0,0,False
Venomous/Spectacled Cobra/Cobra-3-412x550.jpg,Venomous,Spectacled Cobra,NEAR,HIGH_CONFIDENCE_NEAR_DUPLICATE,train/Venomous_Snake/Cobra-3-412x550.jpg,Venomous_Snake,TRAIN,0,0,False
Venomous/Spectacled Cobra/cobra-close-up.jpg,Venomous,Spectacled Cobra,NEAR,HIGH_CONFIDENCE_NEAR_DUPLICATE,train/Venomous_Snake/cobra-close-up.jpg,Venomous_Snake,TRAIN,0,0,False
Venomous/Spectacled Cobra/Cobra-Hood.jpg,Venomous,Spectacled Cobra,NEAR,HIGH_CONFIDENCE_NEAR_DUPLICATE,train/Venomous_Snake/Cobra-Hood.jpg,Venomous_Snake,TRAIN,0,0,False
Venomous/Spectacled Cobra/cobra-india.jpg,Venomous,Spectacled Cobra,NEAR,HIGH_CONFIDENCE_NEAR_DUPLICATE,train/Venomous_Snake/cobra-india.jpg,Venomous_Snake,TRAIN,0,2,False
Venomous/Spectacled Cobra/cobra-snake-in-a-basket-with-money-rajasthan-india-et0tpk.jpg,Venomous,Spectacled Cobra,NEAR,HIGH_CONFIDENCE_NEAR_DUPLICATE,train/Venomous_Snake/cobra-snake-in-a-basket-with-money-rajasthan-india-et0tpk.jpg,Venomous_Snake,TRAIN,0,0,False
Venomous/Spectacled Cobra/cobra.jpg,Venomous,Spectacled Cobra,NEAR,HIGH_CONFIDENCE_NEAR_DUPLICATE,train/Venomous_Snake/cobra (2).jpg,Venomous_Snake,TRAIN,0,0,False
Venomous/Spectacled Cobra/cobra2.jpg,Venomous,Spectacled Cobra,NEAR,HIGH_CONFIDENCE_NEAR_DUPLICATE,validation/Venomous_Snake/cobra2.jpg,Venomous_Snake,VALIDATION,0,1,False
Venomous/Spectacled Cobra/cobra_001.jpg,Venomous,Spectacled Cobra,NEAR,HIGH_CONFIDENCE_NEAR_DUPLICATE,train/Venomous_Snake/cobra_001 (2).jpg,Venomous_Snake,TRAIN,2,1,False
Venomous/Spectacled Cobra/cobra_042611-10.jpg,Venomous,Spectacled Cobra,NEAR,HIGH_CONFIDENCE_NEAR_DUPLICATE,train/Venomous_Snake/cobra_042611-10.jpg,Venomous_Snake,TRAIN,0,2,False
Venomous/Spectacled Cobra/cobra_042611-11.jpg,Venomous,Spectacled Cobra,NEAR,HIGH_CONFIDENCE_NEAR_DUPLICATE,train/Venomous_Snake/cobra_042611-11.jpg,Venomous_Snake,TRAIN,0,0,False
Venomous/Spectacled Cobra/cobra_042611-12.jpg,Venomous,Spectacled Cobra,NEAR,HIGH_CONFIDENCE_NEAR_DUPLICATE,validation/Venomous_Snake/cobra_042611-12.jpg,Venomous_Snake,VALIDATION,0,0,False
Venomous/Spectacled Cobra/cobra_042611-13.jpg,Venomous,Spectacled Cobra,NEAR,HIGH_CONFIDENCE_NEAR_DUPLICATE,train/Venomous_Snake/cobra_042611-13.jpg,Venomous_Snake,TRAIN,0,0,False
Venomous/Spectacled Cobra/cobra_042611-2.jpg,Venomous,Spectacled Cobra,NEAR,HIGH_CONFIDENCE_NEAR_DUPLICATE,train/Venomous_Snake/cobra_042611-2.jpg,Venomous_Snake,TRAIN,0,0,False
Venomous/Spectacled Cobra/cobra_042611-8.jpg,Venomous,Spectacled Cobra,NEAR,HIGH_CONFIDENCE_NEAR_DUPLICATE,train/Venomous_Snake/cobra_042611-8.jpg,Venomous_Snake,TRAIN,0,0,False
Venomous/Spectacled Cobra/Cobra_False 9700_fcw.jpg,Venomous,Spectacled Cobra,NEAR,HIGH_CONFIDENCE_NEAR_DUPLICATE,train/Venomous_Snake/Cobra_False 9700_fcw.jpg,Venomous_Snake,TRAIN,0,0,False
Venomous/Spectacled Cobra/Cobra_Spectacled 4589_fcw.jpg,Venomous,Spectacled Cobra,NEAR,HIGH_CONFIDENCE_NEAR_DUPLICATE,train/Venomous_Snake/Cobra_Spectacled 4589_fcw.jpg,Venomous_Snake,TRAIN,0,0,False
Venomous/Spectacled Cobra/dscn2969.jpg,Venomous,Spectacled Cobra,NEAR,HIGH_CONFIDENCE_NEAR_DUPLICATE,train/Venomous_Snake/dscn2969.jpg,Venomous_Snake,TRAIN,0,0,False
Venomous/Spectacled Cobra/ee3e9db881e4fbdde1e5cd3568b7aaa1.jpg,Venomous,Spectacled Cobra,NEAR,HIGH_CONFIDENCE_NEAR_DUPLICATE,train/Venomous_Snake/ee3e9db881e4fbdde1e5cd3568b7aaa1.jpg,Venomous_Snake,TRAIN,0,0,False
Venomous/Spectacled Cobra/Events-4313-1024x577.jpg,Venomous,Spectacled Cobra,NEAR,HIGH_CONFIDENCE_NEAR_DUPLICATE,train/Venomous_Snake/Events-4313-1024x577.jpg,Venomous_Snake,TRAIN,0,0,False
Venomous/Spectacled Cobra/f12e57eaac8a1ef7c70ae60dbfa2a8ca--king-cobra-snakes.jpg,Venomous,Spectacled Cobra,NEAR,HIGH_CONFIDENCE_NEAR_DUPLICATE,train/Venomous_Snake/f12e57eaac8a1ef7c70ae60dbfa2a8ca--king-cobra-snakes.jpg,Venomous_Snake,TRAIN,2,0,False
Venomous/Spectacled Cobra/f5f5410cbb701105a26085bc85090b0a--pretty-animals-reptiles-and-amphibians.jpg,Venomous,Spectacled Cobra,NEAR,HIGH_CONFIDENCE_NEAR_DUPLICATE,train/Venomous_Snake/f5f5410cbb701105a26085bc85090b0a--pretty-animals-reptiles-and-amphibians.jpg,Venomous_Snake,TRAIN,0,0,False
"Venomous/Spectacled Cobra/flat,1000x1000,075,f.jpg",Venomous,Spectacled Cobra,NEAR,HIGH_CONFIDENCE_NEAR_DUPLICATE,"train/Venomous_Snake/flat,1000x1000,075,f.jpg",Venomous_Snake,TRAIN,0,0,False
Venomous/Spectacled Cobra/hqdefault.jpg,Venomous,Spectacled Cobra,NEAR,HIGH_CONFIDENCE_NEAR_DUPLICATE,train/Venomous_Snake/hqdefault (5).jpg,Venomous_Snake,TRAIN,0,0,False
Venomous/Spectacled Cobra/hqdefault_001.jpg,Venomous,Spectacled Cobra,NEAR,HIGH_CONFIDENCE_NEAR_DUPLICATE,train/Venomous_Snake/hqdefault_001.jpg,Venomous_Snake,TRAIN,0,0,False
Venomous/Spectacled Cobra/hqdefault_003.jpg,Venomous,Spectacled Cobra,NEAR,HIGH_CONFIDENCE_NEAR_DUPLICATE,train/Venomous_Snake/hqdefault_003 (4).jpg,Venomous_Snake,TRAIN,0,1,False
Venomous/Spectacled Cobra/hqdefault_004.jpg,Venomous,Spectacled Cobra,NEAR,HIGH_CONFIDENCE_NEAR_DUPLICATE,train/Venomous_Snake/hqdefault_004 (3).jpg,Venomous_Snake,TRAIN,0,0,False
Venomous/Spectacled Cobra/hqdefault_005.jpg,Venomous,Spectacled Cobra,NEAR,HIGH_CONFIDENCE_NEAR_DUPLICATE,validation/Venomous_Snake/hqdefault_005 (3).jpg,Venomous_Snake,VALIDATION,0,0,False
Venomous/Spectacled Cobra/ika-80438-reptiles-snakes-cobra-indian-spectacled-cobra-naja-naja-CE8PWP.jpg,Venomous,Spectacled Cobra,NEAR,HIGH_CONFIDENCE_NEAR_DUPLICATE,validation/Venomous_Snake/ika-80438-reptiles-snakes-cobra-indian-spectacled-cobra-naja-naja-CE8PWP.jpg,Venomous_Snake,VALIDATION,0,1,False
Venomous/Spectacled Cobra/image306.jpg,Venomous,Spectacled Cobra,NEAR,HIGH_CONFIDENCE_NEAR_DUPLICATE,train/Venomous_Snake/image306.jpg,Venomous_Snake,TRAIN,0,1,False
Venomous/Spectacled Cobra/IMG_1494.jpg,Venomous,Spectacled Cobra,NEAR,HIGH_CONFIDENCE_NEAR_DUPLICATE,validation/Venomous_Snake/IMG_1494.jpg,Venomous_Snake,VALIDATION,0,1,False
Venomous/Spectacled Cobra/IMG_3067_1-5.jpg,Venomous,Spectacled Cobra,NEAR,HIGH_CONFIDENCE_NEAR_DUPLICATE,train/Venomous_Snake/IMG_3067_1-5.jpg,Venomous_Snake,TRAIN,0,1,False
Venomous/Spectacled Cobra/IMG_3074_1.jpg,Venomous,Spectacled Cobra,NEAR,HIGH_CONFIDENCE_NEAR_DUPLICATE,train/Venomous_Snake/IMG_3074_1.jpg,Venomous_Snake,TRAIN,0,0,False
Venomous/Spectacled Cobra/IMG_3863-2.jpg,Venomous,Spectacled Cobra,NEAR,HIGH_CONFIDENCE_NEAR_DUPLICATE,train/Venomous_Snake/IMG_3863-2.jpg,Venomous_Snake,TRAIN,0,0,False
Venomous/Spectacled Cobra/IMG_5785.jpg,Venomous,Spectacled Cobra,NEAR,HIGH_CONFIDENCE_NEAR_DUPLICATE,train/Venomous_Snake/IMG_5785.jpg,Venomous_Snake,TRAIN,0,0,False
Venomous/Spectacled Cobra/IMG_5793.preview.jpg,Venomous,Spectacled Cobra,NEAR,HIGH_CONFIDENCE_NEAR_DUPLICATE,train/Venomous_Snake/IMG_5793.preview.jpg,Venomous_Snake,TRAIN,0,0,False
Venomous/Spectacled Cobra/IMG_5971-2.jpg,Venomous,Spectacled Cobra,NEAR,HIGH_CONFIDENCE_NEAR_DUPLICATE,train/Venomous_Snake/IMG_5971-2.jpg,Venomous_Snake,TRAIN,0,0,False
Venomous/Spectacled Cobra/Indian Spectacled Cobra.jpg,Venomous,Spectacled Cobra,NEAR,HIGH_CONFIDENCE_NEAR_DUPLICATE,validation/Venomous_Snake/Indian Spectacled Cobra.jpg,Venomous_Snake,VALIDATION,0,0,False
Venomous/Spectacled Cobra/indian-cobra-20569186.jpg,Venomous,Spectacled Cobra,NEAR,HIGH_CONFIDENCE_NEAR_DUPLICATE,train/Venomous_Snake/indian-cobra-20569186.jpg,Venomous_Snake,TRAIN,0,1,False
Venomous/Spectacled Cobra/indian-cobra-asian-cobra-or-spectacled-cobra-naja-naja-in-a-snake-EB2R58.jpg,Venomous,Spectacled Cobra,NEAR,HIGH_CONFIDENCE_NEAR_DUPLICATE,train/Venomous_Snake/indian-cobra-asian-cobra-or-spectacled-cobra-naja-naja-in-a-snake-EB2R58.jpg,Venomous_Snake,TRAIN,0,0,False
Venomous/Spectacled Cobra/indian-cobra-asian-cobra-or-spectacled-cobra-naja-naja-in-a-snake-eb2r58_001.jpg,Venomous,Spectacled Cobra,NEAR,HIGH_CONFIDENCE_NEAR_DUPLICATE,train/Venomous_Snake/indian-cobra-asian-cobra-or-spectacled-cobra-naja-naja-in-a-snake-eb2r58_001.jpg,Venomous_Snake,TRAIN,0,0,False
Venomous/Spectacled Cobra/indian-cobra-asian-cobra-or-spectacled-cobra-naja-naja-in-a-snake-EB2T9E.jpg,Venomous,Spectacled Cobra,NEAR,HIGH_CONFIDENCE_NEAR_DUPLICATE,validation/Venomous_Snake/indian-cobra-asian-cobra-or-spectacled-cobra-naja-naja-in-a-snake-EB2T9E.jpg,Venomous_Snake,VALIDATION,0,0,False
Venomous/Spectacled Cobra/indian-cobra-asian-cobra-or-spectacled-cobra-naja-naja-pettigalawatta-DWNMJ8.jpg,Venomous,Spectacled Cobra,NEAR,HIGH_CONFIDENCE_NEAR_DUPLICATE,train/Venomous_Snake/indian-cobra-asian-cobra-or-spectacled-cobra-naja-naja-pettigalawatta-DWNMJ8.jpg,Venomous_Snake,TRAIN,0,1,False
Venomous/Spectacled Cobra/indian-cobra-back-hood.jpg,Venomous,Spectacled Cobra,NEAR,HIGH_CONFIDENCE_NEAR_DUPLICATE,train/Venomous_Snake/indian-cobra-back-hood.jpg,Venomous_Snake,TRAIN,0,0,False
Venomous/Spectacled Cobra/Indian-cobra-defending-eggs.jpg,Venomous,Spectacled Cobra,NEAR,HIGH_CONFIDENCE_NEAR_DUPLICATE,train/Venomous_Snake/Indian-cobra-defending-eggs.jpg,Venomous_Snake,TRAIN,0,0,False
Venomous/Spectacled Cobra/Indian-cobra-defensive-posture.jpg,Venomous,Spectacled Cobra,NEAR,HIGH_CONFIDENCE_NEAR_DUPLICATE,train/Venomous_Snake/Indian-cobra-defensive-posture.jpg,Venomous_Snake,TRAIN,0,0,False
Venomous/Spectacled Cobra/indian-cobra-front_2.jpg,Venomous,Spectacled Cobra,NEAR,HIGH_CONFIDENCE_NEAR_DUPLICATE,validation/Venomous_Snake/indian-cobra-front_2.jpg,Venomous_Snake,VALIDATION,0,0,False
Venomous/Spectacled Cobra/Indian-Cobra-Hood.jpg,Venomous,Spectacled Cobra,NEAR,HIGH_CONFIDENCE_NEAR_DUPLICATE,train/Venomous_Snake/Indian-Cobra-Hood.jpg,Venomous_Snake,TRAIN,2,0,False
Venomous/Spectacled Cobra/indian-cobra-or-spectacled-cobra-naja-naja-naja-asia-DXG9K2.jpg,Venomous,Spectacled Cobra,NEAR,HIGH_CONFIDENCE_NEAR_DUPLICATE,train/Venomous_Snake/indian-cobra-or-spectacled-cobra-naja-naja-naja-asia-DXG9K2.jpg,Venomous_Snake,TRAIN,0,0,False
Venomous/Spectacled Cobra/indian-cobra-or-spectacled-cobra-naja-naja-sri-lanka-hnb77m.jpg,Venomous,Spectacled Cobra,NEAR,HIGH_CONFIDENCE_NEAR_DUPLICATE,train/Venomous_Snake/indian-cobra-or-spectacled-cobra-naja-naja-sri-lanka-hnb77m.jpg,Venomous_Snake,TRAIN,0,1,False
Venomous/Spectacled Cobra/indian-cobra-or-spectacled-cobra-naja-naja-sri-lanka-hnb77x.jpg,Venomous,Spectacled Cobra,NEAR,HIGH_CONFIDENCE_NEAR_DUPLICATE,train/Venomous_Snake/indian-cobra-or-spectacled-cobra-naja-naja-sri-lanka-hnb77x.jpg,Venomous_Snake,TRAIN,0,1,False
Venomous/Spectacled Cobra/indian-cobra-or-spectacled-cobra-naja-naja-sri-lanka-hnb78b.jpg,Venomous,Spectacled Cobra,NEAR,HIGH_CONFIDENCE_NEAR_DUPLICATE,train/Venomous_Snake/indian-cobra-or-spectacled-cobra-naja-naja-sri-lanka-hnb78b.jpg,Venomous_Snake,TRAIN,2,0,False
Venomous/Spectacled Cobra/indian-cobra-or-spectacled-cobra-naja-naja-sri-lanka-hnb78w.jpg,Venomous,Spectacled Cobra,NEAR,HIGH_CONFIDENCE_NEAR_DUPLICATE,train/Venomous_Snake/indian-cobra-or-spectacled-cobra-naja-naja-sri-lanka-hnb78w.jpg,Venomous_Snake,TRAIN,0,0,False
Venomous/Spectacled Cobra/indian-cobra-or-spectacled-cobra-naja-naja-sri-lanka-hnb799.jpg,Venomous,Spectacled Cobra,NEAR,HIGH_CONFIDENCE_NEAR_DUPLICATE,train/Venomous_Snake/indian-cobra-or-spectacled-cobra-naja-naja-sri-lanka-hnb799.jpg,Venomous_Snake,TRAIN,0,0,False
Venomous/Spectacled Cobra/indian-cobra-or-spectacled-cobra-naja-naja-sri-lanka-hnb79m.jpg,Venomous,Spectacled Cobra,NEAR,HIGH_CONFIDENCE_NEAR_DUPLICATE,train/Venomous_Snake/indian-cobra-or-spectacled-cobra-naja-naja-sri-lanka-hnb79m.jpg,Venomous_Snake,TRAIN,0,0,False
Venomous/Spectacled Cobra/indian-cobra-or-spectacled-cobra-naja-naja-sri-lanka-hnb79y.jpg,Venomous,Spectacled Cobra,NEAR,HIGH_CONFIDENCE_NEAR_DUPLICATE,train/Venomous_Snake/indian-cobra-or-spectacled-cobra-naja-naja-sri-lanka-hnb79y.jpg,Venomous_Snake,TRAIN,0,0,False
Venomous/Spectacled Cobra/Indian-Cobra-Photo.jpg,Venomous,Spectacled Cobra,NEAR,HIGH_CONFIDENCE_NEAR_DUPLICATE,train/Venomous_Snake/Indian-Cobra-Photo.jpg,Venomous_Snake,TRAIN,0,0,False
Venomous/Spectacled Cobra/indian-cobra-spectacled-cobra-asian-cobra-binocellate-cobra-naja-naja-E154DT.jpg,Venomous,Spectacled Cobra,NEAR,HIGH_CONFIDENCE_NEAR_DUPLICATE,validation/Venomous_Snake/indian-cobra-spectacled-cobra-asian-cobra-binocellate-cobra-naja-naja-E154DT.jpg,Venomous_Snake,VALIDATION,0,0,False
Venomous/Spectacled Cobra/indian-cobra-spectacled-cobra-naja-naja-hpwewd.jpg,Venomous,Spectacled Cobra,NEAR,HIGH_CONFIDENCE_NEAR_DUPLICATE,train/Venomous_Snake/indian-cobra-spectacled-cobra-naja-naja-hpwewd.jpg,Venomous_Snake,TRAIN,2,0,False
Venomous/Spectacled Cobra/indian-cobra-spectacled-cobra-naja-naja-hpweww.jpg,Venomous,Spectacled Cobra,NEAR,HIGH_CONFIDENCE_NEAR_DUPLICATE,train/Venomous_Snake/indian-cobra-spectacled-cobra-naja-naja-hpweww.jpg,Venomous_Snake,TRAIN,0,0,False
Venomous/Spectacled Cobra/indian-cobra-spectacled-cobra-naja-naja-hpwexf.jpg,Venomous,Spectacled Cobra,NEAR,HIGH_CONFIDENCE_NEAR_DUPLICATE,train/Venomous_Snake/indian-cobra-spectacled-cobra-naja-naja-hpwexf.jpg,Venomous_Snake,TRAIN,0,0,False
Venomous/Spectacled Cobra/indian-cobra-spectacled-cobra-naja-naja-hpwexk.jpg,Venomous,Spectacled Cobra,NEAR,HIGH_CONFIDENCE_NEAR_DUPLICATE,train/Venomous_Snake/indian-cobra-spectacled-cobra-naja-naja-hpwexk.jpg,Venomous_Snake,TRAIN,0,0,False
Venomous/Spectacled Cobra/indian-cobra-spectacled-cobra-naja-naja-in-aggressive-posture-with-hpyagt.jpg,Venomous,Spectacled Cobra,NEAR,HIGH_CONFIDENCE_NEAR_DUPLICATE,train/Venomous_Snake/indian-cobra-spectacled-cobra-naja-naja-in-aggressive-posture-with-hpyagt.jpg,Venomous_Snake,TRAIN,0,0,False
Venomous/Spectacled Cobra/Indian-cobra-with-head-raised-in-habitat.jpg,Venomous,Spectacled Cobra,NEAR,HIGH_CONFIDENCE_NEAR_DUPLICATE,train/Venomous_Snake/Indian-cobra-with-head-raised-in-habitat.jpg,Venomous_Snake,TRAIN,0,0,False
Venomous/Spectacled Cobra/Indian-cobra-with-head-raised-ventral-view.jpg,Venomous,Spectacled Cobra,NEAR,HIGH_CONFIDENCE_NEAR_DUPLICATE,train/Venomous_Snake/Indian-cobra-with-head-raised-ventral-view.jpg,Venomous_Snake,TRAIN,0,0,False
Venomous/Spectacled Cobra/Indian-cobra-young-hatching.jpg,Venomous,Spectacled Cobra,NEAR,HIGH_CONFIDENCE_NEAR_DUPLICATE,train/Venomous_Snake/Indian-cobra-young-hatching.jpg,Venomous_Snake,TRAIN,0,0,False
Venomous/Spectacled Cobra/indian-cobra.jpg,Venomous,Spectacled Cobra,NEAR,HIGH_CONFIDENCE_NEAR_DUPLICATE,train/Venomous_Snake/indian-cobra.jpg,Venomous_Snake,TRAIN,0,1,False
Venomous/Spectacled Cobra/Indian-Cobra_001.jpg,Venomous,Spectacled Cobra,NEAR,HIGH_CONFIDENCE_NEAR_DUPLICATE,validation/Venomous_Snake/Indian-Cobra_001.jpg,Venomous_Snake,VALIDATION,2,0,False
Venomous/Spectacled Cobra/indian-cobra_002.jpg,Venomous,Spectacled Cobra,NEAR,HIGH_CONFIDENCE_NEAR_DUPLICATE,train/Venomous_Snake/indian-cobra_002.jpg,Venomous_Snake,TRAIN,2,0,False
Venomous/Spectacled Cobra/indian-cobra_003.jpg,Venomous,Spectacled Cobra,NEAR,HIGH_CONFIDENCE_NEAR_DUPLICATE,train/Venomous_Snake/indian-cobra_003.jpg,Venomous_Snake,TRAIN,0,0,False
Venomous/Spectacled Cobra/INDIAN-COBRA_004.jpg,Venomous,Spectacled Cobra,NEAR,HIGH_CONFIDENCE_NEAR_DUPLICATE,train/Venomous_Snake/INDIAN-COBRA_004.jpg,Venomous_Snake,TRAIN,0,1,False
Venomous/Spectacled Cobra/indian-snake-spectacled-cobra-naja-naja-hood-open-rear-back-rearview-ce8pwr.jpg,Venomous,Spectacled Cobra,NEAR,HIGH_CONFIDENCE_NEAR_DUPLICATE,train/Venomous_Snake/indian-snake-spectacled-cobra-naja-naja-hood-open-rear-back-rearview-ce8pwr.jpg,Venomous_Snake,TRAIN,0,0,False
Venomous/Spectacled Cobra/indian-spectacled-cobra-close-up-c568dh.jpg,Venomous,Spectacled Cobra,NEAR,HIGH_CONFIDENCE_NEAR_DUPLICATE,train/Venomous_Snake/indian-spectacled-cobra-close-up-c568dh.jpg,Venomous_Snake,TRAIN,0,0,False
Venomous/Spectacled Cobra/Indian_cobra.jpg,Venomous,Spectacled Cobra,NEAR,HIGH_CONFIDENCE_NEAR_DUPLICATE,train/Venomous_Snake/Indian_cobra.jpg,Venomous_Snake,TRAIN,0,0,False
Venomous/Spectacled Cobra/Indiancobra.jpg,Venomous,Spectacled Cobra,NEAR,HIGH_CONFIDENCE_NEAR_DUPLICATE,train/Venomous_Snake/Indiancobra.jpg,Venomous_Snake,TRAIN,0,0,False
Venomous/Spectacled Cobra/jrr-80436-reptiles-snakes-cobra-indian-spectacled-cobra-naja-naja-CE8PX4.jpg,Venomous,Spectacled Cobra,NEAR,HIGH_CONFIDENCE_NEAR_DUPLICATE,train/Venomous_Snake/jrr-80436-reptiles-snakes-cobra-indian-spectacled-cobra-naja-naja-CE8PX4.jpg,Venomous_Snake,TRAIN,0,0,False
Venomous/Spectacled Cobra/Kanha-426_Spectacled-Cobra.jpg,Venomous,Spectacled Cobra,NEAR,HIGH_CONFIDENCE_NEAR_DUPLICATE,train/Venomous_Snake/Kanha-426_Spectacled-Cobra.jpg,Venomous_Snake,TRAIN,0,2,False
Venomous/Spectacled Cobra/king-cobra-catching-and-feeding-on-indian-cobra.jpg,Venomous,Spectacled Cobra,NEAR,HIGH_CONFIDENCE_NEAR_DUPLICATE,validation/Venomous_Snake/king-cobra-catching-and-feeding-on-indian-cobra.jpg,Venomous_Snake,VALIDATION,0,0,False
Venomous/Spectacled Cobra/L0017_3.jpg,Venomous,Spectacled Cobra,NEAR,HIGH_CONFIDENCE_NEAR_DUPLICATE,validation/Venomous_Snake/L0017_3.jpg,Venomous_Snake,VALIDATION,0,0,False
Venomous/Spectacled Cobra/maxresdefault.jpg,Venomous,Spectacled Cobra,NEAR,HIGH_CONFIDENCE_NEAR_DUPLICATE,train/Venomous_Snake/maxresdefault (4).jpg,Venomous_Snake,TRAIN,0,0,False
Venomous/Spectacled Cobra/maxresdefault_004.jpg,Venomous,Spectacled Cobra,NEAR,HIGH_CONFIDENCE_NEAR_DUPLICATE,train/Venomous_Snake/maxresdefault_004.jpg,Venomous_Snake,TRAIN,0,0,False
Venomous/Spectacled Cobra/maxresdefault_006.jpg,Venomous,Spectacled Cobra,NEAR,HIGH_CONFIDENCE_NEAR_DUPLICATE,train/Venomous_Snake/maxresdefault_006 (3).jpg,Venomous_Snake,TRAIN,0,0,False
Venomous/Spectacled Cobra/maxresdefault_007.jpg,Venomous,Spectacled Cobra,NEAR,HIGH_CONFIDENCE_NEAR_DUPLICATE,validation/Venomous_Snake/maxresdefault_007 (3).jpg,Venomous_Snake,VALIDATION,0,0,False
Venomous/Spectacled Cobra/Naja naja1.jpg,Venomous,Spectacled Cobra,NEAR,HIGH_CONFIDENCE_NEAR_DUPLICATE,train/Venomous_Snake/Naja naja1.jpg,Venomous_Snake,TRAIN,0,0,False
Venomous/Spectacled Cobra/Naja-naja-03000026811_01.jpg,Venomous,Spectacled Cobra,NEAR,HIGH_CONFIDENCE_NEAR_DUPLICATE,train/Venomous_Snake/Naja-naja-03000026811_01.jpg,Venomous_Snake,TRAIN,0,0,False
Venomous/Spectacled Cobra/Naja-naja-03000033195_01.jpg,Venomous,Spectacled Cobra,NEAR,HIGH_CONFIDENCE_NEAR_DUPLICATE,train/Venomous_Snake/Naja-naja-03000033195_01.jpg,Venomous_Snake,TRAIN,0,0,False
Venomous/Spectacled Cobra/Naja-naja-1-Spectacled-cobra.jpg,Venomous,Spectacled Cobra,NEAR,HIGH_CONFIDENCE_NEAR_DUPLICATE,train/Venomous_Snake/Naja-naja-1-Spectacled-cobra.jpg,Venomous_Snake,TRAIN,0,0,False
Venomous/Spectacled Cobra/Naja-naja-2-Spectacled-cobra-Copy.jpg,Venomous,Spectacled Cobra,NEAR,HIGH_CONFIDENCE_NEAR_DUPLICATE,train/Venomous_Snake/Naja-naja-2-Spectacled-cobra-Copy.jpg,Venomous_Snake,TRAIN,0,0,False
Venomous/Spectacled Cobra/Naja-naja-3-Spectacled-cobra-1170x455.jpg,Venomous,Spectacled Cobra,NEAR,HIGH_CONFIDENCE_NEAR_DUPLICATE,train/Venomous_Snake/Naja-naja-3-Spectacled-cobra-1170x455.jpg,Venomous_Snake,TRAIN,0,0,False
Venomous/Spectacled Cobra/Naja-naja-4-Spectacled-cobra.jpg,Venomous,Spectacled Cobra,NEAR,HIGH_CONFIDENCE_NEAR_DUPLICATE,train/Venomous_Snake/Naja-naja-4-Spectacled-cobra.jpg,Venomous_Snake,TRAIN,0,0,False
Venomous/Spectacled Cobra/Naja-naja-5-Spectacled-cobra.jpg,Venomous,Spectacled Cobra,NEAR,HIGH_CONFIDENCE_NEAR_DUPLICATE,train/Venomous_Snake/Naja-naja-5-Spectacled-cobra.jpg,Venomous_Snake,TRAIN,0,0,False
Venomous/Spectacled Cobra/Naja-naja-Saleem-Hameed-e1442201686504.jpg,Venomous,Spectacled Cobra,NEAR,HIGH_CONFIDENCE_NEAR_DUPLICATE,train/Venomous_Snake/Naja-naja-Saleem-Hameed-e1442201686504.jpg,Venomous_Snake,TRAIN,0,0,False
Venomous/Spectacled Cobra/naja1-e1480951267722.png,Venomous,Spectacled Cobra,EXACT,EXACT_DUPLICATE,train/Venomous_Snake/naja1-e1480951267722.png,Venomous_Snake,TRAIN,0,0,False
Venomous/Spectacled Cobra/Naja_naja2.jpg,Venomous,Spectacled Cobra,NEAR,HIGH_CONFIDENCE_NEAR_DUPLICATE,train/Venomous_Snake/Naja_naja2.jpg,Venomous_Snake,TRAIN,2,0,False
Venomous/Spectacled Cobra/Naja_naja3.jpg,Venomous,Spectacled Cobra,NEAR,HIGH_CONFIDENCE_NEAR_DUPLICATE,train/Venomous_Snake/Naja_naja3.jpg,Venomous_Snake,TRAIN,0,0,False
Venomous/Spectacled Cobra/naja_naja_2.jpg,Venomous,Spectacled Cobra,NEAR,HIGH_CONFIDENCE_NEAR_DUPLICATE,train/Venomous_Snake/naja_naja_2.jpg,Venomous_Snake,TRAIN,0,0,False
Venomous/Spectacled Cobra/Najacobra.jpeg.jpeg,Venomous,Spectacled Cobra,EXACT,EXACT_DUPLICATE,train/Venomous_Snake/Najacobra.jpeg.jpeg,Venomous_Snake,TRAIN,0,0,False
Venomous/Spectacled Cobra/Najanaja5.jpg,Venomous,Spectacled Cobra,NEAR,HIGH_CONFIDENCE_NEAR_DUPLICATE,train/Venomous_Snake/Najanaja5.jpg,Venomous_Snake,TRAIN,0,0,False
Venomous/Spectacled Cobra/ni_2015_63_3_300_158155_f8.jpg,Venomous,Spectacled Cobra,NEAR,HIGH_CONFIDENCE_NEAR_DUPLICATE,train/Venomous_Snake/ni_2015_63_3_300_158155_f8.jpg,Venomous_Snake,TRAIN,0,1,False
Venomous/Spectacled Cobra/poor-lower-caste-indian-boy-begging-with-spectacled-cobra-on-an-india-bxxhx3.jpg,Venomous,Spectacled Cobra,NEAR,HIGH_CONFIDENCE_NEAR_DUPLICATE,train/Venomous_Snake/poor-lower-caste-indian-boy-begging-with-spectacled-cobra-on-an-india-bxxhx3.jpg,Venomous_Snake,TRAIN,2,0,False
Venomous/Spectacled Cobra/poor-lower-caste-indian-girl-begging-with-spectacled-cobra-on-an-india-bxxhxd.jpg,Venomous,Spectacled Cobra,NEAR,HIGH_CONFIDENCE_NEAR_DUPLICATE,train/Venomous_Snake/poor-lower-caste-indian-girl-begging-with-spectacled-cobra-on-an-india-bxxhxd.jpg,Venomous_Snake,TRAIN,0,0,False
Venomous/Spectacled Cobra/rsz_rare_indian_spectacled_cobra_caught_with_vestigial_‘legs’_in_telangana__video_3.jpg,Venomous,Spectacled Cobra,NEAR,HIGH_CONFIDENCE_NEAR_DUPLICATE,train/Venomous_Snake/rsz_rare_indian_spectacled_cobra_caught_with_vestigial_ΓÇÿlegsΓÇÖ_in_telangana__video_3.jpg,Venomous_Snake,TRAIN,0,0,False
Venomous/Spectacled Cobra/snake-cobra-indian-spectacled-cobra-naja-naja-with-open-hood-india-CE8R0T.jpg,Venomous,Spectacled Cobra,NEAR,HIGH_CONFIDENCE_NEAR_DUPLICATE,train/Venomous_Snake/snake-cobra-indian-spectacled-cobra-naja-naja-with-open-hood-india-CE8R0T.jpg,Venomous_Snake,TRAIN,0,0,False
Venomous/Spectacled Cobra/snake-indian-spectacled-cobra-naja-naja-naja-et0cm2.jpg,Venomous,Spectacled Cobra,NEAR,HIGH_CONFIDENCE_NEAR_DUPLICATE,train/Venomous_Snake/snake-indian-spectacled-cobra-naja-naja-naja-et0cm2.jpg,Venomous_Snake,TRAIN,0,1,False
Venomous/Spectacled Cobra/snake36l.jpg,Venomous,Spectacled Cobra,NEAR,HIGH_CONFIDENCE_NEAR_DUPLICATE,train/Venomous_Snake/snake36l.jpg,Venomous_Snake,TRAIN,0,0,False
Venomous/Spectacled Cobra/snake_7n.jpg,Venomous,Spectacled Cobra,NEAR,HIGH_CONFIDENCE_NEAR_DUPLICATE,train/Venomous_Snake/snake_7n.jpg,Venomous_Snake,TRAIN,0,0,False
Venomous/Spectacled Cobra/SNP00413.jpg,Venomous,Spectacled Cobra,NEAR,HIGH_CONFIDENCE_NEAR_DUPLICATE,validation/Venomous_Snake/SNP00413.jpg,Venomous_Snake,VALIDATION,0,0,False
Venomous/Spectacled Cobra/Spectacle-Pattern-On-Hood-of-Cobra.jpg,Venomous,Spectacled Cobra,NEAR,HIGH_CONFIDENCE_NEAR_DUPLICATE,train/Venomous_Snake/Spectacle-Pattern-On-Hood-of-Cobra.jpg,Venomous_Snake,TRAIN,0,0,False
Venomous/Spectacled Cobra/Spectacled cobra.jpg,Venomous,Spectacled Cobra,NEAR,HIGH_CONFIDENCE_NEAR_DUPLICATE,train/Venomous_Snake/Spectacled cobra.jpg,Venomous_Snake,TRAIN,0,1,False
Venomous/Spectacled Cobra/spectacled-cobra-highly-poisonous-elapine-indian-snake-indian-naja-naja-also-known-as-asian-binocellate-57558361.jpg,Venomous,Spectacled Cobra,NEAR,HIGH_CONFIDENCE_NEAR_DUPLICATE,train/Venomous_Snake/spectacled-cobra-highly-poisonous-elapine-indian-snake-indian-naja-naja-also-known-as-asian-binocellate-57558361.jpg,Venomous_Snake,TRAIN,0,1,False
Venomous/Spectacled Cobra/Spectacled-Cobra-Hood-Photo.jpg,Venomous,Spectacled Cobra,NEAR,HIGH_CONFIDENCE_NEAR_DUPLICATE,validation/Venomous_Snake/Spectacled-Cobra-Hood-Photo.jpg,Venomous_Snake,VALIDATION,0,0,False
Venomous/Spectacled Cobra/spectacled-cobra-in-basket-of-snake-charmer-new-delhi-india-naja-naja-DTRX7M.jpg,Venomous,Spectacled Cobra,NEAR,HIGH_CONFIDENCE_NEAR_DUPLICATE,validation/Venomous_Snake/spectacled-cobra-in-basket-of-snake-charmer-new-delhi-india-naja-naja-DTRX7M.jpg,Venomous_Snake,VALIDATION,0,0,False
Venomous/Spectacled Cobra/spectacled-cobra-naja-naja-bangalore-karnataka-theindian-cobrais-one-HNWT1W.jpg,Venomous,Spectacled Cobra,NEAR,HIGH_CONFIDENCE_NEAR_DUPLICATE,train/Venomous_Snake/spectacled-cobra-naja-naja-bangalore-karnataka-theindian-cobrais-one-HNWT1W.jpg,Venomous_Snake,TRAIN,0,1,False
Venomous/Spectacled Cobra/spectacled-cobra-naja-naja-bangalore-karnataka-theindian-cobrais-one-hnww7b.jpg,Venomous,Spectacled Cobra,NEAR,HIGH_CONFIDENCE_NEAR_DUPLICATE,train/Venomous_Snake/spectacled-cobra-naja-naja-bangalore-karnataka-theindian-cobrais-one-hnww7b.jpg,Venomous_Snake,TRAIN,0,0,False
Venomous/Spectacled Cobra/spectacled-cobra-naja-naja-bangalore-karnataka-theindian-cobrais-one-hnww7k.jpg,Venomous,Spectacled Cobra,NEAR,HIGH_CONFIDENCE_NEAR_DUPLICATE,train/Venomous_Snake/spectacled-cobra-naja-naja-bangalore-karnataka-theindian-cobrais-one-hnww7k.jpg,Venomous_Snake,TRAIN,2,0,False
Venomous/Spectacled Cobra/spectacled-cobra-naja-naja-family-elaphidae-aarey-milk-colony-mumbai-ECK328.jpg,Venomous,Spectacled Cobra,NEAR,HIGH_CONFIDENCE_NEAR_DUPLICATE,validation/Venomous_Snake/spectacled-cobra-naja-naja-family-elaphidae-aarey-milk-colony-mumbai-ECK328.jpg,Venomous_Snake,VALIDATION,0,1,False
Venomous/Spectacled Cobra/spectacled-cobra-naja-naja-family-elaphidae-aarey-milk-colony-mumbai-eck40e.jpg,Venomous,Spectacled Cobra,NEAR,HIGH_CONFIDENCE_NEAR_DUPLICATE,train/Venomous_Snake/spectacled-cobra-naja-naja-family-elaphidae-aarey-milk-colony-mumbai-eck40e.jpg,Venomous_Snake,TRAIN,0,1,False
Venomous/Spectacled Cobra/spectacled-cobra-naja-naja-family-elaphidae-aarey-milk-colony-mumbai-ECK40G.jpg,Venomous,Spectacled Cobra,NEAR,HIGH_CONFIDENCE_NEAR_DUPLICATE,train/Venomous_Snake/spectacled-cobra-naja-naja-family-elaphidae-aarey-milk-colony-mumbai-ECK40G.jpg,Venomous_Snake,TRAIN,0,0,False
Venomous/Spectacled Cobra/spectacled-cobra-naja-naja-family-elaphidae-aarey-milk-colony-mumbai-eck40j.jpg,Venomous,Spectacled Cobra,NEAR,HIGH_CONFIDENCE_NEAR_DUPLICATE,train/Venomous_Snake/spectacled-cobra-naja-naja-family-elaphidae-aarey-milk-colony-mumbai-eck40j.jpg,Venomous_Snake,TRAIN,0,0,False
Venomous/Spectacled Cobra/spectacled-cobra-naja-naja-family-elaphidae-aarey-milk-colony-mumbai-eck40m.jpg,Venomous,Spectacled Cobra,NEAR,HIGH_CONFIDENCE_NEAR_DUPLICATE,train/Venomous_Snake/spectacled-cobra-naja-naja-family-elaphidae-aarey-milk-colony-mumbai-eck40m.jpg,Venomous_Snake,TRAIN,0,1,False
Venomous/Spectacled Cobra/spectacled-cobra-naja-naja-family-elaphidae-aarey-milk-colony-mumbai-eck40r.jpg,Venomous,Spectacled Cobra,NEAR,HIGH_CONFIDENCE_NEAR_DUPLICATE,validation/Venomous_Snake/spectacled-cobra-naja-naja-family-elaphidae-aarey-milk-colony-mumbai-eck40r.jpg,Venomous_Snake,VALIDATION,0,0,False
Venomous/Spectacled Cobra/spectacled-cobra-naja-naja-family-elaphidae-aarey-milk-colony-mumbai-eck40t.jpg,Venomous,Spectacled Cobra,NEAR,HIGH_CONFIDENCE_NEAR_DUPLICATE,train/Venomous_Snake/spectacled-cobra-naja-naja-family-elaphidae-aarey-milk-colony-mumbai-eck40t.jpg,Venomous_Snake,TRAIN,0,1,False
Venomous/Spectacled Cobra/spectacled-cobra-naja-naja-ncbs-bangalore-india-fajac6.jpg,Venomous,Spectacled Cobra,NEAR,HIGH_CONFIDENCE_NEAR_DUPLICATE,train/Venomous_Snake/spectacled-cobra-naja-naja-ncbs-bangalore-india-fajac6.jpg,Venomous_Snake,TRAIN,0,1,False
Venomous/Spectacled Cobra/spectacled-cobra-naja-naja-ncbs-bangalore-india-fajaca.jpg,Venomous,Spectacled Cobra,NEAR,HIGH_CONFIDENCE_NEAR_DUPLICATE,train/Venomous_Snake/spectacled-cobra-naja-naja-ncbs-bangalore-india-fajaca.jpg,Venomous_Snake,TRAIN,0,0,False
Venomous/Spectacled Cobra/spectacled-cobra-naja-naja-venomous-common-aarey-milk-colony-mumbai-b87kda.jpg,Venomous,Spectacled Cobra,NEAR,HIGH_CONFIDENCE_NEAR_DUPLICATE,train/Venomous_Snake/spectacled-cobra-naja-naja-venomous-common-aarey-milk-colony-mumbai-b87kda.jpg,Venomous_Snake,TRAIN,0,0,False
Venomous/Spectacled Cobra/spectacled-cobra-naja-naja-venomous-common-bn519e.jpg,Venomous,Spectacled Cobra,NEAR,HIGH_CONFIDENCE_NEAR_DUPLICATE,train/Venomous_Snake/spectacled-cobra-naja-naja-venomous-common-bn519e.jpg,Venomous_Snake,TRAIN,0,1,False
Venomous/Spectacled Cobra/spectacled-cobra-naja-naja-venomous-common-c690gp.jpg,Venomous,Spectacled Cobra,NEAR,HIGH_CONFIDENCE_NEAR_DUPLICATE,train/Venomous_Snake/spectacled-cobra-naja-naja-venomous-common-c690gp.jpg,Venomous_Snake,TRAIN,0,0,False
Venomous/Spectacled Cobra/spectacled-cobra-naja-naja-venomous-common-cc0bp0.jpg,Venomous,Spectacled Cobra,NEAR,HIGH_CONFIDENCE_NEAR_DUPLICATE,train/Venomous_Snake/spectacled-cobra-naja-naja-venomous-common-cc0bp0.jpg,Venomous_Snake,TRAIN,0,0,False
Venomous/Spectacled Cobra/spectacled-cobra-naja-naja-venomous-common-dive-ghat-maharasthra-india-AA2KAR.jpg,Venomous,Spectacled Cobra,NEAR,HIGH_CONFIDENCE_NEAR_DUPLICATE,validation/Venomous_Snake/spectacled-cobra-naja-naja-venomous-common-dive-ghat-maharasthra-india-AA2KAR.jpg,Venomous_Snake,VALIDATION,2,0,False
Venomous/Spectacled Cobra/spectacled-cobra-naja-naja-venomous-common-elapidae-ajivali-devrai-BY1010.jpg,Venomous,Spectacled Cobra,NEAR,HIGH_CONFIDENCE_NEAR_DUPLICATE,train/Venomous_Snake/spectacled-cobra-naja-naja-venomous-common-elapidae-ajivali-devrai-BY1010.jpg,Venomous_Snake,TRAIN,0,0,False
Venomous/Spectacled Cobra/spectacled-cobra-naja-naja-venomous-common-elapidae-pune-en6afd.jpg,Venomous,Spectacled Cobra,NEAR,HIGH_CONFIDENCE_NEAR_DUPLICATE,train/Venomous_Snake/spectacled-cobra-naja-naja-venomous-common-elapidae-pune-en6afd.jpg,Venomous_Snake,TRAIN,0,0,False
Venomous/Spectacled Cobra/spectacled-cobra-naja-naja-venomous-common-elapidae-pune-en6afe.jpg,Venomous,Spectacled Cobra,NEAR,HIGH_CONFIDENCE_NEAR_DUPLICATE,validation/Venomous_Snake/spectacled-cobra-naja-naja-venomous-common-elapidae-pune-en6afe.jpg,Venomous_Snake,VALIDATION,0,0,False
Venomous/Spectacled Cobra/spectacled-cobra-naja-naja-venomous-common-elapidae-pune-en6afg.jpg,Venomous,Spectacled Cobra,NEAR,HIGH_CONFIDENCE_NEAR_DUPLICATE,train/Venomous_Snake/spectacled-cobra-naja-naja-venomous-common-elapidae-pune-en6afg.jpg,Venomous_Snake,TRAIN,0,0,False
Venomous/Spectacled Cobra/spectacled-cobra-naja-naja-venomous-common-elapidae-pune-en6afj.jpg,Venomous,Spectacled Cobra,NEAR,HIGH_CONFIDENCE_NEAR_DUPLICATE,train/Venomous_Snake/spectacled-cobra-naja-naja-venomous-common-elapidae-pune-en6afj.jpg,Venomous_Snake,TRAIN,0,0,False
Venomous/Spectacled Cobra/spectacled-cobra-naja-naja-venomous-common-film-city-mumbai-b87jh0.jpg,Venomous,Spectacled Cobra,NEAR,HIGH_CONFIDENCE_NEAR_DUPLICATE,train/Venomous_Snake/spectacled-cobra-naja-naja-venomous-common-film-city-mumbai-b87jh0.jpg,Venomous_Snake,TRAIN,0,0,False
Venomous/Spectacled Cobra/spectacled-cobra-naja-naja-venomous-common-genus-of-venomous-elapid-AX06FY.jpg,Venomous,Spectacled Cobra,NEAR,HIGH_CONFIDENCE_NEAR_DUPLICATE,validation/Venomous_Snake/spectacled-cobra-naja-naja-venomous-common-genus-of-venomous-elapid-AX06FY.jpg,Venomous_Snake,VALIDATION,0,0,False
Venomous/Spectacled Cobra/spectacled-cobra-naja-naja-venomous-common-genus-of-venomous-elapid-AX079W.jpg,Venomous,Spectacled Cobra,NEAR,HIGH_CONFIDENCE_NEAR_DUPLICATE,train/Venomous_Snake/spectacled-cobra-naja-naja-venomous-common-genus-of-venomous-elapid-AX079W.jpg,Venomous_Snake,TRAIN,0,0,False
Venomous/Spectacled Cobra/spectacled-cobra-naja-naja-venomous-common-genus-of-venomous-elapid-ax07kw.jpg,Venomous,Spectacled Cobra,NEAR,HIGH_CONFIDENCE_NEAR_DUPLICATE,train/Venomous_Snake/spectacled-cobra-naja-naja-venomous-common-genus-of-venomous-elapid-ax07kw.jpg,Venomous_Snake,TRAIN,0,0,False
Venomous/Spectacled Cobra/spectacled-cobra-naja-naja-venomous-common-genus-of-venomous-elapid-ax07tg.jpg,Venomous,Spectacled Cobra,NEAR,HIGH_CONFIDENCE_NEAR_DUPLICATE,train/Venomous_Snake/spectacled-cobra-naja-naja-venomous-common-genus-of-venomous-elapid-ax07tg.jpg,Venomous_Snake,TRAIN,0,1,False
Venomous/Spectacled Cobra/spectacled-cobra-naja-naja-venomous-common-genus-of-venomous-elapid-AX08MW.jpg,Venomous,Spectacled Cobra,NEAR,HIGH_CONFIDENCE_NEAR_DUPLICATE,train/Venomous_Snake/spectacled-cobra-naja-naja-venomous-common-genus-of-venomous-elapid-AX08MW.jpg,Venomous_Snake,TRAIN,0,0,False
Venomous/Spectacled Cobra/spectacled-cobra-naja-naja-venomous-common-genus-of-venomous-elapid-ax2f1m.jpg,Venomous,Spectacled Cobra,NEAR,HIGH_CONFIDENCE_NEAR_DUPLICATE,validation/Venomous_Snake/spectacled-cobra-naja-naja-venomous-common-genus-of-venomous-elapid-ax2f1m.jpg,Venomous_Snake,VALIDATION,0,1,False
Venomous/Spectacled Cobra/spectacled-cobra-naja-naja-venomous-common-golaghat-district-assam-DABB5W.jpg,Venomous,Spectacled Cobra,NEAR,HIGH_CONFIDENCE_NEAR_DUPLICATE,train/Venomous_Snake/spectacled-cobra-naja-naja-venomous-common-golaghat-district-assam-DABB5W.jpg,Venomous_Snake,TRAIN,0,0,False
Venomous/Spectacled Cobra/spectacled-cobra-naja-naja-venomous-common-golaghat-district-assam-dabb6c.jpg,Venomous,Spectacled Cobra,NEAR,HIGH_CONFIDENCE_NEAR_DUPLICATE,train/Venomous_Snake/spectacled-cobra-naja-naja-venomous-common-golaghat-district-assam-dabb6c.jpg,Venomous_Snake,TRAIN,0,1,False
Venomous/Spectacled Cobra/spectacled-cobra-naja-naja-venomous-common-indian-cobra-seen-in-gorai-ae6mrw.jpg,Venomous,Spectacled Cobra,NEAR,HIGH_CONFIDENCE_NEAR_DUPLICATE,train/Venomous_Snake/spectacled-cobra-naja-naja-venomous-common-indian-cobra-seen-in-gorai-ae6mrw.jpg,Venomous_Snake,TRAIN,0,0,False
Venomous/Spectacled Cobra/spectacled-cobra-naja-naja-venomous-common-marol-police-camp-andheri-b87jen.jpg,Venomous,Spectacled Cobra,NEAR,HIGH_CONFIDENCE_NEAR_DUPLICATE,train/Venomous_Snake/spectacled-cobra-naja-naja-venomous-common-marol-police-camp-andheri-b87jen.jpg,Venomous_Snake,TRAIN,0,1,False
Venomous/Spectacled Cobra/Spectacled-Cobra-Picture.jpg,Venomous,Spectacled Cobra,NEAR,HIGH_CONFIDENCE_NEAR_DUPLICATE,train/Venomous_Snake/Spectacled-Cobra-Picture.jpg,Venomous_Snake,TRAIN,0,0,False
Venomous/Spectacled Cobra/Spectacled-cobra-skins-seized-due-to-illegal-trade.jpg,Venomous,Spectacled Cobra,NEAR,HIGH_CONFIDENCE_NEAR_DUPLICATE,train/Venomous_Snake/Spectacled-cobra-skins-seized-due-to-illegal-trade.jpg,Venomous_Snake,TRAIN,2,0,False
Venomous/Spectacled Cobra/spectacled-cobra-slide-1-1024x682.jpg,Venomous,Spectacled Cobra,NEAR,HIGH_CONFIDENCE_NEAR_DUPLICATE,validation/Venomous_Snake/spectacled-cobra-slide-1-1024x682.jpg,Venomous_Snake,VALIDATION,0,0,False
Venomous/Spectacled Cobra/Spectacled-Cobra.jpg,Venomous,Spectacled Cobra,NEAR,HIGH_CONFIDENCE_NEAR_DUPLICATE,train/Venomous_Snake/Spectacled-Cobra.jpg,Venomous_Snake,TRAIN,0,1,False
Venomous/Spectacled Cobra/Spectacled-Cobra31.jpg,Venomous,Spectacled Cobra,NEAR,HIGH_CONFIDENCE_NEAR_DUPLICATE,train/Venomous_Snake/Spectacled-Cobra31.jpg,Venomous_Snake,TRAIN,2,0,False
Venomous/Spectacled Cobra/spectacled-cobra_001.jpg,Venomous,Spectacled Cobra,NEAR,HIGH_CONFIDENCE_NEAR_DUPLICATE,train/Venomous_Snake/spectacled-cobra_001.jpg,Venomous_Snake,TRAIN,0,1,False
Venomous/Spectacled Cobra/Spectacled-Cobra_003.jpg,Venomous,Spectacled Cobra,NEAR,HIGH_CONFIDENCE_NEAR_DUPLICATE,train/Venomous_Snake/Spectacled-Cobra_003.jpg,Venomous_Snake,TRAIN,0,1,False
Venomous/Spectacled Cobra/Spectacled_Cobra_and_Stripe-necked_Mongoose_DHobcorft.jpg,Venomous,Spectacled Cobra,NEAR,HIGH_CONFIDENCE_NEAR_DUPLICATE,train/Venomous_Snake/Spectacled_Cobra_and_Stripe-necked_Mongoose_DHobcorft.jpg,Venomous_Snake,TRAIN,0,0,False
Venomous/Spectacled Cobra/stock-photo-indian-cobra-170225447.jpg,Venomous,Spectacled Cobra,NEAR,HIGH_CONFIDENCE_NEAR_DUPLICATE,train/Venomous_Snake/stock-photo-indian-cobra-170225447.jpg,Venomous_Snake,TRAIN,0,0,False
Venomous/Spectacled Cobra/the-indian-cobra-naja-naja-also-known-as-the-spectacled-cobra-asian-FW7360.jpg,Venomous,Spectacled Cobra,NEAR,HIGH_CONFIDENCE_NEAR_DUPLICATE,train/Venomous_Snake/the-indian-cobra-naja-naja-also-known-as-the-spectacled-cobra-asian-FW7360.jpg,Venomous_Snake,TRAIN,0,1,False
Venomous/Spectacled Cobra/The_Common_Indian_Cobra_or_Spectacled_Cobra_02.JPG,Venomous,Spectacled Cobra,NEAR,HIGH_CONFIDENCE_NEAR_DUPLICATE,train/Venomous_Snake/The_Common_Indian_Cobra_or_Spectacled_Cobra_02.JPG,Venomous_Snake,TRAIN,0,0,False
Venomous/Spectacled Cobra/The_Common_Indian_Cobra_or_Spectacled_Cobra_04.JPG,Venomous,Spectacled Cobra,NEAR,HIGH_CONFIDENCE_NEAR_DUPLICATE,train/Venomous_Snake/The_Common_Indian_Cobra_or_Spectacled_Cobra_04.JPG,Venomous_Snake,TRAIN,0,0,False
Venomous/Spectacled Cobra/The_Common_Indian_Cobra_or_Spectacled_Cobra_07.JPG,Venomous,Spectacled Cobra,NEAR,HIGH_CONFIDENCE_NEAR_DUPLICATE,train/Venomous_Snake/The_Common_Indian_Cobra_or_Spectacled_Cobra_07.JPG,Venomous_Snake,TRAIN,0,0,False
Venomous/Spectacled Cobra/The_Common_Indian_Cobra_or_Spectacled_Cobra_08.JPG,Venomous,Spectacled Cobra,NEAR,HIGH_CONFIDENCE_NEAR_DUPLICATE,train/Venomous_Snake/The_Common_Indian_Cobra_or_Spectacled_Cobra_08.JPG,Venomous_Snake,TRAIN,0,0,False
Venomous/Spectacled Cobra/The_Common_Indian_Cobra_or_Spectacled_Cobra_13.JPG,Venomous,Spectacled Cobra,NEAR,HIGH_CONFIDENCE_NEAR_DUPLICATE,train/Venomous_Snake/The_Common_Indian_Cobra_or_Spectacled_Cobra_13.JPG,Venomous_Snake,TRAIN,0,0,False
Venomous/Spectacled Cobra/The_Common_Indian_Cobra_or_Spectacled_Cobra_14.JPG,Venomous,Spectacled Cobra,NEAR,HIGH_CONFIDENCE_NEAR_DUPLICATE,train/Venomous_Snake/The_Common_Indian_Cobra_or_Spectacled_Cobra_14.JPG,Venomous_Snake,TRAIN,0,0,False
Venomous/Spectacled Cobra/The_Common_Indian_Cobra_or_Spectacled_Cobra_21.JPG,Venomous,Spectacled Cobra,NEAR,HIGH_CONFIDENCE_NEAR_DUPLICATE,train/Venomous_Snake/The_Common_Indian_Cobra_or_Spectacled_Cobra_21.JPG,Venomous_Snake,TRAIN,0,0,False
Venomous/Spectacled Cobra/The_Common_Indian_Cobra_or_Spectacled_Cobra_23.JPG,Venomous,Spectacled Cobra,NEAR,HIGH_CONFIDENCE_NEAR_DUPLICATE,train/Venomous_Snake/The_Common_Indian_Cobra_or_Spectacled_Cobra_23.JPG,Venomous_Snake,TRAIN,0,0,False
Venomous/Spectacled Cobra/The_Common_Indian_Cobra_or_Spectacled_Cobra_29.JPG,Venomous,Spectacled Cobra,NEAR,HIGH_CONFIDENCE_NEAR_DUPLICATE,train/Venomous_Snake/The_Common_Indian_Cobra_or_Spectacled_Cobra_29.JPG,Venomous_Snake,TRAIN,0,1,False
Venomous/Spectacled Cobra/The_Common_Indian_Cobra_or_Spectacled_Cobra_30.JPG,Venomous,Spectacled Cobra,NEAR,HIGH_CONFIDENCE_NEAR_DUPLICATE,train/Venomous_Snake/The_Common_Indian_Cobra_or_Spectacled_Cobra_30.JPG,Venomous_Snake,TRAIN,0,0,False
Venomous/Spectacled Cobra/The_Common_Indian_Cobra_or_Spectacled_Cobra_34.JPG,Venomous,Spectacled Cobra,NEAR,HIGH_CONFIDENCE_NEAR_DUPLICATE,train/Venomous_Snake/The_Common_Indian_Cobra_or_Spectacled_Cobra_34.JPG,Venomous_Snake,TRAIN,0,0,False
Venomous/Spectacled Cobra/The_Common_Indian_Cobra_or_Spectacled_Cobra_35.JPG,Venomous,Spectacled Cobra,NEAR,HIGH_CONFIDENCE_NEAR_DUPLICATE,train/Venomous_Snake/The_Common_Indian_Cobra_or_Spectacled_Cobra_35.JPG,Venomous_Snake,TRAIN,0,0,False
Venomous/Spectacled Cobra/tumblr_o07hjtgxd71r6bovho1_500.jpg,Venomous,Spectacled Cobra,NEAR,HIGH_CONFIDENCE_NEAR_DUPLICATE,test/Venomous_Snake/3f7b41317b2248121c9fa4fbbff48074--cobra-snake-slytherin.jpg,Venomous_Snake,TEST,0,0,True
Venomous/Spectacled Cobra/tumblr_oe91zzenDc1uckwggo1_500.jpg,Venomous,Spectacled Cobra,NEAR,HIGH_CONFIDENCE_NEAR_DUPLICATE,train/Venomous_Snake/tumblr_oe91zzenDc1uckwggo1_500.jpg,Venomous_Snake,TRAIN,0,0,False
Venomous/Spectacled Cobra/tumblr_os3eju0XZY1vraiwyo1_500.jpg,Venomous,Spectacled Cobra,NEAR,HIGH_CONFIDENCE_NEAR_DUPLICATE,train/Venomous_Snake/tumblr_os3eju0XZY1vraiwyo1_500.jpg,Venomous_Snake,TRAIN,0,0,False
Venomous/Spectacled Cobra/x12185425.jpg,Venomous,Spectacled Cobra,NEAR,HIGH_CONFIDENCE_NEAR_DUPLICATE,train/Venomous_Snake/12185425.jpg,Venomous_Snake,TRAIN,0,0,False
Venomous/Spectacled Cobra/Young-Indian-cobra.jpg,Venomous,Spectacled Cobra,EXACT,EXACT_DUPLICATE,train/Venomous_Snake/Young-Indian-cobra.jpg,Venomous_Snake,TRAIN,0,0,False
Venomous/Spectacled Cobra/zoology-animals-reptiles-snakes-indian-cobra-naja-naja-two-snakes-b408gx.jpg,Venomous,Spectacled Cobra,EXACT,EXACT_DUPLICATE,train/Venomous_Snake/zoology-animals-reptiles-snakes-indian-cobra-naja-naja-two-snakes-b408gx.jpg,Venomous_Snake,TRAIN,0,0,False
