relative_path,readable,integrity_error,truncated_warning,width,height,aspect_ratio,channels_or_mode,image_format,file_size_bytes,audit_status,review_reason
Non-Venomous/Banded Racer/03000025388_01_f.jpg,True,,False,1024,683,1.499268,RGB,JPEG,161051,PROVENANCE_REVIEW,source provenance and training reuse rights not verified
Non-Venomous/Banded Racer/03000026774_01_f.jpg,True,,False,1024,768,1.333333,RGB,JPEG,144939,PROVENANCE_REVIEW,source provenance and training reuse rights not verified
Non-Venomous/Banded Racer/0835.jpeg,True,,False,432,288,1.5,RGB,JPEG,110321,PROVENANCE_REVIEW,source provenance and training reuse rights not verified
Non-Venomous/Banded Racer/1274635783_6d04848eae.jpg,True,,False,500,271,1.845018,RGB,JPEG,65426,PROVENANCE_REVIEW,source provenance and training reuse rights not verified
Non-Venomous/Banded Racer/1474639691IMG_9870.JPG,True,,False,600,400,1.5,RGB,JPEG,96084,PROVENANCE_REVIEW,source provenance and training reuse rights not verified
Non-Venomous/Banded Racer/1886.jpeg,True,,False,750,527,1.42315,RGB,JPEG,261756,PROVENANCE_REVIEW,source provenance and training reuse rights not verified
Non-Venomous/Banded Racer/1887.jpeg,True,,False,750,534,1.404494,RGB,JPEG,291893,PROVENANCE_REVIEW,source provenance and training reuse rights not verified
Non-Venomous/Banded Racer/3bbddef038d00a1492014b195f259104--colorful-snakes-nerd.jpg,True,,False,236,198,1.191919,RGB,JPEG,15048,PROVENANCE_REVIEW,source provenance and training reuse rights not verified
Non-Venomous/Banded Racer/5489314689_0dc82a6515_z.jpg,True,,False,558,434,1.285714,RGB,JPEG,119420,PROVENANCE_REVIEW,source provenance and training reuse rights not verified
Non-Venomous/Banded Racer/5489908162_098edd6fd0_z.jpg,True,,False,624,386,1.61658,RGB,JPEG,123044,PROVENANCE_REVIEW,source provenance and training reuse rights not verified
Non-Venomous/Banded Racer/5489908744_1c627cc25f.jpg,True,,False,495,480,1.03125,RGB,JPEG,128375,PROVENANCE_REVIEW,source provenance and training reuse rights not verified
Non-Venomous/Banded Racer/9678299431_e1027b9b6c_b.jpg,True,,False,1024,602,1.700997,RGB,JPEG,195140,PROVENANCE_REVIEW,source provenance and training reuse rights not verified
Non-Venomous/Banded Racer/9678299431_e1027b9b6c_m.jpg,True,,False,240,141,1.702128,RGB,JPEG,18707,PROVENANCE_REVIEW,source provenance and training reuse rights not verified
Non-Venomous/Banded Racer/Argyrogena-fasciolata-03000032230_01.jpg,True,,False,560,420,1.333333,RGB,JPEG,59150,PROVENANCE_REVIEW,source provenance and training reuse rights not verified
Non-Venomous/Banded Racer/banded racer blog.JPG,True,,False,1024,757,1.352708,RGB,JPEG,519627,PROVENANCE_REVIEW,source provenance and training reuse rights not verified
Non-Venomous/Banded Racer/Banded Racer Juvenile.jpg,True,,False,250,178,1.404494,RGB,JPEG,57706,PROVENANCE_REVIEW,source provenance and training reuse rights not verified
Non-Venomous/Banded Racer/Banded Racer.jpg,True,,False,640,338,1.893491,RGB,JPEG,43798,PROVENANCE_REVIEW,source provenance and training reuse rights not verified
Non-Venomous/Banded Racer/banded Racer_001.jpg,True,,False,800,535,1.495327,RGB,JPEG,129267,PROVENANCE_REVIEW,source provenance and training reuse rights not verified
Non-Venomous/Banded Racer/Banded Racer_1105.jpg,True,,False,1024,768,1.333333,RGB,JPEG,926678,PROVENANCE_REVIEW,source provenance and training reuse rights not verified
Non-Venomous/Banded Racer/Banded-Racer-1-700x489.jpg,True,,False,700,489,1.431493,RGB,JPEG,56231,PROVENANCE_REVIEW,source provenance and training reuse rights not verified
Non-Venomous/Banded Racer/Banded-Racer-3-700x417.jpg,True,,False,700,417,1.678657,RGB,JPEG,78251,PROVENANCE_REVIEW,source provenance and training reuse rights not verified
Non-Venomous/Banded Racer/banded-racer-argyrogena-fasciolata-juvenile-non-venomous-locality-DCDHTP.jpg,True,,False,1300,952,1.365546,RGB,JPEG,250259,PROVENANCE_REVIEW,source provenance and training reuse rights not verified
Non-Venomous/Banded Racer/banded-racer-argyrogena-fasciolata-juvenile-non-venomous-locality-h9et85.jpg,True,,False,640,445,1.438202,RGB,JPEG,76438,PROVENANCE_REVIEW,source provenance and training reuse rights not verified
Non-Venomous/Banded Racer/banded-racer-argyrogena-fasciolata-ncbs-bangalore-india-f7n70b.jpg,True,,False,640,447,1.431767,RGB,JPEG,135768,PROVENANCE_REVIEW,source provenance and training reuse rights not verified
Non-Venomous/Banded Racer/banded-racer-argyrogena-fasciolata-non-venomous-not-common-biting-ac6488.jpg,True,,False,640,452,1.415929,RGB,JPEG,60611,PROVENANCE_REVIEW,source provenance and training reuse rights not verified
Non-Venomous/Banded Racer/banded-racer-argyrogena-fasciolata-non-venomous-not-common-juvenile-A6TT4N.jpg,True,,False,1300,952,1.365546,RGB,JPEG,253723,PROVENANCE_REVIEW,source provenance and training reuse rights not verified
Non-Venomous/Banded Racer/banded-racer-argyrogena-fasciolata-non-venomous-not-common-juvenile-A6TT4T.jpg,True,,False,1300,952,1.365546,RGB,JPEG,270619,PROVENANCE_REVIEW,source provenance and training reuse rights not verified
Non-Venomous/Banded Racer/banded-racer-argyrogena-fasciolata-non-venomous-not-common-kalbeliya-AT2BHP.jpg,True,,False,841,1390,0.605036,RGB,JPEG,140924,PROVENANCE_REVIEW,source provenance and training reuse rights not verified
Non-Venomous/Banded Racer/banded-racerargyrogena-fasciolata-ncbs-bangalore-india-f7n6yr.jpg,True,,False,640,447,1.431767,RGB,JPEG,135495,PROVENANCE_REVIEW,source provenance and training reuse rights not verified
Non-Venomous/Banded Racer/banded_racer2.JPG,True,,False,320,306,1.045752,RGB,JPEG,52694,PROVENANCE_REVIEW,source provenance and training reuse rights not verified
Non-Venomous/Banded Racer/Banded_Racer_Argyrogena_fasciolata_by_Ashahar_alias_Krishna_Khan.jpg,True,,False,1200,800,1.5,RGB,JPEG,457017,PROVENANCE_REVIEW,source provenance and training reuse rights not verified
Non-Venomous/Banded Racer/flagellum_19mar11_1b.jpg,True,,False,750,500,1.5,RGB,JPEG,136892,PROVENANCE_REVIEW,source provenance and training reuse rights not verified
Non-Venomous/Banded Racer/img6.jpg,True,,False,600,393,1.526718,RGB,JPEG,47904,PROVENANCE_REVIEW,source provenance and training reuse rights not verified
Non-Venomous/Banded Racer/medium.JPG,True,,False,500,283,1.766784,RGB,JPEG,134358,PROVENANCE_REVIEW,source provenance and training reuse rights not verified
Non-Venomous/Banded Racer/snake.JPG,True,,False,1600,987,1.621074,RGB,JPEG,244785,PROVENANCE_REVIEW,source provenance and training reuse rights not verified
Non-Venomous/Banded Racer/wildclicks.jpg,True,,False,620,407,1.523342,RGB,JPEG,39541,PROVENANCE_REVIEW,source provenance and training reuse rights not verified
Non-Venomous/Checkered Keelback/03.jpg,True,,False,640,432,1.481481,RGB,JPEG,114596,PROVENANCE_REVIEW,source provenance and training reuse rights not verified
Non-Venomous/Checkered Keelback/1170695.jpg,True,,False,250,165,1.515152,RGB,JPEG,26343,PROVENANCE_REVIEW,source provenance and training reuse rights not verified
Non-Venomous/Checkered Keelback/1274637963_d73bd842e0.jpg,True,,False,500,340,1.470588,RGB,JPEG,59070,PROVENANCE_REVIEW,source provenance and training reuse rights not verified
Non-Venomous/Checkered Keelback/12783453_954980014598589_967027178_n.jpg,True,,False,1080,1080,1.0,RGB,JPEG,223575,PROVENANCE_REVIEW,source provenance and training reuse rights not verified
Non-Venomous/Checkered Keelback/14587184738_dc5b7b3054_b.jpg,True,,False,1024,683,1.499268,RGB,JPEG,156144,PROVENANCE_REVIEW,source provenance and training reuse rights not verified
Non-Venomous/Checkered Keelback/1474640693Checkered Keelback ( Samanya dhoria sanp).JPG,True,,False,600,397,1.511335,RGB,JPEG,75321,PROVENANCE_REVIEW,source provenance and training reuse rights not verified
Non-Venomous/Checkered Keelback/1474640697main-2.JPG,True,,False,600,400,1.5,RGB,JPEG,29490,PROVENANCE_REVIEW,source provenance and training reuse rights not verified
Non-Venomous/Checkered Keelback/15563108480_e836a296f0_b.jpg,True,,False,1024,683,1.499268,RGB,JPEG,105238,PROVENANCE_REVIEW,source provenance and training reuse rights not verified
Non-Venomous/Checkered Keelback/174_gall.jpg,True,,False,420,300,1.4,RGB,JPEG,275917,PROVENANCE_REVIEW,source provenance and training reuse rights not verified
Non-Venomous/Checkered Keelback/2.jpg,True,,False,960,551,1.742287,RGB,JPEG,70910,PROVENANCE_REVIEW,source provenance and training reuse rights not verified
Non-Venomous/Checkered Keelback/20256325489_07fa92c4e6_b.jpg,True,,False,1024,744,1.376344,RGB,JPEG,110191,PROVENANCE_REVIEW,source provenance and training reuse rights not verified
Non-Venomous/Checkered Keelback/20390939692_0c4df08d01_k.jpg,True,,False,2048,1365,1.500366,RGB,JPEG,1573360,PROVENANCE_REVIEW,source provenance and training reuse rights not verified
Non-Venomous/Checkered Keelback/20656965795_eb050dd6c5.jpg,True,,False,500,343,1.457726,RGB,JPEG,62065,PROVENANCE_REVIEW,source provenance and training reuse rights not verified
Non-Venomous/Checkered Keelback/20833697950_fa473f7660_b.jpg,True,,False,1024,768,1.333333,RGB,JPEG,207952,PROVENANCE_REVIEW,source provenance and training reuse rights not verified
Non-Venomous/Checkered Keelback/2171758814_f5686d0104.jpg,True,,False,500,358,1.396648,RGB,JPEG,142213,PROVENANCE_REVIEW,source provenance and training reuse rights not verified
Non-Venomous/Checkered Keelback/220px-AB031_buff_striped_char2.JPG,True,,False,220,188,1.170213,RGB,JPEG,12376,PROVENANCE_REVIEW,source provenance and training reuse rights not verified
Non-Venomous/Checkered Keelback/233_s.jpg,True,,False,1201,800,1.50125,RGB,JPEG,131344,PROVENANCE_REVIEW,source provenance and training reuse rights not verified
Non-Venomous/Checkered Keelback/24897900911_7d2ee1ecff_b.jpg,True,,False,1024,586,1.74744,RGB,JPEG,304928,PROVENANCE_REVIEW,source provenance and training reuse rights not verified
Non-Venomous/Checkered Keelback/27059896011_9809401f01.jpg,True,,False,500,375,1.333333,RGB,JPEG,63025,PROVENANCE_REVIEW,source provenance and training reuse rights not verified
Non-Venomous/Checkered Keelback/27095118816_d9248d0b2a.jpg,True,,False,500,375,1.333333,RGB,JPEG,92412,PROVENANCE_REVIEW,source provenance and training reuse rights not verified
Non-Venomous/Checkered Keelback/28338459702_4ec8e72d4b_b.jpg,True,,False,1024,768,1.333333,RGB,JPEG,166828,PROVENANCE_REVIEW,source provenance and training reuse rights not verified
Non-Venomous/Checkered Keelback/3127695936_95cf55577b.jpg,True,,False,500,377,1.32626,RGB,JPEG,102723,PROVENANCE_REVIEW,source provenance and training reuse rights not verified
Non-Venomous/Checkered Keelback/3225992238_8e9d60ce0e.jpg,True,,False,500,327,1.529052,RGB,JPEG,115354,PROVENANCE_REVIEW,source provenance and training reuse rights not verified
Non-Venomous/Checkered Keelback/32687581990_c21854f8d1_b.jpg,True,,False,1024,694,1.475504,RGB,JPEG,295345,PROVENANCE_REVIEW,source provenance and training reuse rights not verified
Non-Venomous/Checkered Keelback/3344089792_507b20d221.jpg,True,,False,500,382,1.308901,RGB,JPEG,119290,PROVENANCE_REVIEW,source provenance and training reuse rights not verified
Non-Venomous/Checkered Keelback/3458289635_0a26c79263.jpg,True,,False,364,500,0.728,RGB,JPEG,178809,PROVENANCE_REVIEW,source provenance and training reuse rights not verified
Non-Venomous/Checkered Keelback/3458294653_a8b87fc769.jpg,True,,False,500,424,1.179245,RGB,JPEG,131722,PROVENANCE_REVIEW,source provenance and training reuse rights not verified
Non-Venomous/Checkered Keelback/3459109170_e6448377cd.jpg,True,,False,500,396,1.262626,RGB,JPEG,129878,PROVENANCE_REVIEW,source provenance and training reuse rights not verified
Non-Venomous/Checkered Keelback/350_e_s_500.jpg,True,,False,1493,993,1.503525,RGB,JPEG,266384,PROVENANCE_REVIEW,source provenance and training reuse rights not verified
Non-Venomous/Checkered Keelback/4094409490_7b474a5030.jpg,True,,False,500,342,1.461988,RGB,JPEG,189060,PROVENANCE_REVIEW,source provenance and training reuse rights not verified
Non-Venomous/Checkered Keelback/45009f00bb38a1754edbdffde787a5b6--amphibians-reptiles.jpg,True,,False,236,353,0.668555,RGB,JPEG,14725,PROVENANCE_REVIEW,source provenance and training reuse rights not verified
Non-Venomous/Checkered Keelback/483d1b4810b93241b433267681151497--snakes-animals.jpg,True,,False,736,551,1.335753,RGB,JPEG,33478,PROVENANCE_REVIEW,source provenance and training reuse rights not verified
Non-Venomous/Checkered Keelback/4884945878_999a15707b_o.jpg,True,,False,800,535,1.495327,RGB,JPEG,297389,PROVENANCE_REVIEW,source provenance and training reuse rights not verified
Non-Venomous/Checkered Keelback/491121-checkered-keeeled-back.jpg,True,,False,3265,2449,1.333197,RGB,JPEG,2088008,PROVENANCE_REVIEW,source provenance and training reuse rights not verified
Non-Venomous/Checkered Keelback/5132438158_7853cbf717.jpg,True,,False,500,313,1.597444,RGB,JPEG,185093,PROVENANCE_REVIEW,source provenance and training reuse rights not verified
Non-Venomous/Checkered Keelback/5389390663_3fee7a07d3_o.jpg,True,,False,773,516,1.498062,RGB,JPEG,152142,PROVENANCE_REVIEW,source provenance and training reuse rights not verified
Non-Venomous/Checkered Keelback/6.jpg,True,,False,960,455,2.10989,RGB,JPEG,76757,PROVENANCE_REVIEW,source provenance and training reuse rights not verified
Non-Venomous/Checkered Keelback/6040463084_f23655f730.jpg,True,,False,500,333,1.501502,RGB,JPEG,89271,PROVENANCE_REVIEW,source provenance and training reuse rights not verified
Non-Venomous/Checkered Keelback/6069690177_f5cd0dbe69_o.jpg,True,,False,800,533,1.500938,RGB,JPEG,327972,PROVENANCE_REVIEW,source provenance and training reuse rights not verified
Non-Venomous/Checkered Keelback/6888018080_51ce929728.jpg,True,,False,500,333,1.501502,RGB,JPEG,192376,PROVENANCE_REVIEW,source provenance and training reuse rights not verified
Non-Venomous/Checkered Keelback/7170810054_1373b1b24f_b.jpg,True,,False,1024,547,1.872029,RGB,JPEG,168030,PROVENANCE_REVIEW,source provenance and training reuse rights not verified
Non-Venomous/Checkered Keelback/7170812976_3a35bbdba2_b.jpg,True,,False,1024,717,1.428173,RGB,JPEG,357020,PROVENANCE_REVIEW,source provenance and training reuse rights not verified
Non-Venomous/Checkered Keelback/8499894995_0bb1f2a772_m.jpg,True,,False,240,180,1.333333,RGB,JPEG,21651,PROVENANCE_REVIEW,source provenance and training reuse rights not verified
Non-Venomous/Checkered Keelback/8500953244_9c4fde2dc2_m.jpg,True,,False,240,180,1.333333,RGB,JPEG,24764,PROVENANCE_REVIEW,source provenance and training reuse rights not verified
Non-Venomous/Checkered Keelback/8934339313_505460cf04.jpg,True,,False,500,375,1.333333,RGB,JPEG,166791,PROVENANCE_REVIEW,source provenance and training reuse rights not verified
Non-Venomous/Checkered Keelback/9181975166_5a8900bcb4_b.jpg,True,,False,1024,576,1.777778,RGB,JPEG,260078,PROVENANCE_REVIEW,source provenance and training reuse rights not verified
Non-Venomous/Checkered Keelback/9258449401_fee23ab38e.jpg,True,,False,500,327,1.529052,RGB,JPEG,67828,PROVENANCE_REVIEW,source provenance and training reuse rights not verified
Non-Venomous/Checkered Keelback/_9068dce4-3ca7-11e7-99bd-b9a47f5fadca.jpg,True,,False,960,538,1.784387,RGB,JPEG,82682,PROVENANCE_REVIEW,source provenance and training reuse rights not verified
Non-Venomous/Checkered Keelback/_DSC0413.jpg,True,,False,1407,850,1.655294,RGB,JPEG,321260,PROVENANCE_REVIEW,source provenance and training reuse rights not verified
Non-Venomous/Checkered Keelback/_DSC0418.jpg,True,,False,1300,850,1.529412,RGB,JPEG,378724,PROVENANCE_REVIEW,source provenance and training reuse rights not verified
Non-Venomous/Checkered Keelback/amphiesma-stolatum_gerrut2.jpg,True,,False,800,535,1.495327,RGB,JPEG,177139,PROVENANCE_REVIEW,source provenance and training reuse rights not verified
Non-Venomous/Checkered Keelback/Amphiesma_stolata (2).jpg,True,,False,320,223,1.434978,RGB,JPEG,38985,PROVENANCE_REVIEW,source provenance and training reuse rights not verified
Non-Venomous/Checkered Keelback/Amphiesma_stolata.jpg,True,,False,320,234,1.367521,RGB,JPEG,35488,PROVENANCE_REVIEW,source provenance and training reuse rights not verified
Non-Venomous/Checkered Keelback/AmpMai2.jpg,True,,False,443,293,1.511945,RGB,JPEG,222418,PROVENANCE_REVIEW,source provenance and training reuse rights not verified
Non-Venomous/Checkered Keelback/BOM 12Dec11 Checkered Keelback Watersnake 03.jpg,True,,False,580,385,1.506494,RGB,JPEG,43606,PROVENANCE_REVIEW,source provenance and training reuse rights not verified
Non-Venomous/Checkered Keelback/Buff-Striped-Keelback.jpg,True,,False,500,375,1.333333,RGB,JPEG,107933,PROVENANCE_REVIEW,source provenance and training reuse rights not verified
Non-Venomous/Checkered Keelback/C1TZ9PQVEAAUSUZ.jpg,True,,False,850,850,1.0,RGB,JPEG,47155,PROVENANCE_REVIEW,source provenance and training reuse rights not verified
Non-Venomous/Checkered Keelback/C4hS1IoVUAASDWp.jpg,True,,False,309,432,0.715278,RGB,JPEG,10212,PROVENANCE_REVIEW,source provenance and training reuse rights not verified
Non-Venomous/Checkered Keelback/Char8_Small_tail.JPG,True,,False,449,337,1.332344,RGB,JPEG,22632,PROVENANCE_REVIEW,source provenance and training reuse rights not verified
Non-Venomous/Checkered Keelback/checked keelback watersnake.jpg,True,,False,400,266,1.503759,RGB,JPEG,68119,PROVENANCE_REVIEW,source provenance and training reuse rights not verified
Non-Venomous/Checkered Keelback/checked keelback.jpg,True,,False,500,335,1.492537,RGB,JPEG,171615,PROVENANCE_REVIEW,source provenance and training reuse rights not verified
Non-Venomous/Checkered Keelback/checkered keelback blog.JPG,True,,False,832,768,1.083333,RGB,JPEG,100909,PROVENANCE_REVIEW,source provenance and training reuse rights not verified
Non-Venomous/Checkered Keelback/checkered keelback blog2.JPG,True,,False,1600,1369,1.168736,RGB,JPEG,169138,PROVENANCE_REVIEW,source provenance and training reuse rights not verified
Non-Venomous/Checkered Keelback/Checkered Keelback.jpg,True,,False,902,668,1.350299,RGB,JPEG,222106,PROVENANCE_REVIEW,source provenance and training reuse rights not verified
Non-Venomous/Checkered Keelback/Checkered keelback_001.JPG,True,,False,1600,1539,1.039636,RGB,JPEG,390249,PROVENANCE_REVIEW,source provenance and training reuse rights not verified
Non-Venomous/Checkered Keelback/checkered keelback_002.jpg,True,,False,1600,1063,1.505174,RGB,JPEG,239621,PROVENANCE_REVIEW,source provenance and training reuse rights not verified
Non-Venomous/Checkered Keelback/Checkered Keelback_003.jpg,True,,False,1000,651,1.536098,RGB,JPEG,185321,PROVENANCE_REVIEW,source provenance and training reuse rights not verified
Non-Venomous/Checkered Keelback/checkered keelback_004.jpg,True,,False,440,320,1.375,RGB,JPEG,107536,PROVENANCE_REVIEW,source provenance and training reuse rights not verified
Non-Venomous/Checkered Keelback/checkered-keel-back-water-snake-xenochropis-piscator-et0cmb.jpg,True,,False,640,447,1.431767,RGB,JPEG,152421,PROVENANCE_REVIEW,source provenance and training reuse rights not verified
Non-Venomous/Checkered Keelback/Checkered-Keelback-.jpg,True,,False,960,640,1.5,RGB,JPEG,444230,PROVENANCE_REVIEW,source provenance and training reuse rights not verified
Non-Venomous/Checkered Keelback/Checkered-Keelback-1.jpg,True,,False,640,480,1.333333,RGB,JPEG,55011,PROVENANCE_REVIEW,source provenance and training reuse rights not verified
Non-Venomous/Checkered Keelback/Checkered-Keelback-2.jpg,True,,False,640,480,1.333333,RGB,JPEG,122868,PROVENANCE_REVIEW,source provenance and training reuse rights not verified
Non-Venomous/Checkered Keelback/checkered-keelback-or-Asiatic-water-snake-Xenochrophis-piscator-11-2015-Toon1.jpg,True,,False,400,281,1.423488,RGB,JPEG,62779,PROVENANCE_REVIEW,source provenance and training reuse rights not verified
Non-Venomous/Checkered Keelback/checkered-keelback-or-Asiatic-water-snake-Xenochrophis-piscator-11-2015-Toon2.jpg,True,,False,400,267,1.498127,RGB,JPEG,48032,PROVENANCE_REVIEW,source provenance and training reuse rights not verified
Non-Venomous/Checkered Keelback/checkered-keelback-snake.jpg,True,,False,600,400,1.5,RGB,JPEG,66098,PROVENANCE_REVIEW,source provenance and training reuse rights not verified
Non-Venomous/Checkered Keelback/checkered-keelback-water-snake-xenochrophis-piscator-keoladeo-ghana-EYJX7F.jpg,True,,False,1300,953,1.364113,RGB,JPEG,129055,PROVENANCE_REVIEW,source provenance and training reuse rights not verified
Non-Venomous/Checkered Keelback/checkered-keelback-water-snake-xenochrophis-piscator-keoladeo-ghana-eyjx7x.jpg,True,,False,450,319,1.410658,RGB,JPEG,46190,PROVENANCE_REVIEW,source provenance and training reuse rights not verified
Non-Venomous/Checkered Keelback/checkered-keelback-water-snake-xenochrophis-piscator-keoladeo-ghana-EYJX8X.jpg,True,,False,1300,953,1.364113,RGB,JPEG,163837,PROVENANCE_REVIEW,source provenance and training reuse rights not verified
Non-Venomous/Checkered Keelback/checkered-keelback-xenochrophis-piscator-non-venomous-common-checkered-a0jd7j.jpg,True,,False,640,445,1.438202,RGB,JPEG,40440,PROVENANCE_REVIEW,source provenance and training reuse rights not verified
Non-Venomous/Checkered Keelback/checkered-keelback-xenochrophis-piscator-non-venomous-common-checkered-BB81D9.jpg,True,,False,1300,956,1.359833,RGB,JPEG,252343,PROVENANCE_REVIEW,source provenance and training reuse rights not verified
Non-Venomous/Checkered Keelback/checkered-keelback-xenochrophis-piscator-non-venomous-common-checkered-C68YTX.jpg,True,,False,1300,956,1.359833,RGB,JPEG,299563,PROVENANCE_REVIEW,source provenance and training reuse rights not verified
Non-Venomous/Checkered Keelback/checkered-keelback-xenochrophis-piscator-non-venomous-common-paniwala-AX0A6G.jpg,True,,False,1300,960,1.354167,RGB,JPEG,128768,PROVENANCE_REVIEW,source provenance and training reuse rights not verified
Non-Venomous/Checkered Keelback/checkered-keelback-xenochrophis-piscator-non-venomous-common-scavenging-b31r66.jpg,True,,False,640,446,1.434978,RGB,JPEG,64583,PROVENANCE_REVIEW,source provenance and training reuse rights not verified
Non-Venomous/Checkered Keelback/checkered-keelback-xenochrophis-piscator-ranthambhore-national-park-ajyt7g.jpg,True,,False,640,445,1.438202,RGB,JPEG,84812,PROVENANCE_REVIEW,source provenance and training reuse rights not verified
Non-Venomous/Checkered Keelback/Checkered-Keelback_001.jpg,True,,False,800,264,3.030303,RGB,JPEG,130643,PROVENANCE_REVIEW,source provenance and training reuse rights not verified
Non-Venomous/Checkered Keelback/checkered-keelback_002.jpg,True,,False,599,356,1.682584,RGB,JPEG,39778,PROVENANCE_REVIEW,source provenance and training reuse rights not verified
Non-Venomous/Checkered Keelback/Checkered-Keelback_003.jpg,True,,False,3000,1995,1.503759,RGB,JPEG,1139899,PROVENANCE_REVIEW,source provenance and training reuse rights not verified
Non-Venomous/Checkered Keelback/Checkered-keelback_004.jpg,True,,False,494,347,1.423631,RGB,JPEG,281243,PROVENANCE_REVIEW,source provenance and training reuse rights not verified
Non-Venomous/Checkered Keelback/Checkered-keelback_in_IIT_Bombay.JPG,True,,False,1000,750,1.333333,RGB,JPEG,187103,PROVENANCE_REVIEW,source provenance and training reuse rights not verified
Non-Venomous/Checkered Keelback/Checkered-Keelbacks-2.jpg,True,,False,1024,456,2.245614,RGB,JPEG,158503,PROVENANCE_REVIEW,source provenance and training reuse rights not verified
Non-Venomous/Checkered Keelback/Checkered-Keelbacks-4.jpg,True,,False,1024,483,2.120083,RGB,JPEG,166438,PROVENANCE_REVIEW,source provenance and training reuse rights not verified
Non-Venomous/Checkered Keelback/Checkered-Keelbacks-6.jpg,True,,False,1024,511,2.003914,RGB,JPEG,186831,PROVENANCE_REVIEW,source provenance and training reuse rights not verified
Non-Venomous/Checkered Keelback/Checkered_Keelback.jpg,True,,False,800,533,1.500938,RGB,JPEG,46845,PROVENANCE_REVIEW,source provenance and training reuse rights not verified
Non-Venomous/Checkered Keelback/Checkered_Keelback_(Xenochrophis_piscator)_漁游蛇.jpg,True,,False,1024,681,1.503671,RGB,JPEG,416621,PROVENANCE_REVIEW,source provenance and training reuse rights not verified
Non-Venomous/Checkered Keelback/Checkered_Keelback_(Xenochrophis_piscator)_漁游蛇2.jpg,True,,False,1024,684,1.497076,RGB,JPEG,540248,PROVENANCE_REVIEW,source provenance and training reuse rights not verified
Non-Venomous/Checkered Keelback/Checkered_Keelback_(Xenochrophis_piscator)_漁游蛇5.jpg,True,,False,1024,683,1.499268,RGB,JPEG,558331,PROVENANCE_REVIEW,source provenance and training reuse rights not verified
Non-Venomous/Checkered Keelback/checkered_keelback_water_snake.jpg,True,,False,632,328,1.926829,RGB,JPEG,65135,PROVENANCE_REVIEW,source provenance and training reuse rights not verified
"Non-Venomous/Checkered Keelback/Checkered_Keelback_Xenochrophis_piscator_Schneider,_1799_Assam_by_Dr_Raju_Kasambe_DSC_0477_(2).JPG",True,,False,220,133,1.654135,RGB,JPEG,14262,PROVENANCE_REVIEW,source provenance and training reuse rights not verified
Non-Venomous/Checkered Keelback/checkeredkeelback.jpg,True,,False,621,462,1.344156,RGB,JPEG,126923,PROVENANCE_REVIEW,source provenance and training reuse rights not verified
Non-Venomous/Checkered Keelback/Chekkered Keel Back.jpg,True,,False,800,600,1.333333,RGB,JPEG,96015,PROVENANCE_REVIEW,source provenance and training reuse rights not verified
Non-Venomous/Checkered Keelback/chequred keelback.jpg,True,,False,504,336,1.5,RGB,JPEG,127490,PROVENANCE_REVIEW,source provenance and training reuse rights not verified
Non-Venomous/Checkered Keelback/ckb full3.jpg,True,,False,1024,505,2.027723,RGB,JPEG,208511,PROVENANCE_REVIEW,source provenance and training reuse rights not verified
Non-Venomous/Checkered Keelback/ckb.jpg,True,,False,1024,655,1.563359,RGB,JPEG,154505,PROVENANCE_REVIEW,source provenance and training reuse rights not verified
Non-Venomous/Checkered Keelback/Cm9GKVuUMAAoh1K.jpg,True,,False,1200,675,1.777778,RGB,JPEG,146924,PROVENANCE_REVIEW,source provenance and training reuse rights not verified
Non-Venomous/Checkered Keelback/CxDP8_ZUoAQhwy3.jpg,True,,False,800,1200,0.666667,RGB,JPEG,120011,PROVENANCE_REVIEW,source provenance and training reuse rights not verified
Non-Venomous/Checkered Keelback/DSC00369.JPG,True,,False,345,299,1.153846,RGB,JPEG,24872,PROVENANCE_REVIEW,source provenance and training reuse rights not verified
Non-Venomous/Checkered Keelback/DSC00813.JPG,True,,False,1600,1200,1.333333,RGB,JPEG,194474,PROVENANCE_REVIEW,source provenance and training reuse rights not verified
Non-Venomous/Checkered Keelback/DSC4977.jpg,True,,False,1024,582,1.75945,RGB,JPEG,190104,PROVENANCE_REVIEW,source provenance and training reuse rights not verified
Non-Venomous/Checkered Keelback/DSC_3798-1.jpg,True,,False,1600,1062,1.506591,RGB,JPEG,234769,PROVENANCE_REVIEW,source provenance and training reuse rights not verified
Non-Venomous/Checkered Keelback/dyabayack.jpg,True,,False,200,200,1.0,RGB,JPEG,10411,PROVENANCE_REVIEW,source provenance and training reuse rights not verified
Non-Venomous/Checkered Keelback/entomology-ornithology-herpetology-Xenochorpis-piscator-4-136-g003.png,True,,False,477,355,1.343662,P,PNG,84777,PROVENANCE_REVIEW,source provenance and training reuse rights not verified
Non-Venomous/Checkered Keelback/Fauna-6.jpg,True,,False,800,600,1.333333,RGB,JPEG,332766,PROVENANCE_REVIEW,source provenance and training reuse rights not verified
Non-Venomous/Checkered Keelback/hqdefault.jpg,True,,False,480,360,1.333333,RGB,JPEG,19447,PROVENANCE_REVIEW,source provenance and training reuse rights not verified
Non-Venomous/Checkered Keelback/hqdefault_002.jpg,True,,False,480,360,1.333333,RGB,JPEG,26147,PROVENANCE_REVIEW,source provenance and training reuse rights not verified
Non-Venomous/Checkered Keelback/hqdefault_005.jpg,True,,False,480,360,1.333333,RGB,JPEG,31785,PROVENANCE_REVIEW,source provenance and training reuse rights not verified
Non-Venomous/Checkered Keelback/hqdefault_007.jpg,True,,False,480,360,1.333333,RGB,JPEG,37631,PROVENANCE_REVIEW,source provenance and training reuse rights not verified
Non-Venomous/Checkered Keelback/img_0498.jpg,True,,False,800,533,1.500938,RGB,JPEG,175766,PROVENANCE_REVIEW,source provenance and training reuse rights not verified
Non-Venomous/Checkered Keelback/img_0563-copy.jpg,True,,False,1106,738,1.498645,RGB,JPEG,248910,PROVENANCE_REVIEW,source provenance and training reuse rights not verified
Non-Venomous/Checkered Keelback/img_2570-001.jpg,True,,False,1000,669,1.494768,RGB,JPEG,135947,PROVENANCE_REVIEW,source provenance and training reuse rights not verified
Non-Venomous/Checkered Keelback/IMG_4798.JPG,True,,False,700,224,3.125,RGB,JPEG,54769,PROVENANCE_REVIEW,source provenance and training reuse rights not verified
Non-Venomous/Checkered Keelback/IMG_5300.JPG,True,,False,1200,1600,0.75,RGB,JPEG,332327,PROVENANCE_REVIEW,source provenance and training reuse rights not verified
Non-Venomous/Checkered Keelback/img_5554.jpg,True,,False,2935,2005,1.46384,RGB,JPEG,1696527,PROVENANCE_REVIEW,source provenance and training reuse rights not verified
Non-Venomous/Checkered Keelback/img_6516.jpg,True,,False,4000,3000,1.333333,RGB,JPEG,3026151,PROVENANCE_REVIEW,source provenance and training reuse rights not verified
Non-Venomous/Checkered Keelback/IMG_7087.JPG,True,,False,800,612,1.30719,RGB,JPEG,115925,PROVENANCE_REVIEW,source provenance and training reuse rights not verified
Non-Venomous/Checkered Keelback/img_7098.jpg,True,,False,800,534,1.498127,RGB,JPEG,148306,PROVENANCE_REVIEW,source provenance and training reuse rights not verified
Non-Venomous/Checkered Keelback/keelback1.jpg,True,,False,660,417,1.582734,RGB,JPEG,248668,PROVENANCE_REVIEW,source provenance and training reuse rights not verified
Non-Venomous/Checkered Keelback/keelback_fish (5)_s.jpg,True,,False,1201,800,1.50125,RGB,JPEG,153930,PROVENANCE_REVIEW,source provenance and training reuse rights not verified
Non-Venomous/Checkered Keelback/maxresdefault.jpg,True,,False,697,1014,0.687377,RGB,JPEG,52323,PROVENANCE_REVIEW,source provenance and training reuse rights not verified
Non-Venomous/Checkered Keelback/maxresdefault_003.jpg,True,,False,1280,720,1.777778,RGB,JPEG,146709,PROVENANCE_REVIEW,source provenance and training reuse rights not verified
Non-Venomous/Checkered Keelback/maxresdefault_004.jpg,True,,False,1280,720,1.777778,RGB,JPEG,48718,PROVENANCE_REVIEW,source provenance and training reuse rights not verified
Non-Venomous/Checkered Keelback/maxresdefault_006.jpg,True,,False,1280,720,1.777778,RGB,JPEG,55226,PROVENANCE_REVIEW,source provenance and training reuse rights not verified
Non-Venomous/Checkered Keelback/maxresdefault_009.jpg,True,,False,1280,720,1.777778,RGB,JPEG,127180,PROVENANCE_REVIEW,source provenance and training reuse rights not verified
Non-Venomous/Checkered Keelback/maxresdefault_011.jpg,True,,False,1280,720,1.777778,RGB,JPEG,135590,PROVENANCE_REVIEW,source provenance and training reuse rights not verified
Non-Venomous/Checkered Keelback/Natrix piscator.jpg,True,,False,240,180,1.333333,RGB,JPEG,14107,PROVENANCE_REVIEW,source provenance and training reuse rights not verified
Non-Venomous/Checkered Keelback/PICT6251_fcw.jpg,True,,False,518,640,0.809375,RGB,JPEG,49348,PROVENANCE_REVIEW,source provenance and training reuse rights not verified
Non-Venomous/Checkered Keelback/red-necked-keelback-800x600.jpg,True,,False,800,534,1.498127,RGB,JPEG,66298,PROVENANCE_REVIEW,source provenance and training reuse rights not verified
Non-Venomous/Checkered Keelback/stock-photo-green-snake-checkered-keelback-xenochrophis-piscator-621348263.jpg,True,,False,450,270,1.666667,RGB,JPEG,35657,PROVENANCE_REVIEW,source provenance and training reuse rights not verified
Non-Venomous/Checkered Keelback/stock-photo-green-snake-checkered-keelback-xenochrophis-piscator-621348284.jpg,True,,False,450,270,1.666667,RGB,JPEG,28535,PROVENANCE_REVIEW,source provenance and training reuse rights not verified
Non-Venomous/Checkered Keelback/stock-photo-green-snake-checkered-keelback-xenochrophis-piscator-621348332.jpg,True,,False,450,270,1.666667,RGB,JPEG,21121,PROVENANCE_REVIEW,source provenance and training reuse rights not verified
Non-Venomous/Checkered Keelback/stock-photo-green-snake-checkered-keelback-xenochrophis-piscator-621348356.jpg,True,,False,450,270,1.666667,RGB,JPEG,27537,PROVENANCE_REVIEW,source provenance and training reuse rights not verified
Non-Venomous/Checkered Keelback/stunningly-beautiful-snake-with-clear-checkered-marks.jpg,True,,False,3906,2602,1.501153,RGB,JPEG,1372171,PROVENANCE_REVIEW,source provenance and training reuse rights not verified
Non-Venomous/Checkered Keelback/xenochrophis-piscator-checkered-keelback-non-venomous-arunachal-pradesh-h9erhb.jpg,True,,False,640,447,1.431767,RGB,JPEG,75177,PROVENANCE_REVIEW,source provenance and training reuse rights not verified
Non-Venomous/Checkered Keelback/xenochrophis-piscator-checkered-keelback-water-snake-close-up-non-h9erxp.jpg,True,,False,640,450,1.422222,RGB,JPEG,43518,PROVENANCE_REVIEW,source provenance and training reuse rights not verified
Non-Venomous/Checkered Keelback/xenochrophis-piscator-checkered-keelback-water-snake-non-venomous-DFBH00.jpg,True,,False,975,1390,0.701439,RGB,JPEG,382461,PROVENANCE_REVIEW,source provenance and training reuse rights not verified
Non-Venomous/Checkered Keelback/xenochrophis-piscator-checkered-keelback-water-snake-non-venomous-h9ertg.jpg,True,,False,450,315,1.428571,RGB,JPEG,33132,PROVENANCE_REVIEW,source provenance and training reuse rights not verified
Non-Venomous/Checkered Keelback/xenochrophis-piscator-checkered-keelback-water-snake-non-venomous-H9ERXF.jpg,True,,False,1300,957,1.358412,RGB,JPEG,277152,PROVENANCE_REVIEW,source provenance and training reuse rights not verified
Non-Venomous/Checkered Keelback/xenochrophis-piscator-checkered-keelback-water-snake-non-venomous-h9erxh.jpg,True,,False,640,448,1.428571,RGB,JPEG,88082,PROVENANCE_REVIEW,source provenance and training reuse rights not verified
Non-Venomous/Checkered Keelback/xenochrophis-piscator-checkered-keelback-water-snake-non-venomous-h9erxk.jpg,True,,False,640,450,1.422222,RGB,JPEG,78379,PROVENANCE_REVIEW,source provenance and training reuse rights not verified
Non-Venomous/Checkered Keelback/Xenochrophis_piscator_at_Kadavoor.jpg,True,,False,220,293,0.750853,RGB,JPEG,29768,PROVENANCE_REVIEW,source provenance and training reuse rights not verified
Non-Venomous/Checkered Keelback/yellow-spotted-keelback-11-26-10-in-payao-province-31.jpg,True,,False,2512,1669,1.505093,RGB,JPEG,726644,PROVENANCE_REVIEW,source provenance and training reuse rights not verified
Non-Venomous/Checkered Keelback/yellow-spotted-keelback-11-26-10-in-payao-province1.jpg,True,,False,3648,2436,1.497537,RGB,JPEG,2102550,PROVENANCE_REVIEW,source provenance and training reuse rights not verified
Non-Venomous/Checkered Keelback/yellow-spotted-keelback-3-17-11-in-ramkhamhaeng.jpg,True,,False,1693,1132,1.495583,RGB,JPEG,427667,PROVENANCE_REVIEW,source provenance and training reuse rights not verified
Non-Venomous/Checkered Keelback/yellow-spotted-keelback-xenocropis-flavipunctus-vietnam-alex-krohn-21.jpg,True,,False,600,400,1.5,RGB,JPEG,30568,PROVENANCE_REVIEW,source provenance and training reuse rights not verified
Non-Venomous/Checkered Keelback/yellowspottedkeelback.jpg,True,,False,289,339,0.852507,RGB,JPEG,39836,PROVENANCE_REVIEW,source provenance and training reuse rights not verified
Non-Venomous/Common Rat Snake/0763.jpeg,True,,False,768,501,1.532934,RGB,JPEG,193225,PROVENANCE_REVIEW,source provenance and training reuse rights not verified
Non-Venomous/Common Rat Snake/0e07f0ba188cf87784d3c48f54e91ce3.jpg,True,,False,609,467,1.304069,RGB,JPEG,205407,PROVENANCE_REVIEW,source provenance and training reuse rights not verified
Non-Venomous/Common Rat Snake/1.jpg,True,,False,500,334,1.497006,RGB,JPEG,72202,PROVENANCE_REVIEW,source provenance and training reuse rights not verified
Non-Venomous/Common Rat Snake/11225995516_f9288eb60a_b.jpg,True,,False,1024,768,1.333333,RGB,JPEG,218693,PROVENANCE_REVIEW,source provenance and training reuse rights not verified
Non-Venomous/Common Rat Snake/112282-850x565-Yellow_Rat_Snake.jpg,True,,False,850,565,1.504425,RGB,JPEG,97349,PROVENANCE_REVIEW,source provenance and training reuse rights not verified
Non-Venomous/Common Rat Snake/126763-004-312A729C.jpg,True,,False,550,413,1.331719,RGB,JPEG,50365,PROVENANCE_REVIEW,source provenance and training reuse rights not verified
Non-Venomous/Common Rat Snake/130108132044_1_900x600.jpg,True,,False,798,600,1.33,RGB,JPEG,89824,PROVENANCE_REVIEW,source provenance and training reuse rights not verified
Non-Venomous/Common Rat Snake/143197P3112612.JPG,True,,False,640,480,1.333333,RGB,JPEG,107337,PROVENANCE_REVIEW,source provenance and training reuse rights not verified
Non-Venomous/Common Rat Snake/1463253_178992368962946_371907696_n.jpg,True,,False,960,614,1.563518,RGB,JPEG,147621,PROVENANCE_REVIEW,source provenance and training reuse rights not verified
Non-Venomous/Common Rat Snake/15443305748_4134d9051d.jpg,True,,False,500,333,1.501502,RGB,JPEG,63988,PROVENANCE_REVIEW,source provenance and training reuse rights not verified
Non-Venomous/Common Rat Snake/16668569-Close-up-of-Indo-Chinese-Rat-snake-Thailand--Stock-Photo.jpg,True,,False,1300,861,1.509872,RGB,JPEG,182768,PROVENANCE_REVIEW,source provenance and training reuse rights not verified
Non-Venomous/Common Rat Snake/175a2372jpg-35eda8314988c49d.jpg,True,,False,1209,1280,0.944531,RGB,JPEG,420527,PROVENANCE_REVIEW,source provenance and training reuse rights not verified
Non-Venomous/Common Rat Snake/178737411_XS.jpg,True,,False,640,423,1.513002,RGB,JPEG,63572,PROVENANCE_REVIEW,source provenance and training reuse rights not verified
Non-Venomous/Common Rat Snake/1YEL.jpg,True,,False,425,566,0.750883,RGB,JPEG,95793,PROVENANCE_REVIEW,source provenance and training reuse rights not verified
Non-Venomous/Common Rat Snake/200907260821-radnor-lake-gray-rat-snake-500.jpg,True,,False,500,920,0.543478,RGB,JPEG,154182,PROVENANCE_REVIEW,source provenance and training reuse rights not verified
Non-Venomous/Common Rat Snake/20929802866_00f8b18b33.jpg,True,,False,500,333,1.501502,RGB,JPEG,130022,PROVENANCE_REVIEW,source provenance and training reuse rights not verified
Non-Venomous/Common Rat Snake/220px-Rat_Snake.JPG,True,,False,220,147,1.496599,RGB,JPEG,6604,PROVENANCE_REVIEW,source provenance and training reuse rights not verified
Non-Venomous/Common Rat Snake/22988615802_7b2d139387_b.jpg,True,,False,1024,622,1.646302,RGB,JPEG,569068,PROVENANCE_REVIEW,source provenance and training reuse rights not verified
Non-Venomous/Common Rat Snake/22cdfe6495d034308305a00eeee78be8.jpg,True,,False,332,268,1.238806,RGB,JPEG,74931,PROVENANCE_REVIEW,source provenance and training reuse rights not verified
Non-Venomous/Common Rat Snake/23acc8022303e373f72893f094dcd22f--snake-photos-corn-snake.jpg,True,,False,516,600,0.86,RGB,JPEG,48392,PROVENANCE_REVIEW,source provenance and training reuse rights not verified
Non-Venomous/Common Rat Snake/25563616774_184364c614.jpg,True,,False,500,333,1.501502,RGB,JPEG,87117,PROVENANCE_REVIEW,source provenance and training reuse rights not verified
Non-Venomous/Common Rat Snake/2953885821_2921103913.jpg,True,,False,500,415,1.204819,RGB,JPEG,94915,PROVENANCE_REVIEW,source provenance and training reuse rights not verified
Non-Venomous/Common Rat Snake/2973845429_d9d5ce06a3_b.jpg,True,,False,1024,587,1.744463,RGB,JPEG,337568,PROVENANCE_REVIEW,source provenance and training reuse rights not verified
Non-Venomous/Common Rat Snake/2e98fb26a3748cf7be50b02d89c91836.jpg,True,,False,368,276,1.333333,RGB,JPEG,15125,PROVENANCE_REVIEW,source provenance and training reuse rights not verified
Non-Venomous/Common Rat Snake/33326151560_f9888f9e35_b.jpg,True,,False,1024,536,1.910448,RGB,JPEG,394070,PROVENANCE_REVIEW,source provenance and training reuse rights not verified
Non-Venomous/Common Rat Snake/38AC2D51-1DD8-B71C-077A00C10D49AA3C-large.JPG,True,,False,800,600,1.333333,RGB,JPEG,95548,PROVENANCE_REVIEW,source provenance and training reuse rights not verified
Non-Venomous/Common Rat Snake/4108235465_d0b32976cc_b.jpg,True,,False,1024,768,1.333333,RGB,JPEG,275369,PROVENANCE_REVIEW,source provenance and training reuse rights not verified
Non-Venomous/Common Rat Snake/464685_469785913108783_1755378000_o.jpg,True,,False,1500,774,1.937984,RGB,JPEG,127547,PROVENANCE_REVIEW,source provenance and training reuse rights not verified
Non-Venomous/Common Rat Snake/5078041194_1f8a6af122_b.jpg,True,,False,1024,654,1.565749,RGB,JPEG,132086,PROVENANCE_REVIEW,source provenance and training reuse rights not verified
Non-Venomous/Common Rat Snake/5c3dd3dc91c4283c73c5992e0a62b28f.jpg,True,,False,1260,945,1.333333,RGB,JPEG,280171,PROVENANCE_REVIEW,source provenance and training reuse rights not verified
Non-Venomous/Common Rat Snake/6003828805_550b0fbd1a_b.jpg,True,,False,1024,657,1.5586,RGB,JPEG,330545,PROVENANCE_REVIEW,source provenance and training reuse rights not verified
Non-Venomous/Common Rat Snake/6004373992_e68bbf6a83_b.jpg,True,,False,1024,683,1.499268,RGB,JPEG,425626,PROVENANCE_REVIEW,source provenance and training reuse rights not verified
Non-Venomous/Common Rat Snake/6010585911_bb89b7d3b4_b.jpg,True,,False,1024,786,1.302799,RGB,JPEG,857994,PROVENANCE_REVIEW,source provenance and training reuse rights not verified
Non-Venomous/Common Rat Snake/62b8a1.jpg,True,,False,327,382,0.856021,RGB,JPEG,74629,PROVENANCE_REVIEW,source provenance and training reuse rights not verified
Non-Venomous/Common Rat Snake/7053016215_6bd318e3ff_b.jpg,True,,False,1024,685,1.494891,RGB,JPEG,274024,PROVENANCE_REVIEW,source provenance and training reuse rights not verified
Non-Venomous/Common Rat Snake/7801682640_00b2183a0a_b-bernard-dupont.jpg,True,,False,1000,752,1.329787,RGB,JPEG,591139,PROVENANCE_REVIEW,source provenance and training reuse rights not verified
Non-Venomous/Common Rat Snake/800px-Common_Rat_Snake_(Ptyas_mucosa)_水律5.jpg,True,,False,800,534,1.498127,RGB,JPEG,100430,PROVENANCE_REVIEW,source provenance and training reuse rights not verified
Non-Venomous/Common Rat Snake/83612cc4c22f4694c89577510d3c9bdf.jpg,True,,False,650,490,1.326531,RGB,JPEG,119942,PROVENANCE_REVIEW,source provenance and training reuse rights not verified
Non-Venomous/Common Rat Snake/87679859_XS.jpg,True,,False,400,267,1.498127,RGB,JPEG,24991,PROVENANCE_REVIEW,source provenance and training reuse rights not verified
Non-Venomous/Common Rat Snake/9862346-Close-up-of-Common-Rat-Snake-Thailand--Stock-Photo-snake.jpg,True,,False,1300,863,1.506373,RGB,JPEG,101278,PROVENANCE_REVIEW,source provenance and training reuse rights not verified
Non-Venomous/Common Rat Snake/9geraniyade.jpg,True,,False,468,330,1.418182,RGB,JPEG,57075,PROVENANCE_REVIEW,source provenance and training reuse rights not verified
Non-Venomous/Common Rat Snake/AB083_Ptyas_mucosos.JPG,True,,False,405,321,1.261682,RGB,JPEG,99896,PROVENANCE_REVIEW,source provenance and training reuse rights not verified
Non-Venomous/Common Rat Snake/AesculapianSnake30C_JasonSteel_950.jpg,True,,False,950,635,1.496063,RGB,JPEG,995090,PROVENANCE_REVIEW,source provenance and training reuse rights not verified
Non-Venomous/Common Rat Snake/artmax_267.jpg,True,,False,535,358,1.494413,RGB,JPEG,27054,PROVENANCE_REVIEW,source provenance and training reuse rights not verified
Non-Venomous/Common Rat Snake/Black Rat  Adult.jpg,True,,False,400,276,1.449275,RGB,JPEG,35076,PROVENANCE_REVIEW,source provenance and training reuse rights not verified
Non-Venomous/Common Rat Snake/black ratsnake 1.jpg,True,,False,640,480,1.333333,RGB,JPEG,294451,PROVENANCE_REVIEW,source provenance and training reuse rights not verified
Non-Venomous/Common Rat Snake/black-rat-snake.jpg,True,,False,800,493,1.622718,RGB,JPEG,79702,PROVENANCE_REVIEW,source provenance and training reuse rights not verified
Non-Venomous/Common Rat Snake/Black-Ratsnake-300x214.jpg,True,,False,300,214,1.401869,RGB,JPEG,23644,PROVENANCE_REVIEW,source provenance and training reuse rights not verified
Non-Venomous/Common Rat Snake/Black_Rat_Snake-.JPG,True,,False,220,165,1.333333,RGB,JPEG,15439,PROVENANCE_REVIEW,source provenance and training reuse rights not verified
"Non-Venomous/Common Rat Snake/Black_Rat_Snake_-_Elaphe_obsoleta_obsoleta,_Merrimac_Farm_Wildlife_Management_Area,_Virginia.jpg",True,,False,1200,800,1.5,RGB,JPEG,198694,PROVENANCE_REVIEW,source provenance and training reuse rights not verified
Non-Venomous/Common Rat Snake/Black_Rat_Snake_001.jpg,True,,False,996,662,1.504532,RGB,JPEG,817772,PROVENANCE_REVIEW,source provenance and training reuse rights not verified
Non-Venomous/Common Rat Snake/black_rat_snake_101499_7.jpg,True,,False,300,203,1.477833,RGB,JPEG,104111,PROVENANCE_REVIEW,source provenance and training reuse rights not verified
Non-Venomous/Common Rat Snake/black_rat_snake_6140.jpg,True,,False,500,333,1.501502,RGB,JPEG,107308,PROVENANCE_REVIEW,source provenance and training reuse rights not verified
Non-Venomous/Common Rat Snake/Black_Rat_Snake_page_image.jpg,True,,False,500,300,1.666667,RGB,JPEG,30845,PROVENANCE_REVIEW,source provenance and training reuse rights not verified
Non-Venomous/Common Rat Snake/blackrat.jpg,True,,False,657,468,1.403846,RGB,JPEG,89392,PROVENANCE_REVIEW,source provenance and training reuse rights not verified
Non-Venomous/Common Rat Snake/blackrat40.jpg,True,,False,1200,900,1.333333,RGB,JPEG,519888,PROVENANCE_REVIEW,source provenance and training reuse rights not verified
Non-Venomous/Common Rat Snake/blackRatSnake-300x225.jpg,True,,False,300,225,1.333333,RGB,JPEG,33552,PROVENANCE_REVIEW,source provenance and training reuse rights not verified
Non-Venomous/Common Rat Snake/blackratsnake.jpg,True,,False,654,449,1.45657,RGB,JPEG,114709,PROVENANCE_REVIEW,source provenance and training reuse rights not verified
Non-Venomous/Common Rat Snake/blackratsnake080529-4397facez.jpg,True,,False,700,467,1.498929,RGB,JPEG,51994,PROVENANCE_REVIEW,source provenance and training reuse rights not verified
Non-Venomous/Common Rat Snake/blackratsnake2.jpg,True,,False,832,200,4.16,RGB,JPEG,124659,PROVENANCE_REVIEW,source provenance and training reuse rights not verified
Non-Venomous/Common Rat Snake/blackratsnake_001.jpg,True,,False,250,193,1.295337,RGB,JPEG,49011,PROVENANCE_REVIEW,source provenance and training reuse rights not verified
Non-Venomous/Common Rat Snake/BlackRatSnake_353692_7.jpg,True,,False,720,482,1.493776,RGB,JPEG,119687,PROVENANCE_REVIEW,source provenance and training reuse rights not verified
Non-Venomous/Common Rat Snake/blackratwrinkle.jpg,True,,False,1200,900,1.333333,RGB,JPEG,842178,PROVENANCE_REVIEW,source provenance and training reuse rights not verified
Non-Venomous/Common Rat Snake/bluerat.jpg,True,,False,640,446,1.434978,RGB,JPEG,66697,PROVENANCE_REVIEW,source provenance and training reuse rights not verified
Non-Venomous/Common Rat Snake/brnrat2.jpg,True,,False,590,401,1.471322,RGB,JPEG,71133,PROVENANCE_REVIEW,source provenance and training reuse rights not verified
Non-Venomous/Common Rat Snake/coluber-nigromarginatus-green-rat-snake-non-venomous-rarely-available-h9ere2.jpg,True,,False,640,450,1.422222,RGB,JPEG,36857,PROVENANCE_REVIEW,source provenance and training reuse rights not verified
Non-Venomous/Common Rat Snake/commom-rat-snake-ptyas-mucosa-non-venomous-common-B345KD.jpg,True,,False,1300,956,1.359833,RGB,JPEG,105049,PROVENANCE_REVIEW,source provenance and training reuse rights not verified
Non-Venomous/Common Rat Snake/common-rat-snake-6-1024x682.jpg,True,,False,761,509,1.495088,RGB,JPEG,252337,PROVENANCE_REVIEW,source provenance and training reuse rights not verified
Non-Venomous/Common Rat Snake/common-rat-snake-7929502.jpg,True,,False,1300,953,1.364113,RGB,JPEG,167462,PROVENANCE_REVIEW,source provenance and training reuse rights not verified
Non-Venomous/Common Rat Snake/common-rat-snake-8294082.jpg,True,,False,854,1300,0.656923,RGB,JPEG,173145,PROVENANCE_REVIEW,source provenance and training reuse rights not verified
Non-Venomous/Common Rat Snake/common-rat-snake-keoladeo-national-park-rajesthan-bharatpur-76368190.jpg,True,,False,1300,1105,1.176471,RGB,JPEG,144402,PROVENANCE_REVIEW,source provenance and training reuse rights not verified
Non-Venomous/Common Rat Snake/Common-Ratsnake-Credit_Kevin-Messenger-e1494993731520.jpg,True,,False,600,400,1.5,RGB,JPEG,99974,PROVENANCE_REVIEW,source provenance and training reuse rights not verified
Non-Venomous/Common Rat Snake/Common_India_Rat_Snake.jpg,True,,False,220,147,1.496599,RGB,JPEG,11519,PROVENANCE_REVIEW,source provenance and training reuse rights not verified
Non-Venomous/Common Rat Snake/Common_Rat_Snake.jpg,True,,False,900,1200,0.75,RGB,JPEG,764409,PROVENANCE_REVIEW,source provenance and training reuse rights not verified
Non-Venomous/Common Rat Snake/Common_Rat_Snake_(Ptyas_mucosa)_水律.jpg,True,,False,1024,682,1.501466,RGB,JPEG,540450,PROVENANCE_REVIEW,source provenance and training reuse rights not verified
Non-Venomous/Common Rat Snake/Common_Rat_Snake_(Ptyas_mucosa)_水律10.jpg,True,,False,1024,683,1.499268,RGB,JPEG,594043,PROVENANCE_REVIEW,source provenance and training reuse rights not verified
Non-Venomous/Common Rat Snake/Common_Rat_Snake_(Ptyas_mucosa)_水律3.jpg,True,,False,1024,683,1.499268,RGB,JPEG,456238,PROVENANCE_REVIEW,source provenance and training reuse rights not verified
Non-Venomous/Common Rat Snake/Common_Rat_Snake_(Ptyas_mucosa)_水律4.jpg,True,,False,1024,684,1.497076,RGB,JPEG,537131,PROVENANCE_REVIEW,source provenance and training reuse rights not verified
Non-Venomous/Common Rat Snake/Common_Rat_Snake_(Ptyas_mucosa)_水律6.jpg,True,,False,1024,683,1.499268,RGB,JPEG,474601,PROVENANCE_REVIEW,source provenance and training reuse rights not verified
Non-Venomous/Common Rat Snake/Common_Rat_Snake_(Ptyas_mucosa)_水律7.jpg,True,,False,1024,682,1.501466,RGB,JPEG,492077,PROVENANCE_REVIEW,source provenance and training reuse rights not verified
Non-Venomous/Common Rat Snake/Common_Rat_Snake_(Ptyas_mucosa)_水律8.jpg,True,,False,1024,683,1.499268,RGB,JPEG,522891,PROVENANCE_REVIEW,source provenance and training reuse rights not verified
Non-Venomous/Common Rat Snake/Common_Rat_Snake_(Ptyas_mucosa)_水律9.jpg,True,,False,1024,683,1.499268,RGB,JPEG,595935,PROVENANCE_REVIEW,source provenance and training reuse rights not verified
Non-Venomous/Common Rat Snake/Common_Rat_Snake_(Ptyas_mucosa)_水律_(6027287191).jpg,True,,False,1024,683,1.499268,RGB,JPEG,517380,PROVENANCE_REVIEW,source provenance and training reuse rights not verified
Non-Venomous/Common Rat Snake/Common_Rat_Snake_(Ptyas_mucosa)_水律_(6027830696).jpg,True,,False,1024,683,1.499268,RGB,JPEG,465870,PROVENANCE_REVIEW,source provenance and training reuse rights not verified
Non-Venomous/Common Rat Snake/Common_Rat_Snake_(Ptyas_mucosa)_水律_(6027841570).jpg,True,,False,1024,683,1.499268,RGB,JPEG,453121,PROVENANCE_REVIEW,source provenance and training reuse rights not verified
Non-Venomous/Common Rat Snake/dhaman-rat-snake-coluber-mucosus-non-venomous-common-bhimashankar-A0BB66.jpg,True,,False,1300,939,1.384452,RGB,JPEG,229851,PROVENANCE_REVIEW,source provenance and training reuse rights not verified
Non-Venomous/Common Rat Snake/DSC00806.JPG,True,,False,500,285,1.754386,RGB,JPEG,49338,PROVENANCE_REVIEW,source provenance and training reuse rights not verified
Non-Venomous/Common Rat Snake/DSCF0265.JPG,True,,False,1600,1200,1.333333,RGB,JPEG,291215,PROVENANCE_REVIEW,source provenance and training reuse rights not verified
Non-Venomous/Common Rat Snake/eastern-rat-snake-large.jpg,True,,False,600,353,1.699717,RGB,JPEG,225183,PROVENANCE_REVIEW,source provenance and training reuse rights not verified
Non-Venomous/Common Rat Snake/eastern-ratsnake-striped01.jpg,True,,False,1024,682,1.501466,RGB,JPEG,532608,PROVENANCE_REVIEW,source provenance and training reuse rights not verified
Non-Venomous/Common Rat Snake/easternratsnake2.jpg,True,,False,4288,2848,1.505618,RGB,JPEG,992131,PROVENANCE_REVIEW,source provenance and training reuse rights not verified
Non-Venomous/Common Rat Snake/erat4-id.jpg,True,,False,773,504,1.53373,RGB,JPEG,308598,PROVENANCE_REVIEW,source provenance and training reuse rights not verified
Non-Venomous/Common Rat Snake/free_9287297.jpg,True,,False,480,339,1.415929,RGB,JPEG,137562,PROVENANCE_REVIEW,source provenance and training reuse rights not verified
Non-Venomous/Common Rat Snake/Glorioso _rat2.jpg,True,,False,512,384,1.333333,RGB,JPEG,304214,PROVENANCE_REVIEW,source provenance and training reuse rights not verified
Non-Venomous/Common Rat Snake/gprs.jpg,True,,False,415,278,1.492806,RGB,JPEG,25266,PROVENANCE_REVIEW,source provenance and training reuse rights not verified
Non-Venomous/Common Rat Snake/gray-rat-snake-blending-sugar-sand-33013422.jpg,True,,False,1300,957,1.358412,RGB,JPEG,262499,PROVENANCE_REVIEW,source provenance and training reuse rights not verified
Non-Venomous/Common Rat Snake/Gray_Ratsnake_25.jpg,True,,False,1200,1800,0.666667,RGB,JPEG,598094,PROVENANCE_REVIEW,source provenance and training reuse rights not verified
Non-Venomous/Common Rat Snake/grayrat2.jpg,True,,False,450,323,1.393189,RGB,JPEG,252594,PROVENANCE_REVIEW,source provenance and training reuse rights not verified
Non-Venomous/Common Rat Snake/grayratsnake461.jpg,True,,False,461,346,1.33237,RGB,JPEG,312114,PROVENANCE_REVIEW,source provenance and training reuse rights not verified
Non-Venomous/Common Rat Snake/great-plains-rat-snake-04.jpg,True,,False,470,303,1.551155,RGB,JPEG,77824,PROVENANCE_REVIEW,source provenance and training reuse rights not verified
Non-Venomous/Common Rat Snake/great-plains-rat-snake-pantherophis-emoryi-21065207.jpg,True,,False,1300,1019,1.275761,RGB,JPEG,272511,PROVENANCE_REVIEW,source provenance and training reuse rights not verified
Non-Venomous/Common Rat Snake/great-plains-rat-snake.jpg,True,,False,650,430,1.511628,RGB,JPEG,89545,PROVENANCE_REVIEW,source provenance and training reuse rights not verified
Non-Venomous/Common Rat Snake/greatplainsratsnake.jpg,True,,False,600,356,1.685393,RGB,JPEG,242282,PROVENANCE_REVIEW,source provenance and training reuse rights not verified
Non-Venomous/Common Rat Snake/GulfHammockRat_female1_web.jpg,True,,False,640,427,1.498829,RGB,JPEG,158660,PROVENANCE_REVIEW,source provenance and training reuse rights not verified
Non-Venomous/Common Rat Snake/hans-indo-chinese-rat-snake-young.jpg,True,,False,579,387,1.496124,RGB,JPEG,34921,PROVENANCE_REVIEW,source provenance and training reuse rights not verified
Non-Venomous/Common Rat Snake/hans-indo-chinese-rat-snake.jpg,True,,False,660,434,1.520737,RGB,JPEG,152486,PROVENANCE_REVIEW,source provenance and training reuse rights not verified
Non-Venomous/Common Rat Snake/hans-oriental-rat-snake-head.jpg,True,,False,880,589,1.494058,RGB,JPEG,434529,PROVENANCE_REVIEW,source provenance and training reuse rights not verified
Non-Venomous/Common Rat Snake/IMG_7256-2.jpg,True,,False,2822,2033,1.388096,RGB,JPEG,626428,PROVENANCE_REVIEW,source provenance and training reuse rights not verified
Non-Venomous/Common Rat Snake/indian-rat-snake-ptyas-mucosa-rolled-up-on-a-root-sri-lanka-sinharaja-EBNR90.jpg,True,,False,1300,955,1.361257,RGB,JPEG,285168,PROVENANCE_REVIEW,source provenance and training reuse rights not verified
Non-Venomous/Common Rat Snake/Indian-Rat-Snake.jpg,True,,False,220,147,1.496599,RGB,JPEG,6960,PROVENANCE_REVIEW,source provenance and training reuse rights not verified
Non-Venomous/Common Rat Snake/indianratsnake.jpg,True,,False,621,463,1.341253,RGB,JPEG,104089,PROVENANCE_REVIEW,source provenance and training reuse rights not verified
Non-Venomous/Common Rat Snake/indo-chinese-rat-snake-ptyas-coluber-korros-adult-from-papum-pare-h9et4j.jpg,True,,False,450,318,1.415094,RGB,JPEG,31808,PROVENANCE_REVIEW,source provenance and training reuse rights not verified
Non-Venomous/Common Rat Snake/indo-chinese-rat-snake-ptyas-korros-gdcca8.jpg,True,,False,450,320,1.40625,RGB,JPEG,38738,PROVENANCE_REVIEW,source provenance and training reuse rights not verified
Non-Venomous/Common Rat Snake/indo-chinese-rat-snake-ptyas-korros-non-venomous-common-arunachal-A0BB61.jpg,True,,False,1300,953,1.364113,RGB,JPEG,311944,PROVENANCE_REVIEW,source provenance and training reuse rights not verified
Non-Venomous/Common Rat Snake/indo-chinese-rat-snake_3012.jpg,True,,False,400,300,1.333333,RGB,JPEG,46716,PROVENANCE_REVIEW,source provenance and training reuse rights not verified
Non-Venomous/Common Rat Snake/indochinese-rat-snake-grey.jpg,True,,False,540,229,2.358079,RGB,JPEG,51594,PROVENANCE_REVIEW,source provenance and training reuse rights not verified
Non-Venomous/Common Rat Snake/indochinese-rat-snake-grey2.jpg,True,,False,540,144,3.75,RGB,JPEG,30747,PROVENANCE_REVIEW,source provenance and training reuse rights not verified
Non-Venomous/Common Rat Snake/indochinese-rat-snake-nick-baker-malaysia.jpg,True,,False,600,400,1.5,RGB,JPEG,169130,PROVENANCE_REVIEW,source provenance and training reuse rights not verified
Non-Venomous/Common Rat Snake/indochinese-rat-snake3-brown.jpg,True,,False,355,238,1.491597,RGB,JPEG,29955,PROVENANCE_REVIEW,source provenance and training reuse rights not verified
Non-Venomous/Common Rat Snake/kevin-messenger-hong-kong-ptyas-mucosus.jpg,True,,False,800,533,1.500938,RGB,JPEG,678674,PROVENANCE_REVIEW,source provenance and training reuse rights not verified
Non-Venomous/Common Rat Snake/King-ratsnake.jpg,True,,False,650,421,1.543943,RGB,JPEG,94477,PROVENANCE_REVIEW,source provenance and training reuse rights not verified
Non-Venomous/Common Rat Snake/maryland-black-rat-snake-2.jpg,True,,False,1936,1936,1.0,RGB,JPEG,1149089,PROVENANCE_REVIEW,source provenance and training reuse rights not verified
Non-Venomous/Common Rat Snake/maxresdefault.jpg,True,,False,1280,720,1.777778,RGB,JPEG,214484,PROVENANCE_REVIEW,source provenance and training reuse rights not verified
Non-Venomous/Common Rat Snake/maxresdefault_001.jpg,True,,False,1280,720,1.777778,RGB,JPEG,89075,PROVENANCE_REVIEW,source provenance and training reuse rights not verified
Non-Venomous/Common Rat Snake/Pantherophis alleghaniensis b WOM WMA 3 April 2010 Pittsylvania Co 537.jpg,True,,False,1024,680,1.505882,RGB,JPEG,583256,PROVENANCE_REVIEW,source provenance and training reuse rights not verified
Non-Venomous/Common Rat Snake/ptyas-carinatus-keeled-rat-snake9.jpg,True,,False,550,284,1.93662,RGB,JPEG,74932,PROVENANCE_REVIEW,source provenance and training reuse rights not verified
Non-Venomous/Common Rat Snake/Ptyas-korros-Krabi.jpg,True,,False,1200,425,2.823529,RGB,JPEG,197514,PROVENANCE_REVIEW,source provenance and training reuse rights not verified
Non-Venomous/Common Rat Snake/ptyas.jpg,True,,False,500,356,1.404494,RGB,JPEG,73585,PROVENANCE_REVIEW,source provenance and training reuse rights not verified
Non-Venomous/Common Rat Snake/Ptyas_mucosus_03.JPG,True,,False,640,480,1.333333,RGB,JPEG,143556,PROVENANCE_REVIEW,source provenance and training reuse rights not verified
Non-Venomous/Common Rat Snake/Ptyas_mucosus_04.JPG,True,,False,640,480,1.333333,RGB,JPEG,146118,PROVENANCE_REVIEW,source provenance and training reuse rights not verified
Non-Venomous/Common Rat Snake/Ptyas_mucosus_05.JPG,True,,False,640,480,1.333333,RGB,JPEG,183476,PROVENANCE_REVIEW,source provenance and training reuse rights not verified
Non-Venomous/Common Rat Snake/Pytas-mucosus-Bob-Burgess-permissioned.jpg,True,,False,1000,380,2.631579,RGB,JPEG,243732,PROVENANCE_REVIEW,source provenance and training reuse rights not verified
Non-Venomous/Common Rat Snake/rat_8jul07_1a.jpg,True,,False,800,536,1.492537,RGB,JPEG,182015,PROVENANCE_REVIEW,source provenance and training reuse rights not verified
Non-Venomous/Common Rat Snake/Rat_snake.jpg,True,,False,320,213,1.502347,RGB,JPEG,38201,PROVENANCE_REVIEW,source provenance and training reuse rights not verified
Non-Venomous/Common Rat Snake/rat_snake_800_Richmond_fs_fs.jpg,True,,False,500,335,1.492537,RGB,JPEG,95662,PROVENANCE_REVIEW,source provenance and training reuse rights not verified
Non-Venomous/Common Rat Snake/ratsnake-basking-on-forest_med_hr.jpeg,True,,False,400,266,1.503759,RGB,JPEG,39126,PROVENANCE_REVIEW,source provenance and training reuse rights not verified
Non-Venomous/Common Rat Snake/ratsnake.jpg,True,,False,450,600,0.75,RGB,JPEG,74676,PROVENANCE_REVIEW,source provenance and training reuse rights not verified
Non-Venomous/Common Rat Snake/ratsnake3.jpg,True,,False,480,320,1.5,RGB,JPEG,71559,PROVENANCE_REVIEW,source provenance and training reuse rights not verified
Non-Venomous/Common Rat Snake/ratsnake4734.jpg,True,,False,450,338,1.331361,RGB,JPEG,39874,PROVENANCE_REVIEW,source provenance and training reuse rights not verified
Non-Venomous/Common Rat Snake/snake-rat-snake.jpg,True,,False,400,300,1.333333,RGB,JPEG,39965,PROVENANCE_REVIEW,source provenance and training reuse rights not verified
Non-Venomous/Common Rat Snake/snake-removal-athens-ga.jpg,True,,False,600,450,1.333333,RGB,JPEG,239577,PROVENANCE_REVIEW,source provenance and training reuse rights not verified
Non-Venomous/Common Rat Snake/Snake.jpg,True,,False,640,397,1.612091,RGB,JPEG,156639,PROVENANCE_REVIEW,source provenance and training reuse rights not verified
Non-Venomous/Common Rat Snake/snake020.jpg,True,,False,1000,750,1.333333,RGB,JPEG,204558,PROVENANCE_REVIEW,source provenance and training reuse rights not verified
Non-Venomous/Common Rat Snake/snake6-25-13b.jpg,True,,False,275,217,1.267281,RGB,JPEG,50990,PROVENANCE_REVIEW,source provenance and training reuse rights not verified
Non-Venomous/Common Rat Snake/snake_black_rat.jpg,True,,False,432,324,1.333333,RGB,JPEG,192491,PROVENANCE_REVIEW,source provenance and training reuse rights not verified
Non-Venomous/Common Rat Snake/top-ptyas-mucosa-indian-rat-snake-bottom-naja-naja-common-indian-cobra-AT1H2X.jpg,True,,False,1300,961,1.352758,RGB,JPEG,129207,PROVENANCE_REVIEW,source provenance and training reuse rights not verified
Non-Venomous/Common Rat Snake/unnamed.png,True,,False,512,339,1.510324,RGB,PNG,284132,PROVENANCE_REVIEW,source provenance and training reuse rights not verified
Non-Venomous/Common Rat Snake/western-rat-snake-texas-ratsnake-black-rat-snake-pilot-black-snake-ebnm1g.jpg,True,,False,450,320,1.40625,RGB,JPEG,71246,PROVENANCE_REVIEW,source provenance and training reuse rights not verified
Non-Venomous/Common Rat Snake/white-bellied-rat-snake_0115.jpg,True,,False,400,300,1.333333,RGB,JPEG,52315,PROVENANCE_REVIEW,source provenance and training reuse rights not verified
Non-Venomous/Common Sand Boa/03000026807_01_f.jpg,True,,False,1024,768,1.333333,RGB,JPEG,241874,PROVENANCE_REVIEW,source provenance and training reuse rights not verified
Non-Venomous/Common Sand Boa/0604.jpeg,True,,False,1024,768,1.333333,RGB,JPEG,480346,PROVENANCE_REVIEW,source provenance and training reuse rights not verified
Non-Venomous/Common Sand Boa/0844.jpeg,True,,False,432,288,1.5,RGB,JPEG,99485,PROVENANCE_REVIEW,source provenance and training reuse rights not verified
Non-Venomous/Common Sand Boa/1157751.jpg,True,,False,502,337,1.489614,RGB,JPEG,311955,PROVENANCE_REVIEW,source provenance and training reuse rights not verified
Non-Venomous/Common Sand Boa/1200px-Eryx_jaculus.jpg,True,,False,1200,788,1.522843,RGB,JPEG,262114,PROVENANCE_REVIEW,source provenance and training reuse rights not verified
Non-Venomous/Common Sand Boa/20141005_190516.jpg,True,,False,3264,2448,1.333333,RGB,JPEG,1889546,PROVENANCE_REVIEW,source provenance and training reuse rights not verified
Non-Venomous/Common Sand Boa/300px-Boa.jpg,True,,False,300,187,1.604278,RGB,JPEG,40257,PROVENANCE_REVIEW,source provenance and training reuse rights not verified
Non-Venomous/Common Sand Boa/3121447067_f9ce8f7a98_b.jpg,True,,False,1024,768,1.333333,RGB,JPEG,262693,PROVENANCE_REVIEW,source provenance and training reuse rights not verified
Non-Venomous/Common Sand Boa/450-27504292-common-sand-boa-snake.jpg,True,,False,450,308,1.461039,RGB,JPEG,36349,PROVENANCE_REVIEW,source provenance and training reuse rights not verified
Non-Venomous/Common Sand Boa/50300131.jpg,True,,False,500,333,1.501502,RGB,JPEG,68044,PROVENANCE_REVIEW,source provenance and training reuse rights not verified
Non-Venomous/Common Sand Boa/71cca88c06df3d66ba9bbc5c79ec7bc7.jpg,True,,False,800,800,1.0,RGB,JPEG,261733,PROVENANCE_REVIEW,source provenance and training reuse rights not verified
Non-Venomous/Common Sand Boa/87.jpg,True,,False,828,540,1.533333,RGB,JPEG,160290,PROVENANCE_REVIEW,source provenance and training reuse rights not verified
Non-Venomous/Common Sand Boa/a57b14f8130c77339a33b5f7c40a0952--beautiful-snakes-sands.jpg,True,,False,640,479,1.336117,RGB,JPEG,134435,PROVENANCE_REVIEW,source provenance and training reuse rights not verified
Non-Venomous/Common Sand Boa/Arabian-sand-boa-hatching.jpg,True,,False,650,493,1.318458,RGB,JPEG,122295,PROVENANCE_REVIEW,source provenance and training reuse rights not verified
Non-Venomous/Common Sand Boa/Arabian-sand-boa-head-detail.jpg,True,,False,650,435,1.494253,RGB,JPEG,64885,PROVENANCE_REVIEW,source provenance and training reuse rights not verified
Non-Venomous/Common Sand Boa/Arabian-sand-boa-on-top-of-sand.jpg,True,,False,650,435,1.494253,RGB,JPEG,83100,PROVENANCE_REVIEW,source provenance and training reuse rights not verified
Non-Venomous/Common Sand Boa/arabian-sand-boa-pattern.jpg,True,,False,650,495,1.313131,RGB,JPEG,159111,PROVENANCE_REVIEW,source provenance and training reuse rights not verified
Non-Venomous/Common Sand Boa/Arabian-sand-boa.jpg,True,,False,650,435,1.494253,RGB,JPEG,102014,PROVENANCE_REVIEW,source provenance and training reuse rights not verified
Non-Venomous/Common Sand Boa/common-sand-boa-gongylophis-conicus-non-venomous-common-BXKTGW.jpg,True,,False,1300,956,1.359833,RGB,JPEG,207750,PROVENANCE_REVIEW,source provenance and training reuse rights not verified
Non-Venomous/Common Sand Boa/common-sand-boa-gongylophis-conicus-non-venomous-common-C68YX7.jpg,True,,False,1300,956,1.359833,RGB,JPEG,262461,PROVENANCE_REVIEW,source provenance and training reuse rights not verified
Non-Venomous/Common Sand Boa/common-sand-boa-gongylophis-conicus-non-venomous-common-c68yx7_001.jpg,True,,False,450,320,1.40625,RGB,JPEG,53361,PROVENANCE_REVIEW,source provenance and training reuse rights not verified
Non-Venomous/Common Sand Boa/common-sand-boa-gongylophis-conicus-non-venomous-common-c68yy3.jpg,True,,False,640,446,1.434978,RGB,JPEG,103660,PROVENANCE_REVIEW,source provenance and training reuse rights not verified
Non-Venomous/Common Sand Boa/common-sand-boa-gongylophis-conicus-non-venomous-common-C68YY3_001.jpg,True,,False,1300,956,1.359833,RGB,JPEG,219375,PROVENANCE_REVIEW,source provenance and training reuse rights not verified
Non-Venomous/Common Sand Boa/common-sand-boa-gongylophis-conicus-non-venomous-common-CC0C30.jpg,True,,False,1300,960,1.354167,RGB,JPEG,363893,PROVENANCE_REVIEW,source provenance and training reuse rights not verified
Non-Venomous/Common Sand Boa/common-sand-boa-gongylophis-conicus-non-venomous-common-marol-andheri-b8em6g.jpg,True,,False,300,470,0.638298,RGB,JPEG,77714,PROVENANCE_REVIEW,source provenance and training reuse rights not verified
Non-Venomous/Common Sand Boa/common-sand-boa-gongylophis-conicus-non-venomous-common-marol-andheri-B8EM8G.jpg,True,,False,1300,956,1.359833,RGB,JPEG,320510,PROVENANCE_REVIEW,source provenance and training reuse rights not verified
Non-Venomous/Common Sand Boa/common-sand-boa-gongylophis-conicus-non-venomous-kept-in-basket-for-AT2BGJ.jpg,True,,False,1300,935,1.390374,RGB,JPEG,235809,PROVENANCE_REVIEW,source provenance and training reuse rights not verified
Non-Venomous/Common Sand Boa/common-sand-boa-mumbai-india-F7NF7T.jpg,True,,False,1300,956,1.359833,RGB,JPEG,153824,PROVENANCE_REVIEW,source provenance and training reuse rights not verified
Non-Venomous/Common Sand Boa/common_sand_boa_by_sippyphotography-d68ltcg.jpg,True,,False,1024,683,1.499268,RGB,JPEG,129771,PROVENANCE_REVIEW,source provenance and training reuse rights not verified
Non-Venomous/Common Sand Boa/DSC_0002r_(2).jpg,True,,False,602,400,1.505,RGB,JPEG,79226,PROVENANCE_REVIEW,source provenance and training reuse rights not verified
Non-Venomous/Common Sand Boa/DSC_0023r.jpg,True,,False,602,400,1.505,RGB,JPEG,86418,PROVENANCE_REVIEW,source provenance and training reuse rights not verified
Non-Venomous/Common Sand Boa/econf.jpg,True,,False,449,240,1.870833,RGB,JPEG,27324,PROVENANCE_REVIEW,source provenance and training reuse rights not verified
Non-Venomous/Common Sand Boa/econmfj.jpg,True,,False,372,288,1.291667,RGB,JPEG,28662,PROVENANCE_REVIEW,source provenance and training reuse rights not verified
Non-Venomous/Common Sand Boa/ejpersic.jpg,True,,False,400,330,1.212121,RGB,JPEG,56241,PROVENANCE_REVIEW,source provenance and training reuse rights not verified
Non-Venomous/Common Sand Boa/emm_m1.jpg,True,,False,570,288,1.979167,RGB,JPEG,47871,PROVENANCE_REVIEW,source provenance and training reuse rights not verified
Non-Venomous/Common Sand Boa/Eryx conicus.jpg,True,,False,320,240,1.333333,RGB,JPEG,36492,PROVENANCE_REVIEW,source provenance and training reuse rights not verified
Non-Venomous/Common Sand Boa/eryx_jayakari.jpg,True,,False,700,500,1.4,RGB,JPEG,150761,PROVENANCE_REVIEW,source provenance and training reuse rights not verified
Non-Venomous/Common Sand Boa/Eryx_jayakari_by_Omid_Mozaffari.jpg,True,,False,700,446,1.569507,RGB,JPEG,98116,PROVENANCE_REVIEW,source provenance and training reuse rights not verified
Non-Venomous/Common Sand Boa/etatarf.jpg,True,,False,459,288,1.59375,RGB,JPEG,54183,PROVENANCE_REVIEW,source provenance and training reuse rights not verified
Non-Venomous/Common Sand Boa/etatarm.jpg,True,,False,447,288,1.552083,RGB,JPEG,35156,PROVENANCE_REVIEW,source provenance and training reuse rights not verified
Non-Venomous/Common Sand Boa/gongylophis_conicusl.jpg,True,,False,600,400,1.5,RGB,JPEG,63684,PROVENANCE_REVIEW,source provenance and training reuse rights not verified
Non-Venomous/Common Sand Boa/hqdefault.jpg,True,,False,480,360,1.333333,RGB,JPEG,14290,PROVENANCE_REVIEW,source provenance and training reuse rights not verified
Non-Venomous/Common Sand Boa/ika-60455-reptiles-snake-eating-mouse-common-sand-boa-eryx-conicus-bfnr2f.jpg,True,,False,640,446,1.434978,RGB,JPEG,146143,PROVENANCE_REVIEW,source provenance and training reuse rights not verified
Non-Venomous/Common Sand Boa/img2.jpg,True,,False,601,417,1.441247,RGB,JPEG,59836,PROVENANCE_REVIEW,source provenance and training reuse rights not verified
Non-Venomous/Common Sand Boa/IMG_0860 copy.jpg,True,,False,1000,740,1.351351,RGB,JPEG,381418,PROVENANCE_REVIEW,source provenance and training reuse rights not verified
Non-Venomous/Common Sand Boa/img_4608.jpg,True,,False,1200,1600,0.75,RGB,JPEG,346864,PROVENANCE_REVIEW,source provenance and training reuse rights not verified
Non-Venomous/Common Sand Boa/Javelin-sand-boa-dorsal-view.jpg,True,,False,650,433,1.501155,RGB,JPEG,140604,PROVENANCE_REVIEW,source provenance and training reuse rights not verified
Non-Venomous/Common Sand Boa/javelin-sand-boa.jpg,True,,False,650,411,1.581509,RGB,JPEG,139261,PROVENANCE_REVIEW,source provenance and training reuse rights not verified
Non-Venomous/Common Sand Boa/kenyan-sand-boa-burrowing.jpg,True,,False,650,449,1.447661,RGB,JPEG,118576,PROVENANCE_REVIEW,source provenance and training reuse rights not verified
Non-Venomous/Common Sand Boa/kenyan-sand-boa-subspecies-loveridgei.jpg,True,,False,650,433,1.501155,RGB,JPEG,101583,PROVENANCE_REVIEW,source provenance and training reuse rights not verified
Non-Venomous/Common Sand Boa/kenyan-sand-boa-subspecies-loveridgei_001.jpg,True,,False,650,433,1.501155,RGB,JPEG,103619,PROVENANCE_REVIEW,source provenance and training reuse rights not verified
Non-Venomous/Common Sand Boa/kenyan-sand-boa.jpg,True,,False,518,288,1.798611,RGB,JPEG,31754,PROVENANCE_REVIEW,source provenance and training reuse rights not verified
Non-Venomous/Common Sand Boa/kenyan.jpg,True,,False,412,288,1.430556,RGB,JPEG,32141,PROVENANCE_REVIEW,source provenance and training reuse rights not verified
Non-Venomous/Common Sand Boa/Photo-0187.jpg,True,,False,636,338,1.881657,RGB,JPEG,44606,PROVENANCE_REVIEW,source provenance and training reuse rights not verified
Non-Venomous/Common Sand Boa/Red sand Boa.png,True,,False,1094,882,1.240363,RGB,PNG,2757687,PROVENANCE_REVIEW,source provenance and training reuse rights not verified
Non-Venomous/Common Sand Boa/red-sand-boa-eryx-johnii-non-venomous-common-c690b1.jpg,True,,False,450,320,1.40625,RGB,JPEG,53114,PROVENANCE_REVIEW,source provenance and training reuse rights not verified
Non-Venomous/Common Sand Boa/red-sand-boa-eryx-johnii-non-venomous-common-C690BE.jpg,True,,False,1300,956,1.359833,RGB,JPEG,305298,PROVENANCE_REVIEW,source provenance and training reuse rights not verified
Non-Venomous/Common Sand Boa/red-sand-boa-eryx-johnii-non-venomous-common-c6915g.jpg,True,,False,450,320,1.40625,RGB,JPEG,58579,PROVENANCE_REVIEW,source provenance and training reuse rights not verified
Non-Venomous/Common Sand Boa/red-sand-boa-eryx-johnii-non-venomous-common-saswad-maharashtra-india-G2A95R.jpg,True,,False,1300,1064,1.221805,RGB,JPEG,320197,PROVENANCE_REVIEW,source provenance and training reuse rights not verified
Non-Venomous/Common Sand Boa/red-sand-boa.jpg,True,,False,556,417,1.333333,RGB,JPEG,53321,PROVENANCE_REVIEW,source provenance and training reuse rights not verified
Non-Venomous/Common Sand Boa/Red_Sand_Boa_Eryx_johnii_by_Ashahar_alias_Krishna_Khan.jpg,True,,False,1200,900,1.333333,RGB,JPEG,382829,PROVENANCE_REVIEW,source provenance and training reuse rights not verified
Non-Venomous/Common Sand Boa/rsf7-01.jpg,True,,False,1600,1200,1.333333,RGB,JPEG,374098,PROVENANCE_REVIEW,source provenance and training reuse rights not verified
Non-Venomous/Common Sand Boa/Russells_Boa.jpg,True,,False,568,426,1.333333,RGB,JPEG,98759,PROVENANCE_REVIEW,source provenance and training reuse rights not verified
Non-Venomous/Common Sand Boa/Sand_Boa.jpg,True,,False,300,249,1.204819,RGB,JPEG,18189,PROVENANCE_REVIEW,source provenance and training reuse rights not verified
Non-Venomous/Common Sand Boa/sandboa1.jpg,True,,False,855,642,1.331776,RGB,JPEG,297816,PROVENANCE_REVIEW,source provenance and training reuse rights not verified
Non-Venomous/Common Sand Boa/sandboa2.jpg,True,,False,855,642,1.331776,RGB,JPEG,141158,PROVENANCE_REVIEW,source provenance and training reuse rights not verified
Non-Venomous/Common Sand Boa/snake-common-sand-boa-eryx-conicus-ET0CMG.jpg,True,,False,1300,956,1.359833,RGB,JPEG,324488,PROVENANCE_REVIEW,source provenance and training reuse rights not verified
Non-Venomous/Common Sand Boa/unnamed.png,True,,False,512,257,1.992218,RGB,PNG,283329,PROVENANCE_REVIEW,source provenance and training reuse rights not verified
Non-Venomous/Common Sand Boa/whitakers-sandboa-eryx-whitakeri-non-venomous-common-a-medium-sized-AX2GTX.jpg,True,,False,1300,960,1.354167,RGB,JPEG,309674,PROVENANCE_REVIEW,source provenance and training reuse rights not verified
Non-Venomous/Common Trinket/0431.jpeg,True,,False,179,128,1.398438,RGB,JPEG,27333,PROVENANCE_REVIEW,source provenance and training reuse rights not verified
Non-Venomous/Common Trinket/0582.jpeg,True,,False,1000,708,1.412429,RGB,JPEG,676991,PROVENANCE_REVIEW,source provenance and training reuse rights not verified
Non-Venomous/Common Trinket/0821.jpeg,True,,False,192,128,1.5,RGB,JPEG,75401,PROVENANCE_REVIEW,source provenance and training reuse rights not verified
Non-Venomous/Common Trinket/1200px-Elaphe_quadrivirgata.JPG,True,,False,1200,1200,1.0,RGB,JPEG,468289,PROVENANCE_REVIEW,source provenance and training reuse rights not verified
Non-Venomous/Common Trinket/14388445958.JPG,True,,False,600,337,1.780415,RGB,JPEG,34243,PROVENANCE_REVIEW,source provenance and training reuse rights not verified
Non-Venomous/Common Trinket/1438844596IMG_0396.JPG,True,,False,600,337,1.780415,RGB,JPEG,83338,PROVENANCE_REVIEW,source provenance and training reuse rights not verified
Non-Venomous/Common Trinket/1438844598IMG_0412.JPG,True,,False,600,337,1.780415,RGB,JPEG,34148,PROVENANCE_REVIEW,source provenance and training reuse rights not verified
Non-Venomous/Common Trinket/15021341824_55f46f452d_m.jpg,True,,False,240,145,1.655172,RGB,JPEG,15487,PROVENANCE_REVIEW,source provenance and training reuse rights not verified
Non-Venomous/Common Trinket/15053871203_517c7e024f_b.jpg,True,,False,1024,627,1.633174,RGB,JPEG,221337,PROVENANCE_REVIEW,source provenance and training reuse rights not verified
Non-Venomous/Common Trinket/15649513156_3ac7281119_b.jpg,True,,False,1024,581,1.762478,RGB,JPEG,236296,PROVENANCE_REVIEW,source provenance and training reuse rights not verified
Non-Venomous/Common Trinket/15673251455_665b455109_b.jpg,True,,False,1024,660,1.551515,RGB,JPEG,430827,PROVENANCE_REVIEW,source provenance and training reuse rights not verified
Non-Venomous/Common Trinket/1922.jpeg,True,,False,640,480,1.333333,RGB,JPEG,217634,PROVENANCE_REVIEW,source provenance and training reuse rights not verified
Non-Venomous/Common Trinket/2037.jpeg,True,,False,768,512,1.5,RGB,JPEG,240599,PROVENANCE_REVIEW,source provenance and training reuse rights not verified
Non-Venomous/Common Trinket/23687915030_1d79eb768b.jpg,True,,False,500,321,1.557632,RGB,JPEG,117215,PROVENANCE_REVIEW,source provenance and training reuse rights not verified
Non-Venomous/Common Trinket/4.jpg,True,,False,450,336,1.339286,RGB,JPEG,82410,PROVENANCE_REVIEW,source provenance and training reuse rights not verified
Non-Venomous/Common Trinket/6123216202_563c31e3eb.jpg,True,,False,500,347,1.440922,RGB,JPEG,120287,PROVENANCE_REVIEW,source provenance and training reuse rights not verified
Non-Venomous/Common Trinket/7207338458_12efc7a0c8_b.jpg,True,,False,1024,699,1.46495,RGB,JPEG,249958,PROVENANCE_REVIEW,source provenance and training reuse rights not verified
Non-Venomous/Common Trinket/7413599378_03c9197f81.jpg,True,,False,500,333,1.501502,RGB,JPEG,196596,PROVENANCE_REVIEW,source provenance and training reuse rights not verified
Non-Venomous/Common Trinket/7528802344_7b2d630b51.jpg,True,,False,500,333,1.501502,RGB,JPEG,128086,PROVENANCE_REVIEW,source provenance and training reuse rights not verified
Non-Venomous/Common Trinket/7667965192_6ebcdd85d8_b.jpg,True,,False,1024,768,1.333333,RGB,JPEG,359168,PROVENANCE_REVIEW,source provenance and training reuse rights not verified
Non-Venomous/Common Trinket/85a4f893f43a26c9257f2e4ab5e42eff.jpg,True,,False,800,600,1.333333,RGB,JPEG,897497,PROVENANCE_REVIEW,source provenance and training reuse rights not verified
Non-Venomous/Common Trinket/Close_Up_of_A_Common_Trinket.JPG,True,,False,1200,800,1.5,RGB,JPEG,53047,PROVENANCE_REVIEW,source provenance and training reuse rights not verified
Non-Venomous/Common Trinket/Coelognathus-helena-03000033350_01.jpg,True,,False,560,342,1.637427,RGB,JPEG,44974,PROVENANCE_REVIEW,source provenance and training reuse rights not verified
Non-Venomous/Common Trinket/common-indian-trinket-coelognathus-helena-ncbs-bangalore-india-f7n7nc.jpg,True,,False,450,320,1.40625,RGB,JPEG,40442,PROVENANCE_REVIEW,source provenance and training reuse rights not verified
Non-Venomous/Common Trinket/common-indian-trinket-coelognathus-helena-ncbs-bangalore-india-f7n7nw.jpg,True,,False,640,447,1.431767,RGB,JPEG,93987,PROVENANCE_REVIEW,source provenance and training reuse rights not verified
Non-Venomous/Common Trinket/common-indian-trinket-coelognathus-helena-ncbs-bangalore-india-f7n7pg.jpg,True,,False,450,320,1.40625,RGB,JPEG,72587,PROVENANCE_REVIEW,source provenance and training reuse rights not verified
Non-Venomous/Common Trinket/Common-Trinket-Snake-300x225.jpg,True,,False,300,225,1.333333,RGB,JPEG,41978,PROVENANCE_REVIEW,source provenance and training reuse rights not verified
Non-Venomous/Common Trinket/common-trinket-snake-coelognathus-helena-helena-non-venomous-common-aa2k4m.jpg,True,,False,640,433,1.47806,RGB,JPEG,117312,PROVENANCE_REVIEW,source provenance and training reuse rights not verified
Non-Venomous/Common Trinket/common-trinket-snake-coelognathus-helena-helena-non-venomous-common-BY0Y0B.jpg,True,,False,1300,956,1.359833,RGB,JPEG,119036,PROVENANCE_REVIEW,source provenance and training reuse rights not verified
Non-Venomous/Common Trinket/common-trinket-snake-D4NP90.jpg,True,,False,1300,956,1.359833,RGB,JPEG,74173,PROVENANCE_REVIEW,source provenance and training reuse rights not verified
Non-Venomous/Common Trinket/common-trinket-snake-elaphe-helena-akfw8a.jpg,True,,False,450,313,1.4377,RGB,JPEG,41867,PROVENANCE_REVIEW,source provenance and training reuse rights not verified
Non-Venomous/Common Trinket/common-trinket-snake-elaphe-helena-two-individuals-a3ypkp.jpg,True,,False,447,320,1.396875,RGB,JPEG,57398,PROVENANCE_REVIEW,source provenance and training reuse rights not verified
Non-Venomous/Common Trinket/Common_Trinket.jpg,True,,False,1632,916,1.781659,RGB,JPEG,531634,PROVENANCE_REVIEW,source provenance and training reuse rights not verified
Non-Venomous/Common Trinket/common_trinket_001.jpg,True,,False,800,600,1.333333,RGB,JPEG,289038,PROVENANCE_REVIEW,source provenance and training reuse rights not verified
Non-Venomous/Common Trinket/common_trinket_snake_5_foot_long_approx.jpg,True,,False,700,355,1.971831,RGB,JPEG,218032,PROVENANCE_REVIEW,source provenance and training reuse rights not verified
Non-Venomous/Common Trinket/Copper-headed Trinket Snake.jpg,True,,False,259,194,1.335052,RGB,JPEG,15268,PROVENANCE_REVIEW,source provenance and training reuse rights not verified
Non-Venomous/Common Trinket/copper-headed-trinket-snake-coelognathus-radiatus-efrtgt.jpg,True,,False,347,540,0.642593,RGB,JPEG,43191,PROVENANCE_REVIEW,source provenance and training reuse rights not verified
Non-Venomous/Common Trinket/copper-headed-trinket-snake-coelognathus-radiatus-non-venomous-common-BN1WY8.jpg,True,,False,1300,960,1.354167,RGB,JPEG,139892,PROVENANCE_REVIEW,source provenance and training reuse rights not verified
Non-Venomous/Common Trinket/d2563876349b5563a3d4d98f79f4ea77.jpg,True,,False,2048,1070,1.914019,RGB,JPEG,530878,PROVENANCE_REVIEW,source provenance and training reuse rights not verified
Non-Venomous/Common Trinket/DSC01535-Edit0.jpg,True,,False,5390,3492,1.543528,RGB,JPEG,4033674,PROVENANCE_REVIEW,source provenance and training reuse rights not verified
Non-Venomous/Common Trinket/dsc_0011.jpg,True,,False,6016,4000,1.504,L,JPEG,7544417,PROVENANCE_REVIEW,source provenance and training reuse rights not verified
Non-Venomous/Common Trinket/habaraliya.jpg,True,,False,1600,1024,1.5625,RGB,JPEG,280450,PROVENANCE_REVIEW,source provenance and training reuse rights not verified
Non-Venomous/Common Trinket/img8.jpg,True,,False,613,437,1.402746,RGB,JPEG,61834,PROVENANCE_REVIEW,source provenance and training reuse rights not verified
Non-Venomous/Common Trinket/IMG_0001 (1).JPG,True,,False,1199,1600,0.749375,RGB,JPEG,478470,PROVENANCE_REVIEW,source provenance and training reuse rights not verified
Non-Venomous/Common Trinket/IMG_0023.jpg,True,,False,640,426,1.502347,RGB,JPEG,208944,PROVENANCE_REVIEW,source provenance and training reuse rights not verified
Non-Venomous/Common Trinket/img_2194.jpg,True,,False,1600,1200,1.333333,RGB,JPEG,844454,PROVENANCE_REVIEW,source provenance and training reuse rights not verified
Non-Venomous/Common Trinket/montane-trinket-snake-coelognathus-helena-monticollaris-non-venomous-a23fcd.jpg,True,,False,640,440,1.454545,RGB,JPEG,128090,PROVENANCE_REVIEW,source provenance and training reuse rights not verified
Non-Venomous/Common Trinket/montane-trinket-snake-coelognathus-helena-monticollaris-non-venomous-AX0CWP.jpg,True,,False,1300,960,1.354167,RGB,JPEG,137767,PROVENANCE_REVIEW,source provenance and training reuse rights not verified
Non-Venomous/Common Trinket/orthriophis-taeniurus-striped-racer-striped-trinket-snake-non-venomous-H9EPPH.jpg,True,,False,1300,963,1.349948,RGB,JPEG,308417,PROVENANCE_REVIEW,source provenance and training reuse rights not verified
Non-Venomous/Common Trinket/Snake-Common-Trinket.jpg,True,,False,800,600,1.333333,RGB,JPEG,834286,PROVENANCE_REVIEW,source provenance and training reuse rights not verified
Non-Venomous/Common Trinket/snake-snakes-leopard-snake-zamenis-situla-trinket-snake-reptile-reptiles-BNJR3J.jpg,True,,False,1300,960,1.354167,RGB,JPEG,295751,PROVENANCE_REVIEW,source provenance and training reuse rights not verified
Non-Venomous/Common Trinket/trinket2.jpg,True,,False,900,675,1.333333,RGB,JPEG,144570,PROVENANCE_REVIEW,source provenance and training reuse rights not verified
Non-Venomous/Common Trinket/trinketsnake.jpg,True,,False,620,463,1.339093,RGB,JPEG,76788,PROVENANCE_REVIEW,source provenance and training reuse rights not verified
Non-Venomous/Green Tree Vine/1.jpg,True,,False,852,480,1.775,RGB,JPEG,23093,PROVENANCE_REVIEW,source provenance and training reuse rights not verified
Non-Venomous/Green Tree Vine/110298e9e9d6d2fdba1357f8ce37cb3b.jpg,True,,False,500,594,0.841751,RGB,JPEG,107493,PROVENANCE_REVIEW,source provenance and training reuse rights not verified
Non-Venomous/Green Tree Vine/3fa413c2da7fc530e62d96dcf738304f.jpg,True,,False,1600,1200,1.333333,RGB,JPEG,742932,PROVENANCE_REVIEW,source provenance and training reuse rights not verified
Non-Venomous/Green Tree Vine/480a15852ea1541e979834fabee27363--blue-green-green-trees.jpg,True,,False,236,355,0.664789,RGB,JPEG,9083,PROVENANCE_REVIEW,source provenance and training reuse rights not verified
Non-Venomous/Green Tree Vine/4a9881dd567ca571c0874b158a72b9ec.jpg,True,,False,640,480,1.333333,RGB,JPEG,136595,PROVENANCE_REVIEW,source provenance and training reuse rights not verified
Non-Venomous/Green Tree Vine/541d920462f53a965ce8d6fd7a1f7476.jpg,True,,False,720,537,1.340782,RGB,JPEG,39748,PROVENANCE_REVIEW,source provenance and training reuse rights not verified
Non-Venomous/Green Tree Vine/dbc07269d811693c59231e23ed0e404d.jpg,True,,False,841,412,2.041262,RGB,JPEG,89771,PROVENANCE_REVIEW,source provenance and training reuse rights not verified
Non-Venomous/Green Tree Vine/ec508f46cb681431964d45926a4ade84.jpg,True,,False,699,671,1.041729,RGB,JPEG,92962,PROVENANCE_REVIEW,source provenance and training reuse rights not verified
Non-Venomous/Green Tree Vine/GreenVineSnakeSinharajaGR.jpg,True,,False,800,533,1.500938,RGB,JPEG,73164,PROVENANCE_REVIEW,source provenance and training reuse rights not verified
Non-Venomous/Green Tree Vine/long-nosed-tree-snake-green-vine-snake-long-nosed-whip-snake-or-asian-FFHA8W.jpg,True,,False,1300,954,1.362683,RGB,JPEG,163543,PROVENANCE_REVIEW,source provenance and training reuse rights not verified
Non-Venomous/Green Tree Vine/march-3-2016-long-nosed-tree-snake-green-vine-snake-long-nosed-whip-FFHC11.jpg,True,,False,1300,954,1.362683,RGB,JPEG,93733,PROVENANCE_REVIEW,source provenance and training reuse rights not verified
Non-Venomous/Green Tree Vine/snake7-1024x768.jpg,True,,False,1024,768,1.333333,RGB,JPEG,131406,PROVENANCE_REVIEW,source provenance and training reuse rights not verified
Non-Venomous/Green Tree Vine/the-common-vine-snake-ahaetulla-nasuta-is-a-slender-green-tree-snake-F947R9.jpg,True,,False,1300,956,1.359833,RGB,JPEG,86731,PROVENANCE_REVIEW,source provenance and training reuse rights not verified
Non-Venomous/Green Tree Vine/the-common-vine-snake-ahaetulla-nasuta-is-a-slender-green-tree-snake-F947RB.jpg,True,,False,1300,956,1.359833,RGB,JPEG,76491,PROVENANCE_REVIEW,source provenance and training reuse rights not verified
Non-Venomous/Green Tree Vine/the-common-vine-snake-ahaetulla-nasuta-is-a-slender-green-tree-snake-F947RF.jpg,True,,False,1300,956,1.359833,RGB,JPEG,107366,PROVENANCE_REVIEW,source provenance and training reuse rights not verified
Non-Venomous/Green Tree Vine/the-common-vine-snake-ahaetulla-nasuta-is-a-slender-green-tree-snake-F947RJ.jpg,True,,False,1300,956,1.359833,RGB,JPEG,81266,PROVENANCE_REVIEW,source provenance and training reuse rights not verified
Non-Venomous/Green Tree Vine/the-common-vine-snake-ahaetulla-nasuta-is-a-slender-green-tree-snake-F947RM.jpg,True,,False,1300,956,1.359833,RGB,JPEG,120120,PROVENANCE_REVIEW,source provenance and training reuse rights not verified
Non-Venomous/Green Tree Vine/the-common-vine-snake-ahaetulla-nasuta-is-a-slender-green-tree-snake-f947rt.jpg,True,,False,450,320,1.40625,RGB,JPEG,40052,PROVENANCE_REVIEW,source provenance and training reuse rights not verified
Non-Venomous/Green Tree Vine/the-common-vine-snake-ahaetulla-nasuta-is-a-slender-green-tree-snake-F947RY.jpg,True,,False,1300,956,1.359833,RGB,JPEG,78665,PROVENANCE_REVIEW,source provenance and training reuse rights not verified
Non-Venomous/Green Tree Vine/the-common-vine-snake-ahaetulla-nasuta-is-a-slender-green-tree-snake-F947T3.jpg,True,,False,1300,956,1.359833,RGB,JPEG,74067,PROVENANCE_REVIEW,source provenance and training reuse rights not verified
Non-Venomous/Green Tree Vine/the-common-vine-snake-ahaetulla-nasuta-is-a-slender-green-tree-snake-f947t3_001.jpg,True,,False,450,320,1.40625,RGB,JPEG,24557,PROVENANCE_REVIEW,source provenance and training reuse rights not verified
Non-Venomous/Green Tree Vine/tumblr_n9q4ra2NrW1sgxjc6o2_1280.jpg,True,,False,568,423,1.34279,RGB,JPEG,58497,PROVENANCE_REVIEW,source provenance and training reuse rights not verified
Non-Venomous/Indian Rock Python/0.jpg,True,,False,480,360,1.333333,RGB,JPEG,24047,PROVENANCE_REVIEW,source provenance and training reuse rights not verified
Non-Venomous/Indian Rock Python/1.jpg,True,,False,300,196,1.530612,RGB,JPEG,16391,PROVENANCE_REVIEW,source provenance and training reuse rights not verified
Non-Venomous/Indian Rock Python/1024px-Heller_Tigerpython_Python_molurus_molurus.jpg,True,,False,1024,654,1.565749,RGB,JPEG,192995,PROVENANCE_REVIEW,source provenance and training reuse rights not verified
Non-Venomous/Indian Rock Python/1166420045-m.jpg,True,,False,800,862,0.928074,RGB,JPEG,236807,PROVENANCE_REVIEW,source provenance and training reuse rights not verified
Non-Venomous/Indian Rock Python/1280px-Indian_rock_python_pratik.JPG,True,,False,1280,904,1.415929,RGB,JPEG,165000,PROVENANCE_REVIEW,source provenance and training reuse rights not verified
Non-Venomous/Indian Rock Python/131942656.vigSlaNz.jpg,True,,False,641,800,0.80125,RGB,JPEG,106295,PROVENANCE_REVIEW,source provenance and training reuse rights not verified
Non-Venomous/Indian Rock Python/1406194043645_wps_2_EXCLUSIVE_GUJARAT_INDIA_U.jpg,True,,False,634,423,1.498818,RGB,JPEG,168000,PROVENANCE_REVIEW,source provenance and training reuse rights not verified
Non-Venomous/Indian Rock Python/1406194171937_wps_8_EXCLUSIVE_GUJARAT_INDIA_U.jpg,True,,False,634,423,1.498818,RGB,JPEG,104344,PROVENANCE_REVIEW,source provenance and training reuse rights not verified
Non-Venomous/Indian Rock Python/1406194211496_wps_10_EXCLUSIVE_GUJARAT_INDIA_U.jpg,True,,False,634,423,1.498818,RGB,JPEG,161930,PROVENANCE_REVIEW,source provenance and training reuse rights not verified
Non-Venomous/Indian Rock Python/1406194312764_wps_11_EXCLUSIVE_GUJARAT_INDIA_U.jpg,True,,False,634,423,1.498818,RGB,JPEG,156172,PROVENANCE_REVIEW,source provenance and training reuse rights not verified
Non-Venomous/Indian Rock Python/1438853319IMG-20141006-WA0017.jpg,True,,False,600,400,1.5,RGB,JPEG,43452,PROVENANCE_REVIEW,source provenance and training reuse rights not verified
Non-Venomous/Indian Rock Python/1438853319main -1.jpg,True,,False,600,428,1.401869,RGB,JPEG,79136,PROVENANCE_REVIEW,source provenance and training reuse rights not verified
Non-Venomous/Indian Rock Python/1438853320sub headed shot-1.jpg,True,,False,600,453,1.324503,RGB,JPEG,62687,PROVENANCE_REVIEW,source provenance and training reuse rights not verified
Non-Venomous/Indian Rock Python/1753.jpeg,True,,False,750,484,1.549587,RGB,JPEG,260509,PROVENANCE_REVIEW,source provenance and training reuse rights not verified
Non-Venomous/Indian Rock Python/240_F_57387590_X4C1GVMXiircJ9WijCsTxXmP3l08Pk2m.jpg,True,,False,392,240,1.633333,RGB,JPEG,46609,PROVENANCE_REVIEW,source provenance and training reuse rights not verified
Non-Venomous/Indian Rock Python/240_F_81777996_fXFZAxx4plJEMzc4ndaqAcPqLi5VB87h.jpg,True,,False,360,240,1.5,RGB,JPEG,39029,PROVENANCE_REVIEW,source provenance and training reuse rights not verified
Non-Venomous/Indian Rock Python/240_F_81778671_6lV4W2Ea4sy1uxVPZTpyyDUN8B0tDMi9.jpg,True,,False,360,240,1.5,RGB,JPEG,47194,PROVENANCE_REVIEW,source provenance and training reuse rights not verified
Non-Venomous/Indian Rock Python/249701_149478348456813_100001839476094_326585_731191_n.jpg,True,,False,720,540,1.333333,RGB,JPEG,97931,PROVENANCE_REVIEW,source provenance and training reuse rights not verified
Non-Venomous/Indian Rock Python/5 blog.jpg,True,,False,800,600,1.333333,RGB,JPEG,362089,PROVENANCE_REVIEW,source provenance and training reuse rights not verified
Non-Venomous/Indian Rock Python/5521393421453897450.jpg,True,,False,625,469,1.332623,RGB,JPEG,237314,PROVENANCE_REVIEW,source provenance and training reuse rights not verified
Non-Venomous/Indian Rock Python/61571838_4ea666d98a_b.jpg,True,,False,1024,761,1.345598,RGB,JPEG,354728,PROVENANCE_REVIEW,source provenance and training reuse rights not verified
Non-Venomous/Indian Rock Python/6341106gveli179.jpg,True,,False,550,412,1.334951,RGB,JPEG,54285,PROVENANCE_REVIEW,source provenance and training reuse rights not verified
Non-Venomous/Indian Rock Python/6O4A4956.jpg,True,,False,4268,2845,1.500176,RGB,JPEG,1029826,PROVENANCE_REVIEW,source provenance and training reuse rights not verified
Non-Venomous/Indian Rock Python/6O4A7830.jpg,True,,False,4583,3055,1.500164,RGB,JPEG,867874,PROVENANCE_REVIEW,source provenance and training reuse rights not verified
Non-Venomous/Indian Rock Python/6O4A7844.jpg,True,,False,3648,5472,0.666667,RGB,JPEG,1142445,PROVENANCE_REVIEW,source provenance and training reuse rights not verified
Non-Venomous/Indian Rock Python/6O4A7885.jpg,True,,False,4254,2836,1.5,RGB,JPEG,981486,PROVENANCE_REVIEW,source provenance and training reuse rights not verified
Non-Venomous/Indian Rock Python/7044762725_5e3e754c31.jpg,True,,False,500,340,1.470588,RGB,JPEG,137461,PROVENANCE_REVIEW,source provenance and training reuse rights not verified
Non-Venomous/Indian Rock Python/7696c19d1eb4846d81269ecb4c77f5a5.jpg,True,,False,530,800,0.6625,RGB,JPEG,397516,PROVENANCE_REVIEW,source provenance and training reuse rights not verified
Non-Venomous/Indian Rock Python/87457288_XS.jpg,True,,False,750,428,1.752336,RGB,JPEG,40816,PROVENANCE_REVIEW,source provenance and training reuse rights not verified
Non-Venomous/Indian Rock Python/a0a6db8a29a4a474703855fd466ed3dd--indian-animals-mammals.jpg,True,,False,736,425,1.731765,RGB,JPEG,99796,PROVENANCE_REVIEW,source provenance and training reuse rights not verified
Non-Venomous/Indian Rock Python/afe2.jpg,True,,False,950,405,2.345679,RGB,JPEG,337946,PROVENANCE_REVIEW,source provenance and training reuse rights not verified
Non-Venomous/Indian Rock Python/African-rock-python-on-rocky-ground.jpg,True,,False,345,520,0.663462,RGB,JPEG,86116,PROVENANCE_REVIEW,source provenance and training reuse rights not verified
Non-Venomous/Indian Rock Python/An-Indian-rock-python-drinks-water-inside-its-enclosure-in-a-zoo-during-a-hot-day-in-Lucknow..jpg,True,,False,976,634,1.539432,RGB,JPEG,100300,PROVENANCE_REVIEW,source provenance and training reuse rights not verified
Non-Venomous/Indian Rock Python/An-Indian-Rock-Python.jpg,True,,False,615,410,1.5,RGB,JPEG,77554,PROVENANCE_REVIEW,source provenance and training reuse rights not verified
Non-Venomous/Indian Rock Python/An-Indian-Rock-Python3-_unz3.jpg,True,,False,660,440,1.5,RGB,JPEG,136743,PROVENANCE_REVIEW,source provenance and training reuse rights not verified
Non-Venomous/Indian Rock Python/Asiatic-rock-python-coiled-around-branch.jpg,True,,False,650,459,1.416122,RGB,JPEG,81438,PROVENANCE_REVIEW,source provenance and training reuse rights not verified
Non-Venomous/Indian Rock Python/asiatic-rock-python-hatchling.jpg,True,,False,650,436,1.490826,RGB,JPEG,115736,PROVENANCE_REVIEW,source provenance and training reuse rights not verified
Non-Venomous/Indian Rock Python/Big-Python.jpg,True,,False,213,320,0.665625,RGB,JPEG,27882,PROVENANCE_REVIEW,source provenance and training reuse rights not verified
Non-Venomous/Indian Rock Python/Brown_Streaks_seen_from_Lateral_View_of_Head_of_Indian_Rock_Python_(_P_molurus).JPG,True,,False,3648,2736,1.333333,RGB,JPEG,770128,PROVENANCE_REVIEW,source provenance and training reuse rights not verified
Non-Venomous/Indian Rock Python/burmpython1l.jpg,True,,False,600,400,1.5,RGB,JPEG,71203,PROVENANCE_REVIEW,source provenance and training reuse rights not verified
Non-Venomous/Indian Rock Python/burmpython2l.jpg,True,,False,600,424,1.415094,RGB,JPEG,55222,PROVENANCE_REVIEW,source provenance and training reuse rights not verified
Non-Venomous/Indian Rock Python/dc-Cover-bh58nkvuepsd83sgu14h9ieqn5-20160609032640.Medi.jpeg,True,,False,800,448,1.785714,RGB,JPEG,54507,PROVENANCE_REVIEW,source provenance and training reuse rights not verified
Non-Venomous/Indian Rock Python/filename-img-0537-jpg.jpg,True,,False,337,450,0.748889,RGB,JPEG,51939,PROVENANCE_REVIEW,source provenance and training reuse rights not verified
Non-Venomous/Indian Rock Python/hqdefault.jpg,True,,False,480,360,1.333333,RGB,JPEG,41981,PROVENANCE_REVIEW,source provenance and training reuse rights not verified
Non-Venomous/Indian Rock Python/hqdefault_002.jpg,True,,False,480,360,1.333333,RGB,JPEG,26298,PROVENANCE_REVIEW,source provenance and training reuse rights not verified
Non-Venomous/Indian Rock Python/hqdefault_004.jpg,True,,False,480,360,1.333333,RGB,JPEG,20679,PROVENANCE_REVIEW,source provenance and training reuse rights not verified
Non-Venomous/Indian Rock Python/hqdefault_006.jpg,True,,False,480,360,1.333333,RGB,JPEG,13634,PROVENANCE_REVIEW,source provenance and training reuse rights not verified
Non-Venomous/Indian Rock Python/hqdefault_007.jpg,True,,False,480,360,1.333333,RGB,JPEG,24981,PROVENANCE_REVIEW,source provenance and training reuse rights not verified
Non-Venomous/Indian Rock Python/Image003.jpg,True,,False,380,285,1.333333,RGB,JPEG,45496,PROVENANCE_REVIEW,source provenance and training reuse rights not verified
Non-Venomous/Indian Rock Python/Image010.jpg,True,,False,380,285,1.333333,RGB,JPEG,39324,PROVENANCE_REVIEW,source provenance and training reuse rights not verified
Non-Venomous/Indian Rock Python/image[1].jpg,True,,False,1295,967,1.339193,RGB,JPEG,162818,PROVENANCE_REVIEW,source provenance and training reuse rights not verified
Non-Venomous/Indian Rock Python/img58.jpg,True,,False,1024,683,1.499268,RGB,JPEG,852073,PROVENANCE_REVIEW,source provenance and training reuse rights not verified
Non-Venomous/Indian Rock Python/IMG_0057.jpg,True,,False,640,426,1.502347,RGB,JPEG,234505,PROVENANCE_REVIEW,source provenance and training reuse rights not verified
Non-Venomous/Indian Rock Python/Indian rock python imprisoned in Gujarat after it swallows blue bull.jpg,True,,False,626,336,1.863095,RGB,JPEG,43330,PROVENANCE_REVIEW,source provenance and training reuse rights not verified
Non-Venomous/Indian Rock Python/Indian Rock Python.jpg,True,,False,240,320,0.75,RGB,JPEG,48016,PROVENANCE_REVIEW,source provenance and training reuse rights not verified
Non-Venomous/Indian Rock Python/Indian Rock Python.preview.jpg,True,,False,640,426,1.502347,RGB,JPEG,123342,PROVENANCE_REVIEW,source provenance and training reuse rights not verified
Non-Venomous/Indian Rock Python/Indian Rock Python_001.jpg,True,,False,259,194,1.335052,RGB,JPEG,16251,PROVENANCE_REVIEW,source provenance and training reuse rights not verified
Non-Venomous/Indian Rock Python/indian-python-python-molurus-adult-on-rock-gdcc2f.jpg,True,,False,450,316,1.424051,RGB,JPEG,45563,PROVENANCE_REVIEW,source provenance and training reuse rights not verified
Non-Venomous/Indian Rock Python/indian-rock-python-10073419.jpg,True,,False,800,533,1.500938,RGB,JPEG,43740,PROVENANCE_REVIEW,source provenance and training reuse rights not verified
Non-Venomous/Indian Rock Python/Indian-Rock-Python-9884.jpg,True,,False,312,250,1.248,RGB,JPEG,100750,PROVENANCE_REVIEW,source provenance and training reuse rights not verified
Non-Venomous/Indian Rock Python/indian-rock-python-BINNS-IMG_9026-copy.jpg,True,,False,600,404,1.485149,RGB,JPEG,239757,PROVENANCE_REVIEW,source provenance and training reuse rights not verified
Non-Venomous/Indian Rock Python/Indian-Rock-Python-by-Keih-Valentine.jpg,True,,False,1200,800,1.5,RGB,JPEG,247218,PROVENANCE_REVIEW,source provenance and training reuse rights not verified
Non-Venomous/Indian Rock Python/indian-rock-python-closeup-canon-d-f-iso-mmnnindian-sighted-forest-floor-western-ghats-india-n-47751635.jpg,True,,False,1300,957,1.358412,RGB,JPEG,213114,PROVENANCE_REVIEW,source provenance and training reuse rights not verified
Non-Venomous/Indian Rock Python/indian-rock-python-habitat-canon-d-f-iso-mmnnindian-sighted-forest-floor-western-ghats-india-n-47751466.jpg,True,,False,800,533,1.500938,RGB,JPEG,104360,PROVENANCE_REVIEW,source provenance and training reuse rights not verified
Non-Venomous/Indian Rock Python/indian-rock-python-in-ranthambhore-tiger-reserve-en8p6y.jpg,True,,False,640,446,1.434978,RGB,JPEG,86424,PROVENANCE_REVIEW,source provenance and training reuse rights not verified
Non-Venomous/Indian Rock Python/indian-rock-python-in-ranthambhore-tiger-reserve-en8p71.jpg,True,,False,640,446,1.434978,RGB,JPEG,94922,PROVENANCE_REVIEW,source provenance and training reuse rights not verified
Non-Venomous/Indian Rock Python/indian-rock-python-in-western-ghats-awd4p9.jpg,True,,False,450,315,1.428571,RGB,JPEG,54452,PROVENANCE_REVIEW,source provenance and training reuse rights not verified
Non-Venomous/Indian Rock Python/indian-rock-python-in-western-ghats-awd4pc.jpg,True,,False,450,311,1.446945,RGB,JPEG,55912,PROVENANCE_REVIEW,source provenance and training reuse rights not verified
Non-Venomous/Indian Rock Python/indian-rock-python-in-western-ghats-AWD4PE.jpg,True,,False,1300,947,1.372756,RGB,JPEG,213232,PROVENANCE_REVIEW,source provenance and training reuse rights not verified
Non-Venomous/Indian Rock Python/indian-rock-python-in-western-ghats-awd4r9.jpg,True,,False,450,314,1.433121,RGB,JPEG,85933,PROVENANCE_REVIEW,source provenance and training reuse rights not verified
Non-Venomous/Indian Rock Python/indian-rock-python-in-western-ghats-AWD4T0.jpg,True,,False,1300,936,1.388889,RGB,JPEG,177753,PROVENANCE_REVIEW,source provenance and training reuse rights not verified
Non-Venomous/Indian Rock Python/indian-rock-python-in-western-ghats-awd4t4.jpg,True,,False,450,314,1.433121,RGB,JPEG,72260,PROVENANCE_REVIEW,source provenance and training reuse rights not verified
Non-Venomous/Indian Rock Python/Indian-Rock-Python-Langur-kill-1.jpg,True,,False,1024,682,1.501466,RGB,JPEG,320658,PROVENANCE_REVIEW,source provenance and training reuse rights not verified
Non-Venomous/Indian Rock Python/Indian-Rock-Python-Langur-kill-2.jpg,True,,False,1024,683,1.499268,RGB,JPEG,323200,PROVENANCE_REVIEW,source provenance and training reuse rights not verified
Non-Venomous/Indian Rock Python/Indian-Rock-Python-Langur-kill-3.jpg,True,,False,1024,683,1.499268,RGB,JPEG,377643,PROVENANCE_REVIEW,source provenance and training reuse rights not verified
Non-Venomous/Indian Rock Python/Indian-Rock-Python-Langur-kill-4.jpg,True,,False,1024,683,1.499268,RGB,JPEG,339041,PROVENANCE_REVIEW,source provenance and training reuse rights not verified
Non-Venomous/Indian Rock Python/Indian-Rock-Python-Langur-kill-5.jpg,True,,False,1024,683,1.499268,RGB,JPEG,343366,PROVENANCE_REVIEW,source provenance and training reuse rights not verified
Non-Venomous/Indian Rock Python/indian-rock-python-on-the-road--nagarhole.jpg,True,,False,800,600,1.333333,RGB,JPEG,148369,PROVENANCE_REVIEW,source provenance and training reuse rights not verified
Non-Venomous/Indian Rock Python/indian-rock-python-or-indian-python-python-molurus-in-ranthambhore-FXYGTF.jpg,True,,False,1300,804,1.616915,RGB,JPEG,192402,PROVENANCE_REVIEW,source provenance and training reuse rights not verified
Non-Venomous/Indian Rock Python/indian-rock-python-python-molurus-aarey-milk-colony-india-J21E53.jpg,True,,False,1300,956,1.359833,RGB,JPEG,263541,PROVENANCE_REVIEW,source provenance and training reuse rights not verified
Non-Venomous/Indian Rock Python/indian-rock-python-python-molurus-aarey-milk-colony-india-j21e53_001.jpg,True,,False,450,320,1.40625,RGB,JPEG,40317,PROVENANCE_REVIEW,source provenance and training reuse rights not verified
Non-Venomous/Indian Rock Python/indian-rock-python-python-molurus-aka-indian-python-rock-python-black-F2JD6R.jpg,True,,False,1300,956,1.359833,RGB,JPEG,294613,PROVENANCE_REVIEW,source provenance and training reuse rights not verified
Non-Venomous/Indian Rock Python/indian-rock-python-python-molurus-barnawapara-wls-chhattisgarh-hnwtn1.jpg,True,,False,450,320,1.40625,RGB,JPEG,53930,PROVENANCE_REVIEW,source provenance and training reuse rights not verified
Non-Venomous/Indian Rock Python/indian-rock-python-python-molurus-molurus-from-maharashtra-india-H9ET4W.jpg,True,,False,1300,961,1.352758,RGB,JPEG,210013,PROVENANCE_REVIEW,source provenance and training reuse rights not verified
Non-Venomous/Indian Rock Python/indian-rock-python-python-molurus-molurus-non-venomous-rare-C691AR.jpg,True,,False,1300,956,1.359833,RGB,JPEG,355051,PROVENANCE_REVIEW,source provenance and training reuse rights not verified
Non-Venomous/Indian Rock Python/indian-rock-python-python-molurus-molurus-non-venomous-rare-called-B325DN.jpg,True,,False,1300,956,1.359833,RGB,JPEG,318008,PROVENANCE_REVIEW,source provenance and training reuse rights not verified
Non-Venomous/Indian Rock Python/indian-rock-python-python-molurus-molurus-non-venomous-rare-called-B325FG.jpg,True,,False,1300,956,1.359833,RGB,JPEG,270843,PROVENANCE_REVIEW,source provenance and training reuse rights not verified
Non-Venomous/Indian Rock Python/indian-rock-python-python-molurus-molurus-non-venomous-rare-kanha-BN1N7E.jpg,True,,False,1300,960,1.354167,RGB,JPEG,371849,PROVENANCE_REVIEW,source provenance and training reuse rights not verified
Non-Venomous/Indian Rock Python/indian-rock-python-python-molurus-molurus-non-venomous-rare-katraj-A0BD86.jpg,True,,False,1300,964,1.348548,RGB,JPEG,233372,PROVENANCE_REVIEW,source provenance and training reuse rights not verified
Non-Venomous/Indian Rock Python/indian-rock-python-python-molurus-molurus-non-venomous-rare-panvel-B8718K.jpg,True,,False,1300,956,1.359833,RGB,JPEG,256515,PROVENANCE_REVIEW,source provenance and training reuse rights not verified
Non-Venomous/Indian Rock Python/indian-rock-python-with-a-full-belly-in-a-stream-in-ranthambhore-tiger-D2H4CR.jpg,True,,False,865,1390,0.622302,RGB,JPEG,151102,PROVENANCE_REVIEW,source provenance and training reuse rights not verified
Non-Venomous/Indian Rock Python/Indian-Rock-Python.jpg,True,,False,640,480,1.333333,RGB,JPEG,235093,PROVENANCE_REVIEW,source provenance and training reuse rights not verified
Non-Venomous/Indian Rock Python/Indian-Rock-Python_001.jpg,True,,False,932,451,2.066519,RGB,JPEG,173528,PROVENANCE_REVIEW,source provenance and training reuse rights not verified
Non-Venomous/Indian Rock Python/indian-rock-python_002.jpg,True,,False,550,367,1.498638,RGB,JPEG,47788,PROVENANCE_REVIEW,source provenance and training reuse rights not verified
Non-Venomous/Indian Rock Python/indian-rock-python_003.jpg,True,,False,1600,1163,1.375752,RGB,JPEG,1330077,PROVENANCE_REVIEW,source provenance and training reuse rights not verified
Non-Venomous/Indian Rock Python/indian-rock-python_1030440_DH.jpg,True,,False,400,533,0.750469,RGB,JPEG,79812,PROVENANCE_REVIEW,source provenance and training reuse rights not verified
Non-Venomous/Indian Rock Python/indian_python_2011.jpg,True,,False,555,305,1.819672,RGB,JPEG,69975,PROVENANCE_REVIEW,source provenance and training reuse rights not verified
Non-Venomous/Indian Rock Python/Indian_rock_python.jpg,True,,False,4608,3072,1.5,RGB,JPEG,6892051,PROVENANCE_REVIEW,source provenance and training reuse rights not verified
Non-Venomous/Indian Rock Python/Indian_Rock_Python_(_P_molurus)_rolled_up_into_a_ball.JPG,True,,False,3648,2736,1.333333,RGB,JPEG,847932,PROVENANCE_REVIEW,source provenance and training reuse rights not verified
Non-Venomous/Indian Rock Python/Indian_rock_python_(Python_molurus)_at_mysore_zoo.jpg,True,,False,1024,494,2.072874,RGB,JPEG,360420,PROVENANCE_REVIEW,source provenance and training reuse rights not verified
Non-Venomous/Indian Rock Python/Indian_rock_python_from_Nehru_Zoological_park_Hyderabad_4428.JPG,True,,False,2592,1440,1.8,RGB,JPEG,886869,PROVENANCE_REVIEW,source provenance and training reuse rights not verified
Non-Venomous/Indian Rock Python/Indian_rock_python_from_Nehru_Zoological_park_Hyderabad_4430.JPG,True,,False,2592,1440,1.8,RGB,JPEG,897302,PROVENANCE_REVIEW,source provenance and training reuse rights not verified
Non-Venomous/Indian Rock Python/Indian_rock_python_pratik_dahod.JPG,True,,False,2305,1534,1.502608,RGB,JPEG,585920,PROVENANCE_REVIEW,source provenance and training reuse rights not verified
Non-Venomous/Indian Rock Python/indian_rock_python_pt4_by_sameerprehistorica-d5tsv6y.jpg,True,,False,1024,768,1.333333,RGB,JPEG,160124,PROVENANCE_REVIEW,source provenance and training reuse rights not verified
Non-Venomous/Indian Rock Python/indian_rockey_python.jpg,True,,False,899,600,1.498333,RGB,JPEG,287622,PROVENANCE_REVIEW,source provenance and training reuse rights not verified
Non-Venomous/Indian Rock Python/indianrockpython.jpg,True,,False,621,463,1.341253,RGB,JPEG,110059,PROVENANCE_REVIEW,source provenance and training reuse rights not verified
Non-Venomous/Indian Rock Python/indianrockpython_001.jpg,True,,False,480,336,1.428571,RGB,JPEG,28806,PROVENANCE_REVIEW,source provenance and training reuse rights not verified
Non-Venomous/Indian Rock Python/indpython1l.jpg,True,,False,600,400,1.5,RGB,JPEG,59960,PROVENANCE_REVIEW,source provenance and training reuse rights not verified
Non-Venomous/Indian Rock Python/indpython2l.jpg,True,,False,600,424,1.415094,RGB,JPEG,49237,PROVENANCE_REVIEW,source provenance and training reuse rights not verified
Non-Venomous/Indian Rock Python/Juvenile_Indian_Rock_Python_(_P_molurus)_in_a_pensive_moment.JPG,True,,False,3648,2736,1.333333,RGB,JPEG,854925,PROVENANCE_REVIEW,source provenance and training reuse rights not verified
Non-Venomous/Indian Rock Python/Juvenilke_Indian_Rock_Python_(_P_molurus)_in_my_palm.JPG,True,,False,3648,2736,1.333333,RGB,JPEG,1110463,PROVENANCE_REVIEW,source provenance and training reuse rights not verified
Non-Venomous/Indian Rock Python/kaa.jpg,True,,False,770,513,1.500975,RGB,JPEG,169589,PROVENANCE_REVIEW,source provenance and training reuse rights not verified
Non-Venomous/Indian Rock Python/Keoladeo 1587 Indian rock python.JPG,True,,False,800,600,1.333333,RGB,JPEG,176214,PROVENANCE_REVIEW,source provenance and training reuse rights not verified
Non-Venomous/Indian Rock Python/maa-60451-reptiles-python-indian-rock-python-molurus-snake-on-tree-BFNR5E.jpg,True,,False,854,1390,0.614388,RGB,JPEG,230071,PROVENANCE_REVIEW,source provenance and training reuse rights not verified
Non-Venomous/Indian Rock Python/maxresdefault.jpg,True,,False,1280,720,1.777778,RGB,JPEG,87201,PROVENANCE_REVIEW,source provenance and training reuse rights not verified
Non-Venomous/Indian Rock Python/maxresdefault_001.jpg,True,,False,1280,720,1.777778,RGB,JPEG,79118,PROVENANCE_REVIEW,source provenance and training reuse rights not verified
Non-Venomous/Indian Rock Python/maxresdefault_002.jpg,True,,False,1920,1080,1.777778,RGB,JPEG,174772,PROVENANCE_REVIEW,source provenance and training reuse rights not verified
Non-Venomous/Indian Rock Python/maxresdefault_003.jpg,True,,False,1920,1080,1.777778,RGB,JPEG,297416,PROVENANCE_REVIEW,source provenance and training reuse rights not verified
Non-Venomous/Indian Rock Python/maxresdefault_004.jpg,True,,False,2567,1005,2.554229,RGB,JPEG,458800,PROVENANCE_REVIEW,source provenance and training reuse rights not verified
Non-Venomous/Indian Rock Python/maxresdefault_006.jpg,True,,False,1280,720,1.777778,RGB,JPEG,95982,PROVENANCE_REVIEW,source provenance and training reuse rights not verified
Non-Venomous/Indian Rock Python/maxresdefault_007.jpg,True,,False,1280,720,1.777778,RGB,JPEG,165456,PROVENANCE_REVIEW,source provenance and training reuse rights not verified
Non-Venomous/Indian Rock Python/maxresdefault_008.jpg,True,,False,1280,720,1.777778,RGB,JPEG,77273,PROVENANCE_REVIEW,source provenance and training reuse rights not verified
Non-Venomous/Indian Rock Python/maxresdefault_010.jpg,True,,False,1280,720,1.777778,RGB,JPEG,55503,PROVENANCE_REVIEW,source provenance and training reuse rights not verified
Non-Venomous/Indian Rock Python/p12.jpg,True,,False,640,503,1.272366,RGB,JPEG,166836,PROVENANCE_REVIEW,source provenance and training reuse rights not verified
Non-Venomous/Indian Rock Python/pmolurus209.jpg,True,,False,900,600,1.5,RGB,JPEG,159575,PROVENANCE_REVIEW,source provenance and training reuse rights not verified
Non-Venomous/Indian Rock Python/pmolurus2092.jpg,True,,False,900,600,1.5,RGB,JPEG,124007,PROVENANCE_REVIEW,source provenance and training reuse rights not verified
Non-Venomous/Indian Rock Python/Pratik_jain_dahod_python.JPG,True,,False,1200,803,1.494396,RGB,JPEG,211019,PROVENANCE_REVIEW,source provenance and training reuse rights not verified
Non-Venomous/Indian Rock Python/Python  molurus2.jpg,True,,False,1400,846,1.654846,RGB,JPEG,569783,PROVENANCE_REVIEW,source provenance and training reuse rights not verified
Non-Venomous/Indian Rock Python/Python  molurus3.jpg,True,,False,1400,846,1.654846,RGB,JPEG,1462722,PROVENANCE_REVIEW,source provenance and training reuse rights not verified
Non-Venomous/Indian Rock Python/Python  molurus4.jpg,True,,False,1400,846,1.654846,RGB,JPEG,618365,PROVENANCE_REVIEW,source provenance and training reuse rights not verified
Non-Venomous/Indian Rock Python/python-generic_650x400_81472483726.jpg,True,,False,650,400,1.625,RGB,JPEG,39015,PROVENANCE_REVIEW,source provenance and training reuse rights not verified
Non-Venomous/Indian Rock Python/python1.jpg,True,,False,510,431,1.183295,RGB,JPEG,113763,PROVENANCE_REVIEW,source provenance and training reuse rights not verified
Non-Venomous/Indian Rock Python/python10l.jpg,True,,False,600,400,1.5,RGB,JPEG,51923,PROVENANCE_REVIEW,source provenance and training reuse rights not verified
Non-Venomous/Indian Rock Python/python_big_12.jpg,True,,False,666,338,1.970414,RGB,JPEG,235376,PROVENANCE_REVIEW,source provenance and training reuse rights not verified
Non-Venomous/Indian Rock Python/python_molurus_1.jpg,True,,False,640,395,1.620253,RGB,JPEG,57075,PROVENANCE_REVIEW,source provenance and training reuse rights not verified
Non-Venomous/Indian Rock Python/rivertern.3.jpg,True,,False,526,392,1.341837,RGB,JPEG,80672,PROVENANCE_REVIEW,source provenance and training reuse rights not verified
Non-Venomous/Indian Rock Python/rock-python-sun-basking-indian-forest-41115121.jpg,True,,False,222,160,1.3875,RGB,JPEG,18151,PROVENANCE_REVIEW,source provenance and training reuse rights not verified
Non-Venomous/Indian Rock Python/rock_python.jpg,True,,False,800,546,1.465201,RGB,JPEG,156339,PROVENANCE_REVIEW,source provenance and training reuse rights not verified
Non-Venomous/Indian Rock Python/RockPython0.png,True,,False,240,320,0.75,RGB,PNG,166875,PROVENANCE_REVIEW,source provenance and training reuse rights not verified
Non-Venomous/Indian Rock Python/SachinRockPython.jpg,True,,False,1216,815,1.492025,RGB,JPEG,345195,PROVENANCE_REVIEW,source provenance and training reuse rights not verified
Non-Venomous/Indian Rock Python/stock-photo-detail-of-the-head-of-a-indian-rock-python-python-molurus-426925648.jpg,True,,False,450,320,1.40625,RGB,JPEG,28687,PROVENANCE_REVIEW,source provenance and training reuse rights not verified
Non-Venomous/Indian Rock Python/stock-photo-indian-rock-python-python-molurus-isolated-on-white-background-33295459.jpg,True,,False,1500,1101,1.362398,RGB,JPEG,487017,PROVENANCE_REVIEW,source provenance and training reuse rights not verified
Non-Venomous/Indian Rock Python/stock-photo-snake-named-indian-python-in-a-tree-seen-in-india-354574682.jpg,True,,False,450,346,1.300578,RGB,JPEG,82413,PROVENANCE_REVIEW,source provenance and training reuse rights not verified
Non-Venomous/Indian Rock Python/tumblr_mjkqc0Rogs1qhb1elo1_500.jpg,True,,False,500,667,0.749625,RGB,PNG,668997,PROVENANCE_REVIEW,source provenance and training reuse rights not verified
Non-Venomous/Indian Rock Python/udaipurtimes-6_1437804595.jpg,True,,False,600,325,1.846154,RGB,JPEG,211408,PROVENANCE_REVIEW,source provenance and training reuse rights not verified
Non-Venomous/Indian Rock Python/y3ofIndian Rock Python.jpg,True,,False,500,594,0.841751,RGB,JPEG,113857,PROVENANCE_REVIEW,source provenance and training reuse rights not verified
Venomous/Common Krait/0045.jpeg,True,,False,683,512,1.333984,RGB,JPEG,101625,PROVENANCE_REVIEW,source provenance and training reuse rights not verified
Venomous/Common Krait/01DSC_6599.JPG,True,,False,1600,915,1.748634,RGB,JPEG,278175,PROVENANCE_REVIEW,source provenance and training reuse rights not verified
Venomous/Common Krait/02tvCommon_Krait__S_824501g.jpg,True,,False,630,420,1.5,RGB,JPEG,71656,PROVENANCE_REVIEW,source provenance and training reuse rights not verified
Venomous/Common Krait/03000026775_01_f.jpg,True,,False,1024,768,1.333333,RGB,JPEG,129402,PROVENANCE_REVIEW,source provenance and training reuse rights not verified
Venomous/Common Krait/0353.jpeg,True,,False,960,684,1.403509,RGB,JPEG,246576,PROVENANCE_REVIEW,source provenance and training reuse rights not verified
Venomous/Common Krait/04337e4f3fda41e8d0d3121f8dc3cd8f--colorful-snakes-reptiles.jpg,True,,False,236,177,1.333333,RGB,JPEG,13362,PROVENANCE_REVIEW,source provenance and training reuse rights not verified
Venomous/Common Krait/0836.jpeg,True,,False,432,288,1.5,RGB,JPEG,110306,PROVENANCE_REVIEW,source provenance and training reuse rights not verified
Venomous/Common Krait/1-Common-Indian-Krait-Bungarus-Caeruleus.jpg,True,,False,512,342,1.497076,RGB,JPEG,82499,PROVENANCE_REVIEW,source provenance and training reuse rights not verified
Venomous/Common Krait/1143.jpeg,True,,False,800,600,1.333333,RGB,JPEG,120418,PROVENANCE_REVIEW,source provenance and training reuse rights not verified
Venomous/Common Krait/12382341385_f5af5fc558_b.jpg,True,,False,1024,372,2.752688,RGB,JPEG,156267,PROVENANCE_REVIEW,source provenance and training reuse rights not verified
Venomous/Common Krait/12387351175_937273a2dd_b.jpg,True,,False,1024,993,1.031219,RGB,JPEG,232810,PROVENANCE_REVIEW,source provenance and training reuse rights not verified
Venomous/Common Krait/12474945055_9b6d772f9d_b.jpg,True,,False,1024,498,2.056225,RGB,JPEG,211655,PROVENANCE_REVIEW,source provenance and training reuse rights not verified
Venomous/Common Krait/12474950295_b152cf0527_b.jpg,True,,False,1024,527,1.943074,RGB,JPEG,148203,PROVENANCE_REVIEW,source provenance and training reuse rights not verified
Venomous/Common Krait/12475101553_432da47bde_b.jpg,True,,False,1024,662,1.546828,RGB,JPEG,379470,PROVENANCE_REVIEW,source provenance and training reuse rights not verified
Venomous/Common Krait/1438850347common krait 2.jpg,True,,False,600,469,1.279318,RGB,JPEG,66114,PROVENANCE_REVIEW,source provenance and training reuse rights not verified
Venomous/Common Krait/1438850347IMG_1543.jpg,True,,False,600,337,1.780415,RGB,JPEG,82174,PROVENANCE_REVIEW,source provenance and training reuse rights not verified
Venomous/Common Krait/1438850349IMG_7477.JPG,True,,False,600,450,1.333333,RGB,JPEG,57886,PROVENANCE_REVIEW,source provenance and training reuse rights not verified
Venomous/Common Krait/14726606771_f1dda9c3b9_b.jpg,True,,False,1024,671,1.52608,RGB,JPEG,482248,PROVENANCE_REVIEW,source provenance and training reuse rights not verified
Venomous/Common Krait/18.jpg,True,,False,320,240,1.333333,RGB,JPEG,29419,PROVENANCE_REVIEW,source provenance and training reuse rights not verified
Venomous/Common Krait/2056.jpeg,True,,False,750,500,1.5,RGB,JPEG,154141,PROVENANCE_REVIEW,source provenance and training reuse rights not verified
Venomous/Common Krait/247313107_37c9b05a88.jpg,True,,False,500,333,1.501502,RGB,JPEG,56591,PROVENANCE_REVIEW,source provenance and training reuse rights not verified
Venomous/Common Krait/2816621425_c2ac28297a_b.jpg,True,,False,685,1024,0.668945,RGB,JPEG,381079,PROVENANCE_REVIEW,source provenance and training reuse rights not verified
Venomous/Common Krait/2848633061_422445e453_o.jpg,True,,False,500,417,1.199041,RGB,JPEG,91171,PROVENANCE_REVIEW,source provenance and training reuse rights not verified
Venomous/Common Krait/3-Common-Indian-Krait-Bungarus-Caeruleus.jpg,True,,False,341,512,0.666016,RGB,JPEG,90681,PROVENANCE_REVIEW,source provenance and training reuse rights not verified
Venomous/Common Krait/39e574b4966c870035f7e3c9378379b2.jpg,True,,False,1024,768,1.333333,RGB,JPEG,137210,PROVENANCE_REVIEW,source provenance and training reuse rights not verified
Venomous/Common Krait/4-Common-Indian-Krait-Bungarus-Caeruleus.jpg,True,,False,512,342,1.497076,RGB,JPEG,101350,PROVENANCE_REVIEW,source provenance and training reuse rights not verified
Venomous/Common Krait/4398279168_d4b46620ed.jpg,True,,False,500,340,1.470588,RGB,JPEG,204215,PROVENANCE_REVIEW,source provenance and training reuse rights not verified
Venomous/Common Krait/5-Common-Indian-Krait-Bungarus-Caeruleus.jpg,True,,False,512,342,1.497076,RGB,JPEG,39115,PROVENANCE_REVIEW,source provenance and training reuse rights not verified
Venomous/Common Krait/52798683.jpg,True,,False,400,258,1.550388,RGB,JPEG,9306,PROVENANCE_REVIEW,source provenance and training reuse rights not verified
Venomous/Common Krait/53616048.jpg,True,,False,400,282,1.41844,RGB,JPEG,16799,PROVENANCE_REVIEW,source provenance and training reuse rights not verified
Venomous/Common Krait/5556305440_f559fddd5f.jpg,True,,False,500,422,1.184834,RGB,JPEG,138770,PROVENANCE_REVIEW,source provenance and training reuse rights not verified
Venomous/Common Krait/5556315470_b7b39fec3d.jpg,True,,False,500,476,1.05042,RGB,JPEG,209886,PROVENANCE_REVIEW,source provenance and training reuse rights not verified
Venomous/Common Krait/5556319714_5d0d0b919c.jpg,True,,False,500,212,2.358491,RGB,JPEG,79640,PROVENANCE_REVIEW,source provenance and training reuse rights not verified
Venomous/Common Krait/571f66bd60128.jpg,True,,False,1080,720,1.5,RGB,JPEG,331552,PROVENANCE_REVIEW,source provenance and training reuse rights not verified
Venomous/Common Krait/6674918465_fe1d46c3ab_b.jpg,True,,False,1024,576,1.777778,RGB,JPEG,267994,PROVENANCE_REVIEW,source provenance and training reuse rights not verified
Venomous/Common Krait/6O4A4560.jpg,True,,False,4055,2703,1.500185,RGB,JPEG,895828,PROVENANCE_REVIEW,source provenance and training reuse rights not verified
Venomous/Common Krait/7-Common-Indian-Krait-Bungarus-Caeruleus.jpg,True,,False,400,267,1.498127,RGB,JPEG,27185,PROVENANCE_REVIEW,source provenance and training reuse rights not verified
Venomous/Common Krait/7_jpegadad01e83bb98b57c221716c10d9414b.jpeg,True,,False,600,750,0.8,RGB,JPEG,197927,PROVENANCE_REVIEW,source provenance and training reuse rights not verified
Venomous/Common Krait/81cb1316d8bd6b5ec1dbf0e4d68cf367.jpg,True,,False,599,279,2.146953,RGB,JPEG,40261,PROVENANCE_REVIEW,source provenance and training reuse rights not verified
Venomous/Common Krait/8788959224dd91612cf7b5.jpg,True,,False,700,469,1.492537,RGB,JPEG,133040,PROVENANCE_REVIEW,source provenance and training reuse rights not verified
Venomous/Common Krait/_837b1414-50e6-11e6-8d8d-a42edc5c5383.JPG,True,,False,640,428,1.495327,RGB,JPEG,67882,PROVENANCE_REVIEW,source provenance and training reuse rights not verified
Venomous/Common Krait/_a0addf20-4e76-11e6-8d8d-a42edc5c5383.jpg,True,,False,640,468,1.367521,RGB,JPEG,93299,PROVENANCE_REVIEW,source provenance and training reuse rights not verified
Venomous/Common Krait/_D096405.jpg,True,,False,800,532,1.503759,RGB,JPEG,259444,PROVENANCE_REVIEW,source provenance and training reuse rights not verified
Venomous/Common Krait/_DSC0082.jpg,True,,False,1600,948,1.687764,RGB,JPEG,403747,PROVENANCE_REVIEW,source provenance and training reuse rights not verified
Venomous/Common Krait/afc3fbd1c45e1f79f26e6271444de28e.jpg,True,,False,220,147,1.496599,RGB,JPEG,14013,PROVENANCE_REVIEW,source provenance and training reuse rights not verified
Venomous/Common Krait/B_caeruleus_01-800x455.jpg,True,,False,800,455,1.758242,RGB,JPEG,247273,PROVENANCE_REVIEW,source provenance and training reuse rights not verified
Venomous/Common Krait/baby-krait.jpg,True,,False,1024,768,1.333333,RGB,JPEG,433519,PROVENANCE_REVIEW,source provenance and training reuse rights not verified
Venomous/Common Krait/banded krait 1.jpg,True,,False,386,255,1.513725,RGB,JPEG,109409,PROVENANCE_REVIEW,source provenance and training reuse rights not verified
Venomous/Common Krait/black-white-krait.jpg,True,,False,520,408,1.27451,RGB,JPEG,59205,PROVENANCE_REVIEW,source provenance and training reuse rights not verified
Venomous/Common Krait/blog krait.png,True,,False,500,300,1.666667,RGBA,PNG,338490,PROVENANCE_REVIEW,source provenance and training reuse rights not verified
Venomous/Common Krait/blog wolf.png,True,,False,500,300,1.666667,RGBA,PNG,337530,PROVENANCE_REVIEW,source provenance and training reuse rights not verified
Venomous/Common Krait/body.gif,True,,False,400,200,2.0,P,GIF,55080,PROVENANCE_REVIEW,source provenance and training reuse rights not verified
Venomous/Common Krait/Bridalsnake.jpg,True,,False,480,336,1.428571,RGB,JPEG,71183,PROVENANCE_REVIEW,source provenance and training reuse rights not verified
Venomous/Common Krait/Bungarus-caeruleus-03000022334_01.jpg,True,,False,560,373,1.50134,RGB,JPEG,62988,PROVENANCE_REVIEW,source provenance and training reuse rights not verified
Venomous/Common Krait/bungarus-caeruleus-common-krait-venomous-maharashtra-india-h9er12.jpg,True,,False,448,320,1.4,RGB,JPEG,46537,PROVENANCE_REVIEW,source provenance and training reuse rights not verified
Venomous/Common Krait/Bungarus_caerulus.jpg,True,,False,694,449,1.545657,RGB,JPEG,111289,PROVENANCE_REVIEW,source provenance and training reuse rights not verified
Venomous/Common Krait/CJSSKalach1.jpg,True,,False,500,286,1.748252,RGB,JPEG,152911,PROVENANCE_REVIEW,source provenance and training reuse rights not verified
Venomous/Common Krait/common krait 2.png,True,,False,320,273,1.172161,RGB,PNG,164417,PROVENANCE_REVIEW,source provenance and training reuse rights not verified
Venomous/Common Krait/common krait.jpg,True,,False,200,190,1.052632,RGB,JPEG,15830,PROVENANCE_REVIEW,source provenance and training reuse rights not verified
Venomous/Common Krait/common krait.png,True,,False,965,725,1.331034,RGB,PNG,1925400,PROVENANCE_REVIEW,source provenance and training reuse rights not verified
Venomous/Common Krait/Common krait_001.jpg,True,,False,1152,679,1.696613,RGB,JPEG,323585,PROVENANCE_REVIEW,source provenance and training reuse rights not verified
Venomous/Common Krait/Common+krait+(tp)+copy.jpg,True,,False,258,400,0.645,RGB,JPEG,43295,PROVENANCE_REVIEW,source provenance and training reuse rights not verified
Venomous/Common Krait/Common-Indian-krait-close-up.jpg,True,,False,650,438,1.484018,RGB,JPEG,55414,PROVENANCE_REVIEW,source provenance and training reuse rights not verified
Venomous/Common Krait/Common-Indian-krait-on-ground.jpg,True,,False,650,448,1.450893,RGB,JPEG,87538,PROVENANCE_REVIEW,source provenance and training reuse rights not verified
Venomous/Common Krait/Common-Indian-krait-on-leaf-litter.jpg,True,,False,220,146,1.506849,RGB,JPEG,14305,PROVENANCE_REVIEW,source provenance and training reuse rights not verified
Venomous/Common Krait/Common-Indian-krait-on-sand.jpg,True,,False,650,443,1.467269,RGB,JPEG,124579,PROVENANCE_REVIEW,source provenance and training reuse rights not verified
Venomous/Common Krait/Common-Indian-krait.jpg,True,,False,650,433,1.501155,RGB,JPEG,101183,PROVENANCE_REVIEW,source provenance and training reuse rights not verified
Venomous/Common Krait/Common-Indian-krait_001.jpg,True,,False,650,433,1.501155,RGB,JPEG,114106,PROVENANCE_REVIEW,source provenance and training reuse rights not verified
Venomous/Common Krait/common-krait-1.jpg,True,,False,600,275,2.181818,RGB,JPEG,28991,PROVENANCE_REVIEW,source provenance and training reuse rights not verified
Venomous/Common Krait/Common-Krait-e1463061354216.jpg,True,,False,650,602,1.079734,RGB,JPEG,151844,PROVENANCE_REVIEW,source provenance and training reuse rights not verified
Venomous/Common Krait/common-krait-final.jpg,True,,False,3888,2592,1.5,RGB,JPEG,5759826,PROVENANCE_REVIEW,source provenance and training reuse rights not verified
Venomous/Common Krait/common-krait-in-latrine-pan.jpg,True,,False,800,600,1.333333,RGB,JPEG,48484,PROVENANCE_REVIEW,source provenance and training reuse rights not verified
Venomous/Common Krait/Common-Krait-most-dangerous-snake-in-the-world-125x125.jpg,True,,False,125,125,1.0,RGB,JPEG,10887,PROVENANCE_REVIEW,source provenance and training reuse rights not verified
Venomous/Common Krait/common-krait-snake.png,True,,False,1024,480,2.133333,RGBA,PNG,1407714,PROVENANCE_REVIEW,source provenance and training reuse rights not verified
Venomous/Common Krait/common-krait-snake_1500128186.jpeg,True,,False,337,156,2.160256,RGB,JPEG,15320,PROVENANCE_REVIEW,source provenance and training reuse rights not verified
Venomous/Common Krait/common-krait.jpg,True,,False,415,218,1.90367,RGB,JPEG,39532,PROVENANCE_REVIEW,source provenance and training reuse rights not verified
Venomous/Common Krait/Common-Krait_001.jpg,True,,False,500,350,1.428571,RGB,JPEG,104128,PROVENANCE_REVIEW,source provenance and training reuse rights not verified
Venomous/Common Krait/Common-Krait_002.jpg,True,,False,337,225,1.497778,RGB,JPEG,50144,PROVENANCE_REVIEW,source provenance and training reuse rights not verified
Venomous/Common Krait/common-krait_004.jpg,True,,False,415,455,0.912088,RGB,JPEG,55192,PROVENANCE_REVIEW,source provenance and training reuse rights not verified
Venomous/Common Krait/common-krait_005.jpg,True,,False,1000,708,1.412429,RGB,JPEG,512534,PROVENANCE_REVIEW,source provenance and training reuse rights not verified
Venomous/Common Krait/common-krait_006.jpg,True,,False,600,450,1.333333,RGB,JPEG,30660,PROVENANCE_REVIEW,source provenance and training reuse rights not verified
Venomous/Common Krait/common-krait_007.jpg,True,,False,1000,496,2.016129,RGB,JPEG,422164,PROVENANCE_REVIEW,source provenance and training reuse rights not verified
Venomous/Common Krait/common-krait_008.jpg,True,,False,252,202,1.247525,RGB,JPEG,13316,PROVENANCE_REVIEW,source provenance and training reuse rights not verified
Venomous/Common Krait/Common-Krait_010.jpg,True,,False,500,400,1.25,RGB,JPEG,71296,PROVENANCE_REVIEW,source provenance and training reuse rights not verified
Venomous/Common Krait/COMMON-KRAIT_011.jpg,True,,False,710,349,2.034384,RGB,JPEG,102835,PROVENANCE_REVIEW,source provenance and training reuse rights not verified
Venomous/Common Krait/Common_Krait(Bungarus_Caeruleus)_in_Parassinikadavu_Snake_Park.jpg,True,,False,4000,3000,1.333333,RGB,JPEG,3238672,PROVENANCE_REVIEW,source provenance and training reuse rights not verified
Venomous/Common Krait/common_krait-bungarus_caeruleus.jpg,True,,False,970,250,3.88,RGB,JPEG,54980,PROVENANCE_REVIEW,source provenance and training reuse rights not verified
Venomous/Common Krait/common_krait.jpg,True,,False,494,347,1.423631,RGB,JPEG,145953,PROVENANCE_REVIEW,source provenance and training reuse rights not verified
Venomous/Common Krait/COMMONKRAIT-medium-init-.jpg,True,,False,200,166,1.204819,RGB,JPEG,21204,PROVENANCE_REVIEW,source provenance and training reuse rights not verified
Venomous/Common Krait/Commonkrait.jpg,True,,False,320,184,1.73913,RGB,JPEG,27857,PROVENANCE_REVIEW,source provenance and training reuse rights not verified
Venomous/Common Krait/DSC09751.JPG,True,,False,253,421,0.60095,RGB,JPEG,27304,PROVENANCE_REVIEW,source provenance and training reuse rights not verified
Venomous/Common Krait/DSC_0019_0.jpg,True,,False,3008,2000,1.504,RGB,JPEG,3857996,PROVENANCE_REVIEW,source provenance and training reuse rights not verified
Venomous/Common Krait/hqdefault.jpg,True,,False,480,360,1.333333,RGB,JPEG,44938,PROVENANCE_REVIEW,source provenance and training reuse rights not verified
Venomous/Common Krait/hqdefault_003.jpg,True,,False,480,360,1.333333,RGB,JPEG,14777,PROVENANCE_REVIEW,source provenance and training reuse rights not verified
Venomous/Common Krait/hqdefault_007.jpg,True,,False,480,360,1.333333,RGB,JPEG,14300,PROVENANCE_REVIEW,source provenance and training reuse rights not verified
Venomous/Common Krait/hqdefault_009.jpg,True,,False,480,360,1.333333,RGB,JPEG,38088,PROVENANCE_REVIEW,source provenance and training reuse rights not verified
Venomous/Common Krait/hqdefault_010.jpg,True,,False,480,360,1.333333,RGB,JPEG,26798,PROVENANCE_REVIEW,source provenance and training reuse rights not verified
Venomous/Common Krait/image002.jpg,True,,False,396,255,1.552941,RGB,JPEG,30449,PROVENANCE_REVIEW,source provenance and training reuse rights not verified
Venomous/Common Krait/image304.jpg,True,,False,366,274,1.335766,RGB,JPEG,19362,PROVENANCE_REVIEW,source provenance and training reuse rights not verified
Venomous/Common Krait/IMG_0010 (1).JPG,True,,False,1199,1600,0.749375,RGB,JPEG,807570,PROVENANCE_REVIEW,source provenance and training reuse rights not verified
Venomous/Common Krait/IndianKraitKhopoli.jpg,True,,False,430,630,0.68254,RGB,JPEG,311182,PROVENANCE_REVIEW,source provenance and training reuse rights not verified
Venomous/Common Krait/july_033.jpg,True,,False,640,425,1.505882,RGB,JPEG,323731,PROVENANCE_REVIEW,source provenance and training reuse rights not verified
Venomous/Common Krait/k (6).jpg,True,,False,491,300,1.636667,RGB,JPEG,175694,PROVENANCE_REVIEW,source provenance and training reuse rights not verified
Venomous/Common Krait/Krait-6.jpg,True,,False,1024,469,2.183369,RGB,JPEG,449118,PROVENANCE_REVIEW,source provenance and training reuse rights not verified
Venomous/Common Krait/krait.jpg,True,,False,621,466,1.332618,RGB,JPEG,89254,PROVENANCE_REVIEW,source provenance and training reuse rights not verified
Venomous/Common Krait/Krait1-614x406.jpg,True,,False,614,406,1.512315,RGB,JPEG,95684,PROVENANCE_REVIEW,source provenance and training reuse rights not verified
Venomous/Common Krait/krait1.jpg,True,,False,786,612,1.284314,RGB,JPEG,105911,PROVENANCE_REVIEW,source provenance and training reuse rights not verified
Venomous/Common Krait/krait2.jpg,True,,False,1152,768,1.5,RGB,JPEG,272493,PROVENANCE_REVIEW,source provenance and training reuse rights not verified
Venomous/Common Krait/KRAIT2_H.JPG,True,,False,1278,664,1.924699,RGB,JPEG,346729,PROVENANCE_REVIEW,source provenance and training reuse rights not verified
Venomous/Common Krait/Krait_Common.jpg,True,,False,320,250,1.28,RGB,JPEG,47330,PROVENANCE_REVIEW,source provenance and training reuse rights not verified
Venomous/Common Krait/KRAIT_HA.JPG,True,,False,1280,721,1.775312,RGB,JPEG,326712,PROVENANCE_REVIEW,source provenance and training reuse rights not verified
Venomous/Common Krait/Lycodon-aulicus.jpg,True,,False,320,240,1.333333,RGB,JPEG,30697,PROVENANCE_REVIEW,source provenance and training reuse rights not verified
Venomous/Common Krait/lycodon-aulicus_001.jpg,True,,False,500,374,1.336898,RGB,JPEG,114891,PROVENANCE_REVIEW,source provenance and training reuse rights not verified
Venomous/Common Krait/maxresdefault.jpg,True,,False,1280,720,1.777778,RGB,JPEG,71037,PROVENANCE_REVIEW,source provenance and training reuse rights not verified
Venomous/Common Krait/maxresdefault_002.jpg,True,,False,1280,720,1.777778,RGB,JPEG,91990,PROVENANCE_REVIEW,source provenance and training reuse rights not verified
Venomous/Common Krait/maxresdefault_003.jpg,True,,False,1280,720,1.777778,RGB,JPEG,95528,PROVENANCE_REVIEW,source provenance and training reuse rights not verified
Venomous/Common Krait/Multibanded-Krait-Bungarus-Multicinctus.jpg,True,,False,500,316,1.582278,RGB,JPEG,55461,PROVENANCE_REVIEW,source provenance and training reuse rights not verified
Venomous/Common Krait/ni_2015_63_3_300_158155_f2.jpg,True,,False,696,587,1.18569,RGB,JPEG,534177,PROVENANCE_REVIEW,source provenance and training reuse rights not verified
Venomous/Common Krait/P1000306.JPG,True,,False,1600,1200,1.333333,RGB,JPEG,353837,PROVENANCE_REVIEW,source provenance and training reuse rights not verified
Venomous/Common Krait/picture2.jpg,True,,False,554,461,1.201735,RGB,JPEG,57909,PROVENANCE_REVIEW,source provenance and training reuse rights not verified
Venomous/Common Krait/Sanku_varayan_Common_Krait.jpg,True,,False,657,987,0.665653,RGB,JPEG,653322,PROVENANCE_REVIEW,source provenance and training reuse rights not verified
Venomous/Common Krait/sindhikrait.jpg,True,,False,375,221,1.696833,RGB,JPEG,34581,PROVENANCE_REVIEW,source provenance and training reuse rights not verified
Venomous/Common Krait/snake-common-krait-bungarus-caeruleus-ET0CMF.jpg,True,,False,1300,956,1.359833,RGB,JPEG,315196,PROVENANCE_REVIEW,source provenance and training reuse rights not verified
Venomous/Common Krait/snake-indian-common-krait-cremonou-bungarus-caeruleus-CE8PWK.jpg,True,,False,1300,955,1.361257,RGB,JPEG,329423,PROVENANCE_REVIEW,source provenance and training reuse rights not verified
Venomous/Common Krait/snake6.jpg,True,,False,340,243,1.399177,RGB,JPEG,20632,PROVENANCE_REVIEW,source provenance and training reuse rights not verified
Venomous/Common Krait/SNP00151.jpg,True,,False,300,225,1.333333,RGB,JPEG,33041,PROVENANCE_REVIEW,source provenance and training reuse rights not verified
Venomous/Common Krait/srep238-g002.gif,True,,False,500,391,1.278772,P,GIF,151205,PROVENANCE_REVIEW,source provenance and training reuse rights not verified
Venomous/Common Krait/wallssindkrait.jpg,True,,False,621,466,1.332618,RGB,JPEG,173364,PROVENANCE_REVIEW,source provenance and training reuse rights not verified
Venomous/Common Krait/wolf.jpg,True,,False,268,188,1.425532,RGB,JPEG,13638,PROVENANCE_REVIEW,source provenance and training reuse rights not verified
Venomous/Common Krait/wolfsnake.jpg,True,,False,715,517,1.382979,RGB,JPEG,300253,PROVENANCE_REVIEW,source provenance and training reuse rights not verified
Venomous/King Cobra/01300000201438122024366623037.jpg,True,,False,448,299,1.498328,RGB,JPEG,34532,PROVENANCE_REVIEW,source provenance and training reuse rights not verified
Venomous/King Cobra/03cobra.jpg,True,,False,670,437,1.533181,RGB,JPEG,83956,PROVENANCE_REVIEW,source provenance and training reuse rights not verified
Venomous/King Cobra/1151193-VavaSuresh-1469709021-864-640x480.jpg,True,,False,640,480,1.333333,RGB,JPEG,53617,PROVENANCE_REVIEW,source provenance and training reuse rights not verified
Venomous/King Cobra/120418-Rom-Whitaker-with-adult-male-king-cobra-rescued-from-a-house-in-Agumbe.jpg,True,,False,800,800,1.0,RGB,JPEG,809803,PROVENANCE_REVIEW,source provenance and training reuse rights not verified
Venomous/King Cobra/12700.jpg,True,,False,1280,720,1.777778,RGB,JPEG,87631,PROVENANCE_REVIEW,source provenance and training reuse rights not verified
Venomous/King Cobra/131203090701-large.jpg,True,,False,566,849,0.666667,RGB,JPEG,132503,PROVENANCE_REVIEW,source provenance and training reuse rights not verified
Venomous/King Cobra/1350361656KingCobraAttackingMonitorLizard.jpg,True,,False,903,602,1.5,RGB,JPEG,261792,PROVENANCE_REVIEW,source provenance and training reuse rights not verified
Venomous/King Cobra/13582558-king-cobra-Ophiophagus-hannah-poisonous-white-background-Stock-Photo.jpg,True,,False,1241,1300,0.954615,RGB,JPEG,123974,PROVENANCE_REVIEW,source provenance and training reuse rights not verified
Venomous/King Cobra/13582621-king-cobra-Ophiophagus-hannah-poisonous-white-background-Stock-Photo.jpg,True,,False,1300,884,1.470588,RGB,JPEG,85546,PROVENANCE_REVIEW,source provenance and training reuse rights not verified
Venomous/King Cobra/13582625-king-cobra-Ophiophagus-hannah-poisonous-white-background-Stock-Photo.jpg,True,,False,1300,1254,1.036683,RGB,JPEG,113592,PROVENANCE_REVIEW,source provenance and training reuse rights not verified
Venomous/King Cobra/13582750-king-cobra-Ophiophagus-hannah-poisonous-white-background-Stock-Photo.jpg,True,,False,1300,1141,1.139351,RGB,JPEG,133276,PROVENANCE_REVIEW,source provenance and training reuse rights not verified
Venomous/King Cobra/147761-004-7C2BC212.jpg,True,,False,300,450,0.666667,RGB,JPEG,11673,PROVENANCE_REVIEW,source provenance and training reuse rights not verified
Venomous/King Cobra/170px-Elapidae_-_Ophiophagus_hannah.JPG,True,,False,170,256,0.664062,RGB,JPEG,28401,PROVENANCE_REVIEW,source provenance and training reuse rights not verified
Venomous/King Cobra/17c229b47df3696e20b34baee809f174--cobra-snake-king-cobra.jpg,True,,False,736,1104,0.666667,RGB,JPEG,73745,PROVENANCE_REVIEW,source provenance and training reuse rights not verified
Venomous/King Cobra/1930805.jpg,True,,False,255,248,1.028226,RGB,JPEG,11332,PROVENANCE_REVIEW,source provenance and training reuse rights not verified
Venomous/King Cobra/200352091-001.jpg,True,,False,877,500,1.754,RGB,JPEG,31333,PROVENANCE_REVIEW,source provenance and training reuse rights not verified
Venomous/King Cobra/200352095-001_XS.jpg,True,,False,240,360,0.666667,RGB,JPEG,13425,PROVENANCE_REVIEW,source provenance and training reuse rights not verified
Venomous/King Cobra/2013-KINGCOBRA-08.jpg,True,,False,465,600,0.775,RGB,JPEG,46959,PROVENANCE_REVIEW,source provenance and training reuse rights not verified
Venomous/King Cobra/2013-KINGCOBRA-28.jpg,True,,False,600,400,1.5,RGB,JPEG,48890,PROVENANCE_REVIEW,source provenance and training reuse rights not verified
Venomous/King Cobra/2013-KINGCOBRA-36.jpg,True,,False,600,471,1.273885,RGB,JPEG,101532,PROVENANCE_REVIEW,source provenance and training reuse rights not verified
Venomous/King Cobra/220px-King-Cobra.jpg,True,,False,220,146,1.506849,RGB,JPEG,7788,PROVENANCE_REVIEW,source provenance and training reuse rights not verified
Venomous/King Cobra/220px-Ophiophagus_hannah2.jpg,True,,False,220,207,1.062802,RGB,JPEG,10900,PROVENANCE_REVIEW,source provenance and training reuse rights not verified
Venomous/King Cobra/23360067593_23360067593_NLKS8443_Searching_for_King_Cobra.jpg,True,,False,1920,1080,1.777778,RGB,JPEG,860492,PROVENANCE_REVIEW,source provenance and training reuse rights not verified
Venomous/King Cobra/26creaturesspan-jumbo.jpg,True,,False,1024,682,1.501466,RGB,JPEG,102813,PROVENANCE_REVIEW,source provenance and training reuse rights not verified
Venomous/King Cobra/3002331619_54b1f4eecb.jpg,True,,False,500,338,1.47929,RGB,JPEG,166468,PROVENANCE_REVIEW,source provenance and training reuse rights not verified
Venomous/King Cobra/31AFC94800000578-3469122-Footage_shows_the_incredible_moment_a_plucky_12_year_old_boy_tou-a-1_1456742703298.jpg,True,,False,634,357,1.77591,RGB,JPEG,91555,PROVENANCE_REVIEW,source provenance and training reuse rights not verified
Venomous/King Cobra/31AFC95000000578-3469122-image-a-5_1456741674538.jpg,True,,False,634,357,1.77591,RGB,JPEG,83772,PROVENANCE_REVIEW,source provenance and training reuse rights not verified
Venomous/King Cobra/32521345-King-Cobra-snake-is-the-world-s-longest-venomous-snake-in-the-Snake-farm-show-bangkok-thailand-Stock-Photo.jpg,True,,False,865,1300,0.665385,RGB,JPEG,134265,PROVENANCE_REVIEW,source provenance and training reuse rights not verified
Venomous/King Cobra/3705023_orig.png,True,,False,903,450,2.006667,RGBA,PNG,222995,PROVENANCE_REVIEW,source provenance and training reuse rights not verified
Venomous/King Cobra/3CA83C7400000578-4172360-image-m-57_1485792904526.jpg,True,,False,634,434,1.460829,RGB,JPEG,163160,PROVENANCE_REVIEW,source provenance and training reuse rights not verified
Venomous/King Cobra/3D05259A00000578-4209222-image-a-31_1486675129282.jpg,True,,False,306,551,0.555354,RGB,JPEG,37155,PROVENANCE_REVIEW,source provenance and training reuse rights not verified
Venomous/King Cobra/3ddc49b3f743b547e095a1fd910cb902--king-cobra-snakes.jpg,True,,False,210,210,1.0,RGB,JPEG,12798,PROVENANCE_REVIEW,source provenance and training reuse rights not verified
Venomous/King Cobra/400px-12_-_The_Mystical_King_Cobra_and_Coffee_Forests.jpg,True,,False,400,299,1.337793,RGB,JPEG,68918,PROVENANCE_REVIEW,source provenance and training reuse rights not verified
Venomous/King Cobra/4182f3e0ec2558bb23cf61828f7c752d--king-cobra-southeast-asia.jpg,True,,False,220,207,1.062802,RGB,JPEG,10200,PROVENANCE_REVIEW,source provenance and training reuse rights not verified
Venomous/King Cobra/5-dog-beat-cobra-795x447.jpg,True,,False,795,447,1.778523,RGB,JPEG,91800,PROVENANCE_REVIEW,source provenance and training reuse rights not verified
Venomous/King Cobra/520e37a2-d600-4c4f-8f19-6b87429fc7a0.Full_.jpg,True,,False,588,233,2.523605,RGB,JPEG,54983,PROVENANCE_REVIEW,source provenance and training reuse rights not verified
Venomous/King Cobra/6919_image.jpg,True,,False,516,360,1.433333,RGB,JPEG,34783,PROVENANCE_REVIEW,source provenance and training reuse rights not verified
Venomous/King Cobra/69bb5d81e366d17ee82869fca4ab08b9.jpg,True,,False,1024,805,1.27205,RGB,JPEG,341100,PROVENANCE_REVIEW,source provenance and training reuse rights not verified
"Venomous/King Cobra/71Dvk902gcL._AC_UL320_SR314,320_.jpg",True,,False,314,320,0.98125,RGB,JPEG,22394,PROVENANCE_REVIEW,source provenance and training reuse rights not verified
Venomous/King Cobra/7691.jpg,True,,False,1280,720,1.777778,RGB,JPEG,98409,PROVENANCE_REVIEW,source provenance and training reuse rights not verified
Venomous/King Cobra/7e00468a660261144d2c0d4cd3ad6b91--king-cobra-snake-snake-sculpture.jpg,True,,False,500,583,0.857633,RGB,JPEG,33419,PROVENANCE_REVIEW,source provenance and training reuse rights not verified
Venomous/King Cobra/87764986_XS.jpg,True,,False,750,428,1.752336,RGB,JPEG,35417,PROVENANCE_REVIEW,source provenance and training reuse rights not verified
Venomous/King Cobra/900-470162014-king-cobra.jpg,True,,False,900,600,1.5,RGB,JPEG,34085,PROVENANCE_REVIEW,source provenance and training reuse rights not verified
Venomous/King Cobra/9142978675_2c99821195.jpg,True,,False,279,500,0.558,RGB,JPEG,98884,PROVENANCE_REVIEW,source provenance and training reuse rights not verified
Venomous/King Cobra/920x1240.jpg,True,,False,920,549,1.675774,RGB,JPEG,23563,PROVENANCE_REVIEW,source provenance and training reuse rights not verified
Venomous/King Cobra/_85349739_hi000324519.jpg,True,,False,660,371,1.778976,RGB,JPEG,51903,PROVENANCE_REVIEW,source provenance and training reuse rights not verified
Venomous/King Cobra/a-king-cobra-jeff-jundt.jpg,True,,False,1046,698,1.498567,RGB,JPEG,191430,PROVENANCE_REVIEW,source provenance and training reuse rights not verified
Venomous/King Cobra/A-king-cobra-rescued-from-a-coffee-plantation-to-prevent-it-from-being-killed-by-the-plantation-workers.jpg,True,,False,650,432,1.50463,RGB,JPEG,223533,PROVENANCE_REVIEW,source provenance and training reuse rights not verified
Venomous/King Cobra/a2bfde93a79e2a589d20d30b25e985c5--romulus-king-cobra.jpg,True,,False,389,291,1.33677,RGB,JPEG,19995,PROVENANCE_REVIEW,source provenance and training reuse rights not verified
Venomous/King Cobra/aa6c2fd08e164e062648b3844cbb582b--cobra-snake-king-cobra.jpg,True,,False,340,525,0.647619,RGB,JPEG,32768,PROVENANCE_REVIEW,source provenance and training reuse rights not verified
Venomous/King Cobra/Afbeelding12-1024x696.jpg,True,,False,1024,696,1.471264,RGB,JPEG,131198,PROVENANCE_REVIEW,source provenance and training reuse rights not verified
Venomous/King Cobra/ap17207013744013.jpg,True,,False,2400,1800,1.333333,RGB,JPEG,475231,PROVENANCE_REVIEW,source provenance and training reuse rights not verified
Venomous/King Cobra/b3bddd06c161b0b368fca1845dff6e974aa48bcc87495bff50309d9b19296ae7.jpg,True,,False,468,250,1.872,RGB,JPEG,33262,PROVENANCE_REVIEW,source provenance and training reuse rights not verified
Venomous/King Cobra/babykingcobra.jpg,True,,False,1000,1000,1.0,RGB,JPEG,70021,PROVENANCE_REVIEW,source provenance and training reuse rights not verified
Venomous/King Cobra/Close-up-of-the-head-of-a-king-cobra.jpg,True,,False,650,430,1.511628,RGB,JPEG,47572,PROVENANCE_REVIEW,source provenance and training reuse rights not verified
Venomous/King Cobra/cobra-head.jpg,True,,False,511,275,1.858182,RGB,JPEG,55465,PROVENANCE_REVIEW,source provenance and training reuse rights not verified
Venomous/King Cobra/cobra-long.jpg,True,,False,580,1032,0.562016,RGB,JPEG,69917,PROVENANCE_REVIEW,source provenance and training reuse rights not verified
Venomous/King Cobra/cobra6n.jpg,True,,False,750,425,1.764706,RGB,JPEG,37445,PROVENANCE_REVIEW,source provenance and training reuse rights not verified
Venomous/King Cobra/cobra_001.jpg,True,,False,1939,1315,1.474525,RGB,JPEG,1894229,PROVENANCE_REVIEW,source provenance and training reuse rights not verified
Venomous/King Cobra/cobra_002.jpg,True,,False,2048,1001,2.045954,RGB,JPEG,420666,PROVENANCE_REVIEW,source provenance and training reuse rights not verified
Venomous/King Cobra/cobra_181212-12.jpg,True,,False,380,462,0.822511,RGB,JPEG,189941,PROVENANCE_REVIEW,source provenance and training reuse rights not verified
Venomous/King Cobra/cobra_181212-9.jpg,True,,False,550,355,1.549296,RGB,JPEG,113023,PROVENANCE_REVIEW,source provenance and training reuse rights not verified
Venomous/King Cobra/exotic_king_cobra1-1030x685.jpg,True,,False,1030,685,1.50365,RGB,JPEG,128627,PROVENANCE_REVIEW,source provenance and training reuse rights not verified
Venomous/King Cobra/exotic_king_cobra_h.jpg,True,,False,2048,1152,1.777778,RGB,JPEG,153376,PROVENANCE_REVIEW,source provenance and training reuse rights not verified
Venomous/King Cobra/f5716d1268715b37ed4d371add3f7600--snake-images-snake-photos.jpg,True,,False,573,430,1.332558,RGB,JPEG,65918,PROVENANCE_REVIEW,source provenance and training reuse rights not verified
Venomous/King Cobra/head-of-a-king-cobra-bdktrm.jpg,True,,False,640,445,1.438202,RGB,JPEG,67795,PROVENANCE_REVIEW,source provenance and training reuse rights not verified
Venomous/King Cobra/hja3fryte6pc8-0lufn4l7g1pmhn172j-large.jpg,True,,False,620,348,1.781609,RGB,JPEG,25320,PROVENANCE_REVIEW,source provenance and training reuse rights not verified
Venomous/King Cobra/hqdefault_007.jpg,True,,False,480,360,1.333333,RGB,JPEG,32039,PROVENANCE_REVIEW,source provenance and training reuse rights not verified
Venomous/King Cobra/IMG_7375.jpg,True,,False,2890,4088,0.706947,RGB,JPEG,870730,PROVENANCE_REVIEW,source provenance and training reuse rights not verified
Venomous/King Cobra/IMG_7415.jpg,True,,False,3342,2600,1.285385,RGB,JPEG,1672890,PROVENANCE_REVIEW,source provenance and training reuse rights not verified
Venomous/King Cobra/IMG_7421.jpg,True,,False,3700,2514,1.471758,RGB,JPEG,1378268,PROVENANCE_REVIEW,source provenance and training reuse rights not verified
Venomous/King Cobra/interesting-facts-about-king-cobras.jpg,True,,False,1024,683,1.499268,RGB,JPEG,101643,PROVENANCE_REVIEW,source provenance and training reuse rights not verified
Venomous/King Cobra/jaideep-king-cobra_full-body-copy.jpg,True,,False,448,299,1.498328,RGB,JPEG,43652,PROVENANCE_REVIEW,source provenance and training reuse rights not verified
Venomous/King Cobra/Juvenile-king-cobra---defensive-posture.jpg,True,,False,650,431,1.508121,RGB,JPEG,100522,PROVENANCE_REVIEW,source provenance and training reuse rights not verified
Venomous/King Cobra/King Cobra Eating Rat.jpg,True,,False,500,333,1.501502,RGB,JPEG,124751,PROVENANCE_REVIEW,source provenance and training reuse rights not verified
"Venomous/King Cobra/King cobra, 1874 engraving.jpg",True,,False,1152,1244,0.926045,RGB,JPEG,177783,PROVENANCE_REVIEW,source provenance and training reuse rights not verified
"Venomous/King Cobra/King cobra, Enygmatic-Halcyon-Wikipedia.jpg",True,,False,785,587,1.337308,RGB,JPEG,176218,PROVENANCE_REVIEW,source provenance and training reuse rights not verified
Venomous/King Cobra/king-cobra-1.jpg,True,,False,1024,600,1.706667,RGB,JPEG,85025,PROVENANCE_REVIEW,source provenance and training reuse rights not verified
Venomous/King Cobra/king-cobra-1_001.jpg,True,,False,2048,1424,1.438202,RGB,JPEG,733468,PROVENANCE_REVIEW,source provenance and training reuse rights not verified
Venomous/King Cobra/king-cobra-9.jpg,True,,False,500,322,1.552795,RGB,JPEG,51061,PROVENANCE_REVIEW,source provenance and training reuse rights not verified
Venomous/King Cobra/King-Cobra-baby-1.jpg,True,,False,445,305,1.459016,RGB,JPEG,42150,PROVENANCE_REVIEW,source provenance and training reuse rights not verified
Venomous/King Cobra/king-cobra-bg.jpg,True,,False,645,506,1.274704,RGB,JPEG,46202,PROVENANCE_REVIEW,source provenance and training reuse rights not verified
Venomous/King Cobra/King-Cobra-by-kokotewan-640x326.jpg,True,,False,640,326,1.96319,RGB,JPEG,48975,PROVENANCE_REVIEW,source provenance and training reuse rights not verified
Venomous/King Cobra/King-Cobra-captive.jpg,True,,False,968,512,1.890625,RGB,JPEG,611381,PROVENANCE_REVIEW,source provenance and training reuse rights not verified
Venomous/King Cobra/king-cobra-facts-for-kids1-e1359370651750.jpg,True,,False,400,290,1.37931,RGB,JPEG,30489,PROVENANCE_REVIEW,source provenance and training reuse rights not verified
Venomous/King Cobra/king-cobra-head1.jpg,True,,False,400,440,0.909091,RGB,JPEG,198934,PROVENANCE_REVIEW,source provenance and training reuse rights not verified
Venomous/King Cobra/King-Cobra-India.jpg,True,,False,1000,666,1.501502,RGB,JPEG,65537,PROVENANCE_REVIEW,source provenance and training reuse rights not verified
Venomous/King Cobra/king-cobra-juvenile-445px.jpg,True,,False,445,445,1.0,RGB,JPEG,52093,PROVENANCE_REVIEW,source provenance and training reuse rights not verified
Venomous/King Cobra/king-cobra-ophiophagus-hannah-800x600.jpg,True,,False,800,532,1.503759,RGB,JPEG,33895,PROVENANCE_REVIEW,source provenance and training reuse rights not verified
Venomous/King Cobra/king-cobra-ophiophagus-hannah-800x600_001.jpg,True,,False,800,534,1.498127,RGB,JPEG,61521,PROVENANCE_REVIEW,source provenance and training reuse rights not verified
Venomous/King Cobra/king-cobra-ophiophagus-hannah-swallowing-a-rat-snake-bali-indonesia-EG8D80.jpg,True,,False,1300,956,1.359833,RGB,JPEG,160301,PROVENANCE_REVIEW,source provenance and training reuse rights not verified
Venomous/King Cobra/King-cobra-partially-displaying-hood.jpg,True,,False,650,430,1.511628,RGB,JPEG,85416,PROVENANCE_REVIEW,source provenance and training reuse rights not verified
Venomous/King Cobra/King-Cobra-rescued-from-Dukura-range-copy.jpg,True,,False,713,491,1.452138,RGB,JPEG,191059,PROVENANCE_REVIEW,source provenance and training reuse rights not verified
Venomous/King Cobra/King-cobra-resting.jpg,True,,False,650,426,1.525822,RGB,JPEG,71125,PROVENANCE_REVIEW,source provenance and training reuse rights not verified
Venomous/King Cobra/King-cobra-side-profile.jpg,True,,False,650,463,1.403888,RGB,JPEG,129503,PROVENANCE_REVIEW,source provenance and training reuse rights not verified
Venomous/King Cobra/king-cobra-slither.adapt.945.1.jpg,True,,False,945,531,1.779661,RGB,JPEG,51231,PROVENANCE_REVIEW,source provenance and training reuse rights not verified
Venomous/King Cobra/king-cobra-snake.jpg,True,,False,605,499,1.212425,RGB,JPEG,54432,PROVENANCE_REVIEW,source provenance and training reuse rights not verified
Venomous/King Cobra/king-cobra-snake_001.jpg,True,,False,283,424,0.667453,RGB,JPEG,21816,PROVENANCE_REVIEW,source provenance and training reuse rights not verified
Venomous/King Cobra/King-cobra-swimming-hunting-other-snakes-along-the-edge-of-a-mangrove-river.jpg,True,,False,650,434,1.497696,RGB,JPEG,52694,PROVENANCE_REVIEW,source provenance and training reuse rights not verified
Venomous/King Cobra/King-Cobra-Thailand.jpg,True,,False,739,535,1.381308,RGB,JPEG,119004,PROVENANCE_REVIEW,source provenance and training reuse rights not verified
Venomous/King Cobra/king-cobra-wallpapers-desktop-background.jpg,True,,False,2560,1600,1.6,RGB,JPEG,289476,PROVENANCE_REVIEW,source provenance and training reuse rights not verified
Venomous/King Cobra/king-cobra-web.jpg,True,,False,1000,667,1.49925,RGB,JPEG,119408,PROVENANCE_REVIEW,source provenance and training reuse rights not verified
Venomous/King Cobra/King-Cobra_003.jpg,True,,False,640,427,1.498829,RGB,JPEG,48853,PROVENANCE_REVIEW,source provenance and training reuse rights not verified
Venomous/King Cobra/king-cobra_004.jpg,True,,False,1024,768,1.333333,RGB,JPEG,143682,PROVENANCE_REVIEW,source provenance and training reuse rights not verified
Venomous/King Cobra/King-Cobra_005.jpg,True,,False,340,395,0.860759,RGB,JPEG,22006,PROVENANCE_REVIEW,source provenance and training reuse rights not verified
Venomous/King Cobra/king-cobra_006.jpg,True,,False,190,143,1.328671,RGB,JPEG,5128,PROVENANCE_REVIEW,source provenance and training reuse rights not verified
Venomous/King Cobra/king-cobra_008.jpg,True,,False,800,531,1.506591,RGB,JPEG,362591,PROVENANCE_REVIEW,source provenance and training reuse rights not verified
Venomous/King Cobra/king-cobra_009.jpg,True,,False,448,299,1.498328,RGB,JPEG,39240,PROVENANCE_REVIEW,source provenance and training reuse rights not verified
Venomous/King Cobra/king-cobra_0164.jpg,True,,False,400,300,1.333333,RGB,JPEG,46349,PROVENANCE_REVIEW,source provenance and training reuse rights not verified
Venomous/King Cobra/king-cobra_624.jpg,True,,False,624,413,1.510896,RGB,JPEG,72427,PROVENANCE_REVIEW,source provenance and training reuse rights not verified
Venomous/King Cobra/king-cobras-live_820c5cd24bab67fc.jpg,True,,False,700,394,1.77665,RGB,JPEG,32311,PROVENANCE_REVIEW,source provenance and training reuse rights not verified
Venomous/King Cobra/king_cobra2.jpg,True,,False,791,507,1.560158,RGBA,PNG,380154,PROVENANCE_REVIEW,source provenance and training reuse rights not verified
Venomous/King Cobra/king_cobra3.jpg,True,,False,791,507,1.560158,RGBA,PNG,310772,PROVENANCE_REVIEW,source provenance and training reuse rights not verified
Venomous/King Cobra/king_cobra_1.jpg,True,,False,640,395,1.620253,RGB,JPEG,46362,PROVENANCE_REVIEW,source provenance and training reuse rights not verified
Venomous/King Cobra/king_cobra_1_001.jpg,True,,False,350,263,1.330798,RGB,JPEG,20228,PROVENANCE_REVIEW,source provenance and training reuse rights not verified
Venomous/King Cobra/King_Cobra_25.jpg,True,,False,3310,2648,1.25,RGB,JPEG,4793506,PROVENANCE_REVIEW,source provenance and training reuse rights not verified
Venomous/King Cobra/King_Cobra_Head.jpg,True,,False,599,365,1.641096,RGB,JPEG,87571,PROVENANCE_REVIEW,source provenance and training reuse rights not verified
Venomous/King Cobra/king_cobra_picture.jpg,True,,False,416,624,0.666667,RGB,JPEG,70130,PROVENANCE_REVIEW,source provenance and training reuse rights not verified
Venomous/King Cobra/kingcobra-001.jpg,True,,False,1400,845,1.656805,RGB,JPEG,774204,PROVENANCE_REVIEW,source provenance and training reuse rights not verified
Venomous/King Cobra/kingcobra-002.jpg,True,,False,1400,845,1.656805,RGB,JPEG,804745,PROVENANCE_REVIEW,source provenance and training reuse rights not verified
Venomous/King Cobra/KingCobra-and-I_web.jpg,True,,False,1024,682,1.501466,RGB,JPEG,364250,PROVENANCE_REVIEW,source provenance and training reuse rights not verified
Venomous/King Cobra/KingCobra1.jpg,True,,False,500,424,1.179245,RGB,JPEG,16233,PROVENANCE_REVIEW,source provenance and training reuse rights not verified
Venomous/King Cobra/KingCobra_001.jpg,True,,False,1800,1200,1.5,RGB,JPEG,204241,PROVENANCE_REVIEW,source provenance and training reuse rights not verified
Venomous/King Cobra/kingcobra_002.JPG,True,,False,900,720,1.25,RGB,JPEG,203108,PROVENANCE_REVIEW,source provenance and training reuse rights not verified
Venomous/King Cobra/KingCobra_003.jpg,True,,False,2226,1296,1.717593,RGB,JPEG,1112440,PROVENANCE_REVIEW,source provenance and training reuse rights not verified
Venomous/King Cobra/landing_king-cobra.jpg,True,,False,768,358,2.145251,RGB,JPEG,44358,PROVENANCE_REVIEW,source provenance and training reuse rights not verified
Venomous/King Cobra/natural-enemies-king-cobra_6c4e36f5d658546a.jpg,True,,False,700,394,1.77665,RGB,JPEG,34008,PROVENANCE_REVIEW,source provenance and training reuse rights not verified
Venomous/King Cobra/Ophiophagus-hannah-Thailand.jpg,True,,False,800,623,1.284109,RGB,JPEG,134167,PROVENANCE_REVIEW,source provenance and training reuse rights not verified
Venomous/King Cobra/PAY-COBRA-SNAKE-RESCUE.jpg,True,,False,615,298,2.063758,RGB,JPEG,34937,PROVENANCE_REVIEW,source provenance and training reuse rights not verified
Venomous/King Cobra/PAY-Russian-man-killed-by-King-Cobra.jpg,True,,False,615,411,1.49635,RGB,JPEG,41414,PROVENANCE_REVIEW,source provenance and training reuse rights not verified
Venomous/King Cobra/photos.medleyphoto.13543526.jpg,True,,False,800,478,1.67364,RGB,JPEG,48938,PROVENANCE_REVIEW,source provenance and training reuse rights not verified
Venomous/King Cobra/pictures-of-king-cobras-e1359370644271.jpg,True,,False,400,300,1.333333,RGB,JPEG,23154,PROVENANCE_REVIEW,source provenance and training reuse rights not verified
Venomous/King Cobra/r0_135_2757_1691_w1200_h678_fmax.jpg,True,,False,1200,677,1.772526,RGB,JPEG,221998,PROVENANCE_REVIEW,source provenance and training reuse rights not verified
Venomous/King Cobra/shutterstock_57385138-700x525.jpg,True,,False,700,525,1.333333,RGB,JPEG,80861,PROVENANCE_REVIEW,source provenance and training reuse rights not verified
Venomous/King Cobra/snake-kingcobra-reptile-597045-o.jpg,True,,False,4416,3312,1.333333,RGB,JPEG,1199418,PROVENANCE_REVIEW,source provenance and training reuse rights not verified
Venomous/King Cobra/T05-0001-0111.jpg,True,,False,770,430,1.790698,RGB,JPEG,385929,PROVENANCE_REVIEW,source provenance and training reuse rights not verified
Venomous/King Cobra/villagers-in-a-drought-hit-region-of-india-let-a-king-cobra-drink-from-a-bottle-of-water.jpg,True,,False,1440,1080,1.333333,RGBA,PNG,2406618,PROVENANCE_REVIEW,source provenance and training reuse rights not verified
Venomous/King Cobra/Z7850200-King_Cobra-SPL.jpg,True,,False,354,530,0.667925,RGB,JPEG,50073,PROVENANCE_REVIEW,source provenance and training reuse rights not verified
Venomous/King Cobra/ZNKH1t.jpg,True,,False,800,547,1.462523,RGB,JPEG,119980,PROVENANCE_REVIEW,source provenance and training reuse rights not verified
Venomous/Monocled Cobra/0564.jpeg,True,,False,567,378,1.5,RGB,JPEG,155219,PROVENANCE_REVIEW,source provenance and training reuse rights not verified
Venomous/Monocled Cobra/0829.jpeg,True,,False,768,512,1.5,RGB,JPEG,160680,PROVENANCE_REVIEW,source provenance and training reuse rights not verified
Venomous/Monocled Cobra/0efec3f98662a0bd0b21d3757cb72d3b--snake-facts-cobra-snake.jpg,True,,False,400,336,1.190476,RGB,JPEG,37726,PROVENANCE_REVIEW,source provenance and training reuse rights not verified
Venomous/Monocled Cobra/1.jpg,True,,False,852,480,1.775,RGB,JPEG,43282,PROVENANCE_REVIEW,source provenance and training reuse rights not verified
Venomous/Monocled Cobra/1015822449_d6aa87bc25.jpg,True,,False,500,375,1.333333,RGB,JPEG,140815,PROVENANCE_REVIEW,source provenance and training reuse rights not verified
Venomous/Monocled Cobra/11.Monocled Cobra.jpg,True,,False,424,568,0.746479,RGB,JPEG,120758,PROVENANCE_REVIEW,source provenance and training reuse rights not verified
Venomous/Monocled Cobra/1317472028Naja kauthia.jpg,True,,False,500,350,1.428571,RGB,JPEG,264569,PROVENANCE_REVIEW,source provenance and training reuse rights not verified
Venomous/Monocled Cobra/13350233_1079893875431314_5715026036656697829_o.jpg,True,,False,2048,1280,1.6,RGB,JPEG,424407,PROVENANCE_REVIEW,source provenance and training reuse rights not verified
Venomous/Monocled Cobra/16243436212_f1aa097020_b.jpg,True,,False,1024,683,1.499268,RGB,JPEG,762236,PROVENANCE_REVIEW,source provenance and training reuse rights not verified
Venomous/Monocled Cobra/17890231804cbb58e063ebe.JPG,True,,False,819,768,1.066406,RGB,JPEG,279042,PROVENANCE_REVIEW,source provenance and training reuse rights not verified
Venomous/Monocled Cobra/18105089279_8214469ffa.jpg,True,,False,500,500,1.0,RGB,JPEG,97526,PROVENANCE_REVIEW,source provenance and training reuse rights not verified
Venomous/Monocled Cobra/1_001.jpg,True,,False,852,480,1.775,RGB,JPEG,91483,PROVENANCE_REVIEW,source provenance and training reuse rights not verified
Venomous/Monocled Cobra/1_002.jpg,True,,False,852,480,1.775,RGB,JPEG,119188,PROVENANCE_REVIEW,source provenance and training reuse rights not verified
Venomous/Monocled Cobra/1_010.jpg,True,,False,852,480,1.775,RGB,JPEG,101159,PROVENANCE_REVIEW,source provenance and training reuse rights not verified
Venomous/Monocled Cobra/200px-Naja_kaouthia.jpg,True,,False,200,296,0.675676,RGB,JPEG,11089,PROVENANCE_REVIEW,source provenance and training reuse rights not verified
Venomous/Monocled Cobra/2186482800_bfcf31f866_b.jpg,True,,False,1024,779,1.314506,RGB,JPEG,299759,PROVENANCE_REVIEW,source provenance and training reuse rights not verified
Venomous/Monocled Cobra/225296_10150320235058504_683593503_10024128_7013317_n.jpg,True,,False,681,720,0.945833,RGB,JPEG,117186,PROVENANCE_REVIEW,source provenance and training reuse rights not verified
Venomous/Monocled Cobra/235edf110f56286064e2f303e6006fb8--pet-peeves-cobra-snake.jpg,True,,False,431,640,0.673438,RGB,JPEG,56526,PROVENANCE_REVIEW,source provenance and training reuse rights not verified
Venomous/Monocled Cobra/240px-N.kaouthia.jpg,True,,False,240,160,1.5,RGB,JPEG,7481,PROVENANCE_REVIEW,source provenance and training reuse rights not verified
Venomous/Monocled Cobra/252576_10150346420778504_683593503_10295742_5461375_n.jpg,True,,False,720,512,1.40625,RGB,JPEG,200692,PROVENANCE_REVIEW,source provenance and training reuse rights not verified
Venomous/Monocled Cobra/262666_10150346421063504_683593503_10295744_1154672_n.jpg,True,,False,647,720,0.898611,RGB,JPEG,73684,PROVENANCE_REVIEW,source provenance and training reuse rights not verified
Venomous/Monocled Cobra/263591_10150346421368504_683593503_10295748_8378405_n (6).jpg,True,,False,720,346,2.080925,RGB,JPEG,105620,PROVENANCE_REVIEW,source provenance and training reuse rights not verified
Venomous/Monocled Cobra/2962717801_da28a393d6.jpg,True,,False,336,500,0.672,RGB,JPEG,86831,PROVENANCE_REVIEW,source provenance and training reuse rights not verified
Venomous/Monocled Cobra/2b2983794172fea6bb6675b4d07de841--snake-wallpaper-wallpaper-in-hd.jpg,True,,False,236,268,0.880597,RGB,JPEG,20299,PROVENANCE_REVIEW,source provenance and training reuse rights not verified
Venomous/Monocled Cobra/2E69467C00000578-3317003-image-m-26_1447421012740.jpg,True,,False,634,487,1.301848,RGB,JPEG,66520,PROVENANCE_REVIEW,source provenance and training reuse rights not verified
Venomous/Monocled Cobra/2e80cfaab83df157b68d5204145da8f5.jpg,True,,False,438,600,0.73,RGB,JPEG,76773,PROVENANCE_REVIEW,source provenance and training reuse rights not verified
Venomous/Monocled Cobra/3110614239_af173ac2ae.jpg,True,,False,445,500,0.89,RGB,JPEG,125004,PROVENANCE_REVIEW,source provenance and training reuse rights not verified
Venomous/Monocled Cobra/3113739011_c17d8d5d75.jpg,True,,False,500,494,1.012146,RGB,JPEG,218830,PROVENANCE_REVIEW,source provenance and training reuse rights not verified
Venomous/Monocled Cobra/3148428268_7a210a4715.jpg,True,,False,500,346,1.445087,RGB,JPEG,132392,PROVENANCE_REVIEW,source provenance and training reuse rights not verified
Venomous/Monocled Cobra/33607.jpg,True,,False,572,600,0.953333,RGB,JPEG,44312,PROVENANCE_REVIEW,source provenance and training reuse rights not verified
Venomous/Monocled Cobra/3431973057_e3abbee776.jpg,True,,False,483,500,0.966,RGB,JPEG,149092,PROVENANCE_REVIEW,source provenance and training reuse rights not verified
Venomous/Monocled Cobra/3816964289_a5ea57ccd4.jpg,True,,False,344,500,0.688,RGB,JPEG,150616,PROVENANCE_REVIEW,source provenance and training reuse rights not verified
Venomous/Monocled Cobra/3f7b41317b2248121c9fa4fbbff48074--cobra-snake-slytherin.jpg,True,,False,236,326,0.723926,RGB,JPEG,15496,PROVENANCE_REVIEW,source provenance and training reuse rights not verified
Venomous/Monocled Cobra/429462b69e738da2cc54bd5a8ef5b4b1.jpg,True,,False,363,525,0.691429,RGB,JPEG,56442,PROVENANCE_REVIEW,source provenance and training reuse rights not verified
Venomous/Monocled Cobra/4644015762_38b72c3cdc_b.jpg,True,,False,1000,683,1.464129,RGB,JPEG,89338,PROVENANCE_REVIEW,source provenance and training reuse rights not verified
Venomous/Monocled Cobra/5999366084_cb2085a5bb_b.jpg,True,,False,1024,683,1.499268,RGB,JPEG,275710,PROVENANCE_REVIEW,source provenance and training reuse rights not verified
Venomous/Monocled Cobra/5999366796_1448262093_b.jpg,True,,False,1024,683,1.499268,RGB,JPEG,238841,PROVENANCE_REVIEW,source provenance and training reuse rights not verified
Venomous/Monocled Cobra/5999367190_61605877d4_b.jpg,True,,False,1024,683,1.499268,RGB,JPEG,284583,PROVENANCE_REVIEW,source provenance and training reuse rights not verified
Venomous/Monocled Cobra/6932368146_4234cd3d9f.jpg,True,,False,481,400,1.2025,RGB,JPEG,92873,PROVENANCE_REVIEW,source provenance and training reuse rights not verified
Venomous/Monocled Cobra/76b2c81cf6b8792d0c2b4436a7fc5a84--naja-cobra.jpg,True,,False,430,640,0.671875,RGB,JPEG,107391,PROVENANCE_REVIEW,source provenance and training reuse rights not verified
Venomous/Monocled Cobra/8414480140_d613fae255.jpg,True,,False,336,500,0.672,RGB,JPEG,72607,PROVENANCE_REVIEW,source provenance and training reuse rights not verified
Venomous/Monocled Cobra/858129_1280x720.jpg,True,,False,1280,720,1.777778,RGB,JPEG,83109,PROVENANCE_REVIEW,source provenance and training reuse rights not verified
Venomous/Monocled Cobra/8715459340_933a36e959_b.jpg,True,,False,900,604,1.490066,RGB,JPEG,129312,PROVENANCE_REVIEW,source provenance and training reuse rights not verified
Venomous/Monocled Cobra/8738179607_bea478cd9a_b.jpg,True,,False,825,554,1.48917,RGB,JPEG,279056,PROVENANCE_REVIEW,source provenance and training reuse rights not verified
Venomous/Monocled Cobra/8739578045_185f4976d8.jpg,True,,False,500,336,1.488095,RGB,JPEG,141941,PROVENANCE_REVIEW,source provenance and training reuse rights not verified
Venomous/Monocled Cobra/9.jpg,True,,False,852,480,1.775,RGB,JPEG,29891,PROVENANCE_REVIEW,source provenance and training reuse rights not verified
Venomous/Monocled Cobra/9222.jpg,True,,False,800,581,1.376936,RGB,JPEG,68990,PROVENANCE_REVIEW,source provenance and training reuse rights not verified
Venomous/Monocled Cobra/9eb07e02004a8a7daa4e75dd0dade2a7.jpg,True,,False,640,480,1.333333,RGB,JPEG,104159,PROVENANCE_REVIEW,source provenance and training reuse rights not verified
Venomous/Monocled Cobra/a08d0f6688c8ba80cd343141241fe9b0--ular-creepy-things.jpg,True,,False,736,552,1.333333,RGB,JPEG,60223,PROVENANCE_REVIEW,source provenance and training reuse rights not verified
Venomous/Monocled Cobra/albino-monocled-cobra-big.jpg,True,,False,316,480,0.658333,RGB,JPEG,44975,PROVENANCE_REVIEW,source provenance and training reuse rights not verified
Venomous/Monocled Cobra/albino-monocled-cobra-e1438557429780.jpg,True,,False,670,408,1.642157,RGB,JPEG,45779,PROVENANCE_REVIEW,source provenance and training reuse rights not verified
Venomous/Monocled Cobra/albino-monocled-cobra-wallpaper-iphone-728x482.jpg,True,,False,728,482,1.510373,RGB,JPEG,85302,PROVENANCE_REVIEW,source provenance and training reuse rights not verified
Venomous/Monocled Cobra/Albino_Monocled_Cobra_Naja_kaouthia.jpg,True,,False,800,701,1.141227,RGB,JPEG,59369,PROVENANCE_REVIEW,source provenance and training reuse rights not verified
Venomous/Monocled Cobra/albino_monocled_hood_by_8twilightangel8-d5r8lw4.jpg,True,,False,600,844,0.7109,RGB,JPEG,143343,PROVENANCE_REVIEW,source provenance and training reuse rights not verified
Venomous/Monocled Cobra/babyhetalbinocobra.jpg,True,,False,1000,1000,1.0,RGB,JPEG,92496,PROVENANCE_REVIEW,source provenance and training reuse rights not verified
Venomous/Monocled Cobra/babymonoclecobra.jpg,True,,False,1000,1000,1.0,RGB,JPEG,86396,PROVENANCE_REVIEW,source provenance and training reuse rights not verified
Venomous/Monocled Cobra/babymonoclecobra2.jpg,True,,False,1000,1000,1.0,RGB,JPEG,84928,PROVENANCE_REVIEW,source provenance and training reuse rights not verified
Venomous/Monocled Cobra/babymonoclecobra3.jpg,True,,False,1000,1000,1.0,RGB,JPEG,87860,PROVENANCE_REVIEW,source provenance and training reuse rights not verified
Venomous/Monocled Cobra/babymonoclecobra4.jpg,True,,False,1000,1000,1.0,RGB,JPEG,73283,PROVENANCE_REVIEW,source provenance and training reuse rights not verified
Venomous/Monocled Cobra/babymonoclecobradoublehet2.jpg,True,,False,1000,1000,1.0,RGB,JPEG,78378,PROVENANCE_REVIEW,source provenance and training reuse rights not verified
Venomous/Monocled Cobra/bd75680b39e0ef57e78736ddc5fa34bd--reptiles-and-amphibians-forest-animals.jpg,True,,False,236,354,0.666667,RGB,JPEG,25100,PROVENANCE_REVIEW,source provenance and training reuse rights not verified
Venomous/Monocled Cobra/bi5uo5ktrmbc1bcqqdrf.jpg,True,,False,654,367,1.782016,RGB,JPEG,108968,PROVENANCE_REVIEW,source provenance and training reuse rights not verified
Venomous/Monocled Cobra/Bred_to_Leucistic_hood_-_Copy.JPG,True,,False,1141,800,1.42625,RGB,JPEG,80798,PROVENANCE_REVIEW,source provenance and training reuse rights not verified
Venomous/Monocled Cobra/BWMale2a.jpg,True,,False,944,734,1.286104,RGB,JPEG,237078,PROVENANCE_REVIEW,source provenance and training reuse rights not verified
Venomous/Monocled Cobra/C0066949-Monocled_Cobra_Naja_-SPL.jpg,True,,False,530,354,1.497175,RGB,JPEG,76966,PROVENANCE_REVIEW,source provenance and training reuse rights not verified
Venomous/Monocled Cobra/c56c13f758d379f2a173dc607eb3fcce.jpg,True,,False,450,489,0.920245,RGB,JPEG,184313,PROVENANCE_REVIEW,source provenance and training reuse rights not verified
Venomous/Monocled Cobra/cf2eaebcc9e44ed3880e835f32aaddce--cobra-snake-king-cobra.jpg,True,,False,236,366,0.644809,RGB,JPEG,23637,PROVENANCE_REVIEW,source provenance and training reuse rights not verified
Venomous/Monocled Cobra/Chinese Cobra.jpg,True,,False,1280,960,1.333333,RGB,JPEG,288074,PROVENANCE_REVIEW,source provenance and training reuse rights not verified
Venomous/Monocled Cobra/close-up-of-monocled-cobra-naja-naja-in-field-a5yxg1.jpg,True,,False,343,540,0.635185,RGB,JPEG,46738,PROVENANCE_REVIEW,source provenance and training reuse rights not verified
Venomous/Monocled Cobra/cobra-looking-rat-monocled-naja-very-dangerous-food-67192387.jpg,True,,False,245,160,1.53125,RGB,JPEG,12305,PROVENANCE_REVIEW,source provenance and training reuse rights not verified
Venomous/Monocled Cobra/Cobra-Monocled-7356-full.jpg,True,,False,1280,720,1.777778,RGB,JPEG,193809,PROVENANCE_REVIEW,source provenance and training reuse rights not verified
Venomous/Monocled Cobra/cobra-monocled-naja-very-dangerous-looking-rat-food-67509736.jpg,True,,False,307,160,1.91875,RGB,JPEG,17144,PROVENANCE_REVIEW,source provenance and training reuse rights not verified
Venomous/Monocled Cobra/cobra-monocled.jpg,True,,False,1140,760,1.5,RGB,JPEG,161233,PROVENANCE_REVIEW,source provenance and training reuse rights not verified
Venomous/Monocled Cobra/cobra-twins.jpg,True,,False,480,319,1.504702,RGB,JPEG,42888,PROVENANCE_REVIEW,source provenance and training reuse rights not verified
Venomous/Monocled Cobra/cobra.jpg,True,,False,800,480,1.666667,RGB,JPEG,90146,PROVENANCE_REVIEW,source provenance and training reuse rights not verified
Venomous/Monocled Cobra/cobra14n-1-web.jpg,True,,False,750,501,1.497006,RGB,JPEG,68543,PROVENANCE_REVIEW,source provenance and training reuse rights not verified
Venomous/Monocled Cobra/cobra_monocled.jpg,True,,False,512,384,1.333333,RGB,JPEG,54372,PROVENANCE_REVIEW,source provenance and training reuse rights not verified
Venomous/Monocled Cobra/detail-of-the-head-of-monocled-cobra-during-snake-show-in-bangkok-thailand_vruvptptg__S0000.jpg,True,,False,320,180,1.777778,RGB,JPEG,11368,PROVENANCE_REVIEW,source provenance and training reuse rights not verified
Venomous/Monocled Cobra/DSC05913a-L.jpg,True,,False,800,539,1.48423,RGB,JPEG,100844,PROVENANCE_REVIEW,source provenance and training reuse rights not verified
Venomous/Monocled Cobra/DSC05915-L.jpg,True,,False,800,600,1.333333,RGB,JPEG,92902,PROVENANCE_REVIEW,source provenance and training reuse rights not verified
Venomous/Monocled Cobra/DwJeRobtFhFY.jpg,True,,False,373,521,0.715931,RGB,JPEG,49937,PROVENANCE_REVIEW,source provenance and training reuse rights not verified
Venomous/Monocled Cobra/eba4efd1c51d679b1ecf1710a29961c2--scary-snakes-cobra-snake.jpg,True,,False,460,640,0.71875,RGB,JPEG,212723,PROVENANCE_REVIEW,source provenance and training reuse rights not verified
Venomous/Monocled Cobra/Entrancing_Monocled_Cobra_1440x1080.jpg,True,,False,1440,1080,1.333333,RGB,JPEG,175271,PROVENANCE_REVIEW,source provenance and training reuse rights not verified
Venomous/Monocled Cobra/f0854287300e4dbf29dfacce19f436b2.jpg,True,,False,640,480,1.333333,RGB,JPEG,33614,PROVENANCE_REVIEW,source provenance and training reuse rights not verified
Venomous/Monocled Cobra/hqdefault.jpg,True,,False,480,360,1.333333,RGB,JPEG,27585,PROVENANCE_REVIEW,source provenance and training reuse rights not verified
Venomous/Monocled Cobra/hqdefault_005.jpg,True,,False,480,360,1.333333,RGB,JPEG,11678,PROVENANCE_REVIEW,source provenance and training reuse rights not verified
Venomous/Monocled Cobra/img_09221.jpg,True,,False,800,535,1.495327,RGB,JPEG,247217,PROVENANCE_REVIEW,source provenance and training reuse rights not verified
Venomous/Monocled Cobra/img_09311.jpg,True,,False,800,535,1.495327,RGB,JPEG,241688,PROVENANCE_REVIEW,source provenance and training reuse rights not verified
Venomous/Monocled Cobra/jakob-lehner-monocled-cobra.jpg,True,,False,886,592,1.496622,RGB,JPEG,302275,PROVENANCE_REVIEW,source provenance and training reuse rights not verified
Venomous/Monocled Cobra/Krabi_King_Cobra_Show_4.jpg,True,,False,1204,800,1.505,RGB,JPEG,117922,PROVENANCE_REVIEW,source provenance and training reuse rights not verified
Venomous/Monocled Cobra/Male_Sunset_pic1.jpg,True,,False,600,575,1.043478,RGB,JPEG,77556,PROVENANCE_REVIEW,source provenance and training reuse rights not verified
Venomous/Monocled Cobra/maxresdefault.jpg,True,,False,1920,1080,1.777778,RGB,JPEG,135261,PROVENANCE_REVIEW,source provenance and training reuse rights not verified
Venomous/Monocled Cobra/maxresdefault_002.jpg,True,,False,1920,1080,1.777778,RGB,JPEG,191988,PROVENANCE_REVIEW,source provenance and training reuse rights not verified
Venomous/Monocled Cobra/maxresdefault_005.jpg,True,,False,1920,1080,1.777778,RGB,JPEG,163442,PROVENANCE_REVIEW,source provenance and training reuse rights not verified
Venomous/Monocled Cobra/maxresdefault_010.jpg,True,,False,1280,720,1.777778,RGB,JPEG,158020,PROVENANCE_REVIEW,source provenance and training reuse rights not verified
Venomous/Monocled Cobra/Monocled Cobra (back).jpg,True,,False,448,336,1.333333,RGB,JPEG,33363,PROVENANCE_REVIEW,source provenance and training reuse rights not verified
Venomous/Monocled Cobra/Monocled Cobra (front).jpg,True,,False,339,336,1.008929,RGB,JPEG,27014,PROVENANCE_REVIEW,source provenance and training reuse rights not verified
Venomous/Monocled Cobra/MONOCLED COBRA-Naja naja pisonous snake in India.jpg,True,,False,175,289,0.605536,RGB,JPEG,9013,PROVENANCE_REVIEW,source provenance and training reuse rights not verified
Venomous/Monocled Cobra/Monocled cobra.jpg,True,,False,396,293,1.351536,RGB,JPEG,51770,PROVENANCE_REVIEW,source provenance and training reuse rights not verified
Venomous/Monocled Cobra/Monocled Cobra_001.jpg,True,,False,600,399,1.503759,RGB,JPEG,115131,PROVENANCE_REVIEW,source provenance and training reuse rights not verified
Venomous/Monocled Cobra/monocled-61.jpg,True,,False,3888,2592,1.5,RGB,JPEG,4835267,PROVENANCE_REVIEW,source provenance and training reuse rights not verified
Venomous/Monocled Cobra/monocled-baby-cobra3.jpg,True,,False,595,270,2.203704,RGB,JPEG,21023,PROVENANCE_REVIEW,source provenance and training reuse rights not verified
Venomous/Monocled Cobra/Monocled-Cobra-1-1.jpg,True,,False,1200,1200,1.0,RGB,JPEG,163675,PROVENANCE_REVIEW,source provenance and training reuse rights not verified
Venomous/Monocled Cobra/monocled-cobra-back_1.jpg,True,,False,620,344,1.802326,RGB,JPEG,27239,PROVENANCE_REVIEW,source provenance and training reuse rights not verified
Venomous/Monocled Cobra/monocled-cobra-naja-kaouthia-dr22tj.jpg,True,,False,345,540,0.638889,RGB,JPEG,44492,PROVENANCE_REVIEW,source provenance and training reuse rights not verified
Venomous/Monocled Cobra/monocled-cobra-naja-kaouthia-portrait-armx60.jpg,True,,False,450,317,1.419558,RGB,JPEG,47220,PROVENANCE_REVIEW,source provenance and training reuse rights not verified
Venomous/Monocled Cobra/monocled-cobra-naja-kaouthia-venomous-common-eaglenest-arunachal-pradesh-B39GW0.jpg,True,,False,1300,940,1.382979,RGB,JPEG,298899,PROVENANCE_REVIEW,source provenance and training reuse rights not verified
Venomous/Monocled Cobra/monocled-cobra-naja-kaouthia-venomous-common-eaglenest-arunachal-pradesh-B39H7Y.jpg,True,,False,1300,936,1.388889,RGB,JPEG,214016,PROVENANCE_REVIEW,source provenance and training reuse rights not verified
Venomous/Monocled Cobra/monocled-cobra-naja-kaouthia-venomous-common-eaglenest-arunachal-pradesh-b39h8h.jpg,True,,False,338,540,0.625926,RGB,JPEG,76947,PROVENANCE_REVIEW,source provenance and training reuse rights not verified
Venomous/Monocled Cobra/monocled-cobra-naja-naja-kaouthia-native-to-south-eastern-asia-a7yf0g.jpg,True,,False,296,470,0.629787,RGB,JPEG,47962,PROVENANCE_REVIEW,source provenance and training reuse rights not verified
Venomous/Monocled Cobra/monocled-cobra-naja-naja-kaouthis-albino-rearing-thailand-a3p8jp.jpg,True,,False,450,319,1.410658,RGB,JPEG,59611,PROVENANCE_REVIEW,source provenance and training reuse rights not verified
Venomous/Monocled Cobra/monocled-cobra-naja-naja-kaouthis-albino-rearing-thailand-a3p8kj.jpg,True,,False,346,540,0.640741,RGB,JPEG,53010,PROVENANCE_REVIEW,source provenance and training reuse rights not verified
Venomous/Monocled Cobra/monocled-cobra-snake-death_85876_ver1.0_1280_720.jpg,True,,False,1280,720,1.777778,RGB,JPEG,78311,PROVENANCE_REVIEW,source provenance and training reuse rights not verified
Venomous/Monocled Cobra/monocled-cobra.jpg,True,,False,1024,768,1.333333,RGB,JPEG,182543,PROVENANCE_REVIEW,source provenance and training reuse rights not verified
Venomous/Monocled Cobra/monocled-cobra_001.jpg,True,,False,1000,664,1.506024,RGB,JPEG,318453,PROVENANCE_REVIEW,source provenance and training reuse rights not verified
Venomous/Monocled Cobra/Monocled-Cobras.jpg,True,,False,331,500,0.662,RGB,JPEG,263195,PROVENANCE_REVIEW,source provenance and training reuse rights not verified
Venomous/Monocled Cobra/Monocled-Cobras.jpg-nggid0256-ngg0dyn-286x300x100-00f0w010c011r110f110r010t010.jpg,True,,False,286,300,0.953333,RGB,JPEG,69626,PROVENANCE_REVIEW,source provenance and training reuse rights not verified
Venomous/Monocled Cobra/Monocled-Cobras_001.jpg,True,,False,1200,1088,1.102941,RGB,JPEG,195530,PROVENANCE_REVIEW,source provenance and training reuse rights not verified
Venomous/Monocled Cobra/Monocled_Cobra.jpg,True,,False,320,299,1.070234,RGB,JPEG,24356,PROVENANCE_REVIEW,source provenance and training reuse rights not verified
Venomous/Monocled Cobra/Monocled_Cobra00.jpg,True,,False,217,163,1.331288,RGB,JPEG,23479,PROVENANCE_REVIEW,source provenance and training reuse rights not verified
Venomous/Monocled Cobra/Monocled_Cobra2.jpg,True,,False,800,601,1.331115,RGB,JPEG,202716,PROVENANCE_REVIEW,source provenance and training reuse rights not verified
Venomous/Monocled Cobra/Monocled_Cobra_-Naja_kaouthia_-_In_Bangladesh_600.jpg,True,,False,600,398,1.507538,RGB,JPEG,49287,PROVENANCE_REVIEW,source provenance and training reuse rights not verified
Venomous/Monocled Cobra/Monocled_Cobra_3.jpg,True,,False,999,653,1.529862,RGB,JPEG,67419,PROVENANCE_REVIEW,source provenance and training reuse rights not verified
Venomous/Monocled Cobra/monocledcobra.jpg,True,,False,621,466,1.332618,RGB,JPEG,104984,PROVENANCE_REVIEW,source provenance and training reuse rights not verified
Venomous/Monocled Cobra/naja-kaouthia-back.jpg,True,,False,800,534,1.498127,RGB,JPEG,366456,PROVENANCE_REVIEW,source provenance and training reuse rights not verified
Venomous/Monocled Cobra/naja-kaouthia-monocled-cobra-dr26h2.jpg,True,,False,640,445,1.438202,RGB,JPEG,67365,PROVENANCE_REVIEW,source provenance and training reuse rights not verified
Venomous/Monocled Cobra/naja-kaouthia-monocled-cobra-DV-02-15-3.jpg,True,,False,400,265,1.509434,RGB,JPEG,49823,PROVENANCE_REVIEW,source provenance and training reuse rights not verified
Venomous/Monocled Cobra/naja-kaouthia-monocled-cobra-kuiburi-800x600.jpg,True,,False,800,532,1.503759,RGB,JPEG,26866,PROVENANCE_REVIEW,source provenance and training reuse rights not verified
Venomous/Monocled Cobra/naja-kaouthia-monocled-cobra-kuiburi-800x600_001.jpg,True,,False,800,532,1.503759,RGB,JPEG,53879,PROVENANCE_REVIEW,source provenance and training reuse rights not verified
Venomous/Monocled Cobra/naja-kaouthia-monocled-cobra-kuiburi-800x600_002.jpg,True,,False,800,532,1.503759,RGB,JPEG,94099,PROVENANCE_REVIEW,source provenance and training reuse rights not verified
Venomous/Monocled Cobra/naja-kaouthia-monocled-cobras-randy-ciuros.jpg,True,,False,963,642,1.5,RGB,JPEG,303352,PROVENANCE_REVIEW,source provenance and training reuse rights not verified
Venomous/Monocled Cobra/naja-top.jpg,True,,False,367,285,1.287719,RGB,JPEG,34887,PROVENANCE_REVIEW,source provenance and training reuse rights not verified
Venomous/Monocled Cobra/Naja_kaouthia.jpg,True,,False,316,320,0.9875,RGB,JPEG,41522,PROVENANCE_REVIEW,source provenance and training reuse rights not verified
Venomous/Monocled Cobra/NajaKaouthia.jpg,True,,False,220,276,0.797101,RGB,JPEG,14941,PROVENANCE_REVIEW,source provenance and training reuse rights not verified
Venomous/Monocled Cobra/original.jpg,True,,False,679,1200,0.565833,RGB,JPEG,104120,PROVENANCE_REVIEW,source provenance and training reuse rights not verified
Venomous/Monocled Cobra/P1000433.JPG,True,,False,400,300,1.333333,RGB,JPEG,37515,PROVENANCE_REVIEW,source provenance and training reuse rights not verified
Venomous/Monocled Cobra/P1030202.jpg,True,,False,920,612,1.503268,RGB,JPEG,361491,PROVENANCE_REVIEW,source provenance and training reuse rights not verified
Venomous/Monocled Cobra/People-Group-Monocled-Cobra-on-display-0029.jpg,True,,False,1280,1257,1.018298,RGB,JPEG,199072,PROVENANCE_REVIEW,source provenance and training reuse rights not verified
Venomous/Monocled Cobra/Piebald1.jpg,True,,False,400,300,1.333333,RGB,JPEG,46646,PROVENANCE_REVIEW,source provenance and training reuse rights not verified
Venomous/Monocled Cobra/rearfanged~~element117.JPG,True,,False,791,525,1.506667,RGB,JPEG,91631,PROVENANCE_REVIEW,source provenance and training reuse rights not verified
Venomous/Monocled Cobra/snak21.jpg,True,,False,1024,683,1.499268,RGB,JPEG,36357,PROVENANCE_REVIEW,source provenance and training reuse rights not verified
Venomous/Monocled Cobra/stock-photo-monocle-cobra-36770869.jpg,True,,False,450,319,1.410658,RGB,JPEG,42701,PROVENANCE_REVIEW,source provenance and training reuse rights not verified
Venomous/Monocled Cobra/stock-photo-monocle-cobra-83440318.jpg,True,,False,450,319,1.410658,RGB,JPEG,46877,PROVENANCE_REVIEW,source provenance and training reuse rights not verified
Venomous/Monocled Cobra/stock-photo-the-monocled-cobra-also-called-monocellate-cobra-is-a-cobra-species-widespread-across-south-and-658718986.jpg,True,,False,450,304,1.480263,RGB,JPEG,29998,PROVENANCE_REVIEW,source provenance and training reuse rights not verified
Venomous/Monocled Cobra/stock-photo-the-monocled-cobra-naja-kaouthia-also-called-monocellate-cobra-602177225.jpg,True,,False,450,320,1.40625,RGB,JPEG,36978,PROVENANCE_REVIEW,source provenance and training reuse rights not verified
Venomous/Monocled Cobra/stock-photo-the-monocled-cobra-naja-kaouthia-also-called-monocellate-cobra-is-a-cobra-species-widespread-647998777.jpg,True,,False,450,320,1.40625,RGB,JPEG,33931,PROVENANCE_REVIEW,source provenance and training reuse rights not verified
Venomous/Monocled Cobra/suphan-phase-monocled.jpg,True,,False,298,450,0.662222,RGB,JPEG,13804,PROVENANCE_REVIEW,source provenance and training reuse rights not verified
Venomous/Monocled Cobra/texas-teen-suicide-snakebite.jpg,True,,False,940,545,1.724771,RGB,JPEG,113983,PROVENANCE_REVIEW,source provenance and training reuse rights not verified
Venomous/Monocled Cobra/Thai05M4Bild06MscC400.jpg,True,,False,400,626,0.638978,RGB,JPEG,106627,PROVENANCE_REVIEW,source provenance and training reuse rights not verified
Venomous/Monocled Cobra/toz13182l.jpg,True,,False,1600,1200,1.333333,RGB,JPEG,355552,PROVENANCE_REVIEW,source provenance and training reuse rights not verified
Venomous/Monocled Cobra/toz13183l.jpg,True,,False,1200,900,1.333333,RGB,JPEG,260117,PROVENANCE_REVIEW,source provenance and training reuse rights not verified
Venomous/Monocled Cobra/toz16925l.jpg,True,,False,1600,1200,1.333333,RGB,JPEG,239196,PROVENANCE_REVIEW,source provenance and training reuse rights not verified
Venomous/Monocled Cobra/tumblr_inline_n5ssgeNsfl1sgqxtf.jpg,True,,False,500,667,0.749625,RGB,JPEG,98447,PROVENANCE_REVIEW,source provenance and training reuse rights not verified
Venomous/Russell's Viper/00483026.jpg,True,,False,700,467,1.498929,RGB,JPEG,316038,PROVENANCE_REVIEW,source provenance and training reuse rights not verified
Venomous/Russell's Viper/00550436.jpg,True,,False,467,700,0.667143,RGB,JPEG,218455,PROVENANCE_REVIEW,source provenance and training reuse rights not verified
Venomous/Russell's Viper/00550437.jpg,True,,False,700,467,1.498929,RGB,JPEG,221040,PROVENANCE_REVIEW,source provenance and training reuse rights not verified
Venomous/Russell's Viper/00550438.jpg,True,,False,467,700,0.667143,RGB,JPEG,298752,PROVENANCE_REVIEW,source provenance and training reuse rights not verified
Venomous/Russell's Viper/01AS-N31E.jpg,True,,False,342,230,1.486957,RGB,JPEG,43724,PROVENANCE_REVIEW,source provenance and training reuse rights not verified
Venomous/Russell's Viper/01AS-N8UP.jpg,True,,False,350,230,1.521739,RGB,JPEG,49121,PROVENANCE_REVIEW,source provenance and training reuse rights not verified
Venomous/Russell's Viper/01AS-N8UQ.jpg,True,,False,340,230,1.478261,RGB,JPEG,46310,PROVENANCE_REVIEW,source provenance and training reuse rights not verified
Venomous/Russell's Viper/01AS-QYGA.jpg,True,,False,345,230,1.5,RGB,JPEG,45690,PROVENANCE_REVIEW,source provenance and training reuse rights not verified
Venomous/Russell's Viper/0390.jpeg,True,,False,768,504,1.52381,RGB,JPEG,196869,PROVENANCE_REVIEW,source provenance and training reuse rights not verified
Venomous/Russell's Viper/0499.jpeg,True,,False,850,567,1.499118,RGB,JPEG,411652,PROVENANCE_REVIEW,source provenance and training reuse rights not verified
Venomous/Russell's Viper/08JulPykke02 viper.ART_G835841D7.1+09THRUSSELL_VIPER_2.jpg,True,,False,615,384,1.601562,RGB,JPEG,53549,PROVENANCE_REVIEW,source provenance and training reuse rights not verified
Venomous/Russell's Viper/1.jpg,True,,False,360,227,1.585903,RGB,JPEG,38285,PROVENANCE_REVIEW,source provenance and training reuse rights not verified
Venomous/Russell's Viper/1124russviper001.JPG,True,,False,1280,848,1.509434,RGB,JPEG,210439,PROVENANCE_REVIEW,source provenance and training reuse rights not verified
Venomous/Russell's Viper/1232377184_b7561e0e4a_b.jpg,True,,False,1024,768,1.333333,RGB,JPEG,256032,PROVENANCE_REVIEW,source provenance and training reuse rights not verified
Venomous/Russell's Viper/1438850877IMG_0479.JPG,True,,False,600,513,1.169591,RGB,JPEG,83217,PROVENANCE_REVIEW,source provenance and training reuse rights not verified
Venomous/Russell's Viper/1438850878p-17.jpg,True,,False,600,453,1.324503,RGB,JPEG,85278,PROVENANCE_REVIEW,source provenance and training reuse rights not verified
Venomous/Russell's Viper/15214744307_0f954327e5_b.jpg,True,,False,1024,683,1.499268,RGB,JPEG,245443,PROVENANCE_REVIEW,source provenance and training reuse rights not verified
Venomous/Russell's Viper/16121579037_bd92bd8404_b.jpg,True,,False,1024,683,1.499268,RGB,JPEG,237019,PROVENANCE_REVIEW,source provenance and training reuse rights not verified
Venomous/Russell's Viper/16964068388_c1afa0ed14.jpg,True,,False,500,333,1.501502,RGB,JPEG,81810,PROVENANCE_REVIEW,source provenance and training reuse rights not verified
Venomous/Russell's Viper/2.jpg,True,,False,357,640,0.557813,RGB,JPEG,60930,PROVENANCE_REVIEW,source provenance and training reuse rights not verified
Venomous/Russell's Viper/20090613_Daboia_russelii_Russells_Viper_Kettenviper_Pune.jpg,True,,False,1872,2099,0.891853,RGB,JPEG,2550393,PROVENANCE_REVIEW,source provenance and training reuse rights not verified
Venomous/Russell's Viper/20839492034_f052077617.jpg,True,,False,500,375,1.333333,RGB,JPEG,135594,PROVENANCE_REVIEW,source provenance and training reuse rights not verified
Venomous/Russell's Viper/20855503-Adult-Russell-s-Viper-Daboia-russelii-Tamil-Nadu-South-India-Stock-Photo.jpg,True,,False,1300,864,1.50463,RGB,JPEG,390509,PROVENANCE_REVIEW,source provenance and training reuse rights not verified
Venomous/Russell's Viper/20855505-Camouflage-pattern-on-adult-Russell-s-Viper-Daboia-russelii-Tamil-Nadu-South-India-Stock-Photo.jpg,True,,False,1300,862,1.508121,RGB,JPEG,252304,PROVENANCE_REVIEW,source provenance and training reuse rights not verified
Venomous/Russell's Viper/2103365373_25acae0a08.jpg,True,,False,471,351,1.34188,RGB,JPEG,84947,PROVENANCE_REVIEW,source provenance and training reuse rights not verified
Venomous/Russell's Viper/220px-Russells_viper_in_pune_zoo.jpg,True,,False,220,147,1.496599,RGB,JPEG,12677,PROVENANCE_REVIEW,source provenance and training reuse rights not verified
Venomous/Russell's Viper/221163-russell-s-viper.jpg,True,,False,400,400,1.0,RGB,JPEG,89374,PROVENANCE_REVIEW,source provenance and training reuse rights not verified
Venomous/Russell's Viper/23498842244_3e5d4cfab6.jpg,True,,False,500,308,1.623377,RGB,JPEG,98774,PROVENANCE_REVIEW,source provenance and training reuse rights not verified
Venomous/Russell's Viper/24166458841_50d7cf228b_b.jpg,True,,False,1024,743,1.378197,RGB,JPEG,678178,PROVENANCE_REVIEW,source provenance and training reuse rights not verified
Venomous/Russell's Viper/3.jpg,True,,False,448,321,1.395639,RGB,JPEG,45266,PROVENANCE_REVIEW,source provenance and training reuse rights not verified
Venomous/Russell's Viper/30.jpg,True,,False,559,408,1.370098,RGB,JPEG,61227,PROVENANCE_REVIEW,source provenance and training reuse rights not verified
Venomous/Russell's Viper/31 copy.jpg,True,,False,554,459,1.206972,RGB,JPEG,66398,PROVENANCE_REVIEW,source provenance and training reuse rights not verified
Venomous/Russell's Viper/371843609_0ed582491a.jpg,True,,False,500,333,1.501502,RGB,JPEG,153982,PROVENANCE_REVIEW,source provenance and training reuse rights not verified
Venomous/Russell's Viper/4179-39698.jpg,True,,False,520,347,1.498559,RGB,JPEG,97840,PROVENANCE_REVIEW,source provenance and training reuse rights not verified
Venomous/Russell's Viper/4975186.jpg,True,,False,241,181,1.331492,RGB,JPEG,14622,PROVENANCE_REVIEW,source provenance and training reuse rights not verified
Venomous/Russell's Viper/50654.jpg,True,,False,959,641,1.4961,RGB,JPEG,236022,PROVENANCE_REVIEW,source provenance and training reuse rights not verified
Venomous/Russell's Viper/5101695344_48fe2388e9_b.jpg,True,,False,1024,910,1.125275,RGB,JPEG,333593,PROVENANCE_REVIEW,source provenance and training reuse rights not verified
Venomous/Russell's Viper/5140650546_698c8b9dc9_b.jpg,True,,False,1024,818,1.251834,RGB,JPEG,512647,PROVENANCE_REVIEW,source provenance and training reuse rights not verified
Venomous/Russell's Viper/51523Bild_354.jpg,True,,False,1200,900,1.333333,RGB,JPEG,175192,PROVENANCE_REVIEW,source provenance and training reuse rights not verified
Venomous/Russell's Viper/5207091.jpg,True,,False,250,218,1.146789,RGB,JPEG,13803,PROVENANCE_REVIEW,source provenance and training reuse rights not verified
Venomous/Russell's Viper/5384077d7fe23.jpg,True,,False,439,207,2.120773,RGB,JPEG,59570,PROVENANCE_REVIEW,source provenance and training reuse rights not verified
Venomous/Russell's Viper/5384096bcdfba.jpg,True,,False,389,193,2.015544,RGB,JPEG,37184,PROVENANCE_REVIEW,source provenance and training reuse rights not verified
Venomous/Russell's Viper/5384096bea0ed.jpg,True,,False,500,201,2.487562,RGB,JPEG,62842,PROVENANCE_REVIEW,source provenance and training reuse rights not verified
Venomous/Russell's Viper/5384096c1c063.jpg,True,,False,361,299,1.207358,RGB,JPEG,87506,PROVENANCE_REVIEW,source provenance and training reuse rights not verified
Venomous/Russell's Viper/5419812_orig.jpg,True,,False,500,334,1.497006,RGB,JPEG,68515,PROVENANCE_REVIEW,source provenance and training reuse rights not verified
Venomous/Russell's Viper/6096504998_19989dc810_z.jpg,True,,False,640,480,1.333333,RGB,JPEG,149445,PROVENANCE_REVIEW,source provenance and training reuse rights not verified
Venomous/Russell's Viper/621cc2e9123ff3733add9cf51d374c1c--top-five-hady.jpg,True,,False,236,236,1.0,RGB,JPEG,17390,PROVENANCE_REVIEW,source provenance and training reuse rights not verified
Venomous/Russell's Viper/7417839_orig.jpg,True,,False,720,480,1.5,RGB,JPEG,120946,PROVENANCE_REVIEW,source provenance and training reuse rights not verified
Venomous/Russell's Viper/8fa72038962b6df573adbdd40eb3bdea.jpg,True,,False,480,336,1.428571,RGB,JPEG,346601,PROVENANCE_REVIEW,source provenance and training reuse rights not verified
Venomous/Russell's Viper/900-464852747-russells-viper.jpg,True,,False,900,559,1.610018,RGB,JPEG,74027,PROVENANCE_REVIEW,source provenance and training reuse rights not verified
Venomous/Russell's Viper/90355786.jpg,True,,False,700,466,1.502146,RGB,JPEG,99320,PROVENANCE_REVIEW,source provenance and training reuse rights not verified
Venomous/Russell's Viper/a.JPG,True,,False,1600,1053,1.519468,RGB,JPEG,438638,PROVENANCE_REVIEW,source provenance and training reuse rights not verified
Venomous/Russell's Viper/aaa.JPG,True,,False,1600,1077,1.485608,RGB,JPEG,272943,PROVENANCE_REVIEW,source provenance and training reuse rights not verified
Venomous/Russell's Viper/aaaa.JPG,True,,False,1600,1067,1.499531,RGB,JPEG,550602,PROVENANCE_REVIEW,source provenance and training reuse rights not verified
Venomous/Russell's Viper/cbc8f79baa7ed6c6004000dc68f1d8b4.jpg,True,,False,1200,861,1.393728,RGB,JPEG,324173,PROVENANCE_REVIEW,source provenance and training reuse rights not verified
Venomous/Russell's Viper/D8B_8271_Daboia_siamensis_Sa_Keao9x16-300x169.jpg,True,,False,300,169,1.775148,RGB,JPEG,17508,PROVENANCE_REVIEW,source provenance and training reuse rights not verified
Venomous/Russell's Viper/D8B_8356_Daboia_Siamensis_Sa_Keao-720x340.jpg,True,,False,720,340,2.117647,RGB,JPEG,87675,PROVENANCE_REVIEW,source provenance and training reuse rights not verified
Venomous/Russell's Viper/daboia russelli copy.jpg,True,,False,1442,775,1.860645,RGB,JPEG,365884,PROVENANCE_REVIEW,source provenance and training reuse rights not verified
Venomous/Russell's Viper/Daboia-russelii-03000025913_01.jpg,True,,False,560,373,1.50134,RGB,JPEG,57541,PROVENANCE_REVIEW,source provenance and training reuse rights not verified
Venomous/Russell's Viper/daboia-russelii-russells-viper-displaying-erect-fangs-these-fangs-H9ER3E.jpg,True,,False,1300,960,1.354167,RGB,JPEG,122057,PROVENANCE_REVIEW,source provenance and training reuse rights not verified
Venomous/Russell's Viper/daboia-russelii-russells-viper-dr22pc.jpg,True,,False,640,445,1.438202,RGB,JPEG,125562,PROVENANCE_REVIEW,source provenance and training reuse rights not verified
Venomous/Russell's Viper/daboia-russelii-russells-viper-DR22PC_001.jpg,True,,False,1300,953,1.364113,RGB,JPEG,240864,PROVENANCE_REVIEW,source provenance and training reuse rights not verified
Venomous/Russell's Viper/daboia-russelii-russells-viper-dr26ah.jpg,True,,False,640,445,1.438202,RGB,JPEG,133570,PROVENANCE_REVIEW,source provenance and training reuse rights not verified
Venomous/Russell's Viper/daboia-russelii-russells-viper-dr26fj.jpg,True,,False,640,445,1.438202,RGB,JPEG,97502,PROVENANCE_REVIEW,source provenance and training reuse rights not verified
Venomous/Russell's Viper/daboia-russelii-russells-viper-these-juvenile-vipers-was-born-in-captivity-H9EPEA.jpg,True,,False,1300,942,1.380042,RGB,JPEG,307094,PROVENANCE_REVIEW,source provenance and training reuse rights not verified
Venomous/Russell's Viper/daboia-russelii-russells-viper-venomous-mudumalai-sanctuary-tamilnadu-h9er01.jpg,True,,False,447,320,1.396875,RGB,JPEG,39276,PROVENANCE_REVIEW,source provenance and training reuse rights not verified
Venomous/Russell's Viper/Daboia-russelii-siamensis-russells-viper-chain-viper-bulian1.jpg,True,,False,400,300,1.333333,RGB,JPEG,15338,PROVENANCE_REVIEW,source provenance and training reuse rights not verified
Venomous/Russell's Viper/daboia-siamensis-siamese-russells-viper-800x600.jpg,True,,False,800,534,1.498127,RGB,JPEG,73130,PROVENANCE_REVIEW,source provenance and training reuse rights not verified
Venomous/Russell's Viper/Daboia-siamensis-–-Eastern-Russell’s-Viper-Siamese-Russell’s-Viper-2.jpg,True,,False,800,509,1.571709,RGB,JPEG,284887,PROVENANCE_REVIEW,source provenance and training reuse rights not verified
Venomous/Russell's Viper/daboia-tom-charlton-2011.jpg,True,,False,600,400,1.5,RGB,JPEG,210428,PROVENANCE_REVIEW,source provenance and training reuse rights not verified
Venomous/Russell's Viper/daboia1l.jpg,True,,False,600,400,1.5,RGB,JPEG,50280,PROVENANCE_REVIEW,source provenance and training reuse rights not verified
Venomous/Russell's Viper/daboia2l.jpg,True,,False,600,400,1.5,RGB,JPEG,57265,PROVENANCE_REVIEW,source provenance and training reuse rights not verified
Venomous/Russell's Viper/Daboia_head.jpg,True,,False,240,180,1.333333,RGB,JPEG,17248,PROVENANCE_REVIEW,source provenance and training reuse rights not verified
Venomous/Russell's Viper/Daboia_russelii_A_Chawla01.jpg,True,,False,3072,2304,1.333333,RGB,JPEG,3177924,PROVENANCE_REVIEW,source provenance and training reuse rights not verified
Venomous/Russell's Viper/Daboia_Russelli_in_a_Sensing_moment.jpg,True,,False,220,147,1.496599,RGB,JPEG,10655,PROVENANCE_REVIEW,source provenance and training reuse rights not verified
Venomous/Russell's Viper/Daboia_russelli_ZhimingS.jpg,True,,False,1024,683,1.499268,RGB,JPEG,424314,PROVENANCE_REVIEW,source provenance and training reuse rights not verified
Venomous/Russell's Viper/Daboia_siamensis_WN_adult_D8D_5167e.jpg,True,,False,2048,1306,1.568147,RGB,JPEG,649196,PROVENANCE_REVIEW,source provenance and training reuse rights not verified
Venomous/Russell's Viper/depositphotos_6652287-stock-photo-snake-siamese-russell-viper-focus.jpg,True,,False,1023,682,1.5,RGB,JPEG,193399,PROVENANCE_REVIEW,source provenance and training reuse rights not verified
Venomous/Russell's Viper/DSC00799.jpg,True,,False,1024,685,1.494891,RGB,JPEG,344816,PROVENANCE_REVIEW,source provenance and training reuse rights not verified
Venomous/Russell's Viper/DSC01378-L.jpg,True,,False,800,600,1.333333,RGB,JPEG,88365,PROVENANCE_REVIEW,source provenance and training reuse rights not verified
Venomous/Russell's Viper/dsc_0339.jpg,True,,False,605,427,1.416862,RGB,JPEG,167854,PROVENANCE_REVIEW,source provenance and training reuse rights not verified
Venomous/Russell's Viper/DSC_1797.preview.jpg,True,,False,640,435,1.471264,RGB,JPEG,72204,PROVENANCE_REVIEW,source provenance and training reuse rights not verified
Venomous/Russell's Viper/DSC_1996.JPG,True,,False,1600,1071,1.493931,RGB,JPEG,172619,PROVENANCE_REVIEW,source provenance and training reuse rights not verified
Venomous/Russell's Viper/DSC_2002.JPG,True,,False,1600,1071,1.493931,RGB,JPEG,206146,PROVENANCE_REVIEW,source provenance and training reuse rights not verified
Venomous/Russell's Viper/e9a25bbc56927a4a0e2faf09084c710d--data-in-india.jpg,True,,False,525,400,1.3125,RGB,JPEG,26898,PROVENANCE_REVIEW,source provenance and training reuse rights not verified
Venomous/Russell's Viper/Echis_carinatus2.jpg,True,,False,200,164,1.219512,RGB,JPEG,15596,PROVENANCE_REVIEW,source provenance and training reuse rights not verified
Venomous/Russell's Viper/fc6e1b08020db1b2c9c617930d5779db.jpg,True,,False,960,602,1.594684,RGB,JPEG,93987,PROVENANCE_REVIEW,source provenance and training reuse rights not verified
Venomous/Russell's Viper/File-Daboia_russelii_head_A_Chawla02.jpg,True,,False,3072,2304,1.333333,RGB,JPEG,2921472,PROVENANCE_REVIEW,source provenance and training reuse rights not verified
Venomous/Russell's Viper/hans-brueur-russells-viper-in-taiwan.jpg,True,,False,935,625,1.496,RGB,JPEG,495255,PROVENANCE_REVIEW,source provenance and training reuse rights not verified
Venomous/Russell's Viper/hans-russells-viper-head.jpg,True,,False,640,427,1.498829,RGB,JPEG,260430,PROVENANCE_REVIEW,source provenance and training reuse rights not verified
Venomous/Russell's Viper/hans-russells-viper-young.jpg,True,,False,640,429,1.491841,RGB,JPEG,260612,PROVENANCE_REVIEW,source provenance and training reuse rights not verified
Venomous/Russell's Viper/high-angle-view-of-a-russells-viper-vipera-russellii-india-b1j306.jpg,True,,False,640,446,1.434978,RGB,JPEG,140471,PROVENANCE_REVIEW,source provenance and training reuse rights not verified
Venomous/Russell's Viper/hqdefault.jpg,True,,False,480,360,1.333333,RGB,JPEG,29396,PROVENANCE_REVIEW,source provenance and training reuse rights not verified
Venomous/Russell's Viper/hqdefault_003.jpg,True,,False,480,360,1.333333,RGB,JPEG,30341,PROVENANCE_REVIEW,source provenance and training reuse rights not verified
Venomous/Russell's Viper/hqdefault_004.jpg,True,,False,480,360,1.333333,RGB,JPEG,30687,PROVENANCE_REVIEW,source provenance and training reuse rights not verified
Venomous/Russell's Viper/hqdefault_005.jpg,True,,False,480,360,1.333333,RGB,JPEG,38225,PROVENANCE_REVIEW,source provenance and training reuse rights not verified
Venomous/Russell's Viper/hqdefault_007.jpg,True,,False,480,360,1.333333,RGB,JPEG,24004,PROVENANCE_REVIEW,source provenance and training reuse rights not verified
Venomous/Russell's Viper/httpwww.indianaturewatch.net12.jpg,True,,False,900,675,1.333333,RGB,JPEG,176213,PROVENANCE_REVIEW,source provenance and training reuse rights not verified
Venomous/Russell's Viper/image-20151211-8314-1qqw4l0.JPG,True,,False,754,503,1.499006,RGB,JPEG,102756,PROVENANCE_REVIEW,source provenance and training reuse rights not verified
Venomous/Russell's Viper/image349.jpg,True,,False,350,237,1.476793,RGB,JPEG,15156,PROVENANCE_REVIEW,source provenance and training reuse rights not verified
Venomous/Russell's Viper/IMG_1426-Edit.jpg,True,,False,1600,1066,1.500938,RGB,JPEG,456151,PROVENANCE_REVIEW,source provenance and training reuse rights not verified
Venomous/Russell's Viper/img_1663_large.jpg,True,,False,1024,683,1.499268,RGB,JPEG,190160,PROVENANCE_REVIEW,source provenance and training reuse rights not verified
Venomous/Russell's Viper/IMG_3809-2.jpg,True,,False,4148,2778,1.493161,RGB,JPEG,1149967,PROVENANCE_REVIEW,source provenance and training reuse rights not verified
Venomous/Russell's Viper/IMG_3822-2.jpg,True,,False,2764,1801,1.534703,RGB,JPEG,737037,PROVENANCE_REVIEW,source provenance and training reuse rights not verified
Venomous/Russell's Viper/IMG_4386-2.jpg,True,,False,3267,2265,1.442384,RGB,JPEG,1688886,PROVENANCE_REVIEW,source provenance and training reuse rights not verified
Venomous/Russell's Viper/IMG_4625-2.jpg,True,,False,1471,1758,0.836746,RGB,JPEG,617578,PROVENANCE_REVIEW,source provenance and training reuse rights not verified
Venomous/Russell's Viper/Indian-Russells-Viper.jpg,True,,False,500,375,1.333333,RGB,JPEG,220648,PROVENANCE_REVIEW,source provenance and training reuse rights not verified
Venomous/Russell's Viper/juvenile-russells-viper.jpg,True,,False,312,229,1.362445,RGB,JPEG,61766,PROVENANCE_REVIEW,source provenance and training reuse rights not verified
Venomous/Russell's Viper/maxresdefault.jpg,True,,False,1280,720,1.777778,RGB,JPEG,180537,PROVENANCE_REVIEW,source provenance and training reuse rights not verified
Venomous/Russell's Viper/maxresdefault_001.jpg,True,,False,1920,1080,1.777778,RGB,JPEG,281795,PROVENANCE_REVIEW,source provenance and training reuse rights not verified
Venomous/Russell's Viper/maxresdefault_002.jpg,True,,False,1920,1080,1.777778,RGB,JPEG,353212,PROVENANCE_REVIEW,source provenance and training reuse rights not verified
Venomous/Russell's Viper/maxresdefault_006.jpg,True,,False,1280,720,1.777778,RGB,JPEG,136942,PROVENANCE_REVIEW,source provenance and training reuse rights not verified
Venomous/Russell's Viper/maxresdefault_007.jpg,True,,False,1280,720,1.777778,RGB,JPEG,125013,PROVENANCE_REVIEW,source provenance and training reuse rights not verified
Venomous/Russell's Viper/mod_dsc047651.jpg,True,,False,1304,1460,0.893151,RGB,JPEG,312876,PROVENANCE_REVIEW,source provenance and training reuse rights not verified
Venomous/Russell's Viper/MUS-FAPC1114_850.jpg,True,,False,681,850,0.801176,RGB,JPEG,131007,PROVENANCE_REVIEW,source provenance and training reuse rights not verified
Venomous/Russell's Viper/nature.jpg,True,,False,300,211,1.421801,RGB,JPEG,33920,PROVENANCE_REVIEW,source provenance and training reuse rights not verified
Venomous/Russell's Viper/ni_2015_63_3_300_158155_f6.jpg,True,,False,809,464,1.743534,RGB,JPEG,302998,PROVENANCE_REVIEW,source provenance and training reuse rights not verified
Venomous/Russell's Viper/P1050513 - Copy copy.JPG,True,,False,1600,1200,1.333333,RGB,JPEG,491844,PROVENANCE_REVIEW,source provenance and training reuse rights not verified
Venomous/Russell's Viper/P1150235.JPG,True,,False,1600,1200,1.333333,RGB,JPEG,687926,PROVENANCE_REVIEW,source provenance and training reuse rights not verified
Venomous/Russell's Viper/P7180049 (Small).JPG,True,,False,400,324,1.234568,RGB,JPEG,32932,PROVENANCE_REVIEW,source provenance and training reuse rights not verified
Venomous/Russell's Viper/P7180061.jpg,True,,False,200,361,0.554017,RGB,JPEG,20870,PROVENANCE_REVIEW,source provenance and training reuse rights not verified
Venomous/Russell's Viper/Presentation1.jpg,True,,False,960,720,1.333333,RGB,JPEG,111694,PROVENANCE_REVIEW,source provenance and training reuse rights not verified
Venomous/Russell's Viper/RC1848W.jpg,True,,False,730,324,2.253086,RGB,JPEG,131141,PROVENANCE_REVIEW,source provenance and training reuse rights not verified
Venomous/Russell's Viper/RUSFULL_.JPG,True,,False,1070,708,1.511299,RGB,JPEG,180245,PROVENANCE_REVIEW,source provenance and training reuse rights not verified
Venomous/Russell's Viper/RUSHEAD1.JPG,True,,False,1999,1296,1.542438,RGB,JPEG,304750,PROVENANCE_REVIEW,source provenance and training reuse rights not verified
Venomous/Russell's Viper/Russel Viper 02.jpg,True,,False,800,536,1.492537,RGB,JPEG,100923,PROVENANCE_REVIEW,source provenance and training reuse rights not verified
Venomous/Russell's Viper/Russel Viper 03.JPG,True,,False,1600,1088,1.470588,RGB,JPEG,196300,PROVENANCE_REVIEW,source provenance and training reuse rights not verified
Venomous/Russell's Viper/Russel Viper 04.jpg,True,,False,425,284,1.496479,RGB,JPEG,20749,PROVENANCE_REVIEW,source provenance and training reuse rights not verified
Venomous/Russell's Viper/Russel-Viper-Snake.jpg,True,,False,640,480,1.333333,RGB,JPEG,115546,PROVENANCE_REVIEW,source provenance and training reuse rights not verified
Venomous/Russell's Viper/Russel-Viper.jpg,True,,False,550,379,1.451187,RGB,JPEG,60618,PROVENANCE_REVIEW,source provenance and training reuse rights not verified
Venomous/Russell's Viper/russel_viper.jpg,True,,False,900,600,1.5,RGB,JPEG,293397,PROVENANCE_REVIEW,source provenance and training reuse rights not verified
Venomous/Russell's Viper/Russell's viper 3.jpg,True,,False,976,628,1.55414,RGB,JPEG,153763,PROVENANCE_REVIEW,source provenance and training reuse rights not verified
Venomous/Russell's Viper/russell's viper fangs.jpg,True,,False,500,375,1.333333,RGB,JPEG,180963,PROVENANCE_REVIEW,source provenance and training reuse rights not verified
Venomous/Russell's Viper/Russell's viper scales.jpg,True,,False,640,444,1.441441,RGB,JPEG,152845,PROVENANCE_REVIEW,source provenance and training reuse rights not verified
Venomous/Russell's Viper/Russell's_Viper.JPG,True,,False,5184,3456,1.5,RGB,JPEG,8749130,PROVENANCE_REVIEW,source provenance and training reuse rights not verified
Venomous/Russell's Viper/Russell's_Viper_(Daboia_russelli).JPG,True,,False,3648,2736,1.333333,RGB,JPEG,2184876,PROVENANCE_REVIEW,source provenance and training reuse rights not verified
Venomous/Russell's Viper/Russell's_Viper_-_Transportation_Box.JPG,True,,False,3456,2304,1.5,RGB,JPEG,1472323,PROVENANCE_REVIEW,source provenance and training reuse rights not verified
Venomous/Russell's Viper/russell-s-viper-male.jpg,True,,False,550,309,1.779935,RGB,JPEG,35811,PROVENANCE_REVIEW,source provenance and training reuse rights not verified
Venomous/Russell's Viper/russell-s-viper-vipers-found-india-snakes-aggressive-if-disturbed-deliver-nasty-bite-snake-cause-more-47272234.jpg,True,,False,1300,1065,1.220657,RGB,JPEG,185402,PROVENANCE_REVIEW,source provenance and training reuse rights not verified
Venomous/Russell's Viper/russell-s-viper.jpg,True,,False,728,425,1.712941,RGB,JPEG,77276,PROVENANCE_REVIEW,source provenance and training reuse rights not verified
Venomous/Russell's Viper/Russell-Viper-at-Kabini.jpg,True,,False,800,600,1.333333,RGB,JPEG,549451,PROVENANCE_REVIEW,source provenance and training reuse rights not verified
Venomous/Russell's Viper/russell-viper-daboia-russelii-vipera-russelii-creeping-over-a-dust-EBNPG7.jpg,True,,False,1300,956,1.359833,RGB,JPEG,282782,PROVENANCE_REVIEW,source provenance and training reuse rights not verified
Venomous/Russell's Viper/russell-viper-daboia-russelii-vipera-russelii-creeping-over-a-dust-EBNPGA.jpg,True,,False,1300,956,1.359833,RGB,JPEG,289881,PROVENANCE_REVIEW,source provenance and training reuse rights not verified
Venomous/Russell's Viper/russell-viper-daboia-russelii-vipera-russelii-creeping-over-a-street-EBNPG5.jpg,True,,False,1300,956,1.359833,RGB,JPEG,252385,PROVENANCE_REVIEW,source provenance and training reuse rights not verified
Venomous/Russell's Viper/russell-viper-daboia-russelii-vipera-russelii-portrait-sri-lanka-yala-ebnpg9.jpg,True,,False,347,540,0.642593,RGB,JPEG,101436,PROVENANCE_REVIEW,source provenance and training reuse rights not verified
Venomous/Russell's Viper/Russell-Viper-Vipera-Russellii.jpg,True,,False,500,344,1.453488,RGB,JPEG,29477,PROVENANCE_REVIEW,source provenance and training reuse rights not verified
Venomous/Russell's Viper/RUSSELL_VIPER.JPG,True,,False,2592,1944,1.333333,RGB,JPEG,1977436,PROVENANCE_REVIEW,source provenance and training reuse rights not verified
Venomous/Russell's Viper/russells viper.jpg,True,,False,1024,689,1.486212,RGB,JPEG,182422,PROVENANCE_REVIEW,source provenance and training reuse rights not verified
Venomous/Russell's Viper/RUSSELLS VIPER2.jpg,True,,False,1024,677,1.512555,RGB,JPEG,191637,PROVENANCE_REVIEW,source provenance and training reuse rights not verified
Venomous/Russell's Viper/Russells+viper++(MCBT+07)+copy.jpg,True,,False,400,331,1.208459,RGB,JPEG,33219,PROVENANCE_REVIEW,source provenance and training reuse rights not verified
Venomous/Russell's Viper/Russells-viper-01.jpg,True,,False,488,389,1.254499,RGB,JPEG,59840,PROVENANCE_REVIEW,source provenance and training reuse rights not verified
Venomous/Russell's Viper/Russells-viper-02.jpg,True,,False,380,312,1.217949,RGB,JPEG,61085,PROVENANCE_REVIEW,source provenance and training reuse rights not verified
Venomous/Russell's Viper/Russells-Viper-1-300x400.jpg,True,,False,300,400,0.75,RGB,JPEG,29559,PROVENANCE_REVIEW,source provenance and training reuse rights not verified
Venomous/Russell's Viper/Russells-Viper-3-400x359.jpg,True,,False,400,359,1.114206,RGB,JPEG,35682,PROVENANCE_REVIEW,source provenance and training reuse rights not verified
Venomous/Russell's Viper/Russells-viper-camouflaged-against-ground.jpg,True,,False,650,427,1.522248,RGB,JPEG,105282,PROVENANCE_REVIEW,source provenance and training reuse rights not verified
Venomous/Russell's Viper/Russells-viper-coiled.jpg,True,,False,367,520,0.705769,RGB,JPEG,82355,PROVENANCE_REVIEW,source provenance and training reuse rights not verified
Venomous/Russell's Viper/russells-viper-coiled_orig.jpg,True,,False,255,258,0.988372,RGB,JPEG,13875,PROVENANCE_REVIEW,source provenance and training reuse rights not verified
Venomous/Russell's Viper/russells-viper-daboia-russelii-aarey-milk-colony-india-russells-viper-J21DGH.jpg,True,,False,1300,956,1.359833,RGB,JPEG,202695,PROVENANCE_REVIEW,source provenance and training reuse rights not verified
Venomous/Russell's Viper/russells-viper-daboia-russelii-bangalore-karnataka-monotypicgenus-hnwt08.jpg,True,,False,450,320,1.40625,RGB,JPEG,40604,PROVENANCE_REVIEW,source provenance and training reuse rights not verified
Venomous/Russell's Viper/russells-viper-daboia-russelii-bangalore-karnataka-monotypicgenus-HNWT38.jpg,True,,False,1300,956,1.359833,RGB,JPEG,311514,PROVENANCE_REVIEW,source provenance and training reuse rights not verified
Venomous/Russell's Viper/russells-viper-daboia-russelii-bangalore-karnataka-monotypicgenus-hnwt38_001.jpg,True,,False,450,320,1.40625,RGB,JPEG,53639,PROVENANCE_REVIEW,source provenance and training reuse rights not verified
Venomous/Russell's Viper/russells-viper-daboia-russelii-bangalore-karnataka-monotypicgenus-HNWT3J.jpg,True,,False,1300,956,1.359833,RGB,JPEG,236587,PROVENANCE_REVIEW,source provenance and training reuse rights not verified
Venomous/Russell's Viper/russells-viper-daboia-russelii-bangalore-karnataka-monotypicgenus-hnww88.jpg,True,,False,450,320,1.40625,RGB,JPEG,26539,PROVENANCE_REVIEW,source provenance and training reuse rights not verified
Venomous/Russell's Viper/russells-viper-daboia-russelii-bangalore-karnataka-monotypicgenus-HNWW8K.jpg,True,,False,1300,956,1.359833,RGB,JPEG,273370,PROVENANCE_REVIEW,source provenance and training reuse rights not verified
Venomous/Russell's Viper/russells-viper-daboia-russelii-common-aarey-milk-colony-mumbai-india-e45w18.jpg,True,,False,640,447,1.431767,RGB,JPEG,82129,PROVENANCE_REVIEW,source provenance and training reuse rights not verified
Venomous/Russell's Viper/russells-viper-daboia-russelii-siamensis-queen-saovabha-snake-farm-head.jpg,True,,False,640,427,1.498829,RGB,JPEG,61012,PROVENANCE_REVIEW,source provenance and training reuse rights not verified
Venomous/Russell's Viper/russells-viper-daboia-russelii-siamensis-queen-saovabha-snake-farm-up.jpg,True,,False,640,428,1.495327,RGB,JPEG,59344,PROVENANCE_REVIEW,source provenance and training reuse rights not verified
Venomous/Russell's Viper/russells-viper-daboia-russelii-sri-lanka-hnb7ah.jpg,True,,False,640,447,1.431767,RGB,JPEG,60272,PROVENANCE_REVIEW,source provenance and training reuse rights not verified
Venomous/Russell's Viper/russells-viper-daboia-russelii.jpg,True,,False,600,390,1.538462,RGB,JPEG,77685,PROVENANCE_REVIEW,source provenance and training reuse rights not verified
Venomous/Russell's Viper/russells-viper-daboia-russelli-ncbs-bangalore-india-FAJAD9.jpg,True,,False,1300,956,1.359833,RGB,JPEG,251105,PROVENANCE_REVIEW,source provenance and training reuse rights not verified
Venomous/Russell's Viper/russells-viper-daboia-russelli-ncbs-bangalore-india-fajada.jpg,True,,False,640,447,1.431767,RGB,JPEG,223443,PROVENANCE_REVIEW,source provenance and training reuse rights not verified
Venomous/Russell's Viper/russells-viper-daboia-russelli-ncbs-bangalore-india-fajadc.jpg,True,,False,300,470,0.638298,RGB,JPEG,74724,PROVENANCE_REVIEW,source provenance and training reuse rights not verified
Venomous/Russell's Viper/russells-viper-daboia-vipera-russellii-native-to-pakistan-india-A7YEWH.jpg,True,,False,1300,941,1.381509,RGB,JPEG,325706,PROVENANCE_REVIEW,source provenance and training reuse rights not verified
Venomous/Russell's Viper/Russells-viper-head-front-view.jpg,True,,False,650,422,1.540284,RGB,JPEG,72458,PROVENANCE_REVIEW,source provenance and training reuse rights not verified
Venomous/Russell's Viper/Russells-viper-head-inbetween-body.jpg,True,,False,650,429,1.515152,RGB,JPEG,70784,PROVENANCE_REVIEW,source provenance and training reuse rights not verified
Venomous/Russell's Viper/Russells-viper-head-side-view.jpg,True,,False,650,418,1.555024,RGB,JPEG,78204,PROVENANCE_REVIEW,source provenance and training reuse rights not verified
Venomous/Russell's Viper/Russells-viper-head.jpg,True,,False,650,428,1.518692,RGB,JPEG,79200,PROVENANCE_REVIEW,source provenance and training reuse rights not verified
Venomous/Russell's Viper/Russells-viper-head_001.jpg,True,,False,170,147,1.156463,RGB,JPEG,24808,PROVENANCE_REVIEW,source provenance and training reuse rights not verified
Venomous/Russell's Viper/Russells-viper-in-habitat.jpg,True,,False,650,443,1.467269,RGB,JPEG,66724,PROVENANCE_REVIEW,source provenance and training reuse rights not verified
Venomous/Russell's Viper/Russells-Viper-Kabini.jpg,True,,False,800,600,1.333333,RGB,JPEG,489258,PROVENANCE_REVIEW,source provenance and training reuse rights not verified
Venomous/Russell's Viper/russells-viper-large.jpg,True,,False,490,432,1.134259,RGB,JPEG,120322,PROVENANCE_REVIEW,source provenance and training reuse rights not verified
Venomous/Russell's Viper/Russells-viper-portrait.jpg,True,,False,650,411,1.581509,RGB,JPEG,101775,PROVENANCE_REVIEW,source provenance and training reuse rights not verified
Venomous/Russell's Viper/russells-viper-russells-viper-russell-viper-poisonous-snake-on-white-DH1NH9.jpg,True,,False,1300,956,1.359833,RGB,JPEG,96167,PROVENANCE_REVIEW,source provenance and training reuse rights not verified
Venomous/Russell's Viper/Russells-Viper-Snake.jpg,True,,False,500,337,1.48368,RGB,JPEG,61496,PROVENANCE_REVIEW,source provenance and training reuse rights not verified
Venomous/Russell's Viper/russells-viper-vipera-russellii-dewt5x.jpg,True,,False,640,445,1.438202,RGB,JPEG,135348,PROVENANCE_REVIEW,source provenance and training reuse rights not verified
Venomous/Russell's Viper/Russells-viper-with-tongue-extended.jpg,True,,False,650,430,1.511628,RGB,JPEG,63140,PROVENANCE_REVIEW,source provenance and training reuse rights not verified
Venomous/Russell's Viper/Russells-viper.jpg,True,,False,650,436,1.490826,RGB,JPEG,99312,PROVENANCE_REVIEW,source provenance and training reuse rights not verified
Venomous/Russell's Viper/Russells-Viper21.jpg,True,,False,600,350,1.714286,RGB,JPEG,195377,PROVENANCE_REVIEW,source provenance and training reuse rights not verified
Venomous/Russell's Viper/Russells-viper_001.jpg,True,,False,650,430,1.511628,RGB,JPEG,124561,PROVENANCE_REVIEW,source provenance and training reuse rights not verified
Venomous/Russell's Viper/russells-viper_002.jpg,True,,False,400,266,1.503759,RGB,JPEG,32948,PROVENANCE_REVIEW,source provenance and training reuse rights not verified
Venomous/Russell's Viper/Russells-viper_005.jpg,True,,False,588,389,1.511568,RGB,JPEG,34731,PROVENANCE_REVIEW,source provenance and training reuse rights not verified
Venomous/Russell's Viper/russells-viper_006.jpg,True,,False,320,240,1.333333,RGB,JPEG,52190,PROVENANCE_REVIEW,source provenance and training reuse rights not verified
Venomous/Russell's Viper/Russells-Viper_007.jpg,True,,False,650,488,1.331967,RGB,JPEG,128487,PROVENANCE_REVIEW,source provenance and training reuse rights not verified
Venomous/Russell's Viper/russells_viper1l.jpg,True,,False,600,400,1.5,RGB,JPEG,34567,PROVENANCE_REVIEW,source provenance and training reuse rights not verified
Venomous/Russell's Viper/russells_viper_001.jpg,True,,False,600,449,1.336303,RGB,JPEG,281775,PROVENANCE_REVIEW,source provenance and training reuse rights not verified
Venomous/Russell's Viper/russells_viper_dead_on_road4lr11_09.jpg,True,,False,504,742,0.679245,RGB,JPEG,546009,PROVENANCE_REVIEW,source provenance and training reuse rights not verified
Venomous/Russell's Viper/russellsviper.jpg,True,,False,432,284,1.521127,RGB,JPEG,44374,PROVENANCE_REVIEW,source provenance and training reuse rights not verified
Venomous/Russell's Viper/russellsviper_001.jpg,True,,False,640,448,1.428571,RGB,JPEG,77877,PROVENANCE_REVIEW,source provenance and training reuse rights not verified
Venomous/Russell's Viper/russellsviper_002.jpg,True,,False,620,465,1.333333,RGB,JPEG,121847,PROVENANCE_REVIEW,source provenance and training reuse rights not verified
Venomous/Russell's Viper/russellsviper_003.jpg,True,,False,1000,750,1.333333,RGB,JPEG,464723,PROVENANCE_REVIEW,source provenance and training reuse rights not verified
Venomous/Russell's Viper/russellsviper_004.jpg,True,,False,621,463,1.341253,RGB,JPEG,97392,PROVENANCE_REVIEW,source provenance and training reuse rights not verified
Venomous/Russell's Viper/russellsviper_005.JPG,True,,False,427,387,1.103359,RGB,JPEG,80787,PROVENANCE_REVIEW,source provenance and training reuse rights not verified
Venomous/Russell's Viper/Russellsviper_006.jpg,True,,False,400,300,1.333333,RGB,JPEG,94384,PROVENANCE_REVIEW,source provenance and training reuse rights not verified
Venomous/Russell's Viper/russellsviperdefensive.jpg,True,,False,432,290,1.489655,RGB,JPEG,52422,PROVENANCE_REVIEW,source provenance and training reuse rights not verified
Venomous/Russell's Viper/russels-viper-daboia-russelii-venomous-common-near-tamhini-maharashtra-by10dg.jpg,True,,False,640,446,1.434978,RGB,JPEG,123395,PROVENANCE_REVIEW,source provenance and training reuse rights not verified
Venomous/Russell's Viper/Russels-viper-Mike-Lyssarides-permissioned.jpg,True,,False,800,451,1.773836,RGB,JPEG,137911,PROVENANCE_REVIEW,source provenance and training reuse rights not verified
Venomous/Russell's Viper/Russels-viper-Mike-Lyssarides.jpg,True,,False,600,463,1.295896,RGB,JPEG,164638,PROVENANCE_REVIEW,source provenance and training reuse rights not verified
Venomous/Russell's Viper/russels-viper.jpg,True,,False,600,450,1.333333,RGB,JPEG,95636,PROVENANCE_REVIEW,source provenance and training reuse rights not verified
Venomous/Russell's Viper/RV1.jpg,True,,False,1836,3264,0.5625,RGB,JPEG,667653,PROVENANCE_REVIEW,source provenance and training reuse rights not verified
Venomous/Russell's Viper/rvv_snake.jpg,True,,False,384,268,1.432836,RGB,JPEG,29449,PROVENANCE_REVIEW,source provenance and training reuse rights not verified
Venomous/Russell's Viper/rw-146-RussellsViperorDaboya.png,True,,False,498,367,1.356948,RGBA,PNG,541224,PROVENANCE_REVIEW,source provenance and training reuse rights not verified
Venomous/Russell's Viper/siamese-russel-viper-1.jpg,True,,False,720,471,1.528662,RGB,JPEG,81720,PROVENANCE_REVIEW,source provenance and training reuse rights not verified
Venomous/Russell's Viper/siamese-russells-viper-daboia-siamensis-800x600.jpg,True,,False,800,534,1.498127,RGB,JPEG,82221,PROVENANCE_REVIEW,source provenance and training reuse rights not verified
Venomous/Russell's Viper/siamese-russells-viper-daboia-siamensis-800x600_001.jpg,True,,False,800,534,1.498127,RGB,JPEG,118329,PROVENANCE_REVIEW,source provenance and training reuse rights not verified
Venomous/Russell's Viper/siamese-russells-viper.jpg,True,,False,3000,4000,0.75,RGB,JPEG,2300483,PROVENANCE_REVIEW,source provenance and training reuse rights not verified
Venomous/Russell's Viper/sites_snake-antivenin.com_files_russell-viper-daboia-russelli-siamensis-antivenom-red-cross.jpg,True,,False,373,215,1.734884,RGB,JPEG,18772,PROVENANCE_REVIEW,source provenance and training reuse rights not verified
Venomous/Russell's Viper/snake-bit-mit-resize-1.jpg,True,,False,1024,577,1.774697,RGB,JPEG,104000,PROVENANCE_REVIEW,source provenance and training reuse rights not verified
Venomous/Russell's Viper/snake.jpg,True,,False,250,188,1.329787,RGB,JPEG,14446,PROVENANCE_REVIEW,source provenance and training reuse rights not verified
Venomous/Russell's Viper/SNP00553.jpg,True,,False,300,225,1.333333,RGB,JPEG,31878,PROVENANCE_REVIEW,source provenance and training reuse rights not verified
Venomous/Russell's Viper/stock-photo-adult-russell-s-viper-daboia-russelii-tamil-nadu-south-india-144893629.jpg,True,,False,1500,1098,1.36612,RGB,JPEG,896973,PROVENANCE_REVIEW,source provenance and training reuse rights not verified
Venomous/Russell's Viper/stock-photo-adult-russell-s-viper-daboia-russelii-tamil-nadu-south-india-144893635.jpg,True,,False,450,319,1.410658,RGB,JPEG,60454,PROVENANCE_REVIEW,source provenance and training reuse rights not verified
Venomous/Russell's Viper/stock-photo-adult-russell-s-viper-daboia-russelii-tamil-nadu-south-india-144896374.jpg,True,,False,450,319,1.410658,RGB,JPEG,53032,PROVENANCE_REVIEW,source provenance and training reuse rights not verified
Venomous/Russell's Viper/stock-photo-eastern-russell-s-viper-107255687.jpg,True,,False,450,320,1.40625,RGB,JPEG,57139,PROVENANCE_REVIEW,source provenance and training reuse rights not verified
Venomous/Russell's Viper/stock-photo-siamese-russell-s-viper-daboia-russelii-siamensis-631710800.jpg,True,,False,450,338,1.331361,RGB,JPEG,35143,PROVENANCE_REVIEW,source provenance and training reuse rights not verified
Venomous/Russell's Viper/stock-photo-tirunelveli-tamil-nadu-india-february-indian-man-catches-a-russell-s-viper-on-february-144885574.jpg,True,,False,299,470,0.63617,RGB,JPEG,51879,PROVENANCE_REVIEW,source provenance and training reuse rights not verified
Venomous/Russell's Viper/the-russells-viper.jpg,True,,False,310,310,1.0,RGB,JPEG,102745,PROVENANCE_REVIEW,source provenance and training reuse rights not verified
Venomous/Russell's Viper/toz19227l.jpg,True,,False,1600,1201,1.332223,RGB,JPEG,325980,PROVENANCE_REVIEW,source provenance and training reuse rights not verified
Venomous/Russell's Viper/toz19228l.jpg,True,,False,1600,1200,1.333333,RGB,JPEG,333294,PROVENANCE_REVIEW,source provenance and training reuse rights not verified
Venomous/Russell's Viper/tumblr_nee8a0sQm01rdag7yo1_500.jpg,True,,False,500,332,1.506024,RGB,PNG,315481,PROVENANCE_REVIEW,source provenance and training reuse rights not verified
Venomous/Russell's Viper/Tushar_mone.jpg,True,,False,220,148,1.486486,RGB,JPEG,10543,PROVENANCE_REVIEW,source provenance and training reuse rights not verified
Venomous/Russell's Viper/Two_Headed_Russell_E2_80_99s_V.jpg,True,,False,520,346,1.50289,RGB,JPEG,57830,PROVENANCE_REVIEW,source provenance and training reuse rights not verified
Venomous/Russell's Viper/viper-for-jasmine_img_0518.jpg,True,,False,1426,950,1.501053,RGB,JPEG,540756,PROVENANCE_REVIEW,source provenance and training reuse rights not verified
Venomous/Russell's Viper/Viper1.jpg,True,,False,578,305,1.895082,RGB,JPEG,56431,PROVENANCE_REVIEW,source provenance and training reuse rights not verified
Venomous/Russell's Viper/viper_1901250f.jpg,True,,False,636,593,1.072513,RGB,JPEG,132905,PROVENANCE_REVIEW,source provenance and training reuse rights not verified
Venomous/Saw-scaled Viper/0191.jpeg,True,,False,550,367,1.498638,RGB,JPEG,179166,PROVENANCE_REVIEW,source provenance and training reuse rights not verified
Venomous/Saw-scaled Viper/0194.jpeg,True,,False,768,512,1.5,RGB,JPEG,274575,PROVENANCE_REVIEW,source provenance and training reuse rights not verified
Venomous/Saw-scaled Viper/0240.jpeg,True,,False,500,304,1.644737,RGB,JPEG,59129,PROVENANCE_REVIEW,source provenance and training reuse rights not verified
Venomous/Saw-scaled Viper/03000025421_01_f.jpg,True,,False,1024,683,1.499268,RGB,JPEG,68223,PROVENANCE_REVIEW,source provenance and training reuse rights not verified
Venomous/Saw-scaled Viper/03000032484_01_f.jpg,True,,False,800,566,1.413428,RGB,JPEG,88305,PROVENANCE_REVIEW,source provenance and training reuse rights not verified
Venomous/Saw-scaled Viper/0446.jpeg,True,,False,550,367,1.498638,RGB,JPEG,60968,PROVENANCE_REVIEW,source provenance and training reuse rights not verified
Venomous/Saw-scaled Viper/0450.jpeg,True,,False,550,367,1.498638,RGB,JPEG,61216,PROVENANCE_REVIEW,source provenance and training reuse rights not verified
Venomous/Saw-scaled Viper/06.jpg,True,,False,640,432,1.481481,RGB,JPEG,118395,PROVENANCE_REVIEW,source provenance and training reuse rights not verified
Venomous/Saw-scaled Viper/0636.jpeg,True,,False,700,500,1.4,RGB,JPEG,316013,PROVENANCE_REVIEW,source provenance and training reuse rights not verified
Venomous/Saw-scaled Viper/0804.jpeg,True,,False,1024,537,1.90689,RGB,JPEG,184234,PROVENANCE_REVIEW,source provenance and training reuse rights not verified
Venomous/Saw-scaled Viper/0820.jpeg,True,,False,850,567,1.499118,RGB,JPEG,642243,PROVENANCE_REVIEW,source provenance and training reuse rights not verified
Venomous/Saw-scaled Viper/0977.jpeg,True,,False,432,288,1.5,RGB,JPEG,108786,PROVENANCE_REVIEW,source provenance and training reuse rights not verified
Venomous/Saw-scaled Viper/1-s2.0-S1080603207702168-gr1.jpg,True,,False,729,471,1.547771,RGB,JPEG,99283,PROVENANCE_REVIEW,source provenance and training reuse rights not verified
Venomous/Saw-scaled Viper/1.jpg,True,,False,340,255,1.333333,RGB,JPEG,50959,PROVENANCE_REVIEW,source provenance and training reuse rights not verified
Venomous/Saw-scaled Viper/1046.jpeg,True,,False,550,367,1.498638,RGB,JPEG,87580,PROVENANCE_REVIEW,source provenance and training reuse rights not verified
Venomous/Saw-scaled Viper/1056.jpeg,True,,False,650,535,1.214953,RGB,JPEG,465349,PROVENANCE_REVIEW,source provenance and training reuse rights not verified
Venomous/Saw-scaled Viper/114-viper.jpg,True,,False,854,480,1.779167,RGB,JPEG,63315,PROVENANCE_REVIEW,source provenance and training reuse rights not verified
Venomous/Saw-scaled Viper/119.jpg,True,,False,960,640,1.5,RGB,JPEG,217301,PROVENANCE_REVIEW,source provenance and training reuse rights not verified
Venomous/Saw-scaled Viper/1209.jpeg,True,,False,850,567,1.499118,RGB,JPEG,550598,PROVENANCE_REVIEW,source provenance and training reuse rights not verified
Venomous/Saw-scaled Viper/125625-004-9F0A5C13.jpg,True,,False,550,413,1.331719,RGB,JPEG,47806,PROVENANCE_REVIEW,source provenance and training reuse rights not verified
Venomous/Saw-scaled Viper/12873_2012_Article_167_Fig1_HTML.jpg,True,,False,1200,716,1.675978,RGB,JPEG,240754,PROVENANCE_REVIEW,source provenance and training reuse rights not verified
Venomous/Saw-scaled Viper/13-F-Keels--Scales-of-the-Saw-scaled-Viper.jpg,True,,False,1280,794,1.612091,RGB,JPEG,265356,PROVENANCE_REVIEW,source provenance and training reuse rights not verified
Venomous/Saw-scaled Viper/1361.jpeg,True,,False,640,416,1.538462,RGB,JPEG,69508,PROVENANCE_REVIEW,source provenance and training reuse rights not verified
Venomous/Saw-scaled Viper/143885070018.JPG,True,,False,600,400,1.5,RGB,JPEG,36018,PROVENANCE_REVIEW,source provenance and training reuse rights not verified
Venomous/Saw-scaled Viper/1440.jpeg,True,,False,690,433,1.593533,RGB,JPEG,231321,PROVENANCE_REVIEW,source provenance and training reuse rights not verified
Venomous/Saw-scaled Viper/15155896108_9c22ac4833_b.jpg,True,,False,1024,591,1.732657,RGB,JPEG,266138,PROVENANCE_REVIEW,source provenance and training reuse rights not verified
Venomous/Saw-scaled Viper/15330888-Closeup-of-pattern-on-saw-scaled-Viper-Echis-carinatus-Tamil-Nadu-South-India-Stock-Photo.jpg,True,,False,1300,864,1.50463,RGB,JPEG,246041,PROVENANCE_REVIEW,source provenance and training reuse rights not verified
Venomous/Saw-scaled Viper/16666056390_e5f1682bd0.jpg,True,,False,500,375,1.333333,RGB,JPEG,97573,PROVENANCE_REVIEW,source provenance and training reuse rights not verified
Venomous/Saw-scaled Viper/18955_340.jpg,True,,False,340,525,0.647619,RGB,JPEG,44284,PROVENANCE_REVIEW,source provenance and training reuse rights not verified
Venomous/Saw-scaled Viper/21505046724_1c0739e33c.jpg,True,,False,500,333,1.501502,RGB,JPEG,93298,PROVENANCE_REVIEW,source provenance and training reuse rights not verified
Venomous/Saw-scaled Viper/21506768173_3a57a2f595.jpg,True,,False,500,333,1.501502,RGB,JPEG,82129,PROVENANCE_REVIEW,source provenance and training reuse rights not verified
Venomous/Saw-scaled Viper/21939708950_b237f909c0.jpg,True,,False,500,333,1.501502,RGB,JPEG,84307,PROVENANCE_REVIEW,source provenance and training reuse rights not verified
Venomous/Saw-scaled Viper/22127891045_d34db643e0_b.jpg,True,,False,1024,683,1.499268,RGB,JPEG,267427,PROVENANCE_REVIEW,source provenance and training reuse rights not verified
Venomous/Saw-scaled Viper/22513154937_229434a62c_b.jpg,True,,False,1024,644,1.590062,RGB,JPEG,154670,PROVENANCE_REVIEW,source provenance and training reuse rights not verified
Venomous/Saw-scaled Viper/26437-004-9C6C0E46.jpg,True,,False,342,300,1.14,RGB,JPEG,62177,PROVENANCE_REVIEW,source provenance and training reuse rights not verified
Venomous/Saw-scaled Viper/300px-SSviper.jpg,True,,False,300,214,1.401869,RGB,JPEG,49848,PROVENANCE_REVIEW,source provenance and training reuse rights not verified
Venomous/Saw-scaled Viper/319A4819.preview.JPG,True,,False,640,427,1.498829,RGB,JPEG,110620,PROVENANCE_REVIEW,source provenance and training reuse rights not verified
Venomous/Saw-scaled Viper/34446387315_b357fc4e8e_b.jpg,True,,False,1024,683,1.499268,RGB,JPEG,249812,PROVENANCE_REVIEW,source provenance and training reuse rights not verified
Venomous/Saw-scaled Viper/4493565049_3d40dd0bc5_m.jpg,True,,False,240,159,1.509434,RGB,JPEG,21392,PROVENANCE_REVIEW,source provenance and training reuse rights not verified
Venomous/Saw-scaled Viper/45066.jpg,True,,False,800,579,1.381693,RGB,JPEG,115192,PROVENANCE_REVIEW,source provenance and training reuse rights not verified
Venomous/Saw-scaled Viper/506552827-egyptian-saw-scaled-viper-wriggling-gecko-chad.jpg,True,,False,480,270,1.777778,RGB,JPEG,29875,PROVENANCE_REVIEW,source provenance and training reuse rights not verified
Venomous/Saw-scaled Viper/51286_580_360.jpg,True,,False,541,360,1.502778,RGB,JPEG,70997,PROVENANCE_REVIEW,source provenance and training reuse rights not verified
Venomous/Saw-scaled Viper/5207091.jpg,True,,False,250,218,1.146789,RGB,JPEG,13803,PROVENANCE_REVIEW,source provenance and training reuse rights not verified
Venomous/Saw-scaled Viper/5384077d7fe23.jpg,True,,False,439,207,2.120773,RGB,JPEG,59570,PROVENANCE_REVIEW,source provenance and training reuse rights not verified
Venomous/Saw-scaled Viper/5384096c1c063.jpg,True,,False,361,299,1.207358,RGB,JPEG,87506,PROVENANCE_REVIEW,source provenance and training reuse rights not verified
Venomous/Saw-scaled Viper/5609809850_f5041d8285_b.jpg,True,,False,938,589,1.59253,RGB,JPEG,292219,PROVENANCE_REVIEW,source provenance and training reuse rights not verified
Venomous/Saw-scaled Viper/5739148026_6b28169cd9_b.jpg,True,,False,800,432,1.851852,RGB,JPEG,123890,PROVENANCE_REVIEW,source provenance and training reuse rights not verified
Venomous/Saw-scaled Viper/5809673008_0a9bd78528_b.jpg,True,,False,800,532,1.503759,RGB,JPEG,232725,PROVENANCE_REVIEW,source provenance and training reuse rights not verified
Venomous/Saw-scaled Viper/5817961486_6a8d0eed1d_b.jpg,True,,False,1024,735,1.393197,RGB,JPEG,629867,PROVENANCE_REVIEW,source provenance and training reuse rights not verified
Venomous/Saw-scaled Viper/602197057-egyptian-saw-scaled-viper-lurking-worming-chad.jpg,True,,False,960,540,1.777778,RGB,JPEG,63951,PROVENANCE_REVIEW,source provenance and training reuse rights not verified
Venomous/Saw-scaled Viper/619283807-egyptian-saw-scaled-viper-lurking-chad-sahara-das-versunkene-paradies.jpg,True,,False,960,540,1.777778,RGB,JPEG,78801,PROVENANCE_REVIEW,source provenance and training reuse rights not verified
Venomous/Saw-scaled Viper/661453767-egyptian-saw-scaled-viper-lurking-worming-chad.jpg,True,,False,480,270,1.777778,RGB,JPEG,47075,PROVENANCE_REVIEW,source provenance and training reuse rights not verified
Venomous/Saw-scaled Viper/6834742881_d6100bca97_b.jpg,True,,False,1024,617,1.659643,RGB,JPEG,371231,PROVENANCE_REVIEW,source provenance and training reuse rights not verified
Venomous/Saw-scaled Viper/686451267-wall-gecko-egyptian-saw-scaled-viper-worming-chad.jpg,True,,False,960,540,1.777778,RGB,JPEG,37061,PROVENANCE_REVIEW,source provenance and training reuse rights not verified
Venomous/Saw-scaled Viper/699780063-wall-gecko-egyptian-saw-scaled-viper-chad-sahara-das-versunkene-paradies.jpg,True,,False,960,540,1.777778,RGB,JPEG,33104,PROVENANCE_REVIEW,source provenance and training reuse rights not verified
Venomous/Saw-scaled Viper/7529771256_a2c54cd53f_b.jpg,True,,False,1024,680,1.505882,RGB,JPEG,153510,PROVENANCE_REVIEW,source provenance and training reuse rights not verified
Venomous/Saw-scaled Viper/755725196-egyptian-saw-scaled-viper-gecko-chad-sahara-das-versunkene-paradies.jpg,True,,False,960,540,1.777778,RGB,JPEG,31450,PROVENANCE_REVIEW,source provenance and training reuse rights not verified
Venomous/Saw-scaled Viper/806797304-wall-gecko-egyptian-saw-scaled-viper-chad-sahara-das-versunkene-paradies.jpg,True,,False,960,540,1.777778,RGB,JPEG,30305,PROVENANCE_REVIEW,source provenance and training reuse rights not verified
Venomous/Saw-scaled Viper/886949850-wall-gecko-egyptian-saw-scaled-viper-wriggling-chad.jpg,True,,False,960,540,1.777778,RGB,JPEG,45692,PROVENANCE_REVIEW,source provenance and training reuse rights not verified
Venomous/Saw-scaled Viper/900-183593306-saw-scaled-viper.jpg,True,,False,900,602,1.495017,RGB,JPEG,69964,PROVENANCE_REVIEW,source provenance and training reuse rights not verified
Venomous/Saw-scaled Viper/900-485595776-scaled-viper.jpg,True,,False,900,590,1.525424,RGB,JPEG,115402,PROVENANCE_REVIEW,source provenance and training reuse rights not verified
Venomous/Saw-scaled Viper/900-500394021-viper-echis.jpg,True,,False,900,598,1.505017,RGB,JPEG,80030,PROVENANCE_REVIEW,source provenance and training reuse rights not verified
Venomous/Saw-scaled Viper/90130058.jpg,True,,False,700,381,1.83727,RGB,JPEG,160594,PROVENANCE_REVIEW,source provenance and training reuse rights not verified
Venomous/Saw-scaled Viper/_62580566__45828483_saw_scaled_viper_spl.jpg,True,,False,720,405,1.777778,RGB,JPEG,38053,PROVENANCE_REVIEW,source provenance and training reuse rights not verified
Venomous/Saw-scaled Viper/_afe8d134-4e76-11e6-8d8d-a42edc5c5383.jpg,True,,False,640,327,1.957187,RGB,JPEG,32949,PROVENANCE_REVIEW,source provenance and training reuse rights not verified
Venomous/Saw-scaled Viper/_D096710.jpg,True,,False,800,533,1.500938,RGB,JPEG,363870,PROVENANCE_REVIEW,source provenance and training reuse rights not verified
Venomous/Saw-scaled Viper/_DSC0260.jpg,True,,False,1600,992,1.612903,RGB,JPEG,273758,PROVENANCE_REVIEW,source provenance and training reuse rights not verified
Venomous/Saw-scaled Viper/_DSC0273g.jpg,True,,False,1600,988,1.619433,RGB,JPEG,272265,PROVENANCE_REVIEW,source provenance and training reuse rights not verified
Venomous/Saw-scaled Viper/African-Saw-Scaled-Viper-Echis+ocellatus.jpg,True,,False,320,206,1.553398,RGB,JPEG,30713,PROVENANCE_REVIEW,source provenance and training reuse rights not verified
Venomous/Saw-scaled Viper/arabic-saw-scaled-viper-palestine-saw-scaled-viper-echis-coloratus-CNW8JE.jpg,True,,False,1300,955,1.361257,RGB,JPEG,256591,PROVENANCE_REVIEW,source provenance and training reuse rights not verified
Venomous/Saw-scaled Viper/arabic-saw-scaled-viper-palestine-saw-scaled-viper-echis-coloratus-EBN3ET.jpg,True,,False,1300,937,1.387407,RGB,JPEG,128108,PROVENANCE_REVIEW,source provenance and training reuse rights not verified
Venomous/Saw-scaled Viper/arabic-saw-scaled-viper-palestine-saw-scaled-viper-echis-coloratus-EBN3EW.jpg,True,,False,1300,943,1.378579,RGB,JPEG,132753,PROVENANCE_REVIEW,source provenance and training reuse rights not verified
Venomous/Saw-scaled Viper/b447c6b7f0714cb8487330d3487a86c1--colorful-snakes-the-saw.jpg,True,,False,425,282,1.507092,RGB,JPEG,95842,PROVENANCE_REVIEW,source provenance and training reuse rights not verified
Venomous/Saw-scaled Viper/bigfour-venomics-blog-7.jpg,True,,False,638,424,1.504717,RGB,JPEG,131725,PROVENANCE_REVIEW,source provenance and training reuse rights not verified
Venomous/Saw-scaled Viper/ca58c07171fe7897f737fb00ac7ed33e.jpg,True,,False,500,306,1.633987,RGB,JPEG,97634,PROVENANCE_REVIEW,source provenance and training reuse rights not verified
Venomous/Saw-scaled Viper/carpet_viper_2.jpg,True,,False,488,306,1.594771,RGB,JPEG,91431,PROVENANCE_REVIEW,source provenance and training reuse rights not verified
Venomous/Saw-scaled Viper/ce2f4d7322c5e71302a9ce29bf3b74f5.jpg,True,,False,220,165,1.333333,RGB,JPEG,15594,PROVENANCE_REVIEW,source provenance and training reuse rights not verified
Venomous/Saw-scaled Viper/Close-up-of-Palestine-saw-scaled-viper.jpg,True,,False,650,430,1.511628,RGB,JPEG,102777,PROVENANCE_REVIEW,source provenance and training reuse rights not verified
Venomous/Saw-scaled Viper/coiled-sind-saw-scaled-viper.jpg,True,,False,200,145,1.37931,RGB,JPEG,7939,PROVENANCE_REVIEW,source provenance and training reuse rights not verified
Venomous/Saw-scaled Viper/CY025J-1.jpg,True,,False,2048,1360,1.505882,RGB,JPEG,290213,PROVENANCE_REVIEW,source provenance and training reuse rights not verified
Venomous/Saw-scaled Viper/deadliest-world-Echis_carinatus.jpg,True,,False,640,480,1.333333,RGB,JPEG,47722,PROVENANCE_REVIEW,source provenance and training reuse rights not verified
Venomous/Saw-scaled Viper/Deinagkistrodon-acutus-coiled-up.jpg,True,,False,650,435,1.494253,RGB,JPEG,103475,PROVENANCE_REVIEW,source provenance and training reuse rights not verified
Venomous/Saw-scaled Viper/Desktop14 copy.jpg,True,,False,640,360,1.777778,RGB,JPEG,83399,PROVENANCE_REVIEW,source provenance and training reuse rights not verified
Venomous/Saw-scaled Viper/DSC00767.jpg,True,,False,1024,685,1.494891,RGB,JPEG,135188,PROVENANCE_REVIEW,source provenance and training reuse rights not verified
Venomous/Saw-scaled Viper/dsc_5371_720.jpg,True,,False,720,480,1.5,RGB,JPEG,177365,PROVENANCE_REVIEW,source provenance and training reuse rights not verified
Venomous/Saw-scaled Viper/eade0eaff607199224e4384a528cd8cc--viper-snakes.jpg,True,,False,236,168,1.404762,RGB,JPEG,14503,PROVENANCE_REVIEW,source provenance and training reuse rights not verified
Venomous/Saw-scaled Viper/Echis carinatus sinhaleyus_001.jpg,True,,False,500,324,1.54321,RGB,JPEG,52356,PROVENANCE_REVIEW,source provenance and training reuse rights not verified
Venomous/Saw-scaled Viper/echis-carinata-saw-scaled-viper-non-venomous-photographed-in-pune-h9erx8_001.jpg,True,,False,640,451,1.419069,RGB,JPEG,89637,PROVENANCE_REVIEW,source provenance and training reuse rights not verified
Venomous/Saw-scaled Viper/Echis-carinatus-03000022332_01.jpg,True,,False,560,373,1.50134,RGB,JPEG,60282,PROVENANCE_REVIEW,source provenance and training reuse rights not verified
Venomous/Saw-scaled Viper/Echis-carinatus-03000025920_01.jpg,True,,False,560,373,1.50134,RGB,JPEG,42415,PROVENANCE_REVIEW,source provenance and training reuse rights not verified
Venomous/Saw-scaled Viper/Echis-carinatus-03000032248_01.jpg,True,,False,560,478,1.171548,RGB,JPEG,68787,PROVENANCE_REVIEW,source provenance and training reuse rights not verified
Venomous/Saw-scaled Viper/Echis-carinatus-03000032251_01.jpg,True,,False,560,376,1.489362,RGB,JPEG,43787,PROVENANCE_REVIEW,source provenance and training reuse rights not verified
Venomous/Saw-scaled Viper/echis-carinatus-saw-scaled-viper-commonly-called-venomous-species-found-parts-middle-east-central-64401743.jpg,True,,False,1300,951,1.366982,RGB,JPEG,219713,PROVENANCE_REVIEW,source provenance and training reuse rights not verified
Venomous/Saw-scaled Viper/echis-carinatus-saw-scaled-viper-commonly-called-venomous-species-found-parts-middle-east-central-64402010.jpg,True,,False,1300,951,1.366982,RGB,JPEG,292993,PROVENANCE_REVIEW,source provenance and training reuse rights not verified
Venomous/Saw-scaled Viper/echis-carinatus-saw-scaled-viper-commonly-called-venomous-species-found-parts-middle-east-central-64402010_001.jpg,True,,False,242,160,1.5125,RGB,JPEG,22400,PROVENANCE_REVIEW,source provenance and training reuse rights not verified
Venomous/Saw-scaled Viper/echis-coloratus-painted-saw-scaled-viper-BN1NXB.jpg,True,,False,1300,953,1.364113,RGB,JPEG,240485,PROVENANCE_REVIEW,source provenance and training reuse rights not verified
Venomous/Saw-scaled Viper/echis-coloratus-saw-scaled-viper-bcpdaa.jpg,True,,False,450,320,1.40625,RGB,JPEG,42315,PROVENANCE_REVIEW,source provenance and training reuse rights not verified
Venomous/Saw-scaled Viper/echis-coloratus-saw-scaled-viper-bddyte.jpg,True,,False,450,319,1.410658,RGB,JPEG,35922,PROVENANCE_REVIEW,source provenance and training reuse rights not verified
Venomous/Saw-scaled Viper/echis-coloratus.jpg,True,,False,537,414,1.297101,RGB,JPEG,103249,PROVENANCE_REVIEW,source provenance and training reuse rights not verified
Venomous/Saw-scaled Viper/Echis_carinatus(Saw_Scaled_Viper)_Phansad.jpg,True,,False,2922,1908,1.531447,RGB,JPEG,4728399,PROVENANCE_REVIEW,source provenance and training reuse rights not verified
Venomous/Saw-scaled Viper/Echis_carinatus5.jpg,True,,False,200,134,1.492537,RGB,JPEG,14934,PROVENANCE_REVIEW,source provenance and training reuse rights not verified
Venomous/Saw-scaled Viper/Echis_carinatus_Genève_24102014_3-1024x681.jpg,True,,False,1024,681,1.503671,RGB,JPEG,151773,PROVENANCE_REVIEW,source provenance and training reuse rights not verified
Venomous/Saw-scaled Viper/Echis_carinatus_head_sal.jpg,True,,False,640,402,1.59204,RGB,JPEG,146180,PROVENANCE_REVIEW,source provenance and training reuse rights not verified
Venomous/Saw-scaled Viper/Echis_carinatus_sm.jpg,True,,False,876,605,1.447934,RGB,JPEG,154272,PROVENANCE_REVIEW,source provenance and training reuse rights not verified
Venomous/Saw-scaled Viper/Echis_coloratus-2.jpg,True,,False,900,600,1.5,RGB,JPEG,206300,PROVENANCE_REVIEW,source provenance and training reuse rights not verified
Venomous/Saw-scaled Viper/Echis_coloratus.jpg,True,,False,900,600,1.5,RGB,JPEG,153994,PROVENANCE_REVIEW,source provenance and training reuse rights not verified
"Venomous/Saw-scaled Viper/flat,1000x1000,075,f.u4.jpg",True,,False,1000,594,1.683502,RGB,JPEG,228596,PROVENANCE_REVIEW,source provenance and training reuse rights not verified
Venomous/Saw-scaled Viper/Head-of-Sind-saw-scaled-viper.jpg,True,,False,650,435,1.494253,RGB,JPEG,64340,PROVENANCE_REVIEW,source provenance and training reuse rights not verified
Venomous/Saw-scaled Viper/hqdefault.jpg,True,,False,480,360,1.333333,RGB,JPEG,19982,PROVENANCE_REVIEW,source provenance and training reuse rights not verified
Venomous/Saw-scaled Viper/hqdefault_003.jpg,True,,False,480,360,1.333333,RGB,JPEG,19602,PROVENANCE_REVIEW,source provenance and training reuse rights not verified
Venomous/Saw-scaled Viper/hqdefault_004.jpg,True,,False,480,360,1.333333,RGB,JPEG,12135,PROVENANCE_REVIEW,source provenance and training reuse rights not verified
Venomous/Saw-scaled Viper/hqdefault_007.jpg,True,,False,480,360,1.333333,RGB,JPEG,42461,PROVENANCE_REVIEW,source provenance and training reuse rights not verified
Venomous/Saw-scaled Viper/hqdefault_008.jpg,True,,False,480,360,1.333333,RGB,JPEG,20343,PROVENANCE_REVIEW,source provenance and training reuse rights not verified
Venomous/Saw-scaled Viper/hqdefault_009.jpg,True,,False,480,360,1.333333,RGB,JPEG,29506,PROVENANCE_REVIEW,source provenance and training reuse rights not verified
Venomous/Saw-scaled Viper/ht_saw_scaled_viper_heart_attack_treatment_lpl_130221_wmain.jpg,True,,False,640,360,1.777778,RGB,JPEG,98089,PROVENANCE_REVIEW,source provenance and training reuse rights not verified
Venomous/Saw-scaled Viper/image354.jpg,True,,False,350,237,1.476793,RGB,JPEG,15287,PROVENANCE_REVIEW,source provenance and training reuse rights not verified
Venomous/Saw-scaled Viper/img_2505.jpg,True,,False,2431,1824,1.332785,RGB,JPEG,2778284,PROVENANCE_REVIEW,source provenance and training reuse rights not verified
Venomous/Saw-scaled Viper/IMG_3806-2.jpg,True,,False,4170,2777,1.50162,RGB,JPEG,1438464,PROVENANCE_REVIEW,source provenance and training reuse rights not verified
Venomous/Saw-scaled Viper/IMG_3808-2.jpg,True,,False,1834,1293,1.418407,RGB,JPEG,445735,PROVENANCE_REVIEW,source provenance and training reuse rights not verified
Venomous/Saw-scaled Viper/IMG_4386-2.jpg,True,,False,3267,2265,1.442384,RGB,JPEG,1688886,PROVENANCE_REVIEW,source provenance and training reuse rights not verified
Venomous/Saw-scaled Viper/IMG_4588.jpg,True,,False,3456,2304,1.5,RGB,JPEG,3705930,PROVENANCE_REVIEW,source provenance and training reuse rights not verified
Venomous/Saw-scaled Viper/indian-saw-scaled-viper-echis-carinatus-hpwf67.jpg,True,,False,640,447,1.431767,RGB,JPEG,47694,PROVENANCE_REVIEW,source provenance and training reuse rights not verified
Venomous/Saw-scaled Viper/indian-saw-scaled-viper-echis-carinatus-HPWF67_001.jpg,True,,False,1300,956,1.359833,RGB,JPEG,134926,PROVENANCE_REVIEW,source provenance and training reuse rights not verified
Venomous/Saw-scaled Viper/indian-saw-scaled-viper-echis-carinatus-HPWF6H.jpg,True,,False,1300,956,1.359833,RGB,JPEG,174559,PROVENANCE_REVIEW,source provenance and training reuse rights not verified
Venomous/Saw-scaled Viper/large.jpg,True,,False,350,260,1.346154,RGB,JPEG,39642,PROVENANCE_REVIEW,source provenance and training reuse rights not verified
Venomous/Saw-scaled Viper/maxresdefault_001.jpg,True,,False,1920,1080,1.777778,RGB,JPEG,242743,PROVENANCE_REVIEW,source provenance and training reuse rights not verified
Venomous/Saw-scaled Viper/maxresdefault_002.jpg,True,,False,1946,1461,1.331964,RGB,JPEG,335619,PROVENANCE_REVIEW,source provenance and training reuse rights not verified
Venomous/Saw-scaled Viper/maxresdefault_003.jpg,True,,False,1500,947,1.583949,RGB,JPEG,229014,PROVENANCE_REVIEW,source provenance and training reuse rights not verified
Venomous/Saw-scaled Viper/maxresdefault_006.jpg,True,,False,1920,1080,1.777778,RGB,JPEG,282081,PROVENANCE_REVIEW,source provenance and training reuse rights not verified
Venomous/Saw-scaled Viper/maxresdefault_007.jpg,True,,False,1280,720,1.777778,RGB,JPEG,57018,PROVENANCE_REVIEW,source provenance and training reuse rights not verified
Venomous/Saw-scaled Viper/maxresdefault_008.jpg,True,,False,1280,720,1.777778,RGB,JPEG,76176,PROVENANCE_REVIEW,source provenance and training reuse rights not verified
Venomous/Saw-scaled Viper/maxresdefault_009.jpg,True,,False,1280,720,1.777778,RGB,JPEG,156642,PROVENANCE_REVIEW,source provenance and training reuse rights not verified
Venomous/Saw-scaled Viper/Oman-saw-scaled-viper-flicking-tongue.jpg,True,,False,650,435,1.494253,RGB,JPEG,123067,PROVENANCE_REVIEW,source provenance and training reuse rights not verified
Venomous/Saw-scaled Viper/Oman-saw-scaled-viper.jpg,True,,False,650,435,1.494253,RGB,JPEG,83886,PROVENANCE_REVIEW,source provenance and training reuse rights not verified
Venomous/Saw-scaled Viper/Saw Scaled Viper Echis_carinatus.jpg,True,,False,610,402,1.517413,RGB,JPEG,68566,PROVENANCE_REVIEW,source provenance and training reuse rights not verified
Venomous/Saw-scaled Viper/saw scaled viper.gif,True,,False,440,423,1.040189,P,GIF,145256,PROVENANCE_REVIEW,source provenance and training reuse rights not verified
Venomous/Saw-scaled Viper/Saw Scaled Viper.jpg,True,,False,400,272,1.470588,RGB,JPEG,58107,PROVENANCE_REVIEW,source provenance and training reuse rights not verified
Venomous/Saw-scaled Viper/saw-scale-viper-h.jpg,True,,False,520,358,1.452514,RGB,JPEG,45764,PROVENANCE_REVIEW,source provenance and training reuse rights not verified
Venomous/Saw-scaled Viper/saw-scale-viper.jpg,True,,False,240,126,1.904762,RGB,JPEG,14627,PROVENANCE_REVIEW,source provenance and training reuse rights not verified
Venomous/Saw-scaled Viper/saw-scaled VIPER.jpg,True,,False,549,800,0.68625,RGB,JPEG,238443,PROVENANCE_REVIEW,source provenance and training reuse rights not verified
Venomous/Saw-scaled Viper/Saw-scaled Viper_002.jpg,True,,False,2592,1944,1.333333,RGB,JPEG,2881324,PROVENANCE_REVIEW,source provenance and training reuse rights not verified
Venomous/Saw-scaled Viper/saw-scaled-pit-viper-16799779.jpg,True,,False,400,300,1.333333,RGB,JPEG,101343,PROVENANCE_REVIEW,source provenance and training reuse rights not verified
Venomous/Saw-scaled Viper/saw-scaled-pit-viper-16799779_001.jpg,True,,False,1300,1065,1.220657,RGB,JPEG,354124,PROVENANCE_REVIEW,source provenance and training reuse rights not verified
Venomous/Saw-scaled Viper/saw-scaled-viper--echis-carinatus.jpg,True,,False,571,372,1.534946,RGB,JPEG,92293,PROVENANCE_REVIEW,source provenance and training reuse rights not verified
Venomous/Saw-scaled Viper/Saw-scaled-Viper-02 copy-S.jpg,True,,False,400,267,1.498127,RGB,JPEG,66598,PROVENANCE_REVIEW,source provenance and training reuse rights not verified
Venomous/Saw-scaled Viper/Saw-scaled-Viper-03 copy-X2.jpg,True,,False,1280,854,1.498829,RGB,JPEG,536667,PROVENANCE_REVIEW,source provenance and training reuse rights not verified
Venomous/Saw-scaled Viper/Saw-Scaled-Viper-1 copy-X2.jpg,True,,False,1280,853,1.500586,RGB,JPEG,396777,PROVENANCE_REVIEW,source provenance and training reuse rights not verified
Venomous/Saw-scaled Viper/SAW-SCALED-VIPER-5.jpg,True,,False,800,540,1.481481,RGB,JPEG,215067,PROVENANCE_REVIEW,source provenance and training reuse rights not verified
Venomous/Saw-scaled Viper/Saw-Scaled-Viper-Bhavya-Joshi-Flickr.jpg,True,,False,704,414,1.700483,RGB,JPEG,61039,PROVENANCE_REVIEW,source provenance and training reuse rights not verified
Venomous/Saw-scaled Viper/saw-scaled-viper-echis-carinatus-common-wilderness-goa-E461GP.jpg,True,,False,1300,956,1.359833,RGB,JPEG,289689,PROVENANCE_REVIEW,source provenance and training reuse rights not verified
Venomous/Saw-scaled Viper/saw-scaled-viper-echis-carinatus-echis-carinatus-is-a-venomous-viper-ax095m.jpg,True,,False,640,448,1.428571,RGB,JPEG,175927,PROVENANCE_REVIEW,source provenance and training reuse rights not verified
Venomous/Saw-scaled Viper/saw-scaled-viper-echis-carinatus-in-creek-tamil-nadu-south-india-EPD0HY.jpg,True,,False,1300,952,1.365546,RGB,JPEG,217254,PROVENANCE_REVIEW,source provenance and training reuse rights not verified
Venomous/Saw-scaled Viper/saw-scaled-viper-echis-carinatus-specimen-from-maharashtra-india-H9ET2H.jpg,True,,False,1300,946,1.374207,RGB,JPEG,340074,PROVENANCE_REVIEW,source provenance and training reuse rights not verified
Venomous/Saw-scaled Viper/saw-scaled-viper-echis-carinatus-venomous-common-C690MR.jpg,True,,False,1300,956,1.359833,RGB,JPEG,336984,PROVENANCE_REVIEW,source provenance and training reuse rights not verified
Venomous/Saw-scaled Viper/saw-scaled-viper-echis-carinatus-venomous-H9ERFT.jpg,True,,False,1300,956,1.359833,RGB,JPEG,252998,PROVENANCE_REVIEW,source provenance and training reuse rights not verified
Venomous/Saw-scaled Viper/saw-scaled-viper-echis-omanensis-38054928.jpg,True,,False,1300,953,1.364113,RGB,JPEG,120173,PROVENANCE_REVIEW,source provenance and training reuse rights not verified
Venomous/Saw-scaled Viper/saw-scaled-viper-face-1400-AT-10-980x735.jpg,True,,False,980,735,1.333333,RGB,JPEG,97981,PROVENANCE_REVIEW,source provenance and training reuse rights not verified
Venomous/Saw-scaled Viper/saw-scaled-viper-in-habitat-b5gwpw.jpg,True,,False,450,320,1.40625,RGB,JPEG,33927,PROVENANCE_REVIEW,source provenance and training reuse rights not verified
Venomous/Saw-scaled Viper/saw-scaled-viper-in-habitat-b5gwtf.jpg,True,,False,640,447,1.431767,RGB,JPEG,132229,PROVENANCE_REVIEW,source provenance and training reuse rights not verified
Venomous/Saw-scaled Viper/saw-scaled-viper-in-habitat-B5GWTF_001.jpg,True,,False,1300,956,1.359833,RGB,JPEG,261257,PROVENANCE_REVIEW,source provenance and training reuse rights not verified
Venomous/Saw-scaled Viper/saw-scaled-viper-in-habitat-b5h4en.jpg,True,,False,640,447,1.431767,RGB,JPEG,36374,PROVENANCE_REVIEW,source provenance and training reuse rights not verified
Venomous/Saw-scaled Viper/saw-scaled-viper-in-habitat-b5h4fd.jpg,True,,False,347,540,0.642593,RGB,JPEG,50075,PROVENANCE_REVIEW,source provenance and training reuse rights not verified
Venomous/Saw-scaled Viper/saw-scaled-viper-in-habitat-b5h4gj.jpg,True,,False,640,447,1.431767,RGB,JPEG,73440,PROVENANCE_REVIEW,source provenance and training reuse rights not verified
Venomous/Saw-scaled Viper/saw-scaled-viper-in-habitat-fact8x.jpg,True,,False,640,447,1.431767,RGB,JPEG,139315,PROVENANCE_REVIEW,source provenance and training reuse rights not verified
Venomous/Saw-scaled Viper/saw-scaled-viper-saw-scaled-adder-echis-carinatus-one-of-the-most-ebn5em.jpg,True,,False,450,316,1.424051,RGB,JPEG,60332,PROVENANCE_REVIEW,source provenance and training reuse rights not verified
Venomous/Saw-scaled Viper/Saw-Scaled-Viper.jpg,True,,False,447,336,1.330357,RGB,JPEG,41518,PROVENANCE_REVIEW,source provenance and training reuse rights not verified
Venomous/Saw-scaled Viper/Saw-Scaled-viper1.jpg,True,,False,600,350,1.714286,RGB,JPEG,98366,PROVENANCE_REVIEW,source provenance and training reuse rights not verified
Venomous/Saw-scaled Viper/Saw-scaled-viper_003.jpg,True,,False,300,292,1.027397,RGB,JPEG,34378,PROVENANCE_REVIEW,source provenance and training reuse rights not verified
Venomous/Saw-scaled Viper/Saw-scaled-viper_004.jpg,True,,False,588,392,1.5,RGB,JPEG,47310,PROVENANCE_REVIEW,source provenance and training reuse rights not verified
Venomous/Saw-scaled Viper/Saw-scaled-viper_005.jpg,True,,False,650,506,1.284585,RGB,JPEG,143375,PROVENANCE_REVIEW,source provenance and training reuse rights not verified
Venomous/Saw-scaled Viper/saw-scaled-viper_006.jpg,True,,False,580,329,1.762918,RGB,JPEG,38113,PROVENANCE_REVIEW,source provenance and training reuse rights not verified
Venomous/Saw-scaled Viper/saw-scaled-viper_007.jpg,True,,False,495,347,1.426513,RGB,JPEG,43273,PROVENANCE_REVIEW,source provenance and training reuse rights not verified
Venomous/Saw-scaled Viper/Saw-Scaled-Viper_008.jpg,True,,False,425,284,1.496479,RGB,JPEG,21564,PROVENANCE_REVIEW,source provenance and training reuse rights not verified
Venomous/Saw-scaled Viper/Saw-Scaled-Viper_009.jpg,True,,False,644,426,1.511737,RGB,JPEG,55118,PROVENANCE_REVIEW,source provenance and training reuse rights not verified
Venomous/Saw-scaled Viper/Saw-Scaled-Viper_010.jpg,True,,False,335,223,1.502242,RGB,JPEG,40542,PROVENANCE_REVIEW,source provenance and training reuse rights not verified
Venomous/Saw-scaled Viper/Saw-scaled-Viper_011.jpg,True,,False,1000,725,1.37931,RGB,JPEG,442195,PROVENANCE_REVIEW,source provenance and training reuse rights not verified
Venomous/Saw-scaled Viper/Saw-Scaled-Viper_012.jpg,True,,False,757,386,1.96114,RGB,JPEG,65294,PROVENANCE_REVIEW,source provenance and training reuse rights not verified
Venomous/Saw-scaled Viper/saw-scaled-viper_013.jpg,True,,False,1077,735,1.465306,RGB,JPEG,209360,PROVENANCE_REVIEW,source provenance and training reuse rights not verified
Venomous/Saw-scaled Viper/Saw-Scaled-Viper_014.jpg,True,,False,400,350,1.142857,RGB,JPEG,146971,PROVENANCE_REVIEW,source provenance and training reuse rights not verified
Venomous/Saw-scaled Viper/saw-scaled-viper_015.jpg,True,,False,600,450,1.333333,RGB,JPEG,35035,PROVENANCE_REVIEW,source provenance and training reuse rights not verified
Venomous/Saw-scaled Viper/saw-scaled-viper_65_448060a.jpg,True,,False,650,400,1.625,RGB,JPEG,77166,PROVENANCE_REVIEW,source provenance and training reuse rights not verified
Venomous/Saw-scaled Viper/saw-scaled-vipers-echis-carinatus-waiting-to-be-milked-for-their-venom-BBTTHP.jpg,True,,False,881,1390,0.633813,RGB,JPEG,189049,PROVENANCE_REVIEW,source provenance and training reuse rights not verified
Venomous/Saw-scaled Viper/Saw-scaled_Viper_(Echis_carinatus)_Photographed_By_Shantanu_Kuveskar.jpg,True,,False,800,600,1.333333,RGB,JPEG,398371,PROVENANCE_REVIEW,source provenance and training reuse rights not verified
Venomous/Saw-scaled Viper/Saw-scaled_viper_Echis_carinatus_by_Krishna_Khan_Amravati.jpg,True,,False,720,480,1.5,RGB,JPEG,423254,PROVENANCE_REVIEW,source provenance and training reuse rights not verified
Venomous/Saw-scaled Viper/Saw-scaled_viper_egg.JPG,True,,False,3648,2736,1.333333,RGB,JPEG,2775917,PROVENANCE_REVIEW,source provenance and training reuse rights not verified
Venomous/Saw-scaled Viper/Saw-scaledViper.jpg,True,,False,341,322,1.059006,RGB,JPEG,28629,PROVENANCE_REVIEW,source provenance and training reuse rights not verified
Venomous/Saw-scaled Viper/saw.jpg,True,,False,345,238,1.44958,RGB,JPEG,29347,PROVENANCE_REVIEW,source provenance and training reuse rights not verified
Venomous/Saw-scaled Viper/saw_scaled_kid_with_biggie.jpg,True,,False,2048,978,2.09407,RGB,JPEG,533939,PROVENANCE_REVIEW,source provenance and training reuse rights not verified
Venomous/Saw-scaled Viper/Saw_scaled_viper.jpg,True,,False,320,220,1.454545,RGB,JPEG,31833,PROVENANCE_REVIEW,source provenance and training reuse rights not verified
Venomous/Saw-scaled Viper/Saw_scaled_viper_001.jpg,True,,False,4036,2327,1.734422,RGB,JPEG,1172053,PROVENANCE_REVIEW,source provenance and training reuse rights not verified
Venomous/Saw-scaled Viper/Saw_scaled_viper_2.jpg,True,,False,256,200,1.28,RGB,JPEG,23336,PROVENANCE_REVIEW,source provenance and training reuse rights not verified
Venomous/Saw-scaled Viper/SAWSCALE.JPG,True,,False,646,390,1.65641,RGB,JPEG,111328,PROVENANCE_REVIEW,source provenance and training reuse rights not verified
Venomous/Saw-scaled Viper/sawscale1.jpg,True,,False,840,686,1.22449,RGB,JPEG,114240,PROVENANCE_REVIEW,source provenance and training reuse rights not verified
Venomous/Saw-scaled Viper/sawscale2.jpg,True,,False,1280,874,1.464531,RGB,JPEG,186114,PROVENANCE_REVIEW,source provenance and training reuse rights not verified
Venomous/Saw-scaled Viper/sawscale3.jpg,True,,False,1078,719,1.499305,RGB,JPEG,311433,PROVENANCE_REVIEW,source provenance and training reuse rights not verified
Venomous/Saw-scaled Viper/sawscale4.jpg,True,,False,935,623,1.500803,RGB,JPEG,152407,PROVENANCE_REVIEW,source provenance and training reuse rights not verified
Venomous/Saw-scaled Viper/sawscale_001.jpg,True,,False,624,416,1.5,RGB,JPEG,49541,PROVENANCE_REVIEW,source provenance and training reuse rights not verified
Venomous/Saw-scaled Viper/sawscaled-viper.jpg,True,,False,600,458,1.310044,RGB,JPEG,90981,PROVENANCE_REVIEW,source provenance and training reuse rights not verified
Venomous/Saw-scaled Viper/sawscaled.jpg,True,,False,700,474,1.476793,RGB,JPEG,83250,PROVENANCE_REVIEW,source provenance and training reuse rights not verified
Venomous/Saw-scaled Viper/sawscaled_001.jpg,True,,False,374,258,1.449612,RGB,JPEG,62200,PROVENANCE_REVIEW,source provenance and training reuse rights not verified
Venomous/Saw-scaled Viper/SawScaledBG.jpg,True,,False,6000,4000,1.5,RGB,JPEG,449944,PROVENANCE_REVIEW,source provenance and training reuse rights not verified
Venomous/Saw-scaled Viper/SawScaledViper.jpg,True,,False,640,437,1.464531,RGB,JPEG,75528,PROVENANCE_REVIEW,source provenance and training reuse rights not verified
Venomous/Saw-scaled Viper/SawScaledViper_001.jpg,True,,False,640,480,1.333333,RGB,JPEG,61990,PROVENANCE_REVIEW,source provenance and training reuse rights not verified
Venomous/Saw-scaled Viper/sawscaledviper_002.jpg,True,,False,435,277,1.570397,RGB,JPEG,44654,PROVENANCE_REVIEW,source provenance and training reuse rights not verified
Venomous/Saw-scaled Viper/SawScaleViper.jpg,True,,False,700,517,1.353965,RGB,JPEG,45841,PROVENANCE_REVIEW,source provenance and training reuse rights not verified
Venomous/Saw-scaled Viper/Sind-saw-scaled-viper-coiled.jpg,True,,False,650,488,1.331967,RGB,JPEG,100882,PROVENANCE_REVIEW,source provenance and training reuse rights not verified
Venomous/Saw-scaled Viper/sind-saw-scaled-viper-echis-carinatus-sharjah-uae-ewyhe0.jpg,True,,False,424,320,1.325,RGB,JPEG,52647,PROVENANCE_REVIEW,source provenance and training reuse rights not verified
Venomous/Saw-scaled Viper/Sind-saw-scaled-viper-in-habitat.jpg,True,,False,650,433,1.501155,RGB,JPEG,98330,PROVENANCE_REVIEW,source provenance and training reuse rights not verified
Venomous/Saw-scaled Viper/Sind-saw-scaled-viper-in-habitat_001.jpg,True,,False,650,433,1.501155,RGB,JPEG,81696,PROVENANCE_REVIEW,source provenance and training reuse rights not verified
Venomous/Saw-scaled Viper/Sind-saw-scaled-viper-in-habitat_002.jpg,True,,False,348,520,0.669231,RGB,JPEG,47175,PROVENANCE_REVIEW,source provenance and training reuse rights not verified
Venomous/Saw-scaled Viper/Sind-saw-scaled-viper-on-sand.jpg,True,,False,650,435,1.494253,RGB,JPEG,106649,PROVENANCE_REVIEW,source provenance and training reuse rights not verified
Venomous/Saw-scaled Viper/Sind-saw-scaled-viper.jpg,True,,False,650,443,1.467269,RGB,JPEG,93510,PROVENANCE_REVIEW,source provenance and training reuse rights not verified
Venomous/Saw-scaled Viper/Sind-saw-scaled-viper_001.jpg,True,,False,650,363,1.790634,RGB,JPEG,81440,PROVENANCE_REVIEW,source provenance and training reuse rights not verified
Venomous/Saw-scaled Viper/SindSawscaledViper-55724.jpg,True,,False,510,340,1.5,RGB,JPEG,79733,PROVENANCE_REVIEW,source provenance and training reuse rights not verified
Venomous/Saw-scaled Viper/SindSawscaledViper-55727.jpg,True,,False,510,340,1.5,RGB,JPEG,78856,PROVENANCE_REVIEW,source provenance and training reuse rights not verified
Venomous/Saw-scaled Viper/SindSawscaledViper-55734.jpg,True,,False,510,340,1.5,RGB,JPEG,91416,PROVENANCE_REVIEW,source provenance and training reuse rights not verified
Venomous/Saw-scaled Viper/SindSawscaledViper-55737.jpg,True,,False,510,340,1.5,RGB,JPEG,68707,PROVENANCE_REVIEW,source provenance and training reuse rights not verified
Venomous/Saw-scaled Viper/SindSawscaledViper-55742.jpg,True,,False,510,340,1.5,RGB,JPEG,43928,PROVENANCE_REVIEW,source provenance and training reuse rights not verified
Venomous/Saw-scaled Viper/sn01.jpg,True,,False,249,190,1.310526,RGB,JPEG,24275,PROVENANCE_REVIEW,source provenance and training reuse rights not verified
Venomous/Saw-scaled Viper/snake-bite-viper-saw.jpg,True,,False,640,441,1.451247,RGB,JPEG,144742,PROVENANCE_REVIEW,source provenance and training reuse rights not verified
Venomous/Saw-scaled Viper/Snakebite-DNase-saw-scaled-viper-31cd25oj9az8gi7dpey1vk.jpg,True,,False,1024,606,1.689769,RGB,JPEG,92237,PROVENANCE_REVIEW,source provenance and training reuse rights not verified
Venomous/Saw-scaled Viper/SNP00571.jpg,True,,False,300,162,1.851852,RGB,JPEG,20473,PROVENANCE_REVIEW,source provenance and training reuse rights not verified
Venomous/Saw-scaled Viper/SNP00572.jpg,True,,False,300,225,1.333333,RGB,JPEG,37738,PROVENANCE_REVIEW,source provenance and training reuse rights not verified
Venomous/Saw-scaled Viper/SNP00591.jpg,True,,False,300,193,1.554404,RGB,JPEG,22822,PROVENANCE_REVIEW,source provenance and training reuse rights not verified
Venomous/Saw-scaled Viper/SNP00595.jpg,True,,False,300,225,1.333333,RGB,JPEG,35900,PROVENANCE_REVIEW,source provenance and training reuse rights not verified
Venomous/Saw-scaled Viper/sochureks-saw-scaled-viper-eastern-saw-scaled-viper-stemmlers-saw-h8tpep.jpg,True,,False,640,447,1.431767,RGB,JPEG,36800,PROVENANCE_REVIEW,source provenance and training reuse rights not verified
Venomous/Saw-scaled Viper/stock-photo-a-wild-oman-saw-scaled-viper-echis-omanensis-a-wild-saw-scaled-viper-from-the-rocky-277837664.jpg,True,,False,450,322,1.397516,RGB,JPEG,49423,PROVENANCE_REVIEW,source provenance and training reuse rights not verified
Venomous/Saw-scaled Viper/stock-photo-saw-scaled-viper-644115148.jpg,True,,False,450,333,1.351351,RGB,JPEG,31958,PROVENANCE_REVIEW,source provenance and training reuse rights not verified
Venomous/Saw-scaled Viper/stock-photo-saw-scaled-viper-snake-603493748.jpg,True,,False,450,319,1.410658,RGB,JPEG,54233,PROVENANCE_REVIEW,source provenance and training reuse rights not verified
Venomous/Saw-scaled Viper/stock-photo-sindh-saw-scaled-viper-560241703.jpg,True,,False,1500,1101,1.362398,RGB,JPEG,540178,PROVENANCE_REVIEW,source provenance and training reuse rights not verified
Venomous/Saw-scaled Viper/stock-photo-sindh-saw-scaled-viper-560241724.jpg,True,,False,450,320,1.40625,RGB,JPEG,44983,PROVENANCE_REVIEW,source provenance and training reuse rights not verified
Venomous/Saw-scaled Viper/stock-photo-sindh-saw-scaled-viper-560241733.jpg,True,,False,450,320,1.40625,RGB,JPEG,19755,PROVENANCE_REVIEW,source provenance and training reuse rights not verified
Venomous/Saw-scaled Viper/tarentola2b.jpg,True,,False,600,399,1.503759,RGB,JPEG,66979,PROVENANCE_REVIEW,source provenance and training reuse rights not verified
Venomous/Saw-scaled Viper/toz04066l.jpg,True,,False,1600,1200,1.333333,RGB,JPEG,329496,PROVENANCE_REVIEW,source provenance and training reuse rights not verified
Venomous/Saw-scaled Viper/toz21624l.jpg,True,,False,1600,1200,1.333333,RGB,JPEG,198870,PROVENANCE_REVIEW,source provenance and training reuse rights not verified
Venomous/Saw-scaled Viper/viper7l.JPG,True,,False,600,399,1.503759,RGB,JPEG,61007,PROVENANCE_REVIEW,source provenance and training reuse rights not verified
Venomous/Saw-scaled Viper/viper8l.JPG,True,,False,600,399,1.503759,RGB,JPEG,45944,PROVENANCE_REVIEW,source provenance and training reuse rights not verified
Venomous/Saw-scaled Viper/west-african-carpet-viper-echis-ocellatus-west-africa-also-known-as-CEHX79.jpg,True,,False,1300,940,1.382979,RGB,JPEG,349647,PROVENANCE_REVIEW,source provenance and training reuse rights not verified
Venomous/Saw-scaled Viper/young-saw-scaled-viper-echis-carinatus-tamil-nadu-south-india-epd0j4.jpg,True,,False,640,445,1.438202,RGB,JPEG,55061,PROVENANCE_REVIEW,source provenance and training reuse rights not verified
Venomous/Saw-scaled Viper/z_mag-p-23-Sawing.jpg,True,,False,409,252,1.623016,RGB,JPEG,44270,PROVENANCE_REVIEW,source provenance and training reuse rights not verified
Venomous/Spectacled Cobra/00409260.jpg,True,,False,700,459,1.525054,RGB,JPEG,156242,PROVENANCE_REVIEW,source provenance and training reuse rights not verified
Venomous/Spectacled Cobra/0224.jpeg,True,,False,1024,768,1.333333,RGB,JPEG,591444,PROVENANCE_REVIEW,source provenance and training reuse rights not verified
Venomous/Spectacled Cobra/025c68f55a8efc9290a8435db743bbf3--the-big-four-the-ojays.jpg,True,,False,720,540,1.333333,RGB,JPEG,137022,PROVENANCE_REVIEW,source provenance and training reuse rights not verified
Venomous/Spectacled Cobra/03 Spectacled Cobra 1.JPG,True,,False,800,600,1.333333,RGB,JPEG,175900,PROVENANCE_REVIEW,source provenance and training reuse rights not verified
Venomous/Spectacled Cobra/0442c0e88fb9b22c0d608a9b25577469--naja-cobra.jpg,True,,False,236,188,1.255319,RGB,JPEG,10214,PROVENANCE_REVIEW,source provenance and training reuse rights not verified
Venomous/Spectacled Cobra/0_7a209fcba04a5c21f4181e692723c0ca.jpg,True,,False,320,531,0.602637,RGB,JPEG,53808,PROVENANCE_REVIEW,source provenance and training reuse rights not verified
Venomous/Spectacled Cobra/10412951893_9762368a13_b.jpg,True,,False,780,1024,0.761719,RGB,JPEG,384480,PROVENANCE_REVIEW,source provenance and training reuse rights not verified
Venomous/Spectacled Cobra/1078.jpeg,True,,False,550,346,1.589595,RGB,JPEG,73226,PROVENANCE_REVIEW,source provenance and training reuse rights not verified
Venomous/Spectacled Cobra/1107.jpeg,True,,False,730,570,1.280702,RGB,JPEG,222805,PROVENANCE_REVIEW,source provenance and training reuse rights not verified
Venomous/Spectacled Cobra/12.SNAKECONFLICT2008SLIDE-1.jpg,True,,False,450,338,1.331361,RGB,JPEG,54190,PROVENANCE_REVIEW,source provenance and training reuse rights not verified
Venomous/Spectacled Cobra/1438852852IMG_4008.JPG,True,,False,600,337,1.780415,RGB,JPEG,34196,PROVENANCE_REVIEW,source provenance and training reuse rights not verified
Venomous/Spectacled Cobra/1438852854main-2.JPG,True,,False,600,400,1.5,RGB,JPEG,67462,PROVENANCE_REVIEW,source provenance and training reuse rights not verified
Venomous/Spectacled Cobra/1438852857sub head shot-2.jpg,True,,False,600,1024,0.585938,RGB,JPEG,111957,PROVENANCE_REVIEW,source provenance and training reuse rights not verified
Venomous/Spectacled Cobra/150811-004-F71D4E4A.jpg,True,,False,345,450,0.766667,RGB,JPEG,22403,PROVENANCE_REVIEW,source provenance and training reuse rights not verified
Venomous/Spectacled Cobra/150px-Naja.jpg,True,,False,150,210,0.714286,RGB,JPEG,10886,PROVENANCE_REVIEW,source provenance and training reuse rights not verified
Venomous/Spectacled Cobra/16.JPG,True,,False,1600,1069,1.496726,RGB,JPEG,152002,PROVENANCE_REVIEW,source provenance and training reuse rights not verified
Venomous/Spectacled Cobra/160110 100lop.jpg,True,,False,480,550,0.872727,RGB,JPEG,206064,PROVENANCE_REVIEW,source provenance and training reuse rights not verified
Venomous/Spectacled Cobra/2171770524_a444df4f7d.jpg,True,,False,356,500,0.712,RGB,JPEG,100259,PROVENANCE_REVIEW,source provenance and training reuse rights not verified
Venomous/Spectacled Cobra/2180514e186a040692de298c7be66e95.jpg,True,,False,236,328,0.719512,RGB,JPEG,11888,PROVENANCE_REVIEW,source provenance and training reuse rights not verified
Venomous/Spectacled Cobra/220px-Naja_naja_(Indian_cobra).jpg,True,,False,220,157,1.401274,RGB,JPEG,16076,PROVENANCE_REVIEW,source provenance and training reuse rights not verified
Venomous/Spectacled Cobra/220px-Spectacled_cobra.JPG,True,,False,220,287,0.766551,RGB,JPEG,21973,PROVENANCE_REVIEW,source provenance and training reuse rights not verified
Venomous/Spectacled Cobra/2373029895_601e5c5ee6.jpg,True,,False,423,317,1.334385,RGB,JPEG,89137,PROVENANCE_REVIEW,source provenance and training reuse rights not verified
Venomous/Spectacled Cobra/245ae98383301ad48771fc3b60394c68.jpg,True,,False,600,432,1.388889,RGB,JPEG,68334,PROVENANCE_REVIEW,source provenance and training reuse rights not verified
Venomous/Spectacled Cobra/26512735140_786a135518_b.jpg,True,,False,767,1024,0.749023,RGB,JPEG,337645,PROVENANCE_REVIEW,source provenance and training reuse rights not verified
Venomous/Spectacled Cobra/2822295694_40311c360a.jpg,True,,False,500,333,1.501502,RGB,JPEG,96981,PROVENANCE_REVIEW,source provenance and training reuse rights not verified
Venomous/Spectacled Cobra/3121466143_73cc964a89_b.jpg,True,,False,843,1024,0.823242,RGB,JPEG,222087,PROVENANCE_REVIEW,source provenance and training reuse rights not verified
Venomous/Spectacled Cobra/3258134501_359df8ffd2.jpg,True,,False,482,500,0.964,RGB,JPEG,142861,PROVENANCE_REVIEW,source provenance and training reuse rights not verified
Venomous/Spectacled Cobra/3914435829_61a77296ef_b.jpg,True,,False,1024,723,1.416321,RGB,JPEG,244629,PROVENANCE_REVIEW,source provenance and training reuse rights not verified
Venomous/Spectacled Cobra/426b89d75ff053790e7ec2abe117f78c--cobra-snake-poisonous-snakes.jpg,True,,False,236,257,0.918288,RGB,JPEG,20018,PROVENANCE_REVIEW,source provenance and training reuse rights not verified
Venomous/Spectacled Cobra/4cb43071ca703cf4778dd7473d3dfab8.jpg,True,,False,3456,2592,1.333333,RGB,JPEG,3158619,PROVENANCE_REVIEW,source provenance and training reuse rights not verified
Venomous/Spectacled Cobra/501001_8697602067eba4ehhlpe07.jpg,True,,False,1260,1215,1.037037,RGB,JPEG,378533,PROVENANCE_REVIEW,source provenance and training reuse rights not verified
Venomous/Spectacled Cobra/501121_298677f067eba4fv1mjc07.jpg,True,,False,1304,661,1.972769,RGB,JPEG,182687,PROVENANCE_REVIEW,source provenance and training reuse rights not verified
Venomous/Spectacled Cobra/5166803825_d79cf8246e_b.jpg,True,,False,1024,680,1.505882,RGB,JPEG,305121,PROVENANCE_REVIEW,source provenance and training reuse rights not verified
Venomous/Spectacled Cobra/5451042675_998c64ac13_b.jpg,True,,False,1024,683,1.499268,RGB,JPEG,296724,PROVENANCE_REVIEW,source provenance and training reuse rights not verified
Venomous/Spectacled Cobra/578_normal_Spectacled_cobra3.jpg,True,,False,288,300,0.96,RGB,JPEG,34858,PROVENANCE_REVIEW,source provenance and training reuse rights not verified
Venomous/Spectacled Cobra/5802878151_ef19374e8d_b.jpg,True,,False,561,800,0.70125,RGB,JPEG,212671,PROVENANCE_REVIEW,source provenance and training reuse rights not verified
Venomous/Spectacled Cobra/58680357_PW36.jpg,True,,False,240,360,0.666667,RGB,JPEG,47318,PROVENANCE_REVIEW,source provenance and training reuse rights not verified
Venomous/Spectacled Cobra/58680358_PW36.jpg,True,,False,240,360,0.666667,RGB,JPEG,35749,PROVENANCE_REVIEW,source provenance and training reuse rights not verified
Venomous/Spectacled Cobra/58680361_PW36.jpg,True,,False,240,360,0.666667,RGB,JPEG,43610,PROVENANCE_REVIEW,source provenance and training reuse rights not verified
Venomous/Spectacled Cobra/6027522525_91d5cc49ba_b.jpg,True,,False,585,800,0.73125,RGB,JPEG,217929,PROVENANCE_REVIEW,source provenance and training reuse rights not verified
Venomous/Spectacled Cobra/614a34a77654e6726429703e150dea3e.jpg,True,,False,500,687,0.727802,RGB,JPEG,160581,PROVENANCE_REVIEW,source provenance and training reuse rights not verified
Venomous/Spectacled Cobra/628592919_285e1def53_b.jpg,True,,False,1024,683,1.499268,RGB,JPEG,331604,PROVENANCE_REVIEW,source provenance and training reuse rights not verified
Venomous/Spectacled Cobra/6b6da31906462414e878d1dd90aa146c--snake-wallpaper-hd-wallpaper.jpg,True,,False,736,350,2.102857,RGB,JPEG,116593,PROVENANCE_REVIEW,source provenance and training reuse rights not verified
Venomous/Spectacled Cobra/6O4A0379.jpg,True,,False,4278,2852,1.5,RGB,JPEG,763171,PROVENANCE_REVIEW,source provenance and training reuse rights not verified
Venomous/Spectacled Cobra/6O4A0409.jpg,True,,False,3753,2502,1.5,RGB,JPEG,773931,PROVENANCE_REVIEW,source provenance and training reuse rights not verified
Venomous/Spectacled Cobra/6O4A0417.jpg,True,,False,4702,3135,1.499841,RGB,JPEG,705604,PROVENANCE_REVIEW,source provenance and training reuse rights not verified
Venomous/Spectacled Cobra/7666611262_9559ea4f02_b.jpg,True,,False,1024,823,1.244228,RGB,JPEG,223125,PROVENANCE_REVIEW,source provenance and training reuse rights not verified
Venomous/Spectacled Cobra/8007030158_2c1c6f468d_b.jpg,True,,False,1024,908,1.127753,RGB,JPEG,248020,PROVENANCE_REVIEW,source provenance and training reuse rights not verified
Venomous/Spectacled Cobra/80098531.jpg,True,,False,700,467,1.498929,RGB,JPEG,176124,PROVENANCE_REVIEW,source provenance and training reuse rights not verified
Venomous/Spectacled Cobra/8043872884_7c772f915a_b.jpg,True,,False,1024,683,1.499268,RGB,JPEG,348872,PROVENANCE_REVIEW,source provenance and training reuse rights not verified
Venomous/Spectacled Cobra/817-21250.jpg,True,,False,652,1000,0.652,RGB,JPEG,337934,PROVENANCE_REVIEW,source provenance and training reuse rights not verified
Venomous/Spectacled Cobra/817-21362.jpg,True,,False,646,1000,0.646,RGB,JPEG,309516,PROVENANCE_REVIEW,source provenance and training reuse rights not verified
Venomous/Spectacled Cobra/867036109_877165ada8_b.jpg,True,,False,1024,766,1.336815,RGB,JPEG,325110,PROVENANCE_REVIEW,source provenance and training reuse rights not verified
Venomous/Spectacled Cobra/90202668.jpg,True,,False,700,447,1.565996,RGB,JPEG,146713,PROVENANCE_REVIEW,source provenance and training reuse rights not verified
Venomous/Spectacled Cobra/90215640.jpg,True,,False,463,700,0.661429,RGB,JPEG,182325,PROVENANCE_REVIEW,source provenance and training reuse rights not verified
Venomous/Spectacled Cobra/92.jpg,True,,False,562,850,0.661176,RGB,JPEG,175160,PROVENANCE_REVIEW,source provenance and training reuse rights not verified
Venomous/Spectacled Cobra/9289038011_1a31a0cac1_b.jpg,True,,False,1024,688,1.488372,RGB,JPEG,169320,PROVENANCE_REVIEW,source provenance and training reuse rights not verified
Venomous/Spectacled Cobra/9616250823_d6766e1c31_b.jpg,True,,False,684,1024,0.667969,RGB,JPEG,335050,PROVENANCE_REVIEW,source provenance and training reuse rights not verified
Venomous/Spectacled Cobra/9619492326_56aa145611_b.jpg,True,,False,1024,340,3.011765,RGB,JPEG,141745,PROVENANCE_REVIEW,source provenance and training reuse rights not verified
Venomous/Spectacled Cobra/_RAM2084_Indian_Spectacled_Cobra.jpg,True,,False,900,585,1.538462,RGB,JPEG,271457,PROVENANCE_REVIEW,source provenance and training reuse rights not verified
Venomous/Spectacled Cobra/a28044f3db3d514d2fad5316904626c8_giant.jpg,True,,False,649,1000,0.649,RGB,JPEG,676390,PROVENANCE_REVIEW,source provenance and training reuse rights not verified
Venomous/Spectacled Cobra/adbfb6aa535e12ed6f14345bfa878456.jpg,True,,False,1024,768,1.333333,RGB,JPEG,95060,PROVENANCE_REVIEW,source provenance and training reuse rights not verified
Venomous/Spectacled Cobra/Amazing pictures animals photos Nature exotic incredible funny Zoo danger pics Indian cobra Naja naja Asian cobra spectacled cobra 4.jpg,True,,False,800,610,1.311475,RGB,JPEG,138012,PROVENANCE_REVIEW,source provenance and training reuse rights not verified
Venomous/Spectacled Cobra/Amazing pictures animals photos Nature exotic incredible funny Zoo danger pics Indian cobra Naja naja Asian cobra spectacled cobra 5.jpg,True,,False,560,420,1.333333,RGB,JPEG,36697,PROVENANCE_REVIEW,source provenance and training reuse rights not verified
Venomous/Spectacled Cobra/Amazing pictures animals photos Nature exotic incredible funny Zoo danger pics Indian cobra Naja naja Asian cobra spectacled cobra 7.jpeg,True,,False,768,1024,0.75,RGB,JPEG,121459,PROVENANCE_REVIEW,source provenance and training reuse rights not verified
Venomous/Spectacled Cobra/an-alert-indian-or-spectacled-cobra-naja-naja-c2an7a.jpg,True,,False,402,540,0.744444,RGB,JPEG,83564,PROVENANCE_REVIEW,source provenance and training reuse rights not verified
Venomous/Spectacled Cobra/an-indian-or-spectacled-cobra-naja-naja-hooding-details-of-the-back-a2c9e6.jpg,True,,False,297,470,0.631915,RGB,JPEG,46811,PROVENANCE_REVIEW,source provenance and training reuse rights not verified
Venomous/Spectacled Cobra/article-0-187EE811000005DC-242_634x594.jpg,True,,False,634,594,1.06734,RGB,JPEG,44247,PROVENANCE_REVIEW,source provenance and training reuse rights not verified
Venomous/Spectacled Cobra/cape-fear-serpentarium.jpg,True,,False,550,411,1.3382,RGB,JPEG,43060,PROVENANCE_REVIEW,source provenance and training reuse rights not verified
Venomous/Spectacled Cobra/Cobra 2.jpg,True,,False,755,1127,0.66992,RGB,JPEG,82059,PROVENANCE_REVIEW,source provenance and training reuse rights not verified
Venomous/Spectacled Cobra/cobra-00.jpg,True,,False,550,367,1.498638,RGB,JPEG,59627,PROVENANCE_REVIEW,source provenance and training reuse rights not verified
Venomous/Spectacled Cobra/cobra-07.jpg,True,,False,3818,2636,1.448407,RGB,JPEG,721431,PROVENANCE_REVIEW,source provenance and training reuse rights not verified
Venomous/Spectacled Cobra/cobra-18-300x200.jpg,True,,False,300,200,1.5,RGB,JPEG,12215,PROVENANCE_REVIEW,source provenance and training reuse rights not verified
Venomous/Spectacled Cobra/cobra-22.jpg,True,,False,550,367,1.498638,RGB,JPEG,44632,PROVENANCE_REVIEW,source provenance and training reuse rights not verified
Venomous/Spectacled Cobra/cobra-23.jpg,True,,False,550,550,1.0,RGB,JPEG,40095,PROVENANCE_REVIEW,source provenance and training reuse rights not verified
Venomous/Spectacled Cobra/cobra-24.jpg,True,,False,550,367,1.498638,RGB,JPEG,67856,PROVENANCE_REVIEW,source provenance and training reuse rights not verified
Venomous/Spectacled Cobra/cobra-28.jpg,True,,False,413,550,0.750909,RGB,JPEG,91157,PROVENANCE_REVIEW,source provenance and training reuse rights not verified
Venomous/Spectacled Cobra/Cobra-3-412x550.jpg,True,,False,412,550,0.749091,RGB,JPEG,103241,PROVENANCE_REVIEW,source provenance and training reuse rights not verified
Venomous/Spectacled Cobra/cobra-close-up.jpg,True,,False,491,486,1.010288,RGB,JPEG,44163,PROVENANCE_REVIEW,source provenance and training reuse rights not verified
Venomous/Spectacled Cobra/Cobra-Hood.jpg,True,,False,341,512,0.666016,RGB,JPEG,49461,PROVENANCE_REVIEW,source provenance and training reuse rights not verified
Venomous/Spectacled Cobra/cobra-india.jpg,True,,False,189,160,1.18125,RGB,JPEG,7658,PROVENANCE_REVIEW,source provenance and training reuse rights not verified
Venomous/Spectacled Cobra/cobra-snake-in-a-basket-with-money-rajasthan-india-et0tpk.jpg,True,,False,640,447,1.431767,RGB,JPEG,95053,PROVENANCE_REVIEW,source provenance and training reuse rights not verified
Venomous/Spectacled Cobra/cobra.jpg,True,,False,621,466,1.332618,RGB,JPEG,79101,PROVENANCE_REVIEW,source provenance and training reuse rights not verified
Venomous/Spectacled Cobra/cobra2.jpg,True,,False,320,187,1.71123,RGB,JPEG,17889,PROVENANCE_REVIEW,source provenance and training reuse rights not verified
Venomous/Spectacled Cobra/cobra_001.jpg,True,,False,400,427,0.936768,RGB,JPEG,182585,PROVENANCE_REVIEW,source provenance and training reuse rights not verified
Venomous/Spectacled Cobra/cobra_042611-10.jpg,True,,False,550,367,1.498638,RGB,JPEG,59727,PROVENANCE_REVIEW,source provenance and training reuse rights not verified
Venomous/Spectacled Cobra/cobra_042611-11.jpg,True,,False,550,370,1.486486,RGB,JPEG,100825,PROVENANCE_REVIEW,source provenance and training reuse rights not verified
Venomous/Spectacled Cobra/cobra_042611-12.jpg,True,,False,550,367,1.498638,RGB,JPEG,61054,PROVENANCE_REVIEW,source provenance and training reuse rights not verified
Venomous/Spectacled Cobra/cobra_042611-13.jpg,True,,False,550,318,1.72956,RGB,JPEG,61625,PROVENANCE_REVIEW,source provenance and training reuse rights not verified
Venomous/Spectacled Cobra/cobra_042611-2.jpg,True,,False,550,367,1.498638,RGB,JPEG,142393,PROVENANCE_REVIEW,source provenance and training reuse rights not verified
Venomous/Spectacled Cobra/cobra_042611-8.jpg,True,,False,550,265,2.075472,RGB,JPEG,70028,PROVENANCE_REVIEW,source provenance and training reuse rights not verified
Venomous/Spectacled Cobra/Cobra_False 9700_fcw.jpg,True,,False,700,504,1.388889,RGB,JPEG,127372,PROVENANCE_REVIEW,source provenance and training reuse rights not verified
Venomous/Spectacled Cobra/Cobra_Spectacled 4589_fcw.jpg,True,,False,640,503,1.272366,RGB,JPEG,78826,PROVENANCE_REVIEW,source provenance and training reuse rights not verified
Venomous/Spectacled Cobra/DSC00829.gif,True,,False,500,333,1.501502,P,GIF,143598,PROVENANCE_REVIEW,source provenance and training reuse rights not verified
Venomous/Spectacled Cobra/dscn2969.jpg,True,,False,4608,3456,1.333333,RGB,JPEG,3172195,PROVENANCE_REVIEW,source provenance and training reuse rights not verified
Venomous/Spectacled Cobra/ee3e9db881e4fbdde1e5cd3568b7aaa1.jpg,True,,False,435,580,0.75,RGB,JPEG,49425,PROVENANCE_REVIEW,source provenance and training reuse rights not verified
Venomous/Spectacled Cobra/Events-4313-1024x577.jpg,True,,False,1024,577,1.774697,RGB,JPEG,124420,PROVENANCE_REVIEW,source provenance and training reuse rights not verified
Venomous/Spectacled Cobra/f12e57eaac8a1ef7c70ae60dbfa2a8ca--king-cobra-snakes.jpg,True,,False,236,314,0.751592,RGB,JPEG,30162,PROVENANCE_REVIEW,source provenance and training reuse rights not verified
Venomous/Spectacled Cobra/f5f5410cbb701105a26085bc85090b0a--pretty-animals-reptiles-and-amphibians.jpg,True,,False,736,1108,0.66426,RGB,JPEG,110614,PROVENANCE_REVIEW,source provenance and training reuse rights not verified
"Venomous/Spectacled Cobra/flat,1000x1000,075,f.jpg",True,,False,667,1000,0.667,RGB,JPEG,266339,PROVENANCE_REVIEW,source provenance and training reuse rights not verified
Venomous/Spectacled Cobra/hqdefault.jpg,True,,False,480,360,1.333333,RGB,JPEG,49925,PROVENANCE_REVIEW,source provenance and training reuse rights not verified
Venomous/Spectacled Cobra/hqdefault_001.jpg,True,,False,480,360,1.333333,RGB,JPEG,14269,PROVENANCE_REVIEW,source provenance and training reuse rights not verified
Venomous/Spectacled Cobra/hqdefault_003.jpg,True,,False,480,360,1.333333,RGB,JPEG,28698,PROVENANCE_REVIEW,source provenance and training reuse rights not verified
Venomous/Spectacled Cobra/hqdefault_004.jpg,True,,False,480,360,1.333333,RGB,JPEG,21755,PROVENANCE_REVIEW,source provenance and training reuse rights not verified
Venomous/Spectacled Cobra/hqdefault_005.jpg,True,,False,480,360,1.333333,RGB,JPEG,14241,PROVENANCE_REVIEW,source provenance and training reuse rights not verified
Venomous/Spectacled Cobra/ika-80438-reptiles-snakes-cobra-indian-spectacled-cobra-naja-naja-CE8PWP.jpg,True,,False,875,1390,0.629496,RGB,JPEG,305542,PROVENANCE_REVIEW,source provenance and training reuse rights not verified
Venomous/Spectacled Cobra/image306.jpg,True,,False,437,328,1.332317,RGB,JPEG,34258,PROVENANCE_REVIEW,source provenance and training reuse rights not verified
Venomous/Spectacled Cobra/IMG_1494.jpg,True,,False,1448,1600,0.905,RGB,JPEG,555154,PROVENANCE_REVIEW,source provenance and training reuse rights not verified
Venomous/Spectacled Cobra/IMG_3067_1-5.jpg,True,,False,1200,800,1.5,RGB,JPEG,156593,PROVENANCE_REVIEW,source provenance and training reuse rights not verified
Venomous/Spectacled Cobra/IMG_3074_1.jpg,True,,False,800,1200,0.666667,RGB,JPEG,145460,PROVENANCE_REVIEW,source provenance and training reuse rights not verified
Venomous/Spectacled Cobra/IMG_3863-2.jpg,True,,False,4080,2623,1.555471,RGB,JPEG,915539,PROVENANCE_REVIEW,source provenance and training reuse rights not verified
Venomous/Spectacled Cobra/IMG_5785.jpg,True,,False,1600,1067,1.499531,RGB,JPEG,122358,PROVENANCE_REVIEW,source provenance and training reuse rights not verified
Venomous/Spectacled Cobra/IMG_5793.preview.jpg,True,,False,640,426,1.502347,RGB,JPEG,33515,PROVENANCE_REVIEW,source provenance and training reuse rights not verified
Venomous/Spectacled Cobra/IMG_5971-2.jpg,True,,False,4396,2995,1.46778,RGB,JPEG,508178,PROVENANCE_REVIEW,source provenance and training reuse rights not verified
Venomous/Spectacled Cobra/img_7982.jpg,True,,False,3240,4320,0.75,RGB,JPEG,6021973,PROVENANCE_REVIEW,source provenance and training reuse rights not verified
Venomous/Spectacled Cobra/Indian Spectacled Cobra.jpg,True,,False,500,377,1.32626,RGB,JPEG,51055,PROVENANCE_REVIEW,source provenance and training reuse rights not verified
Venomous/Spectacled Cobra/indian-cobra-20569186.jpg,True,,False,299,450,0.664444,RGB,JPEG,59370,PROVENANCE_REVIEW,source provenance and training reuse rights not verified
Venomous/Spectacled Cobra/indian-cobra-asian-cobra-or-spectacled-cobra-naja-naja-in-a-snake-EB2R58.jpg,True,,False,865,1390,0.622302,RGB,JPEG,190440,PROVENANCE_REVIEW,source provenance and training reuse rights not verified
Venomous/Spectacled Cobra/indian-cobra-asian-cobra-or-spectacled-cobra-naja-naja-in-a-snake-eb2r58_001.jpg,True,,False,346,540,0.640741,RGB,JPEG,70911,PROVENANCE_REVIEW,source provenance and training reuse rights not verified
Venomous/Spectacled Cobra/indian-cobra-asian-cobra-or-spectacled-cobra-naja-naja-in-a-snake-EB2T9E.jpg,True,,False,865,1390,0.622302,RGB,JPEG,190629,PROVENANCE_REVIEW,source provenance and training reuse rights not verified
Venomous/Spectacled Cobra/indian-cobra-asian-cobra-or-spectacled-cobra-naja-naja-pettigalawatta-DWNMJ8.jpg,True,,False,866,1390,0.623022,RGB,JPEG,143312,PROVENANCE_REVIEW,source provenance and training reuse rights not verified
Venomous/Spectacled Cobra/indian-cobra-back-hood.jpg,True,,False,355,555,0.63964,RGB,JPEG,52169,PROVENANCE_REVIEW,source provenance and training reuse rights not verified
Venomous/Spectacled Cobra/Indian-cobra-defending-eggs.jpg,True,,False,650,432,1.50463,RGB,JPEG,87708,PROVENANCE_REVIEW,source provenance and training reuse rights not verified
Venomous/Spectacled Cobra/Indian-cobra-defensive-posture.jpg,True,,False,650,424,1.533019,RGB,JPEG,75874,PROVENANCE_REVIEW,source provenance and training reuse rights not verified
Venomous/Spectacled Cobra/indian-cobra-front_2.jpg,True,,False,620,313,1.980831,RGB,JPEG,25112,PROVENANCE_REVIEW,source provenance and training reuse rights not verified
Venomous/Spectacled Cobra/Indian-Cobra-Hood.jpg,True,,False,341,512,0.666016,RGB,JPEG,57562,PROVENANCE_REVIEW,source provenance and training reuse rights not verified
Venomous/Spectacled Cobra/indian-cobra-or-spectacled-cobra-naja-naja-naja-asia-DXG9K2.jpg,True,,False,1300,956,1.359833,RGB,JPEG,204242,PROVENANCE_REVIEW,source provenance and training reuse rights not verified
Venomous/Spectacled Cobra/indian-cobra-or-spectacled-cobra-naja-naja-sri-lanka-hnb77m.jpg,True,,False,347,540,0.642593,RGB,JPEG,44175,PROVENANCE_REVIEW,source provenance and training reuse rights not verified
Venomous/Spectacled Cobra/indian-cobra-or-spectacled-cobra-naja-naja-sri-lanka-hnb77x.jpg,True,,False,347,540,0.642593,RGB,JPEG,43183,PROVENANCE_REVIEW,source provenance and training reuse rights not verified
Venomous/Spectacled Cobra/indian-cobra-or-spectacled-cobra-naja-naja-sri-lanka-hnb78b.jpg,True,,False,450,320,1.40625,RGB,JPEG,33770,PROVENANCE_REVIEW,source provenance and training reuse rights not verified
Venomous/Spectacled Cobra/indian-cobra-or-spectacled-cobra-naja-naja-sri-lanka-hnb78w.jpg,True,,False,347,540,0.642593,RGB,JPEG,42213,PROVENANCE_REVIEW,source provenance and training reuse rights not verified
Venomous/Spectacled Cobra/indian-cobra-or-spectacled-cobra-naja-naja-sri-lanka-hnb799.jpg,True,,False,640,447,1.431767,RGB,JPEG,66405,PROVENANCE_REVIEW,source provenance and training reuse rights not verified
Venomous/Spectacled Cobra/indian-cobra-or-spectacled-cobra-naja-naja-sri-lanka-hnb79m.jpg,True,,False,640,447,1.431767,RGB,JPEG,62542,PROVENANCE_REVIEW,source provenance and training reuse rights not verified
Venomous/Spectacled Cobra/indian-cobra-or-spectacled-cobra-naja-naja-sri-lanka-hnb79y.jpg,True,,False,640,447,1.431767,RGB,JPEG,44576,PROVENANCE_REVIEW,source provenance and training reuse rights not verified
Venomous/Spectacled Cobra/Indian-Cobra-Photo.jpg,True,,False,341,512,0.666016,RGB,JPEG,40285,PROVENANCE_REVIEW,source provenance and training reuse rights not verified
Venomous/Spectacled Cobra/indian-cobra-spectacled-cobra-asian-cobra-binocellate-cobra-naja-naja-E154DT.jpg,True,,False,1300,955,1.361257,RGB,JPEG,257582,PROVENANCE_REVIEW,source provenance and training reuse rights not verified
Venomous/Spectacled Cobra/indian-cobra-spectacled-cobra-naja-naja-hpwewd.jpg,True,,False,592,540,1.096296,RGB,JPEG,67992,PROVENANCE_REVIEW,source provenance and training reuse rights not verified
Venomous/Spectacled Cobra/indian-cobra-spectacled-cobra-naja-naja-hpweww.jpg,True,,False,300,470,0.638298,RGB,JPEG,38911,PROVENANCE_REVIEW,source provenance and training reuse rights not verified
Venomous/Spectacled Cobra/indian-cobra-spectacled-cobra-naja-naja-hpwexf.jpg,True,,False,347,540,0.642593,RGB,JPEG,59843,PROVENANCE_REVIEW,source provenance and training reuse rights not verified
Venomous/Spectacled Cobra/indian-cobra-spectacled-cobra-naja-naja-hpwexk.jpg,True,,False,347,540,0.642593,RGB,JPEG,42569,PROVENANCE_REVIEW,source provenance and training reuse rights not verified
Venomous/Spectacled Cobra/indian-cobra-spectacled-cobra-naja-naja-in-aggressive-posture-with-hpyagt.jpg,True,,False,391,320,1.221875,RGB,JPEG,30520,PROVENANCE_REVIEW,source provenance and training reuse rights not verified
Venomous/Spectacled Cobra/Indian-cobra-with-head-raised-in-habitat.jpg,True,,False,650,507,1.282051,RGB,JPEG,67034,PROVENANCE_REVIEW,source provenance and training reuse rights not verified
Venomous/Spectacled Cobra/Indian-cobra-with-head-raised-ventral-view.jpg,True,,False,345,520,0.663462,RGB,JPEG,52855,PROVENANCE_REVIEW,source provenance and training reuse rights not verified
Venomous/Spectacled Cobra/Indian-cobra-young-hatching.jpg,True,,False,650,444,1.463964,RGB,JPEG,71323,PROVENANCE_REVIEW,source provenance and training reuse rights not verified
Venomous/Spectacled Cobra/indian-cobra.jpg,True,,False,214,286,0.748252,RGB,JPEG,9745,PROVENANCE_REVIEW,source provenance and training reuse rights not verified
Venomous/Spectacled Cobra/Indian-Cobra_001.jpg,True,,False,512,342,1.497076,RGB,JPEG,41339,PROVENANCE_REVIEW,source provenance and training reuse rights not verified
Venomous/Spectacled Cobra/indian-cobra_002.jpg,True,,False,530,254,2.086614,RGB,JPEG,62776,PROVENANCE_REVIEW,source provenance and training reuse rights not verified
Venomous/Spectacled Cobra/indian-cobra_003.jpg,True,,False,205,155,1.322581,RGB,JPEG,6943,PROVENANCE_REVIEW,source provenance and training reuse rights not verified
Venomous/Spectacled Cobra/INDIAN-COBRA_004.jpg,True,,False,503,750,0.670667,RGB,JPEG,429126,PROVENANCE_REVIEW,source provenance and training reuse rights not verified
Venomous/Spectacled Cobra/indian-snake-spectacled-cobra-naja-naja-hood-open-rear-back-rearview-ce8pwr.jpg,True,,False,640,445,1.438202,RGB,JPEG,106318,PROVENANCE_REVIEW,source provenance and training reuse rights not verified
Venomous/Spectacled Cobra/indian-spectacled-cobra-close-up-c568dh.jpg,True,,False,448,320,1.4,RGB,JPEG,63048,PROVENANCE_REVIEW,source provenance and training reuse rights not verified
Venomous/Spectacled Cobra/Indian_cobra.jpg,True,,False,510,768,0.664062,RGB,JPEG,503070,PROVENANCE_REVIEW,source provenance and training reuse rights not verified
Venomous/Spectacled Cobra/Indiancobra.jpg,True,,False,500,358,1.396648,RGB,JPEG,73709,PROVENANCE_REVIEW,source provenance and training reuse rights not verified
Venomous/Spectacled Cobra/jrr-80436-reptiles-snakes-cobra-indian-spectacled-cobra-naja-naja-CE8PX4.jpg,True,,False,1300,967,1.344364,RGB,JPEG,169576,PROVENANCE_REVIEW,source provenance and training reuse rights not verified
Venomous/Spectacled Cobra/Kanha-426_Spectacled-Cobra.jpg,True,,False,1000,600,1.666667,RGB,JPEG,1231333,PROVENANCE_REVIEW,source provenance and training reuse rights not verified
Venomous/Spectacled Cobra/king-cobra-catching-and-feeding-on-indian-cobra.jpg,True,,False,220,147,1.496599,RGB,JPEG,13427,PROVENANCE_REVIEW,source provenance and training reuse rights not verified
Venomous/Spectacled Cobra/L0017_3.jpg,True,,False,776,519,1.495183,RGB,JPEG,140773,PROVENANCE_REVIEW,source provenance and training reuse rights not verified
Venomous/Spectacled Cobra/maxresdefault.jpg,True,,False,1432,1074,1.333333,RGB,JPEG,272493,PROVENANCE_REVIEW,source provenance and training reuse rights not verified
Venomous/Spectacled Cobra/maxresdefault_004.jpg,True,,False,1280,720,1.777778,RGB,JPEG,67633,PROVENANCE_REVIEW,source provenance and training reuse rights not verified
Venomous/Spectacled Cobra/maxresdefault_006.jpg,True,,False,1920,1080,1.777778,RGB,JPEG,227658,PROVENANCE_REVIEW,source provenance and training reuse rights not verified
Venomous/Spectacled Cobra/maxresdefault_007.jpg,True,,False,1280,720,1.777778,RGB,JPEG,58984,PROVENANCE_REVIEW,source provenance and training reuse rights not verified
Venomous/Spectacled Cobra/Naja naja1.jpg,True,,False,320,214,1.495327,RGB,JPEG,37391,PROVENANCE_REVIEW,source provenance and training reuse rights not verified
Venomous/Spectacled Cobra/Naja-naja-03000026811_01.jpg,True,,False,560,538,1.040892,RGB,JPEG,70456,PROVENANCE_REVIEW,source provenance and training reuse rights not verified
Venomous/Spectacled Cobra/Naja-naja-03000033195_01.jpg,True,,False,468,560,0.835714,RGB,JPEG,66898,PROVENANCE_REVIEW,source provenance and training reuse rights not verified
Venomous/Spectacled Cobra/Naja-naja-1-Spectacled-cobra.jpg,True,,False,1858,2965,0.626644,RGB,JPEG,1431244,PROVENANCE_REVIEW,source provenance and training reuse rights not verified
Venomous/Spectacled Cobra/Naja-naja-2-Spectacled-cobra-Copy.jpg,True,,False,811,1265,0.641107,RGB,JPEG,398708,PROVENANCE_REVIEW,source provenance and training reuse rights not verified
Venomous/Spectacled Cobra/Naja-naja-3-Spectacled-cobra-1170x455.jpg,True,,False,1170,455,2.571429,RGB,JPEG,269913,PROVENANCE_REVIEW,source provenance and training reuse rights not verified
Venomous/Spectacled Cobra/Naja-naja-4-Spectacled-cobra.jpg,True,,False,2438,3657,0.666667,RGB,JPEG,1830100,PROVENANCE_REVIEW,source provenance and training reuse rights not verified
Venomous/Spectacled Cobra/Naja-naja-5-Spectacled-cobra.jpg,True,,False,2219,3640,0.609615,RGB,JPEG,1903391,PROVENANCE_REVIEW,source provenance and training reuse rights not verified
Venomous/Spectacled Cobra/Naja-naja-Saleem-Hameed-e1442201686504.jpg,True,,False,253,481,0.525988,RGB,JPEG,39569,PROVENANCE_REVIEW,source provenance and training reuse rights not verified
Venomous/Spectacled Cobra/naja1-e1480951267722.png,True,,False,208,140,1.485714,RGBA,PNG,66035,PROVENANCE_REVIEW,source provenance and training reuse rights not verified
Venomous/Spectacled Cobra/naja2-523x600.png,True,,False,523,600,0.871667,RGBA,PNG,728054,PROVENANCE_REVIEW,source provenance and training reuse rights not verified
Venomous/Spectacled Cobra/Naja_naja2.jpg,True,,False,463,306,1.513072,RGB,JPEG,35666,PROVENANCE_REVIEW,source provenance and training reuse rights not verified
Venomous/Spectacled Cobra/Naja_naja3.jpg,True,,False,525,347,1.512968,RGB,JPEG,82678,PROVENANCE_REVIEW,source provenance and training reuse rights not verified
Venomous/Spectacled Cobra/naja_naja_2.jpg,True,,False,320,226,1.415929,RGB,JPEG,38010,PROVENANCE_REVIEW,source provenance and training reuse rights not verified
Venomous/Spectacled Cobra/Najacobra.jpeg.jpeg,True,,False,220,282,0.780142,RGB,JPEG,21628,PROVENANCE_REVIEW,source provenance and training reuse rights not verified
Venomous/Spectacled Cobra/Najanaja5.jpg,True,,False,240,320,0.75,RGB,JPEG,23498,PROVENANCE_REVIEW,source provenance and training reuse rights not verified
Venomous/Spectacled Cobra/ni_2015_63_3_300_158155_f8.jpg,True,,False,454,587,0.773424,RGB,JPEG,293919,PROVENANCE_REVIEW,source provenance and training reuse rights not verified
Venomous/Spectacled Cobra/poor-lower-caste-indian-boy-begging-with-spectacled-cobra-on-an-india-bxxhx3.jpg,True,,False,346,540,0.640741,RGB,JPEG,61019,PROVENANCE_REVIEW,source provenance and training reuse rights not verified
Venomous/Spectacled Cobra/poor-lower-caste-indian-girl-begging-with-spectacled-cobra-on-an-india-bxxhxd.jpg,True,,False,346,540,0.640741,RGB,JPEG,64043,PROVENANCE_REVIEW,source provenance and training reuse rights not verified
Venomous/Spectacled Cobra/rsz_rare_indian_spectacled_cobra_caught_with_vestigial_‘legs’_in_telangana__video_3.jpg,True,,False,540,360,1.5,RGB,JPEG,67707,PROVENANCE_REVIEW,source provenance and training reuse rights not verified
Venomous/Spectacled Cobra/snake-book-with-cover-WM.jpg,True,,False,556,817,0.680539,RGB,JPEG,101133,PROVENANCE_REVIEW,source provenance and training reuse rights not verified
Venomous/Spectacled Cobra/snake-cobra-indian-spectacled-cobra-naja-naja-with-open-hood-india-CE8R0T.jpg,True,,False,867,1390,0.623741,RGB,JPEG,217354,PROVENANCE_REVIEW,source provenance and training reuse rights not verified
Venomous/Spectacled Cobra/snake-indian-spectacled-cobra-naja-naja-naja-et0cm2.jpg,True,,False,640,445,1.438202,RGB,JPEG,132486,PROVENANCE_REVIEW,source provenance and training reuse rights not verified
Venomous/Spectacled Cobra/snake36l.jpg,True,,False,400,600,0.666667,RGB,JPEG,39932,PROVENANCE_REVIEW,source provenance and training reuse rights not verified
Venomous/Spectacled Cobra/snake_7n.jpg,True,,False,305,461,0.661605,RGB,JPEG,39053,PROVENANCE_REVIEW,source provenance and training reuse rights not verified
Venomous/Spectacled Cobra/SNP00413.jpg,True,,False,300,239,1.25523,RGB,JPEG,28640,PROVENANCE_REVIEW,source provenance and training reuse rights not verified
Venomous/Spectacled Cobra/Spectacle-Pattern-On-Hood-of-Cobra.jpg,True,,False,267,400,0.6675,RGB,JPEG,34695,PROVENANCE_REVIEW,source provenance and training reuse rights not verified
Venomous/Spectacled Cobra/Spectacled cobra.jpg,True,,False,4928,2927,1.683635,RGB,JPEG,3077663,PROVENANCE_REVIEW,source provenance and training reuse rights not verified
Venomous/Spectacled Cobra/spectacled-cobra-highly-poisonous-elapine-indian-snake-indian-naja-naja-also-known-as-asian-binocellate-57558361.jpg,True,,False,960,1300,0.738462,RGB,JPEG,228180,PROVENANCE_REVIEW,source provenance and training reuse rights not verified
Venomous/Spectacled Cobra/Spectacled-Cobra-Hood-Photo.jpg,True,,False,341,512,0.666016,RGB,JPEG,56256,PROVENANCE_REVIEW,source provenance and training reuse rights not verified
Venomous/Spectacled Cobra/spectacled-cobra-in-basket-of-snake-charmer-new-delhi-india-naja-naja-DTRX7M.jpg,True,,False,865,1390,0.622302,RGB,JPEG,101208,PROVENANCE_REVIEW,source provenance and training reuse rights not verified
Venomous/Spectacled Cobra/spectacled-cobra-naja-naja-bangalore-karnataka-theindian-cobrais-one-HNWT1W.jpg,True,,False,1300,956,1.359833,RGB,JPEG,176677,PROVENANCE_REVIEW,source provenance and training reuse rights not verified
Venomous/Spectacled Cobra/spectacled-cobra-naja-naja-bangalore-karnataka-theindian-cobrais-one-hnww7b.jpg,True,,False,300,470,0.638298,RGB,JPEG,21601,PROVENANCE_REVIEW,source provenance and training reuse rights not verified
Venomous/Spectacled Cobra/spectacled-cobra-naja-naja-bangalore-karnataka-theindian-cobrais-one-hnww7k.jpg,True,,False,300,470,0.638298,RGB,JPEG,23860,PROVENANCE_REVIEW,source provenance and training reuse rights not verified
Venomous/Spectacled Cobra/spectacled-cobra-naja-naja-family-elaphidae-aarey-milk-colony-mumbai-ECK328.jpg,True,,False,1300,956,1.359833,RGB,JPEG,156741,PROVENANCE_REVIEW,source provenance and training reuse rights not verified
Venomous/Spectacled Cobra/spectacled-cobra-naja-naja-family-elaphidae-aarey-milk-colony-mumbai-eck40e.jpg,True,,False,300,470,0.638298,RGB,JPEG,45823,PROVENANCE_REVIEW,source provenance and training reuse rights not verified
Venomous/Spectacled Cobra/spectacled-cobra-naja-naja-family-elaphidae-aarey-milk-colony-mumbai-ECK40G.jpg,True,,False,866,1390,0.623022,RGB,JPEG,201514,PROVENANCE_REVIEW,source provenance and training reuse rights not verified
Venomous/Spectacled Cobra/spectacled-cobra-naja-naja-family-elaphidae-aarey-milk-colony-mumbai-eck40j.jpg,True,,False,450,320,1.40625,RGB,JPEG,40388,PROVENANCE_REVIEW,source provenance and training reuse rights not verified
Venomous/Spectacled Cobra/spectacled-cobra-naja-naja-family-elaphidae-aarey-milk-colony-mumbai-eck40m.jpg,True,,False,450,320,1.40625,RGB,JPEG,40056,PROVENANCE_REVIEW,source provenance and training reuse rights not verified
Venomous/Spectacled Cobra/spectacled-cobra-naja-naja-family-elaphidae-aarey-milk-colony-mumbai-eck40r.jpg,True,,False,640,447,1.431767,RGB,JPEG,36514,PROVENANCE_REVIEW,source provenance and training reuse rights not verified
Venomous/Spectacled Cobra/spectacled-cobra-naja-naja-family-elaphidae-aarey-milk-colony-mumbai-eck40t.jpg,True,,False,450,320,1.40625,RGB,JPEG,37770,PROVENANCE_REVIEW,source provenance and training reuse rights not verified
Venomous/Spectacled Cobra/spectacled-cobra-naja-naja-ncbs-bangalore-india-fajac6.jpg,True,,False,300,470,0.638298,RGB,JPEG,49256,PROVENANCE_REVIEW,source provenance and training reuse rights not verified
Venomous/Spectacled Cobra/spectacled-cobra-naja-naja-ncbs-bangalore-india-fajaca.jpg,True,,False,450,320,1.40625,RGB,JPEG,48826,PROVENANCE_REVIEW,source provenance and training reuse rights not verified
Venomous/Spectacled Cobra/spectacled-cobra-naja-naja-venomous-common-aarey-milk-colony-mumbai-b87kda.jpg,True,,False,347,540,0.642593,RGB,JPEG,106176,PROVENANCE_REVIEW,source provenance and training reuse rights not verified
Venomous/Spectacled Cobra/spectacled-cobra-naja-naja-venomous-common-bn519e.jpg,True,,False,640,446,1.434978,RGB,JPEG,32859,PROVENANCE_REVIEW,source provenance and training reuse rights not verified
Venomous/Spectacled Cobra/spectacled-cobra-naja-naja-venomous-common-c690gp.jpg,True,,False,347,540,0.642593,RGB,JPEG,62855,PROVENANCE_REVIEW,source provenance and training reuse rights not verified
Venomous/Spectacled Cobra/spectacled-cobra-naja-naja-venomous-common-cc0bp0.jpg,True,,False,300,468,0.641026,RGB,JPEG,26720,PROVENANCE_REVIEW,source provenance and training reuse rights not verified
Venomous/Spectacled Cobra/spectacled-cobra-naja-naja-venomous-common-dive-ghat-maharasthra-india-AA2KAR.jpg,True,,False,975,1390,0.701439,RGB,JPEG,157789,PROVENANCE_REVIEW,source provenance and training reuse rights not verified
Venomous/Spectacled Cobra/spectacled-cobra-naja-naja-venomous-common-elapidae-ajivali-devrai-BY1010.jpg,True,,False,866,1390,0.623022,RGB,JPEG,158773,PROVENANCE_REVIEW,source provenance and training reuse rights not verified
Venomous/Spectacled Cobra/spectacled-cobra-naja-naja-venomous-common-elapidae-pune-en6afd.jpg,True,,False,640,447,1.431767,RGB,JPEG,102109,PROVENANCE_REVIEW,source provenance and training reuse rights not verified
Venomous/Spectacled Cobra/spectacled-cobra-naja-naja-venomous-common-elapidae-pune-en6afe.jpg,True,,False,300,470,0.638298,RGB,JPEG,46105,PROVENANCE_REVIEW,source provenance and training reuse rights not verified
Venomous/Spectacled Cobra/spectacled-cobra-naja-naja-venomous-common-elapidae-pune-en6afg.jpg,True,,False,640,447,1.431767,RGB,JPEG,84758,PROVENANCE_REVIEW,source provenance and training reuse rights not verified
Venomous/Spectacled Cobra/spectacled-cobra-naja-naja-venomous-common-elapidae-pune-en6afj.jpg,True,,False,450,320,1.40625,RGB,JPEG,60098,PROVENANCE_REVIEW,source provenance and training reuse rights not verified
Venomous/Spectacled Cobra/spectacled-cobra-naja-naja-venomous-common-film-city-mumbai-b87jh0.jpg,True,,False,347,540,0.642593,RGB,JPEG,82258,PROVENANCE_REVIEW,source provenance and training reuse rights not verified
Venomous/Spectacled Cobra/spectacled-cobra-naja-naja-venomous-common-genus-of-venomous-elapid-AX06FY.jpg,True,,False,870,1390,0.625899,RGB,JPEG,189680,PROVENANCE_REVIEW,source provenance and training reuse rights not verified
Venomous/Spectacled Cobra/spectacled-cobra-naja-naja-venomous-common-genus-of-venomous-elapid-AX079W.jpg,True,,False,1300,960,1.354167,RGB,JPEG,374199,PROVENANCE_REVIEW,source provenance and training reuse rights not verified
Venomous/Spectacled Cobra/spectacled-cobra-naja-naja-venomous-common-genus-of-venomous-elapid-ax07kw.jpg,True,,False,640,448,1.428571,RGB,JPEG,90184,PROVENANCE_REVIEW,source provenance and training reuse rights not verified
Venomous/Spectacled Cobra/spectacled-cobra-naja-naja-venomous-common-genus-of-venomous-elapid-ax07tg.jpg,True,,False,640,448,1.428571,RGB,JPEG,130970,PROVENANCE_REVIEW,source provenance and training reuse rights not verified
Venomous/Spectacled Cobra/spectacled-cobra-naja-naja-venomous-common-genus-of-venomous-elapid-AX08MW.jpg,True,,False,1300,960,1.354167,RGB,JPEG,305497,PROVENANCE_REVIEW,source provenance and training reuse rights not verified
Venomous/Spectacled Cobra/spectacled-cobra-naja-naja-venomous-common-genus-of-venomous-elapid-ax2f1m.jpg,True,,False,348,540,0.644444,RGB,JPEG,77190,PROVENANCE_REVIEW,source provenance and training reuse rights not verified
Venomous/Spectacled Cobra/spectacled-cobra-naja-naja-venomous-common-golaghat-district-assam-DABB5W.jpg,True,,False,866,1390,0.623022,RGB,JPEG,168042,PROVENANCE_REVIEW,source provenance and training reuse rights not verified
Venomous/Spectacled Cobra/spectacled-cobra-naja-naja-venomous-common-golaghat-district-assam-dabb6c.jpg,True,,False,450,320,1.40625,RGB,JPEG,63406,PROVENANCE_REVIEW,source provenance and training reuse rights not verified
Venomous/Spectacled Cobra/spectacled-cobra-naja-naja-venomous-common-indian-cobra-seen-in-gorai-ae6mrw.jpg,True,,False,342,540,0.633333,RGB,JPEG,40939,PROVENANCE_REVIEW,source provenance and training reuse rights not verified
Venomous/Spectacled Cobra/spectacled-cobra-naja-naja-venomous-common-marol-police-camp-andheri-b87jen.jpg,True,,False,347,540,0.642593,RGB,JPEG,71462,PROVENANCE_REVIEW,source provenance and training reuse rights not verified
Venomous/Spectacled Cobra/Spectacled-Cobra-Picture.jpg,True,,False,341,512,0.666016,RGB,JPEG,46578,PROVENANCE_REVIEW,source provenance and training reuse rights not verified
Venomous/Spectacled Cobra/Spectacled-cobra-skins-seized-due-to-illegal-trade.jpg,True,,False,650,434,1.497696,RGB,JPEG,97334,PROVENANCE_REVIEW,source provenance and training reuse rights not verified
Venomous/Spectacled Cobra/spectacled-cobra-slide-1-1024x682.jpg,True,,False,1024,682,1.501466,RGB,JPEG,91941,PROVENANCE_REVIEW,source provenance and training reuse rights not verified
Venomous/Spectacled Cobra/Spectacled-Cobra.jpg,True,,False,512,342,1.497076,RGB,JPEG,40527,PROVENANCE_REVIEW,source provenance and training reuse rights not verified
Venomous/Spectacled Cobra/Spectacled-Cobra31.jpg,True,,False,600,350,1.714286,RGB,JPEG,89433,PROVENANCE_REVIEW,source provenance and training reuse rights not verified
Venomous/Spectacled Cobra/spectacled-cobra_001.jpg,True,,False,550,412,1.334951,RGB,JPEG,79163,PROVENANCE_REVIEW,source provenance and training reuse rights not verified
Venomous/Spectacled Cobra/Spectacled-Cobra_003.jpg,True,,False,960,720,1.333333,RGB,JPEG,424556,PROVENANCE_REVIEW,source provenance and training reuse rights not verified
Venomous/Spectacled Cobra/Spectacled_Cobra_and_Stripe-necked_Mongoose_DHobcorft.jpg,True,,False,425,277,1.534296,RGB,JPEG,155013,PROVENANCE_REVIEW,source provenance and training reuse rights not verified
Venomous/Spectacled Cobra/stock-photo-indian-cobra-170225447.jpg,True,,False,450,320,1.40625,RGB,JPEG,78815,PROVENANCE_REVIEW,source provenance and training reuse rights not verified
Venomous/Spectacled Cobra/the-indian-cobra-naja-naja-also-known-as-the-spectacled-cobra-asian-FW7360.jpg,True,,False,1300,953,1.364113,RGB,JPEG,234765,PROVENANCE_REVIEW,source provenance and training reuse rights not verified
Venomous/Spectacled Cobra/The_Common_Indian_Cobra_or_Spectacled_Cobra_02.JPG,True,,False,3648,2736,1.333333,RGB,JPEG,1372049,PROVENANCE_REVIEW,source provenance and training reuse rights not verified
Venomous/Spectacled Cobra/The_Common_Indian_Cobra_or_Spectacled_Cobra_04.JPG,True,,False,3648,2736,1.333333,RGB,JPEG,1451314,PROVENANCE_REVIEW,source provenance and training reuse rights not verified
Venomous/Spectacled Cobra/The_Common_Indian_Cobra_or_Spectacled_Cobra_07.JPG,True,,False,3648,2736,1.333333,RGB,JPEG,1316144,PROVENANCE_REVIEW,source provenance and training reuse rights not verified
Venomous/Spectacled Cobra/The_Common_Indian_Cobra_or_Spectacled_Cobra_08.JPG,True,,False,3648,2736,1.333333,RGB,JPEG,1436509,PROVENANCE_REVIEW,source provenance and training reuse rights not verified
Venomous/Spectacled Cobra/The_Common_Indian_Cobra_or_Spectacled_Cobra_13.JPG,True,,False,3648,2736,1.333333,RGB,JPEG,1199295,PROVENANCE_REVIEW,source provenance and training reuse rights not verified
Venomous/Spectacled Cobra/The_Common_Indian_Cobra_or_Spectacled_Cobra_14.JPG,True,,False,3648,2736,1.333333,RGB,JPEG,1512670,PROVENANCE_REVIEW,source provenance and training reuse rights not verified
Venomous/Spectacled Cobra/The_Common_Indian_Cobra_or_Spectacled_Cobra_21.JPG,True,,False,3648,2736,1.333333,RGB,JPEG,1176985,PROVENANCE_REVIEW,source provenance and training reuse rights not verified
Venomous/Spectacled Cobra/The_Common_Indian_Cobra_or_Spectacled_Cobra_23.JPG,True,,False,3648,2736,1.333333,RGB,JPEG,1279017,PROVENANCE_REVIEW,source provenance and training reuse rights not verified
Venomous/Spectacled Cobra/The_Common_Indian_Cobra_or_Spectacled_Cobra_29.JPG,True,,False,3648,2048,1.78125,RGB,JPEG,1843604,PROVENANCE_REVIEW,source provenance and training reuse rights not verified
Venomous/Spectacled Cobra/The_Common_Indian_Cobra_or_Spectacled_Cobra_30.JPG,True,,False,3648,2736,1.333333,RGB,JPEG,1365791,PROVENANCE_REVIEW,source provenance and training reuse rights not verified
Venomous/Spectacled Cobra/The_Common_Indian_Cobra_or_Spectacled_Cobra_34.JPG,True,,False,3648,2736,1.333333,RGB,JPEG,1236929,PROVENANCE_REVIEW,source provenance and training reuse rights not verified
Venomous/Spectacled Cobra/The_Common_Indian_Cobra_or_Spectacled_Cobra_35.JPG,True,,False,3648,2736,1.333333,RGB,JPEG,1190145,PROVENANCE_REVIEW,source provenance and training reuse rights not verified
Venomous/Spectacled Cobra/tumblr_o07hjtgxd71r6bovho1_500.jpg,True,,False,500,692,0.722543,RGB,JPEG,104851,PROVENANCE_REVIEW,source provenance and training reuse rights not verified
Venomous/Spectacled Cobra/tumblr_oe91zzenDc1uckwggo1_500.jpg,True,,False,500,333,1.501502,RGB,JPEG,28536,PROVENANCE_REVIEW,source provenance and training reuse rights not verified
Venomous/Spectacled Cobra/tumblr_os3eju0XZY1vraiwyo1_500.jpg,True,,False,500,366,1.36612,RGB,JPEG,46485,PROVENANCE_REVIEW,source provenance and training reuse rights not verified
Venomous/Spectacled Cobra/x12185425.jpg,True,,False,271,194,1.396907,RGB,JPEG,16447,PROVENANCE_REVIEW,source provenance and training reuse rights not verified
Venomous/Spectacled Cobra/X5B3538.jpg,True,,False,900,600,1.5,RGB,JPEG,424429,PROVENANCE_REVIEW,source provenance and training reuse rights not verified
Venomous/Spectacled Cobra/Young-Indian-cobra.jpg,True,,False,650,433,1.501155,RGB,JPEG,69362,PROVENANCE_REVIEW,source provenance and training reuse rights not verified
Venomous/Spectacled Cobra/zoology-animals-reptiles-snakes-indian-cobra-naja-naja-two-snakes-b408gx.jpg,True,,False,640,454,1.409692,RGB,JPEG,93512,PROVENANCE_REVIEW,source provenance and training reuse rights not verified
