relative_path,filename,extension,parent_label,species_label,intended_model_class,width,height,channels_or_mode,file_size_bytes,sha256,perceptual_hash,dhash,readable,exact_duplicate_group,near_duplicate_group,source_group_id,existing_dataset_match,existing_split_match,label_conflict,provenance_status,audit_status,review_reason,image_format,aspect_ratio,integrity_error,truncated_warning
Non-Venomous/Banded Racer/03000025388_01_f.jpg,03000025388_01_f.jpg,.jpg,Non-Venomous,Banded Racer,Non_Venomous_Snake,1024,683,RGB,161051,18f53ddf7fc90c998bbb4f80e4f3668070ee6897317c6013765b726c4f56fcd1,9e017f126d6204ff,6dd9f4923cf41c33,True,,,,True,TRAIN,False,NOT VERIFIED,DUPLICATE_REVIEW,near-duplicate candidate matching existing TRAIN image,JPEG,1.499268,,False
Non-Venomous/Banded Racer/03000026774_01_f.jpg,03000026774_01_f.jpg,.jpg,Non-Venomous,Banded Racer,Non_Venomous_Snake,1024,768,RGB,144939,e5161c2dca06011d135260fb79edd2d83256a75d6d910f74b73b1caa21209e00,84c47917719b61eb,a8a4e2e2ec6c6992,True,,,,True,TRAIN,False,NOT VERIFIED,DUPLICATE_REVIEW,near-duplicate candidate matching existing TRAIN image,JPEG,1.333333,,False
Non-Venomous/Banded Racer/0835.jpeg,0835.jpeg,.jpeg,Non-Venomous,Banded Racer,Non_Venomous_Snake,432,288,RGB,110321,fbb263175c553cf2c3c3787fb183b8d30e2dd392d3637b05b9c2d594e7b6c524,b94f924b946e8713,581a5e221a9bbb9c,True,,,,True,TRAIN,False,NOT VERIFIED,DUPLICATE_REVIEW,near-duplicate candidate matching existing TRAIN image,JPEG,1.5,,False
Non-Venomous/Banded Racer/1274635783_6d04848eae.jpg,1274635783_6d04848eae.jpg,.jpg,Non-Venomous,Banded Racer,Non_Venomous_Snake,500,271,RGB,65426,22570158a74fa87acad401fd0681d2c329035aa1a43ff60aded1e58b23bffff5,c4c33d3c32934d67,9ce2c0c8e4b4a48a,True,,,,True,TRAIN,False,NOT VERIFIED,DUPLICATE_REVIEW,near-duplicate candidate matching existing TRAIN image,JPEG,1.845018,,False
Non-Venomous/Banded Racer/1474639691IMG_9870.JPG,1474639691IMG_9870.JPG,.jpg,Non-Venomous,Banded Racer,Non_Venomous_Snake,600,400,RGB,96084,3ad3949ebf40080d4dcd9fc962fb1d6d977bf476e161f1daccbb25b319551969,a65936622cd57bc4,24367abaa74de4ae,True,,,,True,TRAIN,False,NOT VERIFIED,DUPLICATE_REVIEW,near-duplicate candidate matching existing TRAIN image,JPEG,1.5,,False
Non-Venomous/Banded Racer/1886.jpeg,1886.jpeg,.jpeg,Non-Venomous,Banded Racer,Non_Venomous_Snake,750,527,RGB,261756,232f4ccbf91895c5d7d49b8959a2a4d69d39b77e4c05608b071e09972617b73d,c41d7aa7635c163a,e7f0b0c6cce49545,True,,,,True,TRAIN,False,NOT VERIFIED,DUPLICATE_REVIEW,near-duplicate candidate matching existing TRAIN image,JPEG,1.42315,,False
Non-Venomous/Banded Racer/1887.jpeg,1887.jpeg,.jpeg,Non-Venomous,Banded Racer,Non_Venomous_Snake,750,534,RGB,291893,0f14727bd6fb0f64d577b1c8fb3b6f7286a9bc8469b4f09503996feecf3055ad,d6c36c963b8e4cb0,6dc4e1499ca4ac32,True,,,,True,TRAIN,False,NOT VERIFIED,DUPLICATE_REVIEW,near-duplicate candidate matching existing TRAIN image,JPEG,1.404494,,False
Non-Venomous/Banded Racer/3bbddef038d00a1492014b195f259104--colorful-snakes-nerd.jpg,3bbddef038d00a1492014b195f259104--colorful-snakes-nerd.jpg,.jpg,Non-Venomous,Banded Racer,Non_Venomous_Snake,236,198,RGB,15048,ca45f106ba47d92d6a3ef945f99101fc234bb8efa8ac6af8681422710db84678,87cb49ade489643e,f3c9ddc46e46d98c,True,,,,True,TRAIN,False,NOT VERIFIED,DUPLICATE_REVIEW,near-duplicate candidate matching existing TRAIN image,JPEG,1.191919,,False
Non-Venomous/Banded Racer/5489314689_0dc82a6515_z.jpg,5489314689_0dc82a6515_z.jpg,.jpg,Non-Venomous,Banded Racer,Non_Venomous_Snake,558,434,RGB,119420,1025f0a34a17f17c9181130a0c6dc383b34b279103d03e741b73b299b8a7d525,eccb879c914ec728,658707159b26270d,True,,,,True,TRAIN,False,NOT VERIFIED,DUPLICATE_REVIEW,near-duplicate candidate matching existing TRAIN image,JPEG,1.285714,,False
Non-Venomous/Banded Racer/5489908162_098edd6fd0_z.jpg,5489908162_098edd6fd0_z.jpg,.jpg,Non-Venomous,Banded Racer,Non_Venomous_Snake,624,386,RGB,123044,e4217c8d1602c608542175d1e21aad4f5446b78006a3f35a01da0f44835bf25e,fccf813787942c68,64313154133739ce,True,,,,True,TRAIN,False,NOT VERIFIED,DUPLICATE_REVIEW,near-duplicate candidate matching existing TRAIN image,JPEG,1.61658,,False
Non-Venomous/Banded Racer/5489908744_1c627cc25f.jpg,5489908744_1c627cc25f.jpg,.jpg,Non-Venomous,Banded Racer,Non_Venomous_Snake,495,480,RGB,128375,a9c24011d20038cf46ed90a4200b0365d1dad38193dc1750d420177b1a9d931a,b7708f27d8991923,4a0d199c0e2e6e3b,True,,,,True,TRAIN,False,NOT VERIFIED,DUPLICATE_REVIEW,near-duplicate candidate matching existing TRAIN image,JPEG,1.03125,,False
Non-Venomous/Banded Racer/9678299431_e1027b9b6c_b.jpg,9678299431_e1027b9b6c_b.jpg,.jpg,Non-Venomous,Banded Racer,Non_Venomous_Snake,1024,602,RGB,195140,7479046aa97f040784bad3d294d4c248c5500f0de2e658773996b43571568555,dc312fc438fa2fc0,50651339b4e08133,True,,NEAR0001,NEAR0001,True,TRAIN,False,NOT VERIFIED,DUPLICATE_REVIEW,perceptual near-duplicate candidate within new dataset,JPEG,1.700997,,False
Non-Venomous/Banded Racer/9678299431_e1027b9b6c_m.jpg,9678299431_e1027b9b6c_m.jpg,.jpg,Non-Venomous,Banded Racer,Non_Venomous_Snake,240,141,RGB,18707,16f349146f37cc4fec820d70aa44a78eeb27fa8df9062c7a87974133d167fb67,dc312fc438fa2fc0,50651339b4e09133,True,,NEAR0001,NEAR0001,True,TRAIN,False,NOT VERIFIED,DUPLICATE_REVIEW,perceptual near-duplicate candidate within new dataset,JPEG,1.702128,,False
Non-Venomous/Banded Racer/Argyrogena-fasciolata-03000032230_01.jpg,Argyrogena-fasciolata-03000032230_01.jpg,.jpg,Non-Venomous,Banded Racer,Non_Venomous_Snake,560,420,RGB,59150,ffa74a6af9aa7c986dd85e8bfcca444afa9f6b0a910c16d485d1f625bd74c352,943b196c43c66fa3,b61a4de54db6a4f4,True,,,,True,TRAIN,False,NOT VERIFIED,DUPLICATE_REVIEW,near-duplicate candidate matching existing TRAIN image,JPEG,1.333333,,False
Non-Venomous/Banded Racer/banded racer blog.JPG,banded racer blog.JPG,.jpg,Non-Venomous,Banded Racer,Non_Venomous_Snake,1024,757,RGB,519627,e9c35405f862fcdb76d537cb5c5fed8d05f950b65b7003445af9569062be46ed,d5c557803e828aef,c28a43b536b2d856,True,,,,True,TRAIN,False,NOT VERIFIED,DUPLICATE_REVIEW,near-duplicate candidate matching existing TRAIN image,JPEG,1.352708,,False
Non-Venomous/Banded Racer/Banded Racer Juvenile.jpg,Banded Racer Juvenile.jpg,.jpg,Non-Venomous,Banded Racer,Non_Venomous_Snake,250,178,RGB,57706,aa7643da3288e1001b9626f641819f5f5db03158108b7be482a2526d500bc78e,ad15d2f69dc86146,b06dd7b6260f65d2,True,,,,True,TRAIN,False,NOT VERIFIED,DUPLICATE_REVIEW,near-duplicate candidate matching existing TRAIN image,JPEG,1.404494,,False
Non-Venomous/Banded Racer/Banded Racer.jpg,Banded Racer.jpg,.jpg,Non-Venomous,Banded Racer,Non_Venomous_Snake,640,338,RGB,43798,927390d322cafb88be3b8eef34ad032838777d6973b6ae0d7961cd5d4f4c99ed,fbe2909aa530be45,c9494d4e633998d2,True,,,,True,TRAIN,False,NOT VERIFIED,DUPLICATE_REVIEW,near-duplicate candidate matching existing TRAIN image,JPEG,1.893491,,False
Non-Venomous/Banded Racer/banded Racer_001.jpg,banded Racer_001.jpg,.jpg,Non-Venomous,Banded Racer,Non_Venomous_Snake,800,535,RGB,129267,29e6b4fb13bbc7961258c79f77c60be50258f500ee35c08d9fb14a9c4abff374,e924832df2d96636,e2c60c1a2e56d3db,True,,,,True,TEST,False,NOT VERIFIED,LEAKAGE_RISK,near-duplicate candidate matching existing TEST image (HIGH_CONFIDENCE_NEAR_DUPLICATE),JPEG,1.495327,,False
Non-Venomous/Banded Racer/Banded Racer_1105.jpg,Banded Racer_1105.jpg,.jpg,Non-Venomous,Banded Racer,Non_Venomous_Snake,1024,768,RGB,926678,6737928f556ca4cc6eade630c8813fe62fe5619159509d7030eeba3f7d146b0f,8dccc7731fb68412,66e3a435558b8c62,True,,,,True,TEST,False,NOT VERIFIED,LEAKAGE_RISK,near-duplicate candidate matching existing TEST image (HIGH_CONFIDENCE_NEAR_DUPLICATE),JPEG,1.333333,,False
Non-Venomous/Banded Racer/Banded-Racer-1-700x489.jpg,Banded-Racer-1-700x489.jpg,.jpg,Non-Venomous,Banded Racer,Non_Venomous_Snake,700,489,RGB,56231,a0e5e05230f49e3acad1dd153a0f3dab630ed97c4667194c2bc16ef9b37ae35c,99a79c5c6b89668a,d9bc7fd393b2b23b,True,,,,True,TEST,False,NOT VERIFIED,LEAKAGE_RISK,near-duplicate candidate matching existing TEST image (HIGH_CONFIDENCE_NEAR_DUPLICATE),JPEG,1.431493,,False
Non-Venomous/Banded Racer/Banded-Racer-3-700x417.jpg,Banded-Racer-3-700x417.jpg,.jpg,Non-Venomous,Banded Racer,Non_Venomous_Snake,700,417,RGB,78251,41865da51e65439511326296bc50b9ef2e84958657dcb2b1d630cab32ef5d9be,ff44b4d792384a70,a4262373594b0f9c,True,,,,True,TEST,False,NOT VERIFIED,LEAKAGE_RISK,near-duplicate candidate matching existing TEST image (HIGH_CONFIDENCE_NEAR_DUPLICATE),JPEG,1.678657,,False
Non-Venomous/Banded Racer/banded-racer-argyrogena-fasciolata-juvenile-non-venomous-locality-DCDHTP.jpg,banded-racer-argyrogena-fasciolata-juvenile-non-venomous-locality-DCDHTP.jpg,.jpg,Non-Venomous,Banded Racer,Non_Venomous_Snake,1300,952,RGB,250259,710a70b9d6096b627088482ceb156541a25dda4b658d2f37f3d05b973baaf840,ef1c50b027c35b9c,04367243168ace4d,True,,,,True,TEST,False,NOT VERIFIED,LEAKAGE_RISK,near-duplicate candidate matching existing TEST image (HIGH_CONFIDENCE_NEAR_DUPLICATE),JPEG,1.365546,,False
Non-Venomous/Banded Racer/banded-racer-argyrogena-fasciolata-juvenile-non-venomous-locality-h9et85.jpg,banded-racer-argyrogena-fasciolata-juvenile-non-venomous-locality-h9et85.jpg,.jpg,Non-Venomous,Banded Racer,Non_Venomous_Snake,640,445,RGB,76438,d6fb9f73f9a588c5ff98230f62191fd264e16922c9459f7d486bb4858a41271a,ad279d30e249d11f,3b7666c35e9f72d6,True,,,,True,TEST,False,NOT VERIFIED,LEAKAGE_RISK,near-duplicate candidate matching existing TEST image (HIGH_CONFIDENCE_NEAR_DUPLICATE),JPEG,1.438202,,False
Non-Venomous/Banded Racer/banded-racer-argyrogena-fasciolata-ncbs-bangalore-india-f7n70b.jpg,banded-racer-argyrogena-fasciolata-ncbs-bangalore-india-f7n70b.jpg,.jpg,Non-Venomous,Banded Racer,Non_Venomous_Snake,640,447,RGB,135768,626304b01fcb5db685c88dda253b5538273ecf692369563a18b41fcecbd315e3,b61f921ddb5ce101,782ccd710a16b45c,True,,,,True,TEST,False,NOT VERIFIED,LEAKAGE_RISK,near-duplicate candidate matching existing TEST image (HIGH_CONFIDENCE_NEAR_DUPLICATE),JPEG,1.431767,,False
Non-Venomous/Banded Racer/banded-racer-argyrogena-fasciolata-non-venomous-not-common-biting-ac6488.jpg,banded-racer-argyrogena-fasciolata-non-venomous-not-common-biting-ac6488.jpg,.jpg,Non-Venomous,Banded Racer,Non_Venomous_Snake,640,452,RGB,60611,3b8ca8dd2bdf6c422aab3004602a43754f84177190b5801b82a32a1252c28392,e6604e70a34ef14f,4504004206846064,True,,,,True,TEST,False,NOT VERIFIED,LEAKAGE_RISK,near-duplicate candidate matching existing TEST image (HIGH_CONFIDENCE_NEAR_DUPLICATE),JPEG,1.415929,,False
Non-Venomous/Banded Racer/banded-racer-argyrogena-fasciolata-non-venomous-not-common-juvenile-A6TT4N.jpg,banded-racer-argyrogena-fasciolata-non-venomous-not-common-juvenile-A6TT4N.jpg,.jpg,Non-Venomous,Banded Racer,Non_Venomous_Snake,1300,952,RGB,253723,05aad33e8a5e7c948f78f166474518038113792ee4e0c6770f42dc50556cfaf1,ca3555986a9d6de0,b858662bade3f843,True,,,,True,TEST,False,NOT VERIFIED,LEAKAGE_RISK,near-duplicate candidate matching existing TEST image (HIGH_CONFIDENCE_NEAR_DUPLICATE),JPEG,1.365546,,False
Non-Venomous/Banded Racer/banded-racer-argyrogena-fasciolata-non-venomous-not-common-juvenile-A6TT4T.jpg,banded-racer-argyrogena-fasciolata-non-venomous-not-common-juvenile-A6TT4T.jpg,.jpg,Non-Venomous,Banded Racer,Non_Venomous_Snake,1300,952,RGB,270619,3d20c5d0a3b4815061b3dc2073408aa7198ce03c7cecea57e668f7d50453c0fa,bc3603c97c864f96,a65b652615936345,True,,,,True,TEST,False,NOT VERIFIED,LEAKAGE_RISK,near-duplicate candidate matching existing TEST image (HIGH_CONFIDENCE_NEAR_DUPLICATE),JPEG,1.365546,,False
Non-Venomous/Banded Racer/banded-racer-argyrogena-fasciolata-non-venomous-not-common-kalbeliya-AT2BHP.jpg,banded-racer-argyrogena-fasciolata-non-venomous-not-common-kalbeliya-AT2BHP.jpg,.jpg,Non-Venomous,Banded Racer,Non_Venomous_Snake,841,1390,RGB,140924,a873327a8c4f98ba88ed5cb43906cc9adfe09eb8dac53c33cbf099afd608d955,c242eece09a376b6,e549cdd9f0a54a90,True,,,,True,TEST,False,NOT VERIFIED,LEAKAGE_RISK,near-duplicate candidate matching existing TEST image (HIGH_CONFIDENCE_NEAR_DUPLICATE),JPEG,0.605036,,False
Non-Venomous/Banded Racer/banded-racerargyrogena-fasciolata-ncbs-bangalore-india-f7n6yr.jpg,banded-racerargyrogena-fasciolata-ncbs-bangalore-india-f7n6yr.jpg,.jpg,Non-Venomous,Banded Racer,Non_Venomous_Snake,640,447,RGB,135495,c0445e304cf655a4203063aedd8a2211731fdb1532b19a46f1cddbf40618e9bd,af169529ea1bc26c,d966e85927d71b06,True,,,,True,TEST,False,NOT VERIFIED,LEAKAGE_RISK,near-duplicate candidate matching existing TEST image (HIGH_CONFIDENCE_NEAR_DUPLICATE),JPEG,1.431767,,False
Non-Venomous/Banded Racer/banded_racer2.JPG,banded_racer2.JPG,.jpg,Non-Venomous,Banded Racer,Non_Venomous_Snake,320,306,RGB,52694,6cb4014e0fe699d6e2c2abf1317dd76863c28a1d892937965d4771749df28954,cbc463b38c2c7fc0,45e06222b259d16b,True,,,,True,TEST,False,NOT VERIFIED,LEAKAGE_RISK,near-duplicate candidate matching existing TEST image (HIGH_CONFIDENCE_NEAR_DUPLICATE),JPEG,1.045752,,False
Non-Venomous/Banded Racer/Banded_Racer_Argyrogena_fasciolata_by_Ashahar_alias_Krishna_Khan.jpg,Banded_Racer_Argyrogena_fasciolata_by_Ashahar_alias_Krishna_Khan.jpg,.jpg,Non-Venomous,Banded Racer,Non_Venomous_Snake,1200,800,RGB,457017,8107d36aeb85d8b08789cb91de3ed35840bf0c7c82aff1aab64f9aa636f861b6,f994cc423526dbc9,261a3a1e93292133,True,,,,True,TEST,False,NOT VERIFIED,LEAKAGE_RISK,near-duplicate candidate matching existing TEST image (HIGH_CONFIDENCE_NEAR_DUPLICATE),JPEG,1.5,,False
Non-Venomous/Banded Racer/flagellum_19mar11_1b.jpg,flagellum_19mar11_1b.jpg,.jpg,Non-Venomous,Banded Racer,Non_Venomous_Snake,750,500,RGB,136892,7bbda2150724538582632233d0d9b6cb8ef20bb6bb14b5399db67bd1139f0053,b82597a78c1a9ad5,5cc61333262f0b9c,True,,,,True,TEST,False,NOT VERIFIED,LEAKAGE_RISK,near-duplicate candidate matching existing TEST image (HIGH_CONFIDENCE_NEAR_DUPLICATE),JPEG,1.5,,False
Non-Venomous/Banded Racer/img6.jpg,img6.jpg,.jpg,Non-Venomous,Banded Racer,Non_Venomous_Snake,600,393,RGB,47904,0cb487eeec213760d6351194e0a6c0981513e61dde6e488d7f8f241d677bd7ff,ec3f42bc7f819049,0c07e2441396c3c3,True,,,,True,TEST,False,NOT VERIFIED,LEAKAGE_RISK,near-duplicate candidate matching existing TEST image (HIGH_CONFIDENCE_NEAR_DUPLICATE),JPEG,1.526718,,False
Non-Venomous/Banded Racer/medium.JPG,medium.JPG,.jpg,Non-Venomous,Banded Racer,Non_Venomous_Snake,500,283,RGB,134358,3d81cf1ba1a840f373a0526720b33a5815b366bda1328ee275149643eb62a24a,a1d99de277b04945,e2ab938c47abcc72,True,,,,True,TEST,False,NOT VERIFIED,LEAKAGE_RISK,near-duplicate candidate matching existing TEST image (HIGH_CONFIDENCE_NEAR_DUPLICATE),JPEG,1.766784,,False
Non-Venomous/Banded Racer/snake.JPG,snake.JPG,.jpg,Non-Venomous,Banded Racer,Non_Venomous_Snake,1600,987,RGB,244785,ca5836096e419b5ccebfa0aa51da86ede858e5ac42f6a22e9914b1e94546fae2,f7ca9435e50f6c01,000801030a345080,True,,,,False,,False,NOT VERIFIED,PROVENANCE_REVIEW,source provenance and training reuse rights not verified,JPEG,1.621074,,False
Non-Venomous/Banded Racer/wildclicks.jpg,wildclicks.jpg,.jpg,Non-Venomous,Banded Racer,Non_Venomous_Snake,620,407,RGB,39541,0d37a30940448166f5defd42cd5b9d4a9e895c04c05b7fd646c613c989f3a56c,ca953d6a1594da8d,f062e0d8e10105b2,True,,,,False,,False,NOT VERIFIED,PROVENANCE_REVIEW,source provenance and training reuse rights not verified,JPEG,1.523342,,False
Non-Venomous/Checkered Keelback/03.jpg,03.jpg,.jpg,Non-Venomous,Checkered Keelback,Non_Venomous_Snake,640,432,RGB,114596,8f69826f9b701e7647172d55b60050326a3b01d62f5a9f6406b3cd9f049ad0fa,d513637c8578b06b,98c09cb4b2b623c6,True,,,,False,,False,NOT VERIFIED,PROVENANCE_REVIEW,source provenance and training reuse rights not verified,JPEG,1.481481,,False
Non-Venomous/Checkered Keelback/1170695.jpg,1170695.jpg,.jpg,Non-Venomous,Checkered Keelback,Non_Venomous_Snake,250,165,RGB,26343,daa8d8a6b0341991b4bffb73b20864354a57597aaae41d005a049c31fbb06b74,e47233d20fc956c3,8c0e27f3e7a49366,True,,,,True,TRAIN,False,NOT VERIFIED,DUPLICATE_REVIEW,near-duplicate candidate matching existing TRAIN image,JPEG,1.515152,,False
Non-Venomous/Checkered Keelback/1274637963_d73bd842e0.jpg,1274637963_d73bd842e0.jpg,.jpg,Non-Venomous,Checkered Keelback,Non_Venomous_Snake,500,340,RGB,59070,2bbe40fc0033b009bc982fe819f5c236e7d0fd2e72844087aa7198f6b60c7f53,c07b268c1be76c99,888080b8b0a4c8b6,True,,,,True,TRAIN,False,NOT VERIFIED,DUPLICATE_REVIEW,near-duplicate candidate matching existing TRAIN image,JPEG,1.470588,,False
Non-Venomous/Checkered Keelback/12783453_954980014598589_967027178_n.jpg,12783453_954980014598589_967027178_n.jpg,.jpg,Non-Venomous,Checkered Keelback,Non_Venomous_Snake,1080,1080,RGB,223575,9c61c19d6bddab14fedfe11adae30b6892b29de3bfe4ddd42b8a6f9e4d0fed0f,9d9da92b43a04d8f,73f0b06c68478f0b,True,,,,True,TRAIN,False,NOT VERIFIED,DUPLICATE_REVIEW,near-duplicate candidate matching existing TRAIN image,JPEG,1.0,,False
Non-Venomous/Checkered Keelback/14587184738_dc5b7b3054_b.jpg,14587184738_dc5b7b3054_b.jpg,.jpg,Non-Venomous,Checkered Keelback,Non_Venomous_Snake,1024,683,RGB,156144,7c845fe9f2de9977afd3b5e0473106629130e2d1c7a6e6df6ae45fa7bd47017c,d43ca53483cac5bb,a62cb16918a429c6,True,,,,False,,False,NOT VERIFIED,PROVENANCE_REVIEW,source provenance and training reuse rights not verified,JPEG,1.499268,,False
Non-Venomous/Checkered Keelback/1474640693Checkered Keelback ( Samanya dhoria sanp).JPG,1474640693Checkered Keelback ( Samanya dhoria sanp).JPG,.jpg,Non-Venomous,Checkered Keelback,Non_Venomous_Snake,600,397,RGB,75321,eb781c82081c282b59871b13ae8453ed6c8099954670bc86e9350c2ae65d6a36,ac56d7719a2c8d2a,e48ea7a7bb9216a5,True,,,,False,,False,NOT VERIFIED,PROVENANCE_REVIEW,source provenance and training reuse rights not verified,JPEG,1.511335,,False
Non-Venomous/Checkered Keelback/1474640697main-2.JPG,1474640697main-2.JPG,.jpg,Non-Venomous,Checkered Keelback,Non_Venomous_Snake,600,400,RGB,29490,b82b0cc4a77de6b442c464477fac427a8593b7deb9f057b6c6b996c3d56316b2,ad12da4dc21c79e3,fe8f1f55c77677cf,True,,,,True,TRAIN,False,NOT VERIFIED,DUPLICATE_REVIEW,near-duplicate candidate matching existing TRAIN image,JPEG,1.5,,False
Non-Venomous/Checkered Keelback/15563108480_e836a296f0_b.jpg,15563108480_e836a296f0_b.jpg,.jpg,Non-Venomous,Checkered Keelback,Non_Venomous_Snake,1024,683,RGB,105238,ce576d49215170e3fae71b9ec44c542db742c50b799b6dfc2d3acccf0474476e,ffdf5619d0460131,0000090117570f1f,True,,,,True,TRAIN,False,NOT VERIFIED,DUPLICATE_REVIEW,near-duplicate candidate matching existing TRAIN image,JPEG,1.499268,,False
Non-Venomous/Checkered Keelback/174_gall.jpg,174_gall.jpg,.jpg,Non-Venomous,Checkered Keelback,Non_Venomous_Snake,420,300,RGB,275917,5c7cd312137836d03ae8132e44841e89206c0f5fc9a438f88e4a769145a17a2f,d37e6a62b1913c34,5d652c5abee3d09a,True,,,,True,TRAIN,False,NOT VERIFIED,DUPLICATE_REVIEW,near-duplicate candidate matching existing TRAIN image,JPEG,1.4,,False
Non-Venomous/Checkered Keelback/2.jpg,2.jpg,.jpg,Non-Venomous,Checkered Keelback,Non_Venomous_Snake,960,551,RGB,70910,7dfd05ef230ca8b3d0627f5c0e4cbcefde82cc392925a1d6b2b41db93d21f813,bc7ba3b5c0f088a3,1f2f27b0763e0fc7,True,,,,True,TRAIN,False,NOT VERIFIED,DUPLICATE_REVIEW,near-duplicate candidate matching existing TRAIN image,JPEG,1.742287,,False
Non-Venomous/Checkered Keelback/20256325489_07fa92c4e6_b.jpg,20256325489_07fa92c4e6_b.jpg,.jpg,Non-Venomous,Checkered Keelback,Non_Venomous_Snake,1024,744,RGB,110191,7082c8c5289ad6d79713a57ecae5fdd9ba33e103b4bf93bdfeb1f31241d7f18b,bfc292e1e738ca24,4d4c793b4f373e7c,True,,,,True,TRAIN,False,NOT VERIFIED,DUPLICATE_REVIEW,near-duplicate candidate matching existing TRAIN image,JPEG,1.376344,,False
Non-Venomous/Checkered Keelback/20390939692_0c4df08d01_k.jpg,20390939692_0c4df08d01_k.jpg,.jpg,Non-Venomous,Checkered Keelback,Non_Venomous_Snake,2048,1365,RGB,1573360,d905fd226926f4b1c7ee4502b052f4c27a385d6674610231bef1041a302bdce9,e456868f9b1c1c76,e6c4a6924f43e7b7,True,,,,False,,False,NOT VERIFIED,PROVENANCE_REVIEW,source provenance and training reuse rights not verified,JPEG,1.500366,,False
Non-Venomous/Checkered Keelback/20656965795_eb050dd6c5.jpg,20656965795_eb050dd6c5.jpg,.jpg,Non-Venomous,Checkered Keelback,Non_Venomous_Snake,500,343,RGB,62065,28d39186264b9f53fd56dd575bc173a950ce64c9d6a281d731c9445c4e558b41,d07809cc2fe338e7,90b89cdcecc4ccdc,True,,,,True,VALIDATION,False,NOT VERIFIED,DUPLICATE_REVIEW,near-duplicate candidate matching existing VALIDATION image,JPEG,1.457726,,False
Non-Venomous/Checkered Keelback/20833697950_fa473f7660_b.jpg,20833697950_fa473f7660_b.jpg,.jpg,Non-Venomous,Checkered Keelback,Non_Venomous_Snake,1024,768,RGB,207952,d7e17ce887365bbf72ca24ee3f1fdf76f6a79986a41d126723420c8b0c84602e,aa302d9ef341dd70,3fbf978b0d73c313,True,,,,True,TRAIN,False,NOT VERIFIED,DUPLICATE_REVIEW,near-duplicate candidate matching existing TRAIN image,JPEG,1.333333,,False
Non-Venomous/Checkered Keelback/2171758814_f5686d0104.jpg,2171758814_f5686d0104.jpg,.jpg,Non-Venomous,Checkered Keelback,Non_Venomous_Snake,500,358,RGB,142213,d5240cf268246fc045f265e08d3801b4c59159d538319444377688e72491e5a9,97346bc3740d0bba,c64c38f4ccc94909,True,,,,True,TRAIN,False,NOT VERIFIED,DUPLICATE_REVIEW,near-duplicate candidate matching existing TRAIN image,JPEG,1.396648,,False
Non-Venomous/Checkered Keelback/220px-AB031_buff_striped_char2.JPG,220px-AB031_buff_striped_char2.JPG,.jpg,Non-Venomous,Checkered Keelback,Non_Venomous_Snake,220,188,RGB,12376,263bd5a92262be2b50498acccedea359add24d03a6ecc18da8e5446f2e899749,dd7fb604a55a8894,323a385056e0d874,True,,,,True,TRAIN,False,NOT VERIFIED,DUPLICATE_REVIEW,near-duplicate candidate matching existing TRAIN image,JPEG,1.170213,,False
Non-Venomous/Checkered Keelback/233_s.jpg,233_s.jpg,.jpg,Non-Venomous,Checkered Keelback,Non_Venomous_Snake,1201,800,RGB,131344,090723c19f1eea3bcddbced85c18606995fd0429e654b2eeea1bd53a99f14ff9,ec933bd01c65a65a,8590ad56b08686a3,True,,,,False,,False,NOT VERIFIED,PROVENANCE_REVIEW,source provenance and training reuse rights not verified,JPEG,1.50125,,False
Non-Venomous/Checkered Keelback/24897900911_7d2ee1ecff_b.jpg,24897900911_7d2ee1ecff_b.jpg,.jpg,Non-Venomous,Checkered Keelback,Non_Venomous_Snake,1024,586,RGB,304928,e28510a4e4ca4cbf55fe8f2dbecdcd0b0e35145186d417b5f78c26aa05387db4,aa4151926f6d926f,a58f838365ada767,True,,,,True,VALIDATION,False,NOT VERIFIED,DUPLICATE_REVIEW,near-duplicate candidate matching existing VALIDATION image,JPEG,1.74744,,False
Non-Venomous/Checkered Keelback/27059896011_9809401f01.jpg,27059896011_9809401f01.jpg,.jpg,Non-Venomous,Checkered Keelback,Non_Venomous_Snake,500,375,RGB,63025,545a3a397cf3af0156a01b7dd0b490a3391527502dfbd2ebfb971da42c1ff9b5,84ec2e6c66666e66,a6f0d0c8f6f6fefc,True,,,,True,TRAIN,False,NOT VERIFIED,DUPLICATE_REVIEW,near-duplicate candidate matching existing TRAIN image,JPEG,1.333333,,False
Non-Venomous/Checkered Keelback/27095118816_d9248d0b2a.jpg,27095118816_d9248d0b2a.jpg,.jpg,Non-Venomous,Checkered Keelback,Non_Venomous_Snake,500,375,RGB,92412,e6e24608531da955a1862e1ff91cded548d0edf5159574cb24a2bc07b1b2fee6,d41a4a6b6a6bdac8,49ec300c264cc004,True,,,,True,TRAIN,False,NOT VERIFIED,DUPLICATE_REVIEW,near-duplicate candidate matching existing TRAIN image,JPEG,1.333333,,False
Non-Venomous/Checkered Keelback/28338459702_4ec8e72d4b_b.jpg,28338459702_4ec8e72d4b_b.jpg,.jpg,Non-Venomous,Checkered Keelback,Non_Venomous_Snake,1024,768,RGB,166828,be59cdb263865961dca2377f15c53f449acb6f658d7010c9beed33ced29b4cf3,b101e4e28dff5d18,078e385adb0e05a6,True,,,,True,TRAIN,False,NOT VERIFIED,DUPLICATE_REVIEW,near-duplicate candidate matching existing TRAIN image,JPEG,1.333333,,False
Non-Venomous/Checkered Keelback/3127695936_95cf55577b.jpg,3127695936_95cf55577b.jpg,.jpg,Non-Venomous,Checkered Keelback,Non_Venomous_Snake,500,377,RGB,102723,0fbecd97e87319d2caa00b52c79764a6cd02edd0a0f95141c4032a97ff8a0482,aa9565cad46a99e4,d2de2f6dc4f10382,True,,,,True,TRAIN,False,NOT VERIFIED,DUPLICATE_REVIEW,near-duplicate candidate matching existing TRAIN image,JPEG,1.32626,,False
Non-Venomous/Checkered Keelback/3225992238_8e9d60ce0e.jpg,3225992238_8e9d60ce0e.jpg,.jpg,Non-Venomous,Checkered Keelback,Non_Venomous_Snake,500,327,RGB,115354,2571f53f1a8a5089cf6e9a85413e2d9737bc8157c38397a6197337830a297c19,8380fcff076419d3,e0f8d8e6e872f0c8,True,,,,True,TRAIN,False,NOT VERIFIED,DUPLICATE_REVIEW,near-duplicate candidate matching existing TRAIN image,JPEG,1.529052,,False
Non-Venomous/Checkered Keelback/32687581990_c21854f8d1_b.jpg,32687581990_c21854f8d1_b.jpg,.jpg,Non-Venomous,Checkered Keelback,Non_Venomous_Snake,1024,694,RGB,295345,acbc1ce6bf8ed6fdc0032f3c3660922d6e48be5908058e3f802da2585109a1ce,bf279049c27e191e,dc5e6c6765533488,True,,,,True,TRAIN,False,NOT VERIFIED,DUPLICATE_REVIEW,near-duplicate candidate matching existing TRAIN image,JPEG,1.475504,,False
Non-Venomous/Checkered Keelback/3344089792_507b20d221.jpg,3344089792_507b20d221.jpg,.jpg,Non-Venomous,Checkered Keelback,Non_Venomous_Snake,500,382,RGB,119290,14eb0aa1a86888ac40e15fa056d4d5a42c7d9da242fa288ed970c7fb44123ec4,eae9e326a54fc940,439d1146042d498b,True,,,,True,VALIDATION,False,NOT VERIFIED,DUPLICATE_REVIEW,near-duplicate candidate matching existing VALIDATION image,JPEG,1.308901,,False
Non-Venomous/Checkered Keelback/3458289635_0a26c79263.jpg,3458289635_0a26c79263.jpg,.jpg,Non-Venomous,Checkered Keelback,Non_Venomous_Snake,364,500,RGB,178809,9dd94cb8d2041626c7242349871f5d18a560a15ccc54717b0398dbf1d6e810d7,a38b1a06cd33e62f,fde8cb5a46ccdf30,True,,,,True,TRAIN,False,NOT VERIFIED,DUPLICATE_REVIEW,near-duplicate candidate matching existing TRAIN image,JPEG,0.728,,False
Non-Venomous/Checkered Keelback/3458294653_a8b87fc769.jpg,3458294653_a8b87fc769.jpg,.jpg,Non-Venomous,Checkered Keelback,Non_Venomous_Snake,500,424,RGB,131722,40d7c1da0201420b2560427498643a674ecbc85a36dbd159ec0e294aea6a01b1,da849f2c31cfa619,b0a0e184190561f8,True,,,,True,TRAIN,False,NOT VERIFIED,DUPLICATE_REVIEW,near-duplicate candidate matching existing TRAIN image,JPEG,1.179245,,False
Non-Venomous/Checkered Keelback/3459109170_e6448377cd.jpg,3459109170_e6448377cd.jpg,.jpg,Non-Venomous,Checkered Keelback,Non_Venomous_Snake,500,396,RGB,129878,b4939265d591ffd595d5270a5425336de0ec06ef8492812e5c9ee76f8638b498,a9d6d52b20d2db13,11262187cb5b9796,True,,,,True,TRAIN,False,NOT VERIFIED,DUPLICATE_REVIEW,near-duplicate candidate matching existing TRAIN image,JPEG,1.262626,,False
Non-Venomous/Checkered Keelback/350_e_s_500.jpg,350_e_s_500.jpg,.jpg,Non-Venomous,Checkered Keelback,Non_Venomous_Snake,1493,993,RGB,266384,8e64ce5421bf22fdc7f56cbabea6462777b6fe8b038632f773bea8c5b18d10b7,dcca651ec93833e1,21240933717d1e86,True,,,,True,TRAIN,False,NOT VERIFIED,DUPLICATE_REVIEW,near-duplicate candidate matching existing TRAIN image,JPEG,1.503525,,False
Non-Venomous/Checkered Keelback/4094409490_7b474a5030.jpg,4094409490_7b474a5030.jpg,.jpg,Non-Venomous,Checkered Keelback,Non_Venomous_Snake,500,342,RGB,189060,4db73f15d9bbba46911875d37a9430cc1810258e9cf44b3d682474f10ba17710,bf07866cd037c364,2c2f5a3b371b2e2c,True,,,,True,TRAIN,False,NOT VERIFIED,DUPLICATE_REVIEW,near-duplicate candidate matching existing TRAIN image,JPEG,1.461988,,False
Non-Venomous/Checkered Keelback/45009f00bb38a1754edbdffde787a5b6--amphibians-reptiles.jpg,45009f00bb38a1754edbdffde787a5b6--amphibians-reptiles.jpg,.jpg,Non-Venomous,Checkered Keelback,Non_Venomous_Snake,236,353,RGB,14725,a6b1fc0deeb987d28624baeac9193829dd5e4bba03a073f62443cf1cf9a68961,c6df3186784d8696,2040e0e0e0e4e289,True,,,,True,TRAIN,False,NOT VERIFIED,DUPLICATE_REVIEW,near-duplicate candidate matching existing TRAIN image,JPEG,0.668555,,False
Non-Venomous/Checkered Keelback/483d1b4810b93241b433267681151497--snakes-animals.jpg,483d1b4810b93241b433267681151497--snakes-animals.jpg,.jpg,Non-Venomous,Checkered Keelback,Non_Venomous_Snake,736,551,RGB,33478,5ad014bdd9267a7f85acf8c068130f503088f59a7e0220ce25c07a92c44b123b,cfcf9db922300c8d,eb606085e333864c,True,,,,False,,False,NOT VERIFIED,PROVENANCE_REVIEW,source provenance and training reuse rights not verified,JPEG,1.335753,,False
Non-Venomous/Checkered Keelback/4884945878_999a15707b_o.jpg,4884945878_999a15707b_o.jpg,.jpg,Non-Venomous,Checkered Keelback,Non_Venomous_Snake,800,535,RGB,297389,43cf6d29130c6f75c284899b9351f5042efe209ac6344e3c78dd233cf798b809,a8cf98ab94d02f3c,7b4b638827dbb9bd,True,,,,True,TRAIN,False,NOT VERIFIED,DUPLICATE_REVIEW,near-duplicate candidate matching existing TRAIN image,JPEG,1.495327,,False
Non-Venomous/Checkered Keelback/491121-checkered-keeeled-back.jpg,491121-checkered-keeeled-back.jpg,.jpg,Non-Venomous,Checkered Keelback,Non_Venomous_Snake,3265,2449,RGB,2088008,cf65e66e23fd69dc86db7a5a02eaf928c7fdad4ea6529fd560d3e71d7a5e7172,a20d7ae30f58916f,e1e7b9a466cd8d27,True,,,,True,TRAIN,False,NOT VERIFIED,DUPLICATE_REVIEW,near-duplicate candidate matching existing TRAIN image,JPEG,1.333197,,False
Non-Venomous/Checkered Keelback/5132438158_7853cbf717.jpg,5132438158_7853cbf717.jpg,.jpg,Non-Venomous,Checkered Keelback,Non_Venomous_Snake,500,313,RGB,185093,f9a83b99a6b681b4fa5d9eb0a8573e0a2fa44afdb611b9b3a8b70ad6b8bb7d62,a786f268d6230d76,e76fce64aaf39f2a,True,,,,True,TRAIN,False,NOT VERIFIED,DUPLICATE_REVIEW,near-duplicate candidate matching existing TRAIN image,JPEG,1.597444,,False
Non-Venomous/Checkered Keelback/5389390663_3fee7a07d3_o.jpg,5389390663_3fee7a07d3_o.jpg,.jpg,Non-Venomous,Checkered Keelback,Non_Venomous_Snake,773,516,RGB,152142,455914a74706f9da53c636e46b630b1cfc63f919ffdd0351575bad256f308c5d,81c62b6b6db8f831,e8cc9ca4c2913392,True,,,,True,TRAIN,False,NOT VERIFIED,DUPLICATE_REVIEW,near-duplicate candidate matching existing TRAIN image,JPEG,1.498062,,False
Non-Venomous/Checkered Keelback/6.jpg,6.jpg,.jpg,Non-Venomous,Checkered Keelback,Non_Venomous_Snake,960,455,RGB,76757,7bb71e95fbd225c9373d2997235ca60d4cbe24ca940f38388441ee0ecd52f563,ea4794314266addb,c0cc93c549978df0,True,,,,True,TRAIN,False,NOT VERIFIED,DUPLICATE_REVIEW,near-duplicate candidate matching existing TRAIN image,JPEG,2.10989,,False
Non-Venomous/Checkered Keelback/6040463084_f23655f730.jpg,6040463084_f23655f730.jpg,.jpg,Non-Venomous,Checkered Keelback,Non_Venomous_Snake,500,333,RGB,89271,97927045aeebeaff72082f02f272ac66f092f7ea5b2ee0c84cf92e27df295213,d14c3c451ef8c1eb,34e19139c8ca983c,True,,,,True,VALIDATION,False,NOT VERIFIED,DUPLICATE_REVIEW,near-duplicate candidate matching existing VALIDATION image,JPEG,1.501502,,False
Non-Venomous/Checkered Keelback/6069690177_f5cd0dbe69_o.jpg,6069690177_f5cd0dbe69_o.jpg,.jpg,Non-Venomous,Checkered Keelback,Non_Venomous_Snake,800,533,RGB,327972,5aba4240384c6959dbfb8980ccf8225a44da5052e113fd38465932d06514cef4,f00ff16f027467c8,161ab23c990d9198,True,,,,False,,False,NOT VERIFIED,PROVENANCE_REVIEW,source provenance and training reuse rights not verified,JPEG,1.500938,,False
Non-Venomous/Checkered Keelback/6888018080_51ce929728.jpg,6888018080_51ce929728.jpg,.jpg,Non-Venomous,Checkered Keelback,Non_Venomous_Snake,500,333,RGB,192376,06a843a931cad6667e00fd14fc43fe8bc8e585dae165a9cbdc42a08850acb2c2,9cf04f06675da730,eabcbd34dd7c3062,True,,,,True,VALIDATION,False,NOT VERIFIED,DUPLICATE_REVIEW,near-duplicate candidate matching existing VALIDATION image,JPEG,1.501502,,False
Non-Venomous/Checkered Keelback/7170810054_1373b1b24f_b.jpg,7170810054_1373b1b24f_b.jpg,.jpg,Non-Venomous,Checkered Keelback,Non_Venomous_Snake,1024,547,RGB,168030,b7945cfae0931f10626a060f7a79d3cac37c1d36c5a8bc9227df01b77929f523,a7cc39c68e338c71,b2cba26cedecd9df,True,,,,False,,False,NOT VERIFIED,PROVENANCE_REVIEW,source provenance and training reuse rights not verified,JPEG,1.872029,,False
Non-Venomous/Checkered Keelback/7170812976_3a35bbdba2_b.jpg,7170812976_3a35bbdba2_b.jpg,.jpg,Non-Venomous,Checkered Keelback,Non_Venomous_Snake,1024,717,RGB,357020,c3dd6883ebf9eddcb2ca19acd2cef98d8e0f5c05bf367a13a0498210efa2653d,e890d765ab5074da,912abc971b06b153,True,,,,False,,False,NOT VERIFIED,PROVENANCE_REVIEW,source provenance and training reuse rights not verified,JPEG,1.428173,,False
Non-Venomous/Checkered Keelback/8499894995_0bb1f2a772_m.jpg,8499894995_0bb1f2a772_m.jpg,.jpg,Non-Venomous,Checkered Keelback,Non_Venomous_Snake,240,180,RGB,21651,22b615b597a628f8ca6dd4b0622c429de2be45485892ca366025932e6b130c8a,9df6c34c049b3cb2,e44a3c5a363659d2,True,,,,True,TRAIN,False,NOT VERIFIED,DUPLICATE_REVIEW,near-duplicate candidate matching existing TRAIN image,JPEG,1.333333,,False
Non-Venomous/Checkered Keelback/8500953244_9c4fde2dc2_m.jpg,8500953244_9c4fde2dc2_m.jpg,.jpg,Non-Venomous,Checkered Keelback,Non_Venomous_Snake,240,180,RGB,24764,30a0dfde249a284845a8d4aef64a7afb853c1bde06ad5fa463e4a4fabcd78f0b,b3aec625a56ed007,6f79181bdb9ac798,True,,,,True,TRAIN,False,NOT VERIFIED,DUPLICATE_REVIEW,near-duplicate candidate matching existing TRAIN image,JPEG,1.333333,,False
Non-Venomous/Checkered Keelback/8934339313_505460cf04.jpg,8934339313_505460cf04.jpg,.jpg,Non-Venomous,Checkered Keelback,Non_Venomous_Snake,500,375,RGB,166791,1f463586fe4d77ab475ba38e1f858482abe28784d08840d91a9f6e52eceed3c9,b3b9819b4ea4d21d,5b5b9f0f6df99ece,True,,,,True,VALIDATION,False,NOT VERIFIED,DUPLICATE_REVIEW,near-duplicate candidate matching existing VALIDATION image,JPEG,1.333333,,False
Non-Venomous/Checkered Keelback/9181975166_5a8900bcb4_b.jpg,9181975166_5a8900bcb4_b.jpg,.jpg,Non-Venomous,Checkered Keelback,Non_Venomous_Snake,1024,576,RGB,260078,0571fdbdc18bad900dbf7b50ebed9b9e542eca167db67eef09737e26dcda0123,951ec633994cb64b,d8aca4969a8cc262,True,,,,True,TRAIN,False,NOT VERIFIED,DUPLICATE_REVIEW,near-duplicate candidate matching existing TRAIN image,JPEG,1.777778,,False
Non-Venomous/Checkered Keelback/9258449401_fee23ab38e.jpg,9258449401_fee23ab38e.jpg,.jpg,Non-Venomous,Checkered Keelback,Non_Venomous_Snake,500,327,RGB,67828,8f2ca48b0e3d9943da881d99d3397b37a9ece9c935f97c848b32a444a72e0195,8cdc6aa7d67b3180,667490306406234f,True,,,,True,VALIDATION,False,NOT VERIFIED,DUPLICATE_REVIEW,near-duplicate candidate matching existing VALIDATION image,JPEG,1.529052,,False
Non-Venomous/Checkered Keelback/_9068dce4-3ca7-11e7-99bd-b9a47f5fadca.jpg,_9068dce4-3ca7-11e7-99bd-b9a47f5fadca.jpg,.jpg,Non-Venomous,Checkered Keelback,Non_Venomous_Snake,960,538,RGB,82682,2783b7935c05a5da46f1eee5815d80cbf3076f55350d14d9003c808d0a128440,a35678af45bb1268,280448ea676f3b9a,True,,,,True,TRAIN,False,NOT VERIFIED,DUPLICATE_REVIEW,near-duplicate candidate matching existing TRAIN image,JPEG,1.784387,,False
Non-Venomous/Checkered Keelback/_DSC0413.jpg,_DSC0413.jpg,.jpg,Non-Venomous,Checkered Keelback,Non_Venomous_Snake,1407,850,RGB,321260,1a75ab6ab435730b14228d5c0f36f661419d2f69e94a1858df17e1963cc9ef33,c27b9544dabb1b12,f0e9c9c9c4f4d6d8,True,,,,True,TRAIN,False,NOT VERIFIED,DUPLICATE_REVIEW,near-duplicate candidate matching existing TRAIN image,JPEG,1.655294,,False
Non-Venomous/Checkered Keelback/_DSC0418.jpg,_DSC0418.jpg,.jpg,Non-Venomous,Checkered Keelback,Non_Venomous_Snake,1300,850,RGB,378724,36edfd2877c35e6372af36ad4321aa9c65063ea89da402222ad5e768292847d3,d12e087d935a6d63,da94e5e848129890,True,,,,True,TRAIN,False,NOT VERIFIED,DUPLICATE_REVIEW,near-duplicate candidate matching existing TRAIN image,JPEG,1.529412,,False
Non-Venomous/Checkered Keelback/amphiesma-stolatum_gerrut2.jpg,amphiesma-stolatum_gerrut2.jpg,.jpg,Non-Venomous,Checkered Keelback,Non_Venomous_Snake,800,535,RGB,177139,cd03c0cd4a7aa3e46557e3e3a845947e3b7b72c55a178137ba09b0e8a3c61295,e7e7810107053f3f,c4040e6663181202,True,,,,True,TRAIN,False,NOT VERIFIED,DUPLICATE_REVIEW,near-duplicate candidate matching existing TRAIN image,JPEG,1.495327,,False
Non-Venomous/Checkered Keelback/Amphiesma_stolata (2).jpg,Amphiesma_stolata (2).jpg,.jpg,Non-Venomous,Checkered Keelback,Non_Venomous_Snake,320,223,RGB,38985,7459d4dbe5a401e7bf52f039133bb048985b4bcf8d6c7a68fb8fccfbc4fdc46f,afca14e11f31f02b,8fc1d35a424e8f7e,True,,,,True,TRAIN,False,NOT VERIFIED,DUPLICATE_REVIEW,near-duplicate candidate matching existing TRAIN image,JPEG,1.434978,,False
Non-Venomous/Checkered Keelback/Amphiesma_stolata.jpg,Amphiesma_stolata.jpg,.jpg,Non-Venomous,Checkered Keelback,Non_Venomous_Snake,320,234,RGB,35488,17820d816bd281f988913cc12d879fdc10c15b3d444d1898c9d8dd5e893c27c0,aac0e18f4dd6635a,429399a4f34d6d5b,True,,,,True,TRAIN,False,NOT VERIFIED,DUPLICATE_REVIEW,near-duplicate candidate matching existing TRAIN image,JPEG,1.367521,,False
Non-Venomous/Checkered Keelback/AmpMai2.jpg,AmpMai2.jpg,.jpg,Non-Venomous,Checkered Keelback,Non_Venomous_Snake,443,293,RGB,222418,96394f65330e3f1293f7a29bae83a48ba6f737df6d0161ba8e456ac3abf9b503,fab1c14896696f34,98980f5575218706,True,,,,True,VALIDATION,False,NOT VERIFIED,DUPLICATE_REVIEW,near-duplicate candidate matching existing VALIDATION image,JPEG,1.511945,,False
Non-Venomous/Checkered Keelback/BOM 12Dec11 Checkered Keelback Watersnake 03.jpg,BOM 12Dec11 Checkered Keelback Watersnake 03.jpg,.jpg,Non-Venomous,Checkered Keelback,Non_Venomous_Snake,580,385,RGB,43606,8466e17b3ad0db591a10f8cb9991fa0d8778e9b623a3f8475e647aba21f9921d,c3fd9381c1647ccc,4a4a2cc0c988c9c9,True,,,,True,TRAIN,False,NOT VERIFIED,DUPLICATE_REVIEW,near-duplicate candidate matching existing TRAIN image,JPEG,1.506494,,False
Non-Venomous/Checkered Keelback/Buff-Striped-Keelback.jpg,Buff-Striped-Keelback.jpg,.jpg,Non-Venomous,Checkered Keelback,Non_Venomous_Snake,500,375,RGB,107933,182972572e6df4add4bab62c3bbedea49b4c91ef1916aca6294b7a80697e8464,cb62915b1dc93536,33ede7e34c5be2d2,True,,,,True,TRAIN,False,NOT VERIFIED,DUPLICATE_REVIEW,near-duplicate candidate matching existing TRAIN image,JPEG,1.333333,,False
Non-Venomous/Checkered Keelback/C1TZ9PQVEAAUSUZ.jpg,C1TZ9PQVEAAUSUZ.jpg,.jpg,Non-Venomous,Checkered Keelback,Non_Venomous_Snake,850,850,RGB,47155,cd9678ebadbc2d0f2cd0bba8c89adb355bc4241535ba35bb91acd741cd1d072a,9b7459ac3785f248,11999c4c2fbdf339,True,,,,True,TRAIN,False,NOT VERIFIED,DUPLICATE_REVIEW,near-duplicate candidate matching existing TRAIN image,JPEG,1.0,,False
Non-Venomous/Checkered Keelback/C4hS1IoVUAASDWp.jpg,C4hS1IoVUAASDWp.jpg,.jpg,Non-Venomous,Checkered Keelback,Non_Venomous_Snake,309,432,RGB,10212,c7639525dc17ba981d93a748886b1b005b944d5a99cbeef18593e3de2bc425cf,9bd46633794a2a2d,99e834305ae9e431,True,,,,True,VALIDATION,False,NOT VERIFIED,DUPLICATE_REVIEW,near-duplicate candidate matching existing VALIDATION image,JPEG,0.715278,,False
Non-Venomous/Checkered Keelback/Char8_Small_tail.JPG,Char8_Small_tail.JPG,.jpg,Non-Venomous,Checkered Keelback,Non_Venomous_Snake,449,337,RGB,22632,7e178e5a895a4ce713108a8b54585bd687bef4b497d839e88dbb66ab99637f44,87079770d417c7c6,6e6e6fd7959bdfe0,True,,,,True,TRAIN,False,NOT VERIFIED,DUPLICATE_REVIEW,near-duplicate candidate matching existing TRAIN image,JPEG,1.332344,,False
Non-Venomous/Checkered Keelback/checked keelback watersnake.jpg,checked keelback watersnake.jpg,.jpg,Non-Venomous,Checkered Keelback,Non_Venomous_Snake,400,266,RGB,68119,4c3683b2f21772e1831f0805c52e6e3c48f82f67750f6c770ce30eaf3113eac2,bd351547c078caf4,7e4e1f1144611730,True,,,,True,TRAIN,False,NOT VERIFIED,DUPLICATE_REVIEW,near-duplicate candidate matching existing TRAIN image,JPEG,1.503759,,False
Non-Venomous/Checkered Keelback/checked keelback.jpg,checked keelback.jpg,.jpg,Non-Venomous,Checkered Keelback,Non_Venomous_Snake,500,335,RGB,171615,ad03e6352963fbe0445a8acb8b484bb68746be298656d5d7144ff73c4eab50bb,abcf9591564a9a8c,d04f634bbe39ff6c,True,,,,True,VALIDATION,False,NOT VERIFIED,DUPLICATE_REVIEW,near-duplicate candidate matching existing VALIDATION image,JPEG,1.492537,,False
Non-Venomous/Checkered Keelback/checkered keelback blog.JPG,checkered keelback blog.JPG,.jpg,Non-Venomous,Checkered Keelback,Non_Venomous_Snake,832,768,RGB,100909,56148d8cdec62239093953f7eeb3ea5592c3069716839a56e591cfb3ad70e4a9,e2c7fde037bc0112,0183f66d8d96a37f,True,,,,True,TRAIN,False,NOT VERIFIED,DUPLICATE_REVIEW,near-duplicate candidate matching existing TRAIN image,JPEG,1.083333,,False
Non-Venomous/Checkered Keelback/checkered keelback blog2.JPG,checkered keelback blog2.JPG,.jpg,Non-Venomous,Checkered Keelback,Non_Venomous_Snake,1600,1369,RGB,169138,f2bcddaa05d1421424523f9dd47de53c94530d30051c391bf3d10e28924bbca2,e4979b626cf0938c,01fff986e7c5b381,True,,,,True,VALIDATION,False,NOT VERIFIED,DUPLICATE_REVIEW,near-duplicate candidate matching existing VALIDATION image,JPEG,1.168736,,False
Non-Venomous/Checkered Keelback/Checkered Keelback.jpg,Checkered Keelback.jpg,.jpg,Non-Venomous,Checkered Keelback,Non_Venomous_Snake,902,668,RGB,222106,3e4e76405b38c1f8368baa0ab73f0a15812916496557d9781898302abc377c17,c664396dd663ce24,e4f0e8e4e4e0d87c,True,,,,True,TRAIN,False,NOT VERIFIED,DUPLICATE_REVIEW,near-duplicate candidate matching existing TRAIN image,JPEG,1.350299,,False
Non-Venomous/Checkered Keelback/Checkered keelback_001.JPG,Checkered keelback_001.JPG,.jpg,Non-Venomous,Checkered Keelback,Non_Venomous_Snake,1600,1539,RGB,390249,ab1ce223204c7b48eedfb2547cf00b07d80f8c2db27938a54d79fb552335a5e0,d2cb2f66e518c0ce,c9498198808d3440,True,,,,True,TRAIN,False,NOT VERIFIED,DUPLICATE_REVIEW,near-duplicate candidate matching existing TRAIN image,JPEG,1.039636,,False
Non-Venomous/Checkered Keelback/checkered keelback_002.jpg,checkered keelback_002.jpg,.jpg,Non-Venomous,Checkered Keelback,Non_Venomous_Snake,1600,1063,RGB,239621,fc13beacccf975fda933206ae627644c869af032581b6df599fde36c415e3214,bff0079d1a007b63,70870e343c74e265,True,,,,True,TRAIN,False,NOT VERIFIED,DUPLICATE_REVIEW,near-duplicate candidate matching existing TRAIN image,JPEG,1.505174,,False
Non-Venomous/Checkered Keelback/Checkered Keelback_003.jpg,Checkered Keelback_003.jpg,.jpg,Non-Venomous,Checkered Keelback,Non_Venomous_Snake,1000,651,RGB,185321,5769c2c82e6c2148d5b04378c88b54816a47bb20a046cff22a039d253cd90ba1,b8f08787dfb3240c,ce9fb5153796dc3c,True,,,,True,TRAIN,False,NOT VERIFIED,DUPLICATE_REVIEW,near-duplicate candidate matching existing TRAIN image,JPEG,1.536098,,False
Non-Venomous/Checkered Keelback/checkered keelback_004.jpg,checkered keelback_004.jpg,.jpg,Non-Venomous,Checkered Keelback,Non_Venomous_Snake,440,320,RGB,107536,f6ba6630b63101163547501dcbbfc2cf49dd6e5a55d004e242977587359c5384,87b8c3b1d647ba44,98db836434cfc664,True,,,,True,TRAIN,False,NOT VERIFIED,DUPLICATE_REVIEW,near-duplicate candidate matching existing TRAIN image,JPEG,1.375,,False
Non-Venomous/Checkered Keelback/checkered-keel-back-water-snake-xenochropis-piscator-et0cmb.jpg,checkered-keel-back-water-snake-xenochropis-piscator-et0cmb.jpg,.jpg,Non-Venomous,Checkered Keelback,Non_Venomous_Snake,640,447,RGB,152421,1b6cd4ba45aba541bcda4199473d0ca99532e25d60d63f18aeba2edbdccaf82c,d9099652e279b752,c8d032138518b024,True,,,,False,,False,NOT VERIFIED,PROVENANCE_REVIEW,source provenance and training reuse rights not verified,JPEG,1.431767,,False
Non-Venomous/Checkered Keelback/Checkered-Keelback-.jpg,Checkered-Keelback-.jpg,.jpg,Non-Venomous,Checkered Keelback,Non_Venomous_Snake,960,640,RGB,444230,b24d9dc41cef25b7732591f7b1c2f6e9e1b123647bed023fb261f34c713f5f05,b7c0780fc136d9cc,d428b1cce45f2d1f,True,,,,False,,False,NOT VERIFIED,PROVENANCE_REVIEW,source provenance and training reuse rights not verified,JPEG,1.5,,False
Non-Venomous/Checkered Keelback/Checkered-Keelback-1.jpg,Checkered-Keelback-1.jpg,.jpg,Non-Venomous,Checkered Keelback,Non_Venomous_Snake,640,480,RGB,55011,43e377ff05e2fd2b607d5f0928a1baa2ce0969c7c60cb75b206ffd2b24f5daa1,8a2b29d8972dc98f,fbeddba669918ec9,True,,,,False,,False,NOT VERIFIED,PROVENANCE_REVIEW,source provenance and training reuse rights not verified,JPEG,1.333333,,False
Non-Venomous/Checkered Keelback/Checkered-Keelback-2.jpg,Checkered-Keelback-2.jpg,.jpg,Non-Venomous,Checkered Keelback,Non_Venomous_Snake,640,480,RGB,122868,6decb1cd01c344de9bf1a274b6bf94fcee0f34ab99976b6ae62a3857e4a63106,8132306fcf3a78c7,bad898b86a8ae6f4,True,,,,False,,False,NOT VERIFIED,PROVENANCE_REVIEW,source provenance and training reuse rights not verified,JPEG,1.333333,,False
Non-Venomous/Checkered Keelback/checkered-keelback-or-Asiatic-water-snake-Xenochrophis-piscator-11-2015-Toon1.jpg,checkered-keelback-or-Asiatic-water-snake-Xenochrophis-piscator-11-2015-Toon1.jpg,.jpg,Non-Venomous,Checkered Keelback,Non_Venomous_Snake,400,281,RGB,62779,5d37c71a70592359be1ec225a017b3e95a1ae4ac37e622c06e359bb9506dc0c7,fcb00008efc6d377,9e9e1c2b3f39a462,True,,,,True,TRAIN,False,NOT VERIFIED,DUPLICATE_REVIEW,near-duplicate candidate matching existing TRAIN image,JPEG,1.423488,,False
Non-Venomous/Checkered Keelback/checkered-keelback-or-Asiatic-water-snake-Xenochrophis-piscator-11-2015-Toon2.jpg,checkered-keelback-or-Asiatic-water-snake-Xenochrophis-piscator-11-2015-Toon2.jpg,.jpg,Non-Venomous,Checkered Keelback,Non_Venomous_Snake,400,267,RGB,48032,9a70ce0667e1ab5c437bd27ff64985f68a2c70f209a853bb98cafca9038e19ba,d9de8263791d4742,c00070321a0f3ed6,True,,,,True,VALIDATION,False,NOT VERIFIED,DUPLICATE_REVIEW,near-duplicate candidate matching existing VALIDATION image,JPEG,1.498127,,False
Non-Venomous/Checkered Keelback/checkered-keelback-snake.jpg,checkered-keelback-snake.jpg,.jpg,Non-Venomous,Checkered Keelback,Non_Venomous_Snake,600,400,RGB,66098,49c30f133a40931bb29878193baff695bcd89f6da0b0c3c45801641f3a152b45,bdc4d24dc9340d3b,500d3e3613270f19,True,,,,True,TRAIN,False,NOT VERIFIED,DUPLICATE_REVIEW,near-duplicate candidate matching existing TRAIN image,JPEG,1.5,,False
Non-Venomous/Checkered Keelback/checkered-keelback-water-snake-xenochrophis-piscator-keoladeo-ghana-EYJX7F.jpg,checkered-keelback-water-snake-xenochrophis-piscator-keoladeo-ghana-EYJX7F.jpg,.jpg,Non-Venomous,Checkered Keelback,Non_Venomous_Snake,1300,953,RGB,129055,3db7201f4e700606ec91a141a33f06f28196e16b6b7add3c13d9ef8c3931c8bd,f6f060746646ce9c,8c98310d08622207,True,,,,True,TRAIN,False,NOT VERIFIED,DUPLICATE_REVIEW,near-duplicate candidate matching existing TRAIN image,JPEG,1.364113,,False
Non-Venomous/Checkered Keelback/checkered-keelback-water-snake-xenochrophis-piscator-keoladeo-ghana-eyjx7x.jpg,checkered-keelback-water-snake-xenochrophis-piscator-keoladeo-ghana-eyjx7x.jpg,.jpg,Non-Venomous,Checkered Keelback,Non_Venomous_Snake,450,319,RGB,46190,c7c0782aa3a830af6f245648f94b8e3412960787da6b56565e21cb07cb802628,d61a8067b11dbb6c,c8ec7068054d4494,True,,,,True,TRAIN,False,NOT VERIFIED,DUPLICATE_REVIEW,near-duplicate candidate matching existing TRAIN image,JPEG,1.410658,,False
Non-Venomous/Checkered Keelback/checkered-keelback-water-snake-xenochrophis-piscator-keoladeo-ghana-EYJX8X.jpg,checkered-keelback-water-snake-xenochrophis-piscator-keoladeo-ghana-EYJX8X.jpg,.jpg,Non-Venomous,Checkered Keelback,Non_Venomous_Snake,1300,953,RGB,163837,bef8e647fa0c3d86860f2762817ac91b8fe8ff06cd242f5a68386103de2009e3,b09ead99529c26b3,333b2c14199cb203,True,,,,True,TRAIN,False,NOT VERIFIED,DUPLICATE_REVIEW,near-duplicate candidate matching existing TRAIN image,JPEG,1.364113,,False
Non-Venomous/Checkered Keelback/checkered-keelback-xenochrophis-piscator-non-venomous-common-checkered-a0jd7j.jpg,checkered-keelback-xenochrophis-piscator-non-venomous-common-checkered-a0jd7j.jpg,.jpg,Non-Venomous,Checkered Keelback,Non_Venomous_Snake,640,445,RGB,40440,2c28a030d97033c23c166d925736626f738c1338fa1f22676951900043ce59ea,e057b803cf38e34e,22688e3361dd9b2b,True,,,,True,TRAIN,False,NOT VERIFIED,DUPLICATE_REVIEW,near-duplicate candidate matching existing TRAIN image,JPEG,1.438202,,False
Non-Venomous/Checkered Keelback/checkered-keelback-xenochrophis-piscator-non-venomous-common-checkered-BB81D9.jpg,checkered-keelback-xenochrophis-piscator-non-venomous-common-checkered-BB81D9.jpg,.jpg,Non-Venomous,Checkered Keelback,Non_Venomous_Snake,1300,956,RGB,252343,80961a94b0cc312ac2f267429f4d895817ba29ec8150825633adb77bc236e367,d25a0d9d729674d8,39d3c10d98acb003,True,,,,True,TRAIN,False,NOT VERIFIED,DUPLICATE_REVIEW,near-duplicate candidate matching existing TRAIN image,JPEG,1.359833,,False
Non-Venomous/Checkered Keelback/checkered-keelback-xenochrophis-piscator-non-venomous-common-checkered-C68YTX.jpg,checkered-keelback-xenochrophis-piscator-non-venomous-common-checkered-C68YTX.jpg,.jpg,Non-Venomous,Checkered Keelback,Non_Venomous_Snake,1300,956,RGB,299563,e99ef0ec2ea8a9fb159da4928defddf323d56d33acd7d0ac199df4f2f136d372,bd0c41b31a9b4dcd,cba6337d3f1edd44,True,,,,True,TRAIN,False,NOT VERIFIED,DUPLICATE_REVIEW,near-duplicate candidate matching existing TRAIN image,JPEG,1.359833,,False
Non-Venomous/Checkered Keelback/checkered-keelback-xenochrophis-piscator-non-venomous-common-paniwala-AX0A6G.jpg,checkered-keelback-xenochrophis-piscator-non-venomous-common-paniwala-AX0A6G.jpg,.jpg,Non-Venomous,Checkered Keelback,Non_Venomous_Snake,1300,960,RGB,128768,696d02aef19a2671adeae39fa685102913376c75250471012642b4ee8b873851,8fd841977cc06b99,c0329324396dcb4f,True,,,,True,TRAIN,False,NOT VERIFIED,DUPLICATE_REVIEW,near-duplicate candidate matching existing TRAIN image,JPEG,1.354167,,False
Non-Venomous/Checkered Keelback/checkered-keelback-xenochrophis-piscator-non-venomous-common-scavenging-b31r66.jpg,checkered-keelback-xenochrophis-piscator-non-venomous-common-scavenging-b31r66.jpg,.jpg,Non-Venomous,Checkered Keelback,Non_Venomous_Snake,640,446,RGB,64583,ddcb0089f72a8a76730f73d7a3542448fe1a5b1a79d766c1782307bf08e663d5,a238c17baa16bb4d,9fe0eacdaf4cc4cc,True,,,,True,TRAIN,False,NOT VERIFIED,DUPLICATE_REVIEW,near-duplicate candidate matching existing TRAIN image,JPEG,1.434978,,False
Non-Venomous/Checkered Keelback/checkered-keelback-xenochrophis-piscator-ranthambhore-national-park-ajyt7g.jpg,checkered-keelback-xenochrophis-piscator-ranthambhore-national-park-ajyt7g.jpg,.jpg,Non-Venomous,Checkered Keelback,Non_Venomous_Snake,640,445,RGB,84812,56dcf630750d197502aa5e0d5f42f13bfd506ee915118231c9e9800290540929,d51b2a64d1139b6e,112351d88ac42507,True,,,,True,VALIDATION,False,NOT VERIFIED,DUPLICATE_REVIEW,near-duplicate candidate matching existing VALIDATION image,JPEG,1.438202,,False
Non-Venomous/Checkered Keelback/Checkered-Keelback_001.jpg,Checkered-Keelback_001.jpg,.jpg,Non-Venomous,Checkered Keelback,Non_Venomous_Snake,800,264,RGB,130643,89449733e87191517e533a26715b437b4f39c04c90a2857cc94e3eba572a75fa,ba62551d95e33a1a,962985cd3737cef6,True,,,,True,TRAIN,False,NOT VERIFIED,DUPLICATE_REVIEW,near-duplicate candidate matching existing TRAIN image,JPEG,3.030303,,False
Non-Venomous/Checkered Keelback/checkered-keelback_002.jpg,checkered-keelback_002.jpg,.jpg,Non-Venomous,Checkered Keelback,Non_Venomous_Snake,599,356,RGB,39778,8385d7466a0f0a5f9eaf9ec7e26c23a34a4bd667b39d93d98a2c4a1a797288fc,9f3eb95a48b44e48,3b686f74d9695832,True,,,,True,TRAIN,False,NOT VERIFIED,DUPLICATE_REVIEW,near-duplicate candidate matching existing TRAIN image,JPEG,1.682584,,False
Non-Venomous/Checkered Keelback/Checkered-Keelback_003.jpg,Checkered-Keelback_003.jpg,.jpg,Non-Venomous,Checkered Keelback,Non_Venomous_Snake,3000,1995,RGB,1139899,f9c97131b3019188770246e7789cdaaf62d8ac2e756e2d587a6cb803e1224e71,94396d0ee0df3531,e432fca4c4ec648c,True,,,,True,TRAIN,False,NOT VERIFIED,DUPLICATE_REVIEW,near-duplicate candidate matching existing TRAIN image,JPEG,1.503759,,False
Non-Venomous/Checkered Keelback/Checkered-keelback_004.jpg,Checkered-keelback_004.jpg,.jpg,Non-Venomous,Checkered Keelback,Non_Venomous_Snake,494,347,RGB,281243,29b9d7b9a71a604b1a4fae9466409b28a288a09e61814135167e40f55485224e,b096ef7894354ac6,ac8ce59eb8990e4a,True,,,,True,TRAIN,False,NOT VERIFIED,DUPLICATE_REVIEW,near-duplicate candidate matching existing TRAIN image,JPEG,1.423631,,False
Non-Venomous/Checkered Keelback/Checkered-keelback_in_IIT_Bombay.JPG,Checkered-keelback_in_IIT_Bombay.JPG,.jpg,Non-Venomous,Checkered Keelback,Non_Venomous_Snake,1000,750,RGB,187103,65d5859aea6e32772ad3bf9ce26b88d8795c3d36681081ae259721120ba77751,d16e34d3644cb2b6,a4f0e8e2d8d8f0f8,True,,,,True,TRAIN,False,NOT VERIFIED,DUPLICATE_REVIEW,near-duplicate candidate matching existing TRAIN image,JPEG,1.333333,,False
Non-Venomous/Checkered Keelback/Checkered-Keelbacks-2.jpg,Checkered-Keelbacks-2.jpg,.jpg,Non-Venomous,Checkered Keelback,Non_Venomous_Snake,1024,456,RGB,158503,1e67914d22db7db2d924f827304ab97c247196c400f8c4463508be3d1a53e63f,899c3ed861c5a38f,353172f2b2c9694f,True,,,,True,TRAIN,False,NOT VERIFIED,DUPLICATE_REVIEW,near-duplicate candidate matching existing TRAIN image,JPEG,2.245614,,False
Non-Venomous/Checkered Keelback/Checkered-Keelbacks-4.jpg,Checkered-Keelbacks-4.jpg,.jpg,Non-Venomous,Checkered Keelback,Non_Venomous_Snake,1024,483,RGB,166438,0abea4efbe17d9d0a21da1f36e1410aae6ac31cdf79e2229a48c9c841e876260,890c3e29cb37856f,f5b9f0f0b39b2f0f,True,,,,True,TRAIN,False,NOT VERIFIED,DUPLICATE_REVIEW,near-duplicate candidate matching existing TRAIN image,JPEG,2.120083,,False
Non-Venomous/Checkered Keelback/Checkered-Keelbacks-6.jpg,Checkered-Keelbacks-6.jpg,.jpg,Non-Venomous,Checkered Keelback,Non_Venomous_Snake,1024,511,RGB,186831,41f8fc00bbc4e8006a61b22d63b645ee9c47ea077d4efc7a3043009a39eb122d,8819be2be83b816f,f1f8d8b0a35b2f8f,True,,,,True,TRAIN,False,NOT VERIFIED,DUPLICATE_REVIEW,near-duplicate candidate matching existing TRAIN image,JPEG,2.003914,,False
Non-Venomous/Checkered Keelback/Checkered_Keelback.jpg,Checkered_Keelback.jpg,.jpg,Non-Venomous,Checkered Keelback,Non_Venomous_Snake,800,533,RGB,46845,46aa27580e28137b64cc6b9b972a80a7aa1d56565c08b87cbd51d002884e6513,c7616a9811d69c9f,88cb6ecef6f26841,True,,,,True,TRAIN,False,NOT VERIFIED,DUPLICATE_REVIEW,near-duplicate candidate matching existing TRAIN image,JPEG,1.500938,,False
Non-Venomous/Checkered Keelback/Checkered_Keelback_(Xenochrophis_piscator)_漁游蛇.jpg,Checkered_Keelback_(Xenochrophis_piscator)_漁游蛇.jpg,.jpg,Non-Venomous,Checkered Keelback,Non_Venomous_Snake,1024,681,RGB,416621,ff08543345d5f142e27cf859fcc32502fc8fc56f48344175117387cc3d444d0f,f74e92a58b660d49,2c2c30616b268cd8,True,,,,True,TRAIN,False,NOT VERIFIED,DUPLICATE_REVIEW,near-duplicate candidate matching existing TRAIN image,JPEG,1.503671,,False
Non-Venomous/Checkered Keelback/Checkered_Keelback_(Xenochrophis_piscator)_漁游蛇2.jpg,Checkered_Keelback_(Xenochrophis_piscator)_漁游蛇2.jpg,.jpg,Non-Venomous,Checkered Keelback,Non_Venomous_Snake,1024,684,RGB,540248,1124946097695242233766ffffac468a14fdb1bd1cdeb9535db348a29b0dc79d,d7b852e781d6609a,a4aa3566d14664f0,True,,,,True,VALIDATION,False,NOT VERIFIED,DUPLICATE_REVIEW,near-duplicate candidate matching existing VALIDATION image,JPEG,1.497076,,False
Non-Venomous/Checkered Keelback/Checkered_Keelback_(Xenochrophis_piscator)_漁游蛇5.jpg,Checkered_Keelback_(Xenochrophis_piscator)_漁游蛇5.jpg,.jpg,Non-Venomous,Checkered Keelback,Non_Venomous_Snake,1024,683,RGB,558331,c3b9106d0365c7d283c1c52424f34228c244e34688625cbb66b346e10efb0850,cfb824ce18f51ae4,7464667064646e64,True,,,,True,TRAIN,False,NOT VERIFIED,DUPLICATE_REVIEW,near-duplicate candidate matching existing TRAIN image,JPEG,1.499268,,False
Non-Venomous/Checkered Keelback/checkered_keelback_water_snake.jpg,checkered_keelback_water_snake.jpg,.jpg,Non-Venomous,Checkered Keelback,Non_Venomous_Snake,632,328,RGB,65135,77d037d075fd8cbb5b9bc2d842babdf22aa428e387e8ea8a785baecfc7152d7f,88673a3dd76a45d0,47af8dd9f23231b9,True,,,,True,TRAIN,False,NOT VERIFIED,DUPLICATE_REVIEW,near-duplicate candidate matching existing TRAIN image,JPEG,1.926829,,False
"Non-Venomous/Checkered Keelback/Checkered_Keelback_Xenochrophis_piscator_Schneider,_1799_Assam_by_Dr_Raju_Kasambe_DSC_0477_(2).JPG","Checkered_Keelback_Xenochrophis_piscator_Schneider,_1799_Assam_by_Dr_Raju_Kasambe_DSC_0477_(2).JPG",.jpg,Non-Venomous,Checkered Keelback,Non_Venomous_Snake,220,133,RGB,14262,b562b63bff368ef83e70617ed1e4193d1c123cab1b3a8d87c1a0df56e01f5c42,c2b9a564da9b6c52,2d02b579ad85dce8,True,,,,True,TRAIN,False,NOT VERIFIED,DUPLICATE_REVIEW,near-duplicate candidate matching existing TRAIN image,JPEG,1.654135,,False
Non-Venomous/Checkered Keelback/checkeredkeelback.jpg,checkeredkeelback.jpg,.jpg,Non-Venomous,Checkered Keelback,Non_Venomous_Snake,621,462,RGB,126923,b10cc8acf0b7a230ef42da662d8dfdef7434007b863ebd597963246621470e80,b96386aad8b5e0d8,1b5f171a1b175631,True,,,,False,,False,NOT VERIFIED,PROVENANCE_REVIEW,source provenance and training reuse rights not verified,JPEG,1.344156,,False
Non-Venomous/Checkered Keelback/Chekkered Keel Back.jpg,Chekkered Keel Back.jpg,.jpg,Non-Venomous,Checkered Keelback,Non_Venomous_Snake,800,600,RGB,96015,94e3ec5d055bb6fb0e2af7d5215b4a4c54dd0a07cec55cb5483558d40dcadf22,cabe20cd39632ec9,fef96978f261c387,True,,,,True,TRAIN,False,NOT VERIFIED,DUPLICATE_REVIEW,near-duplicate candidate matching existing TRAIN image,JPEG,1.333333,,False
Non-Venomous/Checkered Keelback/chequred keelback.jpg,chequred keelback.jpg,.jpg,Non-Venomous,Checkered Keelback,Non_Venomous_Snake,504,336,RGB,127490,427ab3c0a80d3afe038c5c8d780c023c4b6688cb2b495b22c1e380b017d512d1,85463f6fb3b64803,c2f2c094d2a2fcfa,True,,,,True,TRAIN,False,NOT VERIFIED,DUPLICATE_REVIEW,near-duplicate candidate matching existing TRAIN image,JPEG,1.5,,False
Non-Venomous/Checkered Keelback/ckb full3.jpg,ckb full3.jpg,.jpg,Non-Venomous,Checkered Keelback,Non_Venomous_Snake,1024,505,RGB,208511,ab31acd1d76f7fe33a408f233f92e9842ead625b5f302b3ee5433cac44492410,f0f1d693d8e63250,890a8f9798ddeca2,True,,,,False,,False,NOT VERIFIED,PROVENANCE_REVIEW,source provenance and training reuse rights not verified,JPEG,2.027723,,False
Non-Venomous/Checkered Keelback/ckb.jpg,ckb.jpg,.jpg,Non-Venomous,Checkered Keelback,Non_Venomous_Snake,1024,655,RGB,154505,9c8bbf4f1a2d96a253c351b0c9fcefefde4837c1ef7471687aedcb0d1d1f3124,a8f2809628bfd759,aeac1833356453a3,True,,,,True,TRAIN,False,NOT VERIFIED,DUPLICATE_REVIEW,near-duplicate candidate matching existing TRAIN image,JPEG,1.563359,,False
Non-Venomous/Checkered Keelback/Cm9GKVuUMAAoh1K.jpg,Cm9GKVuUMAAoh1K.jpg,.jpg,Non-Venomous,Checkered Keelback,Non_Venomous_Snake,1200,675,RGB,146924,cd9a016dadc011be3dcd0c64c1ea646d547ef4b7fd91397572523a6a00856833,ed2692c16d7e3681,20d0ad13d22dd838,True,,,,True,TRAIN,False,NOT VERIFIED,DUPLICATE_REVIEW,near-duplicate candidate matching existing TRAIN image,JPEG,1.777778,,False
Non-Venomous/Checkered Keelback/CxDP8_ZUoAQhwy3.jpg,CxDP8_ZUoAQhwy3.jpg,.jpg,Non-Venomous,Checkered Keelback,Non_Venomous_Snake,800,1200,RGB,120011,6ef165fdbca70c7ee8b86b98fbd11a7e440e4e86f546e0940dec36e12f121a46,ab54952b4e956b2a,e8c48c9463cb5e05,True,,,,True,VALIDATION,False,NOT VERIFIED,DUPLICATE_REVIEW,near-duplicate candidate matching existing VALIDATION image,JPEG,0.666667,,False
Non-Venomous/Checkered Keelback/DSC00369.JPG,DSC00369.JPG,.jpg,Non-Venomous,Checkered Keelback,Non_Venomous_Snake,345,299,RGB,24872,f02fdbfc5ab62102a8bc41a61e66b97a1f4367292a614d156f79279d0355267e,c886d23b36e4d13b,e1f1e1a32b93f3b1,True,,,,True,TRAIN,False,NOT VERIFIED,DUPLICATE_REVIEW,near-duplicate candidate matching existing TRAIN image,JPEG,1.153846,,False
Non-Venomous/Checkered Keelback/DSC00813.JPG,DSC00813.JPG,.jpg,Non-Venomous,Checkered Keelback,Non_Venomous_Snake,1600,1200,RGB,194474,9eda7e7708161d2ecb19b66975fc26e195b3ebfbaf9863e54e6f7eb73ab0d291,82295c72bb74bb4c,aae6e54be9cde4f0,True,,,,True,TRAIN,False,NOT VERIFIED,DUPLICATE_REVIEW,near-duplicate candidate matching existing TRAIN image,JPEG,1.333333,,False
Non-Venomous/Checkered Keelback/DSC4977.jpg,DSC4977.jpg,.jpg,Non-Venomous,Checkered Keelback,Non_Venomous_Snake,1024,582,RGB,190104,4112c287bc213e8fe725d991c03ca5c77e1adbe6befe7854000c0a53f3f52fa6,e3cc39d0e98f0fc0,1409636390580a4b,True,,,,True,TRAIN,False,NOT VERIFIED,DUPLICATE_REVIEW,near-duplicate candidate matching existing TRAIN image,JPEG,1.75945,,False
Non-Venomous/Checkered Keelback/DSC_3798-1.jpg,DSC_3798-1.jpg,.jpg,Non-Venomous,Checkered Keelback,Non_Venomous_Snake,1600,1062,RGB,234769,1ad8f958b094aa0e0813eff74fe1bcae19776624f029741b94bf6d3972e92e04,9197eb4b17581936,d8cdf4386c93b31b,True,,,,True,TRAIN,False,NOT VERIFIED,DUPLICATE_REVIEW,near-duplicate candidate matching existing TRAIN image,JPEG,1.506591,,False
Non-Venomous/Checkered Keelback/dyabayack.jpg,dyabayack.jpg,.jpg,Non-Venomous,Checkered Keelback,Non_Venomous_Snake,200,200,RGB,10411,5dbd670a92b452a3c6031aeb9ec1df93f9f11e189c6dde12b87dc9dc420a0570,8963a69e792b90f4,67e48a1b3070cfe2,True,,,,True,TRAIN,False,NOT VERIFIED,DUPLICATE_REVIEW,near-duplicate candidate matching existing TRAIN image,JPEG,1.0,,False
Non-Venomous/Checkered Keelback/entomology-ornithology-herpetology-Xenochorpis-piscator-4-136-g003.png,entomology-ornithology-herpetology-Xenochorpis-piscator-4-136-g003.png,.png,Non-Venomous,Checkered Keelback,Non_Venomous_Snake,477,355,P,84777,050aab68d028951564180538b0cf5044841078ce96179bcb73bb9edbda7eef1e,aa2ab515cb46a74d,7b17e56971741c5d,True,,,,False,,False,NOT VERIFIED,PROVENANCE_REVIEW,source provenance and training reuse rights not verified,PNG,1.343662,,False
Non-Venomous/Checkered Keelback/Fauna-6.jpg,Fauna-6.jpg,.jpg,Non-Venomous,Checkered Keelback,Non_Venomous_Snake,800,600,RGB,332766,1b70f510fcffdd8cc4831ba60d6aa23ab5f795a928f510e7a08e472d6a1f6779,b656602dca29b6c7,24acccdd6a4e5b9f,True,,,,True,TRAIN,False,NOT VERIFIED,DUPLICATE_REVIEW,near-duplicate candidate matching existing TRAIN image,JPEG,1.333333,,False
Non-Venomous/Checkered Keelback/hqdefault.jpg,hqdefault.jpg,.jpg,Non-Venomous,Checkered Keelback,Non_Venomous_Snake,480,360,RGB,19447,918ee71d866b6594929b9da089f3769bdf97f4914c18bdfe4f3ffba4fc1f8d8c,9d5b62a5074b1db4,42b93079645ac584,True,,,,True,TRAIN,False,NOT VERIFIED,DUPLICATE_REVIEW,near-duplicate candidate matching existing TRAIN image,JPEG,1.333333,,False
Non-Venomous/Checkered Keelback/hqdefault_002.jpg,hqdefault_002.jpg,.jpg,Non-Venomous,Checkered Keelback,Non_Venomous_Snake,480,360,RGB,26147,9c6faac6dc2bed67fdc696c80e0bca2d8e06d04139d1963826ca0d4f6b6c91f9,e827d34a6a6d2d64,d19c0e8383919192,True,,,,False,,False,NOT VERIFIED,PROVENANCE_REVIEW,source provenance and training reuse rights not verified,JPEG,1.333333,,False
Non-Venomous/Checkered Keelback/hqdefault_005.jpg,hqdefault_005.jpg,.jpg,Non-Venomous,Checkered Keelback,Non_Venomous_Snake,480,360,RGB,31785,50fef1055e0a0592697016bf8bc2b14f563f79e105f5de33ae9a7f4e6f82c0f9,da2136570dfa47a1,cd988babda583922,True,,,,False,,False,NOT VERIFIED,PROVENANCE_REVIEW,source provenance and training reuse rights not verified,JPEG,1.333333,,False
Non-Venomous/Checkered Keelback/hqdefault_007.jpg,hqdefault_007.jpg,.jpg,Non-Venomous,Checkered Keelback,Non_Venomous_Snake,480,360,RGB,37631,2a95761f6c14ec7c4890713aed0493bb7de37f8388eb7e8edcf17484baf6c5c2,943672c26bb931cb,ece4eef2e0dcf0e9,True,,,,True,TRAIN,False,NOT VERIFIED,DUPLICATE_REVIEW,near-duplicate candidate matching existing TRAIN image,JPEG,1.333333,,False
Non-Venomous/Checkered Keelback/img_0498.jpg,img_0498.jpg,.jpg,Non-Venomous,Checkered Keelback,Non_Venomous_Snake,800,533,RGB,175766,6c484db1fd9937daed26b3fba47b3ec3d8cfc7ad80ede040a760b9750d7d29e1,e956d62993d34e24,41a3249993531b6a,True,,,,True,TRAIN,False,NOT VERIFIED,DUPLICATE_REVIEW,near-duplicate candidate matching existing TRAIN image,JPEG,1.500938,,False
Non-Venomous/Checkered Keelback/img_0563-copy.jpg,img_0563-copy.jpg,.jpg,Non-Venomous,Checkered Keelback,Non_Venomous_Snake,1106,738,RGB,248910,dff4eded8ebdc93b0a33651cbe38c8c7501e217b6de69c5d353f220a382e61e9,ae49c41b749b81ee,c366e53e25596e86,True,,,,True,TRAIN,False,NOT VERIFIED,DUPLICATE_REVIEW,near-duplicate candidate matching existing TRAIN image,JPEG,1.498645,,False
Non-Venomous/Checkered Keelback/img_2570-001.jpg,img_2570-001.jpg,.jpg,Non-Venomous,Checkered Keelback,Non_Venomous_Snake,1000,669,RGB,135947,a5fb424694ddb3cb0a1c0d2daa40e5d11c1fe52f6b3106acc22f80b81e104970,a63933329999998f,1d06c6b667cdad6c,True,,,,True,TRAIN,False,NOT VERIFIED,DUPLICATE_REVIEW,near-duplicate candidate matching existing TRAIN image,JPEG,1.494768,,False
Non-Venomous/Checkered Keelback/IMG_4798.JPG,IMG_4798.JPG,.jpg,Non-Venomous,Checkered Keelback,Non_Venomous_Snake,700,224,RGB,54769,670bbd31b09812b43380f48cfca855755e3b505badaf0e2c5ea143785077eb4f,beee8097acb1c648,3727253f7d6cdcbe,True,,,,True,TRAIN,False,NOT VERIFIED,DUPLICATE_REVIEW,near-duplicate candidate matching existing TRAIN image,JPEG,3.125,,False
Non-Venomous/Checkered Keelback/IMG_5300.JPG,IMG_5300.JPG,.jpg,Non-Venomous,Checkered Keelback,Non_Venomous_Snake,1200,1600,RGB,332327,1c00cb290d9298cfd904851a8ecad9af050367e22eb7e48dceea7cd0254e129d,bf6d17234023f13a,4f172f3f3f3f7f7f,True,,,,True,TRAIN,False,NOT VERIFIED,DUPLICATE_REVIEW,near-duplicate candidate matching existing TRAIN image,JPEG,0.75,,False
Non-Venomous/Checkered Keelback/img_5554.jpg,img_5554.jpg,.jpg,Non-Venomous,Checkered Keelback,Non_Venomous_Snake,2935,2005,RGB,1696527,58a61b8421bacf0f2e9c436c187465113c024e0d1061249114406163a64f1121,d4333cede499902e,004474d862b03034,True,,,,True,TRAIN,False,NOT VERIFIED,DUPLICATE_REVIEW,near-duplicate candidate matching existing TRAIN image,JPEG,1.46384,,False
Non-Venomous/Checkered Keelback/img_6516.jpg,img_6516.jpg,.jpg,Non-Venomous,Checkered Keelback,Non_Venomous_Snake,4000,3000,RGB,3026151,98a125ef503070a7aaf3566d09a218062c593fe3438e30c9d796883c99782fcf,e4bd221ed9c42735,281c46b01065c5c6,True,,,,True,TRAIN,False,NOT VERIFIED,DUPLICATE_REVIEW,near-duplicate candidate matching existing TRAIN image,JPEG,1.333333,,False
Non-Venomous/Checkered Keelback/IMG_7087.JPG,IMG_7087.JPG,.jpg,Non-Venomous,Checkered Keelback,Non_Venomous_Snake,800,612,RGB,115925,91d6d0c6e4fab7c0472b920a486ce7ce888f330554302cfac4457f356af8f858,c855116a3d3dd2e9,00c080322385b35c,True,,,,True,TRAIN,False,NOT VERIFIED,DUPLICATE_REVIEW,near-duplicate candidate matching existing TRAIN image,JPEG,1.30719,,False
Non-Venomous/Checkered Keelback/img_7098.jpg,img_7098.jpg,.jpg,Non-Venomous,Checkered Keelback,Non_Venomous_Snake,800,534,RGB,148306,323f58379f73e4f2557464297cc034c2702362cb6412f21176e1447a75a33b32,d7528c78d31fb007,9084ecca4a1163e2,True,,,,True,TRAIN,False,NOT VERIFIED,DUPLICATE_REVIEW,near-duplicate candidate matching existing TRAIN image,JPEG,1.498127,,False
Non-Venomous/Checkered Keelback/keelback1.jpg,keelback1.jpg,.jpg,Non-Venomous,Checkered Keelback,Non_Venomous_Snake,660,417,RGB,248668,948ee290c117831a37c300d27ed2412e0848d6cfe97f552281aab836c4644ad0,cf9824c5fcb92664,b87969796061c365,True,,,,True,TRAIN,False,NOT VERIFIED,DUPLICATE_REVIEW,near-duplicate candidate matching existing TRAIN image,JPEG,1.582734,,False
Non-Venomous/Checkered Keelback/keelback_fish (5)_s.jpg,keelback_fish (5)_s.jpg,.jpg,Non-Venomous,Checkered Keelback,Non_Venomous_Snake,1201,800,RGB,153930,47c836011d87e55e1bc724de4820822a7185c4cb91eb2ef49663cd8c5f8f9ea9,bbe4843bf8842a73,00102d96196b7edd,True,,,,True,TRAIN,False,NOT VERIFIED,DUPLICATE_REVIEW,near-duplicate candidate matching existing TRAIN image,JPEG,1.50125,,False
Non-Venomous/Checkered Keelback/maxresdefault.jpg,maxresdefault.jpg,.jpg,Non-Venomous,Checkered Keelback,Non_Venomous_Snake,697,1014,RGB,52323,2ab826651b52572d606d44f397fa03f3c17ff45f1342463b74e1f2aaa0d01f49,a76c9992c4cd6d26,520d06062d0a1a5d,True,,,,False,,False,NOT VERIFIED,PROVENANCE_REVIEW,source provenance and training reuse rights not verified,JPEG,0.687377,,False
Non-Venomous/Checkered Keelback/maxresdefault_003.jpg,maxresdefault_003.jpg,.jpg,Non-Venomous,Checkered Keelback,Non_Venomous_Snake,1280,720,RGB,146709,2a00830dac69681f7e7213fc6a706dc8768bc5fc0550db2c9a2d48c4781dc7f6,a7934dc652f9582c,58673e88cd441603,True,,,,True,TRAIN,False,NOT VERIFIED,DUPLICATE_REVIEW,near-duplicate candidate matching existing TRAIN image,JPEG,1.777778,,False
Non-Venomous/Checkered Keelback/maxresdefault_004.jpg,maxresdefault_004.jpg,.jpg,Non-Venomous,Checkered Keelback,Non_Venomous_Snake,1280,720,RGB,48718,af205572bef871ec5bf22eda13a24af72146c11502a4635eb4979756604f8152,bab4f4c9875a39a0,1cc61d79cf33b9e6,True,,,,True,VALIDATION,False,NOT VERIFIED,DUPLICATE_REVIEW,near-duplicate candidate matching existing VALIDATION image,JPEG,1.777778,,False
Non-Venomous/Checkered Keelback/maxresdefault_006.jpg,maxresdefault_006.jpg,.jpg,Non-Venomous,Checkered Keelback,Non_Venomous_Snake,1280,720,RGB,55226,af9942e060474ede6e6232d525c32a9ac1b86351382f0f6c4cb42fa167d21213,ed02926ddb926da4,99cde3d9e2267419,True,,,,True,TEST,False,NOT VERIFIED,LEAKAGE_RISK,near-duplicate candidate matching existing TEST image (HIGH_CONFIDENCE_NEAR_DUPLICATE),JPEG,1.777778,,False
Non-Venomous/Checkered Keelback/maxresdefault_009.jpg,maxresdefault_009.jpg,.jpg,Non-Venomous,Checkered Keelback,Non_Venomous_Snake,1280,720,RGB,127180,501b46380e866a72db3785aee9c28e0bc0a2bb3c0f0696c10f801e41049b2fa3,88cac936e645ba6d,e1f1f1e4ecfdf2f0,True,,,,True,TRAIN,False,NOT VERIFIED,DUPLICATE_REVIEW,near-duplicate candidate matching existing TRAIN image,JPEG,1.777778,,False
Non-Venomous/Checkered Keelback/maxresdefault_011.jpg,maxresdefault_011.jpg,.jpg,Non-Venomous,Checkered Keelback,Non_Venomous_Snake,1280,720,RGB,135590,402bc0c9179b7d81a9cf09c3225032c914f374ed44469f26dcc6776aecf906c3,d367f2310c1baba4,0c880a68365818b0,True,,,,True,TRAIN,False,NOT VERIFIED,DUPLICATE_REVIEW,near-duplicate candidate matching existing TRAIN image,JPEG,1.777778,,False
Non-Venomous/Checkered Keelback/Natrix piscator.jpg,Natrix piscator.jpg,.jpg,Non-Venomous,Checkered Keelback,Non_Venomous_Snake,240,180,RGB,14107,b3e4821b1bda844f49f5d5a25a7737215e8c55770c0fc2f2672c6928d1bf01b2,d669a3739048b25f,c94230b52c0944dc,True,,,,True,TEST,False,NOT VERIFIED,LEAKAGE_RISK,near-duplicate candidate matching existing TEST image (HIGH_CONFIDENCE_NEAR_DUPLICATE),JPEG,1.333333,,False
Non-Venomous/Checkered Keelback/PICT6251_fcw.jpg,PICT6251_fcw.jpg,.jpg,Non-Venomous,Checkered Keelback,Non_Venomous_Snake,518,640,RGB,49348,0805ec16921c0e05a4afdc042f3df1233c1991f593dface6e3b7197710745aa9,d4d45bd23aee24c8,8098a6ae988ee2f6,True,,,,True,TEST,False,NOT VERIFIED,LEAKAGE_RISK,near-duplicate candidate matching existing TEST image (HIGH_CONFIDENCE_NEAR_DUPLICATE),JPEG,0.809375,,False
Non-Venomous/Checkered Keelback/red-necked-keelback-800x600.jpg,red-necked-keelback-800x600.jpg,.jpg,Non-Venomous,Checkered Keelback,Non_Venomous_Snake,800,534,RGB,66298,5e46e2bf973d9084f55f7561cde883f46642faab31d58b33d590f2da60f8e941,d9030bcbfac27079,d1d0a89412022024,True,,,,False,,False,NOT VERIFIED,PROVENANCE_REVIEW,source provenance and training reuse rights not verified,JPEG,1.498127,,False
Non-Venomous/Checkered Keelback/stock-photo-green-snake-checkered-keelback-xenochrophis-piscator-621348263.jpg,stock-photo-green-snake-checkered-keelback-xenochrophis-piscator-621348263.jpg,.jpg,Non-Venomous,Checkered Keelback,Non_Venomous_Snake,450,270,RGB,35657,328df5deaaac00b2b8c33e8bce11865f40e87a50df40c0fb44b452d70e462fcc,811fed4ef912b606,f2f2ecf8e8ecf497,True,,,,True,TEST,False,NOT VERIFIED,LEAKAGE_RISK,near-duplicate candidate matching existing TEST image (HIGH_CONFIDENCE_NEAR_DUPLICATE),JPEG,1.666667,,False
Non-Venomous/Checkered Keelback/stock-photo-green-snake-checkered-keelback-xenochrophis-piscator-621348284.jpg,stock-photo-green-snake-checkered-keelback-xenochrophis-piscator-621348284.jpg,.jpg,Non-Venomous,Checkered Keelback,Non_Venomous_Snake,450,270,RGB,28535,c15d7c3006580751e2cc81dea033b4a707ac3568156f5db588b41f16eb06c128,db50e6079858f63c,0c441899f04c6317,True,,,,True,TEST,False,NOT VERIFIED,LEAKAGE_RISK,near-duplicate candidate matching existing TEST image (HIGH_CONFIDENCE_NEAR_DUPLICATE),JPEG,1.666667,,False
Non-Venomous/Checkered Keelback/stock-photo-green-snake-checkered-keelback-xenochrophis-piscator-621348332.jpg,stock-photo-green-snake-checkered-keelback-xenochrophis-piscator-621348332.jpg,.jpg,Non-Venomous,Checkered Keelback,Non_Venomous_Snake,450,270,RGB,21121,431ee9aaef5664b4dfca5d487f45b29632a8f24da7354f264f2dcc4ae18e164e,c347b8189c1eeb47,33d649e874d32816,True,,,,True,TEST,False,NOT VERIFIED,LEAKAGE_RISK,near-duplicate candidate matching existing TEST image (HIGH_CONFIDENCE_NEAR_DUPLICATE),JPEG,1.666667,,False
Non-Venomous/Checkered Keelback/stock-photo-green-snake-checkered-keelback-xenochrophis-piscator-621348356.jpg,stock-photo-green-snake-checkered-keelback-xenochrophis-piscator-621348356.jpg,.jpg,Non-Venomous,Checkered Keelback,Non_Venomous_Snake,450,270,RGB,27537,ed1b509e00fbd8338219f552a6fb9d8c2b0ac08f87d23ea8f8023af352585d9d,9d3dfc00e83ecd60,32387c7edbf0ec17,True,,,,True,TEST,False,NOT VERIFIED,LEAKAGE_RISK,near-duplicate candidate matching existing TEST image (HIGH_CONFIDENCE_NEAR_DUPLICATE),JPEG,1.666667,,False
Non-Venomous/Checkered Keelback/stunningly-beautiful-snake-with-clear-checkered-marks.jpg,stunningly-beautiful-snake-with-clear-checkered-marks.jpg,.jpg,Non-Venomous,Checkered Keelback,Non_Venomous_Snake,3906,2602,RGB,1372171,bd4f8c35b4a6a636ffa376e9198a95666b1249722f863ae5670208f94bc403db,9b4170af3fb4c8e0,50dad07c52711c18,True,,,,False,,False,NOT VERIFIED,PROVENANCE_REVIEW,source provenance and training reuse rights not verified,JPEG,1.501153,,False
Non-Venomous/Checkered Keelback/xenochrophis-piscator-checkered-keelback-non-venomous-arunachal-pradesh-h9erhb.jpg,xenochrophis-piscator-checkered-keelback-non-venomous-arunachal-pradesh-h9erhb.jpg,.jpg,Non-Venomous,Checkered Keelback,Non_Venomous_Snake,640,447,RGB,75177,1bdde6b4bb3cf2bdc2b32ed314d901c95ad3a2c773e5513bb5ac50b09426540d,f64eee2a800d8b37,a12c3ce41c3b2e16,True,,,,True,TEST,False,NOT VERIFIED,LEAKAGE_RISK,near-duplicate candidate matching existing TEST image (HIGH_CONFIDENCE_NEAR_DUPLICATE),JPEG,1.431767,,False
Non-Venomous/Checkered Keelback/xenochrophis-piscator-checkered-keelback-water-snake-close-up-non-h9erxp.jpg,xenochrophis-piscator-checkered-keelback-water-snake-close-up-non-h9erxp.jpg,.jpg,Non-Venomous,Checkered Keelback,Non_Venomous_Snake,640,450,RGB,43518,ffdf903f9929bddbac1a3fe3a2597f371fc7c376f469bd0a042350ab5bb310ed,9c38e819b64cf966,39b03476ac1064ac,True,,,,True,TEST,False,NOT VERIFIED,LEAKAGE_RISK,near-duplicate candidate matching existing TEST image (HIGH_CONFIDENCE_NEAR_DUPLICATE),JPEG,1.422222,,False
Non-Venomous/Checkered Keelback/xenochrophis-piscator-checkered-keelback-water-snake-non-venomous-DFBH00.jpg,xenochrophis-piscator-checkered-keelback-water-snake-non-venomous-DFBH00.jpg,.jpg,Non-Venomous,Checkered Keelback,Non_Venomous_Snake,975,1390,RGB,382461,6581cd4de347b0bff765bda0e747b6d24d55bace8902c45bef826c59e2902c7f,f63f1e9959830398,70240fc310cce430,True,,,,True,TEST,False,NOT VERIFIED,LEAKAGE_RISK,near-duplicate candidate matching existing TEST image (HIGH_CONFIDENCE_NEAR_DUPLICATE),JPEG,0.701439,,False
Non-Venomous/Checkered Keelback/xenochrophis-piscator-checkered-keelback-water-snake-non-venomous-h9ertg.jpg,xenochrophis-piscator-checkered-keelback-water-snake-non-venomous-h9ertg.jpg,.jpg,Non-Venomous,Checkered Keelback,Non_Venomous_Snake,450,315,RGB,33132,2255cac1f1d43e69a96eb18fdc7cf64cb839daa9250b977a4b91eaa468e9108f,e247a407eb6c0f3a,cfcc61c319cb8c8e,True,,,,True,TEST,False,NOT VERIFIED,LEAKAGE_RISK,near-duplicate candidate matching existing TEST image (HIGH_CONFIDENCE_NEAR_DUPLICATE),JPEG,1.428571,,False
Non-Venomous/Checkered Keelback/xenochrophis-piscator-checkered-keelback-water-snake-non-venomous-H9ERXF.jpg,xenochrophis-piscator-checkered-keelback-water-snake-non-venomous-H9ERXF.jpg,.jpg,Non-Venomous,Checkered Keelback,Non_Venomous_Snake,1300,957,RGB,277152,12f0f6df1395d582598924deec7299cf6e8f229718c004bca28fc23b6adf0eea,8c53610c6c2dffa3,eec84874a5f39746,True,,,,True,TEST,False,NOT VERIFIED,LEAKAGE_RISK,near-duplicate candidate matching existing TEST image (HIGH_CONFIDENCE_NEAR_DUPLICATE),JPEG,1.358412,,False
Non-Venomous/Checkered Keelback/xenochrophis-piscator-checkered-keelback-water-snake-non-venomous-h9erxh.jpg,xenochrophis-piscator-checkered-keelback-water-snake-non-venomous-h9erxh.jpg,.jpg,Non-Venomous,Checkered Keelback,Non_Venomous_Snake,640,448,RGB,88082,c060e15caa314132f06b8faa944a9f98a25910d9aa0f53fb2857453c6dbc35c4,dc75b00ae42d995b,3a2a3222717135b7,True,,,,True,TEST,False,NOT VERIFIED,LEAKAGE_RISK,near-duplicate candidate matching existing TEST image (HIGH_CONFIDENCE_NEAR_DUPLICATE),JPEG,1.428571,,False
Non-Venomous/Checkered Keelback/xenochrophis-piscator-checkered-keelback-water-snake-non-venomous-h9erxk.jpg,xenochrophis-piscator-checkered-keelback-water-snake-non-venomous-h9erxk.jpg,.jpg,Non-Venomous,Checkered Keelback,Non_Venomous_Snake,640,450,RGB,78379,f17c9656cf5148daef76d1d032a80787c7e851a91f73e6b64e002d31d6b9956c,da3ca543b633e30c,55b2a9e9f1c9d84c,True,,,,True,TEST,False,NOT VERIFIED,LEAKAGE_RISK,near-duplicate candidate matching existing TEST image (HIGH_CONFIDENCE_NEAR_DUPLICATE),JPEG,1.422222,,False
Non-Venomous/Checkered Keelback/Xenochrophis_piscator_at_Kadavoor.jpg,Xenochrophis_piscator_at_Kadavoor.jpg,.jpg,Non-Venomous,Checkered Keelback,Non_Venomous_Snake,220,293,RGB,29768,a319f5cfb3399fb314b8f25be9e6692e0efe00d3612b4114240c9d5c4af3e142,85cd4d5b929cb632,f2c2d6a48dcdd2e9,True,,,,True,TEST,False,NOT VERIFIED,LEAKAGE_RISK,near-duplicate candidate matching existing TEST image (HIGH_CONFIDENCE_NEAR_DUPLICATE),JPEG,0.750853,,False
Non-Venomous/Checkered Keelback/yellow-spotted-keelback-11-26-10-in-payao-province-31.jpg,yellow-spotted-keelback-11-26-10-in-payao-province-31.jpg,.jpg,Non-Venomous,Checkered Keelback,Non_Venomous_Snake,2512,1669,RGB,726644,2fe6a378f295516e25b7b8f373d62a146f6ead3f04287967cfb185095a3bee80,8707d94c37d9cd24,54e1c25864f390ba,True,,,,True,TEST,False,NOT VERIFIED,LEAKAGE_RISK,near-duplicate candidate matching existing TEST image (HIGH_CONFIDENCE_NEAR_DUPLICATE),JPEG,1.505093,,False
Non-Venomous/Checkered Keelback/yellow-spotted-keelback-11-26-10-in-payao-province1.jpg,yellow-spotted-keelback-11-26-10-in-payao-province1.jpg,.jpg,Non-Venomous,Checkered Keelback,Non_Venomous_Snake,3648,2436,RGB,2102550,740fdaa47a630fd6a24ab7e13d988496780e4fd6d2497ef91de49194aa9b1dcc,8d72c2ae611995ed,2125f2ba637773f6,True,,,,True,TEST,False,NOT VERIFIED,LEAKAGE_RISK,near-duplicate candidate matching existing TEST image (HIGH_CONFIDENCE_NEAR_DUPLICATE),JPEG,1.497537,,False
Non-Venomous/Checkered Keelback/yellow-spotted-keelback-3-17-11-in-ramkhamhaeng.jpg,yellow-spotted-keelback-3-17-11-in-ramkhamhaeng.jpg,.jpg,Non-Venomous,Checkered Keelback,Non_Venomous_Snake,1693,1132,RGB,427667,ceafdb3fd6f7366324ded4c26d4f5752bf46d2b026d54018622f133b1cbcb34d,fdd08760cbbc8cc1,084c341883261e5b,True,,,,True,TEST,False,NOT VERIFIED,LEAKAGE_RISK,near-duplicate candidate matching existing TEST image (HIGH_CONFIDENCE_NEAR_DUPLICATE),JPEG,1.495583,,False
Non-Venomous/Checkered Keelback/yellow-spotted-keelback-xenocropis-flavipunctus-vietnam-alex-krohn-21.jpg,yellow-spotted-keelback-xenocropis-flavipunctus-vietnam-alex-krohn-21.jpg,.jpg,Non-Venomous,Checkered Keelback,Non_Venomous_Snake,600,400,RGB,30568,3bbbff32081df07ed76470a015faf27a55638b55cf6b20223e953991cb0318ef,f8358b6235d63269,061391240b894143,True,,,,True,TEST,False,NOT VERIFIED,LEAKAGE_RISK,near-duplicate candidate matching existing TEST image (HIGH_CONFIDENCE_NEAR_DUPLICATE),JPEG,1.5,,False
Non-Venomous/Checkered Keelback/yellowspottedkeelback.jpg,yellowspottedkeelback.jpg,.jpg,Non-Venomous,Checkered Keelback,Non_Venomous_Snake,289,339,RGB,39836,d99a249214bf5567f914707b1c24e53c04c027ee60994f0201de777fe2fb6840,aa1d4a49dbb216d3,51373e3f5bac9dc9,True,,,,True,TEST,False,NOT VERIFIED,LEAKAGE_RISK,near-duplicate candidate matching existing TEST image (HIGH_CONFIDENCE_NEAR_DUPLICATE),JPEG,0.852507,,False
Non-Venomous/Common Rat Snake/0763.jpeg,0763.jpeg,.jpeg,Non-Venomous,Common Rat Snake,Non_Venomous_Snake,768,501,RGB,193225,519285b40d21239d97a32f9ce11cd86ed1c08fb35ac70738b10e51133f6cda72,e952c62b0a67599e,4f9c9e8b3b1b4757,True,,,,True,VALIDATION,False,NOT VERIFIED,DUPLICATE_REVIEW,near-duplicate candidate matching existing VALIDATION image,JPEG,1.532934,,False
Non-Venomous/Common Rat Snake/0e07f0ba188cf87784d3c48f54e91ce3.jpg,0e07f0ba188cf87784d3c48f54e91ce3.jpg,.jpg,Non-Venomous,Common Rat Snake,Non_Venomous_Snake,609,467,RGB,205407,ece8770579ee694bbecf6e6a3d931df04b93a641fe3496b16cec9a50f3423227,fa2e85d881933ee8,f3e32d59111d5992,True,,,,True,TRAIN,False,NOT VERIFIED,DUPLICATE_REVIEW,near-duplicate candidate matching existing TRAIN image,JPEG,1.304069,,False
Non-Venomous/Common Rat Snake/1.jpg,1.jpg,.jpg,Non-Venomous,Common Rat Snake,Non_Venomous_Snake,500,334,RGB,72202,44a76ecb0e9d5faa766e839115a5d2cf74365d77c91bd38d57d44feac2a4ce46,d90d59817c4ff905,f358722595d9d818,True,,,,True,TEST,False,NOT VERIFIED,LEAKAGE_RISK,near-duplicate candidate matching existing TEST image (HIGH_CONFIDENCE_NEAR_DUPLICATE),JPEG,1.497006,,False
Non-Venomous/Common Rat Snake/11225995516_f9288eb60a_b.jpg,11225995516_f9288eb60a_b.jpg,.jpg,Non-Venomous,Common Rat Snake,Non_Venomous_Snake,1024,768,RGB,218693,f8912bd76877ac97b843f7cbfc0c59f429f97d6343943747408ac3a8db55d65a,899bba6135594de2,53d1d1d0c65289a6,True,,,,True,TRAIN,False,NOT VERIFIED,DUPLICATE_REVIEW,near-duplicate candidate matching existing TRAIN image,JPEG,1.333333,,False
Non-Venomous/Common Rat Snake/112282-850x565-Yellow_Rat_Snake.jpg,112282-850x565-Yellow_Rat_Snake.jpg,.jpg,Non-Venomous,Common Rat Snake,Non_Venomous_Snake,850,565,RGB,97349,d43055787ee0fbde2b12a8d5ffeedfe2a8391310baaf8dedfe45c294852adc01,84a5e9c89db96972,12e48f7eecf34d6b,True,,,,True,TEST,False,NOT VERIFIED,LEAKAGE_RISK,near-duplicate candidate matching existing TEST image (HIGH_CONFIDENCE_NEAR_DUPLICATE),JPEG,1.504425,,False
Non-Venomous/Common Rat Snake/126763-004-312A729C.jpg,126763-004-312A729C.jpg,.jpg,Non-Venomous,Common Rat Snake,Non_Venomous_Snake,550,413,RGB,50365,2fb3a00eebb5c63c3f0c3b25381a60904acdaf4cc2218fa9cee3764a76c44352,a193d64a8d653ab5,9ddb9e8627058796,True,,,,True,TEST,False,NOT VERIFIED,LEAKAGE_RISK,near-duplicate candidate matching existing TEST image (HIGH_CONFIDENCE_NEAR_DUPLICATE),JPEG,1.331719,,False
Non-Venomous/Common Rat Snake/130108132044_1_900x600.jpg,130108132044_1_900x600.jpg,.jpg,Non-Venomous,Common Rat Snake,Non_Venomous_Snake,798,600,RGB,89824,74b07c945dcb424ea60fb8090c451e1ddfc7c8aa90105ffaeebb3c05495f37b5,c33a32c8fc7d918c,2949d906e3d1c150,True,,,,True,TRAIN,False,NOT VERIFIED,DUPLICATE_REVIEW,near-duplicate candidate matching existing TRAIN image,JPEG,1.33,,False
Non-Venomous/Common Rat Snake/143197P3112612.JPG,143197P3112612.JPG,.jpg,Non-Venomous,Common Rat Snake,Non_Venomous_Snake,640,480,RGB,107337,17c880d8bf69e397d11cc0fdb3cb05e16fa2076a806a3d0c6fb9d1f3be48bfe7,c0aecde5999630dc,67c7bcd9aa8ac4d8,True,,,,True,TEST,False,NOT VERIFIED,LEAKAGE_RISK,near-duplicate candidate matching existing TEST image (HIGH_CONFIDENCE_NEAR_DUPLICATE),JPEG,1.333333,,False
Non-Venomous/Common Rat Snake/1463253_178992368962946_371907696_n.jpg,1463253_178992368962946_371907696_n.jpg,.jpg,Non-Venomous,Common Rat Snake,Non_Venomous_Snake,960,614,RGB,147621,6b4134d22bff274255c14480e6f31127b123fe5c76e4af8eac9fb997cd0f7c22,d08fe07880bd2de7,b7d96ef28db3348a,True,,,,True,TRAIN,False,NOT VERIFIED,DUPLICATE_REVIEW,near-duplicate candidate matching existing TRAIN image,JPEG,1.563518,,False
Non-Venomous/Common Rat Snake/15443305748_4134d9051d.jpg,15443305748_4134d9051d.jpg,.jpg,Non-Venomous,Common Rat Snake,Non_Venomous_Snake,500,333,RGB,63988,331a5a4b0bab476f0a33502e58012f0149a7f86b5ea85a3858c0d2540527ad08,a50dcacff1e8342c,43f9be9ede4ef12e,True,,,,True,TRAIN,False,NOT VERIFIED,DUPLICATE_REVIEW,near-duplicate candidate matching existing TRAIN image,JPEG,1.501502,,False
Non-Venomous/Common Rat Snake/16668569-Close-up-of-Indo-Chinese-Rat-snake-Thailand--Stock-Photo.jpg,16668569-Close-up-of-Indo-Chinese-Rat-snake-Thailand--Stock-Photo.jpg,.jpg,Non-Venomous,Common Rat Snake,Non_Venomous_Snake,1300,861,RGB,182768,c5fbacb7e9b74913a9da5cbf4200b5f27f21ef485a8a1d55f18abfe1a34f78a8,ff2751490dcd3838,0b4c56666f091018,True,,,,True,TEST,False,NOT VERIFIED,LEAKAGE_RISK,near-duplicate candidate matching existing TEST image (HIGH_CONFIDENCE_NEAR_DUPLICATE),JPEG,1.509872,,False
Non-Venomous/Common Rat Snake/175a2372jpg-35eda8314988c49d.jpg,175a2372jpg-35eda8314988c49d.jpg,.jpg,Non-Venomous,Common Rat Snake,Non_Venomous_Snake,1209,1280,RGB,420527,5e9a006b9e0be2ca6ee527d74a110bba34d88a4e5467c39f53aa2f77d62998a1,e619cd867b643269,b1180b490d6cc706,True,,,,True,TEST,False,NOT VERIFIED,LEAKAGE_RISK,near-duplicate candidate matching existing TEST image (HIGH_CONFIDENCE_NEAR_DUPLICATE),JPEG,0.944531,,False
Non-Venomous/Common Rat Snake/178737411_XS.jpg,178737411_XS.jpg,.jpg,Non-Venomous,Common Rat Snake,Non_Venomous_Snake,640,423,RGB,63572,6a6a654bca5def893fd0e913dc323a99b8ed5256864e89b8ea650e6175ab2212,b0141e0f64f3f369,7cbc9c8c462f2b95,True,,,,True,TEST,False,NOT VERIFIED,LEAKAGE_RISK,near-duplicate candidate matching existing TEST image (HIGH_CONFIDENCE_NEAR_DUPLICATE),JPEG,1.513002,,False
Non-Venomous/Common Rat Snake/1YEL.jpg,1YEL.jpg,.jpg,Non-Venomous,Common Rat Snake,Non_Venomous_Snake,425,566,RGB,95793,f5a60d70617e9bc5541383df18ddd701fc0f27c2e0985b0ab037879496a7c354,8b4b35d0351abc79,7ce3f16d323979be,True,,,,True,TEST,False,NOT VERIFIED,LEAKAGE_RISK,near-duplicate candidate matching existing TEST image (HIGH_CONFIDENCE_NEAR_DUPLICATE),JPEG,0.750883,,False
Non-Venomous/Common Rat Snake/200907260821-radnor-lake-gray-rat-snake-500.jpg,200907260821-radnor-lake-gray-rat-snake-500.jpg,.jpg,Non-Venomous,Common Rat Snake,Non_Venomous_Snake,500,920,RGB,154182,46a42aaf74fe6e8b203fe8b3e2c5be0837de7ffa6f8d8c77ccd6660a16aab40b,e64e596455b3a4ca,0929654ee42689d8,True,,,,True,TRAIN,False,NOT VERIFIED,DUPLICATE_REVIEW,near-duplicate candidate matching existing TRAIN image,JPEG,0.543478,,False
Non-Venomous/Common Rat Snake/20929802866_00f8b18b33.jpg,20929802866_00f8b18b33.jpg,.jpg,Non-Venomous,Common Rat Snake,Non_Venomous_Snake,500,333,RGB,130022,2e85be1168e5c6af3d6ed2e03d3f79c0c27b6b98e7e5123280836e4f9d26fdd0,a731c2b2ce2f4c74,2e5e526b64efe7e1,True,,,,True,TRAIN,False,NOT VERIFIED,DUPLICATE_REVIEW,near-duplicate candidate matching existing TRAIN image,JPEG,1.501502,,False
Non-Venomous/Common Rat Snake/220px-Rat_Snake.JPG,220px-Rat_Snake.JPG,.jpg,Non-Venomous,Common Rat Snake,Non_Venomous_Snake,220,147,RGB,6604,69eecf7836a04597a55f8305f6729f258527b1fc54b0fcd416abe181a916cfe0,845d91f4ff114a4d,da6ce15e27acdcc8,True,,,,True,VALIDATION,False,NOT VERIFIED,DUPLICATE_REVIEW,near-duplicate candidate matching existing VALIDATION image,JPEG,1.496599,,False
Non-Venomous/Common Rat Snake/22988615802_7b2d139387_b.jpg,22988615802_7b2d139387_b.jpg,.jpg,Non-Venomous,Common Rat Snake,Non_Venomous_Snake,1024,622,RGB,569068,e1dfcdf4dfafc21792b90f6d2353c9abd4a66aa60c349d2f7b7de50cc12a96f1,c0ba0ed33e8d62e5,e731c7b5d6cbf2a6,True,,,,True,TRAIN,False,NOT VERIFIED,DUPLICATE_REVIEW,near-duplicate candidate matching existing TRAIN image,JPEG,1.646302,,False
Non-Venomous/Common Rat Snake/22cdfe6495d034308305a00eeee78be8.jpg,22cdfe6495d034308305a00eeee78be8.jpg,.jpg,Non-Venomous,Common Rat Snake,Non_Venomous_Snake,332,268,RGB,74931,0956d05dd18845c53b2d6cad99b658d03485ed674923644a87442c98b1cbe5df,bd19d016cb638f8c,d89f330b273f8644,True,,,,True,TEST,False,NOT VERIFIED,LEAKAGE_RISK,near-duplicate candidate matching existing TEST image (HIGH_CONFIDENCE_NEAR_DUPLICATE),JPEG,1.238806,,False
Non-Venomous/Common Rat Snake/23acc8022303e373f72893f094dcd22f--snake-photos-corn-snake.jpg,23acc8022303e373f72893f094dcd22f--snake-photos-corn-snake.jpg,.jpg,Non-Venomous,Common Rat Snake,Non_Venomous_Snake,516,600,RGB,48392,e46bd43f8de9b87ac0fa95742d767e1e5f3362749842318316a7322d53119f34,daa5b21998a6cfa8,bc5947e2b9890da1,True,,,,True,TEST,False,NOT VERIFIED,LEAKAGE_RISK,near-duplicate candidate matching existing TEST image (HIGH_CONFIDENCE_NEAR_DUPLICATE),JPEG,0.86,,False
Non-Venomous/Common Rat Snake/25563616774_184364c614.jpg,25563616774_184364c614.jpg,.jpg,Non-Venomous,Common Rat Snake,Non_Venomous_Snake,500,333,RGB,87117,4165892360b938e8bbda8fb876d548a08a4d9e499a2b6dc1332950002006f261,f98f497a17721898,78559b2cbb1d1ff2,True,,,,True,TRAIN,False,NOT VERIFIED,DUPLICATE_REVIEW,near-duplicate candidate matching existing TRAIN image,JPEG,1.501502,,False
Non-Venomous/Common Rat Snake/2953885821_2921103913.jpg,2953885821_2921103913.jpg,.jpg,Non-Venomous,Common Rat Snake,Non_Venomous_Snake,500,415,RGB,94915,853dd4bc47c81279312946d3c78aa40e76ce37264c63f6ce5f6119378c9e5ac1,dc03dce106f8e669,e078e1f0ee92b324,True,,,,True,TEST,False,NOT VERIFIED,LEAKAGE_RISK,near-duplicate candidate matching existing TEST image (HIGH_CONFIDENCE_NEAR_DUPLICATE),JPEG,1.204819,,False
Non-Venomous/Common Rat Snake/2973845429_d9d5ce06a3_b.jpg,2973845429_d9d5ce06a3_b.jpg,.jpg,Non-Venomous,Common Rat Snake,Non_Venomous_Snake,1024,587,RGB,337568,eba2288f51da5d8913d0a776eda576a1535f193a3394018fb7d1a11d88f39e2d,bb1e1de82a32f09c,39723ccd25cfce5b,True,,,,True,TRAIN,False,NOT VERIFIED,DUPLICATE_REVIEW,near-duplicate candidate matching existing TRAIN image,JPEG,1.744463,,False
Non-Venomous/Common Rat Snake/2e98fb26a3748cf7be50b02d89c91836.jpg,2e98fb26a3748cf7be50b02d89c91836.jpg,.jpg,Non-Venomous,Common Rat Snake,Non_Venomous_Snake,368,276,RGB,15125,a3d6ae7348750195f7f8b0051c8e0ef9277e4779846a426bea79fd641e9b028a,f814c2f3a5a6393c,8633954626198d03,True,,,,True,VALIDATION,False,NOT VERIFIED,DUPLICATE_REVIEW,near-duplicate candidate matching existing VALIDATION image,JPEG,1.333333,,False
Non-Venomous/Common Rat Snake/33326151560_f9888f9e35_b.jpg,33326151560_f9888f9e35_b.jpg,.jpg,Non-Venomous,Common Rat Snake,Non_Venomous_Snake,1024,536,RGB,394070,7edd741e951b19186d3f92509d460dc633d0f1c8c3fb75ac123f3d07d754b0ab,dfa672c9124be44c,41276471d3535b18,True,,,,True,TRAIN,False,NOT VERIFIED,DUPLICATE_REVIEW,near-duplicate candidate matching existing TRAIN image,JPEG,1.910448,,False
Non-Venomous/Common Rat Snake/38AC2D51-1DD8-B71C-077A00C10D49AA3C-large.JPG,38AC2D51-1DD8-B71C-077A00C10D49AA3C-large.JPG,.jpg,Non-Venomous,Common Rat Snake,Non_Venomous_Snake,800,600,RGB,95548,5b69eea2a2603e3a5a457da2be612040987939d792204cfb702534f901f78a63,896cc29cb0b7ee4a,31b267cb9b2648d8,True,,,,True,TEST,False,NOT VERIFIED,LEAKAGE_RISK,near-duplicate candidate matching existing TEST image (HIGH_CONFIDENCE_NEAR_DUPLICATE),JPEG,1.333333,,False
Non-Venomous/Common Rat Snake/4108235465_d0b32976cc_b.jpg,4108235465_d0b32976cc_b.jpg,.jpg,Non-Venomous,Common Rat Snake,Non_Venomous_Snake,1024,768,RGB,275369,6ef1953f3862ff8d03b11952bc4bad8d926e636e9e872b6ebe77c439effe38dc,bf8ef01944a25db2,ffbf6f61703a9d84,True,,,,True,TEST,False,NOT VERIFIED,LEAKAGE_RISK,near-duplicate candidate matching existing TEST image (HIGH_CONFIDENCE_NEAR_DUPLICATE),JPEG,1.333333,,False
Non-Venomous/Common Rat Snake/464685_469785913108783_1755378000_o.jpg,464685_469785913108783_1755378000_o.jpg,.jpg,Non-Venomous,Common Rat Snake,Non_Venomous_Snake,1500,774,RGB,127547,23fef051a5db7cf502bcfad8e0e9601392b58b59039a00ece495825bc850d846,d4fe85b06f62c530,6e3cdc651ccccd62,True,,,,True,TEST,False,NOT VERIFIED,LEAKAGE_RISK,near-duplicate candidate matching existing TEST image (HIGH_CONFIDENCE_NEAR_DUPLICATE),JPEG,1.937984,,False
Non-Venomous/Common Rat Snake/5078041194_1f8a6af122_b.jpg,5078041194_1f8a6af122_b.jpg,.jpg,Non-Venomous,Common Rat Snake,Non_Venomous_Snake,1024,654,RGB,132086,a67a523015550c2e97a2a7c75e2e98ff4e0d4a7cab9c62fc15c72cef89100528,9d78f821630fc927,94b0624cccd87634,True,,,,True,TEST,False,NOT VERIFIED,LEAKAGE_RISK,near-duplicate candidate matching existing TEST image (HIGH_CONFIDENCE_NEAR_DUPLICATE),JPEG,1.565749,,False
Non-Venomous/Common Rat Snake/5c3dd3dc91c4283c73c5992e0a62b28f.jpg,5c3dd3dc91c4283c73c5992e0a62b28f.jpg,.jpg,Non-Venomous,Common Rat Snake,Non_Venomous_Snake,1260,945,RGB,280171,6641fdcbf2fd7cd16f4de5af753059eee62020cfa3526c8b92584a2735435b50,9fe6aa01c54f1c5c,6115256a96bb7931,True,,,,True,TEST,False,NOT VERIFIED,LEAKAGE_RISK,near-duplicate candidate matching existing TEST image (HIGH_CONFIDENCE_NEAR_DUPLICATE),JPEG,1.333333,,False
Non-Venomous/Common Rat Snake/6003828805_550b0fbd1a_b.jpg,6003828805_550b0fbd1a_b.jpg,.jpg,Non-Venomous,Common Rat Snake,Non_Venomous_Snake,1024,657,RGB,330545,c0b3a98637dcd2a75f0a9665fbc968363b9ef429ed349a8d9ac5642ee61924a4,e2c232e9cb9c760d,8d8f8db1c307346f,True,,,,True,TRAIN,False,NOT VERIFIED,DUPLICATE_REVIEW,near-duplicate candidate matching existing TRAIN image,JPEG,1.5586,,False
Non-Venomous/Common Rat Snake/6004373992_e68bbf6a83_b.jpg,6004373992_e68bbf6a83_b.jpg,.jpg,Non-Venomous,Common Rat Snake,Non_Venomous_Snake,1024,683,RGB,425626,17c9a7d0a3f0e852b2b766a3975f593a25ac37caae2136adf76551fe9b7d4da7,9c8ba38db596d432,7e732d307236370f,True,,,,True,VALIDATION,False,NOT VERIFIED,DUPLICATE_REVIEW,near-duplicate candidate matching existing VALIDATION image,JPEG,1.499268,,False
Non-Venomous/Common Rat Snake/6010585911_bb89b7d3b4_b.jpg,6010585911_bb89b7d3b4_b.jpg,.jpg,Non-Venomous,Common Rat Snake,Non_Venomous_Snake,1024,786,RGB,857994,f2da5094026742878b5f3e82134ba64237bfd722c5176a906935e5503f6c0101,9f44f489a23acdb1,59246a6dd373194d,True,,,,True,TRAIN,False,NOT VERIFIED,DUPLICATE_REVIEW,near-duplicate candidate matching existing TRAIN image,JPEG,1.302799,,False
Non-Venomous/Common Rat Snake/62b8a1.jpg,62b8a1.jpg,.jpg,Non-Venomous,Common Rat Snake,Non_Venomous_Snake,327,382,RGB,74629,be3eb952a54fde9b602d379665329f3ba63f5371618bbeb7eb4e213f677e3619,c6a3d37294acc0d7,cdeba7a765a520b0,True,,,,True,TEST,False,NOT VERIFIED,LEAKAGE_RISK,near-duplicate candidate matching existing TEST image (HIGH_CONFIDENCE_NEAR_DUPLICATE),JPEG,0.856021,,False
Non-Venomous/Common Rat Snake/7053016215_6bd318e3ff_b.jpg,7053016215_6bd318e3ff_b.jpg,.jpg,Non-Venomous,Common Rat Snake,Non_Venomous_Snake,1024,685,RGB,274024,2b985a968c61f3c7e4106470d3fcc3c1607b14f7cac5d3c66ca79694a39d7129,8c8b634d7657c714,79fbf03435e71625,True,,,,True,TRAIN,False,NOT VERIFIED,DUPLICATE_REVIEW,near-duplicate candidate matching existing TRAIN image,JPEG,1.494891,,False
Non-Venomous/Common Rat Snake/7801682640_00b2183a0a_b-bernard-dupont.jpg,7801682640_00b2183a0a_b-bernard-dupont.jpg,.jpg,Non-Venomous,Common Rat Snake,Non_Venomous_Snake,1000,752,RGB,591139,92641a776e4397bc280a22cdbcf6f30839117afe55423aadfa600c339bcd25d0,f2198b2b3d763590,5bd59c04994fedc5,True,,,,True,TRAIN,False,NOT VERIFIED,DUPLICATE_REVIEW,near-duplicate candidate matching existing TRAIN image,JPEG,1.329787,,False
Non-Venomous/Common Rat Snake/800px-Common_Rat_Snake_(Ptyas_mucosa)_水律5.jpg,800px-Common_Rat_Snake_(Ptyas_mucosa)_水律5.jpg,.jpg,Non-Venomous,Common Rat Snake,Non_Venomous_Snake,800,534,RGB,100430,bb714012abb86d1d16e8dd7a8557190c021a9f6aea4a08f11d9706a8c702ed68,8e0718ce86ede353,6c704966f0f0b0f8,True,,,,True,TEST,False,NOT VERIFIED,LEAKAGE_RISK,near-duplicate candidate matching existing TEST image (HIGH_CONFIDENCE_NEAR_DUPLICATE),JPEG,1.498127,,False
Non-Venomous/Common Rat Snake/83612cc4c22f4694c89577510d3c9bdf.jpg,83612cc4c22f4694c89577510d3c9bdf.jpg,.jpg,Non-Venomous,Common Rat Snake,Non_Venomous_Snake,650,490,RGB,119942,584fc385ac97a03f38481bd09b626d784f938426901ddbfe119017de31de4df1,b7c9d2c6891cc672,e41d1f52ce6e2c1c,True,,,,True,TEST,False,NOT VERIFIED,LEAKAGE_RISK,near-duplicate candidate matching existing TEST image (HIGH_CONFIDENCE_NEAR_DUPLICATE),JPEG,1.326531,,False
Non-Venomous/Common Rat Snake/87679859_XS.jpg,87679859_XS.jpg,.jpg,Non-Venomous,Common Rat Snake,Non_Venomous_Snake,400,267,RGB,24991,03c10a072187d762c878abab9b3f18c3fb7288bbb6d022422d291c8e185fd197,e27f47106c37e123,92650b1c9198ccc7,True,,,,True,TRAIN,False,NOT VERIFIED,DUPLICATE_REVIEW,near-duplicate candidate matching existing TRAIN image,JPEG,1.498127,,False
Non-Venomous/Common Rat Snake/9862346-Close-up-of-Common-Rat-Snake-Thailand--Stock-Photo-snake.jpg,9862346-Close-up-of-Common-Rat-Snake-Thailand--Stock-Photo-snake.jpg,.jpg,Non-Venomous,Common Rat Snake,Non_Venomous_Snake,1300,863,RGB,101278,41a81d42ed17b5b77b8af8647c5929a404d56bed855b5b8c1b0258587c74ffa1,f90a73f3e4c40c39,0919302000181884,True,,,,True,TEST,False,NOT VERIFIED,LEAKAGE_RISK,near-duplicate candidate matching existing TEST image (HIGH_CONFIDENCE_NEAR_DUPLICATE),JPEG,1.506373,,False
Non-Venomous/Common Rat Snake/9geraniyade.jpg,9geraniyade.jpg,.jpg,Non-Venomous,Common Rat Snake,Non_Venomous_Snake,468,330,RGB,57075,9d8f03f63a0c415a577fcf0131c26968c6fddccaf34b1f81b32d3d6b60f04f31,9827d7e81237d866,e1ca747ea3b33438,True,,,,True,TEST,False,NOT VERIFIED,LEAKAGE_RISK,near-duplicate candidate matching existing TEST image (HIGH_CONFIDENCE_NEAR_DUPLICATE),JPEG,1.418182,,False
Non-Venomous/Common Rat Snake/AB083_Ptyas_mucosos.JPG,AB083_Ptyas_mucosos.JPG,.jpg,Non-Venomous,Common Rat Snake,Non_Venomous_Snake,405,321,RGB,99896,ae640bea8e5b0f8bed65210ceabfd2d1eacd37b46233569904745aa39febd5b4,b0e00dee78270f79,1d94db8d39635d39,True,,,,True,TRAIN,False,NOT VERIFIED,DUPLICATE_REVIEW,near-duplicate candidate matching existing TRAIN image,JPEG,1.261682,,False
Non-Venomous/Common Rat Snake/AesculapianSnake30C_JasonSteel_950.jpg,AesculapianSnake30C_JasonSteel_950.jpg,.jpg,Non-Venomous,Common Rat Snake,Non_Venomous_Snake,950,635,RGB,995090,72fe18287ccab6afdc50a82f749ad1647aa9934eacebc48ed126235f8a0f38d9,b0ccdaa1eecc33c2,842c1637cfde9c2d,True,,,,True,VALIDATION,False,NOT VERIFIED,DUPLICATE_REVIEW,near-duplicate candidate matching existing VALIDATION image,JPEG,1.496063,,False
Non-Venomous/Common Rat Snake/artmax_267.jpg,artmax_267.jpg,.jpg,Non-Venomous,Common Rat Snake,Non_Venomous_Snake,535,358,RGB,27054,f2a2603045c18134d8da41ad35d2efd59dfe621779608ddd8223e9b26a6415ab,a8d1c329f52e8cc7,91c8e72f0eb7538b,True,,,,True,TRAIN,False,NOT VERIFIED,DUPLICATE_REVIEW,near-duplicate candidate matching existing TRAIN image,JPEG,1.494413,,False
Non-Venomous/Common Rat Snake/Black Rat  Adult.jpg,Black Rat  Adult.jpg,.jpg,Non-Venomous,Common Rat Snake,Non_Venomous_Snake,400,276,RGB,35076,e6b0df87304992fe3d707dcec52d5fdf21d57899a07cabc1dba9bc1643f50678,bfd8e02583df9830,e60a396b3e270edd,True,,,,True,TRAIN,False,NOT VERIFIED,DUPLICATE_REVIEW,near-duplicate candidate matching existing TRAIN image,JPEG,1.449275,,False
Non-Venomous/Common Rat Snake/black ratsnake 1.jpg,black ratsnake 1.jpg,.jpg,Non-Venomous,Common Rat Snake,Non_Venomous_Snake,640,480,RGB,294451,f5b97be732b48174baf8e8c88357689668098a6d8f15528b19f60aba92a7d15c,f083d00c1ff2699f,a6ccd9172307ac04,True,,,,True,TRAIN,False,NOT VERIFIED,DUPLICATE_REVIEW,near-duplicate candidate matching existing TRAIN image,JPEG,1.333333,,False
Non-Venomous/Common Rat Snake/black-rat-snake.jpg,black-rat-snake.jpg,.jpg,Non-Venomous,Common Rat Snake,Non_Venomous_Snake,800,493,RGB,79702,09169126ac94b79ff6c42d890c9432aa32b7003d19d445d826ad4ff4f2f9b591,fa7cf1c2a4f084cc,2a1b312561c9198f,True,,,,True,VALIDATION,False,NOT VERIFIED,DUPLICATE_REVIEW,near-duplicate candidate matching existing VALIDATION image,JPEG,1.622718,,False
Non-Venomous/Common Rat Snake/Black-Ratsnake-300x214.jpg,Black-Ratsnake-300x214.jpg,.jpg,Non-Venomous,Common Rat Snake,Non_Venomous_Snake,300,214,RGB,23644,4ef356db9268bb2d5135583188aa619a1a96f815d4acab9560973e8e996db412,bd91d48fc31b8c34,d89e370b2f673f86,True,,,,True,TRAIN,False,NOT VERIFIED,DUPLICATE_REVIEW,near-duplicate candidate matching existing TRAIN image,JPEG,1.401869,,False
Non-Venomous/Common Rat Snake/Black_Rat_Snake-.JPG,Black_Rat_Snake-.JPG,.jpg,Non-Venomous,Common Rat Snake,Non_Venomous_Snake,220,165,RGB,15439,82a9e3f1fbaf705264b1ad9cb7f7f011985cc06d609093bd5367f552cfb58829,a1924a2578bece3d,9dcbe98e8e060f8b,True,,,,True,TRAIN,False,NOT VERIFIED,DUPLICATE_REVIEW,near-duplicate candidate matching existing TRAIN image,JPEG,1.333333,,False
"Non-Venomous/Common Rat Snake/Black_Rat_Snake_-_Elaphe_obsoleta_obsoleta,_Merrimac_Farm_Wildlife_Management_Area,_Virginia.jpg","Black_Rat_Snake_-_Elaphe_obsoleta_obsoleta,_Merrimac_Farm_Wildlife_Management_Area,_Virginia.jpg",.jpg,Non-Venomous,Common Rat Snake,Non_Venomous_Snake,1200,800,RGB,198694,274cd962446617f000c413918fa488a990a76c2dee47ec87f703ad7a0b717c4a,ab68c9cdf804cd1e,939b7a9e5d4b6ed9,True,,,,True,TRAIN,False,NOT VERIFIED,DUPLICATE_REVIEW,near-duplicate candidate matching existing TRAIN image,JPEG,1.5,,False
Non-Venomous/Common Rat Snake/Black_Rat_Snake_001.jpg,Black_Rat_Snake_001.jpg,.jpg,Non-Venomous,Common Rat Snake,Non_Venomous_Snake,996,662,RGB,817772,3e5864a5a12ce7046606417d8e597f6f5f90ce56c06313911ab4e1e372faedf7,fb799422cc412776,3c181b93094baa24,True,,,,True,VALIDATION,False,NOT VERIFIED,DUPLICATE_REVIEW,near-duplicate candidate matching existing VALIDATION image,JPEG,1.504532,,False
Non-Venomous/Common Rat Snake/black_rat_snake_101499_7.jpg,black_rat_snake_101499_7.jpg,.jpg,Non-Venomous,Common Rat Snake,Non_Venomous_Snake,300,203,RGB,104111,48a959cd97e5fe41cb796fd6e3d714d91fa0b435b40751688bedc0bfeafe102c,b227939a539dc878,684e862e0d292898,True,,,,True,TRAIN,False,NOT VERIFIED,DUPLICATE_REVIEW,near-duplicate candidate matching existing TRAIN image,JPEG,1.477833,,False
Non-Venomous/Common Rat Snake/black_rat_snake_6140.jpg,black_rat_snake_6140.jpg,.jpg,Non-Venomous,Common Rat Snake,Non_Venomous_Snake,500,333,RGB,107308,894dcc37c7a496167c12000b4ccf76bfabc510cbc1bf7b9e42dfb11eff569878,b29d1866cd32cf34,ac9af0cc46298d95,True,,,,True,TRAIN,False,NOT VERIFIED,DUPLICATE_REVIEW,near-duplicate candidate matching existing TRAIN image,JPEG,1.501502,,False
Non-Venomous/Common Rat Snake/Black_Rat_Snake_page_image.jpg,Black_Rat_Snake_page_image.jpg,.jpg,Non-Venomous,Common Rat Snake,Non_Venomous_Snake,500,300,RGB,30845,2d734294b2a4722f53102807315fb2af1d142c9685fd1fe551b49d8aaa90a6c8,a01db4db19e1adb2,b534c7c3f3c78cad,True,,,,True,TRAIN,False,NOT VERIFIED,DUPLICATE_REVIEW,near-duplicate candidate matching existing TRAIN image,JPEG,1.666667,,False
Non-Venomous/Common Rat Snake/blackrat.jpg,blackrat.jpg,.jpg,Non-Venomous,Common Rat Snake,Non_Venomous_Snake,657,468,RGB,89392,bab40ec609f4c812774821d58014038ba315c0f5c5de944b6e000f009a720b45,f199ca34f249f232,113b89560c154b41,True,,,,True,TRAIN,False,NOT VERIFIED,DUPLICATE_REVIEW,near-duplicate candidate matching existing TRAIN image,JPEG,1.403846,,False
Non-Venomous/Common Rat Snake/blackrat40.jpg,blackrat40.jpg,.jpg,Non-Venomous,Common Rat Snake,Non_Venomous_Snake,1200,900,RGB,519888,cdb8d5063f60e3acbe94d8d91c326a381c824fc7e50516639c84fd9985f29251,bf2192179c59f84c,9c4f1332674c3860,True,,,,True,TRAIN,False,NOT VERIFIED,DUPLICATE_REVIEW,near-duplicate candidate matching existing TRAIN image,JPEG,1.333333,,False
Non-Venomous/Common Rat Snake/blackRatSnake-300x225.jpg,blackRatSnake-300x225.jpg,.jpg,Non-Venomous,Common Rat Snake,Non_Venomous_Snake,300,225,RGB,33552,aca2e5b6b26ab664f3263d11f431f2a9fe35a93bfb54dff9c0edc14a8dd13d2a,ab8ec1b41e2b2cd9,e9f0134337261b42,True,,,,True,VALIDATION,False,NOT VERIFIED,DUPLICATE_REVIEW,near-duplicate candidate matching existing VALIDATION image,JPEG,1.333333,,False
Non-Venomous/Common Rat Snake/blackratsnake.jpg,blackratsnake.jpg,.jpg,Non-Venomous,Common Rat Snake,Non_Venomous_Snake,654,449,RGB,114709,cb1d32e101ff18ff29cc35b06d55e277c61c13e7b07c3082ca56b26530015af6,fab5d2d0cd658426,8e0c6f672b994d41,True,,,,True,TRAIN,False,NOT VERIFIED,DUPLICATE_REVIEW,near-duplicate candidate matching existing TRAIN image,JPEG,1.45657,,False
Non-Venomous/Common Rat Snake/blackratsnake080529-4397facez.jpg,blackratsnake080529-4397facez.jpg,.jpg,Non-Venomous,Common Rat Snake,Non_Venomous_Snake,700,467,RGB,51994,ea8979b4c742098004e618250000d9957cba5e8fcd72bb09cd071c069fc1fd3c,c458d626bacb396c,6c84b219178ac24c,True,,,,True,TRAIN,False,NOT VERIFIED,DUPLICATE_REVIEW,near-duplicate candidate matching existing TRAIN image,JPEG,1.498929,,False
Non-Venomous/Common Rat Snake/blackratsnake2.jpg,blackratsnake2.jpg,.jpg,Non-Venomous,Common Rat Snake,Non_Venomous_Snake,832,200,RGB,124659,2ad5153724f69bd3a80aabe29181447046580ca7c4ce36a980db3c848fda63e3,dd44d28da4db9866,7060b01266725998,True,,,,True,TRAIN,False,NOT VERIFIED,DUPLICATE_REVIEW,near-duplicate candidate matching existing TRAIN image,JPEG,4.16,,False
Non-Venomous/Common Rat Snake/blackratsnake_001.jpg,blackratsnake_001.jpg,.jpg,Non-Venomous,Common Rat Snake,Non_Venomous_Snake,250,193,RGB,49011,126cd102e7b39c993f69d0b747381b7f0b89d96d82aa95bc1f4b662cce486034,e316c5eb2e19c5b0,674dce0f17535b8e,True,,,,True,VALIDATION,False,NOT VERIFIED,DUPLICATE_REVIEW,near-duplicate candidate matching existing VALIDATION image,JPEG,1.295337,,False
Non-Venomous/Common Rat Snake/BlackRatSnake_353692_7.jpg,BlackRatSnake_353692_7.jpg,.jpg,Non-Venomous,Common Rat Snake,Non_Venomous_Snake,720,482,RGB,119687,19fc507822754a35cc8a124438913b63b3ba3a152de5bc6005725773f1261f40,ea97a407076afcc2,4dde3b31417185a7,True,,,,True,TRAIN,False,NOT VERIFIED,DUPLICATE_REVIEW,near-duplicate candidate matching existing TRAIN image,JPEG,1.493776,,False
Non-Venomous/Common Rat Snake/blackratwrinkle.jpg,blackratwrinkle.jpg,.jpg,Non-Venomous,Common Rat Snake,Non_Venomous_Snake,1200,900,RGB,842178,ef7b7b6635dec40cc472f74f204cb457843cb34c430392d75e201eac986a485a,9c3dd0627a999566,fc7cf4fbedf8f8f8,True,,,,True,TRAIN,False,NOT VERIFIED,DUPLICATE_REVIEW,near-duplicate candidate matching existing TRAIN image,JPEG,1.333333,,False
Non-Venomous/Common Rat Snake/bluerat.jpg,bluerat.jpg,.jpg,Non-Venomous,Common Rat Snake,Non_Venomous_Snake,640,446,RGB,66697,e191984ef445138c72d852d9fd481685f973bfbd6d0c2986bbc8583fbd986f41,b263d85794a8986f,1a5b9bdfcc3c31b5,True,,,,True,TRAIN,False,NOT VERIFIED,DUPLICATE_REVIEW,near-duplicate candidate matching existing TRAIN image,JPEG,1.434978,,False
Non-Venomous/Common Rat Snake/brnrat2.jpg,brnrat2.jpg,.jpg,Non-Venomous,Common Rat Snake,Non_Venomous_Snake,590,401,RGB,71133,43d0aeabfc11b5f3ee3fb4b863238594c8d90c3ffb875df24f35f0d6abdc4010,fa8e605a0ff03467,85e30e796b3d9cc6,True,,,,True,TRAIN,False,NOT VERIFIED,DUPLICATE_REVIEW,near-duplicate candidate matching existing TRAIN image,JPEG,1.471322,,False
Non-Venomous/Common Rat Snake/coluber-nigromarginatus-green-rat-snake-non-venomous-rarely-available-h9ere2.jpg,coluber-nigromarginatus-green-rat-snake-non-venomous-rarely-available-h9ere2.jpg,.jpg,Non-Venomous,Common Rat Snake,Non_Venomous_Snake,640,450,RGB,36857,fd79e328d11063d052148db47ce93c7066df2a2cc17268df833d4922957a6cc4,8468371fcf64f238,609987e1719ce4cd,True,,,,True,TRAIN,False,NOT VERIFIED,DUPLICATE_REVIEW,near-duplicate candidate matching existing TRAIN image,JPEG,1.422222,,False
Non-Venomous/Common Rat Snake/commom-rat-snake-ptyas-mucosa-non-venomous-common-B345KD.jpg,commom-rat-snake-ptyas-mucosa-non-venomous-common-B345KD.jpg,.jpg,Non-Venomous,Common Rat Snake,Non_Venomous_Snake,1300,956,RGB,105049,a9b3b5cbc43be6fcb5dbed1cdc827331386306ad79178d641d3bcf2a86dcb909,fb0026aed4d927cc,6dad6a8a234f9105,True,,,,True,TRAIN,False,NOT VERIFIED,DUPLICATE_REVIEW,near-duplicate candidate matching existing TRAIN image,JPEG,1.359833,,False
Non-Venomous/Common Rat Snake/common-rat-snake-6-1024x682.jpg,common-rat-snake-6-1024x682.jpg,.jpg,Non-Venomous,Common Rat Snake,Non_Venomous_Snake,761,509,RGB,252337,0c763039b0807095695693819bd39d4fe6766d17edd739f13b5d9a5a45cd37a9,9dcb6f150fe5d040,521880e2383c2627,True,,,,True,TRAIN,False,NOT VERIFIED,DUPLICATE_REVIEW,near-duplicate candidate matching existing TRAIN image,JPEG,1.495088,,False
Non-Venomous/Common Rat Snake/common-rat-snake-7929502.jpg,common-rat-snake-7929502.jpg,.jpg,Non-Venomous,Common Rat Snake,Non_Venomous_Snake,1300,953,RGB,167462,42f229e12b505a45ed0f14369fe75d46791db4c61622f67b7f42003d086ac540,f3dc8e2f61588e24,81e0c8988e5e5ddd,True,,,,True,TRAIN,False,NOT VERIFIED,DUPLICATE_REVIEW,near-duplicate candidate matching existing TRAIN image,JPEG,1.364113,,False
Non-Venomous/Common Rat Snake/common-rat-snake-8294082.jpg,common-rat-snake-8294082.jpg,.jpg,Non-Venomous,Common Rat Snake,Non_Venomous_Snake,854,1300,RGB,173145,fa2bb5cea569437c4ac3e36fcb21671ddf95435e2ea3b12074f7ae1b1e2fab0c,aae8df839d38b221,13638f17978fcb3d,True,,,,True,TRAIN,False,NOT VERIFIED,DUPLICATE_REVIEW,near-duplicate candidate matching existing TRAIN image,JPEG,0.656923,,False
Non-Venomous/Common Rat Snake/common-rat-snake-keoladeo-national-park-rajesthan-bharatpur-76368190.jpg,common-rat-snake-keoladeo-national-park-rajesthan-bharatpur-76368190.jpg,.jpg,Non-Venomous,Common Rat Snake,Non_Venomous_Snake,1300,1105,RGB,144402,debb10227fe7bc442b2e89de76f273b58861b12bb00b75747dfcd1721c28501c,eb3abc458942343f,23496dc353c6c57c,True,,,,True,TRAIN,False,NOT VERIFIED,DUPLICATE_REVIEW,near-duplicate candidate matching existing TRAIN image,JPEG,1.176471,,False
Non-Venomous/Common Rat Snake/Common-Ratsnake-Credit_Kevin-Messenger-e1494993731520.jpg,Common-Ratsnake-Credit_Kevin-Messenger-e1494993731520.jpg,.jpg,Non-Venomous,Common Rat Snake,Non_Venomous_Snake,600,400,RGB,99974,2392d5237a7877d6951389ed607357cc693f9e8a0d96e9e53aeac95e0cdb31a8,9d62b8fa63a9608d,b534f64a69243272,True,,,,True,TRAIN,False,NOT VERIFIED,DUPLICATE_REVIEW,near-duplicate candidate matching existing TRAIN image,JPEG,1.5,,False
Non-Venomous/Common Rat Snake/Common_India_Rat_Snake.jpg,Common_India_Rat_Snake.jpg,.jpg,Non-Venomous,Common Rat Snake,Non_Venomous_Snake,220,147,RGB,11519,b5068ce302612c06fff18136cce76cf06baa79419c91be3733dfe0fa31eb3ac1,94bc3c3507e6c2e5,163ca4ccde97c6ec,True,,,,True,TRAIN,False,NOT VERIFIED,DUPLICATE_REVIEW,near-duplicate candidate matching existing TRAIN image,JPEG,1.496599,,False
Non-Venomous/Common Rat Snake/Common_Rat_Snake.jpg,Common_Rat_Snake.jpg,.jpg,Non-Venomous,Common Rat Snake,Non_Venomous_Snake,900,1200,RGB,764409,044b02c2f8efef5ad87acdfb10f4f548fa772e5aee79bd3bd245a2f464566403,88f70646fd59942e,e74f361263f4f1f1,True,,,,True,TRAIN,False,NOT VERIFIED,DUPLICATE_REVIEW,near-duplicate candidate matching existing TRAIN image,JPEG,0.75,,False
Non-Venomous/Common Rat Snake/Common_Rat_Snake_(Ptyas_mucosa)_水律.jpg,Common_Rat_Snake_(Ptyas_mucosa)_水律.jpg,.jpg,Non-Venomous,Common Rat Snake,Non_Venomous_Snake,1024,682,RGB,540450,d4ab297cff65e9669638a37870be5a17b56e775dc21f82a6ccb3a74b49d4a2bc,d6ba422694cf2d36,4d8904302e43ecf0,True,,,,True,TRAIN,False,NOT VERIFIED,DUPLICATE_REVIEW,near-duplicate candidate matching existing TRAIN image,JPEG,1.501466,,False
Non-Venomous/Common Rat Snake/Common_Rat_Snake_(Ptyas_mucosa)_水律10.jpg,Common_Rat_Snake_(Ptyas_mucosa)_水律10.jpg,.jpg,Non-Venomous,Common Rat Snake,Non_Venomous_Snake,1024,683,RGB,594043,b55a6427d1d23809c38c53cc2c2569b49efecdc3aa9c1a8bd20ad36d8010e85d,893cd7e9b29199a4,f6fd7f9de7d3e0f8,True,,,,True,TRAIN,False,NOT VERIFIED,DUPLICATE_REVIEW,near-duplicate candidate matching existing TRAIN image,JPEG,1.499268,,False
Non-Venomous/Common Rat Snake/Common_Rat_Snake_(Ptyas_mucosa)_水律3.jpg,Common_Rat_Snake_(Ptyas_mucosa)_水律3.jpg,.jpg,Non-Venomous,Common Rat Snake,Non_Venomous_Snake,1024,683,RGB,456238,10d447d74ca205d91922d4da2e1c85088a7efeaa30ceb74b7f601ca520e5d3d0,fcfe0fab91102ad0,2524259e20a7e8e2,True,,,,True,TRAIN,False,NOT VERIFIED,DUPLICATE_REVIEW,near-duplicate candidate matching existing TRAIN image,JPEG,1.499268,,False
Non-Venomous/Common Rat Snake/Common_Rat_Snake_(Ptyas_mucosa)_水律4.jpg,Common_Rat_Snake_(Ptyas_mucosa)_水律4.jpg,.jpg,Non-Venomous,Common Rat Snake,Non_Venomous_Snake,1024,684,RGB,537131,3f640ac5f97b2f72a18b920b60f0f8eb26c57d0b86af8bc0f393b4c53db701be,ddf5ac73344b4441,6631d03a8a3851b5,True,,,,True,TRAIN,False,NOT VERIFIED,DUPLICATE_REVIEW,near-duplicate candidate matching existing TRAIN image,JPEG,1.497076,,False
Non-Venomous/Common Rat Snake/Common_Rat_Snake_(Ptyas_mucosa)_水律6.jpg,Common_Rat_Snake_(Ptyas_mucosa)_水律6.jpg,.jpg,Non-Venomous,Common Rat Snake,Non_Venomous_Snake,1024,683,RGB,474601,7387ab2b8e58bd31ea0c98291754bdc01d889dce3b580ec265ad4378e371920a,b1b1f1514d6c8676,9c1abc365ad81c46,True,,,,True,TRAIN,False,NOT VERIFIED,DUPLICATE_REVIEW,near-duplicate candidate matching existing TRAIN image,JPEG,1.499268,,False
Non-Venomous/Common Rat Snake/Common_Rat_Snake_(Ptyas_mucosa)_水律7.jpg,Common_Rat_Snake_(Ptyas_mucosa)_水律7.jpg,.jpg,Non-Venomous,Common Rat Snake,Non_Venomous_Snake,1024,682,RGB,492077,c691080edbca051348c790f20435e4beb0e70b6acd2df379cba2591af822e493,863a9bcce4c6e299,7f3bcde6f7e1f8cc,True,,,,True,TRAIN,False,NOT VERIFIED,DUPLICATE_REVIEW,near-duplicate candidate matching existing TRAIN image,JPEG,1.501466,,False
Non-Venomous/Common Rat Snake/Common_Rat_Snake_(Ptyas_mucosa)_水律8.jpg,Common_Rat_Snake_(Ptyas_mucosa)_水律8.jpg,.jpg,Non-Venomous,Common Rat Snake,Non_Venomous_Snake,1024,683,RGB,522891,8ab09ad0eb3a15baac99db729bc0706edf11df3398c298a0b17604ae9009621c,d3992d6e6763b120,73f0d8c8c94d4512,True,,,,True,TRAIN,False,NOT VERIFIED,DUPLICATE_REVIEW,near-duplicate candidate matching existing TRAIN image,JPEG,1.499268,,False
Non-Venomous/Common Rat Snake/Common_Rat_Snake_(Ptyas_mucosa)_水律9.jpg,Common_Rat_Snake_(Ptyas_mucosa)_水律9.jpg,.jpg,Non-Venomous,Common Rat Snake,Non_Venomous_Snake,1024,683,RGB,595935,c29ff976ceb2e60557758bda9c1ebb73575e3e18bbf3a72733faf20be5bf40e9,c9f8d43779c80635,9894a18b5a49fbd2,True,,,,True,VALIDATION,False,NOT VERIFIED,DUPLICATE_REVIEW,near-duplicate candidate matching existing VALIDATION image,JPEG,1.499268,,False
Non-Venomous/Common Rat Snake/Common_Rat_Snake_(Ptyas_mucosa)_水律_(6027287191).jpg,Common_Rat_Snake_(Ptyas_mucosa)_水律_(6027287191).jpg,.jpg,Non-Venomous,Common Rat Snake,Non_Venomous_Snake,1024,683,RGB,517380,9ff5f4ad5736af1f519c87102df89bc615d079e0e22a33f7eacb2f71ce42c478,8939d4e4ad1bd998,939bbb5b67e3e9e8,True,,,,True,TRAIN,False,NOT VERIFIED,DUPLICATE_REVIEW,near-duplicate candidate matching existing TRAIN image,JPEG,1.499268,,False
Non-Venomous/Common Rat Snake/Common_Rat_Snake_(Ptyas_mucosa)_水律_(6027830696).jpg,Common_Rat_Snake_(Ptyas_mucosa)_水律_(6027830696).jpg,.jpg,Non-Venomous,Common Rat Snake,Non_Venomous_Snake,1024,683,RGB,465870,678bdaed9f0b69464dc7fcd880b617cd7e6cf1e40e2a83ef0588df5ce1657883,aa92c4e86f321e9d,c9997949eb878384,True,,,,True,TRAIN,False,NOT VERIFIED,DUPLICATE_REVIEW,near-duplicate candidate matching existing TRAIN image,JPEG,1.499268,,False
Non-Venomous/Common Rat Snake/Common_Rat_Snake_(Ptyas_mucosa)_水律_(6027841570).jpg,Common_Rat_Snake_(Ptyas_mucosa)_水律_(6027841570).jpg,.jpg,Non-Venomous,Common Rat Snake,Non_Venomous_Snake,1024,683,RGB,453121,b026f4fc3f1594ddd4f8fca6f797be1b75cf5d04f82ba56a0ac86187d9d3f874,9adcea12dceac485,b9190b1958ddd9a3,True,,,,True,TRAIN,False,NOT VERIFIED,DUPLICATE_REVIEW,near-duplicate candidate matching existing TRAIN image,JPEG,1.499268,,False
Non-Venomous/Common Rat Snake/dhaman-rat-snake-coluber-mucosus-non-venomous-common-bhimashankar-A0BB66.jpg,dhaman-rat-snake-coluber-mucosus-non-venomous-common-bhimashankar-A0BB66.jpg,.jpg,Non-Venomous,Common Rat Snake,Non_Venomous_Snake,1300,939,RGB,229851,96363e72fe18af286692034b8bfdaec01b896a5ae3000657f083a0ef68996d5d,df0a2331686eb719,e2eb6c21115c6643,True,,,,True,TRAIN,False,NOT VERIFIED,DUPLICATE_REVIEW,near-duplicate candidate matching existing TRAIN image,JPEG,1.384452,,False
Non-Venomous/Common Rat Snake/DSC00806.JPG,DSC00806.JPG,.jpg,Non-Venomous,Common Rat Snake,Non_Venomous_Snake,500,285,RGB,49338,a6d5992a9841033204f7d59d66d6d4b6826a1d5d27b9d554b7a5edd74ed7edd9,fcf0e2c98321a61f,8110349672723332,True,,,,True,VALIDATION,False,NOT VERIFIED,DUPLICATE_REVIEW,near-duplicate candidate matching existing VALIDATION image,JPEG,1.754386,,False
Non-Venomous/Common Rat Snake/DSCF0265.JPG,DSCF0265.JPG,.jpg,Non-Venomous,Common Rat Snake,Non_Venomous_Snake,1600,1200,RGB,291215,1a56ef4f72d45b38d24815343bb5737c914aaf4a08ad24a3aa4a64840afcd82c,e96187de9a9231c6,b0c38f1333132c79,True,,,,True,TRAIN,False,NOT VERIFIED,DUPLICATE_REVIEW,near-duplicate candidate matching existing TRAIN image,JPEG,1.333333,,False
Non-Venomous/Common Rat Snake/eastern-rat-snake-large.jpg,eastern-rat-snake-large.jpg,.jpg,Non-Venomous,Common Rat Snake,Non_Venomous_Snake,600,353,RGB,225183,6ffaef03736a35c366226a66b998238854ba8266b24b6e11c8fe64e1ea4ad6cf,ebbec61cace0091d,454d4b83138984c3,True,,,,True,TRAIN,False,NOT VERIFIED,DUPLICATE_REVIEW,near-duplicate candidate matching existing TRAIN image,JPEG,1.699717,,False
Non-Venomous/Common Rat Snake/eastern-ratsnake-striped01.jpg,eastern-ratsnake-striped01.jpg,.jpg,Non-Venomous,Common Rat Snake,Non_Venomous_Snake,1024,682,RGB,532608,c4801366be603f7fb23bfc2ca912158f406ec7956e690e91db47f4618835a206,c0f85f4d740169af,92248998e553c08c,True,,,,True,TRAIN,False,NOT VERIFIED,DUPLICATE_REVIEW,near-duplicate candidate matching existing TRAIN image,JPEG,1.501466,,False
Non-Venomous/Common Rat Snake/easternratsnake2.jpg,easternratsnake2.jpg,.jpg,Non-Venomous,Common Rat Snake,Non_Venomous_Snake,4288,2848,RGB,992131,b6819710feaadd93d17b33a307bf3c899f8885eeb05c0878e5d078000728398b,a85a95ed1a659d2a,9081a20583879e1e,True,,,,True,VALIDATION,False,NOT VERIFIED,DUPLICATE_REVIEW,near-duplicate candidate matching existing VALIDATION image,JPEG,1.505618,,False
Non-Venomous/Common Rat Snake/erat4-id.jpg,erat4-id.jpg,.jpg,Non-Venomous,Common Rat Snake,Non_Venomous_Snake,773,504,RGB,308598,188f753ca5fe12f01009d5369a193c84b4e87b8d9ea011c9dec22770e4342131,cdc2a51b91ec0eda,e6e6a58a79793232,True,,,,False,,False,NOT VERIFIED,PROVENANCE_REVIEW,source provenance and training reuse rights not verified,JPEG,1.53373,,False
Non-Venomous/Common Rat Snake/free_9287297.jpg,free_9287297.jpg,.jpg,Non-Venomous,Common Rat Snake,Non_Venomous_Snake,480,339,RGB,137562,b8db8e25dcb94a5b6b89b375d6703759ff9e9c3bbc7cde339fd3fd543f9dc562,8b23b4389369d967,3c66d35979b3d66c,True,,,,True,TRAIN,False,NOT VERIFIED,DUPLICATE_REVIEW,near-duplicate candidate matching existing TRAIN image,JPEG,1.415929,,False
Non-Venomous/Common Rat Snake/Glorioso _rat2.jpg,Glorioso _rat2.jpg,.jpg,Non-Venomous,Common Rat Snake,Non_Venomous_Snake,512,384,RGB,304214,51a56e04eaca3cc4bb16e77d2ce203090323a737c592f71f0baad9351c70cc32,be61d0c543da2e2b,d01e2f394b263179,True,,,,True,TRAIN,False,NOT VERIFIED,DUPLICATE_REVIEW,near-duplicate candidate matching existing TRAIN image,JPEG,1.333333,,False
Non-Venomous/Common Rat Snake/gprs.jpg,gprs.jpg,.jpg,Non-Venomous,Common Rat Snake,Non_Venomous_Snake,415,278,RGB,25266,611b89613646fc96df8ed11be1aebcd2efe0d895f76bddd208512e670d15cc0e,c668348aad735d87,65a543516469ccce,True,,,,True,TRAIN,False,NOT VERIFIED,DUPLICATE_REVIEW,near-duplicate candidate matching existing TRAIN image,JPEG,1.492806,,False
Non-Venomous/Common Rat Snake/gray-rat-snake-blending-sugar-sand-33013422.jpg,gray-rat-snake-blending-sugar-sand-33013422.jpg,.jpg,Non-Venomous,Common Rat Snake,Non_Venomous_Snake,1300,957,RGB,262499,73c46996153de45fd26e772da0cdc29ea0f8f3f972c94a44be86d888684450fd,d06fea508f15e04f,010bcb4cc09098e5,True,,,,False,,False,NOT VERIFIED,PROVENANCE_REVIEW,source provenance and training reuse rights not verified,JPEG,1.358412,,False
Non-Venomous/Common Rat Snake/Gray_Ratsnake_25.jpg,Gray_Ratsnake_25.jpg,.jpg,Non-Venomous,Common Rat Snake,Non_Venomous_Snake,1200,1800,RGB,598094,e05ccc91fe48230dba476eaf476a7509c2e6c9766d9c4f5ce0b1b26759c15f2d,8435b5c21db56abc,feeee6fa71c19c20,True,,,,False,,False,NOT VERIFIED,PROVENANCE_REVIEW,source provenance and training reuse rights not verified,JPEG,0.666667,,False
Non-Venomous/Common Rat Snake/grayrat2.jpg,grayrat2.jpg,.jpg,Non-Venomous,Common Rat Snake,Non_Venomous_Snake,450,323,RGB,252594,49657147b91b2ce8cfd41f1da5301debf3cfe3796ba3da131031859a177b72b8,823df2cb495c4d95,9daf76f3ebe1e4cd,True,,,,False,,False,NOT VERIFIED,PROVENANCE_REVIEW,source provenance and training reuse rights not verified,JPEG,1.393189,,False
Non-Venomous/Common Rat Snake/grayratsnake461.jpg,grayratsnake461.jpg,.jpg,Non-Venomous,Common Rat Snake,Non_Venomous_Snake,461,346,RGB,312114,df8ea85026583d9d62b07cbd43a2e5d1f9484559302851a4a66f429a71097e44,9f57680e532eca38,61723c6c7c71379b,True,,,,True,TRAIN,False,NOT VERIFIED,DUPLICATE_REVIEW,near-duplicate candidate matching existing TRAIN image,JPEG,1.33237,,False
Non-Venomous/Common Rat Snake/great-plains-rat-snake-04.jpg,great-plains-rat-snake-04.jpg,.jpg,Non-Venomous,Common Rat Snake,Non_Venomous_Snake,470,303,RGB,77824,2b3ac89aa2067262fad530faee2496c01ddb44f7e303d850084b733baa0c50bd,fc7f87c1491a9c22,6b46353317b79d66,True,,,,True,TRAIN,False,NOT VERIFIED,DUPLICATE_REVIEW,near-duplicate candidate matching existing TRAIN image,JPEG,1.551155,,False
Non-Venomous/Common Rat Snake/great-plains-rat-snake-pantherophis-emoryi-21065207.jpg,great-plains-rat-snake-pantherophis-emoryi-21065207.jpg,.jpg,Non-Venomous,Common Rat Snake,Non_Venomous_Snake,1300,1019,RGB,272511,0599e6c0f1491dc75bb0cdc10e14c8a760b448316214e6039ce41a703b85f066,fb0c80799b23bad2,5b364d5d511b0ee0,True,,,,True,TRAIN,False,NOT VERIFIED,DUPLICATE_REVIEW,near-duplicate candidate matching existing TRAIN image,JPEG,1.275761,,False
Non-Venomous/Common Rat Snake/great-plains-rat-snake.jpg,great-plains-rat-snake.jpg,.jpg,Non-Venomous,Common Rat Snake,Non_Venomous_Snake,650,430,RGB,89545,4f7adb345354e75ddcdd15b6981d4767e43c831303dcce07d7269c9f42ee7f7c,bd3d938b0ee46407,b6189636771b8aac,True,,,,False,,False,NOT VERIFIED,PROVENANCE_REVIEW,source provenance and training reuse rights not verified,JPEG,1.511628,,False
Non-Venomous/Common Rat Snake/greatplainsratsnake.jpg,greatplainsratsnake.jpg,.jpg,Non-Venomous,Common Rat Snake,Non_Venomous_Snake,600,356,RGB,242282,3b4e345b40f1784a8f88a35965dada4e016b1d52c16a7483370c20d7a000b2d8,eb57f072056b9621,945555d3e22d93b2,True,,,,True,TRAIN,False,NOT VERIFIED,DUPLICATE_REVIEW,near-duplicate candidate matching existing TRAIN image,JPEG,1.685393,,False
Non-Venomous/Common Rat Snake/GulfHammockRat_female1_web.jpg,GulfHammockRat_female1_web.jpg,.jpg,Non-Venomous,Common Rat Snake,Non_Venomous_Snake,640,427,RGB,158660,a6e87e5b64f54c28a75492007cd3d0fef278f1cbd5eec94623913f57ffba9cfd,c4964f634f7c7025,e664b5b4d99d2626,True,,,,True,TRAIN,False,NOT VERIFIED,DUPLICATE_REVIEW,near-duplicate candidate matching existing TRAIN image,JPEG,1.498829,,False
Non-Venomous/Common Rat Snake/hans-indo-chinese-rat-snake-young.jpg,hans-indo-chinese-rat-snake-young.jpg,.jpg,Non-Venomous,Common Rat Snake,Non_Venomous_Snake,579,387,RGB,34921,7a67573382d3b22b38c68113479167a7ba6c6705a456ecdbcdc2355ec674de73,ff859a1af0c1a2e4,303546163219433b,True,,,,True,TRAIN,False,NOT VERIFIED,DUPLICATE_REVIEW,near-duplicate candidate matching existing TRAIN image,JPEG,1.496124,,False
Non-Venomous/Common Rat Snake/hans-indo-chinese-rat-snake.jpg,hans-indo-chinese-rat-snake.jpg,.jpg,Non-Venomous,Common Rat Snake,Non_Venomous_Snake,660,434,RGB,152486,cef8d89e1c0846bd3430c695901267b32c1d80b8a226ee41022175ea2a943841,c31eb671988e64bc,dd5c65f090c24c6c,True,,,,True,TRAIN,False,NOT VERIFIED,DUPLICATE_REVIEW,near-duplicate candidate matching existing TRAIN image,JPEG,1.520737,,False
Non-Venomous/Common Rat Snake/hans-oriental-rat-snake-head.jpg,hans-oriental-rat-snake-head.jpg,.jpg,Non-Venomous,Common Rat Snake,Non_Venomous_Snake,880,589,RGB,434529,0953d347b91137e4b6866dc531f6e3ea9a6b0a05f016c5022fcbe2314c953619,dd817070ce9c3b0f,a08a7a60610e344a,True,,,,True,TRAIN,False,NOT VERIFIED,DUPLICATE_REVIEW,near-duplicate candidate matching existing TRAIN image,JPEG,1.494058,,False
Non-Venomous/Common Rat Snake/IMG_7256-2.jpg,IMG_7256-2.jpg,.jpg,Non-Venomous,Common Rat Snake,Non_Venomous_Snake,2822,2033,RGB,626428,b7daafa3ef9c97e662adcacd00e8c109c25ecb25556f01ec2106b445853416ee,82107565c34aefdb,c29e71d1d8d76d2c,True,,,,False,,False,NOT VERIFIED,PROVENANCE_REVIEW,source provenance and training reuse rights not verified,JPEG,1.388096,,False
Non-Venomous/Common Rat Snake/indian-rat-snake-ptyas-mucosa-rolled-up-on-a-root-sri-lanka-sinharaja-EBNR90.jpg,indian-rat-snake-ptyas-mucosa-rolled-up-on-a-root-sri-lanka-sinharaja-EBNR90.jpg,.jpg,Non-Venomous,Common Rat Snake,Non_Venomous_Snake,1300,955,RGB,285168,a7cba351f8d41594247984fd69521d02575918ccac4290f6816853ae47667c8f,9a93d24a6b886db3,f9f83a7365b5f447,True,,,,False,,False,NOT VERIFIED,PROVENANCE_REVIEW,source provenance and training reuse rights not verified,JPEG,1.361257,,False
Non-Venomous/Common Rat Snake/Indian-Rat-Snake.jpg,Indian-Rat-Snake.jpg,.jpg,Non-Venomous,Common Rat Snake,Non_Venomous_Snake,220,147,RGB,6960,9fe8ab93ac5d6b9b87c4e40d219d1a17aac871fec673496ed661f4903200cb7b,e64992353b96cdc4,9c00e4cdc3e6cc8d,True,,,,True,TRAIN,False,NOT VERIFIED,DUPLICATE_REVIEW,near-duplicate candidate matching existing TRAIN image,JPEG,1.496599,,False
Non-Venomous/Common Rat Snake/indianratsnake.jpg,indianratsnake.jpg,.jpg,Non-Venomous,Common Rat Snake,Non_Venomous_Snake,621,463,RGB,104089,2d1d5855b2c7c4a677b848813f10b1750df57db7201be41baaffb51c1022ffec,ae41302ecd7ac5b3,e5edaa2366652d9e,True,,,,False,,False,NOT VERIFIED,PROVENANCE_REVIEW,source provenance and training reuse rights not verified,JPEG,1.341253,,False
Non-Venomous/Common Rat Snake/indo-chinese-rat-snake-ptyas-coluber-korros-adult-from-papum-pare-h9et4j.jpg,indo-chinese-rat-snake-ptyas-coluber-korros-adult-from-papum-pare-h9et4j.jpg,.jpg,Non-Venomous,Common Rat Snake,Non_Venomous_Snake,450,318,RGB,31808,a50c6053fe781a72b5cda03e4ff15d21d92bedef82a242f08c260a6cec8a228f,8d77e30ab525e81a,cf656b9ef8f3d216,True,,,,True,TRAIN,False,NOT VERIFIED,DUPLICATE_REVIEW,near-duplicate candidate matching existing TRAIN image,JPEG,1.415094,,False
Non-Venomous/Common Rat Snake/indo-chinese-rat-snake-ptyas-korros-gdcca8.jpg,indo-chinese-rat-snake-ptyas-korros-gdcca8.jpg,.jpg,Non-Venomous,Common Rat Snake,Non_Venomous_Snake,450,320,RGB,38738,aa1e714612eb88cc2c210dea703cc431a1859105b035e88b94065a78f935bc7d,e247c972ad01b576,c0c18cca0d8c8d1e,True,,,,True,TRAIN,False,NOT VERIFIED,DUPLICATE_REVIEW,near-duplicate candidate matching existing TRAIN image,JPEG,1.40625,,False
Non-Venomous/Common Rat Snake/indo-chinese-rat-snake-ptyas-korros-non-venomous-common-arunachal-A0BB61.jpg,indo-chinese-rat-snake-ptyas-korros-non-venomous-common-arunachal-A0BB61.jpg,.jpg,Non-Venomous,Common Rat Snake,Non_Venomous_Snake,1300,953,RGB,311944,5b82d2aabc724b4e754fbdaaa2060df8acb512ddeeae14b8256a2ba9518c3a43,ad64ce927584731d,6e03338657d9f34b,True,,,,False,,False,NOT VERIFIED,PROVENANCE_REVIEW,source provenance and training reuse rights not verified,JPEG,1.364113,,False
Non-Venomous/Common Rat Snake/indo-chinese-rat-snake_3012.jpg,indo-chinese-rat-snake_3012.jpg,.jpg,Non-Venomous,Common Rat Snake,Non_Venomous_Snake,400,300,RGB,46716,99fea9938b5b02bcacc7703d6775e22df88c9806a8bc647a65de3377e6c43768,802a7f5152de95ad,10c7f6ecca9030f0,True,,,,True,TRAIN,False,NOT VERIFIED,DUPLICATE_REVIEW,near-duplicate candidate matching existing TRAIN image,JPEG,1.333333,,False
Non-Venomous/Common Rat Snake/indochinese-rat-snake-grey.jpg,indochinese-rat-snake-grey.jpg,.jpg,Non-Venomous,Common Rat Snake,Non_Venomous_Snake,540,229,RGB,51594,5c48a014277d6a4cbe4685cc3939e75ead42194c265588429e3eec66afde249a,d50d6c86e2a63dc3,767252cac89c8d0d,True,,,,True,TRAIN,False,NOT VERIFIED,DUPLICATE_REVIEW,near-duplicate candidate matching existing TRAIN image,JPEG,2.358079,,False
Non-Venomous/Common Rat Snake/indochinese-rat-snake-grey2.jpg,indochinese-rat-snake-grey2.jpg,.jpg,Non-Venomous,Common Rat Snake,Non_Venomous_Snake,540,144,RGB,30747,65ea161878b6ca7a47dc16cbbfe5ad2b19e382a17caaf3f8a8b60e837229d961,d7633c8e63925a31,4d44d8c8c03c3c34,True,,,,True,TRAIN,False,NOT VERIFIED,DUPLICATE_REVIEW,near-duplicate candidate matching existing TRAIN image,JPEG,3.75,,False
Non-Venomous/Common Rat Snake/indochinese-rat-snake-nick-baker-malaysia.jpg,indochinese-rat-snake-nick-baker-malaysia.jpg,.jpg,Non-Venomous,Common Rat Snake,Non_Venomous_Snake,600,400,RGB,169130,2bd40e65d622e12a2371b5a0283b00904ca7677dff9deca4c7f740b376b64bae,b9232e6e7a5b1216,1bc6d899162460e0,True,,,,False,,False,NOT VERIFIED,PROVENANCE_REVIEW,source provenance and training reuse rights not verified,JPEG,1.5,,False
Non-Venomous/Common Rat Snake/indochinese-rat-snake3-brown.jpg,indochinese-rat-snake3-brown.jpg,.jpg,Non-Venomous,Common Rat Snake,Non_Venomous_Snake,355,238,RGB,29955,0ed44e738fc84792f3c6479a407f66aee05446986ac810a16aef5d06fc431ca6,962ae1336ada16b3,6bbc3821441c3ce4,True,,,,True,TRAIN,False,NOT VERIFIED,DUPLICATE_REVIEW,near-duplicate candidate matching existing TRAIN image,JPEG,1.491597,,False
Non-Venomous/Common Rat Snake/kevin-messenger-hong-kong-ptyas-mucosus.jpg,kevin-messenger-hong-kong-ptyas-mucosus.jpg,.jpg,Non-Venomous,Common Rat Snake,Non_Venomous_Snake,800,533,RGB,678674,29b26c0bac06964e4054de02f861a6286dba6127a5cfe9d6d473ee813aaaa0da,931d9a43fd82c4cb,d8396c7e5ac8c928,True,,,,True,TRAIN,False,NOT VERIFIED,DUPLICATE_REVIEW,near-duplicate candidate matching existing TRAIN image,JPEG,1.500938,,False
Non-Venomous/Common Rat Snake/King-ratsnake.jpg,King-ratsnake.jpg,.jpg,Non-Venomous,Common Rat Snake,Non_Venomous_Snake,650,421,RGB,94477,a579db131cc2908196bd5163bd55b108d53b2b89d3387d1f6116979cf10f3a71,adca804a4f97723b,c5b31b6673075a6a,True,,,,False,,False,NOT VERIFIED,PROVENANCE_REVIEW,source provenance and training reuse rights not verified,JPEG,1.543943,,False
Non-Venomous/Common Rat Snake/maryland-black-rat-snake-2.jpg,maryland-black-rat-snake-2.jpg,.jpg,Non-Venomous,Common Rat Snake,Non_Venomous_Snake,1936,1936,RGB,1149089,f3f194c5e63fee217d6cd6837283ab85d4ad5362684f81e3354415b743f4eeae,f522168ae5f2ca35,cdce8c0682419c96,True,,,,False,,False,NOT VERIFIED,PROVENANCE_REVIEW,source provenance and training reuse rights not verified,JPEG,1.0,,False
Non-Venomous/Common Rat Snake/maxresdefault.jpg,maxresdefault.jpg,.jpg,Non-Venomous,Common Rat Snake,Non_Venomous_Snake,1280,720,RGB,214484,4a3b19eb9bea861162a8634cf0d01ddad51ce7a1363fff31e22924bc4f46d082,fff880823a1d1f26,5c86431225f7c64d,True,,,,True,VALIDATION,False,NOT VERIFIED,DUPLICATE_REVIEW,near-duplicate candidate matching existing VALIDATION image,JPEG,1.777778,,False
Non-Venomous/Common Rat Snake/maxresdefault_001.jpg,maxresdefault_001.jpg,.jpg,Non-Venomous,Common Rat Snake,Non_Venomous_Snake,1280,720,RGB,89075,2c361b9c108e8481546cbbeb1eafb3063dad92cd6a422bad9213e611912534aa,ac0d87c2e0717d9b,cf6e3717e1bb9fef,True,,,,True,TRAIN,False,NOT VERIFIED,DUPLICATE_REVIEW,near-duplicate candidate matching existing TRAIN image,JPEG,1.777778,,False
Non-Venomous/Common Rat Snake/Pantherophis alleghaniensis b WOM WMA 3 April 2010 Pittsylvania Co 537.jpg,Pantherophis alleghaniensis b WOM WMA 3 April 2010 Pittsylvania Co 537.jpg,.jpg,Non-Venomous,Common Rat Snake,Non_Venomous_Snake,1024,680,RGB,583256,945b70f996d09a91e501355755b8733cb1d568914d72405a1c86bee34015716d,fa87c3702d2c94d3,52485c2619959159,True,,,,True,TRAIN,False,NOT VERIFIED,DUPLICATE_REVIEW,near-duplicate candidate matching existing TRAIN image,JPEG,1.505882,,False
Non-Venomous/Common Rat Snake/ptyas-carinatus-keeled-rat-snake9.jpg,ptyas-carinatus-keeled-rat-snake9.jpg,.jpg,Non-Venomous,Common Rat Snake,Non_Venomous_Snake,550,284,RGB,74932,d859bc1ebd549d1c0ded0b2324d1e659c7bf682b6320f492cf4b395ca7454036,edcf8a207239381f,296262044eb62aad,True,,,,True,TRAIN,False,NOT VERIFIED,DUPLICATE_REVIEW,near-duplicate candidate matching existing TRAIN image,JPEG,1.93662,,False
Non-Venomous/Common Rat Snake/Ptyas-korros-Krabi.jpg,Ptyas-korros-Krabi.jpg,.jpg,Non-Venomous,Common Rat Snake,Non_Venomous_Snake,1200,425,RGB,197514,38fb87426306e74fcd26d8eb295ff57b7eca750006cdbe0153bc63a4a41d7fbe,f01ce75b1bb42474,2407b69591cd8585,True,,,,True,TRAIN,False,NOT VERIFIED,DUPLICATE_REVIEW,near-duplicate candidate matching existing TRAIN image,JPEG,2.823529,,False
Non-Venomous/Common Rat Snake/ptyas.jpg,ptyas.jpg,.jpg,Non-Venomous,Common Rat Snake,Non_Venomous_Snake,500,356,RGB,73585,57fddf6bdf26c9c51fb8b1544d78b98cf38ddfcd55e1b4c37344e272b5978a75,eb539c9c4a63b131,70785e4301172763,True,,,,True,TRAIN,False,NOT VERIFIED,DUPLICATE_REVIEW,near-duplicate candidate matching existing TRAIN image,JPEG,1.404494,,False
Non-Venomous/Common Rat Snake/Ptyas_mucosus_03.JPG,Ptyas_mucosus_03.JPG,.jpg,Non-Venomous,Common Rat Snake,Non_Venomous_Snake,640,480,RGB,143556,c25d3bda814dbdf1ce6ff9d0094279f99bfe153d7d4fe9710402cd65102361dd,b6e69b34e60cf803,6f5cd966cc1b76c9,True,,,,True,TRAIN,False,NOT VERIFIED,DUPLICATE_REVIEW,near-duplicate candidate matching existing TRAIN image,JPEG,1.333333,,False
Non-Venomous/Common Rat Snake/Ptyas_mucosus_04.JPG,Ptyas_mucosus_04.JPG,.jpg,Non-Venomous,Common Rat Snake,Non_Venomous_Snake,640,480,RGB,146118,ecf3a889d2ee9b330e662175c9999d84447c8ce4c96ca4825a0d60105531fae8,c1f54992234fac57,c69a36ccccb060c3,True,,,,False,,False,NOT VERIFIED,PROVENANCE_REVIEW,source provenance and training reuse rights not verified,JPEG,1.333333,,False
Non-Venomous/Common Rat Snake/Ptyas_mucosus_05.JPG,Ptyas_mucosus_05.JPG,.jpg,Non-Venomous,Common Rat Snake,Non_Venomous_Snake,640,480,RGB,183476,3bc0f54cc72bd8cbcee194c3f184a05b0190cd64915fd6c7d38ace5f7f606149,a4b59b7a658d4893,e4bcf6c68fa37ac0,True,,,,True,TRAIN,False,NOT VERIFIED,DUPLICATE_REVIEW,near-duplicate candidate matching existing TRAIN image,JPEG,1.333333,,False
Non-Venomous/Common Rat Snake/Pytas-mucosus-Bob-Burgess-permissioned.jpg,Pytas-mucosus-Bob-Burgess-permissioned.jpg,.jpg,Non-Venomous,Common Rat Snake,Non_Venomous_Snake,1000,380,RGB,243732,004c97521830249a71e7a2b73e4037f450c4cd05fa90a530d664a3fc2635aff6,ba95c846cb65163b,91bd3e4b492d2333,True,,,,True,VALIDATION,False,NOT VERIFIED,DUPLICATE_REVIEW,near-duplicate candidate matching existing VALIDATION image,JPEG,2.631579,,False
Non-Venomous/Common Rat Snake/rat_8jul07_1a.jpg,rat_8jul07_1a.jpg,.jpg,Non-Venomous,Common Rat Snake,Non_Venomous_Snake,800,536,RGB,182015,8be816ef70e8d7adb329ef1e2a7a6c4a78898ca3ac735c217b2a95758fff3e62,f864978b4e4c629e,6b9aadb739193879,True,,,,True,TRAIN,False,NOT VERIFIED,DUPLICATE_REVIEW,near-duplicate candidate matching existing TRAIN image,JPEG,1.492537,,False
Non-Venomous/Common Rat Snake/Rat_snake.jpg,Rat_snake.jpg,.jpg,Non-Venomous,Common Rat Snake,Non_Venomous_Snake,320,213,RGB,38201,516c88583433b98411cc18c3a4584802e979175c80e3aa0355d564173179eb7a,c28f8d3b1825753d,eb61c48da9898382,True,,,,True,TRAIN,False,NOT VERIFIED,DUPLICATE_REVIEW,near-duplicate candidate matching existing TRAIN image,JPEG,1.502347,,False
Non-Venomous/Common Rat Snake/rat_snake_800_Richmond_fs_fs.jpg,rat_snake_800_Richmond_fs_fs.jpg,.jpg,Non-Venomous,Common Rat Snake,Non_Venomous_Snake,500,335,RGB,95662,30f09b61fcfa1f3cf6cda8a6bca18cc97eaac53e9aec12f1447dee320c96e30d,824a0cbcdf85d8d7,76c3cdcc2cb7de65,True,,,,True,TRAIN,False,NOT VERIFIED,DUPLICATE_REVIEW,near-duplicate candidate matching existing TRAIN image,JPEG,1.492537,,False
Non-Venomous/Common Rat Snake/ratsnake-basking-on-forest_med_hr.jpeg,ratsnake-basking-on-forest_med_hr.jpeg,.jpeg,Non-Venomous,Common Rat Snake,Non_Venomous_Snake,400,266,RGB,39126,ac22b334e6431772b8677cd7150348b2d659472b56f81e9569ec9bf3c8d9d31b,e22cd2f2e91e164e,a5872733934ccc93,True,,,,True,TRAIN,False,NOT VERIFIED,DUPLICATE_REVIEW,near-duplicate candidate matching existing TRAIN image,JPEG,1.503759,,False
Non-Venomous/Common Rat Snake/ratsnake.jpg,ratsnake.jpg,.jpg,Non-Venomous,Common Rat Snake,Non_Venomous_Snake,450,600,RGB,74676,4df4dd3bff05f92345b2eb68e55e41aad0a0dcefaeaed63dca57f32f13b5753d,95347ac7b59ac035,9494b0f8cec0f128,True,,,,True,VALIDATION,False,NOT VERIFIED,DUPLICATE_REVIEW,near-duplicate candidate matching existing VALIDATION image,JPEG,0.75,,False
Non-Venomous/Common Rat Snake/ratsnake3.jpg,ratsnake3.jpg,.jpg,Non-Venomous,Common Rat Snake,Non_Venomous_Snake,480,320,RGB,71559,d604e53216da1fcf68388a0a99fda64347b6176c45b2ca82b81fd878ed79f154,84e1464dd3c10fbf,e28f77da5df5a475,True,,,,True,TRAIN,False,NOT VERIFIED,DUPLICATE_REVIEW,near-duplicate candidate matching existing TRAIN image,JPEG,1.5,,False
Non-Venomous/Common Rat Snake/ratsnake4734.jpg,ratsnake4734.jpg,.jpg,Non-Venomous,Common Rat Snake,Non_Venomous_Snake,450,338,RGB,39874,43a503a9487ca01c38b9fbccfbbb6df13b9e20b6b2b7075f66c9b5c6d6faa26a,ed0b50742f96b28d,bed2c763338d5083,True,,,,True,TRAIN,False,NOT VERIFIED,DUPLICATE_REVIEW,near-duplicate candidate matching existing TRAIN image,JPEG,1.331361,,False
Non-Venomous/Common Rat Snake/snake-rat-snake.jpg,snake-rat-snake.jpg,.jpg,Non-Venomous,Common Rat Snake,Non_Venomous_Snake,400,300,RGB,39965,927d5142cf9ef6809edca9f0a481a4ebb7c6cd5370b89d6756c60dfa365e2048,a385460fdd90b6dc,c6ce8e9b334fc9cd,True,,,,True,TRAIN,False,NOT VERIFIED,DUPLICATE_REVIEW,near-duplicate candidate matching existing TRAIN image,JPEG,1.333333,,False
Non-Venomous/Common Rat Snake/snake-removal-athens-ga.jpg,snake-removal-athens-ga.jpg,.jpg,Non-Venomous,Common Rat Snake,Non_Venomous_Snake,600,450,RGB,239577,2359d14acccfa68656d1561bc185ed50047f5745d7f5f835886a83fda038eff3,e91abae4c2b03e3c,955333d336471633,True,,,,True,TRAIN,False,NOT VERIFIED,DUPLICATE_REVIEW,near-duplicate candidate matching existing TRAIN image,JPEG,1.333333,,False
Non-Venomous/Common Rat Snake/Snake.jpg,Snake.jpg,.jpg,Non-Venomous,Common Rat Snake,Non_Venomous_Snake,640,397,RGB,156639,ef89a54b914371244354ef3a645d720428c518905d7d91f72edf18d56a8f63c0,909dd64f23d1596c,c828b09c27938cad,True,,,,True,TRAIN,False,NOT VERIFIED,DUPLICATE_REVIEW,near-duplicate candidate matching existing TRAIN image,JPEG,1.612091,,False
Non-Venomous/Common Rat Snake/snake020.jpg,snake020.jpg,.jpg,Non-Venomous,Common Rat Snake,Non_Venomous_Snake,1000,750,RGB,204558,de32314023024a1a9b42692d0d0c247404a3733f28a29a7a2d1429199bae658a,a3379c68e1c6964b,d21b4acec3cfe3d9,True,,,,True,VALIDATION,False,NOT VERIFIED,DUPLICATE_REVIEW,near-duplicate candidate matching existing VALIDATION image,JPEG,1.333333,,False
Non-Venomous/Common Rat Snake/snake6-25-13b.jpg,snake6-25-13b.jpg,.jpg,Non-Venomous,Common Rat Snake,Non_Venomous_Snake,275,217,RGB,50990,fa42141152fe8643539fecd15d98312874b315a803a4cd19989d5e1134bf2b64,8f35c0673c93de48,56c9782e6645c9b9,True,,,,True,TRAIN,False,NOT VERIFIED,DUPLICATE_REVIEW,near-duplicate candidate matching existing TRAIN image,JPEG,1.267281,,False
Non-Venomous/Common Rat Snake/snake_black_rat.jpg,snake_black_rat.jpg,.jpg,Non-Venomous,Common Rat Snake,Non_Venomous_Snake,432,324,RGB,192491,e0af9d78e94e5f6f802f25199a49dde84a4b44112793369659abd7c8c642dbcc,ea7ac1871795ba81,4b830b1d4d278378,True,,,,True,TRAIN,False,NOT VERIFIED,DUPLICATE_REVIEW,near-duplicate candidate matching existing TRAIN image,JPEG,1.333333,,False
Non-Venomous/Common Rat Snake/top-ptyas-mucosa-indian-rat-snake-bottom-naja-naja-common-indian-cobra-AT1H2X.jpg,top-ptyas-mucosa-indian-rat-snake-bottom-naja-naja-common-indian-cobra-AT1H2X.jpg,.jpg,Non-Venomous,Common Rat Snake,Non_Venomous_Snake,1300,961,RGB,129207,513d1b225b82bacadf637ea0c8a26250a9c6a639e5eb4f66095102268933e5f6,93587e26c39a7c23,14c130f8cf0f6e4e,True,,,,True,TRAIN,False,NOT VERIFIED,DUPLICATE_REVIEW,near-duplicate candidate matching existing TRAIN image,JPEG,1.352758,,False
Non-Venomous/Common Rat Snake/unnamed.png,unnamed.png,.png,Non-Venomous,Common Rat Snake,Non_Venomous_Snake,512,339,RGB,284132,25ea03918f09a5d8dbeb16e2e8bf78162509356a20e53f5b118a10ed7279bb3a,954b84613b5ad9b5,d0ce50391e98a4ec,True,,,,True,TRAIN,False,NOT VERIFIED,DUPLICATE_REVIEW,near-duplicate candidate matching existing TRAIN image,PNG,1.510324,,False
Non-Venomous/Common Rat Snake/western-rat-snake-texas-ratsnake-black-rat-snake-pilot-black-snake-ebnm1g.jpg,western-rat-snake-texas-ratsnake-black-rat-snake-pilot-black-snake-ebnm1g.jpg,.jpg,Non-Venomous,Common Rat Snake,Non_Venomous_Snake,450,320,RGB,71246,0b483d7cef7269366cf79a012bfd73ae58b71965bb6eb212cc4f9b200883b331,8174a74bfa47e10b,8ebed69439c2ccd7,True,,,,True,TRAIN,False,NOT VERIFIED,DUPLICATE_REVIEW,near-duplicate candidate matching existing TRAIN image,JPEG,1.40625,,False
Non-Venomous/Common Rat Snake/white-bellied-rat-snake_0115.jpg,white-bellied-rat-snake_0115.jpg,.jpg,Non-Venomous,Common Rat Snake,Non_Venomous_Snake,400,300,RGB,52315,872c2b0e792428a5557a3c955d4182b5e3ade9dab0748f1f541d4647ffc7a68b,e838c11fe2ca527d,bb12968d3b3b23c9,True,,,,True,TRAIN,False,NOT VERIFIED,DUPLICATE_REVIEW,near-duplicate candidate matching existing TRAIN image,JPEG,1.333333,,False
Non-Venomous/Common Sand Boa/03000026807_01_f.jpg,03000026807_01_f.jpg,.jpg,Non-Venomous,Common Sand Boa,Non_Venomous_Snake,1024,768,RGB,241874,e428301c7b4cf809a975dbe16dda2284ed9c80bd363951fe61156603e36ff875,d1973c72d2c70ad8,fcfa62d894528298,True,,,,True,TRAIN,False,NOT VERIFIED,DUPLICATE_REVIEW,near-duplicate candidate matching existing TRAIN image,JPEG,1.333333,,False
Non-Venomous/Common Sand Boa/0604.jpeg,0604.jpeg,.jpeg,Non-Venomous,Common Sand Boa,Non_Venomous_Snake,1024,768,RGB,480346,f5d56a1d6e4c2200911aeaf6f04f367e14d1d459b54bb2739ff3a027d731e112,e04911fb4c4fc774,50b1d6e7a7470ab6,True,,,,False,,False,NOT VERIFIED,PROVENANCE_REVIEW,source provenance and training reuse rights not verified,JPEG,1.333333,,False
Non-Venomous/Common Sand Boa/0844.jpeg,0844.jpeg,.jpeg,Non-Venomous,Common Sand Boa,Non_Venomous_Snake,432,288,RGB,99485,f5f95e5295c19b20049ce39602152bf2d2cdaecda2c53ee07711c4597c826c87,ee308539d28f3996,3d26372725136a64,True,,,,True,TRAIN,False,NOT VERIFIED,DUPLICATE_REVIEW,near-duplicate candidate matching existing TRAIN image,JPEG,1.5,,False
Non-Venomous/Common Sand Boa/1157751.jpg,1157751.jpg,.jpg,Non-Venomous,Common Sand Boa,Non_Venomous_Snake,502,337,RGB,311955,d067c6dd450116f183f0d0900cd2df3f67e2281cbca0f3df04813b1f9f687c45,af0de03093cfcd2c,92bf63793f171eac,True,,,,True,TEST,False,NOT VERIFIED,LEAKAGE_RISK,near-duplicate candidate matching existing TEST image (HIGH_CONFIDENCE_NEAR_DUPLICATE),JPEG,1.489614,,False
Non-Venomous/Common Sand Boa/1200px-Eryx_jaculus.jpg,1200px-Eryx_jaculus.jpg,.jpg,Non-Venomous,Common Sand Boa,Non_Venomous_Snake,1200,788,RGB,262114,aa81c22760a6ccde6258b4c6bcd2c4be48a0db28c90f0e70c2f3ce68dc7419cd,fdd88252a43d2dd8,2690322680096cef,True,,,,True,TEST,False,NOT VERIFIED,LEAKAGE_RISK,near-duplicate candidate matching existing TEST image (HIGH_CONFIDENCE_NEAR_DUPLICATE),JPEG,1.522843,,False
Non-Venomous/Common Sand Boa/20141005_190516.jpg,20141005_190516.jpg,.jpg,Non-Venomous,Common Sand Boa,Non_Venomous_Snake,3264,2448,RGB,1889546,e2a22fce15584abd501492bf3e0b0696048c240a823b6bb763a686fec34e17e9,c7700fb55e037895,c0c983d8f4c8e860,True,,,,True,TRAIN,False,NOT VERIFIED,DUPLICATE_REVIEW,near-duplicate candidate matching existing TRAIN image,JPEG,1.333333,,False
Non-Venomous/Common Sand Boa/300px-Boa.jpg,300px-Boa.jpg,.jpg,Non-Venomous,Common Sand Boa,Non_Venomous_Snake,300,187,RGB,40257,547b58bd79989676c21c29b07137546cf737a67a851f4526c5f60e0876d5eeda,cc78b1039689deb6,d98921a26563f3e8,True,,,,True,TEST,False,NOT VERIFIED,LEAKAGE_RISK,near-duplicate candidate matching existing TEST image (HIGH_CONFIDENCE_NEAR_DUPLICATE),JPEG,1.604278,,False
Non-Venomous/Common Sand Boa/3121447067_f9ce8f7a98_b.jpg,3121447067_f9ce8f7a98_b.jpg,.jpg,Non-Venomous,Common Sand Boa,Non_Venomous_Snake,1024,768,RGB,262693,a3c6bfdd3c1dee1847e41c68b91fc0cc8f6c20ef207621e55eabd6474d81f7be,afc4e41b84b7dc60,c696375fdb5b4b46,True,,,,True,TRAIN,False,NOT VERIFIED,DUPLICATE_REVIEW,near-duplicate candidate matching existing TRAIN image,JPEG,1.333333,,False
Non-Venomous/Common Sand Boa/450-27504292-common-sand-boa-snake.jpg,450-27504292-common-sand-boa-snake.jpg,.jpg,Non-Venomous,Common Sand Boa,Non_Venomous_Snake,450,308,RGB,36349,441bcb0193e6a2ebefdd13965ff9adb255dabb481ca5e68e9191e7f2f9ecb7f1,ba94494e9c73cd32,ac39183c2d234913,True,,,,True,TEST,False,NOT VERIFIED,LEAKAGE_RISK,near-duplicate candidate matching existing TEST image (HIGH_CONFIDENCE_NEAR_DUPLICATE),JPEG,1.461039,,False
Non-Venomous/Common Sand Boa/50300131.jpg,50300131.jpg,.jpg,Non-Venomous,Common Sand Boa,Non_Venomous_Snake,500,333,RGB,68044,bb0f28e724e8df1f7835cdd55af0a5968adfc5ba4cac66e3fe9aaececce687e2,ad9ec0652e6d3698,46103e0b0f0e0321,True,,,,True,TRAIN,False,NOT VERIFIED,DUPLICATE_REVIEW,near-duplicate candidate matching existing TRAIN image,JPEG,1.501502,,False
Non-Venomous/Common Sand Boa/71cca88c06df3d66ba9bbc5c79ec7bc7.jpg,71cca88c06df3d66ba9bbc5c79ec7bc7.jpg,.jpg,Non-Venomous,Common Sand Boa,Non_Venomous_Snake,800,800,RGB,261733,65514d028850aa9d6a5e05344b27bca965f56599d61d554ccc5b3504bda2e844,b2cbc0b72f4b3099,e0e0190f5f2cea9c,True,,,,True,VALIDATION,False,NOT VERIFIED,DUPLICATE_REVIEW,near-duplicate candidate matching existing VALIDATION image,JPEG,1.0,,False
Non-Venomous/Common Sand Boa/87.jpg,87.jpg,.jpg,Non-Venomous,Common Sand Boa,Non_Venomous_Snake,828,540,RGB,160290,4e983cadad74d51c7574a2968a2f0e2fcdd8fb2c611641d691f34091d046d0ec,9e1f6958a6619665,d472285c6438b3c4,True,,,,False,,False,NOT VERIFIED,PROVENANCE_REVIEW,source provenance and training reuse rights not verified,JPEG,1.533333,,False
Non-Venomous/Common Sand Boa/a57b14f8130c77339a33b5f7c40a0952--beautiful-snakes-sands.jpg,a57b14f8130c77339a33b5f7c40a0952--beautiful-snakes-sands.jpg,.jpg,Non-Venomous,Common Sand Boa,Non_Venomous_Snake,640,479,RGB,134435,ac4ea14d1591ce9a1f7d32b678b1867b4311489e9ac6560dfb0c3e8f7c79d01f,bbc0f09bc06f2e34,c11c0d63fa79781c,True,,,,True,VALIDATION,False,NOT VERIFIED,DUPLICATE_REVIEW,near-duplicate candidate matching existing VALIDATION image,JPEG,1.336117,,False
Non-Venomous/Common Sand Boa/Arabian-sand-boa-hatching.jpg,Arabian-sand-boa-hatching.jpg,.jpg,Non-Venomous,Common Sand Boa,Non_Venomous_Snake,650,493,RGB,122295,427e2e92ed81b869ef77235f179d2ac9a1d242741adf35058dd18aff263d1f0f,9778e0853ea5d0f2,8b19dc786ce8e460,True,,,,True,VALIDATION,False,NOT VERIFIED,DUPLICATE_REVIEW,near-duplicate candidate matching existing VALIDATION image,JPEG,1.318458,,False
Non-Venomous/Common Sand Boa/Arabian-sand-boa-head-detail.jpg,Arabian-sand-boa-head-detail.jpg,.jpg,Non-Venomous,Common Sand Boa,Non_Venomous_Snake,650,435,RGB,64885,43d3e358b70436e823212fd44b4bd60ab19ab6aeeb2037a6722ae2cb50fac631,f036f37198e1e618,1b0e6ce6b88f1a1d,True,,,,True,TRAIN,False,NOT VERIFIED,DUPLICATE_REVIEW,near-duplicate candidate matching existing TRAIN image,JPEG,1.494253,,False
Non-Venomous/Common Sand Boa/Arabian-sand-boa-on-top-of-sand.jpg,Arabian-sand-boa-on-top-of-sand.jpg,.jpg,Non-Venomous,Common Sand Boa,Non_Venomous_Snake,650,435,RGB,83100,5946dbaba9c663f1674d58b944c066340b8c51cd67e63a7019e1e749deb68d28,c375bcdac1650f12,8c304ec6c8631a2d,True,,,,True,TRAIN,False,NOT VERIFIED,DUPLICATE_REVIEW,near-duplicate candidate matching existing TRAIN image,JPEG,1.494253,,False
Non-Venomous/Common Sand Boa/arabian-sand-boa-pattern.jpg,arabian-sand-boa-pattern.jpg,.jpg,Non-Venomous,Common Sand Boa,Non_Venomous_Snake,650,495,RGB,159111,29244bf0cba22c640a6462a6ebfb2c0f0ae111bb76fd2d483571c1028c4fc8bd,aeef90f7c07c8058,946627272b6e14b3,True,,,,True,VALIDATION,False,NOT VERIFIED,DUPLICATE_REVIEW,near-duplicate candidate matching existing VALIDATION image,JPEG,1.313131,,False
Non-Venomous/Common Sand Boa/Arabian-sand-boa.jpg,Arabian-sand-boa.jpg,.jpg,Non-Venomous,Common Sand Boa,Non_Venomous_Snake,650,435,RGB,102014,3876c7d913d2f7ecf24250938fdc54383ced4c12636aee4bc546cf7e2725cf0d,e0701df9f2874c8e,989cf5cd9593cc70,True,,,,True,TRAIN,False,NOT VERIFIED,DUPLICATE_REVIEW,near-duplicate candidate matching existing TRAIN image,JPEG,1.494253,,False
Non-Venomous/Common Sand Boa/common-sand-boa-gongylophis-conicus-non-venomous-common-BXKTGW.jpg,common-sand-boa-gongylophis-conicus-non-venomous-common-BXKTGW.jpg,.jpg,Non-Venomous,Common Sand Boa,Non_Venomous_Snake,1300,956,RGB,207750,89acb06238744a835e2ebd084d2a2f5774c4c0fc63e3bda347cfda39d493e7df,d1346f19ed83970c,e0a4dcc8b0d8f843,True,,,,True,TRAIN,False,NOT VERIFIED,DUPLICATE_REVIEW,near-duplicate candidate matching existing TRAIN image,JPEG,1.359833,,False
Non-Venomous/Common Sand Boa/common-sand-boa-gongylophis-conicus-non-venomous-common-C68YX7.jpg,common-sand-boa-gongylophis-conicus-non-venomous-common-C68YX7.jpg,.jpg,Non-Venomous,Common Sand Boa,Non_Venomous_Snake,1300,956,RGB,262461,6d2d60a7150180e0efc0a876f91782110be0cd17405eab5cb5407e72ad161fa2,9796601d6f10f396,f0e86c686078f04b,True,,,,True,TRAIN,False,NOT VERIFIED,DUPLICATE_REVIEW,near-duplicate candidate matching existing TRAIN image,JPEG,1.359833,,False
Non-Venomous/Common Sand Boa/common-sand-boa-gongylophis-conicus-non-venomous-common-c68yx7_001.jpg,common-sand-boa-gongylophis-conicus-non-venomous-common-c68yx7_001.jpg,.jpg,Non-Venomous,Common Sand Boa,Non_Venomous_Snake,450,320,RGB,53361,9e656b82e2e387f49bfe39a653e86bc809cb6da552035f34c5f5c057dce9c521,9717e04de558b316,f0f8ecf86070b0d4,True,,,,True,TRAIN,False,NOT VERIFIED,DUPLICATE_REVIEW,near-duplicate candidate matching existing TRAIN image,JPEG,1.40625,,False
Non-Venomous/Common Sand Boa/common-sand-boa-gongylophis-conicus-non-venomous-common-c68yy3.jpg,common-sand-boa-gongylophis-conicus-non-venomous-common-c68yy3.jpg,.jpg,Non-Venomous,Common Sand Boa,Non_Venomous_Snake,640,446,RGB,103660,7c40cbf63b70e01a35c17d152c184b658fb83a46f21b91db764cfc0040c2e5a3,cf35d052834bb34d,d8b65247696d71da,True,,,,True,TRAIN,False,NOT VERIFIED,DUPLICATE_REVIEW,near-duplicate candidate matching existing TRAIN image,JPEG,1.434978,,False
Non-Venomous/Common Sand Boa/common-sand-boa-gongylophis-conicus-non-venomous-common-C68YY3_001.jpg,common-sand-boa-gongylophis-conicus-non-venomous-common-C68YY3_001.jpg,.jpg,Non-Venomous,Common Sand Boa,Non_Venomous_Snake,1300,956,RGB,219375,e3d53c52143cc5aae37196fb1feb77fd8fc2129f441d7fe2250005e7da18f62c,ceb551d263893399,d8365247696d734a,True,,,,True,TRAIN,False,NOT VERIFIED,DUPLICATE_REVIEW,near-duplicate candidate matching existing TRAIN image,JPEG,1.359833,,False
Non-Venomous/Common Sand Boa/common-sand-boa-gongylophis-conicus-non-venomous-common-CC0C30.jpg,common-sand-boa-gongylophis-conicus-non-venomous-common-CC0C30.jpg,.jpg,Non-Venomous,Common Sand Boa,Non_Venomous_Snake,1300,960,RGB,363893,425557082dd83f2454b8b6c35ac801d68cbd10df19be16e207ad610bc2c9db77,c4887b8727b35ad8,a3b2b5aad4a81849,True,,,,True,TRAIN,False,NOT VERIFIED,DUPLICATE_REVIEW,near-duplicate candidate matching existing TRAIN image,JPEG,1.354167,,False
Non-Venomous/Common Sand Boa/common-sand-boa-gongylophis-conicus-non-venomous-common-marol-andheri-b8em6g.jpg,common-sand-boa-gongylophis-conicus-non-venomous-common-marol-andheri-b8em6g.jpg,.jpg,Non-Venomous,Common Sand Boa,Non_Venomous_Snake,300,470,RGB,77714,a2206f0f813e44373365ea4ad84b0b931b3b8e160984443f25087800f5ec1357,9a4ead63fe1ac114,4937b8ada9dbb9b7,True,,,,True,TRAIN,False,NOT VERIFIED,DUPLICATE_REVIEW,near-duplicate candidate matching existing TRAIN image,JPEG,0.638298,,False
Non-Venomous/Common Sand Boa/common-sand-boa-gongylophis-conicus-non-venomous-common-marol-andheri-B8EM8G.jpg,common-sand-boa-gongylophis-conicus-non-venomous-common-marol-andheri-B8EM8G.jpg,.jpg,Non-Venomous,Common Sand Boa,Non_Venomous_Snake,1300,956,RGB,320510,8de6580d295087f649d5036d246f7d2b052bf86428b6109eb1f817e6a2df1c38,bb8d50904f937ab1,da925b6a76399849,True,,,,True,TRAIN,False,NOT VERIFIED,DUPLICATE_REVIEW,near-duplicate candidate matching existing TRAIN image,JPEG,1.359833,,False
Non-Venomous/Common Sand Boa/common-sand-boa-gongylophis-conicus-non-venomous-kept-in-basket-for-AT2BGJ.jpg,common-sand-boa-gongylophis-conicus-non-venomous-kept-in-basket-for-AT2BGJ.jpg,.jpg,Non-Venomous,Common Sand Boa,Non_Venomous_Snake,1300,935,RGB,235809,ca4f285a3f39498f5758707097bb2248d1332d3af48f1d7edb9b3a2fa58f90a8,c1c17e8ae8c069fe,f1c4d0d0f1e0e469,True,,,,True,TRAIN,False,NOT VERIFIED,DUPLICATE_REVIEW,near-duplicate candidate matching existing TRAIN image,JPEG,1.390374,,False
Non-Venomous/Common Sand Boa/common-sand-boa-mumbai-india-F7NF7T.jpg,common-sand-boa-mumbai-india-F7NF7T.jpg,.jpg,Non-Venomous,Common Sand Boa,Non_Venomous_Snake,1300,956,RGB,153824,65d81dd9532f043c3a9409ce95d35e7645603248bec000da398d5f7079e17897,e2e694875a9c69c9,2d4e9715518f7e4b,True,,,,True,VALIDATION,False,NOT VERIFIED,DUPLICATE_REVIEW,near-duplicate candidate matching existing VALIDATION image,JPEG,1.359833,,False
Non-Venomous/Common Sand Boa/common_sand_boa_by_sippyphotography-d68ltcg.jpg,common_sand_boa_by_sippyphotography-d68ltcg.jpg,.jpg,Non-Venomous,Common Sand Boa,Non_Venomous_Snake,1024,683,RGB,129771,bbb7597fb4ca4e7992421ce247800e1a8e7cc78ce71cbe6eac7dc9aee43905d9,e5e61633615a8d35,4c67668796d23c92,True,,,,True,VALIDATION,False,NOT VERIFIED,DUPLICATE_REVIEW,near-duplicate candidate matching existing VALIDATION image,JPEG,1.499268,,False
Non-Venomous/Common Sand Boa/DSC_0002r_(2).jpg,DSC_0002r_(2).jpg,.jpg,Non-Venomous,Common Sand Boa,Non_Venomous_Snake,602,400,RGB,79226,38453eb4019743ac61e25096beee1c7a39eb5e393e92426f0beed63f8e8c04d0,8e5869c776783383,b0f1b9a46961637e,True,,,,True,TRAIN,False,NOT VERIFIED,DUPLICATE_REVIEW,near-duplicate candidate matching existing TRAIN image,JPEG,1.505,,False
Non-Venomous/Common Sand Boa/DSC_0023r.jpg,DSC_0023r.jpg,.jpg,Non-Venomous,Common Sand Boa,Non_Venomous_Snake,602,400,RGB,86418,2f0dfa49e233ea9dce696395900de2a296c2f18bae2d98eaa7204310164fd87d,e6529babb449c4b2,190d44a4ae67532c,True,,,,True,TRAIN,False,NOT VERIFIED,DUPLICATE_REVIEW,near-duplicate candidate matching existing TRAIN image,JPEG,1.505,,False
Non-Venomous/Common Sand Boa/econf.jpg,econf.jpg,.jpg,Non-Venomous,Common Sand Boa,Non_Venomous_Snake,449,240,RGB,27324,cc305a6d504f9a3665cd093c5500618ad71027028fe5bdc65d9fe4aeac9b1195,e0469d3956d962dc,ccece5cd059792d2,True,,,,True,TRAIN,False,NOT VERIFIED,DUPLICATE_REVIEW,near-duplicate candidate matching existing TRAIN image,JPEG,1.870833,,False
Non-Venomous/Common Sand Boa/econmfj.jpg,econmfj.jpg,.jpg,Non-Venomous,Common Sand Boa,Non_Venomous_Snake,372,288,RGB,28662,b1b6048e124e7f60c5000bdc2a993f0cea1a43dfcc31360e0c55cbe883fbad59,9425570b5e2f9a66,f496a2aaa632e030,True,,,,True,TRAIN,False,NOT VERIFIED,DUPLICATE_REVIEW,near-duplicate candidate matching existing TRAIN image,JPEG,1.291667,,False
Non-Venomous/Common Sand Boa/ejpersic.jpg,ejpersic.jpg,.jpg,Non-Venomous,Common Sand Boa,Non_Venomous_Snake,400,330,RGB,56241,0f127f34f4c205db7cf633398c6df9f114e746adeff8c7de3000b99894560f75,a0c3c4ece1e6e6e2,c293cdd91b35e7c6,True,,,,True,TRAIN,False,NOT VERIFIED,DUPLICATE_REVIEW,near-duplicate candidate matching existing TRAIN image,JPEG,1.212121,,False
Non-Venomous/Common Sand Boa/emm_m1.jpg,emm_m1.jpg,.jpg,Non-Venomous,Common Sand Boa,Non_Venomous_Snake,570,288,RGB,47871,2e91a0437ddfabc0c7d4c4a1f5da702440e479abdfcd0a5c12164f410ffb38ae,ac8c9f43e135c2ec,6876b68ecbcd7432,True,,,,True,TRAIN,False,NOT VERIFIED,DUPLICATE_REVIEW,near-duplicate candidate matching existing TRAIN image,JPEG,1.979167,,False
Non-Venomous/Common Sand Boa/Eryx conicus.jpg,Eryx conicus.jpg,.jpg,Non-Venomous,Common Sand Boa,Non_Venomous_Snake,320,240,RGB,36492,3cc60afbad389c5319bd658edf993f1bb28b810a74e5378750415dda32033751,bf64c05bc9c039c7,07042e1b0b1e2c19,True,,,,True,VALIDATION,False,NOT VERIFIED,DUPLICATE_REVIEW,near-duplicate candidate matching existing VALIDATION image,JPEG,1.333333,,False
Non-Venomous/Common Sand Boa/eryx_jayakari.jpg,eryx_jayakari.jpg,.jpg,Non-Venomous,Common Sand Boa,Non_Venomous_Snake,700,500,RGB,150761,ffb548b3249243b38b684b9fe05ae0d407021b4fdd15db300447c19e59b4327f,d045833ad5d17e99,9082e090aa2bb890,True,,,,True,TRAIN,False,NOT VERIFIED,DUPLICATE_REVIEW,near-duplicate candidate matching existing TRAIN image,JPEG,1.4,,False
Non-Venomous/Common Sand Boa/Eryx_jayakari_by_Omid_Mozaffari.jpg,Eryx_jayakari_by_Omid_Mozaffari.jpg,.jpg,Non-Venomous,Common Sand Boa,Non_Venomous_Snake,700,446,RGB,98116,f45d0b533ea119b1902097ae9fb14920ab671bc2afb733127c67820f0c7cf883,fc6c8631711b31c7,97352232061664c2,True,,,,True,TRAIN,False,NOT VERIFIED,DUPLICATE_REVIEW,near-duplicate candidate matching existing TRAIN image,JPEG,1.569507,,False
Non-Venomous/Common Sand Boa/etatarf.jpg,etatarf.jpg,.jpg,Non-Venomous,Common Sand Boa,Non_Venomous_Snake,459,288,RGB,54183,cb9f505776b582f13d4383665121ff323cd65903f967dc64a22cb0a43b767016,a3e0be47b0e6c4b1,66ab8b8bdbe9493e,True,,,,True,TRAIN,False,NOT VERIFIED,DUPLICATE_REVIEW,near-duplicate candidate matching existing TRAIN image,JPEG,1.59375,,False
Non-Venomous/Common Sand Boa/etatarm.jpg,etatarm.jpg,.jpg,Non-Venomous,Common Sand Boa,Non_Venomous_Snake,447,288,RGB,35156,8f5014414c972314ca14b6a7a54cb0f091a81002f6a80e14d5ecbd1a03cd29d9,c254cd0bb5d893f2,c5e5a4945549e3e6,True,,,,True,TRAIN,False,NOT VERIFIED,DUPLICATE_REVIEW,near-duplicate candidate matching existing TRAIN image,JPEG,1.552083,,False
Non-Venomous/Common Sand Boa/gongylophis_conicusl.jpg,gongylophis_conicusl.jpg,.jpg,Non-Venomous,Common Sand Boa,Non_Venomous_Snake,600,400,RGB,63684,dfe774bb4a08e2e4e66af22de21195d1896b27c329876cb8ba49179337d92f05,94cbbc9f53a0538a,783ee5cefc3a369c,True,,,,True,TRAIN,False,NOT VERIFIED,DUPLICATE_REVIEW,near-duplicate candidate matching existing TRAIN image,JPEG,1.5,,False
Non-Venomous/Common Sand Boa/hqdefault.jpg,hqdefault.jpg,.jpg,Non-Venomous,Common Sand Boa,Non_Venomous_Snake,480,360,RGB,14290,af274a5881decd805689161d8e74e2eeba7c1870dc3ede7dab96ca2c9f15ee0a,d82625f96b8b1ab2,0226fc63119098ae,True,,,,False,,False,NOT VERIFIED,PROVENANCE_REVIEW,source provenance and training reuse rights not verified,JPEG,1.333333,,False
Non-Venomous/Common Sand Boa/ika-60455-reptiles-snake-eating-mouse-common-sand-boa-eryx-conicus-bfnr2f.jpg,ika-60455-reptiles-snake-eating-mouse-common-sand-boa-eryx-conicus-bfnr2f.jpg,.jpg,Non-Venomous,Common Sand Boa,Non_Venomous_Snake,640,446,RGB,146143,840e4fb7da5f011a17281e159d85da5e7acb2db9acff6cde22311b31551663c5,9b16b52dcc46f419,5cd97969735bda9a,True,,,,True,TRAIN,False,NOT VERIFIED,DUPLICATE_REVIEW,near-duplicate candidate matching existing TRAIN image,JPEG,1.434978,,False
Non-Venomous/Common Sand Boa/img2.jpg,img2.jpg,.jpg,Non-Venomous,Common Sand Boa,Non_Venomous_Snake,601,417,RGB,59836,8cb22d8ee00b30efc64c98d61f704bcf499a1388c7cc9d45d2502aeb191b5ae4,8d0d2a2b337b535c,fbe3b48abad834ac,True,,,,False,,False,NOT VERIFIED,PROVENANCE_REVIEW,source provenance and training reuse rights not verified,JPEG,1.441247,,False
Non-Venomous/Common Sand Boa/IMG_0860 copy.jpg,IMG_0860 copy.jpg,.jpg,Non-Venomous,Common Sand Boa,Non_Venomous_Snake,1000,740,RGB,381418,e7ae96eff59a6fa87edf46f9ece6169c6fa45854f88bf6137bb4cfa65bc595a0,a513c06d19e71edc,caaf0d5e5622a6b6,True,,,,True,TRAIN,False,NOT VERIFIED,DUPLICATE_REVIEW,near-duplicate candidate matching existing TRAIN image,JPEG,1.351351,,False
Non-Venomous/Common Sand Boa/img_4608.jpg,img_4608.jpg,.jpg,Non-Venomous,Common Sand Boa,Non_Venomous_Snake,1200,1600,RGB,346864,be52022f17aa52d1f45b9de3bdd13b7b12a3ebd2826946be590201f3bb5ed1bf,c2e1753aa3729a9c,898080cbf979f070,True,,,,True,TRAIN,False,NOT VERIFIED,DUPLICATE_REVIEW,near-duplicate candidate matching existing TRAIN image,JPEG,0.75,,False
Non-Venomous/Common Sand Boa/Javelin-sand-boa-dorsal-view.jpg,Javelin-sand-boa-dorsal-view.jpg,.jpg,Non-Venomous,Common Sand Boa,Non_Venomous_Snake,650,433,RGB,140604,3e300f6a6246b1789fa49eca6a98c066886ed01c2282becda72ea2d7662bae61,ea98b1d29c4db265,9dab93326529e356,True,,,,True,TRAIN,False,NOT VERIFIED,DUPLICATE_REVIEW,near-duplicate candidate matching existing TRAIN image,JPEG,1.501155,,False
Non-Venomous/Common Sand Boa/javelin-sand-boa.jpg,javelin-sand-boa.jpg,.jpg,Non-Venomous,Common Sand Boa,Non_Venomous_Snake,650,411,RGB,139261,b4fc03f1c5c567e2de854ec71f09edeba5c5cb89fe5a929369004081cc24e6a7,f5a82872b055ba73,8fe3525ecc085a16,True,,,,True,TRAIN,False,NOT VERIFIED,DUPLICATE_REVIEW,near-duplicate candidate matching existing TRAIN image,JPEG,1.581509,,False
Non-Venomous/Common Sand Boa/kenyan-sand-boa-burrowing.jpg,kenyan-sand-boa-burrowing.jpg,.jpg,Non-Venomous,Common Sand Boa,Non_Venomous_Snake,650,449,RGB,118576,bdec4b1b961806f3ff1b069ad9777547c02cee7212606d93df939844022f5aae,fa4ec7b1cd90309a,42039d131b9e9dc9,True,,,,True,TRAIN,False,NOT VERIFIED,DUPLICATE_REVIEW,near-duplicate candidate matching existing TRAIN image,JPEG,1.447661,,False
Non-Venomous/Common Sand Boa/kenyan-sand-boa-subspecies-loveridgei.jpg,kenyan-sand-boa-subspecies-loveridgei.jpg,.jpg,Non-Venomous,Common Sand Boa,Non_Venomous_Snake,650,433,RGB,101583,cb05000e54dcb6f08c5176535e7c088bb4004802693f6efa19ec734aee33639f,ec00927f7ce9a325,94b8a39706494024,True,,,,False,,False,NOT VERIFIED,PROVENANCE_REVIEW,source provenance and training reuse rights not verified,JPEG,1.501155,,False
Non-Venomous/Common Sand Boa/kenyan-sand-boa-subspecies-loveridgei_001.jpg,kenyan-sand-boa-subspecies-loveridgei_001.jpg,.jpg,Non-Venomous,Common Sand Boa,Non_Venomous_Snake,650,433,RGB,103619,d01e260182affa0380beeea0c4783315190185aa3a89cc1b373be145a70d0bd5,eac0c16e9e5859d3,e0c69b256d2b0a0a,True,,,,True,TRAIN,False,NOT VERIFIED,DUPLICATE_REVIEW,near-duplicate candidate matching existing TRAIN image,JPEG,1.501155,,False
Non-Venomous/Common Sand Boa/kenyan-sand-boa.jpg,kenyan-sand-boa.jpg,.jpg,Non-Venomous,Common Sand Boa,Non_Venomous_Snake,518,288,RGB,31754,bad799123b1b78fc3c18164f0c0e57e10a899123ddd2199fbe33398360c8502c,aab5f17a8c6d8360,0f0ece63ad69138f,True,,,,True,TRAIN,False,NOT VERIFIED,DUPLICATE_REVIEW,near-duplicate candidate matching existing TRAIN image,JPEG,1.798611,,False
Non-Venomous/Common Sand Boa/kenyan.jpg,kenyan.jpg,.jpg,Non-Venomous,Common Sand Boa,Non_Venomous_Snake,412,288,RGB,32141,c1fecc4396e358e2c82515bc63dd387bb900ba4d6fda15f1aa0921bf5d4ca350,b71ac671cc0fcd44,e80c6439969a2a46,True,,,,True,TRAIN,False,NOT VERIFIED,DUPLICATE_REVIEW,near-duplicate candidate matching existing TRAIN image,JPEG,1.430556,,False
Non-Venomous/Common Sand Boa/Photo-0187.jpg,Photo-0187.jpg,.jpg,Non-Venomous,Common Sand Boa,Non_Venomous_Snake,636,338,RGB,44606,b1ba93435ae40e41c9fdddc1bbb5b27a2d4c03d13920cad67539bda3b3f662d3,88ed86d833e36e1c,52b367cb30a1913f,True,,,,True,TRAIN,False,NOT VERIFIED,DUPLICATE_REVIEW,near-duplicate candidate matching existing TRAIN image,JPEG,1.881657,,False
Non-Venomous/Common Sand Boa/Red sand Boa.png,Red sand Boa.png,.png,Non-Venomous,Common Sand Boa,Non_Venomous_Snake,1094,882,RGB,2757687,685b48695c899fb647ff9a96491b0fca428070dc376384076ddcc633bc8f68ee,ae02d2bd5503ec7c,d4a9a56a76276b1b,True,,,,False,,False,NOT VERIFIED,PROVENANCE_REVIEW,source provenance and training reuse rights not verified,PNG,1.240363,,False
Non-Venomous/Common Sand Boa/red-sand-boa-eryx-johnii-non-venomous-common-c690b1.jpg,red-sand-boa-eryx-johnii-non-venomous-common-c690b1.jpg,.jpg,Non-Venomous,Common Sand Boa,Non_Venomous_Snake,450,320,RGB,53114,c8078c360a51517204c947452635f5f45076479525250a01b4ee56c163aaca2a,af859470b84fe349,b4564363154de2dc,True,,,,True,TRAIN,False,NOT VERIFIED,DUPLICATE_REVIEW,near-duplicate candidate matching existing TRAIN image,JPEG,1.40625,,False
Non-Venomous/Common Sand Boa/red-sand-boa-eryx-johnii-non-venomous-common-C690BE.jpg,red-sand-boa-eryx-johnii-non-venomous-common-C690BE.jpg,.jpg,Non-Venomous,Common Sand Boa,Non_Venomous_Snake,1300,956,RGB,305298,184cf1922f924fb9877c5994a182442e83e370d1b947521c62a35a47ef6c67c1,becc9083479b37c8,d8b43464455c1843,True,,,,True,VALIDATION,False,NOT VERIFIED,DUPLICATE_REVIEW,near-duplicate candidate matching existing VALIDATION image,JPEG,1.359833,,False
Non-Venomous/Common Sand Boa/red-sand-boa-eryx-johnii-non-venomous-common-c6915g.jpg,red-sand-boa-eryx-johnii-non-venomous-common-c6915g.jpg,.jpg,Non-Venomous,Common Sand Boa,Non_Venomous_Snake,450,320,RGB,58579,f52376432afb6a7a441aa5ed3964520817cfee4fd2a52752c8c85e4b8e834240,aa71851d970ee85e,de9a914515936365,True,,,,True,VALIDATION,False,NOT VERIFIED,DUPLICATE_REVIEW,near-duplicate candidate matching existing VALIDATION image,JPEG,1.40625,,False
Non-Venomous/Common Sand Boa/red-sand-boa-eryx-johnii-non-venomous-common-saswad-maharashtra-india-G2A95R.jpg,red-sand-boa-eryx-johnii-non-venomous-common-saswad-maharashtra-india-G2A95R.jpg,.jpg,Non-Venomous,Common Sand Boa,Non_Venomous_Snake,1300,1064,RGB,320197,2c809efdd5b8e0054ed424198eb8c8d00ab7eb9bdddf1fed840b71486b938d53,810f5fc07dd961b4,526cc353a6cdbe46,True,,,,False,,False,NOT VERIFIED,PROVENANCE_REVIEW,source provenance and training reuse rights not verified,JPEG,1.221805,,False
Non-Venomous/Common Sand Boa/red-sand-boa.jpg,red-sand-boa.jpg,.jpg,Non-Venomous,Common Sand Boa,Non_Venomous_Snake,556,417,RGB,53321,f2996837e13dac79444370d0dad3bbf60e15e8883f2f81f1d0ea0e529c1fecf2,e2d1c53c94d30f2e,8e03db8527178b46,True,,,,True,TRAIN,False,NOT VERIFIED,DUPLICATE_REVIEW,near-duplicate candidate matching existing TRAIN image,JPEG,1.333333,,False
Non-Venomous/Common Sand Boa/Red_Sand_Boa_Eryx_johnii_by_Ashahar_alias_Krishna_Khan.jpg,Red_Sand_Boa_Eryx_johnii_by_Ashahar_alias_Krishna_Khan.jpg,.jpg,Non-Venomous,Common Sand Boa,Non_Venomous_Snake,1200,900,RGB,382829,0ca7cae6d50c9a08af02c0575b9bc1de4e70c945279fe97ad3d3bd7310782eae,af1dd09cce689661,375e4e6f662e9b4d,True,,,,True,TRAIN,False,NOT VERIFIED,DUPLICATE_REVIEW,near-duplicate candidate matching existing TRAIN image,JPEG,1.333333,,False
Non-Venomous/Common Sand Boa/rsf7-01.jpg,rsf7-01.jpg,.jpg,Non-Venomous,Common Sand Boa,Non_Venomous_Snake,1600,1200,RGB,374098,0325dd563b96880c17d5d731c1d3060454f3b8f69dddb021467309a9a70726e3,ee62818de597b81c,870b1d4f27237144,True,,,,True,TRAIN,False,NOT VERIFIED,DUPLICATE_REVIEW,near-duplicate candidate matching existing TRAIN image,JPEG,1.333333,,False
Non-Venomous/Common Sand Boa/Russells_Boa.jpg,Russells_Boa.jpg,.jpg,Non-Venomous,Common Sand Boa,Non_Venomous_Snake,568,426,RGB,98759,55399395348e7c68ffc4489da0024ab6d77e60484dccb84abf8259d23172c14c,ace4e6639d86b843,462735765b9de576,True,,,,True,TRAIN,False,NOT VERIFIED,DUPLICATE_REVIEW,near-duplicate candidate matching existing TRAIN image,JPEG,1.333333,,False
Non-Venomous/Common Sand Boa/Sand_Boa.jpg,Sand_Boa.jpg,.jpg,Non-Venomous,Common Sand Boa,Non_Venomous_Snake,300,249,RGB,18189,036692d4f0cfb47dff9952261564fe3348fd6a6966d841fc3d5987b99a2505a7,ef3991cc9688c4b6,515f2f6f6d67434d,True,,,,True,TRAIN,False,NOT VERIFIED,DUPLICATE_REVIEW,near-duplicate candidate matching existing TRAIN image,JPEG,1.204819,,False
Non-Venomous/Common Sand Boa/sandboa1.jpg,sandboa1.jpg,.jpg,Non-Venomous,Common Sand Boa,Non_Venomous_Snake,855,642,RGB,297816,8b34005195882ab083f1c316714ebba1728c76d26660dedee7c0a990e419dd0a,a48e105157779fc6,dcb76527c99a8ecc,True,,,,True,TRAIN,False,NOT VERIFIED,DUPLICATE_REVIEW,near-duplicate candidate matching existing TRAIN image,JPEG,1.331776,,False
Non-Venomous/Common Sand Boa/sandboa2.jpg,sandboa2.jpg,.jpg,Non-Venomous,Common Sand Boa,Non_Venomous_Snake,855,642,RGB,141158,451cf84145a769dbb6111e3a7ab6226032efdc893f605bd74843ef54263d6056,ee8cc10f36c8336d,260707141f07030c,True,,,,True,TRAIN,False,NOT VERIFIED,DUPLICATE_REVIEW,near-duplicate candidate matching existing TRAIN image,JPEG,1.331776,,False
Non-Venomous/Common Sand Boa/snake-common-sand-boa-eryx-conicus-ET0CMG.jpg,snake-common-sand-boa-eryx-conicus-ET0CMG.jpg,.jpg,Non-Venomous,Common Sand Boa,Non_Venomous_Snake,1300,956,RGB,324488,6b7f1edebd23ab524f3f138ac8daf1ee0e4535b410118d9baab3643df9ac764d,eb8936b06fc0099f,4d67f3e35b9bac4c,True,,,,False,,False,NOT VERIFIED,PROVENANCE_REVIEW,source provenance and training reuse rights not verified,JPEG,1.359833,,False
Non-Venomous/Common Sand Boa/unnamed.png,unnamed.png,.png,Non-Venomous,Common Sand Boa,Non_Venomous_Snake,512,257,RGB,283329,0a4ee8856677481a914eccc1450bd571b1da4ddf490e6f69924b913114a5b105,d0837e1e30d232bf,b9e09a94d2b5e4b8,True,,,,True,TRAIN,False,NOT VERIFIED,DUPLICATE_REVIEW,near-duplicate candidate matching existing TRAIN image,PNG,1.992218,,False
Non-Venomous/Common Sand Boa/whitakers-sandboa-eryx-whitakeri-non-venomous-common-a-medium-sized-AX2GTX.jpg,whitakers-sandboa-eryx-whitakeri-non-venomous-common-a-medium-sized-AX2GTX.jpg,.jpg,Non-Venomous,Common Sand Boa,Non_Venomous_Snake,1300,960,RGB,309674,e7cf0ca04d3be0ad8268d83f590fe41e070e88f38dac932298fa95adbd72ebc0,b97c54924acf64cc,341f372bbbd87a0b,True,,,,True,VALIDATION,False,NOT VERIFIED,DUPLICATE_REVIEW,near-duplicate candidate matching existing VALIDATION image,JPEG,1.354167,,False
Non-Venomous/Common Trinket/0431.jpeg,0431.jpeg,.jpeg,Non-Venomous,Common Trinket,Non_Venomous_Snake,179,128,RGB,27333,052df5a2cf6dd25e3e561b68ba22c5d7d277e92a26d065cb258daea136648431,ea3cd8d142d4c6ce,3d2b2f54459a7061,True,,,,True,TRAIN,False,NOT VERIFIED,DUPLICATE_REVIEW,near-duplicate candidate matching existing TRAIN image,JPEG,1.398438,,False
Non-Venomous/Common Trinket/0582.jpeg,0582.jpeg,.jpeg,Non-Venomous,Common Trinket,Non_Venomous_Snake,1000,708,RGB,676991,8cce3b007df6752f146c099b95e00cd2c5a7424f98ba79bdcf42ba1d357ed6e4,942a2fce6be470d4,6b6a9ce2f0b8f6fe,True,,,,False,,False,NOT VERIFIED,PROVENANCE_REVIEW,source provenance and training reuse rights not verified,JPEG,1.412429,,False
Non-Venomous/Common Trinket/0821.jpeg,0821.jpeg,.jpeg,Non-Venomous,Common Trinket,Non_Venomous_Snake,192,128,RGB,75401,f427383d7dbacfe093a1cdb0294b8bd64f464ac2864ad428dd78756e597c792d,8f4136709acf2c67,d852c269dcb64c38,True,,,,False,,False,NOT VERIFIED,PROVENANCE_REVIEW,source provenance and training reuse rights not verified,JPEG,1.5,,False
Non-Venomous/Common Trinket/1200px-Elaphe_quadrivirgata.JPG,1200px-Elaphe_quadrivirgata.JPG,.jpg,Non-Venomous,Common Trinket,Non_Venomous_Snake,1200,1200,RGB,468289,4d5d492cd49cb9f8702f80c029750ee676bbc1acd66276224fcb1f66916c5d31,da9635ba241f2c47,2eb8608481317196,True,,,,True,TRAIN,False,NOT VERIFIED,DUPLICATE_REVIEW,near-duplicate candidate matching existing TRAIN image,JPEG,1.0,,False
Non-Venomous/Common Trinket/14388445958.JPG,14388445958.JPG,.jpg,Non-Venomous,Common Trinket,Non_Venomous_Snake,600,337,RGB,34243,627dcaa8d95052c761af0df4ac32b8ae8a3f63f6d5ed7f6ad92b01034917549b,e5059ac6ce999969,e0c496aa86849080,True,,,,False,,False,NOT VERIFIED,PROVENANCE_REVIEW,source provenance and training reuse rights not verified,JPEG,1.780415,,False
Non-Venomous/Common Trinket/1438844596IMG_0396.JPG,1438844596IMG_0396.JPG,.jpg,Non-Venomous,Common Trinket,Non_Venomous_Snake,600,337,RGB,83338,558320779fab9a52e75f45a3ac784fad79b690ce273e32e0935db9eefad81999,8ce3b19c33cf9462,77d3e549a93463ba,True,,,,False,,False,NOT VERIFIED,PROVENANCE_REVIEW,source provenance and training reuse rights not verified,JPEG,1.780415,,False
Non-Venomous/Common Trinket/1438844598IMG_0412.JPG,1438844598IMG_0412.JPG,.jpg,Non-Venomous,Common Trinket,Non_Venomous_Snake,600,337,RGB,34148,c185f0e706d987c6777007d715d2cd5cf225ba066b68d14e2540245d3e759cc0,d2a5cb5679d1416a,c8e7c79a0c8ca9db,True,,,,True,TRAIN,False,NOT VERIFIED,DUPLICATE_REVIEW,near-duplicate candidate matching existing TRAIN image,JPEG,1.780415,,False
Non-Venomous/Common Trinket/15021341824_55f46f452d_m.jpg,15021341824_55f46f452d_m.jpg,.jpg,Non-Venomous,Common Trinket,Non_Venomous_Snake,240,145,RGB,15487,6137e39a0e0c78ea815da9ec60e55aa43b571bb00008bddc6ce014d5f27030b0,bcc10cf8a3b27cf0,2bf3bcc91136b976,True,,,,True,TRAIN,False,NOT VERIFIED,DUPLICATE_REVIEW,near-duplicate candidate matching existing TRAIN image,JPEG,1.655172,,False
Non-Venomous/Common Trinket/15053871203_517c7e024f_b.jpg,15053871203_517c7e024f_b.jpg,.jpg,Non-Venomous,Common Trinket,Non_Venomous_Snake,1024,627,RGB,221337,2b3e2386c10fd0356eda9658a1321e813362fd024d6ca96e6c1ccd438a32f4c2,c462711b97b5c8bc,9cb3a4cc69b0b6d6,True,,,,True,VALIDATION,False,NOT VERIFIED,DUPLICATE_REVIEW,near-duplicate candidate matching existing VALIDATION image,JPEG,1.633174,,False
Non-Venomous/Common Trinket/15649513156_3ac7281119_b.jpg,15649513156_3ac7281119_b.jpg,.jpg,Non-Venomous,Common Trinket,Non_Venomous_Snake,1024,581,RGB,236296,3f369c4e37c3c44d7d6dfae351caa67f3d62a6ba7fcc94cf1f0a691edbf03688,8945225af89f3dc6,89cd6232d45b6b9b,True,,,,True,TRAIN,False,NOT VERIFIED,DUPLICATE_REVIEW,near-duplicate candidate matching existing TRAIN image,JPEG,1.762478,,False
Non-Venomous/Common Trinket/15673251455_665b455109_b.jpg,15673251455_665b455109_b.jpg,.jpg,Non-Venomous,Common Trinket,Non_Venomous_Snake,1024,660,RGB,430827,afff11a54e65acd243be957d2231f357d72e7634b3b6b6f219f005e5cae6185a,c44b381a27e5da2f,c491a0c669b9b486,True,,,,True,TRAIN,False,NOT VERIFIED,DUPLICATE_REVIEW,near-duplicate candidate matching existing TRAIN image,JPEG,1.551515,,False
Non-Venomous/Common Trinket/1922.jpeg,1922.jpeg,.jpeg,Non-Venomous,Common Trinket,Non_Venomous_Snake,640,480,RGB,217634,19dee7497f04542a890b81441a5befc2cec2d84cc574af635f79db1ccac05e1f,da3265c43e9953b1,00229939b9f1f27e,True,,,,True,TRAIN,False,NOT VERIFIED,DUPLICATE_REVIEW,near-duplicate candidate matching existing TRAIN image,JPEG,1.333333,,False
Non-Venomous/Common Trinket/2037.jpeg,2037.jpeg,.jpeg,Non-Venomous,Common Trinket,Non_Venomous_Snake,768,512,RGB,240599,b5ba7f4a3965920efa7de8c9b2784b113d41deb3fde0995c6e97c1d80d20605b,bd50c53218ccd73b,bebcc4b6194df37a,True,,,,True,TRAIN,False,NOT VERIFIED,DUPLICATE_REVIEW,near-duplicate candidate matching existing TRAIN image,JPEG,1.5,,False
Non-Venomous/Common Trinket/23687915030_1d79eb768b.jpg,23687915030_1d79eb768b.jpg,.jpg,Non-Venomous,Common Trinket,Non_Venomous_Snake,500,321,RGB,117215,0ba083b6c0941817ae03ae33c42bfbfc9e51582aafb22bfa7a3aab6569e86dc2,9ec8e194e5cb92d8,a6a3296b24ac69df,True,,,,True,TEST,False,NOT VERIFIED,LEAKAGE_RISK,near-duplicate candidate matching existing TEST image (HIGH_CONFIDENCE_NEAR_DUPLICATE),JPEG,1.557632,,False
Non-Venomous/Common Trinket/4.jpg,4.jpg,.jpg,Non-Venomous,Common Trinket,Non_Venomous_Snake,450,336,RGB,82410,c8bef16f2dbe04720aae2baea4f6629c70f478ac09e9d4203cfa4e61b7208b3c,c64be5fc39a8c483,6249ecb1e9246cca,True,,,,True,TRAIN,False,NOT VERIFIED,DUPLICATE_REVIEW,near-duplicate candidate matching existing TRAIN image,JPEG,1.339286,,False
Non-Venomous/Common Trinket/6123216202_563c31e3eb.jpg,6123216202_563c31e3eb.jpg,.jpg,Non-Venomous,Common Trinket,Non_Venomous_Snake,500,347,RGB,120287,905d52d404ea320e279fe7bf30be1a010a7bde3408f7350fa0fca2b0ed50c743,c03b51c57e4e6ab8,8a92ba6da682b69c,True,,,,False,,False,NOT VERIFIED,PROVENANCE_REVIEW,source provenance and training reuse rights not verified,JPEG,1.440922,,False
Non-Venomous/Common Trinket/7207338458_12efc7a0c8_b.jpg,7207338458_12efc7a0c8_b.jpg,.jpg,Non-Venomous,Common Trinket,Non_Venomous_Snake,1024,699,RGB,249958,cbd5d636eaf02cdb658641c13be92db5b735903d3f07ff7ef0492462b24da996,eab4e54b94a5991a,45455d5551534349,True,,,,False,,False,NOT VERIFIED,PROVENANCE_REVIEW,source provenance and training reuse rights not verified,JPEG,1.46495,,False
Non-Venomous/Common Trinket/7413599378_03c9197f81.jpg,7413599378_03c9197f81.jpg,.jpg,Non-Venomous,Common Trinket,Non_Venomous_Snake,500,333,RGB,196596,986d8b1cbbcdff69afef59a4724866dd03a8f2e0ee472ea6c654d7d31f994387,8d10212f365d77d5,7efbd4b5776bf3b7,True,,,,True,TRAIN,False,NOT VERIFIED,DUPLICATE_REVIEW,near-duplicate candidate matching existing TRAIN image,JPEG,1.501502,,False
Non-Venomous/Common Trinket/7528802344_7b2d630b51.jpg,7528802344_7b2d630b51.jpg,.jpg,Non-Venomous,Common Trinket,Non_Venomous_Snake,500,333,RGB,128086,18c7e88e8fcfae3546597fcf3c5091a1756801a1010490b1fd437b076e1a733e,f39b1c2cc3626f60,3bb849d9ca560c6c,True,,,,False,,False,NOT VERIFIED,PROVENANCE_REVIEW,source provenance and training reuse rights not verified,JPEG,1.501502,,False
Non-Venomous/Common Trinket/7667965192_6ebcdd85d8_b.jpg,7667965192_6ebcdd85d8_b.jpg,.jpg,Non-Venomous,Common Trinket,Non_Venomous_Snake,1024,768,RGB,359168,4ae3727aa8f64af9efa70cd2cca0dcd6424bfdea228398d2f85d374a8839b329,edf5d16a14448e0f,441367962745a3f0,True,,,,True,TEST,False,NOT VERIFIED,LEAKAGE_RISK,near-duplicate candidate matching existing TEST image (HIGH_CONFIDENCE_NEAR_DUPLICATE),JPEG,1.333333,,False
Non-Venomous/Common Trinket/85a4f893f43a26c9257f2e4ab5e42eff.jpg,85a4f893f43a26c9257f2e4ab5e42eff.jpg,.jpg,Non-Venomous,Common Trinket,Non_Venomous_Snake,800,600,RGB,897497,2aa3b80ee36319eaedb679a2f3de7c19595f926575c59e99627611dd39280cc2,da0764d2de63d660,88923c78b8fc9b34,True,,,,True,TRAIN,False,NOT VERIFIED,DUPLICATE_REVIEW,near-duplicate candidate matching existing TRAIN image,JPEG,1.333333,,False
Non-Venomous/Common Trinket/Close_Up_of_A_Common_Trinket.JPG,Close_Up_of_A_Common_Trinket.JPG,.jpg,Non-Venomous,Common Trinket,Non_Venomous_Snake,1200,800,RGB,53047,04282cf7abc7a975a27cf6de68db2f4ce315db6f02eb686a95ae8503ac96b679,d5029d85c766e3b1,e0388ec180001030,True,,,,True,VALIDATION,False,NOT VERIFIED,DUPLICATE_REVIEW,near-duplicate candidate matching existing VALIDATION image,JPEG,1.5,,False
Non-Venomous/Common Trinket/Coelognathus-helena-03000033350_01.jpg,Coelognathus-helena-03000033350_01.jpg,.jpg,Non-Venomous,Common Trinket,Non_Venomous_Snake,560,342,RGB,44974,c1b5be5ce8fe19dab80d7a5effbf18ee21a50e60f822aa070f1f15b28e52f313,e1941c4e65f1672e,e0ac8e8ecb8b8986,True,,,,True,TEST,False,NOT VERIFIED,LEAKAGE_RISK,near-duplicate candidate matching existing TEST image (HIGH_CONFIDENCE_NEAR_DUPLICATE),JPEG,1.637427,,False
Non-Venomous/Common Trinket/common-indian-trinket-coelognathus-helena-ncbs-bangalore-india-f7n7nc.jpg,common-indian-trinket-coelognathus-helena-ncbs-bangalore-india-f7n7nc.jpg,.jpg,Non-Venomous,Common Trinket,Non_Venomous_Snake,450,320,RGB,40442,d125302ed490e3f7a3cd169a6e1288d6fd871d4a600ecf3e7bc081fb86715d8c,b740ed7ec235a00f,6854f898690c3ec7,True,,,,True,VALIDATION,False,NOT VERIFIED,DUPLICATE_REVIEW,near-duplicate candidate matching existing VALIDATION image,JPEG,1.40625,,False
Non-Venomous/Common Trinket/common-indian-trinket-coelognathus-helena-ncbs-bangalore-india-f7n7nw.jpg,common-indian-trinket-coelognathus-helena-ncbs-bangalore-india-f7n7nw.jpg,.jpg,Non-Venomous,Common Trinket,Non_Venomous_Snake,640,447,RGB,93987,575365dddb471bec4d2004eb1bea880985470b1f15b7f8107140a2947f156b70,a730594df2c0dd1b,127ffdce4f73f34d,True,,,,False,,False,NOT VERIFIED,PROVENANCE_REVIEW,source provenance and training reuse rights not verified,JPEG,1.431767,,False
Non-Venomous/Common Trinket/common-indian-trinket-coelognathus-helena-ncbs-bangalore-india-f7n7pg.jpg,common-indian-trinket-coelognathus-helena-ncbs-bangalore-india-f7n7pg.jpg,.jpg,Non-Venomous,Common Trinket,Non_Venomous_Snake,450,320,RGB,72587,3d58f2391b29b27e88ab5dc7dce3dd1ff94e146d78dfb2214674500a9d821278,bf46c03dc942a74b,871d4f5f5a3e18d6,True,,,,True,TRAIN,False,NOT VERIFIED,DUPLICATE_REVIEW,near-duplicate candidate matching existing TRAIN image,JPEG,1.40625,,False
Non-Venomous/Common Trinket/Common-Trinket-Snake-300x225.jpg,Common-Trinket-Snake-300x225.jpg,.jpg,Non-Venomous,Common Trinket,Non_Venomous_Snake,300,225,RGB,41978,3e26a07c4d8fba9eee0c4b33254fd78f42391d181f48acd939b570445973d47f,983c67c4979b2e07,31a93b79f8b1f365,True,,,,True,TRAIN,False,NOT VERIFIED,DUPLICATE_REVIEW,near-duplicate candidate matching existing TRAIN image,JPEG,1.333333,,False
Non-Venomous/Common Trinket/common-trinket-snake-coelognathus-helena-helena-non-venomous-common-aa2k4m.jpg,common-trinket-snake-coelognathus-helena-helena-non-venomous-common-aa2k4m.jpg,.jpg,Non-Venomous,Common Trinket,Non_Venomous_Snake,640,433,RGB,117312,e19d6a0aee21b77c05f608a7d3249b1e956ced973b866157d85df8b4b0bf3c0d,cd3ef800275ba17c,7130326864c2a081,True,,,,True,VALIDATION,False,NOT VERIFIED,DUPLICATE_REVIEW,near-duplicate candidate matching existing VALIDATION image,JPEG,1.47806,,False
Non-Venomous/Common Trinket/common-trinket-snake-coelognathus-helena-helena-non-venomous-common-BY0Y0B.jpg,common-trinket-snake-coelognathus-helena-helena-non-venomous-common-BY0Y0B.jpg,.jpg,Non-Venomous,Common Trinket,Non_Venomous_Snake,1300,956,RGB,119036,cc32638e87d103cdc30a0c448c7ef25b62452e2823dfb3c367f3ed7a23a58378,9635bb18e713e918,6c2c5cec24b41c4d,True,,,,False,,False,NOT VERIFIED,PROVENANCE_REVIEW,source provenance and training reuse rights not verified,JPEG,1.359833,,False
Non-Venomous/Common Trinket/common-trinket-snake-D4NP90.jpg,common-trinket-snake-D4NP90.jpg,.jpg,Non-Venomous,Common Trinket,Non_Venomous_Snake,1300,956,RGB,74173,e4c062ac9279ec55c71b078c2ec3d2fbbf268549dac4bf8672074f0da8179376,ec983ba49cce5165,381204250607070f,True,,,,False,,False,NOT VERIFIED,PROVENANCE_REVIEW,source provenance and training reuse rights not verified,JPEG,1.359833,,False
Non-Venomous/Common Trinket/common-trinket-snake-elaphe-helena-akfw8a.jpg,common-trinket-snake-elaphe-helena-akfw8a.jpg,.jpg,Non-Venomous,Common Trinket,Non_Venomous_Snake,450,313,RGB,41867,0354e67832948011618799dd40d61fda17ed85445d4a5a4175de86114c6dbeca,9b54bf7af408c229,367de8f0f1595b2b,True,,,,True,TRAIN,False,NOT VERIFIED,DUPLICATE_REVIEW,near-duplicate candidate matching existing TRAIN image,JPEG,1.4377,,False
Non-Venomous/Common Trinket/common-trinket-snake-elaphe-helena-two-individuals-a3ypkp.jpg,common-trinket-snake-elaphe-helena-two-individuals-a3ypkp.jpg,.jpg,Non-Venomous,Common Trinket,Non_Venomous_Snake,447,320,RGB,57398,be86709f5ea784012651a465e37971d9045a8b0e20b0fbdf099af140c4705383,c07e290dba3dbe42,d2c1c5d4c5d6d6d6,True,,,,True,TRAIN,False,NOT VERIFIED,DUPLICATE_REVIEW,near-duplicate candidate matching existing TRAIN image,JPEG,1.396875,,False
Non-Venomous/Common Trinket/Common_Trinket.jpg,Common_Trinket.jpg,.jpg,Non-Venomous,Common Trinket,Non_Venomous_Snake,1632,916,RGB,531634,b20899dc35c875b8c7172533fd05f49c8cafbc3e5dc4482eb560cc458a16e771,d2323c94e2cd9c3e,0c0d2989c0e86317,True,,,,False,,False,NOT VERIFIED,PROVENANCE_REVIEW,source provenance and training reuse rights not verified,JPEG,1.781659,,False
Non-Venomous/Common Trinket/common_trinket_001.jpg,common_trinket_001.jpg,.jpg,Non-Venomous,Common Trinket,Non_Venomous_Snake,800,600,RGB,289038,2aac8f64fba343d605f9912975a20a9f81de53fbf9530e6e2b2c1d395f3bdcbc,81a49f8ba8dfc496,d2daa493b7d650b0,True,,,,True,TRAIN,False,NOT VERIFIED,DUPLICATE_REVIEW,near-duplicate candidate matching existing TRAIN image,JPEG,1.333333,,False
Non-Venomous/Common Trinket/common_trinket_snake_5_foot_long_approx.jpg,common_trinket_snake_5_foot_long_approx.jpg,.jpg,Non-Venomous,Common Trinket,Non_Venomous_Snake,700,355,RGB,218032,c46c829911d9759727e06d43a44cb161407a8a23ee2c2b5b237541c1a611d5f3,846fbd68a44aa65e,677260e38fd6b8f6,True,,,,False,,False,NOT VERIFIED,PROVENANCE_REVIEW,source provenance and training reuse rights not verified,JPEG,1.971831,,False
Non-Venomous/Common Trinket/Copper-headed Trinket Snake.jpg,Copper-headed Trinket Snake.jpg,.jpg,Non-Venomous,Common Trinket,Non_Venomous_Snake,259,194,RGB,15268,d9f08b44b7a077d7a537e744705c21f6210c5ee5368145bb96f80dfb08a01fee,83264c1972d3afcd,e1e4e8ccd8f8f0f1,True,,,,True,TRAIN,False,NOT VERIFIED,DUPLICATE_REVIEW,near-duplicate candidate matching existing TRAIN image,JPEG,1.335052,,False
Non-Venomous/Common Trinket/copper-headed-trinket-snake-coelognathus-radiatus-efrtgt.jpg,copper-headed-trinket-snake-coelognathus-radiatus-efrtgt.jpg,.jpg,Non-Venomous,Common Trinket,Non_Venomous_Snake,347,540,RGB,43191,015caa326e8e1e8c156cd5e1aff70e5688bd143fdb3e35857f7249c53b9b486c,ce71b126cc18c77a,0200626264643062,True,,,,True,VALIDATION,False,NOT VERIFIED,DUPLICATE_REVIEW,near-duplicate candidate matching existing VALIDATION image,JPEG,0.642593,,False
Non-Venomous/Common Trinket/copper-headed-trinket-snake-coelognathus-radiatus-non-venomous-common-BN1WY8.jpg,copper-headed-trinket-snake-coelognathus-radiatus-non-venomous-common-BN1WY8.jpg,.jpg,Non-Venomous,Common Trinket,Non_Venomous_Snake,1300,960,RGB,139892,dc3875e68fee13bc7f58194ef2f8434dca5f9490d78a607b2833c97b33bfc5e9,f09c4b4345be32cd,39d10d04c48d0342,True,,,,False,,False,NOT VERIFIED,PROVENANCE_REVIEW,source provenance and training reuse rights not verified,JPEG,1.354167,,False
Non-Venomous/Common Trinket/d2563876349b5563a3d4d98f79f4ea77.jpg,d2563876349b5563a3d4d98f79f4ea77.jpg,.jpg,Non-Venomous,Common Trinket,Non_Venomous_Snake,2048,1070,RGB,530878,d683dc2f6fd5443aab6c7c80b91b973c8a4ba9b232b9273f91c6edf995a68ff7,91c46f384c336bcd,a6eccaa8ba989898,True,,,,False,,False,NOT VERIFIED,PROVENANCE_REVIEW,source provenance and training reuse rights not verified,JPEG,1.914019,,False
Non-Venomous/Common Trinket/DSC01535-Edit0.jpg,DSC01535-Edit0.jpg,.jpg,Non-Venomous,Common Trinket,Non_Venomous_Snake,5390,3492,RGB,4033674,efa30a3eac5ff39696d9d3f98553b9c235c3ae928df899592e5ff3573b5a98d3,d5c90b327a6d2d16,d1f0f2b29486ec68,True,,,,False,,False,NOT VERIFIED,PROVENANCE_REVIEW,source provenance and training reuse rights not verified,JPEG,1.543528,,False
Non-Venomous/Common Trinket/dsc_0011.jpg,dsc_0011.jpg,.jpg,Non-Venomous,Common Trinket,Non_Venomous_Snake,6016,4000,L,7544417,4b228e8c912f8dd389244f32ec8f2f9ac31c7edea4b99fac572c25e88dc50784,94d197467c9d8762,f8f8f8ba84e4e4e4,True,,,,False,,False,NOT VERIFIED,PROVENANCE_REVIEW,source provenance and training reuse rights not verified,JPEG,1.504,,False
Non-Venomous/Common Trinket/habaraliya.jpg,habaraliya.jpg,.jpg,Non-Venomous,Common Trinket,Non_Venomous_Snake,1600,1024,RGB,280450,f609c320b0aedef16e3b25b962b23f6269a66f6ebaf56438e2d0fb68238af74d,8d4bb579c039c365,12706bf1e3123aec,True,,,,True,TRAIN,False,NOT VERIFIED,DUPLICATE_REVIEW,near-duplicate candidate matching existing TRAIN image,JPEG,1.5625,,False
Non-Venomous/Common Trinket/img8.jpg,img8.jpg,.jpg,Non-Venomous,Common Trinket,Non_Venomous_Snake,613,437,RGB,61834,740beeb1f05209835358b46b40e1e70f2991b1291e04e7fb5e638639d86dd548,8db5b1147165f127,9eb6498064b2eb3b,True,,,,True,TRAIN,False,NOT VERIFIED,DUPLICATE_REVIEW,near-duplicate candidate matching existing TRAIN image,JPEG,1.402746,,False
Non-Venomous/Common Trinket/IMG_0001 (1).JPG,IMG_0001 (1).JPG,.jpg,Non-Venomous,Common Trinket,Non_Venomous_Snake,1199,1600,RGB,478470,8a1cdd0118905981fff88692fb0e14fa0e3f3ada227b0954fc8f686fd606a0f6,95315c846bb3365d,78f6d8caf2f4f860,True,,,,False,,False,NOT VERIFIED,PROVENANCE_REVIEW,source provenance and training reuse rights not verified,JPEG,0.749375,,False
Non-Venomous/Common Trinket/IMG_0023.jpg,IMG_0023.jpg,.jpg,Non-Venomous,Common Trinket,Non_Venomous_Snake,640,426,RGB,208944,0211104dbaf038b0b0ea9737cbcb92514139198e592f2786ea527fecea8412dd,9fe20cde21c4ee38,79596c4c18687073,True,,,,True,TRAIN,False,NOT VERIFIED,DUPLICATE_REVIEW,near-duplicate candidate matching existing TRAIN image,JPEG,1.502347,,False
Non-Venomous/Common Trinket/img_2194.jpg,img_2194.jpg,.jpg,Non-Venomous,Common Trinket,Non_Venomous_Snake,1600,1200,RGB,844454,8e73957aa4d0c077d5d2ff398e1eddd2da75a033ff04fbf7baa4226d9308cb72,85e15a6e0cdb63a5,f9f0cad0f66a71d0,True,,,,False,,False,NOT VERIFIED,PROVENANCE_REVIEW,source provenance and training reuse rights not verified,JPEG,1.333333,,False
Non-Venomous/Common Trinket/montane-trinket-snake-coelognathus-helena-monticollaris-non-venomous-a23fcd.jpg,montane-trinket-snake-coelognathus-helena-monticollaris-non-venomous-a23fcd.jpg,.jpg,Non-Venomous,Common Trinket,Non_Venomous_Snake,640,440,RGB,128090,46c4b121b84e375b3d4c8460ef426c2fc06a529fbf38635a299118862074172d,c159e457921ea36e,c8d2d2f878cae0cd,True,,,,True,TRAIN,False,NOT VERIFIED,DUPLICATE_REVIEW,near-duplicate candidate matching existing TRAIN image,JPEG,1.454545,,False
Non-Venomous/Common Trinket/montane-trinket-snake-coelognathus-helena-monticollaris-non-venomous-AX0CWP.jpg,montane-trinket-snake-coelognathus-helena-monticollaris-non-venomous-AX0CWP.jpg,.jpg,Non-Venomous,Common Trinket,Non_Venomous_Snake,1300,960,RGB,137767,9e65c2ffa2c56b8936f16cf521a162ac7687feddfe065d1b78fd0423cd33d365,c21b3f3870e76cc8,cc79e3ccb1e3c88b,True,,,,True,TRAIN,False,NOT VERIFIED,DUPLICATE_REVIEW,near-duplicate candidate matching existing TRAIN image,JPEG,1.354167,,False
Non-Venomous/Common Trinket/orthriophis-taeniurus-striped-racer-striped-trinket-snake-non-venomous-H9EPPH.jpg,orthriophis-taeniurus-striped-racer-striped-trinket-snake-non-venomous-H9EPPH.jpg,.jpg,Non-Venomous,Common Trinket,Non_Venomous_Snake,1300,963,RGB,308417,ca19c23129a13ecf5a55549ae6fb03a07dea833b34920fdbf6ccfb5a4a90f000,ca116d5a52b276cd,b8d2d78d21294b41,True,,,,True,TRAIN,False,NOT VERIFIED,DUPLICATE_REVIEW,near-duplicate candidate matching existing TRAIN image,JPEG,1.349948,,False
Non-Venomous/Common Trinket/Snake-Common-Trinket.jpg,Snake-Common-Trinket.jpg,.jpg,Non-Venomous,Common Trinket,Non_Venomous_Snake,800,600,RGB,834286,a7220d921068d9c3f01568d395fc15aea4ab82f2e9aae32fc1a6fb2cd5c0a5d0,bf4de130ec1b1ec0,53265272ae3c59a6,True,,,,True,TRAIN,False,NOT VERIFIED,DUPLICATE_REVIEW,near-duplicate candidate matching existing TRAIN image,JPEG,1.333333,,False
Non-Venomous/Common Trinket/snake-snakes-leopard-snake-zamenis-situla-trinket-snake-reptile-reptiles-BNJR3J.jpg,snake-snakes-leopard-snake-zamenis-situla-trinket-snake-reptile-reptiles-BNJR3J.jpg,.jpg,Non-Venomous,Common Trinket,Non_Venomous_Snake,1300,960,RGB,295751,a97b655e06ee2ecceb7b9d78c3f6a90e1047c5b7d57d607128557ebc8f9192b0,a4e6c4997b8833ae,46c687070b1eb647,True,,,,True,TRAIN,False,NOT VERIFIED,DUPLICATE_REVIEW,near-duplicate candidate matching existing TRAIN image,JPEG,1.354167,,False
Non-Venomous/Common Trinket/trinket2.jpg,trinket2.jpg,.jpg,Non-Venomous,Common Trinket,Non_Venomous_Snake,900,675,RGB,144570,8d832aeaf7114a6ca057d90daea8f58b464d1c0ce4de06bd99ed00b6601bc306,935f7b9330381b23,99646aa4e8d89aec,True,,,,True,TRAIN,False,NOT VERIFIED,DUPLICATE_REVIEW,near-duplicate candidate matching existing TRAIN image,JPEG,1.333333,,False
Non-Venomous/Common Trinket/trinketsnake.jpg,trinketsnake.jpg,.jpg,Non-Venomous,Common Trinket,Non_Venomous_Snake,620,463,RGB,76788,e7dab7509458f5c9a921cc9c4267a73cecb44c461c22f33ba0a0b2cf7c73e286,aa65c88a9599b1b7,23070f3e6c69a109,True,,,,False,,False,NOT VERIFIED,PROVENANCE_REVIEW,source provenance and training reuse rights not verified,JPEG,1.339093,,False
Non-Venomous/Green Tree Vine/1.jpg,1.jpg,.jpg,Non-Venomous,Green Tree Vine,Non_Venomous_Snake,852,480,RGB,23093,a0108b8d4773324eab5a76dc95f7c44c83c5fc93750d118fb13838177e037f69,adfa1785e0e63318,68736b67b6c6767e,True,,,,False,,False,NOT VERIFIED,PROVENANCE_REVIEW,source provenance and training reuse rights not verified,JPEG,1.775,,False
Non-Venomous/Green Tree Vine/110298e9e9d6d2fdba1357f8ce37cb3b.jpg,110298e9e9d6d2fdba1357f8ce37cb3b.jpg,.jpg,Non-Venomous,Green Tree Vine,Non_Venomous_Snake,500,594,RGB,107493,cc2dc3f36162bd6131590b05b8af42bb1db05729bb88b23a5ad632c68b907c68,c323981caecab2f5,a9c3cb4b46593394,True,,,,True,VALIDATION,False,NOT VERIFIED,DUPLICATE_REVIEW,near-duplicate candidate matching existing VALIDATION image,JPEG,0.841751,,False
Non-Venomous/Green Tree Vine/3fa413c2da7fc530e62d96dcf738304f.jpg,3fa413c2da7fc530e62d96dcf738304f.jpg,.jpg,Non-Venomous,Green Tree Vine,Non_Venomous_Snake,1600,1200,RGB,742932,2f4138dec9f5cbf0cdcf9fb9b3adb4bc6f99088a48b816ed3fde31bad7ba9cfa,b66bd641d9041ff0,650d2d32966ba43c,True,,,,True,TRAIN,False,NOT VERIFIED,DUPLICATE_REVIEW,near-duplicate candidate matching existing TRAIN image,JPEG,1.333333,,False
Non-Venomous/Green Tree Vine/480a15852ea1541e979834fabee27363--blue-green-green-trees.jpg,480a15852ea1541e979834fabee27363--blue-green-green-trees.jpg,.jpg,Non-Venomous,Green Tree Vine,Non_Venomous_Snake,236,355,RGB,9083,e7403377820043d30447233d2a538b1e1d74925f8eabbc2e8018f07464511b0d,960c7c2ba1739e4e,bb7060deff7e0c18,True,,,,True,TRAIN,False,NOT VERIFIED,DUPLICATE_REVIEW,near-duplicate candidate matching existing TRAIN image,JPEG,0.664789,,False
Non-Venomous/Green Tree Vine/4a9881dd567ca571c0874b158a72b9ec.jpg,4a9881dd567ca571c0874b158a72b9ec.jpg,.jpg,Non-Venomous,Green Tree Vine,Non_Venomous_Snake,640,480,RGB,136595,f2189980e2b28d99eb503ea9cd096be2258e64471b9efab2eaef3b078a8efb72,c2d9d509e99a6da4,72f0a4a1c3e56c47,True,,,,True,TRAIN,False,NOT VERIFIED,DUPLICATE_REVIEW,near-duplicate candidate matching existing TRAIN image,JPEG,1.333333,,False
Non-Venomous/Green Tree Vine/541d920462f53a965ce8d6fd7a1f7476.jpg,541d920462f53a965ce8d6fd7a1f7476.jpg,.jpg,Non-Venomous,Green Tree Vine,Non_Venomous_Snake,720,537,RGB,39748,3c5020d0b9cfed8e3da32821f4986b9f6f2092453a1b3ba23590739f3817ca94,82712d46c2e7759d,c3d918c9e9ece574,True,,,,False,,False,NOT VERIFIED,PROVENANCE_REVIEW,source provenance and training reuse rights not verified,JPEG,1.340782,,False
Non-Venomous/Green Tree Vine/dbc07269d811693c59231e23ed0e404d.jpg,dbc07269d811693c59231e23ed0e404d.jpg,.jpg,Non-Venomous,Green Tree Vine,Non_Venomous_Snake,841,412,RGB,89771,8093a342c1b050511ef6d22ebedd0392e183fa5fc0c3ccd0006bd0ed38f3ab87,d456cb61351acba5,6080387c86c398d4,True,,,,True,TRAIN,False,NOT VERIFIED,DUPLICATE_REVIEW,near-duplicate candidate matching existing TRAIN image,JPEG,2.041262,,False
Non-Venomous/Green Tree Vine/ec508f46cb681431964d45926a4ade84.jpg,ec508f46cb681431964d45926a4ade84.jpg,.jpg,Non-Venomous,Green Tree Vine,Non_Venomous_Snake,699,671,RGB,92962,64cf543a1c6f3b1dc595d1c601248fab8c362ca4a54d3183b6f41cd4ef8ddef1,be83f1ec0e73304a,c77cd96e23140c34,True,,,,True,TRAIN,False,NOT VERIFIED,DUPLICATE_REVIEW,near-duplicate candidate matching existing TRAIN image,JPEG,1.041729,,False
Non-Venomous/Green Tree Vine/GreenVineSnakeSinharajaGR.jpg,GreenVineSnakeSinharajaGR.jpg,.jpg,Non-Venomous,Green Tree Vine,Non_Venomous_Snake,800,533,RGB,73164,bb57bea54bf628bfe107bbf40d279c1de95cd861bb00d914f5a3a714982697e5,9d934b496a2cacd6,72586c1f3416120b,True,,,,True,VALIDATION,False,NOT VERIFIED,DUPLICATE_REVIEW,near-duplicate candidate matching existing VALIDATION image,JPEG,1.500938,,False
Non-Venomous/Green Tree Vine/long-nosed-tree-snake-green-vine-snake-long-nosed-whip-snake-or-asian-FFHA8W.jpg,long-nosed-tree-snake-green-vine-snake-long-nosed-whip-snake-or-asian-FFHA8W.jpg,.jpg,Non-Venomous,Green Tree Vine,Non_Venomous_Snake,1300,954,RGB,163543,ce705c83c92be65f32be2406276609826d15daea5c05c2bae74998fcd6067a7f,c4707994ee077339,ac949de4b4cc6a43,True,,,,False,,False,NOT VERIFIED,PROVENANCE_REVIEW,source provenance and training reuse rights not verified,JPEG,1.362683,,False
Non-Venomous/Green Tree Vine/march-3-2016-long-nosed-tree-snake-green-vine-snake-long-nosed-whip-FFHC11.jpg,march-3-2016-long-nosed-tree-snake-green-vine-snake-long-nosed-whip-FFHC11.jpg,.jpg,Non-Venomous,Green Tree Vine,Non_Venomous_Snake,1300,954,RGB,93733,f3cc68db1fe0d03295b00744964cde1bfcb014b28fc50f7cead8449611f4f6cc,d860053fc38f6f58,d190a0e1190e7863,True,,,,True,TRAIN,False,NOT VERIFIED,DUPLICATE_REVIEW,near-duplicate candidate matching existing TRAIN image,JPEG,1.362683,,False
Non-Venomous/Green Tree Vine/snake7-1024x768.jpg,snake7-1024x768.jpg,.jpg,Non-Venomous,Green Tree Vine,Non_Venomous_Snake,1024,768,RGB,131406,f749113fdb6043a1e8c383dd3c88b423e9135cac4c3936199602b30651102f0e,d2392dc2da34a74b,fbfb1e3c29cc4468,True,,,,True,VALIDATION,False,NOT VERIFIED,DUPLICATE_REVIEW,near-duplicate candidate matching existing VALIDATION image,JPEG,1.333333,,False
Non-Venomous/Green Tree Vine/the-common-vine-snake-ahaetulla-nasuta-is-a-slender-green-tree-snake-F947R9.jpg,the-common-vine-snake-ahaetulla-nasuta-is-a-slender-green-tree-snake-F947R9.jpg,.jpg,Non-Venomous,Green Tree Vine,Non_Venomous_Snake,1300,956,RGB,86731,a072aa4797abb54ddf820ad2236ee4215f40f07610d3ae232f1f93cd01a259e8,f03c7ad3ce8e2950,3c1c1e6e9899090d,True,,,,False,,False,NOT VERIFIED,PROVENANCE_REVIEW,source provenance and training reuse rights not verified,JPEG,1.359833,,False
Non-Venomous/Green Tree Vine/the-common-vine-snake-ahaetulla-nasuta-is-a-slender-green-tree-snake-F947RB.jpg,the-common-vine-snake-ahaetulla-nasuta-is-a-slender-green-tree-snake-F947RB.jpg,.jpg,Non-Venomous,Green Tree Vine,Non_Venomous_Snake,1300,956,RGB,76491,e65f1c61de1693320884b4b72a898fb7c9e4e688e785723fca566d25f203ff7b,d7d212eee6b0448d,cd589a0a42421e0f,True,,,,True,TRAIN,False,NOT VERIFIED,DUPLICATE_REVIEW,near-duplicate candidate matching existing TRAIN image,JPEG,1.359833,,False
Non-Venomous/Green Tree Vine/the-common-vine-snake-ahaetulla-nasuta-is-a-slender-green-tree-snake-F947RF.jpg,the-common-vine-snake-ahaetulla-nasuta-is-a-slender-green-tree-snake-F947RF.jpg,.jpg,Non-Venomous,Green Tree Vine,Non_Venomous_Snake,1300,956,RGB,107366,450d754704fb7f3e03ced5f860d14222374910703bf67c4dc7631859e70a6707,aece1db8509a529d,316361e1831d7b4b,True,,,,False,,False,NOT VERIFIED,PROVENANCE_REVIEW,source provenance and training reuse rights not verified,JPEG,1.359833,,False
Non-Venomous/Green Tree Vine/the-common-vine-snake-ahaetulla-nasuta-is-a-slender-green-tree-snake-F947RJ.jpg,the-common-vine-snake-ahaetulla-nasuta-is-a-slender-green-tree-snake-F947RJ.jpg,.jpg,Non-Venomous,Green Tree Vine,Non_Venomous_Snake,1300,956,RGB,81266,4823f064da48b1e9cc4931f06fcee94a0782103acc71d8136e4f1baddc3b2cb2,da5b55d52292633c,d95119cd91a0f813,True,,,,False,,False,NOT VERIFIED,PROVENANCE_REVIEW,source provenance and training reuse rights not verified,JPEG,1.359833,,False
Non-Venomous/Green Tree Vine/the-common-vine-snake-ahaetulla-nasuta-is-a-slender-green-tree-snake-F947RM.jpg,the-common-vine-snake-ahaetulla-nasuta-is-a-slender-green-tree-snake-F947RM.jpg,.jpg,Non-Venomous,Green Tree Vine,Non_Venomous_Snake,1300,956,RGB,120120,30e6313ca8662dcbedee444b1919538a3383c1efaefb4a052ef78a88f39d3ab7,f3a340cd5dd13c98,928b4d59591a998d,True,,,,True,VALIDATION,False,NOT VERIFIED,DUPLICATE_REVIEW,near-duplicate candidate matching existing VALIDATION image,JPEG,1.359833,,False
Non-Venomous/Green Tree Vine/the-common-vine-snake-ahaetulla-nasuta-is-a-slender-green-tree-snake-f947rt.jpg,the-common-vine-snake-ahaetulla-nasuta-is-a-slender-green-tree-snake-f947rt.jpg,.jpg,Non-Venomous,Green Tree Vine,Non_Venomous_Snake,450,320,RGB,40052,b0c9adf14643d0df13b6cad6ab7a737495ab9de2e012fd1dd919ba989369571d,c044ff7fee48c40a,20d0f0c64490980f,True,,,,True,TRAIN,False,NOT VERIFIED,DUPLICATE_REVIEW,near-duplicate candidate matching existing TRAIN image,JPEG,1.40625,,False
Non-Venomous/Green Tree Vine/the-common-vine-snake-ahaetulla-nasuta-is-a-slender-green-tree-snake-F947RY.jpg,the-common-vine-snake-ahaetulla-nasuta-is-a-slender-green-tree-snake-F947RY.jpg,.jpg,Non-Venomous,Green Tree Vine,Non_Venomous_Snake,1300,956,RGB,78665,b60ed6f1654e776e3069a7de243098a8c878c3beb36c7f6ba2804261ae308f94,981b79c80eee31e5,39391868f190a246,True,,,,False,,False,NOT VERIFIED,PROVENANCE_REVIEW,source provenance and training reuse rights not verified,JPEG,1.359833,,False
Non-Venomous/Green Tree Vine/the-common-vine-snake-ahaetulla-nasuta-is-a-slender-green-tree-snake-F947T3.jpg,the-common-vine-snake-ahaetulla-nasuta-is-a-slender-green-tree-snake-F947T3.jpg,.jpg,Non-Venomous,Green Tree Vine,Non_Venomous_Snake,1300,956,RGB,74067,7b608b6fd6cce502b27fce03e0157b9525b7a437c1823d15e94555466a0e4888,9e29859c668e79a5,f772332929307063,True,,,,True,TRAIN,False,NOT VERIFIED,DUPLICATE_REVIEW,near-duplicate candidate matching existing TRAIN image,JPEG,1.359833,,False
Non-Venomous/Green Tree Vine/the-common-vine-snake-ahaetulla-nasuta-is-a-slender-green-tree-snake-f947t3_001.jpg,the-common-vine-snake-ahaetulla-nasuta-is-a-slender-green-tree-snake-f947t3_001.jpg,.jpg,Non-Venomous,Green Tree Vine,Non_Venomous_Snake,450,320,RGB,24557,873c022f9ac1efb295344ca84da4feb67d4535811b53540250cfd19363dbcef1,9e29855ce65ae12e,f772332929303066,True,,,,True,TRAIN,False,NOT VERIFIED,DUPLICATE_REVIEW,near-duplicate candidate matching existing TRAIN image,JPEG,1.40625,,False
Non-Venomous/Green Tree Vine/tumblr_n9q4ra2NrW1sgxjc6o2_1280.jpg,tumblr_n9q4ra2NrW1sgxjc6o2_1280.jpg,.jpg,Non-Venomous,Green Tree Vine,Non_Venomous_Snake,568,423,RGB,58497,5c857d30835ce9bd62fcdd4add7cf5e55d94c24064a2120c20efa563f09339c0,da5321e978b142ed,99585c1c71c5df35,True,,,,True,TRAIN,False,NOT VERIFIED,DUPLICATE_REVIEW,near-duplicate candidate matching existing TRAIN image,JPEG,1.34279,,False
Non-Venomous/Indian Rock Python/0.jpg,0.jpg,.jpg,Non-Venomous,Indian Rock Python,Non_Venomous_Snake,480,360,RGB,24047,48f21cf23e8b347ee513be7b9ffb6b6d15b4f7e690f89feaa540e587c2bc7c9c,f4c72b3e06d30a35,ab0e1ccc3c2d1a9c,True,,,,True,TRAIN,False,NOT VERIFIED,DUPLICATE_REVIEW,near-duplicate candidate matching existing TRAIN image,JPEG,1.333333,,False
Non-Venomous/Indian Rock Python/1.jpg,1.jpg,.jpg,Non-Venomous,Indian Rock Python,Non_Venomous_Snake,300,196,RGB,16391,f10621b30ee8d0e6a8aa7268c41ca114bedd44de268a266c9f6f240d724b259d,e632b9a3d2c4cd0d,cc0b66c44de39616,True,,,,True,TEST,False,NOT VERIFIED,LEAKAGE_RISK,near-duplicate candidate matching existing TEST image (HIGH_CONFIDENCE_NEAR_DUPLICATE),JPEG,1.530612,,False
Non-Venomous/Indian Rock Python/1024px-Heller_Tigerpython_Python_molurus_molurus.jpg,1024px-Heller_Tigerpython_Python_molurus_molurus.jpg,.jpg,Non-Venomous,Indian Rock Python,Non_Venomous_Snake,1024,654,RGB,192995,0ed85c36fe918b96966b8535e4630323abf16a484be2454ffa31324fc96d6254,fd85c4752632332b,86323b3d3a1a0100,True,,,,True,TEST,False,NOT VERIFIED,LEAKAGE_RISK,near-duplicate candidate matching existing TEST image (HIGH_CONFIDENCE_NEAR_DUPLICATE),JPEG,1.565749,,False
Non-Venomous/Indian Rock Python/1166420045-m.jpg,1166420045-m.jpg,.jpg,Non-Venomous,Indian Rock Python,Non_Venomous_Snake,800,862,RGB,236807,5aa4219aad2e891f5d40b7421d1d29cb8df97263c4b420e8fd50e4374e2311fd,bc676168633cc336,97166d293ab2b69d,True,,,,True,TEST,False,NOT VERIFIED,LEAKAGE_RISK,near-duplicate candidate matching existing TEST image (HIGH_CONFIDENCE_NEAR_DUPLICATE),JPEG,0.928074,,False
Non-Venomous/Indian Rock Python/1280px-Indian_rock_python_pratik.JPG,1280px-Indian_rock_python_pratik.JPG,.jpg,Non-Venomous,Indian Rock Python,Non_Venomous_Snake,1280,904,RGB,165000,827b0facf4cdffacc0ee63248f929ae8b3620c697d4480707cd2a97dbd119009,c03627c336c97a3d,ccccb0a0849992c6,True,,,,True,TEST,False,NOT VERIFIED,LEAKAGE_RISK,near-duplicate candidate matching existing TEST image (HIGH_CONFIDENCE_NEAR_DUPLICATE),JPEG,1.415929,,False
Non-Venomous/Indian Rock Python/131942656.vigSlaNz.jpg,131942656.vigSlaNz.jpg,.jpg,Non-Venomous,Indian Rock Python,Non_Venomous_Snake,641,800,RGB,106295,60cd044f595a4d40c3c468f80d445c03e79e6a11a1d72bb6dccbfc7c30bf3102,a4d3679928d3ec92,5adcdcbb3bb6dca7,True,,,,True,TEST,False,NOT VERIFIED,LEAKAGE_RISK,near-duplicate candidate matching existing TEST image (HIGH_CONFIDENCE_NEAR_DUPLICATE),JPEG,0.80125,,False
Non-Venomous/Indian Rock Python/1406194043645_wps_2_EXCLUSIVE_GUJARAT_INDIA_U.jpg,1406194043645_wps_2_EXCLUSIVE_GUJARAT_INDIA_U.jpg,.jpg,Non-Venomous,Indian Rock Python,Non_Venomous_Snake,634,423,RGB,168000,6d6749758f259b474431eaea79093353b9537ddd636a0ff0878e6febccf70bbb,e9e1dd3a38c2851b,323ad28e3bf6a93a,True,,,,True,TEST,False,NOT VERIFIED,LEAKAGE_RISK,near-duplicate candidate matching existing TEST image (HIGH_CONFIDENCE_NEAR_DUPLICATE),JPEG,1.498818,,False
Non-Venomous/Indian Rock Python/1406194171937_wps_8_EXCLUSIVE_GUJARAT_INDIA_U.jpg,1406194171937_wps_8_EXCLUSIVE_GUJARAT_INDIA_U.jpg,.jpg,Non-Venomous,Indian Rock Python,Non_Venomous_Snake,634,423,RGB,104344,65e0cf6303fd78005a35977171bcf1201023f63f552476d0dc8d02a6e5d85044,f3840d68865fe947,e6bada4ccd1b39cc,True,,,,True,TRAIN,False,NOT VERIFIED,DUPLICATE_REVIEW,near-duplicate candidate matching existing TRAIN image,JPEG,1.498818,,False
Non-Venomous/Indian Rock Python/1406194211496_wps_10_EXCLUSIVE_GUJARAT_INDIA_U.jpg,1406194211496_wps_10_EXCLUSIVE_GUJARAT_INDIA_U.jpg,.jpg,Non-Venomous,Indian Rock Python,Non_Venomous_Snake,634,423,RGB,161930,ed3b87bdd65ba0243f6bb6cca2abc70d39e31afd27143dc4cf875a61702179e0,adc9913ae485bb2a,163773e68f3ffade,True,,,,True,TRAIN,False,NOT VERIFIED,DUPLICATE_REVIEW,near-duplicate candidate matching existing TRAIN image,JPEG,1.498818,,False
Non-Venomous/Indian Rock Python/1406194312764_wps_11_EXCLUSIVE_GUJARAT_INDIA_U.jpg,1406194312764_wps_11_EXCLUSIVE_GUJARAT_INDIA_U.jpg,.jpg,Non-Venomous,Indian Rock Python,Non_Venomous_Snake,634,423,RGB,156172,8610bddffb6abdb2f3916178371e46305eee1d2ee232a9fced96684a91b1f54c,95dc9064e799b1a6,9624b87a479e70c8,True,,,,True,TRAIN,False,NOT VERIFIED,DUPLICATE_REVIEW,near-duplicate candidate matching existing TRAIN image,JPEG,1.498818,,False
Non-Venomous/Indian Rock Python/1438853319IMG-20141006-WA0017.jpg,1438853319IMG-20141006-WA0017.jpg,.jpg,Non-Venomous,Indian Rock Python,Non_Venomous_Snake,600,400,RGB,43452,e7d037fe3a826121d5921c809f42f64820a25e1a2c079b359441a2552e8a49da,d8f078c6d5c2cf44,9198a19066e3d532,True,,,,True,TEST,False,NOT VERIFIED,LEAKAGE_RISK,near-duplicate candidate matching existing TEST image (HIGH_CONFIDENCE_NEAR_DUPLICATE),JPEG,1.5,,False
Non-Venomous/Indian Rock Python/1438853319main -1.jpg,1438853319main -1.jpg,.jpg,Non-Venomous,Indian Rock Python,Non_Venomous_Snake,600,428,RGB,79136,0509ec31756ec55cec6ec58e5b8d6418e3ec23048cf6bc98a3a846cafe60a513,d5884e2b3f70e169,6cf4d6bc0a9a8506,True,,,,True,TEST,False,NOT VERIFIED,LEAKAGE_RISK,near-duplicate candidate matching existing TEST image (HIGH_CONFIDENCE_NEAR_DUPLICATE),JPEG,1.401869,,False
Non-Venomous/Indian Rock Python/1438853320sub headed shot-1.jpg,1438853320sub headed shot-1.jpg,.jpg,Non-Venomous,Indian Rock Python,Non_Venomous_Snake,600,453,RGB,62687,c6e82e66c79c5dfada99f76c4fb47e9259ef83b700e4afa28e9d004f3e973bbe,e3109ccae5e47273,e0f85d068bc14146,True,,,,True,TEST,False,NOT VERIFIED,LEAKAGE_RISK,near-duplicate candidate matching existing TEST image (HIGH_CONFIDENCE_NEAR_DUPLICATE),JPEG,1.324503,,False
Non-Venomous/Indian Rock Python/1753.jpeg,1753.jpeg,.jpeg,Non-Venomous,Indian Rock Python,Non_Venomous_Snake,750,484,RGB,260509,6b3240471beab0eff411765a77e55d34b0f5631948483c0a6f6f753b15a84d73,fcf2c1ac26c1199e,220a98ac2426c256,True,,,,True,TRAIN,False,NOT VERIFIED,DUPLICATE_REVIEW,near-duplicate candidate matching existing TRAIN image,JPEG,1.549587,,False
Non-Venomous/Indian Rock Python/240_F_57387590_X4C1GVMXiircJ9WijCsTxXmP3l08Pk2m.jpg,240_F_57387590_X4C1GVMXiircJ9WijCsTxXmP3l08Pk2m.jpg,.jpg,Non-Venomous,Indian Rock Python,Non_Venomous_Snake,392,240,RGB,46609,391191b43b210d929bd1e998338877581177311d132e23d4da64f4373e41139f,a9de841b9f72ce10,7cd6832bdb338ec6,True,,,,True,TEST,False,NOT VERIFIED,LEAKAGE_RISK,near-duplicate candidate matching existing TEST image (HIGH_CONFIDENCE_NEAR_DUPLICATE),JPEG,1.633333,,False
Non-Venomous/Indian Rock Python/240_F_81777996_fXFZAxx4plJEMzc4ndaqAcPqLi5VB87h.jpg,240_F_81777996_fXFZAxx4plJEMzc4ndaqAcPqLi5VB87h.jpg,.jpg,Non-Venomous,Indian Rock Python,Non_Venomous_Snake,360,240,RGB,39029,c09966d4ca100154d71a2bbf6026b1ea55f372a8195a11d5f8cd28a8df59a137,8b4d384b6586afb4,73b0f6c6c2e9f87c,True,,,,True,TEST,False,NOT VERIFIED,LEAKAGE_RISK,near-duplicate candidate matching existing TEST image (HIGH_CONFIDENCE_NEAR_DUPLICATE),JPEG,1.5,,False
Non-Venomous/Indian Rock Python/240_F_81778671_6lV4W2Ea4sy1uxVPZTpyyDUN8B0tDMi9.jpg,240_F_81778671_6lV4W2Ea4sy1uxVPZTpyyDUN8B0tDMi9.jpg,.jpg,Non-Venomous,Indian Rock Python,Non_Venomous_Snake,360,240,RGB,47194,0bd3b83d8817da50adb3c2087aa187c7b64d76c12737f880b57cb427beafae17,881ef08dcf986d66,63b8b4f066b29f87,True,,,,True,VALIDATION,False,NOT VERIFIED,DUPLICATE_REVIEW,near-duplicate candidate matching existing VALIDATION image,JPEG,1.5,,False
Non-Venomous/Indian Rock Python/249701_149478348456813_100001839476094_326585_731191_n.jpg,249701_149478348456813_100001839476094_326585_731191_n.jpg,.jpg,Non-Venomous,Indian Rock Python,Non_Venomous_Snake,720,540,RGB,97931,1bfc8bc25defe55cc679b40ba7c2ccb00e4fff403caacb0c8c899c5bd3b8f9d8,f43d42dc43d0b61d,c8222e8c662c90cd,True,,,,True,TEST,False,NOT VERIFIED,LEAKAGE_RISK,near-duplicate candidate matching existing TEST image (HIGH_CONFIDENCE_NEAR_DUPLICATE),JPEG,1.333333,,False
Non-Venomous/Indian Rock Python/5 blog.jpg,5 blog.jpg,.jpg,Non-Venomous,Indian Rock Python,Non_Venomous_Snake,800,600,RGB,362089,2d98bc7b8583e5f3420af9a948b4de653947b24319b1d8ff5548a36d5447fa10,f0d7bf51f4708228,0c428d8c88c84e2f,True,,,,True,TEST,False,NOT VERIFIED,LEAKAGE_RISK,near-duplicate candidate matching existing TEST image (HIGH_CONFIDENCE_NEAR_DUPLICATE),JPEG,1.333333,,False
Non-Venomous/Indian Rock Python/5521393421453897450.jpg,5521393421453897450.jpg,.jpg,Non-Venomous,Indian Rock Python,Non_Venomous_Snake,625,469,RGB,237314,3d0a6a97a3616520a07dcb5d0a9f674633b0ba007441b07a46c2bb75c0905506,a3b9f4c00f0d1c7e,0f1d1f5fc3c1c04d,True,,,,True,TRAIN,False,NOT VERIFIED,DUPLICATE_REVIEW,near-duplicate candidate matching existing TRAIN image,JPEG,1.332623,,False
Non-Venomous/Indian Rock Python/61571838_4ea666d98a_b.jpg,61571838_4ea666d98a_b.jpg,.jpg,Non-Venomous,Indian Rock Python,Non_Venomous_Snake,1024,761,RGB,354728,fb460363f989a30d93be0f13a09032c5c6a277ac920eb726dfd27ccdcabdad8b,8e86b0a6b3b9ac99,6ce470586961b11a,True,,,,True,TEST,False,NOT VERIFIED,LEAKAGE_RISK,near-duplicate candidate matching existing TEST image (HIGH_CONFIDENCE_NEAR_DUPLICATE),JPEG,1.345598,,False
Non-Venomous/Indian Rock Python/6341106gveli179.jpg,6341106gveli179.jpg,.jpg,Non-Venomous,Indian Rock Python,Non_Venomous_Snake,550,412,RGB,54285,589d181b342cce1adb5b9f0e15ab1ad38e54186ef7e07dfce1c3a8e2ecba98ce,b1d90f1396387b64,59c393bccc8bd7f6,True,,,,True,TRAIN,False,NOT VERIFIED,DUPLICATE_REVIEW,near-duplicate candidate matching existing TRAIN image,JPEG,1.334951,,False
Non-Venomous/Indian Rock Python/6O4A4956.jpg,6O4A4956.jpg,.jpg,Non-Venomous,Indian Rock Python,Non_Venomous_Snake,4268,2845,RGB,1029826,99611cbd555ffddb345e1b97a80429e4d80d5432ca2915147a423992d0ce166c,97186960b427d37e,1f3368ececc8631c,True,,,,True,TRAIN,False,NOT VERIFIED,DUPLICATE_REVIEW,near-duplicate candidate matching existing TRAIN image,JPEG,1.500176,,False
Non-Venomous/Indian Rock Python/6O4A7830.jpg,6O4A7830.jpg,.jpg,Non-Venomous,Indian Rock Python,Non_Venomous_Snake,4583,3055,RGB,867874,0fa596095e65ac6c77a6da07bb25d18ab75e3991e741e40897abee493ba77ac0,d8be2c76d63202cb,2433c1a949961692,True,,,,True,TEST,False,NOT VERIFIED,LEAKAGE_RISK,near-duplicate candidate matching existing TEST image (HIGH_CONFIDENCE_NEAR_DUPLICATE),JPEG,1.500164,,False
Non-Venomous/Indian Rock Python/6O4A7844.jpg,6O4A7844.jpg,.jpg,Non-Venomous,Indian Rock Python,Non_Venomous_Snake,3648,5472,RGB,1142445,9f1d235b78492b0d37fae8a2fb35567f1d91bfbd1473a6fdd51767757cd23252,9730e7801bbae84f,ddccac1570a24843,True,,,,True,TEST,False,NOT VERIFIED,LEAKAGE_RISK,near-duplicate candidate matching existing TEST image (HIGH_CONFIDENCE_NEAR_DUPLICATE),JPEG,0.666667,,False
Non-Venomous/Indian Rock Python/6O4A7885.jpg,6O4A7885.jpg,.jpg,Non-Venomous,Indian Rock Python,Non_Venomous_Snake,4254,2836,RGB,981486,8753bca87f31b9554751f6532f9dc72c541f4215ff65875d5a17a7272fdc4135,b34d44b0acb3037f,c2f0584f3fde1d95,True,,,,True,TRAIN,False,NOT VERIFIED,DUPLICATE_REVIEW,near-duplicate candidate matching existing TRAIN image,JPEG,1.5,,False
Non-Venomous/Indian Rock Python/7044762725_5e3e754c31.jpg,7044762725_5e3e754c31.jpg,.jpg,Non-Venomous,Indian Rock Python,Non_Venomous_Snake,500,340,RGB,137461,215c077fc3c358ef5ca909be1cd00f412b7bebbaabfc8d22bfcf4a7f07cb291e,b30f98ecd0d4d2c3,346b4d4c4b0d8d1a,True,,,,True,TEST,False,NOT VERIFIED,LEAKAGE_RISK,near-duplicate candidate matching existing TEST image (HIGH_CONFIDENCE_NEAR_DUPLICATE),JPEG,1.470588,,False
Non-Venomous/Indian Rock Python/7696c19d1eb4846d81269ecb4c77f5a5.jpg,7696c19d1eb4846d81269ecb4c77f5a5.jpg,.jpg,Non-Venomous,Indian Rock Python,Non_Venomous_Snake,530,800,RGB,397516,383d16f9407171a88e8beb86cd2a8ad50cf6766abae98bc74e720df579d00ca4,d8f32729d026f6d0,499a2da9b2b36794,True,,,,True,TEST,False,NOT VERIFIED,LEAKAGE_RISK,near-duplicate candidate matching existing TEST image (HIGH_CONFIDENCE_NEAR_DUPLICATE),JPEG,0.6625,,False
Non-Venomous/Indian Rock Python/87457288_XS.jpg,87457288_XS.jpg,.jpg,Non-Venomous,Indian Rock Python,Non_Venomous_Snake,750,428,RGB,40816,ec0b71d253c95e38375f6e77196dd1fb8eb653cc5edfe56ec9ce1f9c4d3668c3,beb1d148a19748af,9a1a2d5c5f317062,True,,,,True,TEST,False,NOT VERIFIED,LEAKAGE_RISK,near-duplicate candidate matching existing TEST image (HIGH_CONFIDENCE_NEAR_DUPLICATE),JPEG,1.752336,,False
Non-Venomous/Indian Rock Python/a0a6db8a29a4a474703855fd466ed3dd--indian-animals-mammals.jpg,a0a6db8a29a4a474703855fd466ed3dd--indian-animals-mammals.jpg,.jpg,Non-Venomous,Indian Rock Python,Non_Venomous_Snake,736,425,RGB,99796,486047a8f940f6b7a6090e4463e31ed82ba5149dc4b8f72cbe0005d0f2a23e21,9950d23f6c3c63e4,ad999827e75b3c20,True,,,,True,TRAIN,False,NOT VERIFIED,DUPLICATE_REVIEW,near-duplicate candidate matching existing TRAIN image,JPEG,1.731765,,False
Non-Venomous/Indian Rock Python/afe2.jpg,afe2.jpg,.jpg,Non-Venomous,Indian Rock Python,Non_Venomous_Snake,950,405,RGB,337946,a816ab63f3becdb98ff2c12b1317b9f590950de08c2f3c572be9291af5b53b4e,bf25129e49c06d3e,dd2e6ec3382c99e9,True,,,,True,TRAIN,False,NOT VERIFIED,DUPLICATE_REVIEW,near-duplicate candidate matching existing TRAIN image,JPEG,2.345679,,False
Non-Venomous/Indian Rock Python/African-rock-python-on-rocky-ground.jpg,African-rock-python-on-rocky-ground.jpg,.jpg,Non-Venomous,Indian Rock Python,Non_Venomous_Snake,345,520,RGB,86116,c24f784d08d48fb7106901f75327f7d671267871028f6bc7591afee64179ba01,c6e87814e9cb947a,a3a5a9c34c746494,True,,,,True,TRAIN,False,NOT VERIFIED,DUPLICATE_REVIEW,near-duplicate candidate matching existing TRAIN image,JPEG,0.663462,,False
Non-Venomous/Indian Rock Python/An-Indian-rock-python-drinks-water-inside-its-enclosure-in-a-zoo-during-a-hot-day-in-Lucknow..jpg,An-Indian-rock-python-drinks-water-inside-its-enclosure-in-a-zoo-during-a-hot-day-in-Lucknow..jpg,.jpg,Non-Venomous,Indian Rock Python,Non_Venomous_Snake,976,634,RGB,100300,8c074114fdbff49ce85defbbd5977f07355cb99e28f7d6413d82e4bbdee09b04,9d443a91fd07e05e,78f4e45a7abcf81b,True,,,,True,TRAIN,False,NOT VERIFIED,DUPLICATE_REVIEW,near-duplicate candidate matching existing TRAIN image,JPEG,1.539432,,False
Non-Venomous/Indian Rock Python/An-Indian-Rock-Python.jpg,An-Indian-Rock-Python.jpg,.jpg,Non-Venomous,Indian Rock Python,Non_Venomous_Snake,615,410,RGB,77554,b23a2adbc423fcd86439ea1d9e1ee6b0811f4de1bc10907a89fe4edd14069b41,919c2b63f744387a,3f74b4e418d8c2db,True,,,,True,TRAIN,False,NOT VERIFIED,DUPLICATE_REVIEW,near-duplicate candidate matching existing TRAIN image,JPEG,1.5,,False
Non-Venomous/Indian Rock Python/An-Indian-Rock-Python3-_unz3.jpg,An-Indian-Rock-Python3-_unz3.jpg,.jpg,Non-Venomous,Indian Rock Python,Non_Venomous_Snake,660,440,RGB,136743,306786c43f617df15de61a729496a946cee4a7adb8ea018717a2cce9366ea788,8ccf92736ecc9152,6a6af873ee98b4a4,True,,,,True,VALIDATION,False,NOT VERIFIED,DUPLICATE_REVIEW,near-duplicate candidate matching existing VALIDATION image,JPEG,1.5,,False
Non-Venomous/Indian Rock Python/Asiatic-rock-python-coiled-around-branch.jpg,Asiatic-rock-python-coiled-around-branch.jpg,.jpg,Non-Venomous,Indian Rock Python,Non_Venomous_Snake,650,459,RGB,81438,13c80cc54e5dfc18f71974b6225a3dbe60e334229f805eb53aa99814ee413874,d943a471d3b4325e,cde96131191bb6b1,True,,,,True,TRAIN,False,NOT VERIFIED,DUPLICATE_REVIEW,near-duplicate candidate matching existing TRAIN image,JPEG,1.416122,,False
Non-Venomous/Indian Rock Python/asiatic-rock-python-hatchling.jpg,asiatic-rock-python-hatchling.jpg,.jpg,Non-Venomous,Indian Rock Python,Non_Venomous_Snake,650,436,RGB,115736,39bcd85402274ce00d3b27106d9a6c56e4d6e13b340fc12d60056f858bb2eb91,ab7cd4f06160d41f,956425db5b2ddada,True,,,,True,TRAIN,False,NOT VERIFIED,DUPLICATE_REVIEW,near-duplicate candidate matching existing TRAIN image,JPEG,1.490826,,False
Non-Venomous/Indian Rock Python/Big-Python.jpg,Big-Python.jpg,.jpg,Non-Venomous,Indian Rock Python,Non_Venomous_Snake,213,320,RGB,27882,6d93abe301a21ff6910908a8c6040a288219aee6be0d2a09006af1b74dd839b5,acf119b07c0efa0b,3b9643278695f333,True,,,,True,TRAIN,False,NOT VERIFIED,DUPLICATE_REVIEW,near-duplicate candidate matching existing TRAIN image,JPEG,0.665625,,False
Non-Venomous/Indian Rock Python/Brown_Streaks_seen_from_Lateral_View_of_Head_of_Indian_Rock_Python_(_P_molurus).JPG,Brown_Streaks_seen_from_Lateral_View_of_Head_of_Indian_Rock_Python_(_P_molurus).JPG,.jpg,Non-Venomous,Indian Rock Python,Non_Venomous_Snake,3648,2736,RGB,770128,fdfd463e5aad884286680522abbd403ed6aa149d44f7c56d21e2eb5f818d71ac,c2f16cb89ce769c0,90cac848a8c9e4e4,True,,,,True,TRAIN,False,NOT VERIFIED,DUPLICATE_REVIEW,near-duplicate candidate matching existing TRAIN image,JPEG,1.333333,,False
Non-Venomous/Indian Rock Python/burmpython1l.jpg,burmpython1l.jpg,.jpg,Non-Venomous,Indian Rock Python,Non_Venomous_Snake,600,400,RGB,71203,fc1121516d033c39d049e248efb744d1b0c0df79321fe208d1370d7468ac0768,fa17a1ca86197669,ce1b1b1d2d299386,True,,,,True,TRAIN,False,NOT VERIFIED,DUPLICATE_REVIEW,near-duplicate candidate matching existing TRAIN image,JPEG,1.5,,False
Non-Venomous/Indian Rock Python/burmpython2l.jpg,burmpython2l.jpg,.jpg,Non-Venomous,Indian Rock Python,Non_Venomous_Snake,600,424,RGB,55222,7850865b1e5c05ec3f6a4c55df7df73ad76f3c8f7d9c07c554617545c43b9756,d26d438f3fb03143,40448c1c71acfcd0,True,,,,True,TRAIN,False,NOT VERIFIED,DUPLICATE_REVIEW,near-duplicate candidate matching existing TRAIN image,JPEG,1.415094,,False
Non-Venomous/Indian Rock Python/dc-Cover-bh58nkvuepsd83sgu14h9ieqn5-20160609032640.Medi.jpeg,dc-Cover-bh58nkvuepsd83sgu14h9ieqn5-20160609032640.Medi.jpeg,.jpeg,Non-Venomous,Indian Rock Python,Non_Venomous_Snake,800,448,RGB,54507,d7c8c8f71604629473d449ed83a379bafd25be50c61f04da932541bf5f113c77,bf97f09ac348c948,3c4e575b6b2b2393,True,,,,True,TRAIN,False,NOT VERIFIED,DUPLICATE_REVIEW,near-duplicate candidate matching existing TRAIN image,JPEG,1.785714,,False
Non-Venomous/Indian Rock Python/filename-img-0537-jpg.jpg,filename-img-0537-jpg.jpg,.jpg,Non-Venomous,Indian Rock Python,Non_Venomous_Snake,337,450,RGB,51939,fbd33e3da6940174ec17e028c8f660de922b7b62c7ec51150692b6ec43f8b4a6,e3ea09181fd7c1cc,b183c7682ad914d2,True,,,,True,TRAIN,False,NOT VERIFIED,DUPLICATE_REVIEW,near-duplicate candidate matching existing TRAIN image,JPEG,0.748889,,False
Non-Venomous/Indian Rock Python/hqdefault.jpg,hqdefault.jpg,.jpg,Non-Venomous,Indian Rock Python,Non_Venomous_Snake,480,360,RGB,41981,118c8594e6b09117ce2ca64ecb1c18040ad9dc180caa2de375b5cc28502caa25,bc98527c6d614e27,3138371736260cc9,True,,,,True,TRAIN,False,NOT VERIFIED,DUPLICATE_REVIEW,near-duplicate candidate matching existing TRAIN image,JPEG,1.333333,,False
Non-Venomous/Indian Rock Python/hqdefault_002.jpg,hqdefault_002.jpg,.jpg,Non-Venomous,Indian Rock Python,Non_Venomous_Snake,480,360,RGB,26298,9be8b261889abc3d3e555f0dbb88f11a5536036b73db52afcfe4673e28a86067,d22f3ed4298273ca,2768e8cdf1c8f0a9,True,,,,True,TRAIN,False,NOT VERIFIED,DUPLICATE_REVIEW,near-duplicate candidate matching existing TRAIN image,JPEG,1.333333,,False
Non-Venomous/Indian Rock Python/hqdefault_004.jpg,hqdefault_004.jpg,.jpg,Non-Venomous,Indian Rock Python,Non_Venomous_Snake,480,360,RGB,20679,8a35ee2dfadaffdcda7533c23d88544879ce2a680bd7d1735b5dd00e7a5008f1,817ed07996077e25,9492c6e27a12d2f4,True,,,,True,TRAIN,False,NOT VERIFIED,DUPLICATE_REVIEW,near-duplicate candidate matching existing TRAIN image,JPEG,1.333333,,False
Non-Venomous/Indian Rock Python/hqdefault_006.jpg,hqdefault_006.jpg,.jpg,Non-Venomous,Indian Rock Python,Non_Venomous_Snake,480,360,RGB,13634,f1e819dd2bcdf35d6792131bf6f102a3d905d378686d817d21d10b63e63ad41c,d6d6817fa58838b8,6848b80008076fff,True,,,,True,TRAIN,False,NOT VERIFIED,DUPLICATE_REVIEW,near-duplicate candidate matching existing TRAIN image,JPEG,1.333333,,False
Non-Venomous/Indian Rock Python/hqdefault_007.jpg,hqdefault_007.jpg,.jpg,Non-Venomous,Indian Rock Python,Non_Venomous_Snake,480,360,RGB,24981,ec3fa30d60ac16d3d8a175d02f8afcd0a78d3772483704fd0fc744f6c81dbe36,b8e34bc81317f871,91271e6e1f3332bb,True,,,,True,TRAIN,False,NOT VERIFIED,DUPLICATE_REVIEW,near-duplicate candidate matching existing TRAIN image,JPEG,1.333333,,False
Non-Venomous/Indian Rock Python/Image003.jpg,Image003.jpg,.jpg,Non-Venomous,Indian Rock Python,Non_Venomous_Snake,380,285,RGB,45496,04223bf3f4215441df4bf0d0a1b174f9f3d1a0670f7f0251242a6ec80a5c19d0,e1649e1bcb24965b,4126a7c79b9daa68,True,,,,True,TRAIN,False,NOT VERIFIED,DUPLICATE_REVIEW,near-duplicate candidate matching existing TRAIN image,JPEG,1.333333,,False
Non-Venomous/Indian Rock Python/Image010.jpg,Image010.jpg,.jpg,Non-Venomous,Indian Rock Python,Non_Venomous_Snake,380,285,RGB,39324,b4ccf5464de2b66e10958adb344924c6a639091a25a058210b6e8e098cb57cb2,ad344b6d46db9c11,f33e3c6c662363c1,True,,,,True,TRAIN,False,NOT VERIFIED,DUPLICATE_REVIEW,near-duplicate candidate matching existing TRAIN image,JPEG,1.333333,,False
Non-Venomous/Indian Rock Python/image[1].jpg,image[1].jpg,.jpg,Non-Venomous,Indian Rock Python,Non_Venomous_Snake,1295,967,RGB,162818,8cea483499496c7e8d4f747dce49e2d2ef9ca9fc4276072b032e84288140bbb2,aa9ed568462592db,67273bd7d3939357,True,,,,True,TRAIN,False,NOT VERIFIED,DUPLICATE_REVIEW,near-duplicate candidate matching existing TRAIN image,JPEG,1.339193,,False
Non-Venomous/Indian Rock Python/img58.jpg,img58.jpg,.jpg,Non-Venomous,Indian Rock Python,Non_Venomous_Snake,1024,683,RGB,852073,31ee5d1c93f02c8747b8c3dddbfe6184029f56bb67c6643d41346c350efeb15f,aa4ba12d973547e4,cb9321313d2b1f8f,True,,,,True,VALIDATION,False,NOT VERIFIED,DUPLICATE_REVIEW,near-duplicate candidate matching existing VALIDATION image,JPEG,1.499268,,False
Non-Venomous/Indian Rock Python/IMG_0057.jpg,IMG_0057.jpg,.jpg,Non-Venomous,Indian Rock Python,Non_Venomous_Snake,640,426,RGB,234505,19180b27a4ed899211d63398cd18c3447672982008805a1f20e74ebd47e0efe7,95735a666b9620d9,2cfebcf4f2e6e4f8,True,,,,True,TRAIN,False,NOT VERIFIED,DUPLICATE_REVIEW,near-duplicate candidate matching existing TRAIN image,JPEG,1.502347,,False
Non-Venomous/Indian Rock Python/Indian rock python imprisoned in Gujarat after it swallows blue bull.jpg,Indian rock python imprisoned in Gujarat after it swallows blue bull.jpg,.jpg,Non-Venomous,Indian Rock Python,Non_Venomous_Snake,626,336,RGB,43330,ca599a18ea1e018865e77851d322af24fc8f20b2b5e31da8dc08aebeb1354193,c8cb9f3e7c485870,71e0d3939ebbefc6,True,,,,True,TRAIN,False,NOT VERIFIED,DUPLICATE_REVIEW,near-duplicate candidate matching existing TRAIN image,JPEG,1.863095,,False
Non-Venomous/Indian Rock Python/Indian Rock Python.jpg,Indian Rock Python.jpg,.jpg,Non-Venomous,Indian Rock Python,Non_Venomous_Snake,240,320,RGB,48016,700c7ce3e5810d52202cdfe114ea409795988ce7de5e1bab112d5f47970fd606,a4d4eb1bd4603d87,3475a6a6f41fcb42,True,,,,True,TRAIN,False,NOT VERIFIED,DUPLICATE_REVIEW,near-duplicate candidate matching existing TRAIN image,JPEG,0.75,,False
Non-Venomous/Indian Rock Python/Indian Rock Python.preview.jpg,Indian Rock Python.preview.jpg,.jpg,Non-Venomous,Indian Rock Python,Non_Venomous_Snake,640,426,RGB,123342,66858a3d0e11e6c2843bc1335b755a5a9887bed1c4d060b3d4da108795c493ff,bc1fc370984d33c9,33756436b80ca6b2,True,,,,True,TRAIN,False,NOT VERIFIED,DUPLICATE_REVIEW,near-duplicate candidate matching existing TRAIN image,JPEG,1.502347,,False
Non-Venomous/Indian Rock Python/Indian Rock Python_001.jpg,Indian Rock Python_001.jpg,.jpg,Non-Venomous,Indian Rock Python,Non_Venomous_Snake,259,194,RGB,16251,bd2e0db9b3e5399609681056581a376e872b795cc4e7c375bc62c4bb5d48d175,917b13644ece34c7,d0d85033a294f8f8,True,,,,True,VALIDATION,False,NOT VERIFIED,DUPLICATE_REVIEW,near-duplicate candidate matching existing VALIDATION image,JPEG,1.335052,,False
Non-Venomous/Indian Rock Python/indian-python-python-molurus-adult-on-rock-gdcc2f.jpg,indian-python-python-molurus-adult-on-rock-gdcc2f.jpg,.jpg,Non-Venomous,Indian Rock Python,Non_Venomous_Snake,450,316,RGB,45563,6415f1c1e72862ef7b0399c84b4010ef2be8d3da2ac6c511cdccd0112d3a368f,af09c4742e4bb939,73e05b632f0eccc7,True,,,,True,TRAIN,False,NOT VERIFIED,DUPLICATE_REVIEW,near-duplicate candidate matching existing TRAIN image,JPEG,1.424051,,False
Non-Venomous/Indian Rock Python/indian-rock-python-10073419.jpg,indian-rock-python-10073419.jpg,.jpg,Non-Venomous,Indian Rock Python,Non_Venomous_Snake,800,533,RGB,43740,10c978d8d779aba13d33ac65f8a65d17c397a02e79081c41e972f9474bc331f5,aaf49a09f50abdc2,0010000e1633f169,True,,,,True,TRAIN,False,NOT VERIFIED,DUPLICATE_REVIEW,near-duplicate candidate matching existing TRAIN image,JPEG,1.500938,,False
Non-Venomous/Indian Rock Python/Indian-Rock-Python-9884.jpg,Indian-Rock-Python-9884.jpg,.jpg,Non-Venomous,Indian Rock Python,Non_Venomous_Snake,312,250,RGB,100750,d2e762d4f9b7491cc619556dace036d9e4397eb899d6ed4adf566a3d5a7d59e9,bec1a23f60414f5b,9bee70822c663f27,True,,,,True,TRAIN,False,NOT VERIFIED,DUPLICATE_REVIEW,near-duplicate candidate matching existing TRAIN image,JPEG,1.248,,False
Non-Venomous/Indian Rock Python/indian-rock-python-BINNS-IMG_9026-copy.jpg,indian-rock-python-BINNS-IMG_9026-copy.jpg,.jpg,Non-Venomous,Indian Rock Python,Non_Venomous_Snake,600,404,RGB,239757,b480394ecb796a6ef5abb4e3acf6c1c6ec907985d62a2db87eb46c434860572b,872d1a0ce2c2efe6,f7766aeae6e6e4ec,True,,,,True,TRAIN,False,NOT VERIFIED,DUPLICATE_REVIEW,near-duplicate candidate matching existing TRAIN image,JPEG,1.485149,,False
Non-Venomous/Indian Rock Python/Indian-Rock-Python-by-Keih-Valentine.jpg,Indian-Rock-Python-by-Keih-Valentine.jpg,.jpg,Non-Venomous,Indian Rock Python,Non_Venomous_Snake,1200,800,RGB,247218,a960378d5034fdc12df7b4646221b6820a3778481afdf5bf8b733e538252aaf2,9436694ae7b19db0,9429bceaec78923a,True,,,,True,TRAIN,False,NOT VERIFIED,DUPLICATE_REVIEW,near-duplicate candidate matching existing TRAIN image,JPEG,1.5,,False
Non-Venomous/Indian Rock Python/indian-rock-python-closeup-canon-d-f-iso-mmnnindian-sighted-forest-floor-western-ghats-india-n-47751635.jpg,indian-rock-python-closeup-canon-d-f-iso-mmnnindian-sighted-forest-floor-western-ghats-india-n-47751635.jpg,.jpg,Non-Venomous,Indian Rock Python,Non_Venomous_Snake,1300,957,RGB,213114,95971d613ebdcf6cd98da09ee8e588ad295cf8f53840587d9252d587f077e734,8c1ef029cf62996d,63bcf468629b8fc7,True,,,,True,VALIDATION,False,NOT VERIFIED,DUPLICATE_REVIEW,near-duplicate candidate matching existing VALIDATION image,JPEG,1.358412,,False
Non-Venomous/Indian Rock Python/indian-rock-python-habitat-canon-d-f-iso-mmnnindian-sighted-forest-floor-western-ghats-india-n-47751466.jpg,indian-rock-python-habitat-canon-d-f-iso-mmnnindian-sighted-forest-floor-western-ghats-india-n-47751466.jpg,.jpg,Non-Venomous,Indian Rock Python,Non_Venomous_Snake,800,533,RGB,104360,4143b5f1f8990a97e94ec87afe24aef09d3c19500101e9252efa3d6591671e99,a94279be0d64d99c,5be9d0c6361b0e13,True,,,,True,TRAIN,False,NOT VERIFIED,DUPLICATE_REVIEW,near-duplicate candidate matching existing TRAIN image,JPEG,1.500938,,False
Non-Venomous/Indian Rock Python/indian-rock-python-in-ranthambhore-tiger-reserve-en8p6y.jpg,indian-rock-python-in-ranthambhore-tiger-reserve-en8p6y.jpg,.jpg,Non-Venomous,Indian Rock Python,Non_Venomous_Snake,640,446,RGB,86424,361f8d29ccc631c6365ba103b9774fd0b0cbc64d4c8772ca9ab39ab19be0fdd5,99129c6df2699738,b7b6bbc989729336,True,,,,True,TRAIN,False,NOT VERIFIED,DUPLICATE_REVIEW,near-duplicate candidate matching existing TRAIN image,JPEG,1.434978,,False
Non-Venomous/Indian Rock Python/indian-rock-python-in-ranthambhore-tiger-reserve-en8p71.jpg,indian-rock-python-in-ranthambhore-tiger-reserve-en8p71.jpg,.jpg,Non-Venomous,Indian Rock Python,Non_Venomous_Snake,640,446,RGB,94922,0fd86e3a2e6f485af786722aff9c099d6d1b493445884125dd6352a0b0c1a40d,bd8ecc4ca43c8e27,265b3d1f1e191e1c,True,,,,True,VALIDATION,False,NOT VERIFIED,DUPLICATE_REVIEW,near-duplicate candidate matching existing VALIDATION image,JPEG,1.434978,,False
Non-Venomous/Indian Rock Python/indian-rock-python-in-western-ghats-awd4p9.jpg,indian-rock-python-in-western-ghats-awd4p9.jpg,.jpg,Non-Venomous,Indian Rock Python,Non_Venomous_Snake,450,315,RGB,54452,50dc87110b538166ab99cbbfa5d60521121dec81bf21f4a627b376c25c793be4,950de849f175b532,92f6f6f6b8daf49c,True,,,,True,TRAIN,False,NOT VERIFIED,DUPLICATE_REVIEW,near-duplicate candidate matching existing TRAIN image,JPEG,1.428571,,False
Non-Venomous/Indian Rock Python/indian-rock-python-in-western-ghats-awd4pc.jpg,indian-rock-python-in-western-ghats-awd4pc.jpg,.jpg,Non-Venomous,Indian Rock Python,Non_Venomous_Snake,450,311,RGB,55912,b1deaba5504ac70cb2ba48503b35ee34917c64cfa6433b6befe2e0fb8bccac11,9e61985cf31ee312,9cba69ecceb7f0f8,True,,,,True,TRAIN,False,NOT VERIFIED,DUPLICATE_REVIEW,near-duplicate candidate matching existing TRAIN image,JPEG,1.446945,,False
Non-Venomous/Indian Rock Python/indian-rock-python-in-western-ghats-AWD4PE.jpg,indian-rock-python-in-western-ghats-AWD4PE.jpg,.jpg,Non-Venomous,Indian Rock Python,Non_Venomous_Snake,1300,947,RGB,213232,50a1369e09a98e18a92f2e62dcbbb13dc42dfce3eb842bdb5480602dfaca3f42,929375156a9a3cad,48c8d4edf178fc43,True,,,,True,TRAIN,False,NOT VERIFIED,DUPLICATE_REVIEW,near-duplicate candidate matching existing TRAIN image,JPEG,1.372756,,False
Non-Venomous/Indian Rock Python/indian-rock-python-in-western-ghats-awd4r9.jpg,indian-rock-python-in-western-ghats-awd4r9.jpg,.jpg,Non-Venomous,Indian Rock Python,Non_Venomous_Snake,450,314,RGB,85933,8c62100cfa58f346c8e13d283e8ac510a54583cf00f2c3f296761385348eec5c,b03cb05cbc18dc7e,be8ebceb2f98d1cc,True,,,,False,,False,NOT VERIFIED,PROVENANCE_REVIEW,source provenance and training reuse rights not verified,JPEG,1.433121,,False
Non-Venomous/Indian Rock Python/indian-rock-python-in-western-ghats-AWD4T0.jpg,indian-rock-python-in-western-ghats-AWD4T0.jpg,.jpg,Non-Venomous,Indian Rock Python,Non_Venomous_Snake,1300,936,RGB,177753,61e9d8671c9f7c888865b1eaa8a421eb0af83f2ffc7d239746db333a93753a17,9426ce0d69dc769c,b4ecacb8b0cef070,True,,,,True,TRAIN,False,NOT VERIFIED,DUPLICATE_REVIEW,near-duplicate candidate matching existing TRAIN image,JPEG,1.388889,,False
Non-Venomous/Indian Rock Python/indian-rock-python-in-western-ghats-awd4t4.jpg,indian-rock-python-in-western-ghats-awd4t4.jpg,.jpg,Non-Venomous,Indian Rock Python,Non_Venomous_Snake,450,314,RGB,72260,1a5b6d2c4fd3fa109f40dbcbf0159be823bf14e77204f1a9790b2ec9cf21ec09,9551f45eb104f966,b8d0c4e8e87164cc,True,,,,True,TRAIN,False,NOT VERIFIED,DUPLICATE_REVIEW,near-duplicate candidate matching existing TRAIN image,JPEG,1.433121,,False
Non-Venomous/Indian Rock Python/Indian-Rock-Python-Langur-kill-1.jpg,Indian-Rock-Python-Langur-kill-1.jpg,.jpg,Non-Venomous,Indian Rock Python,Non_Venomous_Snake,1024,682,RGB,320658,7df6421ca441fdb98491bf55f60d2d1b2bb1ef4dabca50ffabd9846e922f6e36,d9787da68287ccb0,9432b2e9cd344cf6,True,,,,True,TRAIN,False,NOT VERIFIED,DUPLICATE_REVIEW,near-duplicate candidate matching existing TRAIN image,JPEG,1.501466,,False
Non-Venomous/Indian Rock Python/Indian-Rock-Python-Langur-kill-2.jpg,Indian-Rock-Python-Langur-kill-2.jpg,.jpg,Non-Venomous,Indian Rock Python,Non_Venomous_Snake,1024,683,RGB,323200,86a10b96e49d14b3305f0d8c07c0e8d814057a1732686827ab5672eda98cf399,9c083ef2f6c3985c,28b0b0c3b8d96464,True,,,,True,TRAIN,False,NOT VERIFIED,DUPLICATE_REVIEW,near-duplicate candidate matching existing TRAIN image,JPEG,1.499268,,False
Non-Venomous/Indian Rock Python/Indian-Rock-Python-Langur-kill-3.jpg,Indian-Rock-Python-Langur-kill-3.jpg,.jpg,Non-Venomous,Indian Rock Python,Non_Venomous_Snake,1024,683,RGB,377643,a2c6ce46f44d1b761d3dc5e3d69dfa7e9d150f18b46051b2a720fe2a8d1c2b33,92186fb1d78a7c38,69b8b0e83c8cc944,True,,,,True,TRAIN,False,NOT VERIFIED,DUPLICATE_REVIEW,near-duplicate candidate matching existing TRAIN image,JPEG,1.499268,,False
Non-Venomous/Indian Rock Python/Indian-Rock-Python-Langur-kill-4.jpg,Indian-Rock-Python-Langur-kill-4.jpg,.jpg,Non-Venomous,Indian Rock Python,Non_Venomous_Snake,1024,683,RGB,339041,892a9be030906bad6f1786e8c786751487f41640ff794b57a88842b95e211148,cb13b546ee9918a9,50d8b9f1e3f03263,True,,,,True,TRAIN,False,NOT VERIFIED,DUPLICATE_REVIEW,near-duplicate candidate matching existing TRAIN image,JPEG,1.499268,,False
Non-Venomous/Indian Rock Python/Indian-Rock-Python-Langur-kill-5.jpg,Indian-Rock-Python-Langur-kill-5.jpg,.jpg,Non-Venomous,Indian Rock Python,Non_Venomous_Snake,1024,683,RGB,343366,f429a210ec2811d5873de767cd37f2190bea31c365cae89927029af78b7d96c0,f94dfc3a8c039ac2,33938bd3d1198bb3,True,,,,True,TRAIN,False,NOT VERIFIED,DUPLICATE_REVIEW,near-duplicate candidate matching existing TRAIN image,JPEG,1.499268,,False
Non-Venomous/Indian Rock Python/indian-rock-python-on-the-road--nagarhole.jpg,indian-rock-python-on-the-road--nagarhole.jpg,.jpg,Non-Venomous,Indian Rock Python,Non_Venomous_Snake,800,600,RGB,148369,ab2252a278f24e081318d033b862925e778298e031af98d3577e04b20a04d439,c11f3cd09b363cc9,9cc2b65cd0949892,True,,,,False,,False,NOT VERIFIED,PROVENANCE_REVIEW,source provenance and training reuse rights not verified,JPEG,1.333333,,False
Non-Venomous/Indian Rock Python/indian-rock-python-or-indian-python-python-molurus-in-ranthambhore-FXYGTF.jpg,indian-rock-python-or-indian-python-python-molurus-in-ranthambhore-FXYGTF.jpg,.jpg,Non-Venomous,Indian Rock Python,Non_Venomous_Snake,1300,804,RGB,192402,650b5801e4136c99b797e01123d56eb64dde734300c7827fda99239749e2e889,8cc8e2b05e8e7c1f,b1d333333236fc03,True,,,,True,TRAIN,False,NOT VERIFIED,DUPLICATE_REVIEW,near-duplicate candidate matching existing TRAIN image,JPEG,1.616915,,False
Non-Venomous/Indian Rock Python/indian-rock-python-python-molurus-aarey-milk-colony-india-J21E53.jpg,indian-rock-python-python-molurus-aarey-milk-colony-india-J21E53.jpg,.jpg,Non-Venomous,Indian Rock Python,Non_Venomous_Snake,1300,956,RGB,263541,459993ded4679473b22c4c96c9ac8223bab087d67698de7f691a301bc9553723,ddb582d825867b94,d0c0182a1211e14f,True,,,,True,VALIDATION,False,NOT VERIFIED,DUPLICATE_REVIEW,near-duplicate candidate matching existing VALIDATION image,JPEG,1.359833,,False
Non-Venomous/Indian Rock Python/indian-rock-python-python-molurus-aarey-milk-colony-india-j21e53_001.jpg,indian-rock-python-python-molurus-aarey-milk-colony-india-j21e53_001.jpg,.jpg,Non-Venomous,Indian Rock Python,Non_Venomous_Snake,450,320,RGB,40317,4dcbe2d14b56f39d5d8b3ea18368def95246d2ac3b1b1eb52245131bab5df67a,dd258258b54ef916,d0c0982a3611e114,True,,,,True,TRAIN,False,NOT VERIFIED,DUPLICATE_REVIEW,near-duplicate candidate matching existing TRAIN image,JPEG,1.40625,,False
Non-Venomous/Indian Rock Python/indian-rock-python-python-molurus-aka-indian-python-rock-python-black-F2JD6R.jpg,indian-rock-python-python-molurus-aka-indian-python-rock-python-black-F2JD6R.jpg,.jpg,Non-Venomous,Indian Rock Python,Non_Venomous_Snake,1300,956,RGB,294613,b4ccf75137bc3a0dd09339a0c508ebf62fb7250b99f26ec6e665d5b95ef7cedd,989e6f2875876319,b1b9f8ecb58ff147,True,,,,False,,False,NOT VERIFIED,PROVENANCE_REVIEW,source provenance and training reuse rights not verified,JPEG,1.359833,,False
Non-Venomous/Indian Rock Python/indian-rock-python-python-molurus-barnawapara-wls-chhattisgarh-hnwtn1.jpg,indian-rock-python-python-molurus-barnawapara-wls-chhattisgarh-hnwtn1.jpg,.jpg,Non-Venomous,Indian Rock Python,Non_Venomous_Snake,450,320,RGB,53930,d84b2379326e134834ec4bce7d50d169fb47c60fc2d42fdf23f2a4875e6592e3,c94aac31ab1ff318,d3a53843ab8a3297,True,,,,True,TRAIN,False,NOT VERIFIED,DUPLICATE_REVIEW,near-duplicate candidate matching existing TRAIN image,JPEG,1.40625,,False
Non-Venomous/Indian Rock Python/indian-rock-python-python-molurus-molurus-from-maharashtra-india-H9ET4W.jpg,indian-rock-python-python-molurus-molurus-from-maharashtra-india-H9ET4W.jpg,.jpg,Non-Venomous,Indian Rock Python,Non_Venomous_Snake,1300,961,RGB,210013,f8c9852ae39f0f5243797bfe2cd0b00d8839b9a2bfcd31949b28a3a8e253874c,eaa98bc429d23d9a,63430b8d072c254d,True,,,,True,TRAIN,False,NOT VERIFIED,DUPLICATE_REVIEW,near-duplicate candidate matching existing TRAIN image,JPEG,1.352758,,False
Non-Venomous/Indian Rock Python/indian-rock-python-python-molurus-molurus-non-venomous-rare-C691AR.jpg,indian-rock-python-python-molurus-molurus-non-venomous-rare-C691AR.jpg,.jpg,Non-Venomous,Indian Rock Python,Non_Venomous_Snake,1300,956,RGB,355051,c6d773cb3d794381204c80344a77fcd6b342f179717f3e8cf2b915c611876ddf,8e1a398555dc7ab8,d25b3de5e6e5720a,True,,,,False,,False,NOT VERIFIED,PROVENANCE_REVIEW,source provenance and training reuse rights not verified,JPEG,1.359833,,False
Non-Venomous/Indian Rock Python/indian-rock-python-python-molurus-molurus-non-venomous-rare-called-B325DN.jpg,indian-rock-python-python-molurus-molurus-non-venomous-rare-called-B325DN.jpg,.jpg,Non-Venomous,Indian Rock Python,Non_Venomous_Snake,1300,956,RGB,318008,98f9d2506fc2ce92d506a3e3713e9e1a8a7182a7e7bee1c7f2d5aa71face0ebb,87872783c392d5d5,cceeb4b999b0bb47,True,,,,False,,False,NOT VERIFIED,PROVENANCE_REVIEW,source provenance and training reuse rights not verified,JPEG,1.359833,,False
Non-Venomous/Indian Rock Python/indian-rock-python-python-molurus-molurus-non-venomous-rare-called-B325FG.jpg,indian-rock-python-python-molurus-molurus-non-venomous-rare-called-B325FG.jpg,.jpg,Non-Venomous,Indian Rock Python,Non_Venomous_Snake,1300,956,RGB,270843,4eaa2bec5b01059c6e18dcb522bdb2dfdc1a30731c9d12f104ea2891c9f16561,87c34a8d6fda6b80,e3cacd484662f849,True,,,,False,,False,NOT VERIFIED,PROVENANCE_REVIEW,source provenance and training reuse rights not verified,JPEG,1.359833,,False
Non-Venomous/Indian Rock Python/indian-rock-python-python-molurus-molurus-non-venomous-rare-kanha-BN1N7E.jpg,indian-rock-python-python-molurus-molurus-non-venomous-rare-kanha-BN1N7E.jpg,.jpg,Non-Venomous,Indian Rock Python,Non_Venomous_Snake,1300,960,RGB,371849,6083a2fe6402ea2d7df0fce42f7858005e1873fab4d43990e2f63a309ca19dba,e6ac599936b073c4,7323c70626d8d043,True,,,,False,,False,NOT VERIFIED,PROVENANCE_REVIEW,source provenance and training reuse rights not verified,JPEG,1.354167,,False
Non-Venomous/Indian Rock Python/indian-rock-python-python-molurus-molurus-non-venomous-rare-katraj-A0BD86.jpg,indian-rock-python-python-molurus-molurus-non-venomous-rare-katraj-A0BD86.jpg,.jpg,Non-Venomous,Indian Rock Python,Non_Venomous_Snake,1300,964,RGB,233372,e329c206afd327212764bbba1ed9dc274f416f886c216624660fa92b11d8b591,f6b89443799f8b04,1c262f1881c06426,True,,,,True,TRAIN,False,NOT VERIFIED,DUPLICATE_REVIEW,near-duplicate candidate matching existing TRAIN image,JPEG,1.348548,,False
Non-Venomous/Indian Rock Python/indian-rock-python-python-molurus-molurus-non-venomous-rare-panvel-B8718K.jpg,indian-rock-python-python-molurus-molurus-non-venomous-rare-panvel-B8718K.jpg,.jpg,Non-Venomous,Indian Rock Python,Non_Venomous_Snake,1300,956,RGB,256515,27c095bcf288f04392caf40f062c873a5b5d2c2997efacc33ce11aa6e2ab09b3,b73150826f8d7c8e,c88c2e6a6e2ce04b,True,,,,True,TRAIN,False,NOT VERIFIED,DUPLICATE_REVIEW,near-duplicate candidate matching existing TRAIN image,JPEG,1.359833,,False
Non-Venomous/Indian Rock Python/indian-rock-python-with-a-full-belly-in-a-stream-in-ranthambhore-tiger-D2H4CR.jpg,indian-rock-python-with-a-full-belly-in-a-stream-in-ranthambhore-tiger-D2H4CR.jpg,.jpg,Non-Venomous,Indian Rock Python,Non_Venomous_Snake,865,1390,RGB,151102,6873bf3e7e2f5b0628614bc8cdd5b9e3340063d37d24ce852e03e225142826eb,b29256b36c8929ee,dcec1b5687582926,True,,,,True,TRAIN,False,NOT VERIFIED,DUPLICATE_REVIEW,near-duplicate candidate matching existing TRAIN image,JPEG,0.622302,,False
Non-Venomous/Indian Rock Python/Indian-Rock-Python.jpg,Indian-Rock-Python.jpg,.jpg,Non-Venomous,Indian Rock Python,Non_Venomous_Snake,640,480,RGB,235093,d95f2139c5d5fb36eb99e05274c258685258735eaef72ff2bae221fa5dfacb1a,eb0be5e086869e1e,861b596971130f4c,True,,,,True,TRAIN,False,NOT VERIFIED,DUPLICATE_REVIEW,near-duplicate candidate matching existing TRAIN image,JPEG,1.333333,,False
Non-Venomous/Indian Rock Python/Indian-Rock-Python_001.jpg,Indian-Rock-Python_001.jpg,.jpg,Non-Venomous,Indian Rock Python,Non_Venomous_Snake,932,451,RGB,173528,cd7ed2c4afd6f1dcaeed20d692488fb7ba6b8f8b07bf6eb77a1bf7b985241c1f,bfe4b10f443be811,27b32b2522535818,True,,,,True,VALIDATION,False,NOT VERIFIED,DUPLICATE_REVIEW,near-duplicate candidate matching existing VALIDATION image,JPEG,2.066519,,False
Non-Venomous/Indian Rock Python/indian-rock-python_002.jpg,indian-rock-python_002.jpg,.jpg,Non-Venomous,Indian Rock Python,Non_Venomous_Snake,550,367,RGB,47788,ba9b0cf8cf450fb7ce1b17bbee44cde45a5fa96c4e25c1bc9ac6a2d50ad908e9,933f8664f0739645,2e6759196624c9d5,True,,,,True,TRAIN,False,NOT VERIFIED,DUPLICATE_REVIEW,near-duplicate candidate matching existing TRAIN image,JPEG,1.498638,,False
Non-Venomous/Indian Rock Python/indian-rock-python_003.jpg,indian-rock-python_003.jpg,.jpg,Non-Venomous,Indian Rock Python,Non_Venomous_Snake,1600,1163,RGB,1330077,6da4fab4275d54a389c28c4655dcf7426111fca9cc6cb1ca6440b61c0b235cda,98dae425c33d8f38,fd993979ddf636f5,True,,,,True,VALIDATION,False,NOT VERIFIED,DUPLICATE_REVIEW,near-duplicate candidate matching existing VALIDATION image,JPEG,1.375752,,False
Non-Venomous/Indian Rock Python/indian-rock-python_1030440_DH.jpg,indian-rock-python_1030440_DH.jpg,.jpg,Non-Venomous,Indian Rock Python,Non_Venomous_Snake,400,533,RGB,79812,86772a7427e0513eccb9c0dc22dbd2fe13bec1a37cebd177c73c234212549489,b20fc27b8b4a1f23,e154fe381c1c8f1c,True,,,,True,TRAIN,False,NOT VERIFIED,DUPLICATE_REVIEW,near-duplicate candidate matching existing TRAIN image,JPEG,0.750469,,False
Non-Venomous/Indian Rock Python/indian_python_2011.jpg,indian_python_2011.jpg,.jpg,Non-Venomous,Indian Rock Python,Non_Venomous_Snake,555,305,RGB,69975,e77706f4e8dc14c6209093431035b78f1de4ff3936453e44bcaae29823252c99,91963a4de12776cc,98b87cdaf26a1b99,True,,,,True,VALIDATION,False,NOT VERIFIED,DUPLICATE_REVIEW,near-duplicate candidate matching existing VALIDATION image,JPEG,1.819672,,False
Non-Venomous/Indian Rock Python/Indian_rock_python.jpg,Indian_rock_python.jpg,.jpg,Non-Venomous,Indian Rock Python,Non_Venomous_Snake,4608,3072,RGB,6892051,46a64262bf592735bd293d07bd436407f53e08d6a4f07193e4ff0503b8d53853,cc1a926c4b2e99ed,f4f43063e3f6e6d0,True,,,,True,VALIDATION,False,NOT VERIFIED,DUPLICATE_REVIEW,near-duplicate candidate matching existing VALIDATION image,JPEG,1.5,,False
Non-Venomous/Indian Rock Python/Indian_Rock_Python_(_P_molurus)_rolled_up_into_a_ball.JPG,Indian_Rock_Python_(_P_molurus)_rolled_up_into_a_ball.JPG,.jpg,Non-Venomous,Indian Rock Python,Non_Venomous_Snake,3648,2736,RGB,847932,2b63bca5c764a4dd156dab9bb4db0903841d8ebf8d263131c07090130c6f1f6a,adf514d27d82709a,862e3363738ded33,True,,,,True,TRAIN,False,NOT VERIFIED,DUPLICATE_REVIEW,near-duplicate candidate matching existing TRAIN image,JPEG,1.333333,,False
Non-Venomous/Indian Rock Python/Indian_rock_python_(Python_molurus)_at_mysore_zoo.jpg,Indian_rock_python_(Python_molurus)_at_mysore_zoo.jpg,.jpg,Non-Venomous,Indian Rock Python,Non_Venomous_Snake,1024,494,RGB,360420,389557b497e78a84be994a41b9b27fc27f556105e06f6f115608124f36519aab,d499eb90346b70b6,949030b0a4a45145,True,,,,True,VALIDATION,False,NOT VERIFIED,DUPLICATE_REVIEW,near-duplicate candidate matching existing VALIDATION image,JPEG,2.072874,,False
Non-Venomous/Indian Rock Python/Indian_rock_python_from_Nehru_Zoological_park_Hyderabad_4428.JPG,Indian_rock_python_from_Nehru_Zoological_park_Hyderabad_4428.JPG,.jpg,Non-Venomous,Indian Rock Python,Non_Venomous_Snake,2592,1440,RGB,886869,7d1eb3d4021cddb19745edde86729988ab432f13b4536797cd8d37d22463be09,b58a3c7005efb89a,a4b9f3c69c8c0e0e,True,,,,True,TRAIN,False,NOT VERIFIED,DUPLICATE_REVIEW,near-duplicate candidate matching existing TRAIN image,JPEG,1.8,,False
Non-Venomous/Indian Rock Python/Indian_rock_python_from_Nehru_Zoological_park_Hyderabad_4430.JPG,Indian_rock_python_from_Nehru_Zoological_park_Hyderabad_4430.JPG,.jpg,Non-Venomous,Indian Rock Python,Non_Venomous_Snake,2592,1440,RGB,897302,0d3a32a78e0c75a348b5dfac5d7eff0dfd2f26ed0e5e74c72fba5ef1fd8a419b,af9f1eb4328bc301,6e676b2f97163727,True,,,,True,TRAIN,False,NOT VERIFIED,DUPLICATE_REVIEW,near-duplicate candidate matching existing TRAIN image,JPEG,1.8,,False
Non-Venomous/Indian Rock Python/Indian_rock_python_pratik_dahod.JPG,Indian_rock_python_pratik_dahod.JPG,.jpg,Non-Venomous,Indian Rock Python,Non_Venomous_Snake,2305,1534,RGB,585920,af736e383226af1904fe167443b916c83ea3d8fb6f42a96c42a053cc3689d9f0,d236a3e3a4cab760,cc7815a8864999db,True,,,,True,TRAIN,False,NOT VERIFIED,DUPLICATE_REVIEW,near-duplicate candidate matching existing TRAIN image,JPEG,1.502608,,False
Non-Venomous/Indian Rock Python/indian_rock_python_pt4_by_sameerprehistorica-d5tsv6y.jpg,indian_rock_python_pt4_by_sameerprehistorica-d5tsv6y.jpg,.jpg,Non-Venomous,Indian Rock Python,Non_Venomous_Snake,1024,768,RGB,160124,69718d3b0f63856208e1f7ca4fb2c640489a2f1cb1a2f5c41ec9ee6fea38acdc,fe8084beb9a12367,f4e4c6171c2c4452,True,,,,True,VALIDATION,False,NOT VERIFIED,DUPLICATE_REVIEW,near-duplicate candidate matching existing VALIDATION image,JPEG,1.333333,,False
Non-Venomous/Indian Rock Python/indian_rockey_python.jpg,indian_rockey_python.jpg,.jpg,Non-Venomous,Indian Rock Python,Non_Venomous_Snake,899,600,RGB,287622,242267a0ae925f369790b2782b3a06c23e1fd9fec1c5aa52a432ddc009fc5bfa,ce86a1c98b35cb96,e2ad656d21239e9c,True,,,,True,TRAIN,False,NOT VERIFIED,DUPLICATE_REVIEW,near-duplicate candidate matching existing TRAIN image,JPEG,1.498333,,False
Non-Venomous/Indian Rock Python/indianrockpython.jpg,indianrockpython.jpg,.jpg,Non-Venomous,Indian Rock Python,Non_Venomous_Snake,621,463,RGB,110059,f80997dba22cdc0f0ca854191d7a2be4d69ce7a4d0856b863e315937e8f14153,ebb08d07d81d936a,27478f9d854d6773,True,,,,False,,False,NOT VERIFIED,PROVENANCE_REVIEW,source provenance and training reuse rights not verified,JPEG,1.341253,,False
Non-Venomous/Indian Rock Python/indianrockpython_001.jpg,indianrockpython_001.jpg,.jpg,Non-Venomous,Indian Rock Python,Non_Venomous_Snake,480,336,RGB,28806,c3ef6b5d1b85b603ca6bc6d1f1cff3ad9965e8365218998e8a26410abaf60c71,95b525625f9861d9,c6e65634788db959,True,,,,True,TRAIN,False,NOT VERIFIED,DUPLICATE_REVIEW,near-duplicate candidate matching existing TRAIN image,JPEG,1.428571,,False
Non-Venomous/Indian Rock Python/indpython1l.jpg,indpython1l.jpg,.jpg,Non-Venomous,Indian Rock Python,Non_Venomous_Snake,600,400,RGB,59960,7c14f86d9fb27ebdede86beff9c07ccdc825ced2b33a258fc9fddf484e652c02,bb389425e58fd612,0e9b1953474c6d6c,True,,,,True,TRAIN,False,NOT VERIFIED,DUPLICATE_REVIEW,near-duplicate candidate matching existing TRAIN image,JPEG,1.5,,False
Non-Venomous/Indian Rock Python/indpython2l.jpg,indpython2l.jpg,.jpg,Non-Venomous,Indian Rock Python,Non_Venomous_Snake,600,424,RGB,49237,64ef93a3c18e564251fc593163345babc7929193115bd217adc0d38c66e188f5,d52f20dee84a9e2c,3b5eecd03028989c,True,,,,True,TRAIN,False,NOT VERIFIED,DUPLICATE_REVIEW,near-duplicate candidate matching existing TRAIN image,JPEG,1.415094,,False
Non-Venomous/Indian Rock Python/Juvenile_Indian_Rock_Python_(_P_molurus)_in_a_pensive_moment.JPG,Juvenile_Indian_Rock_Python_(_P_molurus)_in_a_pensive_moment.JPG,.jpg,Non-Venomous,Indian Rock Python,Non_Venomous_Snake,3648,2736,RGB,854925,8c84841005f3f7be25129f47c2dcd7611790f299eb09080c64a3d610bf483da2,b05c5f816c2bf13c,712899df9edcee12,True,,,,True,TRAIN,False,NOT VERIFIED,DUPLICATE_REVIEW,near-duplicate candidate matching existing TRAIN image,JPEG,1.333333,,False
Non-Venomous/Indian Rock Python/Juvenilke_Indian_Rock_Python_(_P_molurus)_in_my_palm.JPG,Juvenilke_Indian_Rock_Python_(_P_molurus)_in_my_palm.JPG,.jpg,Non-Venomous,Indian Rock Python,Non_Venomous_Snake,3648,2736,RGB,1110463,6cbe00d4d24d9e13f7a86b4e2a47252bfc1c411ba3a29366a3d6af638f29c90f,aeede0ce84a887d8,87076b2b7169a9ce,True,,,,True,TRAIN,False,NOT VERIFIED,DUPLICATE_REVIEW,near-duplicate candidate matching existing TRAIN image,JPEG,1.333333,,False
Non-Venomous/Indian Rock Python/kaa.jpg,kaa.jpg,.jpg,Non-Venomous,Indian Rock Python,Non_Venomous_Snake,770,513,RGB,169589,8d26cdeb04234769a74d60393e49781eb8cf585406f71f923c8713a5b6109c9a,9c4d2e09ef719998,b660b446c23c9f3f,True,,,,True,TRAIN,False,NOT VERIFIED,DUPLICATE_REVIEW,near-duplicate candidate matching existing TRAIN image,JPEG,1.500975,,False
Non-Venomous/Indian Rock Python/Keoladeo 1587 Indian rock python.JPG,Keoladeo 1587 Indian rock python.JPG,.jpg,Non-Venomous,Indian Rock Python,Non_Venomous_Snake,800,600,RGB,176214,9b33f90129e796cf76fcc80a6e7bc800c3cf0e014e7524589df8c80f7303cc56,d8692bb42a552fd4,1b91221191e4b0f1,True,,,,True,TRAIN,False,NOT VERIFIED,DUPLICATE_REVIEW,near-duplicate candidate matching existing TRAIN image,JPEG,1.333333,,False
Non-Venomous/Indian Rock Python/maa-60451-reptiles-python-indian-rock-python-molurus-snake-on-tree-BFNR5E.jpg,maa-60451-reptiles-python-indian-rock-python-molurus-snake-on-tree-BFNR5E.jpg,.jpg,Non-Venomous,Indian Rock Python,Non_Venomous_Snake,854,1390,RGB,230071,f83d82294da3069c350c47994fd35a24aa75773bb716d228bfbbeaa1550b738c,b63303be1cc65ccc,2d4f260e361c4d20,True,,,,False,,False,NOT VERIFIED,PROVENANCE_REVIEW,source provenance and training reuse rights not verified,JPEG,0.614388,,False
Non-Venomous/Indian Rock Python/maxresdefault.jpg,maxresdefault.jpg,.jpg,Non-Venomous,Indian Rock Python,Non_Venomous_Snake,1280,720,RGB,87201,fe781a2a56893ff947272ac367fd744ea603643c17d992ce4c96a1ae9fd8b3a0,f4c5e12ed5cad031,8e1688c41c252b1e,True,,,,True,VALIDATION,False,NOT VERIFIED,DUPLICATE_REVIEW,near-duplicate candidate matching existing VALIDATION image,JPEG,1.777778,,False
Non-Venomous/Indian Rock Python/maxresdefault_001.jpg,maxresdefault_001.jpg,.jpg,Non-Venomous,Indian Rock Python,Non_Venomous_Snake,1280,720,RGB,79118,0ecd80ceeab3710f03c243dc76d42e716034bf9e4eaf6f0fdecd52e5f261bd4e,bf800dfe1f620479,7a78f71c39272d7e,True,,,,True,TRAIN,False,NOT VERIFIED,DUPLICATE_REVIEW,near-duplicate candidate matching existing TRAIN image,JPEG,1.777778,,False
Non-Venomous/Indian Rock Python/maxresdefault_002.jpg,maxresdefault_002.jpg,.jpg,Non-Venomous,Indian Rock Python,Non_Venomous_Snake,1920,1080,RGB,174772,9d27e752528e455c203ce17d84eea705ec8908976d9cc9011ef8bea9a5c934e1,fb3002f659e0739c,0d0d1a323349c451,True,,,,True,TRAIN,False,NOT VERIFIED,DUPLICATE_REVIEW,near-duplicate candidate matching existing TRAIN image,JPEG,1.777778,,False
Non-Venomous/Indian Rock Python/maxresdefault_003.jpg,maxresdefault_003.jpg,.jpg,Non-Venomous,Indian Rock Python,Non_Venomous_Snake,1920,1080,RGB,297416,c86a9566ab82f70da327290993f385e9ac0b91d497fe26b3ca653b3827a38cb5,84bd7946b21e3e29,f0e2f2ecece4e490,True,,,,True,TRAIN,False,NOT VERIFIED,DUPLICATE_REVIEW,near-duplicate candidate matching existing TRAIN image,JPEG,1.777778,,False
Non-Venomous/Indian Rock Python/maxresdefault_004.jpg,maxresdefault_004.jpg,.jpg,Non-Venomous,Indian Rock Python,Non_Venomous_Snake,2567,1005,RGB,458800,24d1cc3060a63f42ffa38b3d9e5f70df5c724bbb6ba9bc263e2cf14cb8729c06,eb9a0e3515cb694c,70551178160bebe4,True,,,,True,TRAIN,False,NOT VERIFIED,DUPLICATE_REVIEW,near-duplicate candidate matching existing TRAIN image,JPEG,2.554229,,False
Non-Venomous/Indian Rock Python/maxresdefault_006.jpg,maxresdefault_006.jpg,.jpg,Non-Venomous,Indian Rock Python,Non_Venomous_Snake,1280,720,RGB,95982,87b0f64c57d2a5a6d244ef72b72a4cdfad50b2497f18bd3218a47f9c382b5a02,b5ee6281d49b0ed4,c6a7675cd6fb9a8c,True,,,,True,TRAIN,False,NOT VERIFIED,DUPLICATE_REVIEW,near-duplicate candidate matching existing TRAIN image,JPEG,1.777778,,False
Non-Venomous/Indian Rock Python/maxresdefault_007.jpg,maxresdefault_007.jpg,.jpg,Non-Venomous,Indian Rock Python,Non_Venomous_Snake,1280,720,RGB,165456,880547795a9c1497c321aa0e7f75287c68c34c9f0cb3e0e5f15ff14e9d8eb102,aec3947a192ec726,9faee62b1b07269d,True,,,,True,TRAIN,False,NOT VERIFIED,DUPLICATE_REVIEW,near-duplicate candidate matching existing TRAIN image,JPEG,1.777778,,False
Non-Venomous/Indian Rock Python/maxresdefault_008.jpg,maxresdefault_008.jpg,.jpg,Non-Venomous,Indian Rock Python,Non_Venomous_Snake,1280,720,RGB,77273,41d0104fb0e122849de996e6ad9ef8d6be5b9442ab8a484deb9c5638790bd299,85c23f3c6a356a39,ccccc0c4d4c4d6be,True,,,,True,TRAIN,False,NOT VERIFIED,DUPLICATE_REVIEW,near-duplicate candidate matching existing TRAIN image,JPEG,1.777778,,False
Non-Venomous/Indian Rock Python/maxresdefault_010.jpg,maxresdefault_010.jpg,.jpg,Non-Venomous,Indian Rock Python,Non_Venomous_Snake,1280,720,RGB,55503,b00398a40e371840a9caa37f3f1b17eeba04aa95deb9b4eeff346ef7302bdfd2,b2e841609bab8e3f,9f94be3f3faefffb,True,,,,True,VALIDATION,False,NOT VERIFIED,DUPLICATE_REVIEW,near-duplicate candidate matching existing VALIDATION image,JPEG,1.777778,,False
Non-Venomous/Indian Rock Python/p12.jpg,p12.jpg,.jpg,Non-Venomous,Indian Rock Python,Non_Venomous_Snake,640,503,RGB,166836,bc4aa1f1cdd2b52df23bdb9350fcff3967cc6e8e2765fc40131c4c962f63fe0d,cf27113a98c5dd64,4f0d462321514130,True,,,,True,TRAIN,False,NOT VERIFIED,DUPLICATE_REVIEW,near-duplicate candidate matching existing TRAIN image,JPEG,1.272366,,False
Non-Venomous/Indian Rock Python/pmolurus209.jpg,pmolurus209.jpg,.jpg,Non-Venomous,Indian Rock Python,Non_Venomous_Snake,900,600,RGB,159575,c3ec07063cdd4316ec1e39e7ca8226f465eee8a93d2fa3bca3ddcc0c6f7d42c6,ad79d622d3a30c96,5d1333daceef6f78,True,,,,True,TRAIN,False,NOT VERIFIED,DUPLICATE_REVIEW,near-duplicate candidate matching existing TRAIN image,JPEG,1.5,,False
Non-Venomous/Indian Rock Python/pmolurus2092.jpg,pmolurus2092.jpg,.jpg,Non-Venomous,Indian Rock Python,Non_Venomous_Snake,900,600,RGB,124007,22dc7e2a756df510dcda41151f6708691284c8b9b3f7919f5a6a0a80e1462184,a8b5d3c8cd652696,d2180e373397c5e1,True,,,,True,TRAIN,False,NOT VERIFIED,DUPLICATE_REVIEW,near-duplicate candidate matching existing TRAIN image,JPEG,1.5,,False
Non-Venomous/Indian Rock Python/Pratik_jain_dahod_python.JPG,Pratik_jain_dahod_python.JPG,.jpg,Non-Venomous,Indian Rock Python,Non_Venomous_Snake,1200,803,RGB,211019,661d2eff4c25f3789bdc6d52b75955513e87b0d05aa82bc824548a10ffcae773,bc98d25c7968c875,313c371636260ecd,True,,,,True,TRAIN,False,NOT VERIFIED,DUPLICATE_REVIEW,near-duplicate candidate matching existing TRAIN image,JPEG,1.494396,,False
Non-Venomous/Indian Rock Python/Python  molurus2.jpg,Python  molurus2.jpg,.jpg,Non-Venomous,Indian Rock Python,Non_Venomous_Snake,1400,846,RGB,569783,a3910b0d35a87e36ed08ea5f8ea83ff8cd60e70f8523816d4c3fd8b5bd20a090,deee4716594d04c3,4743253119cc6adb,True,,,,True,TRAIN,False,NOT VERIFIED,DUPLICATE_REVIEW,near-duplicate candidate matching existing TRAIN image,JPEG,1.654846,,False
Non-Venomous/Indian Rock Python/Python  molurus3.jpg,Python  molurus3.jpg,.jpg,Non-Venomous,Indian Rock Python,Non_Venomous_Snake,1400,846,RGB,1462722,5bc088f850680b5ddc56bc20fd07b2f58ab02a1da50a8bdb7b869a327ad3edb6,a895f76b55f02885,7a7fbfbef7971fff,True,,,,True,TRAIN,False,NOT VERIFIED,DUPLICATE_REVIEW,near-duplicate candidate matching existing TRAIN image,JPEG,1.654846,,False
Non-Venomous/Indian Rock Python/Python  molurus4.jpg,Python  molurus4.jpg,.jpg,Non-Venomous,Indian Rock Python,Non_Venomous_Snake,1400,846,RGB,618365,de671418873105ce2a2e27ec734240fc141c3ed564bcc8b1845ab07b1719cba1,c8cbaa1b72c42d73,81e9f22508b2e095,True,,,,True,VALIDATION,False,NOT VERIFIED,DUPLICATE_REVIEW,near-duplicate candidate matching existing VALIDATION image,JPEG,1.654846,,False
Non-Venomous/Indian Rock Python/python-generic_650x400_81472483726.jpg,python-generic_650x400_81472483726.jpg,.jpg,Non-Venomous,Indian Rock Python,Non_Venomous_Snake,650,400,RGB,39015,42ecaa621ed714368bf3a7c67448af7c7d6468e273b4a92ae85b608aac6c8db2,ac39c9e6f6b60644,969bb33e070d66f6,True,,,,True,TRAIN,False,NOT VERIFIED,DUPLICATE_REVIEW,near-duplicate candidate matching existing TRAIN image,JPEG,1.625,,False
Non-Venomous/Indian Rock Python/python1.jpg,python1.jpg,.jpg,Non-Venomous,Indian Rock Python,Non_Venomous_Snake,510,431,RGB,113763,a49b68053c8e350bea932ff4cbffe2d3f8e39c051fc7a9f09409e2aa4985056e,b5c84dee1244bad9,d6d6144c1d26369e,True,,,,False,,False,NOT VERIFIED,PROVENANCE_REVIEW,source provenance and training reuse rights not verified,JPEG,1.183295,,False
Non-Venomous/Indian Rock Python/python10l.jpg,python10l.jpg,.jpg,Non-Venomous,Indian Rock Python,Non_Venomous_Snake,600,400,RGB,51923,72babfa2edc38ebe5eaf68b6638c287930be6aa982d930a7fe1734838d1589e8,82a03d5bc325beda,7cb5adccc9a94232,True,,,,True,TRAIN,False,NOT VERIFIED,DUPLICATE_REVIEW,near-duplicate candidate matching existing TRAIN image,JPEG,1.5,,False
Non-Venomous/Indian Rock Python/python_big_12.jpg,python_big_12.jpg,.jpg,Non-Venomous,Indian Rock Python,Non_Venomous_Snake,666,338,RGB,235376,e8d242dc60609a649f71ee23222e19816b5a9d91a4566fe1a42012bb8e7cbf94,97a4684bdb1057e3,87270e7c49623cf1,True,,,,True,TRAIN,False,NOT VERIFIED,DUPLICATE_REVIEW,near-duplicate candidate matching existing TRAIN image,JPEG,1.970414,,False
Non-Venomous/Indian Rock Python/python_molurus_1.jpg,python_molurus_1.jpg,.jpg,Non-Venomous,Indian Rock Python,Non_Venomous_Snake,640,395,RGB,57075,a1e2326d538d25fcbf0e9144f42941fcc864ee11032bc37d94ac021b138a0c99,e0c4cf587116bb27,f4e2cf8c9e19352b,True,,,,True,VALIDATION,False,NOT VERIFIED,DUPLICATE_REVIEW,near-duplicate candidate matching existing VALIDATION image,JPEG,1.620253,,False
Non-Venomous/Indian Rock Python/rivertern.3.jpg,rivertern.3.jpg,.jpg,Non-Venomous,Indian Rock Python,Non_Venomous_Snake,526,392,RGB,80672,621a798548ad623646112929d2d156b5aca9edb69a35d9c0430c1b826bfa3a03,85434638e1a799fd,c3e0708e96b9e4d3,True,,,,True,TRAIN,False,NOT VERIFIED,DUPLICATE_REVIEW,near-duplicate candidate matching existing TRAIN image,JPEG,1.341837,,False
Non-Venomous/Indian Rock Python/rock-python-sun-basking-indian-forest-41115121.jpg,rock-python-sun-basking-indian-forest-41115121.jpg,.jpg,Non-Venomous,Indian Rock Python,Non_Venomous_Snake,222,160,RGB,18151,2268cc26da950d3b51f280931ec9b02af7b616511ef1be42cf51684db72de93c,804c843bfff0ef11,b4f991250a4b94ee,True,,,,True,TRAIN,False,NOT VERIFIED,DUPLICATE_REVIEW,near-duplicate candidate matching existing TRAIN image,JPEG,1.3875,,False
Non-Venomous/Indian Rock Python/rock_python.jpg,rock_python.jpg,.jpg,Non-Venomous,Indian Rock Python,Non_Venomous_Snake,800,546,RGB,156339,7da82af7bf849cc9f5c3754c921b9ac1851a6d67fa72e2846417bef24c0b73fc,99b2e363cc54a78a,8f9f3db4715bd373,True,,,,True,TRAIN,False,NOT VERIFIED,DUPLICATE_REVIEW,near-duplicate candidate matching existing TRAIN image,JPEG,1.465201,,False
Non-Venomous/Indian Rock Python/RockPython0.png,RockPython0.png,.png,Non-Venomous,Indian Rock Python,Non_Venomous_Snake,240,320,RGB,166875,ecd938bc16d47982cbdc5870839bd4090eaf964e892a59084e7ea353fa69a874,afe3968f903c9324,ce4f072bc753278e,True,,,,True,TRAIN,False,NOT VERIFIED,DUPLICATE_REVIEW,near-duplicate candidate matching existing TRAIN image,PNG,0.75,,False
Non-Venomous/Indian Rock Python/SachinRockPython.jpg,SachinRockPython.jpg,.jpg,Non-Venomous,Indian Rock Python,Non_Venomous_Snake,1216,815,RGB,345195,082d77fd353bf813cb7160da9ce74eb3defc892cda56a3beb738fbf97f2f16c1,85927e45e5989ba5,eca8f8e4c6f03144,True,,,,True,TRAIN,False,NOT VERIFIED,DUPLICATE_REVIEW,near-duplicate candidate matching existing TRAIN image,JPEG,1.492025,,False
Non-Venomous/Indian Rock Python/stock-photo-detail-of-the-head-of-a-indian-rock-python-python-molurus-426925648.jpg,stock-photo-detail-of-the-head-of-a-indian-rock-python-python-molurus-426925648.jpg,.jpg,Non-Venomous,Indian Rock Python,Non_Venomous_Snake,450,320,RGB,28687,f55812df9a330535068748ed777b47f869f40c9312c4db4e921490cd93e18f33,d35a3269bc2f8d44,2cccc06892dacc9c,True,,,,True,TRAIN,False,NOT VERIFIED,DUPLICATE_REVIEW,near-duplicate candidate matching existing TRAIN image,JPEG,1.40625,,False
Non-Venomous/Indian Rock Python/stock-photo-indian-rock-python-python-molurus-isolated-on-white-background-33295459.jpg,stock-photo-indian-rock-python-python-molurus-isolated-on-white-background-33295459.jpg,.jpg,Non-Venomous,Indian Rock Python,Non_Venomous_Snake,1500,1101,RGB,487017,cda9d5b99ec075e9d41a747f0cd7fe5df8f181aea3ed5185301c2b71bef3f9fd,e2fa18bc39951497,0f8f4f874726049b,True,,,,False,,False,NOT VERIFIED,PROVENANCE_REVIEW,source provenance and training reuse rights not verified,JPEG,1.362398,,False
Non-Venomous/Indian Rock Python/stock-photo-snake-named-indian-python-in-a-tree-seen-in-india-354574682.jpg,stock-photo-snake-named-indian-python-in-a-tree-seen-in-india-354574682.jpg,.jpg,Non-Venomous,Indian Rock Python,Non_Venomous_Snake,450,346,RGB,82413,35aff894a057ac2858916db4d9d57620bc3d6ede59c6fafe277b781ede8fb204,e7038e44ce34ec3e,c54a1eda0ea68e2d,True,,,,True,TRAIN,False,NOT VERIFIED,DUPLICATE_REVIEW,near-duplicate candidate matching existing TRAIN image,JPEG,1.300578,,False
Non-Venomous/Indian Rock Python/tumblr_mjkqc0Rogs1qhb1elo1_500.jpg,tumblr_mjkqc0Rogs1qhb1elo1_500.jpg,.jpg,Non-Venomous,Indian Rock Python,Non_Venomous_Snake,500,667,RGB,668997,be6ddb30a79d1a0f4f99ccf0550767cd72d2669d41fdb4e8cb877ee94616506e,bb9743c07b05ac66,59482e123ab3c06b,True,,,,True,TRAIN,False,NOT VERIFIED,DUPLICATE_REVIEW,near-duplicate candidate matching existing TRAIN image,PNG,0.749625,,False
Non-Venomous/Indian Rock Python/udaipurtimes-6_1437804595.jpg,udaipurtimes-6_1437804595.jpg,.jpg,Non-Venomous,Indian Rock Python,Non_Venomous_Snake,600,325,RGB,211408,6abc48d7c680ca7e4ce5764450c11f178b151733f165d0b7f75414357d39ff0b,adc395f8d6c58a22,7252c7422733373e,True,,,,True,VALIDATION,False,NOT VERIFIED,DUPLICATE_REVIEW,near-duplicate candidate matching existing VALIDATION image,JPEG,1.846154,,False
Non-Venomous/Indian Rock Python/y3ofIndian Rock Python.jpg,y3ofIndian Rock Python.jpg,.jpg,Non-Venomous,Indian Rock Python,Non_Venomous_Snake,500,594,RGB,113857,75057f1447e2587f5ab45d49f87627c58b90e048eca56ff0ed5bee2de637ecb5,ea85c41f0b5e8f70,7fcf1f35131b0d87,True,,,,True,TRAIN,False,NOT VERIFIED,DUPLICATE_REVIEW,near-duplicate candidate matching existing TRAIN image,JPEG,0.841751,,False
Venomous/Common Krait/0045.jpeg,0045.jpeg,.jpeg,Venomous,Common Krait,Venomous_Snake,683,512,RGB,101625,772e4731a22815eb55174683d3795b46086f41c2333e7a33b9390202b315d205,d9382c079b7ce4c3,b1f89c19d8c0b25e,True,,,,True,TRAIN,False,NOT VERIFIED,DUPLICATE_REVIEW,near-duplicate candidate matching existing TRAIN image,JPEG,1.333984,,False
Venomous/Common Krait/01DSC_6599.JPG,01DSC_6599.JPG,.jpg,Venomous,Common Krait,Venomous_Snake,1600,915,RGB,278175,9bcc5c4c10696417d24898d7a19fee368fb9faa1982c9efeef783bb9ca09382f,febd89c0202f17d2,16100807a9220943,True,,,,True,TEST,False,NOT VERIFIED,LEAKAGE_RISK,near-duplicate candidate matching existing TEST image (HIGH_CONFIDENCE_NEAR_DUPLICATE),JPEG,1.748634,,False
Venomous/Common Krait/02tvCommon_Krait__S_824501g.jpg,02tvCommon_Krait__S_824501g.jpg,.jpg,Venomous,Common Krait,Venomous_Snake,630,420,RGB,71656,63a6128ff9bc9826517bb01d6ac86eae1e80063be902152f61887f44a2f99394,e432da558bc1f478,713c9fcf2aa6e651,True,,NEAR0002,NEAR0002,True,TEST,False,NOT VERIFIED,LEAKAGE_RISK,near-duplicate candidate matching existing TEST image (HIGH_CONFIDENCE_NEAR_DUPLICATE),JPEG,1.5,,False
Venomous/Common Krait/03000026775_01_f.jpg,03000026775_01_f.jpg,.jpg,Venomous,Common Krait,Venomous_Snake,1024,768,RGB,129402,e71ca18c3ff795296a252551f28633098bfe0a7090b6d7045a1b87c67efbb22b,b16fc2d03c8719b9,d08b3a1e3eb0eaf2,True,,,,True,TRAIN,False,NOT VERIFIED,DUPLICATE_REVIEW,near-duplicate candidate matching existing TRAIN image,JPEG,1.333333,,False
Venomous/Common Krait/0353.jpeg,0353.jpeg,.jpeg,Venomous,Common Krait,Venomous_Snake,960,684,RGB,246576,b9d06a82aba3ba8c616670d9ccb197e90d81aeec08419f6cdbab76f84e3ba0ac,aa39c17703c87f34,d9bb37f10f6794c3,True,,,,True,TRAIN,False,NOT VERIFIED,DUPLICATE_REVIEW,near-duplicate candidate matching existing TRAIN image,JPEG,1.403509,,False
Venomous/Common Krait/04337e4f3fda41e8d0d3121f8dc3cd8f--colorful-snakes-reptiles.jpg,04337e4f3fda41e8d0d3121f8dc3cd8f--colorful-snakes-reptiles.jpg,.jpg,Venomous,Common Krait,Venomous_Snake,236,177,RGB,13362,0e86894db405d4124013c48df2f7bf3b289d14911667244d60c1423b74cf2482,b54a02fdcd13e519,9185df4e1606deee,True,,,,True,TRAIN,False,NOT VERIFIED,DUPLICATE_REVIEW,near-duplicate candidate matching existing TRAIN image,JPEG,1.333333,,False
Venomous/Common Krait/0836.jpeg,0836.jpeg,.jpeg,Venomous,Common Krait,Venomous_Snake,432,288,RGB,110306,c941d0006dba1417b1a17a19e6b2573d9b0c558cad6f5613862baa1dd847791c,ebe3960c94c9261f,facb4b9b0f83232e,True,,,,True,TRAIN,False,NOT VERIFIED,DUPLICATE_REVIEW,near-duplicate candidate matching existing TRAIN image,JPEG,1.5,,False
Venomous/Common Krait/1-Common-Indian-Krait-Bungarus-Caeruleus.jpg,1-Common-Indian-Krait-Bungarus-Caeruleus.jpg,.jpg,Venomous,Common Krait,Venomous_Snake,512,342,RGB,82499,aecc9246ab453d0d124db410a67092c2cc6d2779210749ba85456053da1c14f7,bbda60d986719c61,e9b93a6a6a329ace,True,,,,True,TEST,False,NOT VERIFIED,LEAKAGE_RISK,near-duplicate candidate matching existing TEST image (HIGH_CONFIDENCE_NEAR_DUPLICATE),JPEG,1.497076,,False
Venomous/Common Krait/1143.jpeg,1143.jpeg,.jpeg,Venomous,Common Krait,Venomous_Snake,800,600,RGB,120418,b26bb67472b31ad3264f1ea3f048754f54e801bcc17e135fa911077ad7c4b685,af60d82ff61861c6,306697374e5233c8,True,,,,True,VALIDATION,False,NOT VERIFIED,DUPLICATE_REVIEW,near-duplicate candidate matching existing VALIDATION image,JPEG,1.333333,,False
Venomous/Common Krait/12382341385_f5af5fc558_b.jpg,12382341385_f5af5fc558_b.jpg,.jpg,Venomous,Common Krait,Venomous_Snake,1024,372,RGB,156267,d00ba8c62a72b6f54910368a73d4cce14f17c36fdbe5217b71d1003599af114c,b3e2cc1b7c88213f,990d8d2e38d97d32,True,,,,True,TRAIN,False,NOT VERIFIED,DUPLICATE_REVIEW,near-duplicate candidate matching existing TRAIN image,JPEG,2.752688,,False
Venomous/Common Krait/12387351175_937273a2dd_b.jpg,12387351175_937273a2dd_b.jpg,.jpg,Venomous,Common Krait,Venomous_Snake,1024,993,RGB,232810,e4264546825b0a1c53e3dc53af45578353decadbd5b2266c26adcc9327c242e3,e5484371d2767a4e,c0d292268e9656dc,True,,,,False,,False,NOT VERIFIED,PROVENANCE_REVIEW,source provenance and training reuse rights not verified,JPEG,1.031219,,False
Venomous/Common Krait/12474945055_9b6d772f9d_b.jpg,12474945055_9b6d772f9d_b.jpg,.jpg,Venomous,Common Krait,Venomous_Snake,1024,498,RGB,211655,e3e9bdac54519448c2bbc710ed5fe16084bb9f8d4a5bf7c1596bf4fd40327ba3,abc99495c93a66e1,fddf8f2b530e0fcf,True,,,,True,TRAIN,False,NOT VERIFIED,DUPLICATE_REVIEW,near-duplicate candidate matching existing TRAIN image,JPEG,2.056225,,False
Venomous/Common Krait/12474950295_b152cf0527_b.jpg,12474950295_b152cf0527_b.jpg,.jpg,Venomous,Common Krait,Venomous_Snake,1024,527,RGB,148203,15c42a74ed8d8f2311b02dfe0a94954a2a53787b5243195e95474f0d02955071,d72f483c1ef56016,234bce6e7cd4d8d0,True,,,,True,TRAIN,False,NOT VERIFIED,DUPLICATE_REVIEW,near-duplicate candidate matching existing TRAIN image,JPEG,1.943074,,False
Venomous/Common Krait/12475101553_432da47bde_b.jpg,12475101553_432da47bde_b.jpg,.jpg,Venomous,Common Krait,Venomous_Snake,1024,662,RGB,379470,5a8d5c23aa0a0a6b566ba73544cb53cc5d971053d436f934d5bf870a8e437d05,913f0e0c39792bf2,f0ecd89894d4d4c8,True,,,,False,,False,NOT VERIFIED,PROVENANCE_REVIEW,source provenance and training reuse rights not verified,JPEG,1.546828,,False
Venomous/Common Krait/1438850347common krait 2.jpg,1438850347common krait 2.jpg,.jpg,Venomous,Common Krait,Venomous_Snake,600,469,RGB,66114,e5bb5db6c08420c215a919a9811a345caa766ef63098419f036b844b30bc6d86,af9db0e4da983164,3c661731630e65cd,True,,,,True,TRAIN,False,NOT VERIFIED,DUPLICATE_REVIEW,near-duplicate candidate matching existing TRAIN image,JPEG,1.279318,,False
Venomous/Common Krait/1438850347IMG_1543.jpg,1438850347IMG_1543.jpg,.jpg,Venomous,Common Krait,Venomous_Snake,600,337,RGB,82174,3237d80eb5948b14e8f6217aa71360000a01d5d93875ef05a030e52e2fc29c19,8c30d3c3092f2ff6,6bbe367777636963,True,,,,True,TRAIN,False,NOT VERIFIED,DUPLICATE_REVIEW,near-duplicate candidate matching existing TRAIN image,JPEG,1.780415,,False
Venomous/Common Krait/1438850349IMG_7477.JPG,1438850349IMG_7477.JPG,.jpg,Venomous,Common Krait,Venomous_Snake,600,450,RGB,57886,db8898bf69bc0bc5c0be7364f0a6a1e7ecaa929c2b98fb65663f2792e4018336,e47a893396cdd119,4305a3260cc6b2e2,True,,,,True,TRAIN,False,NOT VERIFIED,DUPLICATE_REVIEW,near-duplicate candidate matching existing TRAIN image,JPEG,1.333333,,False
Venomous/Common Krait/14726606771_f1dda9c3b9_b.jpg,14726606771_f1dda9c3b9_b.jpg,.jpg,Venomous,Common Krait,Venomous_Snake,1024,671,RGB,482248,51d3c464346a4b407d092ec7b7bf8b227fdbeade94354cd7dba69ce12ad4cb83,be90c149c666cbb6,c5162b2f2553076d,True,,,,False,,False,NOT VERIFIED,PROVENANCE_REVIEW,source provenance and training reuse rights not verified,JPEG,1.52608,,False
Venomous/Common Krait/18.jpg,18.jpg,.jpg,Venomous,Common Krait,Venomous_Snake,320,240,RGB,29419,5f448e1f96d116b9e1cda8308a3d8aa7226062e4c03ece689f888e01c2e8359f,e2b1e59692611b6d,cc8e0bc9694d87e3,True,,,,True,TRAIN,False,NOT VERIFIED,DUPLICATE_REVIEW,near-duplicate candidate matching existing TRAIN image,JPEG,1.333333,,False
Venomous/Common Krait/2056.jpeg,2056.jpeg,.jpeg,Venomous,Common Krait,Venomous_Snake,750,500,RGB,154141,af1a94236c45fa49d44b0edc4d4ab84c86281e9c66b992392e18b16dbe0fb458,970763fa46604cdd,c85cf6ec743d9ac8,True,,,,False,,False,NOT VERIFIED,PROVENANCE_REVIEW,source provenance and training reuse rights not verified,JPEG,1.5,,False
Venomous/Common Krait/247313107_37c9b05a88.jpg,247313107_37c9b05a88.jpg,.jpg,Venomous,Common Krait,Venomous_Snake,500,333,RGB,56591,d3b823cb2a4d1b038da38d72d34f5dc424d09e1e2c56aceccee45ee5c0e882e2,bdf8c823e10f3c98,9b9b3c5edf6e6679,True,,,,True,TRAIN,False,NOT VERIFIED,DUPLICATE_REVIEW,near-duplicate candidate matching existing TRAIN image,JPEG,1.501502,,False
Venomous/Common Krait/2816621425_c2ac28297a_b.jpg,2816621425_c2ac28297a_b.jpg,.jpg,Venomous,Common Krait,Venomous_Snake,685,1024,RGB,381079,6c3051961c216510e52368ff4c3fdd49cf5a2ccb1f32b3e62dac136c801b108a,a71719e472197c8e,bc4c798aa596f251,True,,,,True,TRAIN,False,NOT VERIFIED,DUPLICATE_REVIEW,near-duplicate candidate matching existing TRAIN image,JPEG,0.668945,,False
Venomous/Common Krait/2848633061_422445e453_o.jpg,2848633061_422445e453_o.jpg,.jpg,Venomous,Common Krait,Venomous_Snake,500,417,RGB,91171,851f37ca88422dd72848128319624beebea1f2a5fde82e1a41369d15e262049d,e52c9ca73aa63896,b69695078b5e44b1,True,,,,True,TRAIN,False,NOT VERIFIED,DUPLICATE_REVIEW,near-duplicate candidate matching existing TRAIN image,JPEG,1.199041,,False
Venomous/Common Krait/3-Common-Indian-Krait-Bungarus-Caeruleus.jpg,3-Common-Indian-Krait-Bungarus-Caeruleus.jpg,.jpg,Venomous,Common Krait,Venomous_Snake,341,512,RGB,90681,6b2ddc5c6708f1fb2e2f327a6ba3f0d7c24484527824dd9df17f4ebb0b86c78b,d38c0e4a2fe1f156,67a0d2da68c8e054,True,,,,True,TRAIN,False,NOT VERIFIED,DUPLICATE_REVIEW,near-duplicate candidate matching existing TRAIN image,JPEG,0.666016,,False
Venomous/Common Krait/39e574b4966c870035f7e3c9378379b2.jpg,39e574b4966c870035f7e3c9378379b2.jpg,.jpg,Venomous,Common Krait,Venomous_Snake,1024,768,RGB,137210,7b68c27338ac5ccd4b4b7acba2917e8dec8231224d82c8e4f8263419689203ce,a9c57e2bb04c56aa,a35a77b29b493335,True,,,,True,TEST,False,NOT VERIFIED,LEAKAGE_RISK,near-duplicate candidate matching existing TEST image (HIGH_CONFIDENCE_NEAR_DUPLICATE),JPEG,1.333333,,False
Venomous/Common Krait/4-Common-Indian-Krait-Bungarus-Caeruleus.jpg,4-Common-Indian-Krait-Bungarus-Caeruleus.jpg,.jpg,Venomous,Common Krait,Venomous_Snake,512,342,RGB,101350,c5fb8c95f45eb61c9c6c74dba38b311c8d1f3373d3ab51736b9538742ca83dee,df74c5159601a47d,d418014d0c8c5a68,True,,,,True,TRAIN,False,NOT VERIFIED,DUPLICATE_REVIEW,near-duplicate candidate matching existing TRAIN image,JPEG,1.497076,,False
Venomous/Common Krait/4398279168_d4b46620ed.jpg,4398279168_d4b46620ed.jpg,.jpg,Venomous,Common Krait,Venomous_Snake,500,340,RGB,204215,1e2da1ff84063faf4a9c9496b542722d65cee7e8ed18b63e39933950f06da39b,ea6af4f19fa80614,8b092563d99b966e,True,,,,True,TRAIN,False,NOT VERIFIED,DUPLICATE_REVIEW,near-duplicate candidate matching existing TRAIN image,JPEG,1.470588,,False
Venomous/Common Krait/5-Common-Indian-Krait-Bungarus-Caeruleus.jpg,5-Common-Indian-Krait-Bungarus-Caeruleus.jpg,.jpg,Venomous,Common Krait,Venomous_Snake,512,342,RGB,39115,f10ad9f1f04cc2f56ce334250e29bd9663bddfeb9164d30a32e7c75ca2334248,bc371f8da70068ec,7a3c958426f2b066,True,,,,True,TRAIN,False,NOT VERIFIED,DUPLICATE_REVIEW,near-duplicate candidate matching existing TRAIN image,JPEG,1.497076,,False
Venomous/Common Krait/52798683.jpg,52798683.jpg,.jpg,Venomous,Common Krait,Venomous_Snake,400,258,RGB,9306,4794ae7e3f53546e5e34780a7864b4d419b49a8a4550e9a5d0e093d47bdcabd6,a366c82d3491cf3e,e7e7ed8c0e52d391,True,,,,True,TRAIN,False,NOT VERIFIED,DUPLICATE_REVIEW,near-duplicate candidate matching existing TRAIN image,JPEG,1.550388,,False
Venomous/Common Krait/53616048.jpg,53616048.jpg,.jpg,Venomous,Common Krait,Venomous_Snake,400,282,RGB,16799,d7ee15c0974c50143e772bc18ccd3af60ef946963a58a560be3d52f723d7a43c,b2e66e31c398c9cc,cc4c8cdccc9c3c48,True,,,,True,TRAIN,False,NOT VERIFIED,DUPLICATE_REVIEW,near-duplicate candidate matching existing TRAIN image,JPEG,1.41844,,False
Venomous/Common Krait/5556305440_f559fddd5f.jpg,5556305440_f559fddd5f.jpg,.jpg,Venomous,Common Krait,Venomous_Snake,500,422,RGB,138770,48f0031d9ae72649ad4cc7230da3b82674c1216eb9248edd4138a24fb9ad1044,ea7aca25346d219b,832193377dc64371,True,,,,True,TRAIN,False,NOT VERIFIED,DUPLICATE_REVIEW,near-duplicate candidate matching existing TRAIN image,JPEG,1.184834,,False
Venomous/Common Krait/5556315470_b7b39fec3d.jpg,5556315470_b7b39fec3d.jpg,.jpg,Venomous,Common Krait,Venomous_Snake,500,476,RGB,209886,5c9f1bb6ccbf70e2f8878b675bf4880c949b270f4bb8ed7fa1fa00828d74c032,cea7491b93f48529,e8d1862cd970b231,True,,,,True,TRAIN,False,NOT VERIFIED,DUPLICATE_REVIEW,near-duplicate candidate matching existing TRAIN image,JPEG,1.05042,,False
Venomous/Common Krait/5556319714_5d0d0b919c.jpg,5556319714_5d0d0b919c.jpg,.jpg,Venomous,Common Krait,Venomous_Snake,500,212,RGB,79640,78a7e1ed9056f6816dbc562b08e9621226082b3ca973dba994a0713c69639f9b,f7e4b1c7c01ac839,8e0e0763c2685918,True,,,,True,TRAIN,False,NOT VERIFIED,DUPLICATE_REVIEW,near-duplicate candidate matching existing TRAIN image,JPEG,2.358491,,False
Venomous/Common Krait/571f66bd60128.jpg,571f66bd60128.jpg,.jpg,Venomous,Common Krait,Venomous_Snake,1080,720,RGB,331552,4f5f26cd64c6b9efc0ee3e9b6d4194017d4e574db1fd1357e6424f5531e521b6,a8699e9cc66433d9,6dab8b87953dbdc5,True,,,,True,TRAIN,False,NOT VERIFIED,DUPLICATE_REVIEW,near-duplicate candidate matching existing TRAIN image,JPEG,1.5,,False
Venomous/Common Krait/6674918465_fe1d46c3ab_b.jpg,6674918465_fe1d46c3ab_b.jpg,.jpg,Venomous,Common Krait,Venomous_Snake,1024,576,RGB,267994,e2336bcdccb8e7f299af7559180c62dfaa7b57b923b53c90f365505bc48d3bb4,aa75c139467a1e74,909a0f450f3931e1,True,,,,True,TRAIN,False,NOT VERIFIED,DUPLICATE_REVIEW,near-duplicate candidate matching existing TRAIN image,JPEG,1.777778,,False
Venomous/Common Krait/6O4A4560.jpg,6O4A4560.jpg,.jpg,Venomous,Common Krait,Venomous_Snake,4055,2703,RGB,895828,ba53991cc74212f6d0310605c6d787cbd5c758fd5a3d79c7b5c32deb4f3a91c9,da96a533636e6891,2d5cb86859335193,True,,,,False,,False,NOT VERIFIED,PROVENANCE_REVIEW,source provenance and training reuse rights not verified,JPEG,1.500185,,False
Venomous/Common Krait/7-Common-Indian-Krait-Bungarus-Caeruleus.jpg,7-Common-Indian-Krait-Bungarus-Caeruleus.jpg,.jpg,Venomous,Common Krait,Venomous_Snake,400,267,RGB,27185,f5cd60e419ce47d9c6fecf0fdd97855ef7587cff0e5ac1198786e169c6c76322,e4f78245e5b71a05,c6a5ada696a1aaa5,True,,,,True,TRAIN,False,NOT VERIFIED,DUPLICATE_REVIEW,near-duplicate candidate matching existing TRAIN image,JPEG,1.498127,,False
Venomous/Common Krait/7_jpegadad01e83bb98b57c221716c10d9414b.jpeg,7_jpegadad01e83bb98b57c221716c10d9414b.jpeg,.jpeg,Venomous,Common Krait,Venomous_Snake,600,750,RGB,197927,9e405867f9250b87f5591e4b42aed6bfb3d34cdfc50d49864da7b61b2d3f13c2,e432da558bc1f478,713c9fcf2aa6e251,True,,NEAR0002,NEAR0002,True,TEST,False,NOT VERIFIED,LEAKAGE_RISK,near-duplicate candidate matching existing TEST image (HIGH_CONFIDENCE_NEAR_DUPLICATE),JPEG,0.8,,False
Venomous/Common Krait/81cb1316d8bd6b5ec1dbf0e4d68cf367.jpg,81cb1316d8bd6b5ec1dbf0e4d68cf367.jpg,.jpg,Venomous,Common Krait,Venomous_Snake,599,279,RGB,40261,a3ad6145b68986c9ea3de19b5b988a4733c7a7efb370de8e4a5e687669099e37,82ad84dd520efbc6,e7e76361d932e5ec,True,,,,True,VALIDATION,False,NOT VERIFIED,DUPLICATE_REVIEW,near-duplicate candidate matching existing VALIDATION image,JPEG,2.146953,,False
Venomous/Common Krait/8788959224dd91612cf7b5.jpg,8788959224dd91612cf7b5.jpg,.jpg,Venomous,Common Krait,Venomous_Snake,700,469,RGB,133040,3141aaceceae6b6817185943e1c30a13be77b49b9feb197a5420452cb446931f,b36cc4531b607dcc,47069615594dcd32,True,,,,True,TRAIN,False,NOT VERIFIED,DUPLICATE_REVIEW,near-duplicate candidate matching existing TRAIN image,JPEG,1.492537,,False
Venomous/Common Krait/_837b1414-50e6-11e6-8d8d-a42edc5c5383.JPG,_837b1414-50e6-11e6-8d8d-a42edc5c5383.JPG,.jpg,Venomous,Common Krait,Venomous_Snake,640,428,RGB,67882,77e0f67ec56665d53abb0952e965f26be2935fa28580629c4c2fe175b62aba21,90661735f8f3071e,acb4e189bad2d8d8,True,,,,True,TEST,False,NOT VERIFIED,LEAKAGE_RISK,near-duplicate candidate matching existing TEST image (HIGH_CONFIDENCE_NEAR_DUPLICATE),JPEG,1.495327,,False
Venomous/Common Krait/_a0addf20-4e76-11e6-8d8d-a42edc5c5383.jpg,_a0addf20-4e76-11e6-8d8d-a42edc5c5383.jpg,.jpg,Venomous,Common Krait,Venomous_Snake,640,468,RGB,93299,ea85305552e53d062fc5147638de719be4892deeb514f2291852b2b7074b55f3,b2c69a290cbfe0b9,a8cc4c2493973b31,True,,,,False,,False,NOT VERIFIED,PROVENANCE_REVIEW,source provenance and training reuse rights not verified,JPEG,1.367521,,False
Venomous/Common Krait/_D096405.jpg,_D096405.jpg,.jpg,Venomous,Common Krait,Venomous_Snake,800,532,RGB,259444,a77a3d1e327ba14bd28e187002cf92c1dce9f94527c6ff0ca9ae4f1c96bf042b,c56c529d3bb31c94,88c0a4c454e2ccd8,True,,,,True,TEST,False,NOT VERIFIED,LEAKAGE_RISK,near-duplicate candidate matching existing TEST image (HIGH_CONFIDENCE_NEAR_DUPLICATE),JPEG,1.503759,,False
Venomous/Common Krait/_DSC0082.jpg,_DSC0082.jpg,.jpg,Venomous,Common Krait,Venomous_Snake,1600,948,RGB,403747,311ad5abf59ed0702f9faa8063e299a205e65a2fd4a34b4cbdf58cc4774372ec,da368d4f90716e94,7f372999ad69d262,True,,,,False,,False,NOT VERIFIED,PROVENANCE_REVIEW,source provenance and training reuse rights not verified,JPEG,1.687764,,False
Venomous/Common Krait/afc3fbd1c45e1f79f26e6271444de28e.jpg,afc3fbd1c45e1f79f26e6271444de28e.jpg,.jpg,Venomous,Common Krait,Venomous_Snake,220,147,RGB,14013,298cc3340e2cefb26c0e6cc42327f7f1d010fb4b35cc3b0c991ab2ff39195dd6,9e2a2b8c288f9d75,7399581c14706098,True,,,,True,TRAIN,False,NOT VERIFIED,DUPLICATE_REVIEW,near-duplicate candidate matching existing TRAIN image,JPEG,1.496599,,False
Venomous/Common Krait/B_caeruleus_01-800x455.jpg,B_caeruleus_01-800x455.jpg,.jpg,Venomous,Common Krait,Venomous_Snake,800,455,RGB,247273,141451ae1ba5e561ebe19e88a886784452c8b08c8f17cb94faff3a03315e25d2,8eb9e1c5dae9a484,739b3f696c64f291,True,,,,True,TRAIN,False,NOT VERIFIED,DUPLICATE_REVIEW,near-duplicate candidate matching existing TRAIN image,JPEG,1.758242,,False
Venomous/Common Krait/baby-krait.jpg,baby-krait.jpg,.jpg,Venomous,Common Krait,Venomous_Snake,1024,768,RGB,433519,af262e57ff702bb6f44619cb89ba0236cfd835ff7af058edaa988826b2e32c22,d5ee325cc46319d2,2874d8e030305c9c,True,,,,False,,False,NOT VERIFIED,PROVENANCE_REVIEW,source provenance and training reuse rights not verified,JPEG,1.333333,,False
Venomous/Common Krait/banded krait 1.jpg,banded krait 1.jpg,.jpg,Venomous,Common Krait,Venomous_Snake,386,255,RGB,109409,28b5bd15bdd628c3e27985419374b900de11f36df862ed8f6205f46b09f3c8a2,d5608eb9632ff013,442280c3deb07be1,True,,,,True,VALIDATION,False,NOT VERIFIED,DUPLICATE_REVIEW,near-duplicate candidate matching existing VALIDATION image,JPEG,1.513725,,False
Venomous/Common Krait/black-white-krait.jpg,black-white-krait.jpg,.jpg,Venomous,Common Krait,Venomous_Snake,520,408,RGB,59205,d1b186658638b785b36490d2cb715c97dbe1ae1a2f0334e08bea61bed6f03448,dc839a99b1cd94b4,d89124d656301114,True,,,,True,VALIDATION,False,NOT VERIFIED,DUPLICATE_REVIEW,near-duplicate candidate matching existing VALIDATION image,JPEG,1.27451,,False
Venomous/Common Krait/blog krait.png,blog krait.png,.png,Venomous,Common Krait,Venomous_Snake,500,300,RGBA,338490,c88f99ba86bc7327d2121705903ad3a4cb2d0596753cc7fb68cbbcefe97243a7,f13c98e28f93a748,1c970a5e070d9838,True,,,,True,TEST,False,NOT VERIFIED,LEAKAGE_RISK,near-duplicate candidate matching existing TEST image (HIGH_CONFIDENCE_NEAR_DUPLICATE),PNG,1.666667,,False
Venomous/Common Krait/blog wolf.png,blog wolf.png,.png,Venomous,Common Krait,Venomous_Snake,500,300,RGBA,337530,3c6abb77b9a7ae1bb6785346bf144ca7fb03413c7d32feb7364053c4b6b4e54f,b963f2908f2368c7,8a9f575b3bbfaf5a,True,,,,True,TRAIN,False,NOT VERIFIED,DUPLICATE_REVIEW,near-duplicate candidate matching existing TRAIN image,PNG,1.666667,,False
Venomous/Common Krait/body.gif,body.gif,.gif,Venomous,Common Krait,Venomous_Snake,400,200,P,55080,742fcbdc8bdabf0320cb67629c60d5445f9a8f33039bf5fd1d043753b3552e15,bb2656f1d13b1560,5d6d793b9b1b393c,True,,,,False,,False,NOT VERIFIED,PROVENANCE_REVIEW,source provenance and training reuse rights not verified,GIF,2.0,,False
Venomous/Common Krait/Bridalsnake.jpg,Bridalsnake.jpg,.jpg,Venomous,Common Krait,Venomous_Snake,480,336,RGB,71183,34a2f850edb40501b8c83e1aebb5f7ab1cd10c933967644968c0c35a4facbf90,f5e4c281c09b3f96,868f2d1a864ec96d,True,,,,True,TRAIN,False,NOT VERIFIED,DUPLICATE_REVIEW,near-duplicate candidate matching existing TRAIN image,JPEG,1.428571,,False
Venomous/Common Krait/Bungarus-caeruleus-03000022334_01.jpg,Bungarus-caeruleus-03000022334_01.jpg,.jpg,Venomous,Common Krait,Venomous_Snake,560,373,RGB,62988,6b7e314dd078d0d9cdca4c47aa6d477e8743c64a64f0a187cf0cea3c0ed3cd60,a8f7c50e10e36b71,ccc60a153573c8b0,True,,,,True,TRAIN,False,NOT VERIFIED,DUPLICATE_REVIEW,near-duplicate candidate matching existing TRAIN image,JPEG,1.50134,,False
Venomous/Common Krait/bungarus-caeruleus-common-krait-venomous-maharashtra-india-h9er12.jpg,bungarus-caeruleus-common-krait-venomous-maharashtra-india-h9er12.jpg,.jpg,Venomous,Common Krait,Venomous_Snake,448,320,RGB,46537,442ba594a63d40a489a73e8242a4b6a8ffa80737131d884ebde2d633bd069e49,cf07a5369319cc4d,2d47e33928251313,True,,,,True,TRAIN,False,NOT VERIFIED,DUPLICATE_REVIEW,near-duplicate candidate matching existing TRAIN image,JPEG,1.4,,False
Venomous/Common Krait/Bungarus_caerulus.jpg,Bungarus_caerulus.jpg,.jpg,Venomous,Common Krait,Venomous_Snake,694,449,RGB,111289,0b80eb8dec59304e34e3c98433f8113568986444151276493dfeb365cb599aa0,fc70b006c7b9cad4,9db9916264613af0,True,,,,True,TEST,False,NOT VERIFIED,LEAKAGE_RISK,near-duplicate candidate matching existing TEST image (HIGH_CONFIDENCE_NEAR_DUPLICATE),JPEG,1.545657,,False
Venomous/Common Krait/CJSSKalach1.jpg,CJSSKalach1.jpg,.jpg,Venomous,Common Krait,Venomous_Snake,500,286,RGB,152911,9a0e8b5d286d892e49ce83fe96e960fc6639a84d69d5f2d8eb9b7ceb540a8fba,b290e5998f63dc64,9e9ea5797939cbe6,True,,,,True,TRAIN,False,NOT VERIFIED,DUPLICATE_REVIEW,near-duplicate candidate matching existing TRAIN image,JPEG,1.748252,,False
Venomous/Common Krait/common krait 2.png,common krait 2.png,.png,Venomous,Common Krait,Venomous_Snake,320,273,RGB,164417,50d185a093befcf7fc296df638d0eaa212368955c70074e778c6c11d55c03c6e,90279cd153535f1e,f8f4e4d8f0f8f8b8,True,,,,False,,False,NOT VERIFIED,PROVENANCE_REVIEW,source provenance and training reuse rights not verified,PNG,1.172161,,False
Venomous/Common Krait/common krait.jpg,common krait.jpg,.jpg,Venomous,Common Krait,Venomous_Snake,200,190,RGB,15830,4b57aa84db0effb438fce027d4d6ff4ba0377cddb553dbdaef12e8695857886b,a637de5841e1950f,9b2f46cfd726abe1,True,,,,True,TRAIN,False,NOT VERIFIED,DUPLICATE_REVIEW,near-duplicate candidate matching existing TRAIN image,JPEG,1.052632,,False
Venomous/Common Krait/common krait.png,common krait.png,.png,Venomous,Common Krait,Venomous_Snake,965,725,RGB,1925400,c43dfcbb486df3da03e5b47dbe3ea2fb64c20bf36ff1b8cbfce1deff72767313,e693807ac9e49aa7,b9dcec0b032787e6,True,,NEAR0003,NEAR0003,True,VALIDATION,False,NOT VERIFIED,DUPLICATE_REVIEW,perceptual near-duplicate candidate within new dataset,PNG,1.331034,,False
Venomous/Common Krait/Common krait_001.jpg,Common krait_001.jpg,.jpg,Venomous,Common Krait,Venomous_Snake,1152,679,RGB,323585,0baf6e961d8c711302fc5be8c6533c244da6b4ba83b85bf83092bb53b7e8442c,9e4a8c1c7859f363,30edcd942b2cf8c1,True,,,,True,TRAIN,False,NOT VERIFIED,DUPLICATE_REVIEW,near-duplicate candidate matching existing TRAIN image,JPEG,1.696613,,False
Venomous/Common Krait/Common+krait+(tp)+copy.jpg,Common+krait+(tp)+copy.jpg,.jpg,Venomous,Common Krait,Venomous_Snake,258,400,RGB,43295,4110004a16b3dd661ab2a7d9038ce09d4b62dd4411a13cf19a550aeebaaa369b,814712da6d5cd36d,e8e8eaf6f3fdb1de,True,,,,True,TRAIN,False,NOT VERIFIED,DUPLICATE_REVIEW,near-duplicate candidate matching existing TRAIN image,JPEG,0.645,,False
Venomous/Common Krait/Common-Indian-krait-close-up.jpg,Common-Indian-krait-close-up.jpg,.jpg,Venomous,Common Krait,Venomous_Snake,650,438,RGB,55414,3fb9bdeeb4259f5341a1994e963f0dd24447ba4e4a09d7618e8e47f45bef544a,da61f132e1dab843,8082b9e0c8bd6d50,True,,,,True,TRAIN,False,NOT VERIFIED,DUPLICATE_REVIEW,near-duplicate candidate matching existing TRAIN image,JPEG,1.484018,,False
Venomous/Common Krait/Common-Indian-krait-on-ground.jpg,Common-Indian-krait-on-ground.jpg,.jpg,Venomous,Common Krait,Venomous_Snake,650,448,RGB,87538,8103d06a794ecedf34f001f00fa1f21006681fd795a817f4dce5c816cb9c1e07,a235d9dabc2ce2c2,3458cf36edc9e5e3,True,,,,True,VALIDATION,False,NOT VERIFIED,DUPLICATE_REVIEW,near-duplicate candidate matching existing VALIDATION image,JPEG,1.450893,,False
Venomous/Common Krait/Common-Indian-krait-on-leaf-litter.jpg,Common-Indian-krait-on-leaf-litter.jpg,.jpg,Venomous,Common Krait,Venomous_Snake,220,146,RGB,14305,41edbf6e0646a64171dd0b41b19131f0ecbc34f39ef6da82ca9100685afe49c0,b4ead29463a1fa16,1c6c2d4b2eb4e648,True,,,,True,TRAIN,False,NOT VERIFIED,DUPLICATE_REVIEW,near-duplicate candidate matching existing TRAIN image,JPEG,1.506849,,False
Venomous/Common Krait/Common-Indian-krait-on-sand.jpg,Common-Indian-krait-on-sand.jpg,.jpg,Venomous,Common Krait,Venomous_Snake,650,443,RGB,124579,221f029894be46e0deaa89d6d03508fa8f34e74f8cf17fbcf60ea507d4c3e3cf,e2b5996ab3ce8449,090c260c8b244199,True,,,,True,TRAIN,False,NOT VERIFIED,DUPLICATE_REVIEW,near-duplicate candidate matching existing TRAIN image,JPEG,1.467269,,False
Venomous/Common Krait/Common-Indian-krait.jpg,Common-Indian-krait.jpg,.jpg,Venomous,Common Krait,Venomous_Snake,650,433,RGB,101183,7448d7e570aa7cd983c3a57de6c6d55da2d46a1e47eb4bcf5d2834391837a5a1,a23c9573f9d5e060,9ced65b789ddccd6,True,,,,True,TRAIN,False,NOT VERIFIED,DUPLICATE_REVIEW,near-duplicate candidate matching existing TRAIN image,JPEG,1.501155,,False
Venomous/Common Krait/Common-Indian-krait_001.jpg,Common-Indian-krait_001.jpg,.jpg,Venomous,Common Krait,Venomous_Snake,650,433,RGB,114106,40e4ee200c0fabad92b2a522411cabcd37629f0f6d8455d39fedc111a3ceac76,dfe471d06073b584,80606449b478485a,True,,,,True,TRAIN,False,NOT VERIFIED,DUPLICATE_REVIEW,near-duplicate candidate matching existing TRAIN image,JPEG,1.501155,,False
Venomous/Common Krait/common-krait-1.jpg,common-krait-1.jpg,.jpg,Venomous,Common Krait,Venomous_Snake,600,275,RGB,28991,82de3a67a4518d113d9b5c478c9af81a5195d9b02ba77f6ce1d21fa2b244a64c,bfd18047cb3ecc18,e8d6342f59463e9b,True,,,,True,TRAIN,False,NOT VERIFIED,DUPLICATE_REVIEW,near-duplicate candidate matching existing TRAIN image,JPEG,2.181818,,False
Venomous/Common Krait/Common-Krait-e1463061354216.jpg,Common-Krait-e1463061354216.jpg,.jpg,Venomous,Common Krait,Venomous_Snake,650,602,RGB,151844,5d41b1517a8578927737c0a79974a2ce2a3b6e4986989c932881b969f073220a,eecdd0ce823a9a34,c406170f27270f8c,True,,,,True,TRAIN,False,NOT VERIFIED,DUPLICATE_REVIEW,near-duplicate candidate matching existing TRAIN image,JPEG,1.079734,,False
Venomous/Common Krait/common-krait-final.jpg,common-krait-final.jpg,.jpg,Venomous,Common Krait,Venomous_Snake,3888,2592,RGB,5759826,dc7f40280b41e271db358d787c3a98fef1ab8af4134209145fc3b92d908f503e,e5c4d849d958537a,b2e6ac5e0b43b19a,True,,,,False,,False,NOT VERIFIED,PROVENANCE_REVIEW,source provenance and training reuse rights not verified,JPEG,1.5,,False
Venomous/Common Krait/common-krait-in-latrine-pan.jpg,common-krait-in-latrine-pan.jpg,.jpg,Venomous,Common Krait,Venomous_Snake,800,600,RGB,48484,15bfcbf023c65b18dfbe40b65c4462dfaef30df5c0a6b1f70c9a967044ca166d,c52d92926bc70f99,e08222c392a0a0a0,True,,,,False,,False,NOT VERIFIED,PROVENANCE_REVIEW,source provenance and training reuse rights not verified,JPEG,1.333333,,False
Venomous/Common Krait/Common-Krait-most-dangerous-snake-in-the-world-125x125.jpg,Common-Krait-most-dangerous-snake-in-the-world-125x125.jpg,.jpg,Venomous,Common Krait,Venomous_Snake,125,125,RGB,10887,68ea3b998bf09319c2f592469e2638669936cc287e46761735ab15dcb6b2a963,8545f266da2961b7,a7c6d6f361c70e39,True,,,,True,TRAIN,False,NOT VERIFIED,DUPLICATE_REVIEW,near-duplicate candidate matching existing TRAIN image,JPEG,1.0,,False
Venomous/Common Krait/common-krait-snake.png,common-krait-snake.png,.png,Venomous,Common Krait,Venomous_Snake,1024,480,RGBA,1407714,55e0f19f456213895a90591f0462dceae78c8e4d14b4ec9f9d14c9015330d366,fdbae2819166c2cc,1c3f2b5ad294060e,True,,,,True,TRAIN,False,NOT VERIFIED,DUPLICATE_REVIEW,near-duplicate candidate matching existing TRAIN image,PNG,2.133333,,False
Venomous/Common Krait/common-krait-snake_1500128186.jpeg,common-krait-snake_1500128186.jpeg,.jpeg,Venomous,Common Krait,Venomous_Snake,337,156,RGB,15320,54f7da18c8047c7be95b4c298958b6e28fb5ec7f627302b337cac908721a5ed7,b40d831fc56cb371,060e1e361e1c2d9b,True,,,,True,VALIDATION,False,NOT VERIFIED,DUPLICATE_REVIEW,near-duplicate candidate matching existing VALIDATION image,JPEG,2.160256,,False
Venomous/Common Krait/common-krait.jpg,common-krait.jpg,.jpg,Venomous,Common Krait,Venomous_Snake,415,218,RGB,39532,b8ed542956ae8f32741645464725cc1f9d1df62ed173c140f807387539d34178,e826a5e19332cfc5,0f17231993839212,True,,,,True,TRAIN,False,NOT VERIFIED,DUPLICATE_REVIEW,near-duplicate candidate matching existing TRAIN image,JPEG,1.90367,,False
Venomous/Common Krait/Common-Krait_001.jpg,Common-Krait_001.jpg,.jpg,Venomous,Common Krait,Venomous_Snake,500,350,RGB,104128,275eeb8ae40759b2d35aad7584327766c5b2df9857de4490bb4b7ac8628ccf3f,f04a87a78c58d799,660f18a31c8c9e31,True,,,,True,TRAIN,False,NOT VERIFIED,DUPLICATE_REVIEW,near-duplicate candidate matching existing TRAIN image,JPEG,1.428571,,False
Venomous/Common Krait/Common-Krait_002.jpg,Common-Krait_002.jpg,.jpg,Venomous,Common Krait,Venomous_Snake,337,225,RGB,50144,d528c39d038fbdac0afa6cea266817577d3d45961812e5f68439d0e6b4578124,e8639485c79cc7aa,a60b0b138b1bb737,True,,,,True,VALIDATION,False,NOT VERIFIED,DUPLICATE_REVIEW,near-duplicate candidate matching existing VALIDATION image,JPEG,1.497778,,False
Venomous/Common Krait/common-krait_004.jpg,common-krait_004.jpg,.jpg,Venomous,Common Krait,Venomous_Snake,415,455,RGB,55192,03de5623e4758e3ac2949c9594d1e11f0af0e5c62491944c3c5ea087273006a6,f993954a6e65921c,b65b1f07238b9216,True,,,,True,TRAIN,False,NOT VERIFIED,DUPLICATE_REVIEW,near-duplicate candidate matching existing TRAIN image,JPEG,0.912088,,False
Venomous/Common Krait/common-krait_005.jpg,common-krait_005.jpg,.jpg,Venomous,Common Krait,Venomous_Snake,1000,708,RGB,512534,17938e6710290c11de8791c5fa134e5af4b76a43157bae8ca4234e26e21c773d,8733bbc84c2cb2f1,3258cd66f2edca34,True,,,,True,TRAIN,False,NOT VERIFIED,DUPLICATE_REVIEW,near-duplicate candidate matching existing TRAIN image,JPEG,1.412429,,False
Venomous/Common Krait/common-krait_006.jpg,common-krait_006.jpg,.jpg,Venomous,Common Krait,Venomous_Snake,600,450,RGB,30660,d945822771eee9291effd032a68cc520b9400781424647fe8498346baafd6de4,ee928d6d165868a7,b16a09b946933766,True,,,,True,TRAIN,False,NOT VERIFIED,DUPLICATE_REVIEW,near-duplicate candidate matching existing TRAIN image,JPEG,1.333333,,False
Venomous/Common Krait/common-krait_007.jpg,common-krait_007.jpg,.jpg,Venomous,Common Krait,Venomous_Snake,1000,496,RGB,422164,1487e5be1b3508f223bba5363e774850b8655b2419cc0a073fb55f0b9d7fef98,e557917dd2823c91,40d262651217d295,True,,,,False,,False,NOT VERIFIED,PROVENANCE_REVIEW,source provenance and training reuse rights not verified,JPEG,2.016129,,False
Venomous/Common Krait/common-krait_008.jpg,common-krait_008.jpg,.jpg,Venomous,Common Krait,Venomous_Snake,252,202,RGB,13316,cf9a85e28d82cb5f72658e8550cb57d697e04d698478c70944abf37b68e4ab17,ef2b84d46a3161ad,8666d70b6580668e,True,,,,False,,False,NOT VERIFIED,PROVENANCE_REVIEW,source provenance and training reuse rights not verified,JPEG,1.247525,,False
Venomous/Common Krait/Common-Krait_010.jpg,Common-Krait_010.jpg,.jpg,Venomous,Common Krait,Venomous_Snake,500,400,RGB,71296,efcb38fc14f379e07684c1c393692c04e9386b516ab411087a0e71f078ee5a2b,bee2e490c39b8e61,0d0f2b691f3c3607,True,,,,True,TRAIN,False,NOT VERIFIED,DUPLICATE_REVIEW,near-duplicate candidate matching existing TRAIN image,JPEG,1.25,,False
Venomous/Common Krait/COMMON-KRAIT_011.jpg,COMMON-KRAIT_011.jpg,.jpg,Venomous,Common Krait,Venomous_Snake,710,349,RGB,102835,7278e8f802888e317089b2bf0e1316cded458085a62c604aa0e28e6281cc6199,bfecd002cd9bc270,260737332b4d1818,True,,,,True,TRAIN,False,NOT VERIFIED,DUPLICATE_REVIEW,near-duplicate candidate matching existing TRAIN image,JPEG,2.034384,,False
Venomous/Common Krait/Common_Krait(Bungarus_Caeruleus)_in_Parassinikadavu_Snake_Park.jpg,Common_Krait(Bungarus_Caeruleus)_in_Parassinikadavu_Snake_Park.jpg,.jpg,Venomous,Common Krait,Venomous_Snake,4000,3000,RGB,3238672,7e99475ac29c336a6e81845a9125c498329038efce14323b29df65a8aae49f44,fb46650b2ec5294e,c63012ec71938007,True,,,,True,TRAIN,False,NOT VERIFIED,DUPLICATE_REVIEW,near-duplicate candidate matching existing TRAIN image,JPEG,1.333333,,False
Venomous/Common Krait/common_krait-bungarus_caeruleus.jpg,common_krait-bungarus_caeruleus.jpg,.jpg,Venomous,Common Krait,Venomous_Snake,970,250,RGB,54980,d7181cc4141ad22f72ab312e37fcbf73a0c8395cb376cea61811a3a6e32ab064,981ed6b46565b1c9,6479f989b39ea3e8,True,,,,True,TRAIN,False,NOT VERIFIED,DUPLICATE_REVIEW,near-duplicate candidate matching existing TRAIN image,JPEG,3.88,,False
Venomous/Common Krait/common_krait.jpg,common_krait.jpg,.jpg,Venomous,Common Krait,Venomous_Snake,494,347,RGB,145953,441bed24904cfa9dfc659f953e9f98085f8cfefd1ae9606e0751046275a504df,9633e7773030934b,ce6efdbd7d6c6fd4,True,,,,True,TRAIN,False,NOT VERIFIED,DUPLICATE_REVIEW,near-duplicate candidate matching existing TRAIN image,JPEG,1.423631,,False
Venomous/Common Krait/COMMONKRAIT-medium-init-.jpg,COMMONKRAIT-medium-init-.jpg,.jpg,Venomous,Common Krait,Venomous_Snake,200,166,RGB,21204,9bb36d37ecffc1990317bfe014412643a1bbc8ea14ac9462aa56b3322d6faef7,fe028799e06dc965,6b6d2e25111337a4,True,,,,True,TRAIN,False,NOT VERIFIED,DUPLICATE_REVIEW,near-duplicate candidate matching existing TRAIN image,JPEG,1.204819,,False
Venomous/Common Krait/Commonkrait.jpg,Commonkrait.jpg,.jpg,Venomous,Common Krait,Venomous_Snake,320,184,RGB,27857,2c0e0dabe002ebfc010388395071a0f11261b0879cb7b4a37fee8d0751857f8c,906017b768dc673b,b2cc94b18b4a38b2,True,,,,True,TRAIN,False,NOT VERIFIED,DUPLICATE_REVIEW,near-duplicate candidate matching existing TRAIN image,JPEG,1.73913,,False
Venomous/Common Krait/DSC09751.JPG,DSC09751.JPG,.jpg,Venomous,Common Krait,Venomous_Snake,253,421,RGB,27304,856ea6a7a7638643e427198b0002131e0087ea424ce0782b291cc7f6f97c5b15,ef1cb41b8c89c6e4,381f0703030b0f07,True,,,,True,TRAIN,False,NOT VERIFIED,DUPLICATE_REVIEW,near-duplicate candidate matching existing TRAIN image,JPEG,0.60095,,False
Venomous/Common Krait/DSC_0019_0.jpg,DSC_0019_0.jpg,.jpg,Venomous,Common Krait,Venomous_Snake,3008,2000,RGB,3857996,2bb3996c89c9641d715c1c7383bb1559caef8356163c5ecfba635759b1381a98,891fd2db70ec8568,5979d6a68bf2b39c,True,,,,True,TRAIN,False,NOT VERIFIED,DUPLICATE_REVIEW,near-duplicate candidate matching existing TRAIN image,JPEG,1.504,,False
Venomous/Common Krait/hqdefault.jpg,hqdefault.jpg,.jpg,Venomous,Common Krait,Venomous_Snake,480,360,RGB,44938,59b8d7628d9458e97695baa5def6094d0b201459f41110d32da3044957a479fe,fd703087479d49c6,948d913264793ae0,True,,,,True,TRAIN,False,NOT VERIFIED,DUPLICATE_REVIEW,near-duplicate candidate matching existing TRAIN image,JPEG,1.333333,,False
Venomous/Common Krait/hqdefault_003.jpg,hqdefault_003.jpg,.jpg,Venomous,Common Krait,Venomous_Snake,480,360,RGB,14777,e4e04a4e83f1ecdbcb8a395f1b4f7f5584c23500a6926de9cb0cb6fff6b27a25,c79a386d6c646c33,e8d8ccc4c8c4cccc,True,,,,True,VALIDATION,False,NOT VERIFIED,DUPLICATE_REVIEW,near-duplicate candidate matching existing VALIDATION image,JPEG,1.333333,,False
Venomous/Common Krait/hqdefault_007.jpg,hqdefault_007.jpg,.jpg,Venomous,Common Krait,Venomous_Snake,480,360,RGB,14300,7864655d33b9748150e1220921f5207b7087de61a747fef2206bdc6226016056,e7650d1f0a9a3ae2,624606240f1c62e1,True,,,,True,TRAIN,False,NOT VERIFIED,DUPLICATE_REVIEW,near-duplicate candidate matching existing TRAIN image,JPEG,1.333333,,False
Venomous/Common Krait/hqdefault_009.jpg,hqdefault_009.jpg,.jpg,Venomous,Common Krait,Venomous_Snake,480,360,RGB,38088,b8861364ea07bbaa9dad3c2daa86e38fccabd7750e2b2f30de5582c7cbb03940,8ef175543b2f1382,22b6d569ed64676d,True,,,,True,VALIDATION,False,NOT VERIFIED,DUPLICATE_REVIEW,near-duplicate candidate matching existing VALIDATION image,JPEG,1.333333,,False
Venomous/Common Krait/hqdefault_010.jpg,hqdefault_010.jpg,.jpg,Venomous,Common Krait,Venomous_Snake,480,360,RGB,26798,ee14e582158cffbc6c760156373575e7f30c3f16fee9f5de4422b6607164eb72,91ad4e506be62ccd,f8f8f2c8d8dcf8e8,True,,,,False,,False,NOT VERIFIED,PROVENANCE_REVIEW,source provenance and training reuse rights not verified,JPEG,1.333333,,False
Venomous/Common Krait/image002.jpg,image002.jpg,.jpg,Venomous,Common Krait,Venomous_Snake,396,255,RGB,30449,01d5d3138e86a0c5a01642352d81d0111f669f6ef00fc761d2404c48144624b4,a69dcfd29c92b068,75479e7c1c1d4907,True,,,,True,TRAIN,False,NOT VERIFIED,DUPLICATE_REVIEW,near-duplicate candidate matching existing TRAIN image,JPEG,1.552941,,False
Venomous/Common Krait/image304.jpg,image304.jpg,.jpg,Venomous,Common Krait,Venomous_Snake,366,274,RGB,19362,a7db8dfbcf584a9699f3312340d1a665f8d8c76491a7f668b56ae6cf9ec70f58,f246843c6bb1ee52,c2e5cd8b0b2e98e0,True,,,,True,VALIDATION,False,NOT VERIFIED,DUPLICATE_REVIEW,near-duplicate candidate matching existing VALIDATION image,JPEG,1.335766,,False
Venomous/Common Krait/IMG_0010 (1).JPG,IMG_0010 (1).JPG,.jpg,Venomous,Common Krait,Venomous_Snake,1199,1600,RGB,807570,93854205ac551b1b14b6ec12e16d55cc72eaffe99b90b6cbd3f59edcd58c6f59,a8851e98f2c49d7b,7f7743869933b10d,True,,,,False,,False,NOT VERIFIED,PROVENANCE_REVIEW,source provenance and training reuse rights not verified,JPEG,0.749375,,False
Venomous/Common Krait/IndianKraitKhopoli.jpg,IndianKraitKhopoli.jpg,.jpg,Venomous,Common Krait,Venomous_Snake,430,630,RGB,311182,cc6fe17dd0578d0c7b184ec3c24a5f9a6ae77738c499cecde611ca19f9de80aa,e14ad28d1f647b23,a8888a864ab296bc,True,,,,True,TRAIN,False,NOT VERIFIED,DUPLICATE_REVIEW,near-duplicate candidate matching existing TRAIN image,JPEG,0.68254,,False
Venomous/Common Krait/july_033.jpg,july_033.jpg,.jpg,Venomous,Common Krait,Venomous_Snake,640,425,RGB,323731,958cfa5f9a10ea1f1dad92fe2004ce65a268cd69c8ac7010bc7d0ec0403a276e,a9a9bd55432ab8d4,b3f33757ecfcf8b8,True,,,,True,TRAIN,False,NOT VERIFIED,DUPLICATE_REVIEW,near-duplicate candidate matching existing TRAIN image,JPEG,1.505882,,False
Venomous/Common Krait/k (6).jpg,k (6).jpg,.jpg,Venomous,Common Krait,Venomous_Snake,491,300,RGB,175694,78b40562e58555672c978c55e9b0e63c9779dd1ac1c1501dfc89a5e276f8f584,b033a7dc9891cb4b,9e0f5db895e4d2e9,True,,,,True,VALIDATION,False,NOT VERIFIED,DUPLICATE_REVIEW,near-duplicate candidate matching existing VALIDATION image,JPEG,1.636667,,False
Venomous/Common Krait/Krait-6.jpg,Krait-6.jpg,.jpg,Venomous,Common Krait,Venomous_Snake,1024,469,RGB,449118,4e47e10ffc6aca032182955c0642ae22140b10c5daf5347b5867fab2d273f26c,bcc3d0876f3991c4,ebe33c2b65b636b5,True,,,,True,TRAIN,False,NOT VERIFIED,DUPLICATE_REVIEW,near-duplicate candidate matching existing TRAIN image,JPEG,2.183369,,False
Venomous/Common Krait/krait.jpg,krait.jpg,.jpg,Venomous,Common Krait,Venomous_Snake,621,466,RGB,89254,5a5e16dd9a0a73b7c045e4d2b114b71bfe5bd4e69b426ed0108caed1f8e17728,a58fcf3870e1d2c8,7367468e160e960e,True,,,,False,,False,NOT VERIFIED,PROVENANCE_REVIEW,source provenance and training reuse rights not verified,JPEG,1.332618,,False
Venomous/Common Krait/Krait1-614x406.jpg,Krait1-614x406.jpg,.jpg,Venomous,Common Krait,Venomous_Snake,614,406,RGB,95684,cba4d3b28b2279307f7d5fdaf72ae7a504fc97ad3d9f82c110b68f0a7d58595b,d0126d397787dc49,8c98b0cc18b0d244,True,,,,True,TRAIN,False,NOT VERIFIED,DUPLICATE_REVIEW,near-duplicate candidate matching existing TRAIN image,JPEG,1.512315,,False
Venomous/Common Krait/krait1.jpg,krait1.jpg,.jpg,Venomous,Common Krait,Venomous_Snake,786,612,RGB,105911,904893527ae1923d961410f913c81009914f7ed4d973798afb7008d815de65e6,d24a893dd6a2741f,b1d3958d1c965bd8,True,,,,True,TRAIN,False,NOT VERIFIED,DUPLICATE_REVIEW,near-duplicate candidate matching existing TRAIN image,JPEG,1.284314,,False
Venomous/Common Krait/krait2.jpg,krait2.jpg,.jpg,Venomous,Common Krait,Venomous_Snake,1152,768,RGB,272493,a6a6f7ff98198407afa108e26ac5ccd7b5b791adf0d0cd489a8daddea8dedf8f,f3ab8b12048f1ff0,db9b0b57941d0244,True,,,,True,TEST,False,NOT VERIFIED,LEAKAGE_RISK,near-duplicate candidate matching existing TEST image (HIGH_CONFIDENCE_NEAR_DUPLICATE),JPEG,1.5,,False
Venomous/Common Krait/KRAIT2_H.JPG,KRAIT2_H.JPG,.jpg,Venomous,Common Krait,Venomous_Snake,1278,664,RGB,346729,8574cfea53a3fe290e72ea1c01eef7314d3af8a2dde4ffabc03bea3e26f80db5,e693807ac9e49aa7,b9dccc0b032787e6,True,,NEAR0003,NEAR0003,True,VALIDATION,False,NOT VERIFIED,DUPLICATE_REVIEW,perceptual near-duplicate candidate within new dataset,JPEG,1.924699,,False
Venomous/Common Krait/Krait_Common.jpg,Krait_Common.jpg,.jpg,Venomous,Common Krait,Venomous_Snake,320,250,RGB,47330,c526e8a53a929ea92239bfcee4661c79e50b80049aa4dc418d51d2c2e6fcc42e,e896e5c99c259b92,c42b093531b386ca,True,,,,True,TRAIN,False,NOT VERIFIED,DUPLICATE_REVIEW,near-duplicate candidate matching existing TRAIN image,JPEG,1.28,,False
Venomous/Common Krait/KRAIT_HA.JPG,KRAIT_HA.JPG,.jpg,Venomous,Common Krait,Venomous_Snake,1280,721,RGB,326712,ad5401262bf9482302234b559960e3c86ff4655f8b5cd5b68db3a93edcc52f63,d619a83a11adfc95,f8f8f0625425e780,True,,,,True,TRAIN,False,NOT VERIFIED,DUPLICATE_REVIEW,near-duplicate candidate matching existing TRAIN image,JPEG,1.775312,,False
Venomous/Common Krait/Lycodon-aulicus.jpg,Lycodon-aulicus.jpg,.jpg,Venomous,Common Krait,Venomous_Snake,320,240,RGB,30697,59595a5b4f74e0e9f1ae0314c9bee4f6f940b727a47a3eed7386acc359a53e5f,a2c303cf2db9664b,cf98893b676d9af4,True,,,,True,TRAIN,False,NOT VERIFIED,DUPLICATE_REVIEW,near-duplicate candidate matching existing TRAIN image,JPEG,1.333333,,False
Venomous/Common Krait/lycodon-aulicus_001.jpg,lycodon-aulicus_001.jpg,.jpg,Venomous,Common Krait,Venomous_Snake,500,374,RGB,114891,16c8245074c64d82e68466d4b228bf3d79b210345253e8de72c5b54a46a490da,ad91e962932ef407,8ab273264c256333,True,,,,True,TRAIN,False,NOT VERIFIED,DUPLICATE_REVIEW,near-duplicate candidate matching existing TRAIN image,JPEG,1.336898,,False
Venomous/Common Krait/maxresdefault.jpg,maxresdefault.jpg,.jpg,Venomous,Common Krait,Venomous_Snake,1280,720,RGB,71037,87a56e24607540630b122e9dd54ca8117e5b67fef6df5749a1acdf80a96c2dde,aedae427c97904d8,8e6db919556e0f97,True,,,,True,TRAIN,False,NOT VERIFIED,DUPLICATE_REVIEW,near-duplicate candidate matching existing TRAIN image,JPEG,1.777778,,False
Venomous/Common Krait/maxresdefault_002.jpg,maxresdefault_002.jpg,.jpg,Venomous,Common Krait,Venomous_Snake,1280,720,RGB,91990,006cf96054a9eec012657a564094baa96f4cb281c433bda84a2bfe7df1041422,f9e2e48dce584b0a,a6cc9938293236e6,True,,,,True,TRAIN,False,NOT VERIFIED,DUPLICATE_REVIEW,near-duplicate candidate matching existing TRAIN image,JPEG,1.777778,,False
Venomous/Common Krait/maxresdefault_003.jpg,maxresdefault_003.jpg,.jpg,Venomous,Common Krait,Venomous_Snake,1280,720,RGB,95528,72ecc236cc83e7664bbaf73cc859653166f3535dbefa027359591459c4ba7174,ff89cb36e0390386,b950701a6e5c1c41,True,,,,True,TRAIN,False,NOT VERIFIED,DUPLICATE_REVIEW,near-duplicate candidate matching existing TRAIN image,JPEG,1.777778,,False
Venomous/Common Krait/Multibanded-Krait-Bungarus-Multicinctus.jpg,Multibanded-Krait-Bungarus-Multicinctus.jpg,.jpg,Venomous,Common Krait,Venomous_Snake,500,316,RGB,55461,eab3cb6b39babd011425079db1981b5b6c7cad8a44a50bbdb33cd81e701c0369,b9178f05a8f09717,7ee31cbfd6161a0b,True,,,,True,TRAIN,False,NOT VERIFIED,DUPLICATE_REVIEW,near-duplicate candidate matching existing TRAIN image,JPEG,1.582278,,False
Venomous/Common Krait/ni_2015_63_3_300_158155_f2.jpg,ni_2015_63_3_300_158155_f2.jpg,.jpg,Venomous,Common Krait,Venomous_Snake,696,587,RGB,534177,2c43b2f35f624e07ea2a8c08d092b9b63488d8449eb236e78b99d2812a21ce10,ba638dad449634ba,6359150d91336d20,True,,,,True,TRAIN,False,NOT VERIFIED,DUPLICATE_REVIEW,near-duplicate candidate matching existing TRAIN image,JPEG,1.18569,,False
Venomous/Common Krait/P1000306.JPG,P1000306.JPG,.jpg,Venomous,Common Krait,Venomous_Snake,1600,1200,RGB,353837,1876bebc23eea55d0ac405f07881a9200a6d1c54ee6fa31752c8e8505cbc6080,d49f05615ec23bac,7e7a7d6c3482c4e4,True,,,,True,VALIDATION,False,NOT VERIFIED,DUPLICATE_REVIEW,near-duplicate candidate matching existing VALIDATION image,JPEG,1.333333,,False
Venomous/Common Krait/picture2.jpg,picture2.jpg,.jpg,Venomous,Common Krait,Venomous_Snake,554,461,RGB,57909,ebb1cb228016d9e95bec8921b60ac2ef8b6ae24012960bf43794b4e6c4ab3ef6,eee6a10e9c815b96,676b491524554b1e,True,,,,True,TRAIN,False,NOT VERIFIED,DUPLICATE_REVIEW,near-duplicate candidate matching existing TRAIN image,JPEG,1.201735,,False
Venomous/Common Krait/Sanku_varayan_Common_Krait.jpg,Sanku_varayan_Common_Krait.jpg,.jpg,Venomous,Common Krait,Venomous_Snake,657,987,RGB,653322,25d6709f2652a50132ffba0290dd6d0488a7302dd00fe637c3dd7704c2046765,d1194e46eece3668,61999a3a8a9cf367,True,,,,True,TRAIN,False,NOT VERIFIED,DUPLICATE_REVIEW,near-duplicate candidate matching existing TRAIN image,JPEG,0.665653,,False
Venomous/Common Krait/sindhikrait.jpg,sindhikrait.jpg,.jpg,Venomous,Common Krait,Venomous_Snake,375,221,RGB,34581,8dc8af53881c587feb59240aeaf3b79ed670404f059726277b99f3111629eb8e,f958866345b466b9,21b13a129a0b1818,True,,,,True,TRAIN,False,NOT VERIFIED,DUPLICATE_REVIEW,near-duplicate candidate matching existing TRAIN image,JPEG,1.696833,,False
Venomous/Common Krait/snake-common-krait-bungarus-caeruleus-ET0CMF.jpg,snake-common-krait-bungarus-caeruleus-ET0CMF.jpg,.jpg,Venomous,Common Krait,Venomous_Snake,1300,956,RGB,315196,8a5187401ddc8ebb27229009e441669fe94020822e488b8dfdf124f0a2dfff66,bab09a9e42dc658e,bd3b87cc5f2f3179,True,,,,True,TRAIN,False,NOT VERIFIED,DUPLICATE_REVIEW,near-duplicate candidate matching existing TRAIN image,JPEG,1.359833,,False
Venomous/Common Krait/snake-indian-common-krait-cremonou-bungarus-caeruleus-CE8PWK.jpg,snake-indian-common-krait-cremonou-bungarus-caeruleus-CE8PWK.jpg,.jpg,Venomous,Common Krait,Venomous_Snake,1300,955,RGB,329423,1f735229ad762a2379e8f3d5334ff71126a4681939190ca69b39ccd53e0d3c82,b3964b88678d6792,eaa80c0e8c323243,True,,,,True,TRAIN,False,NOT VERIFIED,DUPLICATE_REVIEW,near-duplicate candidate matching existing TRAIN image,JPEG,1.361257,,False
Venomous/Common Krait/snake6.jpg,snake6.jpg,.jpg,Venomous,Common Krait,Venomous_Snake,340,243,RGB,20632,85bdb92e24c90c99a5cbf8a51751345a3a47b4bf5994b0f088eb44b0ceec7f21,a4a2d34b849e7bb4,e48c15f7c65328ac,True,,,,True,TRAIN,False,NOT VERIFIED,DUPLICATE_REVIEW,near-duplicate candidate matching existing TRAIN image,JPEG,1.399177,,False
Venomous/Common Krait/SNP00151.jpg,SNP00151.jpg,.jpg,Venomous,Common Krait,Venomous_Snake,300,225,RGB,33041,1f96de356c23e10cf1a1fb9ceb7f9494a86ca6decdb4649a7367c368589400cd,e77db84e41338718,5226484dc5654998,True,,,,True,VALIDATION,False,NOT VERIFIED,DUPLICATE_REVIEW,near-duplicate candidate matching existing VALIDATION image,JPEG,1.333333,,False
Venomous/Common Krait/srep238-g002.gif,srep238-g002.gif,.gif,Venomous,Common Krait,Venomous_Snake,500,391,P,151205,98b3b7b249285308f55edbdf4e12acb835cc26a82e74fea4671dadd1829c8fba,eac19de89326c22f,9993450d0d05276d,True,,,,False,,False,NOT VERIFIED,PROVENANCE_REVIEW,source provenance and training reuse rights not verified,GIF,1.278772,,False
Venomous/Common Krait/wallssindkrait.jpg,wallssindkrait.jpg,.jpg,Venomous,Common Krait,Venomous_Snake,621,466,RGB,173364,096b4345b934f1ce20fed5db052b242b9bcf58d1ffeb0ef15dcf8a0ff19288ab,ea1d89ea94c497c5,33194e2617090313,True,,,,False,,False,NOT VERIFIED,PROVENANCE_REVIEW,source provenance and training reuse rights not verified,JPEG,1.332618,,False
Venomous/Common Krait/wolf.jpg,wolf.jpg,.jpg,Venomous,Common Krait,Venomous_Snake,268,188,RGB,13638,9dd5ee56664d211836f39f722933b192ce937b66a02fd9ec3e59c3471cd76bd1,addbc4641b1a7711,35b29a5b53a6b66a,True,,,,True,VALIDATION,False,NOT VERIFIED,DUPLICATE_REVIEW,exact match to existing VALIDATION image,JPEG,1.425532,,False
Venomous/Common Krait/wolfsnake.jpg,wolfsnake.jpg,.jpg,Venomous,Common Krait,Venomous_Snake,715,517,RGB,300253,8d647f5db4617ab4ec671c1c7763b5366337790d4dfc65ad366810a98f5b98c1,b2d1d9c94b718789,9abd1d0d0f2d1e65,True,,,,False,,False,NOT VERIFIED,PROVENANCE_REVIEW,source provenance and training reuse rights not verified,JPEG,1.382979,,False
Venomous/King Cobra/01300000201438122024366623037.jpg,01300000201438122024366623037.jpg,.jpg,Venomous,King Cobra,Venomous_Snake,448,299,RGB,34532,a8cf49fb6c7610a29ca2e353d2410b9f3309a2e42f30c48b29775bf06f61a6cb,dfa4476be0c86790,43666cb0195961e0,True,,,,True,VALIDATION,False,NOT VERIFIED,DUPLICATE_REVIEW,near-duplicate candidate matching existing VALIDATION image,JPEG,1.498328,,False
Venomous/King Cobra/03cobra.jpg,03cobra.jpg,.jpg,Venomous,King Cobra,Venomous_Snake,670,437,RGB,83956,d700b0293fdd6fdccc19583f04d9a4667033ede7220caf6b60799dd14c310321,8b554b3de4433635,f0f2d8cc267b49c9,True,,,,True,TEST,False,NOT VERIFIED,LEAKAGE_RISK,near-duplicate candidate matching existing TEST image (HIGH_CONFIDENCE_NEAR_DUPLICATE),JPEG,1.533181,,False
Venomous/King Cobra/1151193-VavaSuresh-1469709021-864-640x480.jpg,1151193-VavaSuresh-1469709021-864-640x480.jpg,.jpg,Venomous,King Cobra,Venomous_Snake,640,480,RGB,53617,12fe5da0c107007ea00c72b9bd41460a1c4b949e45f5d4aa4d86b614838e3d83,ce84d8a0bb2ab6e5,68e0646140e54140,True,,,,True,VALIDATION,False,NOT VERIFIED,DUPLICATE_REVIEW,near-duplicate candidate matching existing VALIDATION image,JPEG,1.333333,,False
Venomous/King Cobra/120418-Rom-Whitaker-with-adult-male-king-cobra-rescued-from-a-house-in-Agumbe.jpg,120418-Rom-Whitaker-with-adult-male-king-cobra-rescued-from-a-house-in-Agumbe.jpg,.jpg,Venomous,King Cobra,Venomous_Snake,800,800,RGB,809803,f9f6aaf51fdbc53adbb912074c986ebb0efc7f258c7274193fa80c09cc6a15f3,ed5616258e867acc,ecda17979383c63c,True,,,,False,,False,NOT VERIFIED,PROVENANCE_REVIEW,source provenance and training reuse rights not verified,JPEG,1.0,,False
Venomous/King Cobra/12700.jpg,12700.jpg,.jpg,Venomous,King Cobra,Venomous_Snake,1280,720,RGB,87631,b3e3f119c21964a998dba94d66747350771b23ed76074d344524d78366ef4ea5,c03f2d68cf9eb025,64ccece4c284c0c0,True,,,,True,TEST,False,NOT VERIFIED,LEAKAGE_RISK,near-duplicate candidate matching existing TEST image (HIGH_CONFIDENCE_NEAR_DUPLICATE),JPEG,1.777778,,False
Venomous/King Cobra/131203090701-large.jpg,131203090701-large.jpg,.jpg,Venomous,King Cobra,Venomous_Snake,566,849,RGB,132503,d3d1777f5fa16f70760b36c85573490ab6eb0cf3457574a87a7c1b0e368091b5,856ad3287e2f68a5,79d8c6e68ebefefc,True,,,,True,TRAIN,False,NOT VERIFIED,DUPLICATE_REVIEW,near-duplicate candidate matching existing TRAIN image,JPEG,0.666667,,False
Venomous/King Cobra/1350361656KingCobraAttackingMonitorLizard.jpg,1350361656KingCobraAttackingMonitorLizard.jpg,.jpg,Venomous,King Cobra,Venomous_Snake,903,602,RGB,261792,a8a7df22de3132e26c488ccdab8536617584c7eaea926bb393646fea5b4e55a3,8035954ae5bd4aed,f0b8e89ec3e139d0,True,,,,True,TRAIN,False,NOT VERIFIED,DUPLICATE_REVIEW,near-duplicate candidate matching existing TRAIN image,JPEG,1.5,,False
Venomous/King Cobra/13582558-king-cobra-Ophiophagus-hannah-poisonous-white-background-Stock-Photo.jpg,13582558-king-cobra-Ophiophagus-hannah-poisonous-white-background-Stock-Photo.jpg,.jpg,Venomous,King Cobra,Venomous_Snake,1241,1300,RGB,123974,217521dc583bafed0a2a883b380f28f13cf22fe0348ada80ecb30a4686ff2bc5,b8c3873e496994c7,9a4d0eb3133e8e42,True,,,,True,VALIDATION,False,NOT VERIFIED,DUPLICATE_REVIEW,near-duplicate candidate matching existing VALIDATION image,JPEG,0.954615,,False
Venomous/King Cobra/13582621-king-cobra-Ophiophagus-hannah-poisonous-white-background-Stock-Photo.jpg,13582621-king-cobra-Ophiophagus-hannah-poisonous-white-background-Stock-Photo.jpg,.jpg,Venomous,King Cobra,Venomous_Snake,1300,884,RGB,85546,ca415d4947195fece9131f0290d5801b9ad42f8da58294917facc814a00f3763,b9d1472ec46bc51a,429a98923007130f,True,,,,True,TRAIN,False,NOT VERIFIED,DUPLICATE_REVIEW,near-duplicate candidate matching existing TRAIN image,JPEG,1.470588,,False
Venomous/King Cobra/13582625-king-cobra-Ophiophagus-hannah-poisonous-white-background-Stock-Photo.jpg,13582625-king-cobra-Ophiophagus-hannah-poisonous-white-background-Stock-Photo.jpg,.jpg,Venomous,King Cobra,Venomous_Snake,1300,1254,RGB,113592,389406dd8c3f313bb4aea25307abb94fdd869cc5b1ad8afdbaae9069531276ca,ebc8341ec43fd461,9503930b033b1b1e,True,,,,True,TEST,False,NOT VERIFIED,LEAKAGE_RISK,near-duplicate candidate matching existing TEST image (HIGH_CONFIDENCE_NEAR_DUPLICATE),JPEG,1.036683,,False
Venomous/King Cobra/13582750-king-cobra-Ophiophagus-hannah-poisonous-white-background-Stock-Photo.jpg,13582750-king-cobra-Ophiophagus-hannah-poisonous-white-background-Stock-Photo.jpg,.jpg,Venomous,King Cobra,Venomous_Snake,1300,1141,RGB,133276,d6c391cc77250cae744e569a41a9c720ae91e766cf6ff2bb2f6f212ca83fe5bb,a6c6d93b91720f38,92a6258c2f6f3f1f,True,,,,True,TRAIN,False,NOT VERIFIED,DUPLICATE_REVIEW,near-duplicate candidate matching existing TRAIN image,JPEG,1.139351,,False
Venomous/King Cobra/147761-004-7C2BC212.jpg,147761-004-7C2BC212.jpg,.jpg,Venomous,King Cobra,Venomous_Snake,300,450,RGB,11673,ea6328d996fcced9f161dee7fd71c134d80ccdb5ff0a3fd25b2dc8fd1fe98520,c61e31f7e40f4c98,1ef961e1e4c5c983,True,,,,True,TRAIN,False,NOT VERIFIED,DUPLICATE_REVIEW,near-duplicate candidate matching existing TRAIN image,JPEG,0.666667,,False
Venomous/King Cobra/170px-Elapidae_-_Ophiophagus_hannah.JPG,170px-Elapidae_-_Ophiophagus_hannah.JPG,.jpg,Venomous,King Cobra,Venomous_Snake,170,256,RGB,28401,82974c2d42df031986915a08516e286c51c91cb24a881052a0bd4d908a73ac90,f9dace14a1795c44,2929191b9aba9496,True,,,,True,TRAIN,False,NOT VERIFIED,DUPLICATE_REVIEW,near-duplicate candidate matching existing TRAIN image,JPEG,0.664062,,False
Venomous/King Cobra/17c229b47df3696e20b34baee809f174--cobra-snake-king-cobra.jpg,17c229b47df3696e20b34baee809f174--cobra-snake-king-cobra.jpg,.jpg,Venomous,King Cobra,Venomous_Snake,736,1104,RGB,73745,3f9a5d7615b8bb90b634d56b5907e43fbd6b733278fd713c158498fe872a6cf1,d2c56230e22f971f,c4c06060b89c1fc1,True,,,,True,TRAIN,False,NOT VERIFIED,DUPLICATE_REVIEW,near-duplicate candidate matching existing TRAIN image,JPEG,0.666667,,False
Venomous/King Cobra/1930805.jpg,1930805.jpg,.jpg,Venomous,King Cobra,Venomous_Snake,255,248,RGB,11332,eb9fe05a69c5ff7b8b630d347357678a85d39f358b7b9696d7b834bff41e5bee,b6c04a3f69769515,d3c5940d7a2e2e23,True,,,,True,TEST,False,NOT VERIFIED,LEAKAGE_RISK,near-duplicate candidate matching existing TEST image (HIGH_CONFIDENCE_NEAR_DUPLICATE),JPEG,1.028226,,False
Venomous/King Cobra/200352091-001.jpg,200352091-001.jpg,.jpg,Venomous,King Cobra,Venomous_Snake,877,500,RGB,31333,d05c515bdf3492222254f33859b2a83ea82459cabf436baaabde8291a03317ff,8c34e6e30671f333,663632b2f2733332,True,,,,True,TRAIN,False,NOT VERIFIED,DUPLICATE_REVIEW,near-duplicate candidate matching existing TRAIN image,JPEG,1.754,,False
Venomous/King Cobra/200352095-001_XS.jpg,200352095-001_XS.jpg,.jpg,Venomous,King Cobra,Venomous_Snake,240,360,RGB,13425,e0f8fbedc082ca864f1c0265c072517527cef5fa0e65ddc0594ed198bbeddbd7,cd9e30676448dec9,061cb1a36260d796,True,,,,True,TRAIN,False,NOT VERIFIED,DUPLICATE_REVIEW,near-duplicate candidate matching existing TRAIN image,JPEG,0.666667,,False
Venomous/King Cobra/2013-KINGCOBRA-08.jpg,2013-KINGCOBRA-08.jpg,.jpg,Venomous,King Cobra,Venomous_Snake,465,600,RGB,46959,222dd913b040d3b6d47f0b6c9de8048e1a79d165347d58417d0c0dbb334f0eaa,9a7034cfcbc0656e,580d3bf971727939,True,,,,True,TEST,False,NOT VERIFIED,LEAKAGE_RISK,near-duplicate candidate matching existing TEST image (HIGH_CONFIDENCE_NEAR_DUPLICATE),JPEG,0.775,,False
Venomous/King Cobra/2013-KINGCOBRA-28.jpg,2013-KINGCOBRA-28.jpg,.jpg,Venomous,King Cobra,Venomous_Snake,600,400,RGB,48890,d05ad0ccd159d2d5a9b110f6bcca002eb13194633f87b771cc085ea13ef76e83,a699b0b0434fceec,9c9f6343c6aeaee6,True,,,,True,TRAIN,False,NOT VERIFIED,DUPLICATE_REVIEW,near-duplicate candidate matching existing TRAIN image,JPEG,1.5,,False
Venomous/King Cobra/2013-KINGCOBRA-36.jpg,2013-KINGCOBRA-36.jpg,.jpg,Venomous,King Cobra,Venomous_Snake,600,471,RGB,101532,1cb19dd3d0b3be8221ac9e85631f7f69107896547382f0183063b6ccf4dd50ce,b344c89ce6b11e73,a0c9ccce4f2f9bcc,True,,,,True,VALIDATION,False,NOT VERIFIED,DUPLICATE_REVIEW,near-duplicate candidate matching existing VALIDATION image,JPEG,1.273885,,False
Venomous/King Cobra/220px-King-Cobra.jpg,220px-King-Cobra.jpg,.jpg,Venomous,King Cobra,Venomous_Snake,220,146,RGB,7788,af9562f89c39e841e0754ed0214d1ee54770eab89613da8858de8005b3d8587d,99fae4e5191a1966,f0c0195adadacaf0,True,,,,True,TEST,False,NOT VERIFIED,LEAKAGE_RISK,near-duplicate candidate matching existing TEST image (HIGH_CONFIDENCE_NEAR_DUPLICATE),JPEG,1.506849,,False
Venomous/King Cobra/220px-Ophiophagus_hannah2.jpg,220px-Ophiophagus_hannah2.jpg,.jpg,Venomous,King Cobra,Venomous_Snake,220,207,RGB,10900,3cb87d992948cc62153c9777e157a952c33a4a301ab43f3d7ef9c7b47c55bd05,9a8d72b112f30dce,9d3663f971381d1d,True,,,,True,TEST,False,NOT VERIFIED,LEAKAGE_RISK,near-duplicate candidate matching existing TEST image (HIGH_CONFIDENCE_NEAR_DUPLICATE),JPEG,1.062802,,False
Venomous/King Cobra/23360067593_23360067593_NLKS8443_Searching_for_King_Cobra.jpg,23360067593_23360067593_NLKS8443_Searching_for_King_Cobra.jpg,.jpg,Venomous,King Cobra,Venomous_Snake,1920,1080,RGB,860492,3a92d75d1f99b28ac33e3c6d0953819be5ee0a9f3f3234dc72966e6886ed566c,8dbc395953456d52,7837e7ecf8f2f4c8,True,,,,True,TRAIN,False,NOT VERIFIED,DUPLICATE_REVIEW,near-duplicate candidate matching existing TRAIN image,JPEG,1.777778,,False
Venomous/King Cobra/26creaturesspan-jumbo.jpg,26creaturesspan-jumbo.jpg,.jpg,Venomous,King Cobra,Venomous_Snake,1024,682,RGB,102813,d2105370ca40009468eb9379a2f9fb073fa7426431d27009a8a54408a9d2c481,b89ce33b94688eb1,303434353c2b17ce,True,,,,True,TRAIN,False,NOT VERIFIED,DUPLICATE_REVIEW,near-duplicate candidate matching existing TRAIN image,JPEG,1.501466,,False
Venomous/King Cobra/3002331619_54b1f4eecb.jpg,3002331619_54b1f4eecb.jpg,.jpg,Venomous,King Cobra,Venomous_Snake,500,338,RGB,166468,9e11f9e87e1c4dffbf6074b6c77b7274789f7fb4432f859f93e5deb987495607,93421c3d66907d7e,ecf8f8cc0e5a5ce0,True,,,,True,TRAIN,False,NOT VERIFIED,DUPLICATE_REVIEW,near-duplicate candidate matching existing TRAIN image,JPEG,1.47929,,False
Venomous/King Cobra/31AFC94800000578-3469122-Footage_shows_the_incredible_moment_a_plucky_12_year_old_boy_tou-a-1_1456742703298.jpg,31AFC94800000578-3469122-Footage_shows_the_incredible_moment_a_plucky_12_year_old_boy_tou-a-1_1456742703298.jpg,.jpg,Venomous,King Cobra,Venomous_Snake,634,357,RGB,91555,d4839fc39dfdbc90d3f4db55fa6609fc4073960cbd8f996162a54c0e18981f14,b8b0c1ddd8c1edc8,12bdb7b33136e430,True,,,,False,,False,NOT VERIFIED,PROVENANCE_REVIEW,source provenance and training reuse rights not verified,JPEG,1.77591,,False
Venomous/King Cobra/31AFC95000000578-3469122-image-a-5_1456741674538.jpg,31AFC95000000578-3469122-image-a-5_1456741674538.jpg,.jpg,Venomous,King Cobra,Venomous_Snake,634,357,RGB,83772,891aba2f38053dd4457684e948f22ae00112b8b17d8373da2b0189a26f486a4f,b7b7b3e3e1091841,4c4c7d3f8ea4da09,True,,,,True,VALIDATION,False,NOT VERIFIED,DUPLICATE_REVIEW,near-duplicate candidate matching existing VALIDATION image,JPEG,1.77591,,False
Venomous/King Cobra/32521345-King-Cobra-snake-is-the-world-s-longest-venomous-snake-in-the-Snake-farm-show-bangkok-thailand-Stock-Photo.jpg,32521345-King-Cobra-snake-is-the-world-s-longest-venomous-snake-in-the-Snake-farm-show-bangkok-thailand-Stock-Photo.jpg,.jpg,Venomous,King Cobra,Venomous_Snake,865,1300,RGB,134265,097d9f5c0c11702b9310b0ab15b6f90187f61cf6b8fc869138e44dc6f012b17e,b1d64c86c739936c,44489e9bce4c1b13,True,,,,True,TRAIN,False,NOT VERIFIED,DUPLICATE_REVIEW,near-duplicate candidate matching existing TRAIN image,JPEG,0.665385,,False
Venomous/King Cobra/3705023_orig.png,3705023_orig.png,.png,Venomous,King Cobra,Venomous_Snake,903,450,RGBA,222995,ff822c068b33a717e8121b36d96cf8ad663c93bdd202f35d0fefa571b16e6fc1,9e96e1e9c2748d32,806874746923160d,True,,,,False,,False,NOT VERIFIED,PROVENANCE_REVIEW,source provenance and training reuse rights not verified,PNG,2.006667,,False
Venomous/King Cobra/3CA83C7400000578-4172360-image-m-57_1485792904526.jpg,3CA83C7400000578-4172360-image-m-57_1485792904526.jpg,.jpg,Venomous,King Cobra,Venomous_Snake,634,434,RGB,163160,2c6b8af107c022d1d22f934658ae2953927027151ed31cbf192e0c83e5e0f2b8,f2725a4866643cfc,09599c8d8a84122d,True,,,,True,TEST,False,NOT VERIFIED,LEAKAGE_RISK,near-duplicate candidate matching existing TEST image (HIGH_CONFIDENCE_NEAR_DUPLICATE),JPEG,1.460829,,False
Venomous/King Cobra/3D05259A00000578-4209222-image-a-31_1486675129282.jpg,3D05259A00000578-4209222-image-a-31_1486675129282.jpg,.jpg,Venomous,King Cobra,Venomous_Snake,306,551,RGB,37155,a9d7d70807d558f0aacab7dfc078db6bfe345708e0efb6eed4b0e2f57e400bb3,c6df24d8331a6d85,cbe6e3e9c2a2e1cf,True,,,,True,TEST,False,NOT VERIFIED,LEAKAGE_RISK,near-duplicate candidate matching existing TEST image (HIGH_CONFIDENCE_NEAR_DUPLICATE),JPEG,0.555354,,False
Venomous/King Cobra/3ddc49b3f743b547e095a1fd910cb902--king-cobra-snakes.jpg,3ddc49b3f743b547e095a1fd910cb902--king-cobra-snakes.jpg,.jpg,Venomous,King Cobra,Venomous_Snake,210,210,RGB,12798,428d1fb4842ca25de99267a7476700619fe7921c784d01d6a9e42df2b5646675,dc5b36ee05460ee1,141c31e2b32124c4,True,,,,True,TEST,False,NOT VERIFIED,LEAKAGE_RISK,near-duplicate candidate matching existing TEST image (HIGH_CONFIDENCE_NEAR_DUPLICATE),JPEG,1.0,,False
Venomous/King Cobra/400px-12_-_The_Mystical_King_Cobra_and_Coffee_Forests.jpg,400px-12_-_The_Mystical_King_Cobra_and_Coffee_Forests.jpg,.jpg,Venomous,King Cobra,Venomous_Snake,400,299,RGB,68918,07846158345aae353b9461673f000a1e6776dd4b8fbb861d2dcfcb32023a6449,8ed4e2621d1fe998,a48c347637c56dc3,True,,,,True,TRAIN,False,NOT VERIFIED,DUPLICATE_REVIEW,near-duplicate candidate matching existing TRAIN image,JPEG,1.337793,,False
Venomous/King Cobra/4182f3e0ec2558bb23cf61828f7c752d--king-cobra-southeast-asia.jpg,4182f3e0ec2558bb23cf61828f7c752d--king-cobra-southeast-asia.jpg,.jpg,Venomous,King Cobra,Venomous_Snake,220,207,RGB,10200,0968066f392f1c1d80e50ffc60414ef5998c4b854abfc074b9745556cc9c24ac,c3a0bc764f8aa45b,879f9bc9c8c47972,True,,,,True,TEST,False,NOT VERIFIED,LEAKAGE_RISK,near-duplicate candidate matching existing TEST image (HIGH_CONFIDENCE_NEAR_DUPLICATE),JPEG,1.062802,,False
Venomous/King Cobra/5-dog-beat-cobra-795x447.jpg,5-dog-beat-cobra-795x447.jpg,.jpg,Venomous,King Cobra,Venomous_Snake,795,447,RGB,91800,2656a80d13f810f930a36294df8acf9b6b7d8304ea996d67d08bb4a3363c7320,831a1bbd165b68ce,f15d89dc76925bcc,True,,,,True,TEST,False,NOT VERIFIED,LEAKAGE_RISK,near-duplicate candidate matching existing TEST image (HIGH_CONFIDENCE_NEAR_DUPLICATE),JPEG,1.778523,,False
Venomous/King Cobra/520e37a2-d600-4c4f-8f19-6b87429fc7a0.Full_.jpg,520e37a2-d600-4c4f-8f19-6b87429fc7a0.Full_.jpg,.jpg,Venomous,King Cobra,Venomous_Snake,588,233,RGB,54983,215829324ba29cf715b409b5d6e2553bcb59352baeb1857bff9bb95b2d85303c,cc663034c73b31eb,6470616263b33131,True,,,,True,TEST,False,NOT VERIFIED,LEAKAGE_RISK,near-duplicate candidate matching existing TEST image (HIGH_CONFIDENCE_NEAR_DUPLICATE),JPEG,2.523605,,False
Venomous/King Cobra/6919_image.jpg,6919_image.jpg,.jpg,Venomous,King Cobra,Venomous_Snake,516,360,RGB,34783,f9cf3b17ff4aed671fdc3aecd0de168f4fc84d6feb0846f952f5469114667927,914a99676a379595,00383c1e1c5e3e3c,True,,,,True,TRAIN,False,NOT VERIFIED,DUPLICATE_REVIEW,near-duplicate candidate matching existing TRAIN image,JPEG,1.433333,,False
Venomous/King Cobra/69bb5d81e366d17ee82869fca4ab08b9.jpg,69bb5d81e366d17ee82869fca4ab08b9.jpg,.jpg,Venomous,King Cobra,Venomous_Snake,1024,805,RGB,341100,0f049972790253a463a0edb4936d7aa89940aa21a616a3a664bd845e8d2116ed,b8c7cc978798690e,698d899b9e1e3d33,True,,,,False,,False,NOT VERIFIED,PROVENANCE_REVIEW,source provenance and training reuse rights not verified,JPEG,1.27205,,False
"Venomous/King Cobra/71Dvk902gcL._AC_UL320_SR314,320_.jpg","71Dvk902gcL._AC_UL320_SR314,320_.jpg",.jpg,Venomous,King Cobra,Venomous_Snake,314,320,RGB,22394,ecb43988830622b71a0904df6559589159f6798cee06b95c6420864f3481f5ce,96e1a8e8cbc7e4c2,619ce86871b87879,True,,,,True,TRAIN,False,NOT VERIFIED,DUPLICATE_REVIEW,near-duplicate candidate matching existing TRAIN image,JPEG,0.98125,,False
Venomous/King Cobra/7691.jpg,7691.jpg,.jpg,Venomous,King Cobra,Venomous_Snake,1280,720,RGB,98409,65467fedf4dc295586d566bb0b9aa280101c95303ff45416cbeb8421f0da864a,8956ad51873b90cf,da9ab13bea9a7bc3,True,,,,True,VALIDATION,False,NOT VERIFIED,DUPLICATE_REVIEW,near-duplicate candidate matching existing VALIDATION image,JPEG,1.777778,,False
Venomous/King Cobra/7e00468a660261144d2c0d4cd3ad6b91--king-cobra-snake-snake-sculpture.jpg,7e00468a660261144d2c0d4cd3ad6b91--king-cobra-snake-snake-sculpture.jpg,.jpg,Venomous,King Cobra,Venomous_Snake,500,583,RGB,33419,98f749b053b7ab28c3beca1ba82b5bc49065a7d2ce87a4475fdced5bf119f403,b8b04ec7d10cef16,8d8dba9b1e17371f,True,,,,True,TRAIN,False,NOT VERIFIED,DUPLICATE_REVIEW,near-duplicate candidate matching existing TRAIN image,JPEG,0.857633,,False
Venomous/King Cobra/87764986_XS.jpg,87764986_XS.jpg,.jpg,Venomous,King Cobra,Venomous_Snake,750,428,RGB,35417,3ce9cb833432a469373b80e16519e3e364943b3098a82dddef6b14d6921d2bcf,82f87c8271aec771,893072fbd8ec7d06,True,,,,True,VALIDATION,False,NOT VERIFIED,DUPLICATE_REVIEW,near-duplicate candidate matching existing VALIDATION image,JPEG,1.752336,,False
Venomous/King Cobra/900-470162014-king-cobra.jpg,900-470162014-king-cobra.jpg,.jpg,Venomous,King Cobra,Venomous_Snake,900,600,RGB,34085,2e316e86465a0ca38cf8ee76f6266cb6a1b3464aa985f33eb19c00d87f26c904,d53862ceb40d31e7,102518f4f0706186,True,,,,True,TRAIN,False,NOT VERIFIED,DUPLICATE_REVIEW,near-duplicate candidate matching existing TRAIN image,JPEG,1.5,,False
Venomous/King Cobra/9142978675_2c99821195.jpg,9142978675_2c99821195.jpg,.jpg,Venomous,King Cobra,Venomous_Snake,279,500,RGB,98884,48f8f49352b4d44daebe7ba95a701353557206980244a237f42154d667dc3bc4,b3634c0c19cf9af2,96cc485a18373118,True,,,,True,TRAIN,False,NOT VERIFIED,DUPLICATE_REVIEW,near-duplicate candidate matching existing TRAIN image,JPEG,0.558,,False
Venomous/King Cobra/920x1240.jpg,920x1240.jpg,.jpg,Venomous,King Cobra,Venomous_Snake,920,549,RGB,23563,aebe6f827e548152475110d21d355b7c6ea8be0178f074b7e3ba2f2e5588ae15,dd32365bcdcc6460,f8ccc6f2d2d2b2b2,True,,,,True,TRAIN,False,NOT VERIFIED,DUPLICATE_REVIEW,near-duplicate candidate matching existing TRAIN image,JPEG,1.675774,,False
Venomous/King Cobra/_85349739_hi000324519.jpg,_85349739_hi000324519.jpg,.jpg,Venomous,King Cobra,Venomous_Snake,660,371,RGB,51903,843a81a4ea447354a1dc2ed4d38557d857e1b2e03e83b6091e4c7740a5307588,9758bc325d60b956,b49082d2e8cacc6e,True,,,,True,TRAIN,False,NOT VERIFIED,DUPLICATE_REVIEW,exact match to existing TRAIN image,JPEG,1.778976,,False
Venomous/King Cobra/a-king-cobra-jeff-jundt.jpg,a-king-cobra-jeff-jundt.jpg,.jpg,Venomous,King Cobra,Venomous_Snake,1046,698,RGB,191430,3bb47e0cb8d2331fa70de01878f72db8d4d9c0194e22546c4e3edb4065d776fe,be1ad561dec00d6a,1c5d7d7d291f8e74,True,,,,True,VALIDATION,False,NOT VERIFIED,DUPLICATE_REVIEW,near-duplicate candidate matching existing VALIDATION image,JPEG,1.498567,,False
Venomous/King Cobra/A-king-cobra-rescued-from-a-coffee-plantation-to-prevent-it-from-being-killed-by-the-plantation-workers.jpg,A-king-cobra-rescued-from-a-coffee-plantation-to-prevent-it-from-being-killed-by-the-plantation-workers.jpg,.jpg,Venomous,King Cobra,Venomous_Snake,650,432,RGB,223533,a6d725ba97fad5c2ee8dfde3aca88cedd457f3507145bec4e23cce0df0d0fbc6,b134e4e5bd406c6e,cecc4d1c18db181e,True,,,,True,TRAIN,False,NOT VERIFIED,DUPLICATE_REVIEW,near-duplicate candidate matching existing TRAIN image,JPEG,1.50463,,False
Venomous/King Cobra/a2bfde93a79e2a589d20d30b25e985c5--romulus-king-cobra.jpg,a2bfde93a79e2a589d20d30b25e985c5--romulus-king-cobra.jpg,.jpg,Venomous,King Cobra,Venomous_Snake,389,291,RGB,19995,7e1d1a0a551c18a73f4b50a80a0fcdbcabca083baf9f881ea311fa53f35fb2b1,c436ec037be4913e,cc6474d049c0a763,True,,,,True,TRAIN,False,NOT VERIFIED,DUPLICATE_REVIEW,near-duplicate candidate matching existing TRAIN image,JPEG,1.33677,,False
Venomous/King Cobra/aa6c2fd08e164e062648b3844cbb582b--cobra-snake-king-cobra.jpg,aa6c2fd08e164e062648b3844cbb582b--cobra-snake-king-cobra.jpg,.jpg,Venomous,King Cobra,Venomous_Snake,340,525,RGB,32768,14739b2bb677e3056095ec93e2b1684d796a4cdb2c3687773a06788d6e3107bc,c9cc26f33272b54a,a7f3b3b31190b99b,True,,,,True,TRAIN,False,NOT VERIFIED,DUPLICATE_REVIEW,near-duplicate candidate matching existing TRAIN image,JPEG,0.647619,,False
Venomous/King Cobra/Afbeelding12-1024x696.jpg,Afbeelding12-1024x696.jpg,.jpg,Venomous,King Cobra,Venomous_Snake,1024,696,RGB,131198,ef73c4576766279a4bbc36e81a76ab6cca021f39647bdc221b12f5d52e3f02a6,8cb3263e91d4fdc0,2969d1d2b337e5b2,True,,,,True,TRAIN,False,NOT VERIFIED,DUPLICATE_REVIEW,near-duplicate candidate matching existing TRAIN image,JPEG,1.471264,,False
Venomous/King Cobra/ap17207013744013.jpg,ap17207013744013.jpg,.jpg,Venomous,King Cobra,Venomous_Snake,2400,1800,RGB,475231,a34bb721564e03b1b3bf427dc357d519c560186e53510369395a0878dfa19ff0,e3e4303fc6113c67,04c1a5c96b5b5982,True,,,,True,VALIDATION,False,NOT VERIFIED,DUPLICATE_REVIEW,near-duplicate candidate matching existing VALIDATION image,JPEG,1.333333,,False
Venomous/King Cobra/b3bddd06c161b0b368fca1845dff6e974aa48bcc87495bff50309d9b19296ae7.jpg,b3bddd06c161b0b368fca1845dff6e974aa48bcc87495bff50309d9b19296ae7.jpg,.jpg,Venomous,King Cobra,Venomous_Snake,468,250,RGB,33262,6ce30dbd428c41e83d82863f6993e83b483c65fa1fa3318d71512606baa4f3fd,9f30c3166ca61dcd,9c9a7a727278e962,True,,,,True,VALIDATION,False,NOT VERIFIED,DUPLICATE_REVIEW,near-duplicate candidate matching existing VALIDATION image,JPEG,1.872,,False
Venomous/King Cobra/babykingcobra.jpg,babykingcobra.jpg,.jpg,Venomous,King Cobra,Venomous_Snake,1000,1000,RGB,70021,a0c79abfc313df670166343f7ed102b92a0e7d1c1922f3eabeea6711073dfb65,dec0f03f87204cd7,8041a1d561239f41,True,,,,True,TRAIN,False,NOT VERIFIED,DUPLICATE_REVIEW,near-duplicate candidate matching existing TRAIN image,JPEG,1.0,,False
Venomous/King Cobra/Close-up-of-the-head-of-a-king-cobra.jpg,Close-up-of-the-head-of-a-king-cobra.jpg,.jpg,Venomous,King Cobra,Venomous_Snake,650,430,RGB,47572,eb5f236623bea3b4a2bfc506ddefeda77dcf9a7daa40608dbbae5b7483fb1dbb,94f55bc696731066,dce494ace4f0e1f8,True,,,,True,TRAIN,False,NOT VERIFIED,DUPLICATE_REVIEW,near-duplicate candidate matching existing TRAIN image,JPEG,1.511628,,False
Venomous/King Cobra/cobra-head.jpg,cobra-head.jpg,.jpg,Venomous,King Cobra,Venomous_Snake,511,275,RGB,55465,311fc4ccefbd09a1b57d0d98a2b9f5519fd28229ece352cfbd27b18bcb56bacd,873f3561c22dc38e,873672f9e1cfc6cc,True,,,,True,TRAIN,False,NOT VERIFIED,DUPLICATE_REVIEW,near-duplicate candidate matching existing TRAIN image,JPEG,1.858182,,False
Venomous/King Cobra/cobra-long.jpg,cobra-long.jpg,.jpg,Venomous,King Cobra,Venomous_Snake,580,1032,RGB,69917,feb2a2c9180af6393f5cc2c9763272d172792de5fd41e436150b93da6b10cfab,ce883076cf1b6c78,e4f4f1606124080e,True,,,,True,TRAIN,False,NOT VERIFIED,DUPLICATE_REVIEW,near-duplicate candidate matching existing TRAIN image,JPEG,0.562016,,False
Venomous/King Cobra/cobra6n.jpg,cobra6n.jpg,.jpg,Venomous,King Cobra,Venomous_Snake,750,425,RGB,37445,6a9c3f5ceb643f1a90655f77d29cc11a634385f41e8a6b4ba5fd28ae4fcd879d,873c39e36646909f,f4f074e4e8c8c8d8,True,,,,True,TRAIN,False,NOT VERIFIED,DUPLICATE_REVIEW,near-duplicate candidate matching existing TRAIN image,JPEG,1.764706,,False
Venomous/King Cobra/cobra_001.jpg,cobra_001.jpg,.jpg,Venomous,King Cobra,Venomous_Snake,1939,1315,RGB,1894229,18ec701a98540da6bbec3e5006db510f9d1039e6ddd1e025d1b8755f0c14f4b0,9fe078a73299cc16,8dc370506c626130,True,,,,True,TRAIN,False,NOT VERIFIED,DUPLICATE_REVIEW,near-duplicate candidate matching existing TRAIN image,JPEG,1.474525,,False
Venomous/King Cobra/cobra_002.jpg,cobra_002.jpg,.jpg,Venomous,King Cobra,Venomous_Snake,2048,1001,RGB,420666,6826c5bfa9652af9824655e095f85a47c6f2e43ebed77483d49e0c6c1b86995f,9f7df0c020979e29,1838787063696c6c,True,,,,True,TRAIN,False,NOT VERIFIED,DUPLICATE_REVIEW,near-duplicate candidate matching existing TRAIN image,JPEG,2.045954,,False
Venomous/King Cobra/cobra_181212-12.jpg,cobra_181212-12.jpg,.jpg,Venomous,King Cobra,Venomous_Snake,380,462,RGB,189941,b7dccb29e991b2c81b3732f0dd4ded0ebddb76963394c02bcb9df6e252275df9,ab0d2b46c64dd34e,6b3f1a96ad090b5b,True,,,,True,VALIDATION,False,NOT VERIFIED,DUPLICATE_REVIEW,near-duplicate candidate matching existing VALIDATION image,JPEG,0.822511,,False
Venomous/King Cobra/cobra_181212-9.jpg,cobra_181212-9.jpg,.jpg,Venomous,King Cobra,Venomous_Snake,550,355,RGB,113023,04c8cc9a1b9ca79abfe5cac7366f83c30aaa5271d05c783fe61a696d11755036,8c232e8d893ccf97,a7cf4c96f0f2b4b1,True,,,,True,TRAIN,False,NOT VERIFIED,DUPLICATE_REVIEW,near-duplicate candidate matching existing TRAIN image,JPEG,1.549296,,False
Venomous/King Cobra/exotic_king_cobra1-1030x685.jpg,exotic_king_cobra1-1030x685.jpg,.jpg,Venomous,King Cobra,Venomous_Snake,1030,685,RGB,128627,14f59041b64b49a4c70f4347aa8746558d9afc73c9b0c4607f1d40602a131713,8f3fa4243794251f,367b7b7b5bc7f1c3,True,,,,True,TRAIN,False,NOT VERIFIED,DUPLICATE_REVIEW,near-duplicate candidate matching existing TRAIN image,JPEG,1.50365,,False
Venomous/King Cobra/exotic_king_cobra_h.jpg,exotic_king_cobra_h.jpg,.jpg,Venomous,King Cobra,Venomous_Snake,2048,1152,RGB,153376,3d56b6666ecb1546f8274b3274cab6bdf0890f3e2bd0f8a6c052a9c3eb0be4a0,8c43bd71f24e9c68,e8e2e0e891327675,True,,,,True,TRAIN,False,NOT VERIFIED,DUPLICATE_REVIEW,near-duplicate candidate matching existing TRAIN image,JPEG,1.777778,,False
Venomous/King Cobra/f5716d1268715b37ed4d371add3f7600--snake-images-snake-photos.jpg,f5716d1268715b37ed4d371add3f7600--snake-images-snake-photos.jpg,.jpg,Venomous,King Cobra,Venomous_Snake,573,430,RGB,65918,08067a0a376988ef3026bcac1f36a9b1b96c5646e0d074306a8c981e76846c75,94534d749689f369,7874da7d553cb274,True,,,,True,TRAIN,False,NOT VERIFIED,DUPLICATE_REVIEW,near-duplicate candidate matching existing TRAIN image,JPEG,1.332558,,False
Venomous/King Cobra/head-of-a-king-cobra-bdktrm.jpg,head-of-a-king-cobra-bdktrm.jpg,.jpg,Venomous,King Cobra,Venomous_Snake,640,445,RGB,67795,50a651408a36a47c6023e3d8a6c9028536f1d7a3b7c9d6ef7ab3e502d0657bc5,c0eabf4bb22ce115,8361c686d8d170dc,True,,,,True,TRAIN,False,NOT VERIFIED,DUPLICATE_REVIEW,near-duplicate candidate matching existing TRAIN image,JPEG,1.438202,,False
Venomous/King Cobra/hja3fryte6pc8-0lufn4l7g1pmhn172j-large.jpg,hja3fryte6pc8-0lufn4l7g1pmhn172j-large.jpg,.jpg,Venomous,King Cobra,Venomous_Snake,620,348,RGB,25320,1b7716fcdd897a3774441a57a355666227ca85ef4622e5ac51f180b23a909724,d6d27d2dc0231ea3,e068e9a9e46e0e2c,True,,,,True,TRAIN,False,NOT VERIFIED,DUPLICATE_REVIEW,near-duplicate candidate matching existing TRAIN image,JPEG,1.781609,,False
Venomous/King Cobra/hqdefault_007.jpg,hqdefault_007.jpg,.jpg,Venomous,King Cobra,Venomous_Snake,480,360,RGB,32039,0aeec9dbd1b2621ceb3779fe4917c27a9c7186451e01325175dd2a1bbd5c8e77,869d7f62781f2168,2c75f6b5a5cce023,True,,,,True,VALIDATION,False,NOT VERIFIED,DUPLICATE_REVIEW,near-duplicate candidate matching existing VALIDATION image,JPEG,1.333333,,False
Venomous/King Cobra/IMG_7375.jpg,IMG_7375.jpg,.jpg,Venomous,King Cobra,Venomous_Snake,2890,4088,RGB,870730,81b1edb11c6788cfd5bb4e037cfe7c7d96ac01dfd3e5366f07de1c242f693999,dbd2e5e12e1c1c1c,a81939f939d8d80b,True,,,,True,VALIDATION,False,NOT VERIFIED,DUPLICATE_REVIEW,near-duplicate candidate matching existing VALIDATION image,JPEG,0.706947,,False
Venomous/King Cobra/IMG_7415.jpg,IMG_7415.jpg,.jpg,Venomous,King Cobra,Venomous_Snake,3342,2600,RGB,1672890,b465ddd90be16738358d5c8be5d9a06435718b3ef76ca43e9f3127c5b96a367a,d61299c9eb69e921,393c1c4c0c833318,True,,,,True,TRAIN,False,NOT VERIFIED,DUPLICATE_REVIEW,near-duplicate candidate matching existing TRAIN image,JPEG,1.285385,,False
Venomous/King Cobra/IMG_7421.jpg,IMG_7421.jpg,.jpg,Venomous,King Cobra,Venomous_Snake,3700,2514,RGB,1378268,93e4f993106bc35e5b66772719a25997b731223a423cd4080e148bad5b20f9f0,c6cd2d265a7e6c60,65fac02084840cb9,True,,,,True,TRAIN,False,NOT VERIFIED,DUPLICATE_REVIEW,near-duplicate candidate matching existing TRAIN image,JPEG,1.471758,,False
Venomous/King Cobra/interesting-facts-about-king-cobras.jpg,interesting-facts-about-king-cobras.jpg,.jpg,Venomous,King Cobra,Venomous_Snake,1024,683,RGB,101643,69550ec80c2d50dc187abe23a276cf4884c472f776704454ff81daae920be016,d00f12c3dc9d547b,b0cf103294cc1b34,True,,,,True,TRAIN,False,NOT VERIFIED,DUPLICATE_REVIEW,near-duplicate candidate matching existing TRAIN image,JPEG,1.499268,,False
Venomous/King Cobra/jaideep-king-cobra_full-body-copy.jpg,jaideep-king-cobra_full-body-copy.jpg,.jpg,Venomous,King Cobra,Venomous_Snake,448,299,RGB,43652,f3a5925e9b72b1d6b287a0934dfb8507bb7475b4731e43c3b47abf57cd6bb2ab,ed94ce3bd0cb9260,2626b262962b6323,True,,,,True,TRAIN,False,NOT VERIFIED,DUPLICATE_REVIEW,near-duplicate candidate matching existing TRAIN image,JPEG,1.498328,,False
Venomous/King Cobra/Juvenile-king-cobra---defensive-posture.jpg,Juvenile-king-cobra---defensive-posture.jpg,.jpg,Venomous,King Cobra,Venomous_Snake,650,431,RGB,100522,8b15ecc0c58c8b1a0a3105844231ab3cc6d80b7d96e98c9276c1c7807fad0fec,9846a787c3b0e4dd,e451959970f5bb3b,True,,,,True,VALIDATION,False,NOT VERIFIED,DUPLICATE_REVIEW,near-duplicate candidate matching existing VALIDATION image,JPEG,1.508121,,False
Venomous/King Cobra/King Cobra Eating Rat.jpg,King Cobra Eating Rat.jpg,.jpg,Venomous,King Cobra,Venomous_Snake,500,333,RGB,124751,beb53201d62a0a19cfb989ebd5dd6181e72c5f25b69a022b5835ba57de8e1db7,9661283ec730c6fd,58d9c8cc4c6c3477,True,,,,True,VALIDATION,False,NOT VERIFIED,DUPLICATE_REVIEW,near-duplicate candidate matching existing VALIDATION image,JPEG,1.501502,,False
"Venomous/King Cobra/King cobra, 1874 engraving.jpg","King cobra, 1874 engraving.jpg",.jpg,Venomous,King Cobra,Venomous_Snake,1152,1244,RGB,177783,4fae05e66d7e573a2651c9b9d0c5f7a22bc18979b4a1cbf3bd57ff4bfc037cfc,eee4933ba9cc2c0a,0d4d6596074d590b,True,,,,True,TRAIN,False,NOT VERIFIED,DUPLICATE_REVIEW,near-duplicate candidate matching existing TRAIN image,JPEG,0.926045,,False
"Venomous/King Cobra/King cobra, Enygmatic-Halcyon-Wikipedia.jpg","King cobra, Enygmatic-Halcyon-Wikipedia.jpg",.jpg,Venomous,King Cobra,Venomous_Snake,785,587,RGB,176218,7c661c38aa8f729a0235f841c56516d7ce6813086ef504b51d75590eaa347d6d,b5bce8d34744b452,0e17364ecc5af0a6,True,,,,True,TRAIN,False,NOT VERIFIED,DUPLICATE_REVIEW,near-duplicate candidate matching existing TRAIN image,JPEG,1.337308,,False
Venomous/King Cobra/king-cobra-1.jpg,king-cobra-1.jpg,.jpg,Venomous,King Cobra,Venomous_Snake,1024,600,RGB,85025,ace0e77fcf19fcd0d83cf75c51f65705e483b7e36548d6ea33aeedbc251c53e3,c3603c8fd1c8c7cd,1244c3d8d0683119,True,,,,True,VALIDATION,False,NOT VERIFIED,DUPLICATE_REVIEW,near-duplicate candidate matching existing VALIDATION image,JPEG,1.706667,,False
Venomous/King Cobra/king-cobra-1_001.jpg,king-cobra-1_001.jpg,.jpg,Venomous,King Cobra,Venomous_Snake,2048,1424,RGB,733468,37aba2799c4989471069fa6e56dee9c80faf21f758986d6b781920749856bd7e,bc421b3dc03fdc46,182ce5a6a6365f62,True,,,,True,TRAIN,False,NOT VERIFIED,DUPLICATE_REVIEW,near-duplicate candidate matching existing TRAIN image,JPEG,1.438202,,False
Venomous/King Cobra/king-cobra-9.jpg,king-cobra-9.jpg,.jpg,Venomous,King Cobra,Venomous_Snake,500,322,RGB,51061,f977668d26d8099bd15295d44a048cb291178c2fcd97c01f71ef02fdc7a958df,c5cdce128e2fc34c,62b24242b9dda5e5,True,,,,True,TRAIN,False,NOT VERIFIED,DUPLICATE_REVIEW,near-duplicate candidate matching existing TRAIN image,JPEG,1.552795,,False
Venomous/King Cobra/King-Cobra-baby-1.jpg,King-Cobra-baby-1.jpg,.jpg,Venomous,King Cobra,Venomous_Snake,445,305,RGB,42150,e065e44f8ed31acc032104b0609a25d322dde98de76442793455b3ba3dd9ad14,942b6bc4373b640f,8bbda69ce4e4f9e8,True,,,,True,TRAIN,False,NOT VERIFIED,DUPLICATE_REVIEW,near-duplicate candidate matching existing TRAIN image,JPEG,1.459016,,False
Venomous/King Cobra/king-cobra-bg.jpg,king-cobra-bg.jpg,.jpg,Venomous,King Cobra,Venomous_Snake,645,506,RGB,46202,18eb8aa7e40a5fdbf3be69206dd4a8e5e9221e3f879050d6b41291a2d395d823,e2616e97851a9a6b,4b878b9ece3c71e1,True,,,,True,VALIDATION,False,NOT VERIFIED,DUPLICATE_REVIEW,near-duplicate candidate matching existing VALIDATION image,JPEG,1.274704,,False
Venomous/King Cobra/King-Cobra-by-kokotewan-640x326.jpg,King-Cobra-by-kokotewan-640x326.jpg,.jpg,Venomous,King Cobra,Venomous_Snake,640,326,RGB,48975,63b9cefe19fc77a562cb2f95c7bd004d667cbcc6309a3ed8b3c08723e39a8dcb,f1ce1f7326269162,2661e08e9a9212f2,True,,,,True,TRAIN,False,NOT VERIFIED,DUPLICATE_REVIEW,near-duplicate candidate matching existing TRAIN image,JPEG,1.96319,,False
Venomous/King Cobra/King-Cobra-captive.jpg,King-Cobra-captive.jpg,.jpg,Venomous,King Cobra,Venomous_Snake,968,512,RGB,611381,4982aeddcb97b035e75a917712ec746dbd2865f52215b559878206e7fe2d043b,9236c9ece5cd90a6,c55ddded8dddf9b9,True,,,,True,TRAIN,False,NOT VERIFIED,DUPLICATE_REVIEW,near-duplicate candidate matching existing TRAIN image,JPEG,1.890625,,False
Venomous/King Cobra/king-cobra-facts-for-kids1-e1359370651750.jpg,king-cobra-facts-for-kids1-e1359370651750.jpg,.jpg,Venomous,King Cobra,Venomous_Snake,400,290,RGB,30489,5f8b3caeb1c4f268419328ebae9dbd02abb5145af2ada1a2dac94b40f5b2a9ff,bd25614ada6dc730,0b16163339692f19,True,,,,True,TRAIN,False,NOT VERIFIED,DUPLICATE_REVIEW,near-duplicate candidate matching existing TRAIN image,JPEG,1.37931,,False
Venomous/King Cobra/king-cobra-head1.jpg,king-cobra-head1.jpg,.jpg,Venomous,King Cobra,Venomous_Snake,400,440,RGB,198934,202b1ba87070a4b47a42b7714bbcd0aa5c5e811e6ba0944c485898983a9f5ee5,cf3039666a4bda92,793ef8e26460f371,True,,,,True,TRAIN,False,NOT VERIFIED,DUPLICATE_REVIEW,near-duplicate candidate matching existing TRAIN image,JPEG,0.909091,,False
Venomous/King Cobra/King-Cobra-India.jpg,King-Cobra-India.jpg,.jpg,Venomous,King Cobra,Venomous_Snake,1000,666,RGB,65537,1bc62e7de9ab572184c5d8e47987f31919d7fa5f6c00faa24596729babfab2d6,91d98bac307e3666,d2d048d8ccc44ccc,True,,,,True,TRAIN,False,NOT VERIFIED,DUPLICATE_REVIEW,near-duplicate candidate matching existing TRAIN image,JPEG,1.501502,,False
Venomous/King Cobra/king-cobra-juvenile-445px.jpg,king-cobra-juvenile-445px.jpg,.jpg,Venomous,King Cobra,Venomous_Snake,445,445,RGB,52093,2a4f992764040397a61a49a3cb7f0b55527211e5c26d4cabbeaa85ace6271879,ceae05f1b1616ec2,d462e691d5f1d0fc,True,,,,True,TRAIN,False,NOT VERIFIED,DUPLICATE_REVIEW,near-duplicate candidate matching existing TRAIN image,JPEG,1.0,,False
Venomous/King Cobra/king-cobra-ophiophagus-hannah-800x600.jpg,king-cobra-ophiophagus-hannah-800x600.jpg,.jpg,Venomous,King Cobra,Venomous_Snake,800,532,RGB,33895,a26b1c1d12f6d7ec28f3f6942ebf2c468c1101334729f6790009ff31850905a1,d4261bdf1a743263,f8cc9694a4f0d494,True,,,,True,VALIDATION,False,NOT VERIFIED,DUPLICATE_REVIEW,near-duplicate candidate matching existing VALIDATION image,JPEG,1.503759,,False
Venomous/King Cobra/king-cobra-ophiophagus-hannah-800x600_001.jpg,king-cobra-ophiophagus-hannah-800x600_001.jpg,.jpg,Venomous,King Cobra,Venomous_Snake,800,534,RGB,61521,166285ecbb7c692b14f875074046ceca986302ba0bdbde075a00566c45728d84,b12633085f5d4d79,be8f95b8e3f8185a,True,,,,True,TRAIN,False,NOT VERIFIED,DUPLICATE_REVIEW,near-duplicate candidate matching existing TRAIN image,JPEG,1.498127,,False
Venomous/King Cobra/king-cobra-ophiophagus-hannah-swallowing-a-rat-snake-bali-indonesia-EG8D80.jpg,king-cobra-ophiophagus-hannah-swallowing-a-rat-snake-bali-indonesia-EG8D80.jpg,.jpg,Venomous,King Cobra,Venomous_Snake,1300,956,RGB,160301,e9bf2a85262a8a0d13df453b6f9ac8cc8c30673a9a07c43c0ace475f7a88cbf5,c59437f3599b6288,0ce6e290e20e5d44,True,,,,True,TRAIN,False,NOT VERIFIED,DUPLICATE_REVIEW,near-duplicate candidate matching existing TRAIN image,JPEG,1.359833,,False
Venomous/King Cobra/King-cobra-partially-displaying-hood.jpg,King-cobra-partially-displaying-hood.jpg,.jpg,Venomous,King Cobra,Venomous_Snake,650,430,RGB,85416,dc828d560a6b7d1b1e41ad7efd5b883a3fe5c3e832f9a8078aaffa897a85caed,874f78a0b9b05c7a,3060686d4b6ccd9c,True,,,,True,TRAIN,False,NOT VERIFIED,DUPLICATE_REVIEW,near-duplicate candidate matching existing TRAIN image,JPEG,1.511628,,False
Venomous/King Cobra/King-Cobra-rescued-from-Dukura-range-copy.jpg,King-Cobra-rescued-from-Dukura-range-copy.jpg,.jpg,Venomous,King Cobra,Venomous_Snake,713,491,RGB,191059,26705398075d13d63b337851ced89d8ddab55ec6f2205dc59ac26e3c24ad6f9a,fcae9a52eb4c0a43,313733330734b43a,True,,,,True,TRAIN,False,NOT VERIFIED,DUPLICATE_REVIEW,near-duplicate candidate matching existing TRAIN image,JPEG,1.452138,,False
Venomous/King Cobra/King-cobra-resting.jpg,King-cobra-resting.jpg,.jpg,Venomous,King Cobra,Venomous_Snake,650,426,RGB,71125,8a3322623f1138220ed439383c53120763f5d496e77e7f1dc847f79221dc5d33,e272f1c0374bdc49,8e0c094dc4e5d35e,True,,,,True,VALIDATION,False,NOT VERIFIED,DUPLICATE_REVIEW,near-duplicate candidate matching existing VALIDATION image,JPEG,1.525822,,False
Venomous/King Cobra/King-cobra-side-profile.jpg,King-cobra-side-profile.jpg,.jpg,Venomous,King Cobra,Venomous_Snake,650,463,RGB,129503,9b6a8447cdcfabb5ef85608360f2ec178497291770c79a3688855051dd5a7017,a5407bd7b464a54b,8cc9d6a478466333,True,,,,True,VALIDATION,False,NOT VERIFIED,DUPLICATE_REVIEW,near-duplicate candidate matching existing VALIDATION image,JPEG,1.403888,,False
Venomous/King Cobra/king-cobra-slither.adapt.945.1.jpg,king-cobra-slither.adapt.945.1.jpg,.jpg,Venomous,King Cobra,Venomous_Snake,945,531,RGB,51231,b273d5dd6176ef105c4f0e757486f237e2170daa156cb6dbd358c9fcb2a4cd83,c7ce36314c71c966,e8e0e0f0e0d8c8e4,True,,,,True,TRAIN,False,NOT VERIFIED,DUPLICATE_REVIEW,near-duplicate candidate matching existing TRAIN image,JPEG,1.779661,,False
Venomous/King Cobra/king-cobra-snake.jpg,king-cobra-snake.jpg,.jpg,Venomous,King Cobra,Venomous_Snake,605,499,RGB,54432,5fe83af55b2800b8fc91a7cf8ef3f8ff9f5efd09db5ce314401171f18174f509,a8aa9c95e7dca06a,2fdb95c3cb9630e3,True,,,,True,TRAIN,False,NOT VERIFIED,DUPLICATE_REVIEW,near-duplicate candidate matching existing TRAIN image,JPEG,1.212425,,False
Venomous/King Cobra/king-cobra-snake_001.jpg,king-cobra-snake_001.jpg,.jpg,Venomous,King Cobra,Venomous_Snake,283,424,RGB,21816,7f1107652c0b178838c100e8f88a3cce26c0642ceedcd2dcaaee3b71cd683c78,8eda66264973f84c,6961b0f9f3eecce6,True,,,,True,TRAIN,False,NOT VERIFIED,DUPLICATE_REVIEW,near-duplicate candidate matching existing TRAIN image,JPEG,0.667453,,False
Venomous/King Cobra/King-cobra-swimming-hunting-other-snakes-along-the-edge-of-a-mangrove-river.jpg,King-cobra-swimming-hunting-other-snakes-along-the-edge-of-a-mangrove-river.jpg,.jpg,Venomous,King Cobra,Venomous_Snake,650,434,RGB,52694,36eb89383830828f89e3ccb5815f650615c57b0163de71e201bb50ae69b65146,c6f870e2a20ec71f,851830e0c9c3605c,True,,,,True,TRAIN,False,NOT VERIFIED,DUPLICATE_REVIEW,near-duplicate candidate matching existing TRAIN image,JPEG,1.497696,,False
Venomous/King Cobra/King-Cobra-Thailand.jpg,King-Cobra-Thailand.jpg,.jpg,Venomous,King Cobra,Venomous_Snake,739,535,RGB,119004,9e25dbfcaa631ca3e8550095ca529f05d07f413520aea446b585ab31f905862b,d8325b5ee085be4a,199135969532b091,True,,,,True,VALIDATION,False,NOT VERIFIED,DUPLICATE_REVIEW,near-duplicate candidate matching existing VALIDATION image,JPEG,1.381308,,False
Venomous/King Cobra/king-cobra-wallpapers-desktop-background.jpg,king-cobra-wallpapers-desktop-background.jpg,.jpg,Venomous,King Cobra,Venomous_Snake,2560,1600,RGB,289476,5304f739c4c9d6619af5a89d390147d9845ae4bef8305eead8f80965b1e54c8f,99cd0f633ed8381c,32c2b23b59d9f02e,True,,,,True,TRAIN,False,NOT VERIFIED,DUPLICATE_REVIEW,near-duplicate candidate matching existing TRAIN image,JPEG,1.6,,False
Venomous/King Cobra/king-cobra-web.jpg,king-cobra-web.jpg,.jpg,Venomous,King Cobra,Venomous_Snake,1000,667,RGB,119408,d61dc78ea761241bbf361b0d97f1a06b2c15eafcd18cf36e300a97da16d656b9,9dc07c3f088689bf,23a3c3e3fb7c3c36,True,,,,True,TRAIN,False,NOT VERIFIED,DUPLICATE_REVIEW,near-duplicate candidate matching existing TRAIN image,JPEG,1.49925,,False
Venomous/King Cobra/King-Cobra_003.jpg,King-Cobra_003.jpg,.jpg,Venomous,King Cobra,Venomous_Snake,640,427,RGB,48853,dd7416a46f8f056e774a4b89e32393831e1d89c98faa9529aecb453687a98c9e,add0632f9063953d,c49592b436262716,True,,,,True,TRAIN,False,NOT VERIFIED,DUPLICATE_REVIEW,near-duplicate candidate matching existing TRAIN image,JPEG,1.498829,,False
Venomous/King Cobra/king-cobra_004.jpg,king-cobra_004.jpg,.jpg,Venomous,King Cobra,Venomous_Snake,1024,768,RGB,143682,195842a12d940825dd138eda1fac02d517c65fbee2345fc4fe27fcb1951dbeaf,ea0c2df238f406f3,b5c3e2b1914d081b,True,,,,True,TRAIN,False,NOT VERIFIED,DUPLICATE_REVIEW,near-duplicate candidate matching existing TRAIN image,JPEG,1.333333,,False
Venomous/King Cobra/King-Cobra_005.jpg,King-Cobra_005.jpg,.jpg,Venomous,King Cobra,Venomous_Snake,340,395,RGB,22006,117fc130d40f78b5c750513602bd03750476f7626fc3b42f76517fb84b6a782f,93b66c29cd7ab10c,8dcdec997adb39f1,True,,,,True,TRAIN,False,NOT VERIFIED,DUPLICATE_REVIEW,near-duplicate candidate matching existing TRAIN image,JPEG,0.860759,,False
Venomous/King Cobra/king-cobra_006.jpg,king-cobra_006.jpg,.jpg,Venomous,King Cobra,Venomous_Snake,190,143,RGB,5128,f5c6c214fe68454c56bd582758151e9249b790d05be4cea48904cc4f93544aa2,c43920ce3767cecc,2892704ce1e1e1e1,True,,,,True,TRAIN,False,NOT VERIFIED,DUPLICATE_REVIEW,near-duplicate candidate matching existing TRAIN image,JPEG,1.328671,,False
Venomous/King Cobra/king-cobra_008.jpg,king-cobra_008.jpg,.jpg,Venomous,King Cobra,Venomous_Snake,800,531,RGB,362591,876fcbd86b55fcdbf68dc9e92ea74ef95b7149d94787ac60dd15d2e336a46801,b2385c6ce7e83836,bf3919884ca6a0d4,True,,,,True,TRAIN,False,NOT VERIFIED,DUPLICATE_REVIEW,near-duplicate candidate matching existing TRAIN image,JPEG,1.506591,,False
Venomous/King Cobra/king-cobra_009.jpg,king-cobra_009.jpg,.jpg,Venomous,King Cobra,Venomous_Snake,448,299,RGB,39240,9c0d7a8efae9c68216c106e521331e7b66b29304a813f379fbc65cb136f86091,ad90da279de2360d,d092ee6e664e43f3,True,,,,True,TRAIN,False,NOT VERIFIED,DUPLICATE_REVIEW,near-duplicate candidate matching existing TRAIN image,JPEG,1.498328,,False
Venomous/King Cobra/king-cobra_0164.jpg,king-cobra_0164.jpg,.jpg,Venomous,King Cobra,Venomous_Snake,400,300,RGB,46349,5389220408d1b0463b091bbddace2e3c2a0a07fd3d58ce40a63275a8970cb0f1,c8d9366607db3ca4,29809150d486c3e2,True,,,,True,TRAIN,False,NOT VERIFIED,DUPLICATE_REVIEW,near-duplicate candidate matching existing TRAIN image,JPEG,1.333333,,False
Venomous/King Cobra/king-cobra_624.jpg,king-cobra_624.jpg,.jpg,Venomous,King Cobra,Venomous_Snake,624,413,RGB,72427,cdb1db62c00c123225e1d78bf972f5b246fd0a27252e8d7314210f1f95dd97ff,d87430cee338cce3,861114a14971b1bb,True,,,,True,TRAIN,False,NOT VERIFIED,DUPLICATE_REVIEW,near-duplicate candidate matching existing TRAIN image,JPEG,1.510896,,False
Venomous/King Cobra/king-cobras-live_820c5cd24bab67fc.jpg,king-cobras-live_820c5cd24bab67fc.jpg,.jpg,Venomous,King Cobra,Venomous_Snake,700,394,RGB,32311,9822895912869ba14f511827c129181f0f94078bc118f741af6324c43679914c,fe445032a395d7b2,8c3326654f2d3d19,True,,,,True,TRAIN,False,NOT VERIFIED,DUPLICATE_REVIEW,near-duplicate candidate matching existing TRAIN image,JPEG,1.77665,,False
Venomous/King Cobra/king_cobra2.jpg,king_cobra2.jpg,.jpg,Venomous,King Cobra,Venomous_Snake,791,507,RGBA,380154,1b3c7106cf805ba16af531a7fde34ad9ed71d95abb1d044846d1d3d6b379d41d,91336e4a673933cc,c1f85ad8b898b3e6,True,,,,False,,False,NOT VERIFIED,PROVENANCE_REVIEW,source provenance and training reuse rights not verified,PNG,1.560158,,False
Venomous/King Cobra/king_cobra3.jpg,king_cobra3.jpg,.jpg,Venomous,King Cobra,Venomous_Snake,791,507,RGBA,310772,10d43b894abb7f2c89583c0fc2ea34af500dbd195bc1349c132b6f0eac1afe02,c10b30f3cf6c34da,19c96762e1cc8fae,True,,,,False,,False,NOT VERIFIED,PROVENANCE_REVIEW,source provenance and training reuse rights not verified,PNG,1.560158,,False
Venomous/King Cobra/king_cobra_1.jpg,king_cobra_1.jpg,.jpg,Venomous,King Cobra,Venomous_Snake,640,395,RGB,46362,585e98dda8fe8b926bf1c9c6e50be759d6c5c26122ebef63c8038412c1902c5f,9638646b7a986733,b46468f8e8e4e4e4,True,,,,True,VALIDATION,False,NOT VERIFIED,DUPLICATE_REVIEW,near-duplicate candidate matching existing VALIDATION image,JPEG,1.620253,,False
Venomous/King Cobra/king_cobra_1_001.jpg,king_cobra_1_001.jpg,.jpg,Venomous,King Cobra,Venomous_Snake,350,263,RGB,20228,0ba60708294f4ec335b01862286a8d4369f8f4e71dd6ef367fc0df965f8f83d0,ce30b8c6e98d6d4a,b50d434764606031,True,,,,True,TRAIN,False,NOT VERIFIED,DUPLICATE_REVIEW,near-duplicate candidate matching existing TRAIN image,JPEG,1.330798,,False
Venomous/King Cobra/King_Cobra_25.jpg,King_Cobra_25.jpg,.jpg,Venomous,King Cobra,Venomous_Snake,3310,2648,RGB,4793506,71772281a1263a057b41bda3e3e80fc93567e7c85423fe2444454aa77dff3fa3,dc23b24e658e936c,ada86862f2303114,True,,,,True,TRAIN,False,NOT VERIFIED,DUPLICATE_REVIEW,near-duplicate candidate matching existing TRAIN image,JPEG,1.25,,False
Venomous/King Cobra/King_Cobra_Head.jpg,King_Cobra_Head.jpg,.jpg,Venomous,King Cobra,Venomous_Snake,599,365,RGB,87571,427455f0889462eed6f93eccc6171944150fa8a7e4940de61b825a4011968ab6,d5b6a8cc361de524,2c5d5a782ce6f2fa,True,,,,True,TRAIN,False,NOT VERIFIED,DUPLICATE_REVIEW,near-duplicate candidate matching existing TRAIN image,JPEG,1.641096,,False
Venomous/King Cobra/king_cobra_picture.jpg,king_cobra_picture.jpg,.jpg,Venomous,King Cobra,Venomous_Snake,416,624,RGB,70130,200929a9a9527280dfed72484ca6d5a2b9be1ae8a8f0bc4d97caa477116a91ca,b8c23b87e2990cf6,d81d3592ecf61a37,True,,,,True,VALIDATION,False,NOT VERIFIED,DUPLICATE_REVIEW,near-duplicate candidate matching existing VALIDATION image,JPEG,0.666667,,False
Venomous/King Cobra/kingcobra-001.jpg,kingcobra-001.jpg,.jpg,Venomous,King Cobra,Venomous_Snake,1400,845,RGB,774204,25877593fe2e97351cc9e434ce1cb6054d494ce511a17f343ef13242c9a2ca65,e81926ceb2e19ce5,04bb9b999163c71e,True,,,,True,TRAIN,False,NOT VERIFIED,DUPLICATE_REVIEW,near-duplicate candidate matching existing TRAIN image,JPEG,1.656805,,False
Venomous/King Cobra/kingcobra-002.jpg,kingcobra-002.jpg,.jpg,Venomous,King Cobra,Venomous_Snake,1400,845,RGB,804745,87fb9a880a54b0449baf58ea2cf8c283f4b027036937c313c4f90429472f0a30,fe3c40bc53699c52,8ea6365b2c369bc8,True,,,,True,TRAIN,False,NOT VERIFIED,DUPLICATE_REVIEW,near-duplicate candidate matching existing TRAIN image,JPEG,1.656805,,False
Venomous/King Cobra/KingCobra-and-I_web.jpg,KingCobra-and-I_web.jpg,.jpg,Venomous,King Cobra,Venomous_Snake,1024,682,RGB,364250,445960d4e7aa8f6e6e55754c23b2bc28ff43e69af049248eef9d1a68e708ed9b,b186dc4bf487ec81,a687c7cf4b1b9a3a,True,,,,True,TRAIN,False,NOT VERIFIED,DUPLICATE_REVIEW,near-duplicate candidate matching existing TRAIN image,JPEG,1.501466,,False
Venomous/King Cobra/KingCobra1.jpg,KingCobra1.jpg,.jpg,Venomous,King Cobra,Venomous_Snake,500,424,RGB,16233,1f30c82c9350d033dd27573343c1e97f0545e31799c8b9fab540719a7306326f,da67611c72329acd,c463e9697939b9d9,True,,,,True,VALIDATION,False,NOT VERIFIED,DUPLICATE_REVIEW,near-duplicate candidate matching existing VALIDATION image,JPEG,1.179245,,False
Venomous/King Cobra/KingCobra_001.jpg,KingCobra_001.jpg,.jpg,Venomous,King Cobra,Venomous_Snake,1800,1200,RGB,204241,9c133a1142399665d81d17af382dd805074f7ef9fed0006809396804e3063fc0,93e56d92267a4d94,78dab2c8e8f8f9f6,True,,,,True,TRAIN,False,NOT VERIFIED,DUPLICATE_REVIEW,near-duplicate candidate matching existing TRAIN image,JPEG,1.5,,False
Venomous/King Cobra/kingcobra_002.JPG,kingcobra_002.JPG,.jpg,Venomous,King Cobra,Venomous_Snake,900,720,RGB,203108,cea8228434eaec97bd4f657b7ec9e32ac25d346532694829c9bcf6a1ac22680b,be89dd30e4939269,b423797dabad4c62,True,,,,True,TRAIN,False,NOT VERIFIED,DUPLICATE_REVIEW,near-duplicate candidate matching existing TRAIN image,JPEG,1.25,,False
Venomous/King Cobra/KingCobra_003.jpg,KingCobra_003.jpg,.jpg,Venomous,King Cobra,Venomous_Snake,2226,1296,RGB,1112440,3561af5b81369097f07d494cea8de615da5f27689b842b3075b558b2c65c26b1,f0358f643c4ae595,378c86371c872198,True,,,,True,TRAIN,False,NOT VERIFIED,DUPLICATE_REVIEW,near-duplicate candidate matching existing TRAIN image,JPEG,1.717593,,False
Venomous/King Cobra/landing_king-cobra.jpg,landing_king-cobra.jpg,.jpg,Venomous,King Cobra,Venomous_Snake,768,358,RGB,44358,1ce1d1e54735af29cf7d67902e97a47862d5adbb7b69c6cdf3e7b3b7b0fe2f79,fce3178d07261c1e,c8080c0423323331,True,,,,True,TRAIN,False,NOT VERIFIED,DUPLICATE_REVIEW,near-duplicate candidate matching existing TRAIN image,JPEG,2.145251,,False
Venomous/King Cobra/natural-enemies-king-cobra_6c4e36f5d658546a.jpg,natural-enemies-king-cobra_6c4e36f5d658546a.jpg,.jpg,Venomous,King Cobra,Venomous_Snake,700,394,RGB,34008,7c402c15b2db8c2eb61b4a800d73c67c3fb9aa7d3149038e592b9984e8e77292,976931ac66d1c8d6,cc60d8d86c2cdccc,True,,,,True,TRAIN,False,NOT VERIFIED,DUPLICATE_REVIEW,near-duplicate candidate matching existing TRAIN image,JPEG,1.77665,,False
Venomous/King Cobra/Ophiophagus-hannah-Thailand.jpg,Ophiophagus-hannah-Thailand.jpg,.jpg,Venomous,King Cobra,Venomous_Snake,800,623,RGB,134167,de5c326514be04420d1eac755dcc6f82bbf180e4dc826564b91859501cd679de,d432b283da99b1f1,1ccc96f2f2e66424,True,,,,True,TRAIN,False,NOT VERIFIED,DUPLICATE_REVIEW,near-duplicate candidate matching existing TRAIN image,JPEG,1.284109,,False
Venomous/King Cobra/PAY-COBRA-SNAKE-RESCUE.jpg,PAY-COBRA-SNAKE-RESCUE.jpg,.jpg,Venomous,King Cobra,Venomous_Snake,615,298,RGB,34937,ab6ce1d6124bf868f8f9d0c05076cef11cc13cdfa0559e7bf0be0a2df638f7fd,848747210faff6a3,f0f0f564d68c9692,True,,,,True,TRAIN,False,NOT VERIFIED,DUPLICATE_REVIEW,near-duplicate candidate matching existing TRAIN image,JPEG,2.063758,,False
Venomous/King Cobra/PAY-Russian-man-killed-by-King-Cobra.jpg,PAY-Russian-man-killed-by-King-Cobra.jpg,.jpg,Venomous,King Cobra,Venomous_Snake,615,411,RGB,41414,a67d783763b8e93d9871330a2d25626db3a1de42e573e250798d5f458d49f2b2,935ae410bbc1d83f,2cad31d958dcd606,True,,,,True,TRAIN,False,NOT VERIFIED,DUPLICATE_REVIEW,near-duplicate candidate matching existing TRAIN image,JPEG,1.49635,,False
Venomous/King Cobra/photos.medleyphoto.13543526.jpg,photos.medleyphoto.13543526.jpg,.jpg,Venomous,King Cobra,Venomous_Snake,800,478,RGB,48938,7836ae7de01a113da0d0d6545a1d4b52c1c535f7114ed0617b3137736af1a192,cda2231df4336399,f0f0c8a832727222,True,,,,True,VALIDATION,False,NOT VERIFIED,DUPLICATE_REVIEW,near-duplicate candidate matching existing VALIDATION image,JPEG,1.67364,,False
Venomous/King Cobra/pictures-of-king-cobras-e1359370644271.jpg,pictures-of-king-cobras-e1359370644271.jpg,.jpg,Venomous,King Cobra,Venomous_Snake,400,300,RGB,23154,e3536dfbd05bd6a5439b99d59ab2a9dd76150c10998979c85d2b2f929e368b68,9b65ed933488381f,72671d9cf9d9f971,True,,,,True,TRAIN,False,NOT VERIFIED,DUPLICATE_REVIEW,near-duplicate candidate matching existing TRAIN image,JPEG,1.333333,,False
Venomous/King Cobra/r0_135_2757_1691_w1200_h678_fmax.jpg,r0_135_2757_1691_w1200_h678_fmax.jpg,.jpg,Venomous,King Cobra,Venomous_Snake,1200,677,RGB,221998,37e2349d3d0b546906a93443809609b802feb213c3fbba48ec01a374bd29fcf7,d8186847af27872f,63b03829c1c0282c,True,,,,True,TRAIN,False,NOT VERIFIED,DUPLICATE_REVIEW,near-duplicate candidate matching existing TRAIN image,JPEG,1.772526,,False
Venomous/King Cobra/shutterstock_57385138-700x525.jpg,shutterstock_57385138-700x525.jpg,.jpg,Venomous,King Cobra,Venomous_Snake,700,525,RGB,80861,98fb8fe3f5e461f2c2934877508abd6a7ba7e0e4e638da7f7915661d812d9a9e,d46c1c136d77293a,faa4a10ab0684cb6,True,,,,True,TRAIN,False,NOT VERIFIED,DUPLICATE_REVIEW,near-duplicate candidate matching existing TRAIN image,JPEG,1.333333,,False
Venomous/King Cobra/snake-kingcobra-reptile-597045-o.jpg,snake-kingcobra-reptile-597045-o.jpg,.jpg,Venomous,King Cobra,Venomous_Snake,4416,3312,RGB,1199418,de0291e114cb0432aa1331274aee4cf04ae4f64f79cc6ad8c4d6f87aedca58d9,9c636a959c4e730e,5a6e69f0f4fcfcf3,True,,,,True,VALIDATION,False,NOT VERIFIED,DUPLICATE_REVIEW,near-duplicate candidate matching existing VALIDATION image,JPEG,1.333333,,False
Venomous/King Cobra/T05-0001-0111.jpg,T05-0001-0111.jpg,.jpg,Venomous,King Cobra,Venomous_Snake,770,430,RGB,385929,381962daa09513c42b4867da497c45053313c7fc288af981d4c35d86e5296b1a,9e6329383a6a27c7,336260683c3cb830,True,,,,True,VALIDATION,False,NOT VERIFIED,DUPLICATE_REVIEW,near-duplicate candidate matching existing VALIDATION image,JPEG,1.790698,,False
Venomous/King Cobra/villagers-in-a-drought-hit-region-of-india-let-a-king-cobra-drink-from-a-bottle-of-water.jpg,villagers-in-a-drought-hit-region-of-india-let-a-king-cobra-drink-from-a-bottle-of-water.jpg,.jpg,Venomous,King Cobra,Venomous_Snake,1440,1080,RGBA,2406618,03e2d46503088356f586c4741ec147b45f11f27d3526798de5e13e6ad6cb5c2c,d8eb32226d0dea56,030021b23095ac38,True,,,,False,,False,NOT VERIFIED,PROVENANCE_REVIEW,source provenance and training reuse rights not verified,PNG,1.333333,,False
Venomous/King Cobra/Z7850200-King_Cobra-SPL.jpg,Z7850200-King_Cobra-SPL.jpg,.jpg,Venomous,King Cobra,Venomous_Snake,354,530,RGB,50073,64ce404779ad5329f832e9e70cff7d8009a2bc76237fd788e5f75fd0874232d9,a5c956c65b64a559,8061929a51c68414,True,,,,True,TRAIN,False,NOT VERIFIED,DUPLICATE_REVIEW,exact match to existing TRAIN image,JPEG,0.667925,,False
Venomous/King Cobra/ZNKH1t.jpg,ZNKH1t.jpg,.jpg,Venomous,King Cobra,Venomous_Snake,800,547,RGB,119980,759ae8d42bc43ff0836bb7a60ef12babf7ff231280c3639ad323b7b237534d37,acdd1b27d3302671,68f3b7b6c6e69539,True,,,,True,TRAIN,False,NOT VERIFIED,DUPLICATE_REVIEW,exact match to existing TRAIN image,JPEG,1.462523,,False
Venomous/Monocled Cobra/0564.jpeg,0564.jpeg,.jpeg,Venomous,Monocled Cobra,Venomous_Snake,567,378,RGB,155219,3754e2b52d59944b590b0797ac3517436574950c420192415030310cebb9eb4c,b946730db3eb401d,0820e0e87033331a,True,,,,True,TEST,False,NOT VERIFIED,LEAKAGE_RISK,near-duplicate candidate matching existing TEST image (POSSIBLE_NEAR_DUPLICATE),JPEG,1.5,,False
Venomous/Monocled Cobra/0829.jpeg,0829.jpeg,.jpeg,Venomous,Monocled Cobra,Venomous_Snake,768,512,RGB,160680,24fc801d03174d2690a580df6e2358e7fbf1aa322a5ae82410719f7958170a1f,af5a922ad9e44dc2,2f5f462253230e6e,True,,,,True,TRAIN,False,NOT VERIFIED,DUPLICATE_REVIEW,near-duplicate candidate matching existing TRAIN image,JPEG,1.5,,False
Venomous/Monocled Cobra/0efec3f98662a0bd0b21d3757cb72d3b--snake-facts-cobra-snake.jpg,0efec3f98662a0bd0b21d3757cb72d3b--snake-facts-cobra-snake.jpg,.jpg,Venomous,Monocled Cobra,Venomous_Snake,400,336,RGB,37726,62071418b7a08086963120494d8fee6d25d59b1db7c9b635168deff82a75aeaa,e946ab34978ce48d,6d41e3d25e9733ab,True,,,,True,TRAIN,False,NOT VERIFIED,DUPLICATE_REVIEW,near-duplicate candidate matching existing TRAIN image,JPEG,1.190476,,False
Venomous/Monocled Cobra/1.jpg,1.jpg,.jpg,Venomous,Monocled Cobra,Venomous_Snake,852,480,RGB,43282,0521741b6bcc0527d0b9bf8f17685b4bf1058796e0219044e3c979c25145e642,82a17f3e87e0743c,4f5384c97ba1a968,True,,,,True,TRAIN,False,NOT VERIFIED,DUPLICATE_REVIEW,near-duplicate candidate matching existing TRAIN image,JPEG,1.775,,False
Venomous/Monocled Cobra/1015822449_d6aa87bc25.jpg,1015822449_d6aa87bc25.jpg,.jpg,Venomous,Monocled Cobra,Venomous_Snake,500,375,RGB,140815,6303fa0947278704b4ed4e22314f605cb9f504c4f89028d3f6b4b9698ef3ce94,81a2be55cc9f92cc,c88eb49a86d8728e,True,,,,True,TEST,False,NOT VERIFIED,LEAKAGE_RISK,near-duplicate candidate matching existing TEST image (HIGH_CONFIDENCE_NEAR_DUPLICATE),JPEG,1.333333,,False
Venomous/Monocled Cobra/11.Monocled Cobra.jpg,11.Monocled Cobra.jpg,.jpg,Venomous,Monocled Cobra,Venomous_Snake,424,568,RGB,120758,52c5876a259829a93ee5982e710866e5b7c11397fdfb66bf8b9d5469773e165f,fc934426d90fe64c,61982b58302d27b0,True,,,,True,TEST,False,NOT VERIFIED,LEAKAGE_RISK,near-duplicate candidate matching existing TEST image (HIGH_CONFIDENCE_NEAR_DUPLICATE),JPEG,0.746479,,False
Venomous/Monocled Cobra/1317472028Naja kauthia.jpg,1317472028Naja kauthia.jpg,.jpg,Venomous,Monocled Cobra,Venomous_Snake,500,350,RGB,264569,0e391f01bec9c35e261d2944e93f899b3862c2daf4523de9d0c86ee57fd13556,ff43e05fb0d01e82,8846223b332a18b4,True,,,,True,TEST,False,NOT VERIFIED,LEAKAGE_RISK,near-duplicate candidate matching existing TEST image (HIGH_CONFIDENCE_NEAR_DUPLICATE),JPEG,1.428571,,False
Venomous/Monocled Cobra/13350233_1079893875431314_5715026036656697829_o.jpg,13350233_1079893875431314_5715026036656697829_o.jpg,.jpg,Venomous,Monocled Cobra,Venomous_Snake,2048,1280,RGB,424407,1c554c0e943e55f47ea4d87e5edca890ede09cb7928f721a8b0f0bf2a3766cbf,a220eee9ca3a9b56,a5c6dc95a85a4545,True,,,,True,TEST,False,NOT VERIFIED,LEAKAGE_RISK,near-duplicate candidate matching existing TEST image (HIGH_CONFIDENCE_NEAR_DUPLICATE),JPEG,1.6,,False
Venomous/Monocled Cobra/16243436212_f1aa097020_b.jpg,16243436212_f1aa097020_b.jpg,.jpg,Venomous,Monocled Cobra,Venomous_Snake,1024,683,RGB,762236,b274cbd66a77033f56e6ffa37cb04764273a16fc50217413e2f12d0b4612a07c,b83a8368389fcd72,b91d1426372349d2,True,,,,True,VALIDATION,False,NOT VERIFIED,DUPLICATE_REVIEW,near-duplicate candidate matching existing VALIDATION image,JPEG,1.499268,,False
Venomous/Monocled Cobra/17890231804cbb58e063ebe.JPG,17890231804cbb58e063ebe.JPG,.jpg,Venomous,Monocled Cobra,Venomous_Snake,819,768,RGB,279042,3580f39de310b11068796a08f4047a9d0c4782290c18fbbbb08d734045850f7c,ae16c8f123e6893b,a62c63654d162783,True,,,,True,TRAIN,False,NOT VERIFIED,DUPLICATE_REVIEW,near-duplicate candidate matching existing TRAIN image,JPEG,1.066406,,False
Venomous/Monocled Cobra/18105089279_8214469ffa.jpg,18105089279_8214469ffa.jpg,.jpg,Venomous,Monocled Cobra,Venomous_Snake,500,500,RGB,97526,581bb85a98750126495ef380dfb9ae756e006c6e1a002699b64b5b06c71d82e6,a6b252ada5c465e3,efc9ede6c347c5d0,True,,,,True,TRAIN,False,NOT VERIFIED,DUPLICATE_REVIEW,near-duplicate candidate matching existing TRAIN image,JPEG,1.0,,False
Venomous/Monocled Cobra/1_001.jpg,1_001.jpg,.jpg,Venomous,Monocled Cobra,Venomous_Snake,852,480,RGB,91483,1e4e735f0e67b403e46a6284f6c173372a8b657c6a7542e83ce3afdb93d1dd71,c16326831b9cfee1,40c88010d08d8301,True,,,,True,TRAIN,False,NOT VERIFIED,DUPLICATE_REVIEW,near-duplicate candidate matching existing TRAIN image,JPEG,1.775,,False
Venomous/Monocled Cobra/1_002.jpg,1_002.jpg,.jpg,Venomous,Monocled Cobra,Venomous_Snake,852,480,RGB,119188,00c39f8fc78070a2a2e6c0de23051cfec5f45397f2981c4206207d67aa701e38,eed96489f4299668,93c1c5313169d704,True,,,,True,TRAIN,False,NOT VERIFIED,DUPLICATE_REVIEW,near-duplicate candidate matching existing TRAIN image,JPEG,1.775,,False
Venomous/Monocled Cobra/1_010.jpg,1_010.jpg,.jpg,Venomous,Monocled Cobra,Venomous_Snake,852,480,RGB,101159,0af0769abb4d58dbec76e0388f5959992b4278f75a29b3f060dbce245f197cca,975c621fcc3cc538,644818f2f07a1d85,True,,,,True,VALIDATION,False,NOT VERIFIED,DUPLICATE_REVIEW,near-duplicate candidate matching existing VALIDATION image,JPEG,1.775,,False
Venomous/Monocled Cobra/200px-Naja_kaouthia.jpg,200px-Naja_kaouthia.jpg,.jpg,Venomous,Monocled Cobra,Venomous_Snake,200,296,RGB,11089,43d1ecb0dfb40908fa158da288b455c0b4241601e4db37815d249ce85bd78f51,c89d3661e16acfc8,c7bcf0e2c3c70d0d,True,,,,True,TEST,False,NOT VERIFIED,LEAKAGE_RISK,near-duplicate candidate matching existing TEST image (HIGH_CONFIDENCE_NEAR_DUPLICATE),JPEG,0.675676,,False
Venomous/Monocled Cobra/2186482800_bfcf31f866_b.jpg,2186482800_bfcf31f866_b.jpg,.jpg,Venomous,Monocled Cobra,Venomous_Snake,1024,779,RGB,299759,1b51cde2e01af6842f08ff5dcfeaf98fdc70cc2e05cfc33222ba0136c9147ec3,b08e9f36dcf99030,3defdf979d8f9f9f,True,,,,True,TEST,False,NOT VERIFIED,LEAKAGE_RISK,near-duplicate candidate matching existing TEST image (HIGH_CONFIDENCE_NEAR_DUPLICATE),JPEG,1.314506,,False
Venomous/Monocled Cobra/225296_10150320235058504_683593503_10024128_7013317_n.jpg,225296_10150320235058504_683593503_10024128_7013317_n.jpg,.jpg,Venomous,Monocled Cobra,Venomous_Snake,681,720,RGB,117186,178dc1f055b9c3700303b8e26b758b4a564d5bb268ef2713b570dc84db0ac7a8,f34d59666627242e,31b0924e4c4d4c19,True,,,,True,TEST,False,NOT VERIFIED,LEAKAGE_RISK,near-duplicate candidate matching existing TEST image (HIGH_CONFIDENCE_NEAR_DUPLICATE),JPEG,0.945833,,False
Venomous/Monocled Cobra/235edf110f56286064e2f303e6006fb8--pet-peeves-cobra-snake.jpg,235edf110f56286064e2f303e6006fb8--pet-peeves-cobra-snake.jpg,.jpg,Venomous,Monocled Cobra,Venomous_Snake,431,640,RGB,56526,0e47783b8d31010abe017b426d9d66cbd5346ee97a8964dba301d9ddbe0f41ab,9b06e71919a4763d,ecb924b179d8520c,True,,,,True,TEST,False,NOT VERIFIED,LEAKAGE_RISK,near-duplicate candidate matching existing TEST image (HIGH_CONFIDENCE_NEAR_DUPLICATE),JPEG,0.673438,,False
Venomous/Monocled Cobra/240px-N.kaouthia.jpg,240px-N.kaouthia.jpg,.jpg,Venomous,Monocled Cobra,Venomous_Snake,240,160,RGB,7481,70070f8faece2f0233b04924874c5634cc228a0872f108ed1114e9f5eaa1f5b0,f987946b6b960847,c8c2e4094395b422,True,,,,True,TRAIN,False,NOT VERIFIED,DUPLICATE_REVIEW,near-duplicate candidate matching existing TRAIN image,JPEG,1.5,,False
Venomous/Monocled Cobra/252576_10150346420778504_683593503_10295742_5461375_n.jpg,252576_10150346420778504_683593503_10295742_5461375_n.jpg,.jpg,Venomous,Monocled Cobra,Venomous_Snake,720,512,RGB,200692,b3f9fa6e46593325af033719a50d69464401ffabdfec14a2fc6285566c84ded6,95c34f96ca6834cb,6c48d69ccc349269,True,,,,True,TEST,False,NOT VERIFIED,LEAKAGE_RISK,near-duplicate candidate matching existing TEST image (HIGH_CONFIDENCE_NEAR_DUPLICATE),JPEG,1.40625,,False
Venomous/Monocled Cobra/262666_10150346421063504_683593503_10295744_1154672_n.jpg,262666_10150346421063504_683593503_10295744_1154672_n.jpg,.jpg,Venomous,Monocled Cobra,Venomous_Snake,647,720,RGB,73684,fe29539dfd31b6b078bfeb7c2769108034a73d1978b1d6ba9a5ac0c50b1823d2,87b38e60983f387a,65e2dedf8186e663,True,,,,True,TRAIN,False,NOT VERIFIED,DUPLICATE_REVIEW,near-duplicate candidate matching existing TRAIN image,JPEG,0.898611,,False
Venomous/Monocled Cobra/263591_10150346421368504_683593503_10295748_8378405_n (6).jpg,263591_10150346421368504_683593503_10295748_8378405_n (6).jpg,.jpg,Venomous,Monocled Cobra,Venomous_Snake,720,346,RGB,105620,b10749defc6d4b455d3b4fef23463c4d4b58160a5d626831ba6ea8b79e491c70,d1c976cb24b355a2,e8f0d0d4e4d2c8ac,True,,,,True,TEST,False,NOT VERIFIED,LEAKAGE_RISK,near-duplicate candidate matching existing TEST image (HIGH_CONFIDENCE_NEAR_DUPLICATE),JPEG,2.080925,,False
Venomous/Monocled Cobra/2962717801_da28a393d6.jpg,2962717801_da28a393d6.jpg,.jpg,Venomous,Monocled Cobra,Venomous_Snake,336,500,RGB,86831,bacfdedf923faaa13fa7f0d2922e810152895b5de1b6197bf8aa9b55fa997284,c6653319c6b31c3e,60c7a6e464b2186c,True,,,,True,TEST,False,NOT VERIFIED,LEAKAGE_RISK,near-duplicate candidate matching existing TEST image (HIGH_CONFIDENCE_NEAR_DUPLICATE),JPEG,0.672,,False
Venomous/Monocled Cobra/2b2983794172fea6bb6675b4d07de841--snake-wallpaper-wallpaper-in-hd.jpg,2b2983794172fea6bb6675b4d07de841--snake-wallpaper-wallpaper-in-hd.jpg,.jpg,Venomous,Monocled Cobra,Venomous_Snake,236,268,RGB,20299,eb9fd5a9f674e178a8323706c75ba8a4b7214ae1b7264485f922a7abdc737014,b0994f8eac5ec1d8,3d18981497dc288b,True,,,,True,VALIDATION,False,NOT VERIFIED,DUPLICATE_REVIEW,near-duplicate candidate matching existing VALIDATION image,JPEG,0.880597,,False
Venomous/Monocled Cobra/2E69467C00000578-3317003-image-m-26_1447421012740.jpg,2E69467C00000578-3317003-image-m-26_1447421012740.jpg,.jpg,Venomous,Monocled Cobra,Venomous_Snake,634,487,RGB,66520,a68f188ab6cbc48a9896d7eb861a37859627258410671c2b0e1d7e9a074f2a73,ad85f4c6ca86d698,c6d61a0b33632f17,True,,,,True,TEST,False,NOT VERIFIED,LEAKAGE_RISK,near-duplicate candidate matching existing TEST image (HIGH_CONFIDENCE_NEAR_DUPLICATE),JPEG,1.301848,,False
Venomous/Monocled Cobra/2e80cfaab83df157b68d5204145da8f5.jpg,2e80cfaab83df157b68d5204145da8f5.jpg,.jpg,Venomous,Monocled Cobra,Venomous_Snake,438,600,RGB,76773,92cc96dc49ae3a5e88583259d12594a6be8799275d8ba4f3576d2adf2ac900cd,ecd212d1ec66a45b,c5e969a793934927,True,,,,True,TRAIN,False,NOT VERIFIED,DUPLICATE_REVIEW,near-duplicate candidate matching existing TRAIN image,JPEG,0.73,,False
Venomous/Monocled Cobra/3110614239_af173ac2ae.jpg,3110614239_af173ac2ae.jpg,.jpg,Venomous,Monocled Cobra,Venomous_Snake,445,500,RGB,125004,930c47320eceb612d674f22cb89dff240ec132abb8608bfeba468dcac288e5d5,c02f4a156e757999,66e49386a2e0e4c4,True,,,,True,TEST,False,NOT VERIFIED,LEAKAGE_RISK,near-duplicate candidate matching existing TEST image (HIGH_CONFIDENCE_NEAR_DUPLICATE),JPEG,0.89,,False
Venomous/Monocled Cobra/3113739011_c17d8d5d75.jpg,3113739011_c17d8d5d75.jpg,.jpg,Venomous,Monocled Cobra,Venomous_Snake,500,494,RGB,218830,339a9403bb62cad0a351ab057e22f84d9056cf2a5a2fbe3343daf75f55a064ab,cf98732678676c41,941831736267c68c,True,,,,True,TRAIN,False,NOT VERIFIED,DUPLICATE_REVIEW,near-duplicate candidate matching existing TRAIN image,JPEG,1.012146,,False
Venomous/Monocled Cobra/3148428268_7a210a4715.jpg,3148428268_7a210a4715.jpg,.jpg,Venomous,Monocled Cobra,Venomous_Snake,500,346,RGB,132392,22b8572e74f92799839eee56bd280ce84c81383c98bebea7b00269b6bdf34f85,ac573e6a25169a39,686a79c483a12537,True,,,,True,TRAIN,False,NOT VERIFIED,DUPLICATE_REVIEW,near-duplicate candidate matching existing TRAIN image,JPEG,1.445087,,False
Venomous/Monocled Cobra/33607.jpg,33607.jpg,.jpg,Venomous,Monocled Cobra,Venomous_Snake,572,600,RGB,44312,d92f52072b67662b9abe98dfd4faf6b777f4fa47fe3ca6d14fcbd3d4317af379,86eb232a3aaaaaf8,c9cce470b0fce4ec,True,,,,True,TRAIN,False,NOT VERIFIED,DUPLICATE_REVIEW,near-duplicate candidate matching existing TRAIN image,JPEG,0.953333,,False
Venomous/Monocled Cobra/3431973057_e3abbee776.jpg,3431973057_e3abbee776.jpg,.jpg,Venomous,Monocled Cobra,Venomous_Snake,483,500,RGB,149092,23e09a644a0440e4939c5cd4d76d453132680c3f0de005b0cc68cab3c85735c8,ce87113cf84ce783,f178c323a16170f9,True,,,,True,VALIDATION,False,NOT VERIFIED,DUPLICATE_REVIEW,near-duplicate candidate matching existing VALIDATION image,JPEG,0.966,,False
Venomous/Monocled Cobra/3816964289_a5ea57ccd4.jpg,3816964289_a5ea57ccd4.jpg,.jpg,Venomous,Monocled Cobra,Venomous_Snake,344,500,RGB,150616,309195d83f180a44f99fdd0a4fbacbda89769a6fc747bd61639bfa4c0d0b8c4e,f2d14b42d173c09f,89849c99a8ac4d67,True,,,,True,TRAIN,False,NOT VERIFIED,DUPLICATE_REVIEW,near-duplicate candidate matching existing TRAIN image,JPEG,0.688,,False
Venomous/Monocled Cobra/3f7b41317b2248121c9fa4fbbff48074--cobra-snake-slytherin.jpg,3f7b41317b2248121c9fa4fbbff48074--cobra-snake-slytherin.jpg,.jpg,Venomous,Monocled Cobra,Venomous_Snake,236,326,RGB,15496,f76711d46a5ab5fb276cece0f9f1bf742bcf27415818427f4e62e64ac37217eb,c887fb4dc90c8379,d3d9e4a6e1e53591,True,,NEAR0004,NEAR0004,True,TEST,True,NOT VERIFIED,LEAKAGE_RISK,near-duplicate candidate matching existing TEST image (HIGH_CONFIDENCE_NEAR_DUPLICATE),JPEG,0.723926,,False
Venomous/Monocled Cobra/429462b69e738da2cc54bd5a8ef5b4b1.jpg,429462b69e738da2cc54bd5a8ef5b4b1.jpg,.jpg,Venomous,Monocled Cobra,Venomous_Snake,363,525,RGB,56442,d578c5ebf4c36018227f6af28ff4aa014e8bad877b27634ec069152a3084d63a,c94d1e363e4971b2,66f2d3d224d8e2f0,True,,,,True,TEST,False,NOT VERIFIED,LEAKAGE_RISK,near-duplicate candidate matching existing TEST image (HIGH_CONFIDENCE_NEAR_DUPLICATE),JPEG,0.691429,,False
Venomous/Monocled Cobra/4644015762_38b72c3cdc_b.jpg,4644015762_38b72c3cdc_b.jpg,.jpg,Venomous,Monocled Cobra,Venomous_Snake,1000,683,RGB,89338,20a165ffba50243bb78e7ab5c4483c8c7ab66b56f921eb5de83260876f9b99ad,b31f8f2ec23119d2,4e4e1e9c8c1f8e9e,True,,,,True,TRAIN,False,NOT VERIFIED,DUPLICATE_REVIEW,near-duplicate candidate matching existing TRAIN image,JPEG,1.464129,,False
Venomous/Monocled Cobra/5999366084_cb2085a5bb_b.jpg,5999366084_cb2085a5bb_b.jpg,.jpg,Venomous,Monocled Cobra,Venomous_Snake,1024,683,RGB,275710,e89d1a0bca63af24bc5a67257fb4e6658103d2d9952262d30658c4a41b39ae3b,c936df61f21c23c1,e0e0e22096973230,True,,,,True,TRAIN,False,NOT VERIFIED,DUPLICATE_REVIEW,near-duplicate candidate matching existing TRAIN image,JPEG,1.499268,,False
Venomous/Monocled Cobra/5999366796_1448262093_b.jpg,5999366796_1448262093_b.jpg,.jpg,Venomous,Monocled Cobra,Venomous_Snake,1024,683,RGB,238841,eff765524f05a6f5d6df54b045a209189d4f2244730af643e3584129e1c32fbb,b3ce986396664c99,6df9e7cece8e9d99,True,,,,True,TRAIN,False,NOT VERIFIED,DUPLICATE_REVIEW,near-duplicate candidate matching existing TRAIN image,JPEG,1.499268,,False
Venomous/Monocled Cobra/5999367190_61605877d4_b.jpg,5999367190_61605877d4_b.jpg,.jpg,Venomous,Monocled Cobra,Venomous_Snake,1024,683,RGB,284583,ee057f81b0b4d525c8c5fb017024f26b44987f555899944a69afcfbfe9310f28,9649e936596ca738,f0e8ecf0dc6c2598,True,,,,True,VALIDATION,False,NOT VERIFIED,DUPLICATE_REVIEW,near-duplicate candidate matching existing VALIDATION image,JPEG,1.499268,,False
Venomous/Monocled Cobra/6932368146_4234cd3d9f.jpg,6932368146_4234cd3d9f.jpg,.jpg,Venomous,Monocled Cobra,Venomous_Snake,481,400,RGB,92873,027185505074ae52cba749e0d173bd096df3514f6280a345e61cc2031e308f9d,ed8b82b4c5bcc685,7adbe33256063717,True,,,,True,TRAIN,False,NOT VERIFIED,DUPLICATE_REVIEW,near-duplicate candidate matching existing TRAIN image,JPEG,1.2025,,False
Venomous/Monocled Cobra/76b2c81cf6b8792d0c2b4436a7fc5a84--naja-cobra.jpg,76b2c81cf6b8792d0c2b4436a7fc5a84--naja-cobra.jpg,.jpg,Venomous,Monocled Cobra,Venomous_Snake,430,640,RGB,107391,81b733c0c0518d29ddde5c327bb9f7cd37b74f4656239cd4b9bc24b6054b8da8,efeb1294946e9298,4e4b4b43464f0b6f,True,,,,True,TRAIN,False,NOT VERIFIED,DUPLICATE_REVIEW,near-duplicate candidate matching existing TRAIN image,JPEG,0.671875,,False
Venomous/Monocled Cobra/8414480140_d613fae255.jpg,8414480140_d613fae255.jpg,.jpg,Venomous,Monocled Cobra,Venomous_Snake,336,500,RGB,72607,d04ce036d68ca1a2009d6b95d429d801deef6173f0ec8ead9e0db801d3828a65,b2634e1c79c37b84,32ccccda9831613c,True,,,,True,TRAIN,False,NOT VERIFIED,DUPLICATE_REVIEW,near-duplicate candidate matching existing TRAIN image,JPEG,0.672,,False
Venomous/Monocled Cobra/858129_1280x720.jpg,858129_1280x720.jpg,.jpg,Venomous,Monocled Cobra,Venomous_Snake,1280,720,RGB,83109,37feb07519415be6efe3918a3a001d7276c3c6c90fee32535301b35bd7278a7a,c56c269c5da1f51c,f454555270c8e8f8,True,,,,True,TEST,False,NOT VERIFIED,LEAKAGE_RISK,near-duplicate candidate matching existing TEST image (HIGH_CONFIDENCE_NEAR_DUPLICATE),JPEG,1.777778,,False
Venomous/Monocled Cobra/8715459340_933a36e959_b.jpg,8715459340_933a36e959_b.jpg,.jpg,Venomous,Monocled Cobra,Venomous_Snake,900,604,RGB,129312,61a0b3604c7e888c005c36daa41ea69ed300b8548bb43ed5f517918af603c30e,96814b2d32d2bc7e,dddbedcc2d674d59,True,,,,True,TRAIN,False,NOT VERIFIED,DUPLICATE_REVIEW,near-duplicate candidate matching existing TRAIN image,JPEG,1.490066,,False
Venomous/Monocled Cobra/8738179607_bea478cd9a_b.jpg,8738179607_bea478cd9a_b.jpg,.jpg,Venomous,Monocled Cobra,Venomous_Snake,825,554,RGB,279056,314a81b4d721a3284d03bad7848d0a018b91bf4828a300989ef474fd1cd84d0c,b5180665e99ecb63,f6969814860e6c4f,True,,,,True,TRAIN,False,NOT VERIFIED,DUPLICATE_REVIEW,near-duplicate candidate matching existing TRAIN image,JPEG,1.48917,,False
Venomous/Monocled Cobra/8739578045_185f4976d8.jpg,8739578045_185f4976d8.jpg,.jpg,Venomous,Monocled Cobra,Venomous_Snake,500,336,RGB,141941,442a3ebca058295794e5d86db58241168592dc470968199c11a1f3be3b90de59,9d31602ce6dbca59,0e929a6866363291,True,,,,True,TRAIN,False,NOT VERIFIED,DUPLICATE_REVIEW,near-duplicate candidate matching existing TRAIN image,JPEG,1.488095,,False
Venomous/Monocled Cobra/9.jpg,9.jpg,.jpg,Venomous,Monocled Cobra,Venomous_Snake,852,480,RGB,29891,ab75d32c06a88c96909f6fddfd6f6200652058ee7dcc8a91b16a5dc7eba5ea81,dac9052636333b3b,e4d019182c1454c4,True,,,,True,TRAIN,False,NOT VERIFIED,DUPLICATE_REVIEW,near-duplicate candidate matching existing TRAIN image,JPEG,1.775,,False
Venomous/Monocled Cobra/9222.jpg,9222.jpg,.jpg,Venomous,Monocled Cobra,Venomous_Snake,800,581,RGB,68990,35f471b7a583f5fedf44b0144e1e8c9610137b87cffdee22f460f8595bf8ff59,f9a4c21bb4f881f8,25641236337b3333,True,,,,True,TEST,False,NOT VERIFIED,LEAKAGE_RISK,near-duplicate candidate matching existing TEST image (HIGH_CONFIDENCE_NEAR_DUPLICATE),JPEG,1.376936,,False
Venomous/Monocled Cobra/9eb07e02004a8a7daa4e75dd0dade2a7.jpg,9eb07e02004a8a7daa4e75dd0dade2a7.jpg,.jpg,Venomous,Monocled Cobra,Venomous_Snake,640,480,RGB,104159,dded8188a673b35b809a3f0606edf58134b6dff37b29c6c544b754c1ae69e0f7,8546661d78f1b996,5b6efadbf6d2daf6,True,,,,True,TEST,False,NOT VERIFIED,LEAKAGE_RISK,near-duplicate candidate matching existing TEST image (HIGH_CONFIDENCE_NEAR_DUPLICATE),JPEG,1.333333,,False
Venomous/Monocled Cobra/a08d0f6688c8ba80cd343141241fe9b0--ular-creepy-things.jpg,a08d0f6688c8ba80cd343141241fe9b0--ular-creepy-things.jpg,.jpg,Venomous,Monocled Cobra,Venomous_Snake,736,552,RGB,60223,6ee2d0b337d9a26f12e395a3924436c48b78c3f0e1641039ad83c0b154523eb7,fbe0e525921ada8a,8e0331194d552b6f,True,,,,True,TRAIN,False,NOT VERIFIED,DUPLICATE_REVIEW,near-duplicate candidate matching existing TRAIN image,JPEG,1.333333,,False
Venomous/Monocled Cobra/albino-monocled-cobra-big.jpg,albino-monocled-cobra-big.jpg,.jpg,Venomous,Monocled Cobra,Venomous_Snake,316,480,RGB,44975,c15999fadffd583ec02c55a44176640ddbb3e91394046cb5bd7a05916451248d,8c5df3266193479c,87b27070b360fc8e,True,,,,True,TRAIN,False,NOT VERIFIED,DUPLICATE_REVIEW,near-duplicate candidate matching existing TRAIN image,JPEG,0.658333,,False
Venomous/Monocled Cobra/albino-monocled-cobra-e1438557429780.jpg,albino-monocled-cobra-e1438557429780.jpg,.jpg,Venomous,Monocled Cobra,Venomous_Snake,670,408,RGB,45779,9296ab4faaacdf6e5c2c9e04410248387f48c1790a33069dfedea851f778af8f,ad96d78988b1a8bc,6e66169693939392,True,,,,True,TRAIN,False,NOT VERIFIED,DUPLICATE_REVIEW,near-duplicate candidate matching existing TRAIN image,JPEG,1.642157,,False
Venomous/Monocled Cobra/albino-monocled-cobra-wallpaper-iphone-728x482.jpg,albino-monocled-cobra-wallpaper-iphone-728x482.jpg,.jpg,Venomous,Monocled Cobra,Venomous_Snake,728,482,RGB,85302,56697895f1f14809d50083c51a49bc3bf00df90fe9a381418fe915441e265867,991ee63319cc8f94,39acf6735adbc48e,True,,,,True,TRAIN,False,NOT VERIFIED,DUPLICATE_REVIEW,near-duplicate candidate matching existing TRAIN image,JPEG,1.510373,,False
Venomous/Monocled Cobra/Albino_Monocled_Cobra_Naja_kaouthia.jpg,Albino_Monocled_Cobra_Naja_kaouthia.jpg,.jpg,Venomous,Monocled Cobra,Venomous_Snake,800,701,RGB,59369,70c07d3437b1da2f8958be51cbc538f180c40d3bfed694a64a5ab4749d268c1f,ccb3e1481aa66fc3,e5926b2430322646,True,,,,True,TRAIN,False,NOT VERIFIED,DUPLICATE_REVIEW,near-duplicate candidate matching existing TRAIN image,JPEG,1.141227,,False
Venomous/Monocled Cobra/albino_monocled_hood_by_8twilightangel8-d5r8lw4.jpg,albino_monocled_hood_by_8twilightangel8-d5r8lw4.jpg,.jpg,Venomous,Monocled Cobra,Venomous_Snake,600,844,RGB,143343,4e637a1e5ece537fb89c8309bd1836e1ff04240822bbfaa490cc6b2197a10ada,92133d613ac66d8f,b8f8e0c9c9c0e03f,True,,,,True,VALIDATION,False,NOT VERIFIED,DUPLICATE_REVIEW,near-duplicate candidate matching existing VALIDATION image,JPEG,0.7109,,False
Venomous/Monocled Cobra/babyhetalbinocobra.jpg,babyhetalbinocobra.jpg,.jpg,Venomous,Monocled Cobra,Venomous_Snake,1000,1000,RGB,92496,41049b4735c17f67179e09943aefd05e0f7259399a70116c0eb1df69c5c33743,e2b59dda926c6291,67108f65c92923c9,True,,,,True,TRAIN,False,NOT VERIFIED,DUPLICATE_REVIEW,near-duplicate candidate matching existing TRAIN image,JPEG,1.0,,False
Venomous/Monocled Cobra/babymonoclecobra.jpg,babymonoclecobra.jpg,.jpg,Venomous,Monocled Cobra,Venomous_Snake,1000,1000,RGB,86396,fcaddd0d5908f8cd15038d5ec89d70d965bc26e7b24f11c2e6712213b462dd50,8fa5d8ac37b1c84c,000c005c47024009,True,,,,True,TRAIN,False,NOT VERIFIED,DUPLICATE_REVIEW,near-duplicate candidate matching existing TRAIN image,JPEG,1.0,,False
Venomous/Monocled Cobra/babymonoclecobra2.jpg,babymonoclecobra2.jpg,.jpg,Venomous,Monocled Cobra,Venomous_Snake,1000,1000,RGB,84928,794b8016a37aa768655d2904b2c618157b98d5543304acf53228ce29d14b4f5e,f88dd3344c8bb23c,00401063360c4009,True,,,,True,TRAIN,False,NOT VERIFIED,DUPLICATE_REVIEW,near-duplicate candidate matching existing TRAIN image,JPEG,1.0,,False
Venomous/Monocled Cobra/babymonoclecobra3.jpg,babymonoclecobra3.jpg,.jpg,Venomous,Monocled Cobra,Venomous_Snake,1000,1000,RGB,87860,5c1bbebf8b7aece37fd7a596ea831f2e89d9d203f5c9385b9642a1fe9d315b3e,b91c8e2767839365,68349a9e969a0b01,True,,,,True,TRAIN,False,NOT VERIFIED,DUPLICATE_REVIEW,near-duplicate candidate matching existing TRAIN image,JPEG,1.0,,False
Venomous/Monocled Cobra/babymonoclecobra4.jpg,babymonoclecobra4.jpg,.jpg,Venomous,Monocled Cobra,Venomous_Snake,1000,1000,RGB,73283,1b7a6c62e0b3ab40a8cb9f232899f89b468d33035ed383a431bdec54a6243ec9,bce7caa6cc991889,06869e1e162c3b31,True,,,,True,TRAIN,False,NOT VERIFIED,DUPLICATE_REVIEW,near-duplicate candidate matching existing TRAIN image,JPEG,1.0,,False
Venomous/Monocled Cobra/babymonoclecobradoublehet2.jpg,babymonoclecobradoublehet2.jpg,.jpg,Venomous,Monocled Cobra,Venomous_Snake,1000,1000,RGB,78378,d5916ef23cc0b078ffda1d9d88641e4017a28f4122267f8da36d2208e7081a5a,eccb1b94d50bd612,7323232706e7e70f,True,,,,True,TRAIN,False,NOT VERIFIED,DUPLICATE_REVIEW,near-duplicate candidate matching existing TRAIN image,JPEG,1.0,,False
Venomous/Monocled Cobra/bd75680b39e0ef57e78736ddc5fa34bd--reptiles-and-amphibians-forest-animals.jpg,bd75680b39e0ef57e78736ddc5fa34bd--reptiles-and-amphibians-forest-animals.jpg,.jpg,Venomous,Monocled Cobra,Venomous_Snake,236,354,RGB,25100,b2600364a1129d311d97c625ebc7fe8ce60b6581cbfe88cd283795669004c7a4,b9ee864ed90ce512,656b1a9212123418,True,,,,True,TRAIN,False,NOT VERIFIED,DUPLICATE_REVIEW,near-duplicate candidate matching existing TRAIN image,JPEG,0.666667,,False
Venomous/Monocled Cobra/bi5uo5ktrmbc1bcqqdrf.jpg,bi5uo5ktrmbc1bcqqdrf.jpg,.jpg,Venomous,Monocled Cobra,Venomous_Snake,654,367,RGB,108968,2310fa7ae55ec512330a95dc8612666494dff45cbfe3e8129f76fc9136e23c44,e3938c7c94671aa5,d4cacb4b8d194626,True,,,,True,TRAIN,False,NOT VERIFIED,DUPLICATE_REVIEW,near-duplicate candidate matching existing TRAIN image,JPEG,1.782016,,False
Venomous/Monocled Cobra/Bred_to_Leucistic_hood_-_Copy.JPG,Bred_to_Leucistic_hood_-_Copy.JPG,.jpg,Venomous,Monocled Cobra,Venomous_Snake,1141,800,RGB,80798,3634db1d3a322916ab63256f3f1522406e56510e5d873c851057ef8a2926c936,b4c1326fdb3e4982,6be6872663332cad,True,,,,True,TRAIN,False,NOT VERIFIED,DUPLICATE_REVIEW,near-duplicate candidate matching existing TRAIN image,JPEG,1.42625,,False
Venomous/Monocled Cobra/BWMale2a.jpg,BWMale2a.jpg,.jpg,Venomous,Monocled Cobra,Venomous_Snake,944,734,RGB,237078,653541177b8ede92011468bfca80023423ebb82f16a23d92aca8703802347f49,965d4a6269e7619c,5270746eb44c2d71,True,,,,True,TRAIN,False,NOT VERIFIED,DUPLICATE_REVIEW,near-duplicate candidate matching existing TRAIN image,JPEG,1.286104,,False
Venomous/Monocled Cobra/C0066949-Monocled_Cobra_Naja_-SPL.jpg,C0066949-Monocled_Cobra_Naja_-SPL.jpg,.jpg,Venomous,Monocled Cobra,Venomous_Snake,530,354,RGB,76966,5900e61649dff9b21f01de57de7db2d77b8503f01c2a81b5a6b58899b9998346,ebd3ac32943c8743,08534396d84f3b43,True,,,,True,VALIDATION,False,NOT VERIFIED,DUPLICATE_REVIEW,near-duplicate candidate matching existing VALIDATION image,JPEG,1.497175,,False
Venomous/Monocled Cobra/c56c13f758d379f2a173dc607eb3fcce.jpg,c56c13f758d379f2a173dc607eb3fcce.jpg,.jpg,Venomous,Monocled Cobra,Venomous_Snake,450,489,RGB,184313,684e7dc583f455844c7c035303766c8ae0d15e74c74402e3535a5765ee3a2845,f1934eecd19b6190,209d98d892831707,True,,,,True,TRAIN,False,NOT VERIFIED,DUPLICATE_REVIEW,near-duplicate candidate matching existing TRAIN image,JPEG,0.920245,,False
Venomous/Monocled Cobra/cf2eaebcc9e44ed3880e835f32aaddce--cobra-snake-king-cobra.jpg,cf2eaebcc9e44ed3880e835f32aaddce--cobra-snake-king-cobra.jpg,.jpg,Venomous,Monocled Cobra,Venomous_Snake,236,366,RGB,23637,617db16e3e4c9a29e2bdef095c5713c58d18fae2f44acbcb7a1482b2042c9b0c,ed798ec685526c0b,c03b1b1246066cf6,True,,,,True,TRAIN,False,NOT VERIFIED,DUPLICATE_REVIEW,near-duplicate candidate matching existing TRAIN image,JPEG,0.644809,,False
Venomous/Monocled Cobra/Chinese Cobra.jpg,Chinese Cobra.jpg,.jpg,Venomous,Monocled Cobra,Venomous_Snake,1280,960,RGB,288074,4fa4cd0a4066c6197e8466a495061cb904fb1de1978313352fe15596ddcb857d,844919aec1fb8c3f,f1f2f2d4c42d2e3a,True,,,,True,TRAIN,False,NOT VERIFIED,DUPLICATE_REVIEW,near-duplicate candidate matching existing TRAIN image,JPEG,1.333333,,False
Venomous/Monocled Cobra/close-up-of-monocled-cobra-naja-naja-in-field-a5yxg1.jpg,close-up-of-monocled-cobra-naja-naja-in-field-a5yxg1.jpg,.jpg,Venomous,Monocled Cobra,Venomous_Snake,343,540,RGB,46738,0150fe5e7498a4057e4dbdff1f2e64249d744b2aa967e33604413ea9307596d2,9635691afb4db412,d0bc34a62cadf5d1,True,,,,True,TRAIN,False,NOT VERIFIED,DUPLICATE_REVIEW,near-duplicate candidate matching existing TRAIN image,JPEG,0.635185,,False
Venomous/Monocled Cobra/cobra-looking-rat-monocled-naja-very-dangerous-food-67192387.jpg,cobra-looking-rat-monocled-naja-very-dangerous-food-67192387.jpg,.jpg,Venomous,Monocled Cobra,Venomous_Snake,245,160,RGB,12305,518e614de7a65c8c49a87d271730b2f91de1cee0552b9b1f22d51a91d32ed6de,984f68368d3d7661,41c1987af82c3890,True,,,,True,TRAIN,False,NOT VERIFIED,DUPLICATE_REVIEW,near-duplicate candidate matching existing TRAIN image,JPEG,1.53125,,False
Venomous/Monocled Cobra/Cobra-Monocled-7356-full.jpg,Cobra-Monocled-7356-full.jpg,.jpg,Venomous,Monocled Cobra,Venomous_Snake,1280,720,RGB,193809,b60282c45330ec0d946196a21c799cef0e55d230ffdffd4380ac198dccbfe2a0,9b49359ecc6464da,125af87071fcecec,True,,,,True,TRAIN,False,NOT VERIFIED,DUPLICATE_REVIEW,near-duplicate candidate matching existing TRAIN image,JPEG,1.777778,,False
Venomous/Monocled Cobra/cobra-monocled-naja-very-dangerous-looking-rat-food-67509736.jpg,cobra-monocled-naja-very-dangerous-looking-rat-food-67509736.jpg,.jpg,Venomous,Monocled Cobra,Venomous_Snake,307,160,RGB,17144,0f8ec317d45d3e530f189ebf4e00215d894b2e9a0eb35c4bc194b6c3a38f807d,f81c87633879359c,04403033b58c0128,True,,,,True,TRAIN,False,NOT VERIFIED,DUPLICATE_REVIEW,near-duplicate candidate matching existing TRAIN image,JPEG,1.91875,,False
Venomous/Monocled Cobra/cobra-monocled.jpg,cobra-monocled.jpg,.jpg,Venomous,Monocled Cobra,Venomous_Snake,1140,760,RGB,161233,361e53088ad21220c58617a381c412963be51de2e6e7f3ef5499576aeb03e6b0,b0cdc4309bf3db30,1c266bd81d9d8f87,True,,,,True,TRAIN,False,NOT VERIFIED,DUPLICATE_REVIEW,near-duplicate candidate matching existing TRAIN image,JPEG,1.5,,False
Venomous/Monocled Cobra/cobra-twins.jpg,cobra-twins.jpg,.jpg,Venomous,Monocled Cobra,Venomous_Snake,480,319,RGB,42888,0e4988749eeef9ee9d6472cb1dde6205e4ec9914be732ff85144e39bcd434709,fa6296954d1cd6d0,49c90d2b0b9a3e79,True,,,,True,TRAIN,False,NOT VERIFIED,DUPLICATE_REVIEW,near-duplicate candidate matching existing TRAIN image,JPEG,1.504702,,False
Venomous/Monocled Cobra/cobra.jpg,cobra.jpg,.jpg,Venomous,Monocled Cobra,Venomous_Snake,800,480,RGB,90146,3dd5fa235815b557a889088ebb241050feb1fc7fbe14a577cae6df31d91db2d1,8593196c4e6b2f53,aadacaeea4868a9a,True,,,,True,TRAIN,False,NOT VERIFIED,DUPLICATE_REVIEW,near-duplicate candidate matching existing TRAIN image,JPEG,1.666667,,False
Venomous/Monocled Cobra/cobra14n-1-web.jpg,cobra14n-1-web.jpg,.jpg,Venomous,Monocled Cobra,Venomous_Snake,750,501,RGB,68543,67b049e100280ca1a08fdd2bdc40385a527f4b8b0ad7dd6298d37b1661348ced,ee03915c22eb7536,c0d04a810556b32e,True,,,,True,VALIDATION,False,NOT VERIFIED,DUPLICATE_REVIEW,near-duplicate candidate matching existing VALIDATION image,JPEG,1.497006,,False
Venomous/Monocled Cobra/cobra_monocled.jpg,cobra_monocled.jpg,.jpg,Venomous,Monocled Cobra,Venomous_Snake,512,384,RGB,54372,c468795a7efd05bb2aaee87b1f4781a71d08cb4d99460220a4f460412b55fcb1,e4a7984fb40a67b4,b493c6c7a647919c,True,,,,True,TRAIN,False,NOT VERIFIED,DUPLICATE_REVIEW,near-duplicate candidate matching existing TRAIN image,JPEG,1.333333,,False
Venomous/Monocled Cobra/detail-of-the-head-of-monocled-cobra-during-snake-show-in-bangkok-thailand_vruvptptg__S0000.jpg,detail-of-the-head-of-monocled-cobra-during-snake-show-in-bangkok-thailand_vruvptptg__S0000.jpg,.jpg,Venomous,Monocled Cobra,Venomous_Snake,320,180,RGB,11368,66271cee010ca2f366463239e2e8b901e1f9c3bf49351fc3b7dec2e942b50711,d61b81c1646779d9,c870380c068a8286,True,,,,True,TRAIN,False,NOT VERIFIED,DUPLICATE_REVIEW,near-duplicate candidate matching existing TRAIN image,JPEG,1.777778,,False
Venomous/Monocled Cobra/DSC05913a-L.jpg,DSC05913a-L.jpg,.jpg,Venomous,Monocled Cobra,Venomous_Snake,800,539,RGB,100844,d671e66844790df0f4edadbd28a5c4d985a8a0cd805df690da1f0fb92db6a8a6,8b51152f383ce796,dbc8cc9b6d4766f0,True,,,,True,TRAIN,False,NOT VERIFIED,DUPLICATE_REVIEW,near-duplicate candidate matching existing TRAIN image,JPEG,1.48423,,False
Venomous/Monocled Cobra/DSC05915-L.jpg,DSC05915-L.jpg,.jpg,Venomous,Monocled Cobra,Venomous_Snake,800,600,RGB,92902,6d8c8807026a2d6d85ed16225214cabfd8ab0ab860bd0d3c92a00623d7ea4f00,81cb3a874c98db7c,f9d9d8f0eeeaf860,True,,,,True,TRAIN,False,NOT VERIFIED,DUPLICATE_REVIEW,near-duplicate candidate matching existing TRAIN image,JPEG,1.333333,,False
Venomous/Monocled Cobra/DwJeRobtFhFY.jpg,DwJeRobtFhFY.jpg,.jpg,Venomous,Monocled Cobra,Venomous_Snake,373,521,RGB,49937,31201f871aa075535c5b5c503aea68feced5971fbd4231f4a23596274a0b462f,fb3a85b44a6cd095,496949411d9e0649,True,,,,True,VALIDATION,False,NOT VERIFIED,DUPLICATE_REVIEW,near-duplicate candidate matching existing VALIDATION image,JPEG,0.715931,,False
Venomous/Monocled Cobra/eba4efd1c51d679b1ecf1710a29961c2--scary-snakes-cobra-snake.jpg,eba4efd1c51d679b1ecf1710a29961c2--scary-snakes-cobra-snake.jpg,.jpg,Venomous,Monocled Cobra,Venomous_Snake,460,640,RGB,212723,3dad81e532aa3916932ae4669831c9a1638a06866a66ac099d23a8af98f3d128,bcc33c07036f8b78,6d11914851282631,True,,,,True,TRAIN,False,NOT VERIFIED,DUPLICATE_REVIEW,near-duplicate candidate matching existing TRAIN image,JPEG,0.71875,,False
Venomous/Monocled Cobra/Entrancing_Monocled_Cobra_1440x1080.jpg,Entrancing_Monocled_Cobra_1440x1080.jpg,.jpg,Venomous,Monocled Cobra,Venomous_Snake,1440,1080,RGB,175271,30d56d45e0ce4a58e2788ba58ff568e6eebfe5458a26d87d6ed37054b907302c,a9d9d637920668ec,bc9283ab3353c7e5,True,,,,True,TRAIN,False,NOT VERIFIED,DUPLICATE_REVIEW,near-duplicate candidate matching existing TRAIN image,JPEG,1.333333,,False
Venomous/Monocled Cobra/f0854287300e4dbf29dfacce19f436b2.jpg,f0854287300e4dbf29dfacce19f436b2.jpg,.jpg,Venomous,Monocled Cobra,Venomous_Snake,640,480,RGB,33614,4dd8701fa31181242cc50cc4226fc485fe5cfc7b284fc6acea93a18f19b8546b,cc74b131b35cce46,daa6e4e6eba7f7e1,True,,,,True,TRAIN,False,NOT VERIFIED,DUPLICATE_REVIEW,near-duplicate candidate matching existing TRAIN image,JPEG,1.333333,,False
Venomous/Monocled Cobra/hqdefault.jpg,hqdefault.jpg,.jpg,Venomous,Monocled Cobra,Venomous_Snake,480,360,RGB,27585,c75591775e4332708c2a0d5f283a0f1eb51a1082a5544de3030f714e2cbb9d13,849d614bb6a59d4b,acb0b2e4e8f2b28c,True,,,,True,TRAIN,False,NOT VERIFIED,DUPLICATE_REVIEW,near-duplicate candidate matching existing TRAIN image,JPEG,1.333333,,False
Venomous/Monocled Cobra/hqdefault_005.jpg,hqdefault_005.jpg,.jpg,Venomous,Monocled Cobra,Venomous_Snake,480,360,RGB,11678,9ef1520858d5298e58b7ddd4e3552f650ba0d33f6cf026892ab5d3a93f857c52,bf0f003047de7c35,cbe323644e3e1d62,True,,,,True,TRAIN,False,NOT VERIFIED,DUPLICATE_REVIEW,near-duplicate candidate matching existing TRAIN image,JPEG,1.333333,,False
Venomous/Monocled Cobra/img_09221.jpg,img_09221.jpg,.jpg,Venomous,Monocled Cobra,Venomous_Snake,800,535,RGB,247217,9cdd6cc219385b9e347f7ed6389417038b89c5aa8fe73fea33a2de63bb52bcbd,b8cb3165d28e5167,d91b33250b17271d,True,,,,True,TRAIN,False,NOT VERIFIED,DUPLICATE_REVIEW,near-duplicate candidate matching existing TRAIN image,JPEG,1.495327,,False
Venomous/Monocled Cobra/img_09311.jpg,img_09311.jpg,.jpg,Venomous,Monocled Cobra,Venomous_Snake,800,535,RGB,241688,24d9ce981c6bd333538e9d5383663c96b17966c3dfc63d32c700b223e965d295,e7b399c86c931869,2e0a0a6c4749cba6,True,,,,True,TRAIN,False,NOT VERIFIED,DUPLICATE_REVIEW,near-duplicate candidate matching existing TRAIN image,JPEG,1.495327,,False
Venomous/Monocled Cobra/jakob-lehner-monocled-cobra.jpg,jakob-lehner-monocled-cobra.jpg,.jpg,Venomous,Monocled Cobra,Venomous_Snake,886,592,RGB,302275,2f3096d1d4fafa303a24587c932dd714972188298b7e50cb644f81be92d74858,92afec8862c07e37,f35a3cddd9b9d034,True,,,,True,VALIDATION,False,NOT VERIFIED,DUPLICATE_REVIEW,near-duplicate candidate matching existing VALIDATION image,JPEG,1.496622,,False
Venomous/Monocled Cobra/Krabi_King_Cobra_Show_4.jpg,Krabi_King_Cobra_Show_4.jpg,.jpg,Venomous,Monocled Cobra,Venomous_Snake,1204,800,RGB,117922,1e082f0ec8dd56bd64ca4d93a762d476b9fe915af558e8dd1b0c4fb937043c0f,c5c9d94e3682cdb4,c090d2c6766444d6,True,,,,True,TRAIN,False,NOT VERIFIED,DUPLICATE_REVIEW,near-duplicate candidate matching existing TRAIN image,JPEG,1.505,,False
Venomous/Monocled Cobra/Male_Sunset_pic1.jpg,Male_Sunset_pic1.jpg,.jpg,Venomous,Monocled Cobra,Venomous_Snake,600,575,RGB,77556,880e9381a18c55920356e3f2ac4f2b76ba4c9084821852eb7906a793f1eedcec,92d71f5069cf2469,cc6decc999a57986,True,,,,True,TRAIN,False,NOT VERIFIED,DUPLICATE_REVIEW,near-duplicate candidate matching existing TRAIN image,JPEG,1.043478,,False
Venomous/Monocled Cobra/maxresdefault.jpg,maxresdefault.jpg,.jpg,Venomous,Monocled Cobra,Venomous_Snake,1920,1080,RGB,135261,1ffa591d649c1d1f66b2b2e7352bd2e502b5dcd72a4cc067064e1e90b3344676,c580bab39662d4ed,ccf2d6d6f646c784,True,,,,True,VALIDATION,False,NOT VERIFIED,DUPLICATE_REVIEW,near-duplicate candidate matching existing VALIDATION image,JPEG,1.777778,,False
Venomous/Monocled Cobra/maxresdefault_002.jpg,maxresdefault_002.jpg,.jpg,Venomous,Monocled Cobra,Venomous_Snake,1920,1080,RGB,191988,638596f5d135714c527c74456e036c20061779d54234132e86d1c297fa972a43,8ed4d8ed23881ee3,50052dea4f67b3bd,True,,,,True,TRAIN,False,NOT VERIFIED,DUPLICATE_REVIEW,near-duplicate candidate matching existing TRAIN image,JPEG,1.777778,,False
Venomous/Monocled Cobra/maxresdefault_005.jpg,maxresdefault_005.jpg,.jpg,Venomous,Monocled Cobra,Venomous_Snake,1920,1080,RGB,163442,baba094e3cac308fd25ae87cd80fe5279f9f1aeffb0d930b1e515b64cc35390c,851b60a4b7cf6639,f8f07064fcd4d2d6,True,,,,True,TRAIN,False,NOT VERIFIED,DUPLICATE_REVIEW,near-duplicate candidate matching existing TRAIN image,JPEG,1.777778,,False
Venomous/Monocled Cobra/maxresdefault_010.jpg,maxresdefault_010.jpg,.jpg,Venomous,Monocled Cobra,Venomous_Snake,1280,720,RGB,158020,c7aa3d93d3f3bba86ec6c56f9ec510ed74bc2d4708186f7b8917f4cd069cc431,88354d925aef255d,e6b6d6efbdefe1f0,True,,,,True,VALIDATION,False,NOT VERIFIED,DUPLICATE_REVIEW,near-duplicate candidate matching existing VALIDATION image,JPEG,1.777778,,False
Venomous/Monocled Cobra/Monocled Cobra (back).jpg,Monocled Cobra (back).jpg,.jpg,Venomous,Monocled Cobra,Venomous_Snake,448,336,RGB,33363,cdbdd09dfb53abb822d0bad7d52b855d9187c27c0529f2fc8938773e32f2200c,d13fd440e86ae6a5,b8545ebad2e0e0f0,True,,,,True,TRAIN,False,NOT VERIFIED,DUPLICATE_REVIEW,near-duplicate candidate matching existing TRAIN image,JPEG,1.333333,,False
Venomous/Monocled Cobra/Monocled Cobra (front).jpg,Monocled Cobra (front).jpg,.jpg,Venomous,Monocled Cobra,Venomous_Snake,339,336,RGB,27014,eddfa7f394249b9cce3021ff3f35ad724f5d594939ab519fefa378d201ca4e3f,b636c969d0cfc8c4,994cec4cb4b66774,True,,,,True,TRAIN,False,NOT VERIFIED,DUPLICATE_REVIEW,near-duplicate candidate matching existing TRAIN image,JPEG,1.008929,,False
Venomous/Monocled Cobra/MONOCLED COBRA-Naja naja pisonous snake in India.jpg,MONOCLED COBRA-Naja naja pisonous snake in India.jpg,.jpg,Venomous,Monocled Cobra,Venomous_Snake,175,289,RGB,9013,a1fa6460a28c505f79e0c96275b9aac7f937cdc90863759c2d708cdb9edb7150,a9e706a4bc1e9c99,e6cb519b9296d1b3,True,,,,True,TRAIN,False,NOT VERIFIED,DUPLICATE_REVIEW,near-duplicate candidate matching existing TRAIN image,JPEG,0.605536,,False
Venomous/Monocled Cobra/Monocled cobra.jpg,Monocled cobra.jpg,.jpg,Venomous,Monocled Cobra,Venomous_Snake,396,293,RGB,51770,08154ce9f441280ac05b76fe44db2245a26ea873add63819d660afb5b938d321,b2144c6efeecd281,259c988c8c8dc787,True,,,,True,TRAIN,False,NOT VERIFIED,DUPLICATE_REVIEW,near-duplicate candidate matching existing TRAIN image,JPEG,1.351536,,False
Venomous/Monocled Cobra/Monocled Cobra_001.jpg,Monocled Cobra_001.jpg,.jpg,Venomous,Monocled Cobra,Venomous_Snake,600,399,RGB,115131,dd2be842f04758bdd679b725714dea7c71cd959b27d277a8d1964e02d7cc4d6e,e99626cd98d249e6,644ed29292330983,True,,,,True,TRAIN,False,NOT VERIFIED,DUPLICATE_REVIEW,near-duplicate candidate matching existing TRAIN image,JPEG,1.503759,,False
Venomous/Monocled Cobra/monocled-61.jpg,monocled-61.jpg,.jpg,Venomous,Monocled Cobra,Venomous_Snake,3888,2592,RGB,4835267,ff71f8ec677c5de68775b5bbe1e057f5664df80569b807b46c35df38343e45f4,dba30c3ef6cb2121,9960d3091d333114,True,,,,True,TRAIN,False,NOT VERIFIED,DUPLICATE_REVIEW,near-duplicate candidate matching existing TRAIN image,JPEG,1.5,,False
Venomous/Monocled Cobra/monocled-baby-cobra3.jpg,monocled-baby-cobra3.jpg,.jpg,Venomous,Monocled Cobra,Venomous_Snake,595,270,RGB,21023,a75990696fdb3a6a0e4800db8a2580ce21e95190b4710383afd9f458dc68bbde,a9cb361ce6099e63,bbbbdbcbeb32160e,True,,,,True,TRAIN,False,NOT VERIFIED,DUPLICATE_REVIEW,near-duplicate candidate matching existing TRAIN image,JPEG,2.203704,,False
Venomous/Monocled Cobra/Monocled-Cobra-1-1.jpg,Monocled-Cobra-1-1.jpg,.jpg,Venomous,Monocled Cobra,Venomous_Snake,1200,1200,RGB,163675,72be1bf4542a1627eb65016b64ae51bbc2895c852f589d7a9382179c18d929a4,ea1c54ebb3b3484c,0820b74adb030f54,True,,,,True,TRAIN,False,NOT VERIFIED,DUPLICATE_REVIEW,near-duplicate candidate matching existing TRAIN image,JPEG,1.0,,False
Venomous/Monocled Cobra/monocled-cobra-back_1.jpg,monocled-cobra-back_1.jpg,.jpg,Venomous,Monocled Cobra,Venomous_Snake,620,344,RGB,27239,8944be2af2c916bce5565bb56a1f26d9b9b4e1d645216b83e04395bde9acb83e,a4c69b92d46fc03d,d88aa666e68b7318,True,,,,True,TRAIN,False,NOT VERIFIED,DUPLICATE_REVIEW,near-duplicate candidate matching existing TRAIN image,JPEG,1.802326,,False
Venomous/Monocled Cobra/monocled-cobra-naja-kaouthia-dr22tj.jpg,monocled-cobra-naja-kaouthia-dr22tj.jpg,.jpg,Venomous,Monocled Cobra,Venomous_Snake,345,540,RGB,44492,5dd780d96618685f8edde74bf04fd13da216770feb8526d97fc67c553b3bc8bd,ad0fc2d04d0f6d3c,e1c6233317960d0e,True,,,,True,VALIDATION,False,NOT VERIFIED,DUPLICATE_REVIEW,near-duplicate candidate matching existing VALIDATION image,JPEG,0.638889,,False
Venomous/Monocled Cobra/monocled-cobra-naja-kaouthia-portrait-armx60.jpg,monocled-cobra-naja-kaouthia-portrait-armx60.jpg,.jpg,Venomous,Monocled Cobra,Venomous_Snake,450,317,RGB,47220,0295a62e83d2db78cb06974e015ad7006a5d4d15bd6cb5db22bf5efcd36f4edc,c90ab34d9d58e11f,f3e1d5b272c6c454,True,,,,True,TRAIN,False,NOT VERIFIED,DUPLICATE_REVIEW,near-duplicate candidate matching existing TRAIN image,JPEG,1.419558,,False
Venomous/Monocled Cobra/monocled-cobra-naja-kaouthia-venomous-common-eaglenest-arunachal-pradesh-B39GW0.jpg,monocled-cobra-naja-kaouthia-venomous-common-eaglenest-arunachal-pradesh-B39GW0.jpg,.jpg,Venomous,Monocled Cobra,Venomous_Snake,1300,940,RGB,298899,ad82f5ecd1af7d69c24aa81f70e46de7b6241a802b4db00c9397a0ce59c25e95,d556668a1e3e3694,64ca96b0d0eaf644,True,,,,True,TRAIN,False,NOT VERIFIED,DUPLICATE_REVIEW,near-duplicate candidate matching existing TRAIN image,JPEG,1.382979,,False
Venomous/Monocled Cobra/monocled-cobra-naja-kaouthia-venomous-common-eaglenest-arunachal-pradesh-B39H7Y.jpg,monocled-cobra-naja-kaouthia-venomous-common-eaglenest-arunachal-pradesh-B39H7Y.jpg,.jpg,Venomous,Monocled Cobra,Venomous_Snake,1300,936,RGB,214016,ad71d9c28ffcf824d5f323449b15229a5030ae52d6e8c64c1fb8ef5b507ac362,896c2799673d3c54,d2e3b5f3f0b0f24a,True,,,,True,TRAIN,False,NOT VERIFIED,DUPLICATE_REVIEW,near-duplicate candidate matching existing TRAIN image,JPEG,1.388889,,False
Venomous/Monocled Cobra/monocled-cobra-naja-kaouthia-venomous-common-eaglenest-arunachal-pradesh-b39h8h.jpg,monocled-cobra-naja-kaouthia-venomous-common-eaglenest-arunachal-pradesh-b39h8h.jpg,.jpg,Venomous,Monocled Cobra,Venomous_Snake,338,540,RGB,76947,e82a0eb690159710476fcda88bc3250d1ae64bea444c1c0f5cff62dfc516da28,91429c529776f857,fcf1984cd0154cb0,True,,,,True,TRAIN,False,NOT VERIFIED,DUPLICATE_REVIEW,near-duplicate candidate matching existing TRAIN image,JPEG,0.625926,,False
Venomous/Monocled Cobra/monocled-cobra-naja-naja-kaouthia-native-to-south-eastern-asia-a7yf0g.jpg,monocled-cobra-naja-naja-kaouthia-native-to-south-eastern-asia-a7yf0g.jpg,.jpg,Venomous,Monocled Cobra,Venomous_Snake,296,470,RGB,47962,396652ffcb25581dcc8dbec963037a11c395edbf96eac7df218a0da9d90411ea,b171c46e73932c5c,86d93a5a0c37f8b3,True,,,,True,TRAIN,False,NOT VERIFIED,DUPLICATE_REVIEW,near-duplicate candidate matching existing TRAIN image,JPEG,0.629787,,False
Venomous/Monocled Cobra/monocled-cobra-naja-naja-kaouthis-albino-rearing-thailand-a3p8jp.jpg,monocled-cobra-naja-naja-kaouthis-albino-rearing-thailand-a3p8jp.jpg,.jpg,Venomous,Monocled Cobra,Venomous_Snake,450,319,RGB,59611,f81f39d64fc7fd19dbc8a3d9d4e15ed5b86b37cf061f95ff4f62a3f7f1673fad,864cb037eb17e278,e6b6a1604d4efc95,True,,,,True,TRAIN,False,NOT VERIFIED,DUPLICATE_REVIEW,near-duplicate candidate matching existing TRAIN image,JPEG,1.410658,,False
Venomous/Monocled Cobra/monocled-cobra-naja-naja-kaouthis-albino-rearing-thailand-a3p8kj.jpg,monocled-cobra-naja-naja-kaouthis-albino-rearing-thailand-a3p8kj.jpg,.jpg,Venomous,Monocled Cobra,Venomous_Snake,346,540,RGB,53010,f9d47effa53d883d3bd610a63e8f193c4fbcc9a1e37587467ad6ab62da699386,c31e833cf061e747,b070c384a09cc0ce,True,,,,True,TRAIN,False,NOT VERIFIED,DUPLICATE_REVIEW,near-duplicate candidate matching existing TRAIN image,JPEG,0.640741,,False
Venomous/Monocled Cobra/monocled-cobra-snake-death_85876_ver1.0_1280_720.jpg,monocled-cobra-snake-death_85876_ver1.0_1280_720.jpg,.jpg,Venomous,Monocled Cobra,Venomous_Snake,1280,720,RGB,78311,8093fa616e970f5218fe7df9b8a47792aa0a796d3e28f02997c322ede6745966,b6dc891cf106bc63,f8e40d4d8d2dcf9f,True,,,,True,VALIDATION,False,NOT VERIFIED,DUPLICATE_REVIEW,near-duplicate candidate matching existing VALIDATION image,JPEG,1.777778,,False
Venomous/Monocled Cobra/monocled-cobra.jpg,monocled-cobra.jpg,.jpg,Venomous,Monocled Cobra,Venomous_Snake,1024,768,RGB,182543,8cae7385389a9a2cfa5ec99af8d80a94575854ce017eb1b79687650d0c88119f,f1b986669661498f,041a531b19138eea,True,,,,True,TRAIN,False,NOT VERIFIED,DUPLICATE_REVIEW,near-duplicate candidate matching existing TRAIN image,JPEG,1.333333,,False
Venomous/Monocled Cobra/monocled-cobra_001.jpg,monocled-cobra_001.jpg,.jpg,Venomous,Monocled Cobra,Venomous_Snake,1000,664,RGB,318453,42288f39b37be2676c35d5adce4b0ccf214449deeae4908557a8d816f9db15b2,934d9a467f64d883,e7fadae6cecccc58,True,,,,True,TRAIN,False,NOT VERIFIED,DUPLICATE_REVIEW,near-duplicate candidate matching existing TRAIN image,JPEG,1.506024,,False
Venomous/Monocled Cobra/Monocled-Cobras.jpg,Monocled-Cobras.jpg,.jpg,Venomous,Monocled Cobra,Venomous_Snake,331,500,RGB,263195,46b9bc95857bf71bc9e3e2d1b06288d6e8eaf2163054fb443d915d3e16d53abc,99d1e44e966912ed,b0b0929b71d9f35d,True,,,,True,TRAIN,False,NOT VERIFIED,DUPLICATE_REVIEW,near-duplicate candidate matching existing TRAIN image,JPEG,0.662,,False
Venomous/Monocled Cobra/Monocled-Cobras.jpg-nggid0256-ngg0dyn-286x300x100-00f0w010c011r110f110r010t010.jpg,Monocled-Cobras.jpg-nggid0256-ngg0dyn-286x300x100-00f0w010c011r110f110r010t010.jpg,.jpg,Venomous,Monocled Cobra,Venomous_Snake,286,300,RGB,69626,7f645f2de4b219878339a4b3303f3ace2d846a22f1c9b0b26961696aba0227e7,ea2d9198c5e685cb,65154f67511d1dc9,True,,,,True,TRAIN,False,NOT VERIFIED,DUPLICATE_REVIEW,near-duplicate candidate matching existing TRAIN image,JPEG,0.953333,,False
Venomous/Monocled Cobra/Monocled-Cobras_001.jpg,Monocled-Cobras_001.jpg,.jpg,Venomous,Monocled Cobra,Venomous_Snake,1200,1088,RGB,195530,b2c394bd053928600eee669e8ea78ed7b42bbf7800b85f36aa30fa23a0fd64fb,ea2f91d8c5c095cb,65134f2703190949,True,,,,True,TRAIN,False,NOT VERIFIED,DUPLICATE_REVIEW,near-duplicate candidate matching existing TRAIN image,JPEG,1.102941,,False
Venomous/Monocled Cobra/Monocled_Cobra.jpg,Monocled_Cobra.jpg,.jpg,Venomous,Monocled Cobra,Venomous_Snake,320,299,RGB,24356,e13bad54362ca1736c29cda0c231969273859cb542197b46eb0502c9ba42fc28,b32bd0460bf5b4c3,d888d81b612ccc99,True,,,,True,TRAIN,False,NOT VERIFIED,DUPLICATE_REVIEW,near-duplicate candidate matching existing TRAIN image,JPEG,1.070234,,False
Venomous/Monocled Cobra/Monocled_Cobra00.jpg,Monocled_Cobra00.jpg,.jpg,Venomous,Monocled Cobra,Venomous_Snake,217,163,RGB,23479,a11610c5e7d3e25c14a415efe34a9aa675d7a0ca0a0dc93c3babd5dd76448c50,ed891ab696718758,7253d3e2d6c61561,True,,,,True,VALIDATION,False,NOT VERIFIED,DUPLICATE_REVIEW,near-duplicate candidate matching existing VALIDATION image,JPEG,1.331288,,False
Venomous/Monocled Cobra/Monocled_Cobra2.jpg,Monocled_Cobra2.jpg,.jpg,Venomous,Monocled Cobra,Venomous_Snake,800,601,RGB,202716,672f42617c7a08df50e19e20c29f3db1f3b0b4ab0c3287fca0390b9ec07ab313,f901964ae685db36,de981b962d111a25,True,,,,True,TRAIN,False,NOT VERIFIED,DUPLICATE_REVIEW,near-duplicate candidate matching existing TRAIN image,JPEG,1.331115,,False
Venomous/Monocled Cobra/Monocled_Cobra_-Naja_kaouthia_-_In_Bangladesh_600.jpg,Monocled_Cobra_-Naja_kaouthia_-_In_Bangladesh_600.jpg,.jpg,Venomous,Monocled Cobra,Venomous_Snake,600,398,RGB,49287,9d9bb848a8b9bfb34cce517568269c42887b7b22bc77436a9aab8b860efb8aca,c59c3a43d6146f72,fdfae6e4c4c8dc8c,True,,,,True,VALIDATION,False,NOT VERIFIED,DUPLICATE_REVIEW,near-duplicate candidate matching existing VALIDATION image,JPEG,1.507538,,False
Venomous/Monocled Cobra/Monocled_Cobra_3.jpg,Monocled_Cobra_3.jpg,.jpg,Venomous,Monocled Cobra,Venomous_Snake,999,653,RGB,67419,03d209bdb89dcd4f0f1a8b35dc3f80726dddd42b7fa06f10c3e7e072e194445c,dcfb724b28c430ce,843034b2b276a0b4,True,,,,True,TRAIN,False,NOT VERIFIED,DUPLICATE_REVIEW,near-duplicate candidate matching existing TRAIN image,JPEG,1.529862,,False
Venomous/Monocled Cobra/monocledcobra.jpg,monocledcobra.jpg,.jpg,Venomous,Monocled Cobra,Venomous_Snake,621,466,RGB,104984,9751044992ffd45b66f430ed2c2e5755c6257525ff090d230aa2e2d122992846,e4879b19954eb178,6d4fc6461613370f,True,,,,True,TRAIN,False,NOT VERIFIED,DUPLICATE_REVIEW,near-duplicate candidate matching existing TRAIN image,JPEG,1.332618,,False
Venomous/Monocled Cobra/naja-kaouthia-back.jpg,naja-kaouthia-back.jpg,.jpg,Venomous,Monocled Cobra,Venomous_Snake,800,534,RGB,366456,b2c4452499fccc4e07430ff49efd711f6c13a0e196051b24398daee8412d6a0a,f49ccc81c233766b,f4342ea9c9c41964,True,,,,True,TRAIN,False,NOT VERIFIED,DUPLICATE_REVIEW,near-duplicate candidate matching existing TRAIN image,JPEG,1.498127,,False
Venomous/Monocled Cobra/naja-kaouthia-monocled-cobra-dr26h2.jpg,naja-kaouthia-monocled-cobra-dr26h2.jpg,.jpg,Venomous,Monocled Cobra,Venomous_Snake,640,445,RGB,67365,f56181dd9d5ae50b3784cc29bb18e1419d9cd9172c076dab9e0ad0b9ccee359a,b584d90fbe78811b,e46696166fd61199,True,,,,True,TRAIN,False,NOT VERIFIED,DUPLICATE_REVIEW,near-duplicate candidate matching existing TRAIN image,JPEG,1.438202,,False
Venomous/Monocled Cobra/naja-kaouthia-monocled-cobra-DV-02-15-3.jpg,naja-kaouthia-monocled-cobra-DV-02-15-3.jpg,.jpg,Venomous,Monocled Cobra,Venomous_Snake,400,265,RGB,49823,ef9635b2973e68ea59618df3b4331a85fbde530519e2cf72afcec8bd7b65afdd,dce2ea8596961c33,810331282a322931,True,,,,True,TRAIN,False,NOT VERIFIED,DUPLICATE_REVIEW,near-duplicate candidate matching existing TRAIN image,JPEG,1.509434,,False
Venomous/Monocled Cobra/naja-kaouthia-monocled-cobra-kuiburi-800x600.jpg,naja-kaouthia-monocled-cobra-kuiburi-800x600.jpg,.jpg,Venomous,Monocled Cobra,Venomous_Snake,800,532,RGB,26866,4baa94f2ff862016f2c27cba654201eeaacf60c52d260734e48e9c8986dc4212,926c6dd26b429d4d,6c64f4e9c9e8e9fa,True,,,,True,TRAIN,False,NOT VERIFIED,DUPLICATE_REVIEW,near-duplicate candidate matching existing TRAIN image,JPEG,1.503759,,False
Venomous/Monocled Cobra/naja-kaouthia-monocled-cobra-kuiburi-800x600_001.jpg,naja-kaouthia-monocled-cobra-kuiburi-800x600_001.jpg,.jpg,Venomous,Monocled Cobra,Venomous_Snake,800,532,RGB,53879,bb570d897e24cd2bb1ba8c335cef3db8b2e8d360d8b3911b5a564bd4745bffb0,82b66bf0106ea6f3,e9e86cfcfcf5e3d3,True,,,,True,TRAIN,False,NOT VERIFIED,DUPLICATE_REVIEW,near-duplicate candidate matching existing TRAIN image,JPEG,1.503759,,False
Venomous/Monocled Cobra/naja-kaouthia-monocled-cobra-kuiburi-800x600_002.jpg,naja-kaouthia-monocled-cobra-kuiburi-800x600_002.jpg,.jpg,Venomous,Monocled Cobra,Venomous_Snake,800,532,RGB,94099,dc7efdf2dd446bf49d43c30e7e393cc601576c8dcba6bb61ea72d6f796eb52c0,c46a38d0e2f5db2c,19e962e0f1f024b4,True,,,,True,TRAIN,False,NOT VERIFIED,DUPLICATE_REVIEW,near-duplicate candidate matching existing TRAIN image,JPEG,1.503759,,False
Venomous/Monocled Cobra/naja-kaouthia-monocled-cobras-randy-ciuros.jpg,naja-kaouthia-monocled-cobras-randy-ciuros.jpg,.jpg,Venomous,Monocled Cobra,Venomous_Snake,963,642,RGB,303352,07e81eeea3cd2e4566db0882a6de82dbc7bf4deddc3e8b04c38770373159c713,94557be0658e9c39,e2d8346ce2f0717f,True,,,,True,TRAIN,False,NOT VERIFIED,DUPLICATE_REVIEW,near-duplicate candidate matching existing TRAIN image,JPEG,1.5,,False
Venomous/Monocled Cobra/naja-top.jpg,naja-top.jpg,.jpg,Venomous,Monocled Cobra,Venomous_Snake,367,285,RGB,34887,54076e04ac69b6af4b4ae8341a70bd8a99cebcae9ffadd7c4cca60196960bcff,a61bd97c389ccae0,79cbed2d0d848693,True,,,,True,VALIDATION,False,NOT VERIFIED,DUPLICATE_REVIEW,near-duplicate candidate matching existing VALIDATION image,JPEG,1.287719,,False
Venomous/Monocled Cobra/Naja_kaouthia.jpg,Naja_kaouthia.jpg,.jpg,Venomous,Monocled Cobra,Venomous_Snake,316,320,RGB,41522,64917ebd0c25b531e9297b2d916d13a39ec061c8dc3a41fd69fa9da211ab02d5,c74f6096395976a8,686647496544d18b,True,,,,True,TRAIN,False,NOT VERIFIED,DUPLICATE_REVIEW,near-duplicate candidate matching existing TRAIN image,JPEG,0.9875,,False
Venomous/Monocled Cobra/NajaKaouthia.jpg,NajaKaouthia.jpg,.jpg,Venomous,Monocled Cobra,Venomous_Snake,220,276,RGB,14941,3cb204670d2b29ccd38d0ad5e80accaa0cb40986b4c10c3f7e7aea5eda5446b3,cf613e3668dc31c4,17cbc3e3e0587070,True,,,,True,VALIDATION,False,NOT VERIFIED,DUPLICATE_REVIEW,near-duplicate candidate matching existing VALIDATION image,JPEG,0.797101,,False
Venomous/Monocled Cobra/original.jpg,original.jpg,.jpg,Venomous,Monocled Cobra,Venomous_Snake,679,1200,RGB,104120,18eea3195c2b7caed484851143c76a0324718f6c18a1c17bd59dfbefd4037f21,cc6e337939b31894,4ce7a4b5b631dcfc,True,,,,True,TRAIN,False,NOT VERIFIED,DUPLICATE_REVIEW,near-duplicate candidate matching existing TRAIN image,JPEG,0.565833,,False
Venomous/Monocled Cobra/P1000433.JPG,P1000433.JPG,.jpg,Venomous,Monocled Cobra,Venomous_Snake,400,300,RGB,37515,ef79dcb42ca4fe9081984e524d4d7c370a6c210bf820972fcb400984810889a1,902758456b9cbb57,e8dedceeda96b0b1,True,,,,True,TRAIN,False,NOT VERIFIED,DUPLICATE_REVIEW,near-duplicate candidate matching existing TRAIN image,JPEG,1.333333,,False
Venomous/Monocled Cobra/P1030202.jpg,P1030202.jpg,.jpg,Venomous,Monocled Cobra,Venomous_Snake,920,612,RGB,361491,725800762c03d3800ee2bd199f7804d819de70b063cbe220a945714c0fb99b8a,c0dff0e89cc287f0,0000496031c69eb3,True,,,,True,TRAIN,False,NOT VERIFIED,DUPLICATE_REVIEW,near-duplicate candidate matching existing TRAIN image,JPEG,1.503268,,False
Venomous/Monocled Cobra/People-Group-Monocled-Cobra-on-display-0029.jpg,People-Group-Monocled-Cobra-on-display-0029.jpg,.jpg,Venomous,Monocled Cobra,Venomous_Snake,1280,1257,RGB,199072,fab27640e4a9462d3c5b7d1604e1ac752ac93e381c93fc2df207f27fb5c6b2c9,c280c08c7efd37e3,c5c3cfa5edc4c3c5,True,,,,True,TRAIN,False,NOT VERIFIED,DUPLICATE_REVIEW,near-duplicate candidate matching existing TRAIN image,JPEG,1.018298,,False
Venomous/Monocled Cobra/Piebald1.jpg,Piebald1.jpg,.jpg,Venomous,Monocled Cobra,Venomous_Snake,400,300,RGB,46646,8673662a50c8628c2716542f3f9305b644afa69b81f39df6475a03e803b2c74c,d4182353b46fde29,fcb26524b4654264,True,,,,True,TRAIN,False,NOT VERIFIED,DUPLICATE_REVIEW,near-duplicate candidate matching existing TRAIN image,JPEG,1.333333,,False
Venomous/Monocled Cobra/rearfanged~~element117.JPG,rearfanged~~element117.JPG,.jpg,Venomous,Monocled Cobra,Venomous_Snake,791,525,RGB,91631,3f48cd55dfe2ccb623faf8eebff33df03cb6c066e3e4ec5f0905e98b1ded379c,feabc22dc0b4067a,e75b0d1c33263a84,True,,,,False,,False,NOT VERIFIED,PROVENANCE_REVIEW,source provenance and training reuse rights not verified,JPEG,1.506667,,False
Venomous/Monocled Cobra/snak21.jpg,snak21.jpg,.jpg,Venomous,Monocled Cobra,Venomous_Snake,1024,683,RGB,36357,9167d88a2bacb889a60cbc0129cf09b008096cd9205bfa6179aff8c3986f4734,cff63186e8378219,4c4c4c4073eb58d2,True,,,,True,TRAIN,False,NOT VERIFIED,DUPLICATE_REVIEW,near-duplicate candidate matching existing TRAIN image,JPEG,1.499268,,False
Venomous/Monocled Cobra/stock-photo-monocle-cobra-36770869.jpg,stock-photo-monocle-cobra-36770869.jpg,.jpg,Venomous,Monocled Cobra,Venomous_Snake,450,319,RGB,42701,4eb42d79d5d3993ca0a599aa8fe72bb8ec48f47c6350fee4383538654ef152e7,d153a464fe32ab58,c4c8383828c29492,True,,,,True,TRAIN,False,NOT VERIFIED,DUPLICATE_REVIEW,near-duplicate candidate matching existing TRAIN image,JPEG,1.410658,,False
Venomous/Monocled Cobra/stock-photo-monocle-cobra-83440318.jpg,stock-photo-monocle-cobra-83440318.jpg,.jpg,Venomous,Monocled Cobra,Venomous_Snake,450,319,RGB,46877,718df707268c349b0e1c72ca56ac0a3ca97916a095db716679c5ecd57fd033fe,8583e41cb343ee1f,80cccedc7d367257,True,,,,True,TRAIN,False,NOT VERIFIED,DUPLICATE_REVIEW,near-duplicate candidate matching existing TRAIN image,JPEG,1.410658,,False
Venomous/Monocled Cobra/stock-photo-the-monocled-cobra-also-called-monocellate-cobra-is-a-cobra-species-widespread-across-south-and-658718986.jpg,stock-photo-the-monocled-cobra-also-called-monocellate-cobra-is-a-cobra-species-widespread-across-south-and-658718986.jpg,.jpg,Venomous,Monocled Cobra,Venomous_Snake,450,304,RGB,29998,6e9a7146f81e04cfa4f7611382b16e6f56cfc8b57578b58d8f2fbbf50b55a81c,c36dec4ebd10b813,62e0d0d0f0e9e8d8,True,,,,True,TRAIN,False,NOT VERIFIED,DUPLICATE_REVIEW,near-duplicate candidate matching existing TRAIN image,JPEG,1.480263,,False
Venomous/Monocled Cobra/stock-photo-the-monocled-cobra-naja-kaouthia-also-called-monocellate-cobra-602177225.jpg,stock-photo-the-monocled-cobra-naja-kaouthia-also-called-monocellate-cobra-602177225.jpg,.jpg,Venomous,Monocled Cobra,Venomous_Snake,450,320,RGB,36978,1bfda69fa83b4bb0b7fa92aedae7492641297130ee0825560e3f064079a11c0a,ce87a1c39871e13e,c3e627b161e10307,True,,,,True,TRAIN,False,NOT VERIFIED,DUPLICATE_REVIEW,near-duplicate candidate matching existing TRAIN image,JPEG,1.40625,,False
Venomous/Monocled Cobra/stock-photo-the-monocled-cobra-naja-kaouthia-also-called-monocellate-cobra-is-a-cobra-species-widespread-647998777.jpg,stock-photo-the-monocled-cobra-naja-kaouthia-also-called-monocellate-cobra-is-a-cobra-species-widespread-647998777.jpg,.jpg,Venomous,Monocled Cobra,Venomous_Snake,450,320,RGB,33931,141573d5139ecc6401af415e0a3df9ca5cd55787a20a91ff38903d5faf49b67a,80534927bb0bf71e,c8e4ccd92ecef0f5,True,,,,True,TRAIN,False,NOT VERIFIED,DUPLICATE_REVIEW,near-duplicate candidate matching existing TRAIN image,JPEG,1.40625,,False
Venomous/Monocled Cobra/suphan-phase-monocled.jpg,suphan-phase-monocled.jpg,.jpg,Venomous,Monocled Cobra,Venomous_Snake,298,450,RGB,13804,89c67c619592e75a0ffb41caf5f266d14723cf5498641d812928569b79668abb,c0263a7b3971d933,30ece0e0f0f0d891,True,,,,True,TRAIN,False,NOT VERIFIED,DUPLICATE_REVIEW,near-duplicate candidate matching existing TRAIN image,JPEG,0.662222,,False
Venomous/Monocled Cobra/texas-teen-suicide-snakebite.jpg,texas-teen-suicide-snakebite.jpg,.jpg,Venomous,Monocled Cobra,Venomous_Snake,940,545,RGB,113983,76dbf3ee71345ba199ed9445738b73fcc25d5eda481b21a963d02baa805ce77a,ece59ad0a54af708,b4cc2be7a609b53d,True,,,,True,TRAIN,False,NOT VERIFIED,DUPLICATE_REVIEW,near-duplicate candidate matching existing TRAIN image,JPEG,1.724771,,False
Venomous/Monocled Cobra/Thai05M4Bild06MscC400.jpg,Thai05M4Bild06MscC400.jpg,.jpg,Venomous,Monocled Cobra,Venomous_Snake,400,626,RGB,106627,883543688e531db41af9b4f09eeb19b03ecf33301183ff2d1207f832bc9d2fa5,a3ec98b30ef10778,8e22474f4d4a9a34,True,,,,True,TRAIN,False,NOT VERIFIED,DUPLICATE_REVIEW,near-duplicate candidate matching existing TRAIN image,JPEG,0.638978,,False
Venomous/Monocled Cobra/toz13182l.jpg,toz13182l.jpg,.jpg,Venomous,Monocled Cobra,Venomous_Snake,1600,1200,RGB,355552,cb0388ec380e7120feb9f19ac5ac2a1185a5b01469cde9cbf4e440eb322441fd,ad6ed095298255bd,0f0f256b12d6ecb0,True,,,,True,TRAIN,False,NOT VERIFIED,DUPLICATE_REVIEW,near-duplicate candidate matching existing TRAIN image,JPEG,1.333333,,False
Venomous/Monocled Cobra/toz13183l.jpg,toz13183l.jpg,.jpg,Venomous,Monocled Cobra,Venomous_Snake,1200,900,RGB,260117,a70d0ae4c7d0a5395968caceea3ec6d4fdd14f46a88bb727e72f3739f019807a,e7428a595bcc9955,c9ed2e664e3a86cf,True,,,,True,TRAIN,False,NOT VERIFIED,DUPLICATE_REVIEW,near-duplicate candidate matching existing TRAIN image,JPEG,1.333333,,False
Venomous/Monocled Cobra/toz16925l.jpg,toz16925l.jpg,.jpg,Venomous,Monocled Cobra,Venomous_Snake,1600,1200,RGB,239196,3947b0b6c5a6cce9886128772ea3bdbee91fee6021fd5b3cf09fbcc67e8023cb,96962d79c28f9d90,eec878cc8d1b56cc,True,,,,True,TRAIN,False,NOT VERIFIED,DUPLICATE_REVIEW,near-duplicate candidate matching existing TRAIN image,JPEG,1.333333,,False
Venomous/Monocled Cobra/tumblr_inline_n5ssgeNsfl1sgqxtf.jpg,tumblr_inline_n5ssgeNsfl1sgqxtf.jpg,.jpg,Venomous,Monocled Cobra,Venomous_Snake,500,667,RGB,98447,98ca174d8473185c0615a260fe931d13fca4f7e45ee7912137db3df552ff1485,b2b1c7389da3661c,180ecd9eb78debe4,True,,,,True,TRAIN,False,NOT VERIFIED,DUPLICATE_REVIEW,near-duplicate candidate matching existing TRAIN image,JPEG,0.749625,,False
Venomous/Russell's Viper/00483026.jpg,00483026.jpg,.jpg,Venomous,Russell's Viper,Venomous_Snake,700,467,RGB,316038,37dce4db9845a92ca55323c7e92cdfce4cb9dc2fad159d9195193d393ede4308,b28fc4361a2fc42f,6cca4299191c1ec5,True,,,,True,TRAIN,False,NOT VERIFIED,DUPLICATE_REVIEW,near-duplicate candidate matching existing TRAIN image,JPEG,1.498929,,False
Venomous/Russell's Viper/00550436.jpg,00550436.jpg,.jpg,Venomous,Russell's Viper,Venomous_Snake,467,700,RGB,218455,3b33460022eefa1c2f85a530a7ef0b4173f6ae078a53a0098632b9025c4b8f70,d93cad834c652b3a,3370381431d84e38,True,,,,True,TRAIN,False,NOT VERIFIED,DUPLICATE_REVIEW,near-duplicate candidate matching existing TRAIN image,JPEG,0.667143,,False
Venomous/Russell's Viper/00550437.jpg,00550437.jpg,.jpg,Venomous,Russell's Viper,Venomous_Snake,700,467,RGB,221040,e4f9a9f167d2620f5399ed3665e6ed64863a893ffcd1885bc483d2be83137d45,f145436aa6f55929,ca9192165d190e30,True,,,,True,TRAIN,False,NOT VERIFIED,DUPLICATE_REVIEW,near-duplicate candidate matching existing TRAIN image,JPEG,1.498929,,False
Venomous/Russell's Viper/00550438.jpg,00550438.jpg,.jpg,Venomous,Russell's Viper,Venomous_Snake,467,700,RGB,298752,ea2fce8eda227182baeb5bde5d08576e9f0b9abcdf89ab176a20d5f897317b23,f8161e4e3778c623,753098964b21939c,True,,,,True,TEST,False,NOT VERIFIED,LEAKAGE_RISK,near-duplicate candidate matching existing TEST image (HIGH_CONFIDENCE_NEAR_DUPLICATE),JPEG,0.667143,,False
Venomous/Russell's Viper/01AS-N31E.jpg,01AS-N31E.jpg,.jpg,Venomous,Russell's Viper,Venomous_Snake,342,230,RGB,43724,63e9c4f9567bb31a17160e1472f62926cae6c62c1db56149f444ebae3c21e943,b4cd93968f723831,689617272f1d0c99,True,,,,True,TRAIN,False,NOT VERIFIED,DUPLICATE_REVIEW,near-duplicate candidate matching existing TRAIN image,JPEG,1.486957,,False
Venomous/Russell's Viper/01AS-N8UP.jpg,01AS-N8UP.jpg,.jpg,Venomous,Russell's Viper,Venomous_Snake,350,230,RGB,49121,4d9b1a7420f85190459ec6e314116100aa0e3ad90d1058707792aa0a5e2d09aa,86956a99529eab59,d4e6c2e48c57a4c5,True,,,,True,TRAIN,False,NOT VERIFIED,DUPLICATE_REVIEW,near-duplicate candidate matching existing TRAIN image,JPEG,1.521739,,False
Venomous/Russell's Viper/01AS-N8UQ.jpg,01AS-N8UQ.jpg,.jpg,Venomous,Russell's Viper,Venomous_Snake,340,230,RGB,46310,b8aa09a7b96420b60f2d8c70b71995a083fc71873d6b2cf9d1cb15f95d1e38e2,da1324bb3f60344f,b8f0919959b8e1e1,True,,,,True,TRAIN,False,NOT VERIFIED,DUPLICATE_REVIEW,near-duplicate candidate matching existing TRAIN image,JPEG,1.478261,,False
Venomous/Russell's Viper/01AS-QYGA.jpg,01AS-QYGA.jpg,.jpg,Venomous,Russell's Viper,Venomous_Snake,345,230,RGB,45690,8b190c304a4f8c45560b4962a376c0a2f59cd350bd916a5b96789c52dbfc09c3,ad70bc61a665ca39,9618d1e253437273,True,,,,True,TEST,False,NOT VERIFIED,LEAKAGE_RISK,near-duplicate candidate matching existing TEST image (HIGH_CONFIDENCE_NEAR_DUPLICATE),JPEG,1.5,,False
Venomous/Russell's Viper/0390.jpeg,0390.jpeg,.jpeg,Venomous,Russell's Viper,Venomous_Snake,768,504,RGB,196869,fc9b296ebaf6988bdc10abec3648bcdfd530f9e74725c986b8e9fca582b62a23,86603d46cbe9b746,cdadafc1e5ecd97c,True,,,,True,TEST,False,NOT VERIFIED,LEAKAGE_RISK,near-duplicate candidate matching existing TEST image (HIGH_CONFIDENCE_NEAR_DUPLICATE),JPEG,1.52381,,False
Venomous/Russell's Viper/0499.jpeg,0499.jpeg,.jpeg,Venomous,Russell's Viper,Venomous_Snake,850,567,RGB,411652,b3ef31a8b94a5c2bda01a3fb2f42250d4dc9cdc00dcfefd26688b9508f065ec6,e38904e759d497e2,c5c7a512cb4f042d,True,,,,True,TEST,False,NOT VERIFIED,LEAKAGE_RISK,near-duplicate candidate matching existing TEST image (HIGH_CONFIDENCE_NEAR_DUPLICATE),JPEG,1.499118,,False
Venomous/Russell's Viper/08JulPykke02 viper.ART_G835841D7.1+09THRUSSELL_VIPER_2.jpg,08JulPykke02 viper.ART_G835841D7.1+09THRUSSELL_VIPER_2.jpg,.jpg,Venomous,Russell's Viper,Venomous_Snake,615,384,RGB,53549,48c0f16930a16332ddedd0f073e29cfa1db41fac6a91d6aa5998b47b7bef19c4,9fb8989cd5ce050b,b8b8556c6c7c7974,True,,,,True,TEST,False,NOT VERIFIED,LEAKAGE_RISK,near-duplicate candidate matching existing TEST image (HIGH_CONFIDENCE_NEAR_DUPLICATE),JPEG,1.601562,,False
Venomous/Russell's Viper/1.jpg,1.jpg,.jpg,Venomous,Russell's Viper,Venomous_Snake,360,227,RGB,38285,cfdb2513204a042ea3669c845edd13f818adfa66af611d090a60dee8fbb84a33,bd62c683cc1cd09f,ad44973753d07224,True,,,,True,TEST,False,NOT VERIFIED,LEAKAGE_RISK,near-duplicate candidate matching existing TEST image (HIGH_CONFIDENCE_NEAR_DUPLICATE),JPEG,1.585903,,False
Venomous/Russell's Viper/1124russviper001.JPG,1124russviper001.JPG,.jpg,Venomous,Russell's Viper,Venomous_Snake,1280,848,RGB,210439,d5dcc18d44a777de0a949d15f945389b14c69f64ab858a277ffec62c59656884,a4d7ca19c54cae5c,4dcc44c69e3795c5,True,,,,True,TEST,False,NOT VERIFIED,LEAKAGE_RISK,near-duplicate candidate matching existing TEST image (HIGH_CONFIDENCE_NEAR_DUPLICATE),JPEG,1.509434,,False
Venomous/Russell's Viper/1232377184_b7561e0e4a_b.jpg,1232377184_b7561e0e4a_b.jpg,.jpg,Venomous,Russell's Viper,Venomous_Snake,1024,768,RGB,256032,09f680695ac242d5bdbe8c1e9167d7c89031968a228be093bb060c262d1ba945,961ac5041dfe3e78,f8f83969ecece4f6,True,,,,True,TRAIN,False,NOT VERIFIED,DUPLICATE_REVIEW,near-duplicate candidate matching existing TRAIN image,JPEG,1.333333,,False
Venomous/Russell's Viper/1438850877IMG_0479.JPG,1438850877IMG_0479.JPG,.jpg,Venomous,Russell's Viper,Venomous_Snake,600,513,RGB,83217,4bcab44259d9045534b70112fc925cee9a51a18e80f5dc3af5cf503a6f54238b,b92dc6c29d4e2999,6617322b1e8dc153,True,,,,True,TRAIN,False,NOT VERIFIED,DUPLICATE_REVIEW,near-duplicate candidate matching existing TRAIN image,JPEG,1.169591,,False
Venomous/Russell's Viper/1438850878p-17.jpg,1438850878p-17.jpg,.jpg,Venomous,Russell's Viper,Venomous_Snake,600,453,RGB,85278,e1db4a66264a3a304330c062b407eb74885904365376913aa3893e633bb945b5,a542cc6cf663837c,81d6de4bb6c68364,True,,,,True,TRAIN,False,NOT VERIFIED,DUPLICATE_REVIEW,near-duplicate candidate matching existing TRAIN image,JPEG,1.324503,,False
Venomous/Russell's Viper/15214744307_0f954327e5_b.jpg,15214744307_0f954327e5_b.jpg,.jpg,Venomous,Russell's Viper,Venomous_Snake,1024,683,RGB,245443,127a04e02ab87b12745b29376f853b6bdf90e00d4dc1ac78e9b8bc2a628bc0b4,c43eb3671cf02a9c,0c2cb5b4f2cbd09a,True,,,,True,TRAIN,False,NOT VERIFIED,DUPLICATE_REVIEW,near-duplicate candidate matching existing TRAIN image,JPEG,1.499268,,False
Venomous/Russell's Viper/16121579037_bd92bd8404_b.jpg,16121579037_bd92bd8404_b.jpg,.jpg,Venomous,Russell's Viper,Venomous_Snake,1024,683,RGB,237019,1e62f8d086039fb70813275c67fdb89c5852d91b0a3454fc8775176f1aa71b4b,b4c3cb3cc1330fc9,e8e0cc8c062e1ec0,True,,,,True,TRAIN,False,NOT VERIFIED,DUPLICATE_REVIEW,near-duplicate candidate matching existing TRAIN image,JPEG,1.499268,,False
Venomous/Russell's Viper/16964068388_c1afa0ed14.jpg,16964068388_c1afa0ed14.jpg,.jpg,Venomous,Russell's Viper,Venomous_Snake,500,333,RGB,81810,1efd2a49d38facd0980f954b7fe1bad131735541c22bc5cc3408a05f8abddf8e,98201c6fceee9acc,a6beb999bbab3431,True,,,,True,TRAIN,False,NOT VERIFIED,DUPLICATE_REVIEW,near-duplicate candidate matching existing TRAIN image,JPEG,1.501502,,False
Venomous/Russell's Viper/2.jpg,2.jpg,.jpg,Venomous,Russell's Viper,Venomous_Snake,357,640,RGB,60930,d6f1a2027d0ee6a0bc4a4e53c80f576c43d0cb8918d168b1a991e06c1a8344e1,fc03b948141febcc,d9245b74a4912604,True,,,,True,TEST,False,NOT VERIFIED,LEAKAGE_RISK,near-duplicate candidate matching existing TEST image (HIGH_CONFIDENCE_NEAR_DUPLICATE),JPEG,0.557813,,False
Venomous/Russell's Viper/20090613_Daboia_russelii_Russells_Viper_Kettenviper_Pune.jpg,20090613_Daboia_russelii_Russells_Viper_Kettenviper_Pune.jpg,.jpg,Venomous,Russell's Viper,Venomous_Snake,1872,2099,RGB,2550393,b353b9e1cf1bccb3c1e0286652e8616fae7140999433e84625c84f2527edf007,dc1fa143702cdbd4,d070282384d086f2,True,,,,True,TEST,False,NOT VERIFIED,LEAKAGE_RISK,near-duplicate candidate matching existing TEST image (HIGH_CONFIDENCE_NEAR_DUPLICATE),JPEG,0.891853,,False
Venomous/Russell's Viper/20839492034_f052077617.jpg,20839492034_f052077617.jpg,.jpg,Venomous,Russell's Viper,Venomous_Snake,500,375,RGB,135594,2d1812d23242dc5e47432c56cef309d01351fbb27d2c32cb0322373dc1dcee6d,de2ff47482c2168e,8e3369c96135b5b4,True,,,,True,TRAIN,False,NOT VERIFIED,DUPLICATE_REVIEW,near-duplicate candidate matching existing TRAIN image,JPEG,1.333333,,False
Venomous/Russell's Viper/20855503-Adult-Russell-s-Viper-Daboia-russelii-Tamil-Nadu-South-India-Stock-Photo.jpg,20855503-Adult-Russell-s-Viper-Daboia-russelii-Tamil-Nadu-South-India-Stock-Photo.jpg,.jpg,Venomous,Russell's Viper,Venomous_Snake,1300,864,RGB,390509,39766b43e1a9eeafaa5be65b916b1cd6cabeaebffa073b70c9a139bec518266d,81fb85799a641ee4,888aa3abbb93c6ec,True,,,,True,TEST,False,NOT VERIFIED,LEAKAGE_RISK,near-duplicate candidate matching existing TEST image (HIGH_CONFIDENCE_NEAR_DUPLICATE),JPEG,1.50463,,False
Venomous/Russell's Viper/20855505-Camouflage-pattern-on-adult-Russell-s-Viper-Daboia-russelii-Tamil-Nadu-South-India-Stock-Photo.jpg,20855505-Camouflage-pattern-on-adult-Russell-s-Viper-Daboia-russelii-Tamil-Nadu-South-India-Stock-Photo.jpg,.jpg,Venomous,Russell's Viper,Venomous_Snake,1300,862,RGB,252304,7da317e81bd9a93515d1352e5cac1369044f8567beeb7fa986aeaa6ac24c1a7f,fa5294aeca9039d3,982c181169339cc0,True,,,,True,TEST,False,NOT VERIFIED,LEAKAGE_RISK,near-duplicate candidate matching existing TEST image (HIGH_CONFIDENCE_NEAR_DUPLICATE),JPEG,1.508121,,False
Venomous/Russell's Viper/2103365373_25acae0a08.jpg,2103365373_25acae0a08.jpg,.jpg,Venomous,Russell's Viper,Venomous_Snake,471,351,RGB,84947,b9529e41f33e4c31e13d045d6f05ab6b40d98bebc1823670bdc6be6a1dd88e60,94962f696be45878,dcdcbcacb696868e,True,,,,True,TRAIN,False,NOT VERIFIED,DUPLICATE_REVIEW,near-duplicate candidate matching existing TRAIN image,JPEG,1.34188,,False
Venomous/Russell's Viper/220px-Russells_viper_in_pune_zoo.jpg,220px-Russells_viper_in_pune_zoo.jpg,.jpg,Venomous,Russell's Viper,Venomous_Snake,220,147,RGB,12677,44263798c6dcd2c33eea90cac3b939cc0bc7dba448520f19cccb4eb816e1534f,8a4c2eb3aa8da733,2735b1b1d9c9692f,True,,,,True,TEST,False,NOT VERIFIED,LEAKAGE_RISK,near-duplicate candidate matching existing TEST image (HIGH_CONFIDENCE_NEAR_DUPLICATE),JPEG,1.496599,,False
Venomous/Russell's Viper/221163-russell-s-viper.jpg,221163-russell-s-viper.jpg,.jpg,Venomous,Russell's Viper,Venomous_Snake,400,400,RGB,89374,703d3e26a7f165fe73d5477150e8f84946d58aec6844359d620681bc4000419f,ffe4841772901ae9,e476232949797085,True,,,,True,TRAIN,False,NOT VERIFIED,DUPLICATE_REVIEW,near-duplicate candidate matching existing TRAIN image,JPEG,1.0,,False
Venomous/Russell's Viper/23498842244_3e5d4cfab6.jpg,23498842244_3e5d4cfab6.jpg,.jpg,Venomous,Russell's Viper,Venomous_Snake,500,308,RGB,98774,d8650f3f58c337bb5b3e6af9fc4dd8a1c4226d4ee3cf55b966be6d2b9e68f963,ed64e035599299dc,9707274b725251b3,True,,,,True,TRAIN,False,NOT VERIFIED,DUPLICATE_REVIEW,near-duplicate candidate matching existing TRAIN image,JPEG,1.623377,,False
Venomous/Russell's Viper/24166458841_50d7cf228b_b.jpg,24166458841_50d7cf228b_b.jpg,.jpg,Venomous,Russell's Viper,Venomous_Snake,1024,743,RGB,678178,cbd0eb2e6c1b04165cdc7c52b1f00e6b66b91efce212069482ce893092f54762,d7b36a80ed8a31cc,a84e5d4ca2dc6153,True,,,,True,TRAIN,False,NOT VERIFIED,DUPLICATE_REVIEW,near-duplicate candidate matching existing TRAIN image,JPEG,1.378197,,False
Venomous/Russell's Viper/3.jpg,3.jpg,.jpg,Venomous,Russell's Viper,Venomous_Snake,448,321,RGB,45266,fdab2bb4b662bea9fcbd85def0f6b36ce9d0afd13645c742a92e5d72116c4ff3,813ac687ef9c34ca,65c996b2cbdef8c3,True,,,,True,TEST,False,NOT VERIFIED,LEAKAGE_RISK,near-duplicate candidate matching existing TEST image (HIGH_CONFIDENCE_NEAR_DUPLICATE),JPEG,1.395639,,False
Venomous/Russell's Viper/30.jpg,30.jpg,.jpg,Venomous,Russell's Viper,Venomous_Snake,559,408,RGB,61227,33f1a9abfbd2d9846cc0f5a6acf4983e66dd901030cfa66f030a421316867205,d4f30fc3206c3b4d,c5e4908c8cc8b0b5,True,,,,True,TEST,False,NOT VERIFIED,LEAKAGE_RISK,near-duplicate candidate matching existing TEST image (HIGH_CONFIDENCE_NEAR_DUPLICATE),JPEG,1.370098,,False
Venomous/Russell's Viper/31 copy.jpg,31 copy.jpg,.jpg,Venomous,Russell's Viper,Venomous_Snake,554,459,RGB,66398,f821b56264d44f42f71aa6ce6accba226e81a288c4ceca7fbf28f8295aea564a,c117661663395eb5,ccd6e2d2d6a89286,True,,,,True,TEST,False,NOT VERIFIED,LEAKAGE_RISK,near-duplicate candidate matching existing TEST image (HIGH_CONFIDENCE_NEAR_DUPLICATE),JPEG,1.206972,,False
Venomous/Russell's Viper/371843609_0ed582491a.jpg,371843609_0ed582491a.jpg,.jpg,Venomous,Russell's Viper,Venomous_Snake,500,333,RGB,153982,18fe7735cff4952bab503f18889df9b17a676ee56d249f76c02ec03e25be4d7a,b2908d73963e98e5,dcaa990d9c890b63,True,,,,True,TRAIN,False,NOT VERIFIED,DUPLICATE_REVIEW,near-duplicate candidate matching existing TRAIN image,JPEG,1.501502,,False
Venomous/Russell's Viper/4179-39698.jpg,4179-39698.jpg,.jpg,Venomous,Russell's Viper,Venomous_Snake,520,347,RGB,97840,ca60295c965dbe5f5c441908c079f410dbd1867c0b00c707d01f7be548f8a664,ab5a5cd6498c95cc,61891b63474ea7f3,True,,,,True,TEST,False,NOT VERIFIED,LEAKAGE_RISK,near-duplicate candidate matching existing TEST image (HIGH_CONFIDENCE_NEAR_DUPLICATE),JPEG,1.498559,,False
Venomous/Russell's Viper/4975186.jpg,4975186.jpg,.jpg,Venomous,Russell's Viper,Venomous_Snake,241,181,RGB,14622,36e628023c169c3900e2cb404aa5611940d4049b22f210a5b44eb963a366e3aa,be14d169ca640fb6,d01c2f7571130fcc,True,,,,True,TEST,False,NOT VERIFIED,LEAKAGE_RISK,near-duplicate candidate matching existing TEST image (HIGH_CONFIDENCE_NEAR_DUPLICATE),JPEG,1.331492,,False
Venomous/Russell's Viper/50654.jpg,50654.jpg,.jpg,Venomous,Russell's Viper,Venomous_Snake,959,641,RGB,236022,26d490f6ceab135c8e46451c90f055ad1a7c2564978bf4c68d5e04be8f0b2115,d0f98da3725d85a2,d858a2104db8e8f0,True,,,,True,TRAIN,False,NOT VERIFIED,DUPLICATE_REVIEW,near-duplicate candidate matching existing TRAIN image,JPEG,1.4961,,False
Venomous/Russell's Viper/5101695344_48fe2388e9_b.jpg,5101695344_48fe2388e9_b.jpg,.jpg,Venomous,Russell's Viper,Venomous_Snake,1024,910,RGB,333593,d1e447ab167d8acc121b3a791c5c2fd5c1e5c592df00d60af3c1890f2b7424f0,c1ec3fc6b2131c87,b1b3d298c3e8eb5b,True,,,,True,TRAIN,False,NOT VERIFIED,DUPLICATE_REVIEW,near-duplicate candidate matching existing TRAIN image,JPEG,1.125275,,False
Venomous/Russell's Viper/5140650546_698c8b9dc9_b.jpg,5140650546_698c8b9dc9_b.jpg,.jpg,Venomous,Russell's Viper,Venomous_Snake,1024,818,RGB,512647,a6777163abe3cb7220bc40da54587edcb5f4543efaa8b2a5ea2c88699f931746,f48b996e93cc7308,bdb55a6c8505371a,True,,,,True,TRAIN,False,NOT VERIFIED,DUPLICATE_REVIEW,near-duplicate candidate matching existing TRAIN image,JPEG,1.251834,,False
Venomous/Russell's Viper/51523Bild_354.jpg,51523Bild_354.jpg,.jpg,Venomous,Russell's Viper,Venomous_Snake,1200,900,RGB,175192,2635096a9bb8fd81a61c584cc4dee55d60e6e0acabf185f2c9170021a16dee99,ad96959938587875,f6e64c33173bdade,True,,,,True,TRAIN,False,NOT VERIFIED,DUPLICATE_REVIEW,near-duplicate candidate matching existing TRAIN image,JPEG,1.333333,,False
Venomous/Russell's Viper/5207091.jpg,5207091.jpg,.jpg,Venomous,Russell's Viper,Venomous_Snake,250,218,RGB,13803,aa4fadd34a852ce132cb2ac14f72df1c879d49f649b6993d522db087e83c573d,bf84cafbe561c090,6831b4563e5b398e,True,EXACT0002,,,True,TEST,True,NOT VERIFIED,LEAKAGE_RISK,near-duplicate candidate matching existing TEST image (HIGH_CONFIDENCE_NEAR_DUPLICATE),JPEG,1.146789,,False
Venomous/Russell's Viper/5384077d7fe23.jpg,5384077d7fe23.jpg,.jpg,Venomous,Russell's Viper,Venomous_Snake,439,207,RGB,59570,ebc69a87faca1b76babeada644dbba7d1d4ae78d9d9a1fd1f70b4b04dabfd179,8b51d085ca965b7d,d8db3979f37367a3,True,EXACT0004,,,True,TEST,True,NOT VERIFIED,LEAKAGE_RISK,near-duplicate candidate matching existing TEST image (HIGH_CONFIDENCE_NEAR_DUPLICATE),JPEG,2.120773,,False
Venomous/Russell's Viper/5384096bcdfba.jpg,5384096bcdfba.jpg,.jpg,Venomous,Russell's Viper,Venomous_Snake,389,193,RGB,37184,da27b41dc849a5660ec81bbbf08d44ed43f8c19cde445857d026974045514dd3,9741a83d67336b1c,5af2d048625b5cec,True,,,,True,TEST,False,NOT VERIFIED,LEAKAGE_RISK,near-duplicate candidate matching existing TEST image (HIGH_CONFIDENCE_NEAR_DUPLICATE),JPEG,2.015544,,False
Venomous/Russell's Viper/5384096bea0ed.jpg,5384096bea0ed.jpg,.jpg,Venomous,Russell's Viper,Venomous_Snake,500,201,RGB,62842,c405ce642e783c3f33d9e6c065994b6a6f725ed98bb179f5c826122bc4128d02,e56df83880f31c8d,8a0662eee61e8ca6,True,,,,True,TEST,False,NOT VERIFIED,LEAKAGE_RISK,near-duplicate candidate matching existing TEST image (HIGH_CONFIDENCE_NEAR_DUPLICATE),JPEG,2.487562,,False
Venomous/Russell's Viper/5384096c1c063.jpg,5384096c1c063.jpg,.jpg,Venomous,Russell's Viper,Venomous_Snake,361,299,RGB,87506,d0c904680f55d010f3be3bf2802dbf20ba200e95a5c499f92df0de0e5fb717ec,80bcdfb8ff407224,2375d5d6d5b9a24a,True,EXACT0003,,,True,TEST,True,NOT VERIFIED,LEAKAGE_RISK,near-duplicate candidate matching existing TEST image (HIGH_CONFIDENCE_NEAR_DUPLICATE),JPEG,1.207358,,False
Venomous/Russell's Viper/5419812_orig.jpg,5419812_orig.jpg,.jpg,Venomous,Russell's Viper,Venomous_Snake,500,334,RGB,68515,ccd12746443fc9d4943075cc90bd7f5108cf1b7f81ebf68b8980aa2060d92da5,956d6c15c6d9b922,f6f63af8fc58fc6c,True,,,,True,TEST,False,NOT VERIFIED,LEAKAGE_RISK,near-duplicate candidate matching existing TEST image (HIGH_CONFIDENCE_NEAR_DUPLICATE),JPEG,1.497006,,False
Venomous/Russell's Viper/6096504998_19989dc810_z.jpg,6096504998_19989dc810_z.jpg,.jpg,Venomous,Russell's Viper,Venomous_Snake,640,480,RGB,149445,525419e6ce5b379c398057b4c14b9a5133043d274b6411a98ef84b94e6762b81,ed72d2a981c19e99,830b5cd65333332a,True,,,,True,TRAIN,False,NOT VERIFIED,DUPLICATE_REVIEW,near-duplicate candidate matching existing TRAIN image,JPEG,1.333333,,False
Venomous/Russell's Viper/621cc2e9123ff3733add9cf51d374c1c--top-five-hady.jpg,621cc2e9123ff3733add9cf51d374c1c--top-five-hady.jpg,.jpg,Venomous,Russell's Viper,Venomous_Snake,236,236,RGB,17390,6b0dca1018ff5d252e32f5facb4be9c1e4b524a46afb570f42e8a1f611a0da24,9c6e869c3523a3d6,67a5611b3cb2e1e4,True,,,,True,TEST,False,NOT VERIFIED,LEAKAGE_RISK,near-duplicate candidate matching existing TEST image (HIGH_CONFIDENCE_NEAR_DUPLICATE),JPEG,1.0,,False
Venomous/Russell's Viper/7417839_orig.jpg,7417839_orig.jpg,.jpg,Venomous,Russell's Viper,Venomous_Snake,720,480,RGB,120946,2f7e0a30e6ce6fb3abbcdc0646e4822273d887161d71dead269403438381780f,c74363c1e35e89e4,c84662ecca73316b,True,,,,True,TEST,False,NOT VERIFIED,LEAKAGE_RISK,near-duplicate candidate matching existing TEST image (HIGH_CONFIDENCE_NEAR_DUPLICATE),JPEG,1.5,,False
Venomous/Russell's Viper/8fa72038962b6df573adbdd40eb3bdea.jpg,8fa72038962b6df573adbdd40eb3bdea.jpg,.jpg,Venomous,Russell's Viper,Venomous_Snake,480,336,RGB,346601,1c02b69e97c8a84d0d5b596bb548a50cca85171792d3be238b5ac59c721cce1c,a64b1dc397cc568a,d90b290dcdcdb77e,True,,,,True,TEST,False,NOT VERIFIED,LEAKAGE_RISK,near-duplicate candidate matching existing TEST image (HIGH_CONFIDENCE_NEAR_DUPLICATE),JPEG,1.428571,,False
Venomous/Russell's Viper/900-464852747-russells-viper.jpg,900-464852747-russells-viper.jpg,.jpg,Venomous,Russell's Viper,Venomous_Snake,900,559,RGB,74027,0c91fbe0cf1486c98d299e0066cfa174d053417987254302d50c913ac546cb53,de9167ccb18ad286,2824391936252105,True,,,,True,TEST,False,NOT VERIFIED,LEAKAGE_RISK,near-duplicate candidate matching existing TEST image (HIGH_CONFIDENCE_NEAR_DUPLICATE),JPEG,1.610018,,False
Venomous/Russell's Viper/90355786.jpg,90355786.jpg,.jpg,Venomous,Russell's Viper,Venomous_Snake,700,466,RGB,99320,0aa6b9d6b7bbf1430bbb3ad6917ef437b380cab2757be5f1653a716af4b0b803,bc92c36db43299c5,0c06181e16070708,True,,,,True,TRAIN,False,NOT VERIFIED,DUPLICATE_REVIEW,near-duplicate candidate matching existing TRAIN image,JPEG,1.502146,,False
Venomous/Russell's Viper/a.JPG,a.JPG,.jpg,Venomous,Russell's Viper,Venomous_Snake,1600,1053,RGB,438638,635376e041003921c4291c32d5c88db5d21dc460af202296790de341bfff7d24,d1f03878c7c7c287,9094c8f64490eaca,True,,,,True,TRAIN,False,NOT VERIFIED,DUPLICATE_REVIEW,near-duplicate candidate matching existing TRAIN image,JPEG,1.519468,,False
Venomous/Russell's Viper/aaa.JPG,aaa.JPG,.jpg,Venomous,Russell's Viper,Venomous_Snake,1600,1077,RGB,272943,367b6d7a862d0fc1ddff312fa48854294af4cbd55f9355416fcb930d6ce5f9c7,c1d27c359b41b956,1ce4e4d96a12e8b3,True,,,,True,TRAIN,False,NOT VERIFIED,DUPLICATE_REVIEW,near-duplicate candidate matching existing TRAIN image,JPEG,1.485608,,False
Venomous/Russell's Viper/aaaa.JPG,aaaa.JPG,.jpg,Venomous,Russell's Viper,Venomous_Snake,1600,1067,RGB,550602,3fc772dcc3f2525b93f94c9b93335ff524dca5cb2679d95e76d5a2b64f11db21,d0d1038e66ba3d6d,b59c10a8a230b9c6,True,,,,True,TRAIN,False,NOT VERIFIED,DUPLICATE_REVIEW,near-duplicate candidate matching existing TRAIN image,JPEG,1.499531,,False
Venomous/Russell's Viper/cbc8f79baa7ed6c6004000dc68f1d8b4.jpg,cbc8f79baa7ed6c6004000dc68f1d8b4.jpg,.jpg,Venomous,Russell's Viper,Venomous_Snake,1200,861,RGB,324173,6f15ef3ec9fc18d60e2bbd6db14494783baccfd695a87e2d4ae8bdc06f6cab36,e992974ba41c8f2d,709a3abe83c31352,True,,,,True,TRAIN,False,NOT VERIFIED,DUPLICATE_REVIEW,near-duplicate candidate matching existing TRAIN image,JPEG,1.393728,,False
Venomous/Russell's Viper/D8B_8271_Daboia_siamensis_Sa_Keao9x16-300x169.jpg,D8B_8271_Daboia_siamensis_Sa_Keao9x16-300x169.jpg,.jpg,Venomous,Russell's Viper,Venomous_Snake,300,169,RGB,17508,c22688ee9d3c84ef49d3b771b32f28794c08e4e0f71d274aa0e389f57d1f6b7f,c4353f6e3683c84e,f6f2f0c8ace1c830,True,,,,True,TRAIN,False,NOT VERIFIED,DUPLICATE_REVIEW,near-duplicate candidate matching existing TRAIN image,JPEG,1.775148,,False
Venomous/Russell's Viper/D8B_8356_Daboia_Siamensis_Sa_Keao-720x340.jpg,D8B_8356_Daboia_Siamensis_Sa_Keao-720x340.jpg,.jpg,Venomous,Russell's Viper,Venomous_Snake,720,340,RGB,87675,1993e5c88726ac1a88c3a94e7e37555d6b5410fece586ddbfe70df19c8565f0b,8baa83353c8df331,cfdde96636d9e2d9,True,,,,True,TRAIN,False,NOT VERIFIED,DUPLICATE_REVIEW,near-duplicate candidate matching existing TRAIN image,JPEG,2.117647,,False
Venomous/Russell's Viper/daboia russelli copy.jpg,daboia russelli copy.jpg,.jpg,Venomous,Russell's Viper,Venomous_Snake,1442,775,RGB,365884,13545e40084735e1289714bda42f099e68f4c3db9a7b912ab44720f2abb60039,de5c2d84d859a5ca,34301919ade6ca53,True,,,,True,TRAIN,False,NOT VERIFIED,DUPLICATE_REVIEW,near-duplicate candidate matching existing TRAIN image,JPEG,1.860645,,False
Venomous/Russell's Viper/Daboia-russelii-03000025913_01.jpg,Daboia-russelii-03000025913_01.jpg,.jpg,Venomous,Russell's Viper,Venomous_Snake,560,373,RGB,57541,f777100e89c4883864e9d9987e2b8db4574ab9a0d119d7c49afe67c4d8fa441b,df0ae1a18197857e,fa33717171572a1a,True,,,,True,TRAIN,False,NOT VERIFIED,DUPLICATE_REVIEW,near-duplicate candidate matching existing TRAIN image,JPEG,1.50134,,False
Venomous/Russell's Viper/daboia-russelii-russells-viper-displaying-erect-fangs-these-fangs-H9ER3E.jpg,daboia-russelii-russells-viper-displaying-erect-fangs-these-fangs-H9ER3E.jpg,.jpg,Venomous,Russell's Viper,Venomous_Snake,1300,960,RGB,122057,d507f6c5146107d430af25119be53cdcd8a04516195333cf11e171480f26ac39,8bb2645c7b43cc69,ef5dd3c97b70424b,True,,,,True,TRAIN,False,NOT VERIFIED,DUPLICATE_REVIEW,near-duplicate candidate matching existing TRAIN image,JPEG,1.354167,,False
Venomous/Russell's Viper/daboia-russelii-russells-viper-dr22pc.jpg,daboia-russelii-russells-viper-dr22pc.jpg,.jpg,Venomous,Russell's Viper,Venomous_Snake,640,445,RGB,125562,c6eb503134cf8a51790db122cab176895b4e33ce62bd9312c027c558366e8769,d28aa3678959ae59,dbe9a9b2d06c18d6,True,,,,True,VALIDATION,False,NOT VERIFIED,DUPLICATE_REVIEW,near-duplicate candidate matching existing VALIDATION image,JPEG,1.438202,,False
Venomous/Russell's Viper/daboia-russelii-russells-viper-DR22PC_001.jpg,daboia-russelii-russells-viper-DR22PC_001.jpg,.jpg,Venomous,Russell's Viper,Venomous_Snake,1300,953,RGB,240864,509667917e0e34f304efd71889bfd123a397ed6a3358c6ac1a22fbd4633f98e0,d6882ba72d992ec5,dba9b1b2446d5046,True,,,,True,TRAIN,False,NOT VERIFIED,DUPLICATE_REVIEW,near-duplicate candidate matching existing TRAIN image,JPEG,1.364113,,False
Venomous/Russell's Viper/daboia-russelii-russells-viper-dr26ah.jpg,daboia-russelii-russells-viper-dr26ah.jpg,.jpg,Venomous,Russell's Viper,Venomous_Snake,640,445,RGB,133570,3bd200b366bc3c89fde3cfdf77ca98131925932e0d48befc67d659ee5a878208,fc2ac2388b69a975,9f86163333170688,True,,,,True,TRAIN,False,NOT VERIFIED,DUPLICATE_REVIEW,near-duplicate candidate matching existing TRAIN image,JPEG,1.438202,,False
Venomous/Russell's Viper/daboia-russelii-russells-viper-dr26fj.jpg,daboia-russelii-russells-viper-dr26fj.jpg,.jpg,Venomous,Russell's Viper,Venomous_Snake,640,445,RGB,97502,356269bcc744500aca54859692e96d35319664a8b2653e87f2f5d09ee51cfa4f,da0da430eb4da576,b339c4731988e94d,True,,,,True,TRAIN,False,NOT VERIFIED,DUPLICATE_REVIEW,near-duplicate candidate matching existing TRAIN image,JPEG,1.438202,,False
Venomous/Russell's Viper/daboia-russelii-russells-viper-these-juvenile-vipers-was-born-in-captivity-H9EPEA.jpg,daboia-russelii-russells-viper-these-juvenile-vipers-was-born-in-captivity-H9EPEA.jpg,.jpg,Venomous,Russell's Viper,Venomous_Snake,1300,942,RGB,307094,230de2165aecaf0e0a522bab0a9ccc472e45588b4065143818ff860dbbd074e9,8c137f9c630ceb32,71d4d6aaabb2b60f,True,,,,True,TRAIN,False,NOT VERIFIED,DUPLICATE_REVIEW,near-duplicate candidate matching existing TRAIN image,JPEG,1.380042,,False
Venomous/Russell's Viper/daboia-russelii-russells-viper-venomous-mudumalai-sanctuary-tamilnadu-h9er01.jpg,daboia-russelii-russells-viper-venomous-mudumalai-sanctuary-tamilnadu-h9er01.jpg,.jpg,Venomous,Russell's Viper,Venomous_Snake,447,320,RGB,39276,bf46a9f92c320fef5a895e2ad11c5b58e65f1d905cbb641fbd23bcc994018f3c,9521d752f016f21f,c876bebf39ac6c14,True,,,,True,TRAIN,False,NOT VERIFIED,DUPLICATE_REVIEW,near-duplicate candidate matching existing TRAIN image,JPEG,1.396875,,False
Venomous/Russell's Viper/Daboia-russelii-siamensis-russells-viper-chain-viper-bulian1.jpg,Daboia-russelii-siamensis-russells-viper-chain-viper-bulian1.jpg,.jpg,Venomous,Russell's Viper,Venomous_Snake,400,300,RGB,15338,5f27f10688905d92091062daf68a2c052854587b0d893e8b5a4c01922e5ce8b4,8149aeb2c6ad85ed,e598d28a8a9c67ec,True,,,,True,TRAIN,False,NOT VERIFIED,DUPLICATE_REVIEW,near-duplicate candidate matching existing TRAIN image,JPEG,1.333333,,False
Venomous/Russell's Viper/daboia-siamensis-siamese-russells-viper-800x600.jpg,daboia-siamensis-siamese-russells-viper-800x600.jpg,.jpg,Venomous,Russell's Viper,Venomous_Snake,800,534,RGB,73130,b938391f069febaf0d78c1c317e5d1059a0aca06e2ca8a3788079db5a4747d5e,95712bee34908b9b,2e92dad4646068d8,True,,,,True,TRAIN,False,NOT VERIFIED,DUPLICATE_REVIEW,near-duplicate candidate matching existing TRAIN image,JPEG,1.498127,,False
Venomous/Russell's Viper/Daboia-siamensis-–-Eastern-Russell’s-Viper-Siamese-Russell’s-Viper-2.jpg,Daboia-siamensis-–-Eastern-Russell’s-Viper-Siamese-Russell’s-Viper-2.jpg,.jpg,Venomous,Russell's Viper,Venomous_Snake,800,509,RGB,284887,256319364b681ad631336acc3cb5c1e7ced6a80ce7398f70dd22ce1f4e96f685,92563d0e24d9edd2,f0e8d8e8cceaf89a,True,,,,True,VALIDATION,False,NOT VERIFIED,DUPLICATE_REVIEW,near-duplicate candidate matching existing VALIDATION image,JPEG,1.571709,,False
Venomous/Russell's Viper/daboia-tom-charlton-2011.jpg,daboia-tom-charlton-2011.jpg,.jpg,Venomous,Russell's Viper,Venomous_Snake,600,400,RGB,210428,1f68a25c8ef81c3c6ab18f6761eae7504020d7edb9233deee6b29d33a3282292,e407fa0fec7883e0,e569d4b6e6d5aba6,True,,,,True,TRAIN,False,NOT VERIFIED,DUPLICATE_REVIEW,near-duplicate candidate matching existing TRAIN image,JPEG,1.5,,False
Venomous/Russell's Viper/daboia1l.jpg,daboia1l.jpg,.jpg,Venomous,Russell's Viper,Venomous_Snake,600,400,RGB,50280,d6b307dc3660558c0255127b07f02001c9ea941ca3efdb6971286835759cfc98,9e5a5e878590236f,b4212b9c628bf436,True,,,,True,TRAIN,False,NOT VERIFIED,DUPLICATE_REVIEW,near-duplicate candidate matching existing TRAIN image,JPEG,1.5,,False
Venomous/Russell's Viper/daboia2l.jpg,daboia2l.jpg,.jpg,Venomous,Russell's Viper,Venomous_Snake,600,400,RGB,57265,14537346a16fec8742c0c222af16f9d11e5fd8ead58d029a7b45a8e25382d205,c20d5fa64ad526d3,e1faccb5c9cd6869,True,,,,True,TRAIN,False,NOT VERIFIED,DUPLICATE_REVIEW,near-duplicate candidate matching existing TRAIN image,JPEG,1.5,,False
Venomous/Russell's Viper/Daboia_head.jpg,Daboia_head.jpg,.jpg,Venomous,Russell's Viper,Venomous_Snake,240,180,RGB,17248,63c2884713acd14eb3fee1bad14f1642160c580cafe17e93a6cc244de45921dd,d40aec8b5681fd63,61e5ecb8c810d226,True,,,,True,TRAIN,False,NOT VERIFIED,DUPLICATE_REVIEW,near-duplicate candidate matching existing TRAIN image,JPEG,1.333333,,False
Venomous/Russell's Viper/Daboia_russelii_A_Chawla01.jpg,Daboia_russelii_A_Chawla01.jpg,.jpg,Venomous,Russell's Viper,Venomous_Snake,3072,2304,RGB,3177924,a7299cbcadd9c8a709ebcb280e9c4e9debc3e248101b0c2983137337a4ba6c7a,aab88da7a7848937,ffbfb38d4d93a649,True,,,,True,TRAIN,False,NOT VERIFIED,DUPLICATE_REVIEW,near-duplicate candidate matching existing TRAIN image,JPEG,1.333333,,False
Venomous/Russell's Viper/Daboia_Russelli_in_a_Sensing_moment.jpg,Daboia_Russelli_in_a_Sensing_moment.jpg,.jpg,Venomous,Russell's Viper,Venomous_Snake,220,147,RGB,10655,082948296f1dce9280efc947714966dc5c12fc4f891959d47c340ed356e55f96,89476187d0eb792d,eaf071f9f07a7ab9,True,,,,True,TRAIN,False,NOT VERIFIED,DUPLICATE_REVIEW,near-duplicate candidate matching existing TRAIN image,JPEG,1.496599,,False
Venomous/Russell's Viper/Daboia_russelli_ZhimingS.jpg,Daboia_russelli_ZhimingS.jpg,.jpg,Venomous,Russell's Viper,Venomous_Snake,1024,683,RGB,424314,a78e981014a5d274b04014db7f1b06283e9b8be26a09ee665a315ad6e6d20b5d,cbbde30825c805ef,ab1920b064f1d144,True,,,,True,TRAIN,False,NOT VERIFIED,DUPLICATE_REVIEW,near-duplicate candidate matching existing TRAIN image,JPEG,1.499268,,False
Venomous/Russell's Viper/Daboia_siamensis_WN_adult_D8D_5167e.jpg,Daboia_siamensis_WN_adult_D8D_5167e.jpg,.jpg,Venomous,Russell's Viper,Venomous_Snake,2048,1306,RGB,649196,8df81c6f1f26e9043f31d86f983f96137ee02cbd43354a6cdcf86c2403511bf1,8581c591f17a7a7a,cae27098f8fce0e2,True,,,,True,TRAIN,False,NOT VERIFIED,DUPLICATE_REVIEW,near-duplicate candidate matching existing TRAIN image,JPEG,1.568147,,False
Venomous/Russell's Viper/depositphotos_6652287-stock-photo-snake-siamese-russell-viper-focus.jpg,depositphotos_6652287-stock-photo-snake-siamese-russell-viper-focus.jpg,.jpg,Venomous,Russell's Viper,Venomous_Snake,1023,682,RGB,193399,b1d30ea2665aa948fd74ae2f9e1440b1b5318eb2f3e36e85600587ca5e42f751,ff74862e1e30630e,2c2b061c23534b69,True,,,,True,TRAIN,False,NOT VERIFIED,DUPLICATE_REVIEW,near-duplicate candidate matching existing TRAIN image,JPEG,1.5,,False
Venomous/Russell's Viper/DSC00799.jpg,DSC00799.jpg,.jpg,Venomous,Russell's Viper,Venomous_Snake,1024,685,RGB,344816,71d8fdaeb44ad5e78939a144db191d01c9cc604fb2f87ceb31ab1a70005bb9e5,c7b08d9f99c4f0c8,f2478686596d62d2,True,,,,True,TRAIN,False,NOT VERIFIED,DUPLICATE_REVIEW,near-duplicate candidate matching existing TRAIN image,JPEG,1.494891,,False
Venomous/Russell's Viper/DSC01378-L.jpg,DSC01378-L.jpg,.jpg,Venomous,Russell's Viper,Venomous_Snake,800,600,RGB,88365,884272d9678dab143116e6c9e91105cf2ff8115589128082500ac6ffd2c96ef8,a1858e7b788697d8,fefef6969bcfc5bb,True,,,,True,TRAIN,False,NOT VERIFIED,DUPLICATE_REVIEW,near-duplicate candidate matching existing TRAIN image,JPEG,1.333333,,False
Venomous/Russell's Viper/dsc_0339.jpg,dsc_0339.jpg,.jpg,Venomous,Russell's Viper,Venomous_Snake,605,427,RGB,167854,191a62730705e41ff5a75c398e38d171566f248a165fadb8edbfba63fcb012e8,ec1727279a8d46ca,6f1620b2b5860222,True,,,,True,VALIDATION,False,NOT VERIFIED,DUPLICATE_REVIEW,near-duplicate candidate matching existing VALIDATION image,JPEG,1.416862,,False
Venomous/Russell's Viper/DSC_1797.preview.jpg,DSC_1797.preview.jpg,.jpg,Venomous,Russell's Viper,Venomous_Snake,640,435,RGB,72204,80e0f4e3df80cb7f7827e06fcd660bd18446d45c2fe2e67fe44125b9643ee085,90e8ce91ce4633d7,b0b048f1d49ee069,True,,,,True,TRAIN,False,NOT VERIFIED,DUPLICATE_REVIEW,near-duplicate candidate matching existing TRAIN image,JPEG,1.471264,,False
Venomous/Russell's Viper/DSC_1996.JPG,DSC_1996.JPG,.jpg,Venomous,Russell's Viper,Venomous_Snake,1600,1071,RGB,172619,8fe8dd1f9e332d91b3c41c216787a258905a3ebeb4f16ec5eabb5e72bcf25fea,aa9ad5492b74344f,f8f9ad3f53a78486,True,,,,True,TRAIN,False,NOT VERIFIED,DUPLICATE_REVIEW,near-duplicate candidate matching existing TRAIN image,JPEG,1.493931,,False
Venomous/Russell's Viper/DSC_2002.JPG,DSC_2002.JPG,.jpg,Venomous,Russell's Viper,Venomous_Snake,1600,1071,RGB,206146,217f75df4e6ffce38087df08712747452545943c41e72ab4354961edd7e40fea,c63629e036992cfe,cccce0e8ecc2f2cc,True,,,,True,TRAIN,False,NOT VERIFIED,DUPLICATE_REVIEW,near-duplicate candidate matching existing TRAIN image,JPEG,1.493931,,False
Venomous/Russell's Viper/e9a25bbc56927a4a0e2faf09084c710d--data-in-india.jpg,e9a25bbc56927a4a0e2faf09084c710d--data-in-india.jpg,.jpg,Venomous,Russell's Viper,Venomous_Snake,525,400,RGB,26898,b4cc605c7940f7940f2c7db821d22a024fdf3f18bef8f6f6ca0ec73ef3c06ad3,d1a5306bdc19e1dc,98cca870604871b1,True,,,,True,TRAIN,False,NOT VERIFIED,DUPLICATE_REVIEW,near-duplicate candidate matching existing TRAIN image,JPEG,1.3125,,False
Venomous/Russell's Viper/Echis_carinatus2.jpg,Echis_carinatus2.jpg,.jpg,Venomous,Russell's Viper,Venomous_Snake,200,164,RGB,15596,faf63b6dd3d1c49e8a6019b22158f06bd81f2f54fabd1506d68f6d7a77c4a572,bb4898378d10cff1,f31d89d75e0c1cf3,True,,,,True,TRAIN,False,NOT VERIFIED,DUPLICATE_REVIEW,near-duplicate candidate matching existing TRAIN image,JPEG,1.219512,,False
Venomous/Russell's Viper/fc6e1b08020db1b2c9c617930d5779db.jpg,fc6e1b08020db1b2c9c617930d5779db.jpg,.jpg,Venomous,Russell's Viper,Venomous_Snake,960,602,RGB,93987,3256e7a26783b32da4d03f514429b8575c81901fd714b8de2e923e4d6b6a5a6f,8c3b7a3a2df1ea40,2b5bc2e6e6b194e1,True,,,,True,VALIDATION,False,NOT VERIFIED,DUPLICATE_REVIEW,near-duplicate candidate matching existing VALIDATION image,JPEG,1.594684,,False
Venomous/Russell's Viper/File-Daboia_russelii_head_A_Chawla02.jpg,File-Daboia_russelii_head_A_Chawla02.jpg,.jpg,Venomous,Russell's Viper,Venomous_Snake,3072,2304,RGB,2921472,aa814bdfd2794acd6cffeac7e66307a0b542ad739358e7eb1159a804ab6ecd7e,be2795dec2e1190c,7e6e174b29301c3a,True,,,,True,TRAIN,False,NOT VERIFIED,DUPLICATE_REVIEW,near-duplicate candidate matching existing TRAIN image,JPEG,1.333333,,False
Venomous/Russell's Viper/hans-brueur-russells-viper-in-taiwan.jpg,hans-brueur-russells-viper-in-taiwan.jpg,.jpg,Venomous,Russell's Viper,Venomous_Snake,935,625,RGB,495255,0343e302c95076afeb86356869c3cc531440781113690dbe71db44c7863cf3d8,eaad8466166e2ea9,e493134555458db4,True,,,,True,TRAIN,False,NOT VERIFIED,DUPLICATE_REVIEW,near-duplicate candidate matching existing TRAIN image,JPEG,1.496,,False
Venomous/Russell's Viper/hans-russells-viper-head.jpg,hans-russells-viper-head.jpg,.jpg,Venomous,Russell's Viper,Venomous_Snake,640,427,RGB,260430,982f94c3361c24efd24ad5e420e90fb2f01a145c2b2e51ecab96014b7f0472a7,83b9dd0a12c8fb99,d94a9aa5bd6df248,True,,,,True,TRAIN,False,NOT VERIFIED,DUPLICATE_REVIEW,near-duplicate candidate matching existing TRAIN image,JPEG,1.498829,,False
Venomous/Russell's Viper/hans-russells-viper-young.jpg,hans-russells-viper-young.jpg,.jpg,Venomous,Russell's Viper,Venomous_Snake,640,429,RGB,260612,380ea0a7833f8b477e00b2cb2d95232e3c70d23a35ee0dc3b94251ae305e492e,e6d588916794ed19,d6cd274ccadabc67,True,,,,True,VALIDATION,False,NOT VERIFIED,DUPLICATE_REVIEW,near-duplicate candidate matching existing VALIDATION image,JPEG,1.491841,,False
Venomous/Russell's Viper/high-angle-view-of-a-russells-viper-vipera-russellii-india-b1j306.jpg,high-angle-view-of-a-russells-viper-vipera-russellii-india-b1j306.jpg,.jpg,Venomous,Russell's Viper,Venomous_Snake,640,446,RGB,140471,0e3b7b7013b92ab20daab216605dd1b4188743fc6720e916312bf68dae9350f7,f9588026d978fd51,b02a121b0b2f8a92,True,,,,True,TRAIN,False,NOT VERIFIED,DUPLICATE_REVIEW,near-duplicate candidate matching existing TRAIN image,JPEG,1.434978,,False
Venomous/Russell's Viper/hqdefault.jpg,hqdefault.jpg,.jpg,Venomous,Russell's Viper,Venomous_Snake,480,360,RGB,29396,62db671a095c85fa1e83db32ed28d26478c2b8b194708d61a962183f215cbc45,e53a1b4407e07f0f,c4381a82c60682e2,True,,,,True,VALIDATION,False,NOT VERIFIED,DUPLICATE_REVIEW,near-duplicate candidate matching existing VALIDATION image,JPEG,1.333333,,False
Venomous/Russell's Viper/hqdefault_003.jpg,hqdefault_003.jpg,.jpg,Venomous,Russell's Viper,Venomous_Snake,480,360,RGB,30341,fbc9e264e18431c5f416f2f1f104123460e97914b231818d609799440d8f8b08,8a30ad4f3598f761,f7eb9db14061a146,True,,,,True,VALIDATION,False,NOT VERIFIED,DUPLICATE_REVIEW,near-duplicate candidate matching existing VALIDATION image,JPEG,1.333333,,False
Venomous/Russell's Viper/hqdefault_004.jpg,hqdefault_004.jpg,.jpg,Venomous,Russell's Viper,Venomous_Snake,480,360,RGB,30687,3f6b75617fbbe46e06184fa22ca80a908d7fd4923a3b5a81b58541979c72fd09,a2d588d1759aed19,94c92a4c4ed3bd63,True,,,,True,VALIDATION,False,NOT VERIFIED,DUPLICATE_REVIEW,near-duplicate candidate matching existing VALIDATION image,JPEG,1.333333,,False
Venomous/Russell's Viper/hqdefault_005.jpg,hqdefault_005.jpg,.jpg,Venomous,Russell's Viper,Venomous_Snake,480,360,RGB,38225,0b4a3c569c33689ce7cafdf57a67d818b83bff0b1c6d6e13dbff7ed912f6a2f4,afa107d4544e6a4f,7ef78b2b34716162,True,,,,True,TRAIN,False,NOT VERIFIED,DUPLICATE_REVIEW,near-duplicate candidate matching existing TRAIN image,JPEG,1.333333,,False
Venomous/Russell's Viper/hqdefault_007.jpg,hqdefault_007.jpg,.jpg,Venomous,Russell's Viper,Venomous_Snake,480,360,RGB,24004,0e043b751bc43654bc62af658b684290df204d501ee1321e3f4aa282425829dd,d14e707e1d88b8b6,21449cf85cbb899c,True,,,,True,TRAIN,False,NOT VERIFIED,DUPLICATE_REVIEW,near-duplicate candidate matching existing TRAIN image,JPEG,1.333333,,False
Venomous/Russell's Viper/httpwww.indianaturewatch.net12.jpg,httpwww.indianaturewatch.net12.jpg,.jpg,Venomous,Russell's Viper,Venomous_Snake,900,675,RGB,176213,7e55b990ca0d4ba1c1337b73add77f11e6710b662e652a4baaa11be1e20eba05,ca3c99906cea8fd2,311069c3c4d19161,True,,,,True,VALIDATION,False,NOT VERIFIED,DUPLICATE_REVIEW,near-duplicate candidate matching existing VALIDATION image,JPEG,1.333333,,False
Venomous/Russell's Viper/image-20151211-8314-1qqw4l0.JPG,image-20151211-8314-1qqw4l0.JPG,.jpg,Venomous,Russell's Viper,Venomous_Snake,754,503,RGB,102756,fe945b3284818341e0e6bd803d59cb722c78d266a124d5947dc0ee974d35b7f3,921778696e33943d,f9f8fcec33e8c9b1,True,,,,True,TRAIN,False,NOT VERIFIED,DUPLICATE_REVIEW,near-duplicate candidate matching existing TRAIN image,JPEG,1.499006,,False
Venomous/Russell's Viper/image349.jpg,image349.jpg,.jpg,Venomous,Russell's Viper,Venomous_Snake,350,237,RGB,15156,77463fcdaba0c66336e9c7aa4ac73bc370eff7231aa8edd41c56a5b109936aa1,91369965fa732c19,72f8bccdc2c6da79,True,,,,True,TRAIN,False,NOT VERIFIED,DUPLICATE_REVIEW,near-duplicate candidate matching existing TRAIN image,JPEG,1.476793,,False
Venomous/Russell's Viper/IMG_1426-Edit.jpg,IMG_1426-Edit.jpg,.jpg,Venomous,Russell's Viper,Venomous_Snake,1600,1066,RGB,456151,e94d9d2b85df826140f8d2f734723d287304dd9f630cc4380286a3ef5f876de6,c5ed7f3882c4471a,603266c4b9aae8c8,True,,,,True,VALIDATION,False,NOT VERIFIED,DUPLICATE_REVIEW,near-duplicate candidate matching existing VALIDATION image,JPEG,1.500938,,False
Venomous/Russell's Viper/img_1663_large.jpg,img_1663_large.jpg,.jpg,Venomous,Russell's Viper,Venomous_Snake,1024,683,RGB,190160,148ffb0585112a2f09dfe02c46ba3adc967fd38844258b1b2dfe9e71cbfbdc29,d724a59d778c2691,ce46ad6148e9d8c9,True,,,,True,TRAIN,False,NOT VERIFIED,DUPLICATE_REVIEW,near-duplicate candidate matching existing TRAIN image,JPEG,1.499268,,False
Venomous/Russell's Viper/IMG_3809-2.jpg,IMG_3809-2.jpg,.jpg,Venomous,Russell's Viper,Venomous_Snake,4148,2778,RGB,1149967,620f4804beea4720b97054a1ddf393ff9388a870fb073d58733d27a809386d63,97666e9d3062c7e0,6460e5ccdc787024,True,,,,True,TRAIN,False,NOT VERIFIED,DUPLICATE_REVIEW,near-duplicate candidate matching existing TRAIN image,JPEG,1.493161,,False
Venomous/Russell's Viper/IMG_3822-2.jpg,IMG_3822-2.jpg,.jpg,Venomous,Russell's Viper,Venomous_Snake,2764,1801,RGB,737037,92d24f7f6d638e8a79641a7db28da55d180475137d3e133a7d6c6d191c84a8e0,c8eb3db4e661904e,8f73d1d164b62820,True,,,,True,VALIDATION,False,NOT VERIFIED,DUPLICATE_REVIEW,near-duplicate candidate matching existing VALIDATION image,JPEG,1.534703,,False
Venomous/Russell's Viper/IMG_4386-2.jpg,IMG_4386-2.jpg,.jpg,Venomous,Russell's Viper,Venomous_Snake,3267,2265,RGB,1688886,83ea1a4f9ec9d76f6342af190a5eefb778677eef86d34c87d47bc5dcab13d0b4,f09e61ccc35dc631,808814180c2892cc,True,EXACT0001,,,True,TRAIN,True,NOT VERIFIED,DUPLICATE_REVIEW,exact duplicate within new dataset,JPEG,1.442384,,False
Venomous/Russell's Viper/IMG_4625-2.jpg,IMG_4625-2.jpg,.jpg,Venomous,Russell's Viper,Venomous_Snake,1471,1758,RGB,617578,09141ff97c65640a81b9646fbf6620d51f402a09f370573cd64e33a2dffdc66d,e916ca6914936779,2cb1c07812033b43,True,,,,True,TRAIN,False,NOT VERIFIED,DUPLICATE_REVIEW,near-duplicate candidate matching existing TRAIN image,JPEG,0.836746,,False
Venomous/Russell's Viper/Indian-Russells-Viper.jpg,Indian-Russells-Viper.jpg,.jpg,Venomous,Russell's Viper,Venomous_Snake,500,375,RGB,220648,a87607f1817963feae5918b622db29a782b08e41f033fa524ae4f8c0d2e153a3,fe8eb086d1795168,2c2531122f55239e,True,,,,True,TRAIN,False,NOT VERIFIED,DUPLICATE_REVIEW,near-duplicate candidate matching existing TRAIN image,JPEG,1.333333,,False
Venomous/Russell's Viper/juvenile-russells-viper.jpg,juvenile-russells-viper.jpg,.jpg,Venomous,Russell's Viper,Venomous_Snake,312,229,RGB,61766,ede14b1cd9653be5cf112c55648d871ae49cf07f4b2188d7619d01ee5fc40485,dd8ab042a3bcadb1,0dfd3275c8620416,True,,,,True,TRAIN,False,NOT VERIFIED,DUPLICATE_REVIEW,near-duplicate candidate matching existing TRAIN image,JPEG,1.362445,,False
Venomous/Russell's Viper/maxresdefault.jpg,maxresdefault.jpg,.jpg,Venomous,Russell's Viper,Venomous_Snake,1280,720,RGB,180537,8d027c7199aaceb46ff0c5e9fdcac12be1a2fc84133c26252d97b63858de8b1a,df80803ff81f1ec1,e0c0e8393a7858b0,True,,,,True,TRAIN,False,NOT VERIFIED,DUPLICATE_REVIEW,near-duplicate candidate matching existing TRAIN image,JPEG,1.777778,,False
Venomous/Russell's Viper/maxresdefault_001.jpg,maxresdefault_001.jpg,.jpg,Venomous,Russell's Viper,Venomous_Snake,1920,1080,RGB,281795,4dcc3798efe0248dfd56a168fb3220673fed78d2db1392f213ff574efd5b1b6e,f7d0f6e153413183,c82838304c0e6628,True,,,,True,TRAIN,False,NOT VERIFIED,DUPLICATE_REVIEW,near-duplicate candidate matching existing TRAIN image,JPEG,1.777778,,False
Venomous/Russell's Viper/maxresdefault_002.jpg,maxresdefault_002.jpg,.jpg,Venomous,Russell's Viper,Venomous_Snake,1920,1080,RGB,353212,ff4da890dfb4afb273b45f4ce7398868b8f58076688d6645f4e7c1f9d4909f33,b4c09b64e89be03f,d89c5c3486c66c3c,True,,,,True,TRAIN,False,NOT VERIFIED,DUPLICATE_REVIEW,near-duplicate candidate matching existing TRAIN image,JPEG,1.777778,,False
Venomous/Russell's Viper/maxresdefault_006.jpg,maxresdefault_006.jpg,.jpg,Venomous,Russell's Viper,Venomous_Snake,1280,720,RGB,136942,2b1f92e39964889abdfd87159e470c88b5b608082489320a82962ff07d93b963,cb95b08e4e6760b6,2ed8486061c3db99,True,,,,True,TRAIN,False,NOT VERIFIED,DUPLICATE_REVIEW,near-duplicate candidate matching existing TRAIN image,JPEG,1.777778,,False
Venomous/Russell's Viper/maxresdefault_007.jpg,maxresdefault_007.jpg,.jpg,Venomous,Russell's Viper,Venomous_Snake,1280,720,RGB,125013,f5624cb3c79bd92be236a2338fcf67864620d4d8f780f18aaac45cff2a07496d,f19acc641aadd54a,fcd5da898986828a,True,,,,True,TRAIN,False,NOT VERIFIED,DUPLICATE_REVIEW,near-duplicate candidate matching existing TRAIN image,JPEG,1.777778,,False
Venomous/Russell's Viper/mod_dsc047651.jpg,mod_dsc047651.jpg,.jpg,Venomous,Russell's Viper,Venomous_Snake,1304,1460,RGB,312876,fb707a2c906450e080c741f6b1271d4f39648b59c130bf002686e34587d89def,bc6d9973a28d9681,3f3767670d0c78b5,True,,,,False,,False,NOT VERIFIED,PROVENANCE_REVIEW,source provenance and training reuse rights not verified,JPEG,0.893151,,False
Venomous/Russell's Viper/MUS-FAPC1114_850.jpg,MUS-FAPC1114_850.jpg,.jpg,Venomous,Russell's Viper,Venomous_Snake,681,850,RGB,131007,458e6b9014b9daffa97c21ba03aaef63e1b2bc260b43fc9efe9ec908e8268f90,ea999566c269b195,291f1b030f072798,True,,,,True,TRAIN,False,NOT VERIFIED,DUPLICATE_REVIEW,near-duplicate candidate matching existing TRAIN image,JPEG,0.801176,,False
Venomous/Russell's Viper/nature.jpg,nature.jpg,.jpg,Venomous,Russell's Viper,Venomous_Snake,300,211,RGB,33920,76fc70d5418420204a30694bd5edd9432f38a4059ef3965df37050167be92195,a5dad6a46c939964,4c484b9296cecc66,True,,,,True,TRAIN,False,NOT VERIFIED,DUPLICATE_REVIEW,near-duplicate candidate matching existing TRAIN image,JPEG,1.421801,,False
Venomous/Russell's Viper/ni_2015_63_3_300_158155_f6.jpg,ni_2015_63_3_300_158155_f6.jpg,.jpg,Venomous,Russell's Viper,Venomous_Snake,809,464,RGB,302998,0a2e251d0a8fcfd99dd1f18292e5bba9f4b17824b0f492a0d7a1ac395c7cd2fa,c3382f663ab19cc3,25e3b298c1eacbda,True,,,,True,TRAIN,False,NOT VERIFIED,DUPLICATE_REVIEW,near-duplicate candidate matching existing TRAIN image,JPEG,1.743534,,False
Venomous/Russell's Viper/P1050513 - Copy copy.JPG,P1050513 - Copy copy.JPG,.jpg,Venomous,Russell's Viper,Venomous_Snake,1600,1200,RGB,491844,36cdea560fb7e7bb1f68dfc4b95ba9280f282a98b9152568b1a380e85391d29c,a0548f16cde9f4a5,66cc8e8bd5951b53,True,,,,True,TRAIN,False,NOT VERIFIED,DUPLICATE_REVIEW,near-duplicate candidate matching existing TRAIN image,JPEG,1.333333,,False
Venomous/Russell's Viper/P1150235.JPG,P1150235.JPG,.jpg,Venomous,Russell's Viper,Venomous_Snake,1600,1200,RGB,687926,cd86fdd50102d708533921be97e19926717c0a78a0925680a4ef0ba38a60a0f3,d91cc07b3772cc8a,19b2f01e737089c9,True,,,,True,TRAIN,False,NOT VERIFIED,DUPLICATE_REVIEW,near-duplicate candidate matching existing TRAIN image,JPEG,1.333333,,False
Venomous/Russell's Viper/P7180049 (Small).JPG,P7180049 (Small).JPG,.jpg,Venomous,Russell's Viper,Venomous_Snake,400,324,RGB,32932,60d1ed4ed45e881acd2a9525d95886368d0a6d9f25dadcc26c7389867b970532,dac425dfea057892,a4cca0f13939729b,True,,,,True,VALIDATION,False,NOT VERIFIED,DUPLICATE_REVIEW,near-duplicate candidate matching existing VALIDATION image,JPEG,1.234568,,False
Venomous/Russell's Viper/P7180061.jpg,P7180061.jpg,.jpg,Venomous,Russell's Viper,Venomous_Snake,200,361,RGB,20870,2ad3fc96e083ac019500fe91ad8c27a222777a8de8a8c17536e43daeeb9249a8,ff944329941f6c64,2ecc643c3c0b4bce,True,,,,True,TRAIN,False,NOT VERIFIED,DUPLICATE_REVIEW,near-duplicate candidate matching existing TRAIN image,JPEG,0.554017,,False
Venomous/Russell's Viper/Presentation1.jpg,Presentation1.jpg,.jpg,Venomous,Russell's Viper,Venomous_Snake,960,720,RGB,111694,fe97d8cb3212a06b8b96e61b813c6754e484cc551356f7e428e7e95edd181a43,a2ce89f3b4929699,4d43694d054dd19b,True,,,,True,TRAIN,False,NOT VERIFIED,DUPLICATE_REVIEW,near-duplicate candidate matching existing TRAIN image,JPEG,1.333333,,False
Venomous/Russell's Viper/RC1848W.jpg,RC1848W.jpg,.jpg,Venomous,Russell's Viper,Venomous_Snake,730,324,RGB,131141,50d31c0d681a5b34c32444f79c1077f9821470a07431bba20441e6e55e880c68,a4ef9c10c3fa3b05,f02607cbcf3eb7fd,True,,,,True,TRAIN,False,NOT VERIFIED,DUPLICATE_REVIEW,near-duplicate candidate matching existing TRAIN image,JPEG,2.253086,,False
Venomous/Russell's Viper/RUSFULL_.JPG,RUSFULL_.JPG,.jpg,Venomous,Russell's Viper,Venomous_Snake,1070,708,RGB,180245,07ac2c32dbf81e3c4c90fc0322c6e259754f63a1528f1f882875353ba4415d70,98e39e096fd2c09d,f1f0c8091292b838,True,,,,True,TRAIN,False,NOT VERIFIED,DUPLICATE_REVIEW,near-duplicate candidate matching existing TRAIN image,JPEG,1.511299,,False
Venomous/Russell's Viper/RUSHEAD1.JPG,RUSHEAD1.JPG,.jpg,Venomous,Russell's Viper,Venomous_Snake,1999,1296,RGB,304750,372fe9c0592e3ed2ff44b7e1a62c51841466cae9928a49d046249ca54f73a5c0,a05fdb246d89d2f0,f3efbcd68edcfec9,True,,,,True,TRAIN,False,NOT VERIFIED,DUPLICATE_REVIEW,near-duplicate candidate matching existing TRAIN image,JPEG,1.542438,,False
Venomous/Russell's Viper/Russel Viper 02.jpg,Russel Viper 02.jpg,.jpg,Venomous,Russell's Viper,Venomous_Snake,800,536,RGB,100923,e47f5894dc023fa0a30fa0696ec07ba2a2ce8cff66ca8c1c7ac30c4b51fd420e,d99b0fc5268b3839,f19399d110b2f291,True,,,,True,TRAIN,False,NOT VERIFIED,DUPLICATE_REVIEW,near-duplicate candidate matching existing TRAIN image,JPEG,1.492537,,False
Venomous/Russell's Viper/Russel Viper 03.JPG,Russel Viper 03.JPG,.jpg,Venomous,Russell's Viper,Venomous_Snake,1600,1088,RGB,196300,70dd27f00366b55e2b7384cd32da4c03946bf4d7e0ea3d2c6a6627049a38d24a,d1d5c5d43ee8441d,e2d8da9d38901265,True,,,,True,TRAIN,False,NOT VERIFIED,DUPLICATE_REVIEW,near-duplicate candidate matching existing TRAIN image,JPEG,1.470588,,False
Venomous/Russell's Viper/Russel Viper 04.jpg,Russel Viper 04.jpg,.jpg,Venomous,Russell's Viper,Venomous_Snake,425,284,RGB,20749,945d76735645db10e49a50eac28860a56c6b29be61cb04adf6e470b9dee39146,ea67959887c258a7,380f0d011331b968,True,,NEAR0005,NEAR0005,True,TRAIN,True,NOT VERIFIED,DUPLICATE_REVIEW,perceptual near-duplicate candidate within new dataset,JPEG,1.496479,,False
Venomous/Russell's Viper/Russel-Viper-Snake.jpg,Russel-Viper-Snake.jpg,.jpg,Venomous,Russell's Viper,Venomous_Snake,640,480,RGB,115546,82cca53ef4a01fbb2558b71085c3f5031ab168cb3d617ea07e9d329153efec45,909e6f152d136d66,32b9e514aab8c827,True,,,,True,TRAIN,False,NOT VERIFIED,DUPLICATE_REVIEW,near-duplicate candidate matching existing TRAIN image,JPEG,1.333333,,False
Venomous/Russell's Viper/Russel-Viper.jpg,Russel-Viper.jpg,.jpg,Venomous,Russell's Viper,Venomous_Snake,550,379,RGB,60618,f121d660b5beb7eca94619094e4e46e82a72a2396890c7f62351fd9346a5e8d9,f5ad8a46646a1bb1,e7361b261408c11b,True,,,,True,VALIDATION,False,NOT VERIFIED,DUPLICATE_REVIEW,near-duplicate candidate matching existing VALIDATION image,JPEG,1.451187,,False
Venomous/Russell's Viper/russel_viper.jpg,russel_viper.jpg,.jpg,Venomous,Russell's Viper,Venomous_Snake,900,600,RGB,293397,9e33d10c21ea472aeb09ddd6769914f57d21915b2e0150ac9d6bf2ce75eb051c,bdcbc22449d93cc6,f0483a1a463e5af8,True,,,,True,TRAIN,False,NOT VERIFIED,DUPLICATE_REVIEW,near-duplicate candidate matching existing TRAIN image,JPEG,1.5,,False
Venomous/Russell's Viper/Russell's viper 3.jpg,Russell's viper 3.jpg,.jpg,Venomous,Russell's Viper,Venomous_Snake,976,628,RGB,153763,963250978f4d51a259f427a134a10044213d5769f9d6910f1a6d46d14d1444a2,9db565c93a664c98,e3c6e6dcb97260e8,True,,,,True,TRAIN,False,NOT VERIFIED,DUPLICATE_REVIEW,near-duplicate candidate matching existing TRAIN image,JPEG,1.55414,,False
Venomous/Russell's Viper/russell's viper fangs.jpg,russell's viper fangs.jpg,.jpg,Venomous,Russell's Viper,Venomous_Snake,500,375,RGB,180963,26a93716bc4c143550826f68a9a0d52d8715efefba3caaf376fb8c2a84917345,86187993ce359b2d,789ae0e4e6d886f3,True,,,,True,TRAIN,False,NOT VERIFIED,DUPLICATE_REVIEW,near-duplicate candidate matching existing TRAIN image,JPEG,1.333333,,False
Venomous/Russell's Viper/Russell's viper scales.jpg,Russell's viper scales.jpg,.jpg,Venomous,Russell's Viper,Venomous_Snake,640,444,RGB,152845,b5b1efe39c43d31a40603a7e5c1bc726176bb29f0086c9ba1173480f393ee2fc,f7a2871b1869d863,9b0c0503080a4a30,True,,,,True,VALIDATION,False,NOT VERIFIED,DUPLICATE_REVIEW,near-duplicate candidate matching existing VALIDATION image,JPEG,1.441441,,False
Venomous/Russell's Viper/Russell's_Viper.JPG,Russell's_Viper.JPG,.jpg,Venomous,Russell's Viper,Venomous_Snake,5184,3456,RGB,8749130,383248854f9c7268629e458c19dc8fe7add8569c8ec2c87a9f1344672294e820,95b42ce93b6a8e32,f7eefcd9faf0e0f0,True,,,,True,TRAIN,False,NOT VERIFIED,DUPLICATE_REVIEW,near-duplicate candidate matching existing TRAIN image,JPEG,1.5,,False
Venomous/Russell's Viper/Russell's_Viper_(Daboia_russelli).JPG,Russell's_Viper_(Daboia_russelli).JPG,.jpg,Venomous,Russell's Viper,Venomous_Snake,3648,2736,RGB,2184876,bff4a06976f428550ff9bbd77c695f5bb3368e3662371ea03138e1bed4b77a66,d56b938469da6cd0,58d89551f4e4f4d0,True,,,,True,TRAIN,False,NOT VERIFIED,DUPLICATE_REVIEW,near-duplicate candidate matching existing TRAIN image,JPEG,1.333333,,False
Venomous/Russell's Viper/Russell's_Viper_-_Transportation_Box.JPG,Russell's_Viper_-_Transportation_Box.JPG,.jpg,Venomous,Russell's Viper,Venomous_Snake,3456,2304,RGB,1472323,08ee003272bede16c8c19df1239586955dfc95bcedc6319cfa3761515da66102,bf6bc037614531cc,2333333b2f3e74d4,True,,,,True,VALIDATION,False,NOT VERIFIED,DUPLICATE_REVIEW,near-duplicate candidate matching existing VALIDATION image,JPEG,1.5,,False
Venomous/Russell's Viper/russell-s-viper-male.jpg,russell-s-viper-male.jpg,.jpg,Venomous,Russell's Viper,Venomous_Snake,550,309,RGB,35811,3520126ecef10ce140b27232dfe9c4b84e172f8ed9995fffafe0b0fc2a9cc110,faa16ed8b18e3825,2d6bce5c9a31212f,True,,,,True,TRAIN,False,NOT VERIFIED,DUPLICATE_REVIEW,near-duplicate candidate matching existing TRAIN image,JPEG,1.779935,,False
Venomous/Russell's Viper/russell-s-viper-vipers-found-india-snakes-aggressive-if-disturbed-deliver-nasty-bite-snake-cause-more-47272234.jpg,russell-s-viper-vipers-found-india-snakes-aggressive-if-disturbed-deliver-nasty-bite-snake-cause-more-47272234.jpg,.jpg,Venomous,Russell's Viper,Venomous_Snake,1300,1065,RGB,185402,698c5ae219893a9acd98fd21f687f4504421d59135e3dcdda785a60633bca238,bf7ac0a583c0b4cb,8f3371397b17cef0,True,,,,True,TRAIN,False,NOT VERIFIED,DUPLICATE_REVIEW,near-duplicate candidate matching existing TRAIN image,JPEG,1.220657,,False
Venomous/Russell's Viper/russell-s-viper.jpg,russell-s-viper.jpg,.jpg,Venomous,Russell's Viper,Venomous_Snake,728,425,RGB,77276,cbf4928e5e2546fa05404532f4bf90c687ed26e9de7254f2ce9e9d2e01d6bc64,dd8d343a6e364a64,f4b2e25071198c36,True,,,,True,TRAIN,False,NOT VERIFIED,DUPLICATE_REVIEW,near-duplicate candidate matching existing TRAIN image,JPEG,1.712941,,False
Venomous/Russell's Viper/Russell-Viper-at-Kabini.jpg,Russell-Viper-at-Kabini.jpg,.jpg,Venomous,Russell's Viper,Venomous_Snake,800,600,RGB,549451,9df474cde6d373b2af2a40d083757c33ee6b22f48ecd20464cbeaad390ff9047,a02d94ca6fad7076,f8eb9657d5dda410,True,,,,True,TRAIN,False,NOT VERIFIED,DUPLICATE_REVIEW,near-duplicate candidate matching existing TRAIN image,JPEG,1.333333,,False
Venomous/Russell's Viper/russell-viper-daboia-russelii-vipera-russelii-creeping-over-a-dust-EBNPG7.jpg,russell-viper-daboia-russelii-vipera-russelii-creeping-over-a-dust-EBNPG7.jpg,.jpg,Venomous,Russell's Viper,Venomous_Snake,1300,956,RGB,282782,20147213611c17566e5b3dc3ffc39d63e5500f4bf57f30ffa11a0b64a38cfcd0,d1d869ad6db4548c,e2f1e00c73dcfa4b,True,,,,True,TRAIN,False,NOT VERIFIED,DUPLICATE_REVIEW,near-duplicate candidate matching existing TRAIN image,JPEG,1.359833,,False
Venomous/Russell's Viper/russell-viper-daboia-russelii-vipera-russelii-creeping-over-a-dust-EBNPGA.jpg,russell-viper-daboia-russelii-vipera-russelii-creeping-over-a-dust-EBNPGA.jpg,.jpg,Venomous,Russell's Viper,Venomous_Snake,1300,956,RGB,289881,27da6b064ca4b83435e1797672108a7e5d94dfabc30809085b703b2ebebbb426,e46b3bb1159c1b8c,1c030124c61e304b,True,,,,True,TRAIN,False,NOT VERIFIED,DUPLICATE_REVIEW,near-duplicate candidate matching existing TRAIN image,JPEG,1.359833,,False
Venomous/Russell's Viper/russell-viper-daboia-russelii-vipera-russelii-creeping-over-a-street-EBNPG5.jpg,russell-viper-daboia-russelii-vipera-russelii-creeping-over-a-street-EBNPG5.jpg,.jpg,Venomous,Russell's Viper,Venomous_Snake,1300,956,RGB,252385,e9a720a996c586791dbd9501f71d9f677a5e05ca0b75266eb144fd72f1255b71,c6cc49b126cc7b9a,c3c080e66c1cd04b,True,,,,True,TRAIN,False,NOT VERIFIED,DUPLICATE_REVIEW,near-duplicate candidate matching existing TRAIN image,JPEG,1.359833,,False
Venomous/Russell's Viper/russell-viper-daboia-russelii-vipera-russelii-portrait-sri-lanka-yala-ebnpg9.jpg,russell-viper-daboia-russelii-vipera-russelii-portrait-sri-lanka-yala-ebnpg9.jpg,.jpg,Venomous,Russell's Viper,Venomous_Snake,347,540,RGB,101436,23fbfa256bc434449d0456a5aa697ff8d436feb1a3ca3be54c97283f0ec45e57,f45b4b26f91826c6,1900061e0f2fb886,True,,,,True,TRAIN,False,NOT VERIFIED,DUPLICATE_REVIEW,near-duplicate candidate matching existing TRAIN image,JPEG,0.642593,,False
Venomous/Russell's Viper/Russell-Viper-Vipera-Russellii.jpg,Russell-Viper-Vipera-Russellii.jpg,.jpg,Venomous,Russell's Viper,Venomous_Snake,500,344,RGB,29477,3d1e50096fc9b42fb46d8f2272e2b7c95b5d0bd20095060b142f3cf7344206b4,e8eac59546ce98d8,c78b13030718f090,True,,,,True,TRAIN,False,NOT VERIFIED,DUPLICATE_REVIEW,near-duplicate candidate matching existing TRAIN image,JPEG,1.453488,,False
Venomous/Russell's Viper/RUSSELL_VIPER.JPG,RUSSELL_VIPER.JPG,.jpg,Venomous,Russell's Viper,Venomous_Snake,2592,1944,RGB,1977436,ac89969ee2743dbb484562cb68bcf130b106f5313ffc6e5571410e12283e3dca,bd059ea29b7a9183,fef6d233cf9f2b39,True,,,,True,TRAIN,False,NOT VERIFIED,DUPLICATE_REVIEW,near-duplicate candidate matching existing TRAIN image,JPEG,1.333333,,False
Venomous/Russell's Viper/russells viper.jpg,russells viper.jpg,.jpg,Venomous,Russell's Viper,Venomous_Snake,1024,689,RGB,182422,bac5f0fd72de6cec058c4f57173b4bb73a454bf4d09902b3ea2ca37637342df7,bbdad4a9c025476a,b6395d99995b3e9c,True,,,,True,TRAIN,False,NOT VERIFIED,DUPLICATE_REVIEW,near-duplicate candidate matching existing TRAIN image,JPEG,1.486212,,False
Venomous/Russell's Viper/RUSSELLS VIPER2.jpg,RUSSELLS VIPER2.jpg,.jpg,Venomous,Russell's Viper,Venomous_Snake,1024,677,RGB,191637,80539702709b8aa4d5e086a51f410bade7a3a3438f5abc68ce9e13accec13af1,e99abd86d099c60b,3e17c39ae5642302,True,,,,True,TRAIN,False,NOT VERIFIED,DUPLICATE_REVIEW,near-duplicate candidate matching existing TRAIN image,JPEG,1.512555,,False
Venomous/Russell's Viper/Russells+viper++(MCBT+07)+copy.jpg,Russells+viper++(MCBT+07)+copy.jpg,.jpg,Venomous,Russell's Viper,Venomous_Snake,400,331,RGB,33219,5a4939474b4d91ce5d48ad8e6ebb46438613c67bf1d01f9ad44802375219b139,903d97838787938f,feb69eb6e59df4e4,True,,,,True,VALIDATION,False,NOT VERIFIED,DUPLICATE_REVIEW,near-duplicate candidate matching existing VALIDATION image,JPEG,1.208459,,False
Venomous/Russell's Viper/Russells-viper-01.jpg,Russells-viper-01.jpg,.jpg,Venomous,Russell's Viper,Venomous_Snake,488,389,RGB,59840,452517430afb3369551dc3cb15886e1ffe3692babe863b1122e05fe617974dbb,ffcb8a9da9d08230,71412d2a0b551d4f,True,,,,True,TRAIN,False,NOT VERIFIED,DUPLICATE_REVIEW,near-duplicate candidate matching existing TRAIN image,JPEG,1.254499,,False
Venomous/Russell's Viper/Russells-viper-02.jpg,Russells-viper-02.jpg,.jpg,Venomous,Russell's Viper,Venomous_Snake,380,312,RGB,61085,9fd9855b6558535494026296e79d25da88a4ac804d752ec959cdf847fb790a2e,ff92b4c1c42d9235,5f1d1d23074d2365,True,,,,True,TRAIN,False,NOT VERIFIED,DUPLICATE_REVIEW,near-duplicate candidate matching existing TRAIN image,JPEG,1.217949,,False
Venomous/Russell's Viper/Russells-Viper-1-300x400.jpg,Russells-Viper-1-300x400.jpg,.jpg,Venomous,Russell's Viper,Venomous_Snake,300,400,RGB,29559,b43fd3f26441c875c45a3b06f493b3c70fb62a65a56fb5600e9195e76f93c0b6,a995400f7f3e7838,4ac29c2653579783,True,,,,True,TRAIN,False,NOT VERIFIED,DUPLICATE_REVIEW,near-duplicate candidate matching existing TRAIN image,JPEG,0.75,,False
Venomous/Russell's Viper/Russells-Viper-3-400x359.jpg,Russells-Viper-3-400x359.jpg,.jpg,Venomous,Russell's Viper,Venomous_Snake,400,359,RGB,35682,d3f53051ad299950b61316da859ee115116071d6f1e3e86f23017882eb77752c,eada156a956a911d,91151141030307f6,True,,,,True,VALIDATION,False,NOT VERIFIED,DUPLICATE_REVIEW,near-duplicate candidate matching existing VALIDATION image,JPEG,1.114206,,False
Venomous/Russell's Viper/Russells-viper-camouflaged-against-ground.jpg,Russells-viper-camouflaged-against-ground.jpg,.jpg,Venomous,Russell's Viper,Venomous_Snake,650,427,RGB,105282,7ae2cdfb43eb1370662a74c5c6951aca78129078729c2bfa592a0795359eed36,d7d6f1dc88c88463,1c5ccc70e4b40edb,True,,,,True,TRAIN,False,NOT VERIFIED,DUPLICATE_REVIEW,near-duplicate candidate matching existing TRAIN image,JPEG,1.522248,,False
Venomous/Russell's Viper/Russells-viper-coiled.jpg,Russells-viper-coiled.jpg,.jpg,Venomous,Russell's Viper,Venomous_Snake,367,520,RGB,82355,69493a808e16090e08c2ef14dfb6968c4424b8235fd635489b37656a8c6a1f8c,f06d847f89e025c7,834582981a0a84e1,True,,,,True,TRAIN,False,NOT VERIFIED,DUPLICATE_REVIEW,near-duplicate candidate matching existing TRAIN image,JPEG,0.705769,,False
Venomous/Russell's Viper/russells-viper-coiled_orig.jpg,russells-viper-coiled_orig.jpg,.jpg,Venomous,Russell's Viper,Venomous_Snake,255,258,RGB,13875,729300c4b8d5ad20a0393b428331b4ab41d162a54f43a7cafc108f0c88c92b81,b070cb2bc26ddb61,93bc32ae9d551664,True,,,,True,TRAIN,False,NOT VERIFIED,DUPLICATE_REVIEW,near-duplicate candidate matching existing TRAIN image,JPEG,0.988372,,False
Venomous/Russell's Viper/russells-viper-daboia-russelii-aarey-milk-colony-india-russells-viper-J21DGH.jpg,russells-viper-daboia-russelii-aarey-milk-colony-india-russells-viper-J21DGH.jpg,.jpg,Venomous,Russell's Viper,Venomous_Snake,1300,956,RGB,202695,f632694119063777e2774b0443131bae2f0806420b99592bf1c84ce37544d353,93986e976d987780,307a9cb2ca483543,True,,,,True,TRAIN,False,NOT VERIFIED,DUPLICATE_REVIEW,near-duplicate candidate matching existing TRAIN image,JPEG,1.359833,,False
Venomous/Russell's Viper/russells-viper-daboia-russelii-bangalore-karnataka-monotypicgenus-hnwt08.jpg,russells-viper-daboia-russelii-bangalore-karnataka-monotypicgenus-hnwt08.jpg,.jpg,Venomous,Russell's Viper,Venomous_Snake,450,320,RGB,40604,5946e2643834223e170384f9930109cc92a8877f45fc16ff4834eed10a044903,bb1fa53892e0cbc1,1c2f6b69193b07d6,True,,,,True,TRAIN,False,NOT VERIFIED,DUPLICATE_REVIEW,near-duplicate candidate matching existing TRAIN image,JPEG,1.40625,,False
Venomous/Russell's Viper/russells-viper-daboia-russelii-bangalore-karnataka-monotypicgenus-HNWT38.jpg,russells-viper-daboia-russelii-bangalore-karnataka-monotypicgenus-HNWT38.jpg,.jpg,Venomous,Russell's Viper,Venomous_Snake,1300,956,RGB,311514,508e8ccca01302e04d7d4b8d7e1e0f5d5c528b8126387378794e6b445dd57883,ecbfc0c1379a3690,4333352456c6b189,True,,,,True,TRAIN,False,NOT VERIFIED,DUPLICATE_REVIEW,near-duplicate candidate matching existing TRAIN image,JPEG,1.359833,,False
Venomous/Russell's Viper/russells-viper-daboia-russelii-bangalore-karnataka-monotypicgenus-hnwt38_001.jpg,russells-viper-daboia-russelii-bangalore-karnataka-monotypicgenus-hnwt38_001.jpg,.jpg,Venomous,Russell's Viper,Venomous_Snake,450,320,RGB,53639,956e178c6fcbfe4d9928cd47e0e1524a5eaf3e6b1a08f1a3b430b5cc21f92a3a,ec3fc045974a3659,4b3335245686e195,True,,,,True,TRAIN,False,NOT VERIFIED,DUPLICATE_REVIEW,near-duplicate candidate matching existing TRAIN image,JPEG,1.40625,,False
Venomous/Russell's Viper/russells-viper-daboia-russelii-bangalore-karnataka-monotypicgenus-HNWT3J.jpg,russells-viper-daboia-russelii-bangalore-karnataka-monotypicgenus-HNWT3J.jpg,.jpg,Venomous,Russell's Viper,Venomous_Snake,1300,956,RGB,236587,a16584c7dbbef5e469ef29aa7ff54f4f55aea4e20ceac46ae57b316ab6ce9406,d1787bb42cd0349b,94c2d884765cd143,True,,,,True,TRAIN,False,NOT VERIFIED,DUPLICATE_REVIEW,near-duplicate candidate matching existing TRAIN image,JPEG,1.359833,,False
Venomous/Russell's Viper/russells-viper-daboia-russelii-bangalore-karnataka-monotypicgenus-hnww88.jpg,russells-viper-daboia-russelii-bangalore-karnataka-monotypicgenus-hnww88.jpg,.jpg,Venomous,Russell's Viper,Venomous_Snake,450,320,RGB,26539,1e4fae35fb0ba639114cf0ed8335cba690fe8d38846178fabe68724a7f1482f6,d868a116dc2fe713,a09000b0f8e8dad6,True,,,,True,TRAIN,False,NOT VERIFIED,DUPLICATE_REVIEW,near-duplicate candidate matching existing TRAIN image,JPEG,1.40625,,False
Venomous/Russell's Viper/russells-viper-daboia-russelii-bangalore-karnataka-monotypicgenus-HNWW8K.jpg,russells-viper-daboia-russelii-bangalore-karnataka-monotypicgenus-HNWW8K.jpg,.jpg,Venomous,Russell's Viper,Venomous_Snake,1300,956,RGB,273370,e4c10566e154da3378ea8ea129e58a0116bf2da5eae9d8bbd1f89763c76aeb09,ffa42b3825c63493,071b3c6614384141,True,,,,True,TRAIN,False,NOT VERIFIED,DUPLICATE_REVIEW,near-duplicate candidate matching existing TRAIN image,JPEG,1.359833,,False
Venomous/Russell's Viper/russells-viper-daboia-russelii-common-aarey-milk-colony-mumbai-india-e45w18.jpg,russells-viper-daboia-russelii-common-aarey-milk-colony-mumbai-india-e45w18.jpg,.jpg,Venomous,Russell's Viper,Venomous_Snake,640,447,RGB,82129,750b6f96778a2fdd1b56171721152f860d9bd493e5fbd82e1a42a70973963a26,af0d9b10eb4d8966,7b7a6243ae546d4c,True,,,,True,TRAIN,False,NOT VERIFIED,DUPLICATE_REVIEW,near-duplicate candidate matching existing TRAIN image,JPEG,1.431767,,False
Venomous/Russell's Viper/russells-viper-daboia-russelii-siamensis-queen-saovabha-snake-farm-head.jpg,russells-viper-daboia-russelii-siamensis-queen-saovabha-snake-farm-head.jpg,.jpg,Venomous,Russell's Viper,Venomous_Snake,640,427,RGB,61012,fef5747ee9f800596e64895fc761220b0553aa02bafae79fdfe365d8fdde854c,f4d0c3467e39a15a,80609a1e2c8e7364,True,,,,True,TRAIN,False,NOT VERIFIED,DUPLICATE_REVIEW,near-duplicate candidate matching existing TRAIN image,JPEG,1.498829,,False
Venomous/Russell's Viper/russells-viper-daboia-russelii-siamensis-queen-saovabha-snake-farm-up.jpg,russells-viper-daboia-russelii-siamensis-queen-saovabha-snake-farm-up.jpg,.jpg,Venomous,Russell's Viper,Venomous_Snake,640,428,RGB,59344,6932767c5d95bfddd3061600553f63182e4512eed6ea3bfa18b5a62447741a95,d0d59f207c4f83ac,9a9ad224aecf6339,True,,,,True,TRAIN,False,NOT VERIFIED,DUPLICATE_REVIEW,near-duplicate candidate matching existing TRAIN image,JPEG,1.495327,,False
Venomous/Russell's Viper/russells-viper-daboia-russelii-sri-lanka-hnb7ah.jpg,russells-viper-daboia-russelii-sri-lanka-hnb7ah.jpg,.jpg,Venomous,Russell's Viper,Venomous_Snake,640,447,RGB,60272,98844493895cc5469a8ed19d5b0c81e5e11bb1a6fd6828038ac2a39c54e8fed2,e6c69919a436b34e,aee3e726669c100c,True,,,,True,TRAIN,False,NOT VERIFIED,DUPLICATE_REVIEW,near-duplicate candidate matching existing TRAIN image,JPEG,1.431767,,False
Venomous/Russell's Viper/russells-viper-daboia-russelii.jpg,russells-viper-daboia-russelii.jpg,.jpg,Venomous,Russell's Viper,Venomous_Snake,600,390,RGB,77685,c4302ded45d08c310b55cad06d781ccff018d515bcdd1573c78753f2c9863d33,b891a3ce9d4a9563,db9e1ab335a40d3c,True,,,,True,TRAIN,False,NOT VERIFIED,DUPLICATE_REVIEW,near-duplicate candidate matching existing TRAIN image,JPEG,1.538462,,False
Venomous/Russell's Viper/russells-viper-daboia-russelli-ncbs-bangalore-india-FAJAD9.jpg,russells-viper-daboia-russelli-ncbs-bangalore-india-FAJAD9.jpg,.jpg,Venomous,Russell's Viper,Venomous_Snake,1300,956,RGB,251105,1218ca78f55a6432035dbc993148ed768c3798d790cc465f1896a292f8aa5677,8c7577ad658491b1,0637b8e426f3e445,True,,,,True,TRAIN,False,NOT VERIFIED,DUPLICATE_REVIEW,near-duplicate candidate matching existing TRAIN image,JPEG,1.359833,,False
Venomous/Russell's Viper/russells-viper-daboia-russelli-ncbs-bangalore-india-fajada.jpg,russells-viper-daboia-russelli-ncbs-bangalore-india-fajada.jpg,.jpg,Venomous,Russell's Viper,Venomous_Snake,640,447,RGB,223443,392be1aea050b81db2041b8f7bece8de7db7e8545fec2a15383c55406525baa8,ad44811fbe38f44d,f7c3862d733e3f75,True,,,,True,TRAIN,False,NOT VERIFIED,DUPLICATE_REVIEW,near-duplicate candidate matching existing TRAIN image,JPEG,1.431767,,False
Venomous/Russell's Viper/russells-viper-daboia-russelli-ncbs-bangalore-india-fajadc.jpg,russells-viper-daboia-russelli-ncbs-bangalore-india-fajadc.jpg,.jpg,Venomous,Russell's Viper,Venomous_Snake,300,470,RGB,74724,36cd46778a0240f876462f6b4a48b2fe9ee38c81716e563e9e0ee81bc9196f74,9527990ab44deb36,ac5e4ba62ca9f28a,True,,,,True,TRAIN,False,NOT VERIFIED,DUPLICATE_REVIEW,near-duplicate candidate matching existing TRAIN image,JPEG,0.638298,,False
Venomous/Russell's Viper/russells-viper-daboia-vipera-russellii-native-to-pakistan-india-A7YEWH.jpg,russells-viper-daboia-vipera-russellii-native-to-pakistan-india-A7YEWH.jpg,.jpg,Venomous,Russell's Viper,Venomous_Snake,1300,941,RGB,325706,ae2eefe78b31d77d54ea6facecf88de150100a120b231461644dcaa2ca2eee2d,b77544c543935e8c,5a063d596b3f1f4b,True,,,,True,TRAIN,False,NOT VERIFIED,DUPLICATE_REVIEW,near-duplicate candidate matching existing TRAIN image,JPEG,1.381509,,False
Venomous/Russell's Viper/Russells-viper-head-front-view.jpg,Russells-viper-head-front-view.jpg,.jpg,Venomous,Russell's Viper,Venomous_Snake,650,422,RGB,72458,dcc0de7ffc003c11e9468a5d5cc3b9c20faa70c770c22108b22d35965c334041,b5e7e08763d0a4e1,cd57363c5e2e9a9e,True,,,,True,TRAIN,False,NOT VERIFIED,DUPLICATE_REVIEW,near-duplicate candidate matching existing TRAIN image,JPEG,1.540284,,False
Venomous/Russell's Viper/Russells-viper-head-inbetween-body.jpg,Russells-viper-head-inbetween-body.jpg,.jpg,Venomous,Russell's Viper,Venomous_Snake,650,429,RGB,70784,81e708467f855c9402adc23d3a85582303fd7e5e199236c4c1ed9a6521700491,d24b6072fc38ea0f,0cd851d46c8d8c86,True,,,,True,TRAIN,False,NOT VERIFIED,DUPLICATE_REVIEW,near-duplicate candidate matching existing TRAIN image,JPEG,1.515152,,False
Venomous/Russell's Viper/Russells-viper-head-side-view.jpg,Russells-viper-head-side-view.jpg,.jpg,Venomous,Russell's Viper,Venomous_Snake,650,418,RGB,78204,13df334df80e5da573f20161a44e621a281e58d6829294ef923344bd1ac7edbf,e738d6633c601b78,1ae033864dcdcd68,True,,,,True,TRAIN,False,NOT VERIFIED,DUPLICATE_REVIEW,near-duplicate candidate matching existing TRAIN image,JPEG,1.555024,,False
Venomous/Russell's Viper/Russells-viper-head.jpg,Russells-viper-head.jpg,.jpg,Venomous,Russell's Viper,Venomous_Snake,650,428,RGB,79200,5999f7703d59b510df5233b04bb74b8dd8d1b1b6f59eb10705dc52562983de60,aa9cc5c32bd2e531,e27437390dcae061,True,,,,True,TRAIN,False,NOT VERIFIED,DUPLICATE_REVIEW,near-duplicate candidate matching existing TRAIN image,JPEG,1.518692,,False
Venomous/Russell's Viper/Russells-viper-head_001.jpg,Russells-viper-head_001.jpg,.jpg,Venomous,Russell's Viper,Venomous_Snake,170,147,RGB,24808,80e8166e656e9b34f6096251df26f69e3617d5b049b89c532d0f803295da3579,ca9c4543733a752d,f8e0373909c8e1c3,True,,,,True,TRAIN,False,NOT VERIFIED,DUPLICATE_REVIEW,near-duplicate candidate matching existing TRAIN image,JPEG,1.156463,,False
Venomous/Russell's Viper/Russells-viper-in-habitat.jpg,Russells-viper-in-habitat.jpg,.jpg,Venomous,Russell's Viper,Venomous_Snake,650,443,RGB,66724,1372b5088f21607d403e99fa908b79eba91596417937837247d93330f31e3565,87c964bdca0facc4,67d2c079f82a6ca4,True,,,,True,TRAIN,False,NOT VERIFIED,DUPLICATE_REVIEW,near-duplicate candidate matching existing TRAIN image,JPEG,1.467269,,False
Venomous/Russell's Viper/Russells-Viper-Kabini.jpg,Russells-Viper-Kabini.jpg,.jpg,Venomous,Russell's Viper,Venomous_Snake,800,600,RGB,489258,e1d36ee2f2bd361c8715ac6c74c2e8c52fc76d70ff17c5941a83d42727254b5f,a742ad42bc69e07d,856cdeed54cc5696,True,,,,True,TRAIN,False,NOT VERIFIED,DUPLICATE_REVIEW,near-duplicate candidate matching existing TRAIN image,JPEG,1.333333,,False
Venomous/Russell's Viper/russells-viper-large.jpg,russells-viper-large.jpg,.jpg,Venomous,Russell's Viper,Venomous_Snake,490,432,RGB,120322,ff16bedac4f246ecc42f0602ea8e3640bc25dce1d435430915a864e8ce9a2bf9,ca7e8ca09b9ce507,b3656410c997b26b,True,,,,True,TRAIN,False,NOT VERIFIED,DUPLICATE_REVIEW,near-duplicate candidate matching existing TRAIN image,JPEG,1.134259,,False
Venomous/Russell's Viper/Russells-viper-portrait.jpg,Russells-viper-portrait.jpg,.jpg,Venomous,Russell's Viper,Venomous_Snake,650,411,RGB,101775,53fcb902cab118386977c111efca3d44316c6bfdbfea1fadfdb0a4997c15d092,dce1221ecd79a6c1,05c49632706539d6,True,,,,True,TRAIN,False,NOT VERIFIED,DUPLICATE_REVIEW,near-duplicate candidate matching existing TRAIN image,JPEG,1.581509,,False
Venomous/Russell's Viper/russells-viper-russells-viper-russell-viper-poisonous-snake-on-white-DH1NH9.jpg,russells-viper-russells-viper-russell-viper-poisonous-snake-on-white-DH1NH9.jpg,.jpg,Venomous,Russell's Viper,Venomous_Snake,1300,956,RGB,96167,f438c23a12847e99dc48fa47ef1e999d64a3f1fa3c053d1a9b67a3f8f0e24909,e2a89d9773a86ca1,e0d6272fcee4d24b,True,,,,True,TRAIN,False,NOT VERIFIED,DUPLICATE_REVIEW,near-duplicate candidate matching existing TRAIN image,JPEG,1.359833,,False
Venomous/Russell's Viper/Russells-Viper-Snake.jpg,Russells-Viper-Snake.jpg,.jpg,Venomous,Russell's Viper,Venomous_Snake,500,337,RGB,61496,cac7a0e257cb05862595b2311ff6b4ecfd28a41f279c50e4be23ef1323a0e696,81f5ce1862c2df36,968e269b9bf0e1d1,True,,,,True,TRAIN,False,NOT VERIFIED,DUPLICATE_REVIEW,near-duplicate candidate matching existing TRAIN image,JPEG,1.48368,,False
Venomous/Russell's Viper/russells-viper-vipera-russellii-dewt5x.jpg,russells-viper-vipera-russellii-dewt5x.jpg,.jpg,Venomous,Russell's Viper,Venomous_Snake,640,445,RGB,135348,8c61f1f8a8230002a525695e513d75b4156c0f731c1a1d8644d842d6e92e7c80,f049843cf3093f1f,948924890caf9585,True,,,,True,TRAIN,False,NOT VERIFIED,DUPLICATE_REVIEW,near-duplicate candidate matching existing TRAIN image,JPEG,1.438202,,False
Venomous/Russell's Viper/Russells-viper-with-tongue-extended.jpg,Russells-viper-with-tongue-extended.jpg,.jpg,Venomous,Russell's Viper,Venomous_Snake,650,430,RGB,63140,0b09d0321dedda5165040b05e52367371c734a8645b3614564354779f0b36024,d5ea096975906b36,9a692c140412b492,True,,,,True,TRAIN,False,NOT VERIFIED,DUPLICATE_REVIEW,near-duplicate candidate matching existing TRAIN image,JPEG,1.511628,,False
Venomous/Russell's Viper/Russells-viper.jpg,Russells-viper.jpg,.jpg,Venomous,Russell's Viper,Venomous_Snake,650,436,RGB,99312,44f34487936e27695d8f94cfef4d5e388fe3fade933430057a3abba85b8df928,a9ebc65c9b1948f0,6146971b3bb71e4c,True,,,,True,VALIDATION,False,NOT VERIFIED,DUPLICATE_REVIEW,near-duplicate candidate matching existing VALIDATION image,JPEG,1.490826,,False
Venomous/Russell's Viper/Russells-Viper21.jpg,Russells-Viper21.jpg,.jpg,Venomous,Russell's Viper,Venomous_Snake,600,350,RGB,195377,132d75c5a64eb1208d5d8a4831265fde64f359afe0828cf31a5c10e15bd90694,ed5883c635866cc7,ce1b351652256e1e,True,,,,True,TRAIN,False,NOT VERIFIED,DUPLICATE_REVIEW,near-duplicate candidate matching existing TRAIN image,JPEG,1.714286,,False
Venomous/Russell's Viper/Russells-viper_001.jpg,Russells-viper_001.jpg,.jpg,Venomous,Russell's Viper,Venomous_Snake,650,430,RGB,124561,faf0a9d8ba2b364287ef77e5b312a7d41aacd82810773cef223fcde916c8c276,8978e46939f4c732,933068b8b9f2d6ce,True,,,,True,TRAIN,False,NOT VERIFIED,DUPLICATE_REVIEW,near-duplicate candidate matching existing TRAIN image,JPEG,1.511628,,False
Venomous/Russell's Viper/russells-viper_002.jpg,russells-viper_002.jpg,.jpg,Venomous,Russell's Viper,Venomous_Snake,400,266,RGB,32948,c826cb879dd2bfd568b0831faaf752862b13750b016d5eafb0fab0e442da3833,c4496ea91362afab,cbb0e088de068ce6,True,,,,True,TRAIN,False,NOT VERIFIED,DUPLICATE_REVIEW,near-duplicate candidate matching existing TRAIN image,JPEG,1.503759,,False
Venomous/Russell's Viper/Russells-viper_005.jpg,Russells-viper_005.jpg,.jpg,Venomous,Russell's Viper,Venomous_Snake,588,389,RGB,34731,e2f2b3afb78eda3280d7ad3d2399257ef3a319cc0008b32556906abfccf80608,932d25db4d52daa4,166e1df0f1298c36,True,,,,True,VALIDATION,False,NOT VERIFIED,DUPLICATE_REVIEW,near-duplicate candidate matching existing VALIDATION image,JPEG,1.511568,,False
Venomous/Russell's Viper/russells-viper_006.jpg,russells-viper_006.jpg,.jpg,Venomous,Russell's Viper,Venomous_Snake,320,240,RGB,52190,a7f515ae0856d664bce0a303beaf0c8121f1ae8f170bb0b42172b8b81d12bd38,99666e4471a33aa7,e5e6f99ad4b46a1b,True,,,,True,TRAIN,False,NOT VERIFIED,DUPLICATE_REVIEW,near-duplicate candidate matching existing TRAIN image,JPEG,1.333333,,False
Venomous/Russell's Viper/Russells-Viper_007.jpg,Russells-Viper_007.jpg,.jpg,Venomous,Russell's Viper,Venomous_Snake,650,488,RGB,128487,a58ffce2e339eaa4cb1c1c1d9c20806f820259efd588b7c232c0fa27e22e2add,f48a45c4aac5ab76,e72e1ea5a58e4614,True,,,,True,TRAIN,False,NOT VERIFIED,DUPLICATE_REVIEW,near-duplicate candidate matching existing TRAIN image,JPEG,1.331967,,False
Venomous/Russell's Viper/russells_viper1l.jpg,russells_viper1l.jpg,.jpg,Venomous,Russell's Viper,Venomous_Snake,600,400,RGB,34567,6230cd3ecf7e3f65d3d250dd2631549a312d07fd7839743029da4602b2fb412e,d02b3ed0696e9539,601978d0d2bcac40,True,,,,True,TRAIN,False,NOT VERIFIED,DUPLICATE_REVIEW,near-duplicate candidate matching existing TRAIN image,JPEG,1.5,,False
Venomous/Russell's Viper/russells_viper_001.jpg,russells_viper_001.jpg,.jpg,Venomous,Russell's Viper,Venomous_Snake,600,449,RGB,281775,5e628cc72bf0f7db9e9070ee4ce733a5697e5a3c8b81778eba8b6e21a8fa016c,8ed0e55a2e5764b4,2bd8a62931e17447,True,,,,True,VALIDATION,False,NOT VERIFIED,DUPLICATE_REVIEW,near-duplicate candidate matching existing VALIDATION image,JPEG,1.336303,,False
Venomous/Russell's Viper/russells_viper_dead_on_road4lr11_09.jpg,russells_viper_dead_on_road4lr11_09.jpg,.jpg,Venomous,Russell's Viper,Venomous_Snake,504,742,RGB,546009,adf9c55290a294b8fc1eb1ddec58543537ccfffeb83b84cf033c99727408ded9,d41d3d2919696bc9,32246890f868c5f8,True,,,,True,TRAIN,False,NOT VERIFIED,DUPLICATE_REVIEW,near-duplicate candidate matching existing TRAIN image,JPEG,0.679245,,False
Venomous/Russell's Viper/russellsviper.jpg,russellsviper.jpg,.jpg,Venomous,Russell's Viper,Venomous_Snake,432,284,RGB,44374,b5a5e52226cdeee59207d7e509e6b77437e0e5ae6ab6aa8ea2e074b94986e521,a51572b0e3cb8f4a,8c3466c2c7362599,True,,,,True,VALIDATION,False,NOT VERIFIED,DUPLICATE_REVIEW,near-duplicate candidate matching existing VALIDATION image,JPEG,1.521127,,False
Venomous/Russell's Viper/russellsviper_001.jpg,russellsviper_001.jpg,.jpg,Venomous,Russell's Viper,Venomous_Snake,640,448,RGB,77877,19863a3e987adc56659d0862d7fdd4e51f6713572eabf5a049707f7233cbc3c7,f7fbf6941888ac02,08482b12c862a604,True,,,,True,TRAIN,False,NOT VERIFIED,DUPLICATE_REVIEW,near-duplicate candidate matching existing TRAIN image,JPEG,1.428571,,False
Venomous/Russell's Viper/russellsviper_002.jpg,russellsviper_002.jpg,.jpg,Venomous,Russell's Viper,Venomous_Snake,620,465,RGB,121847,8588443c97fbefb7f911f2a04006436c35ffb2e58cf4ce1cb7f7fca5e3e9bb27,c38363309b4d53cf,d9c5e8fa3b9e07d1,True,,,,True,TRAIN,False,NOT VERIFIED,DUPLICATE_REVIEW,near-duplicate candidate matching existing TRAIN image,JPEG,1.333333,,False
Venomous/Russell's Viper/russellsviper_003.jpg,russellsviper_003.jpg,.jpg,Venomous,Russell's Viper,Venomous_Snake,1000,750,RGB,464723,64555bfeb57638062a0e0ae189081b8a697fea4db1c2fcd1d41aa49d6b020651,d895373c0b1cf84b,7ed290b08b2f146d,True,,,,True,TRAIN,False,NOT VERIFIED,DUPLICATE_REVIEW,near-duplicate candidate matching existing TRAIN image,JPEG,1.333333,,False
Venomous/Russell's Viper/russellsviper_004.jpg,russellsviper_004.jpg,.jpg,Venomous,Russell's Viper,Venomous_Snake,621,463,RGB,97392,23ec8db5d8215d01345b0dd4127d0ca0af2b8c24cef56fbe49edb19fac5dea80,bf35d246c1da24e1,0e0f373b4b253109,True,,,,True,VALIDATION,False,NOT VERIFIED,DUPLICATE_REVIEW,near-duplicate candidate matching existing VALIDATION image,JPEG,1.341253,,False
Venomous/Russell's Viper/russellsviper_005.JPG,russellsviper_005.JPG,.jpg,Venomous,Russell's Viper,Venomous_Snake,427,387,RGB,80787,8690d4f2f7f5da271a41ea5f3e976328918ad01f738ce559464a33796495e796,ed56f219863acae0,6106046466731bc7,True,,,,True,TRAIN,False,NOT VERIFIED,DUPLICATE_REVIEW,near-duplicate candidate matching existing TRAIN image,JPEG,1.103359,,False
Venomous/Russell's Viper/Russellsviper_006.jpg,Russellsviper_006.jpg,.jpg,Venomous,Russell's Viper,Venomous_Snake,400,300,RGB,94384,fb085776c31344d52a620061c34a63ef7b1716511267942e2e9aa0e4a0d5d558,8ec3c1324df3b0cd,c8e9ec64752d0ad2,True,,,,True,TRAIN,False,NOT VERIFIED,DUPLICATE_REVIEW,near-duplicate candidate matching existing TRAIN image,JPEG,1.333333,,False
Venomous/Russell's Viper/russellsviperdefensive.jpg,russellsviperdefensive.jpg,.jpg,Venomous,Russell's Viper,Venomous_Snake,432,290,RGB,52422,4800449bcc531c48c3d9601e21f4e5a9dcac854c9926a529515d3ff609873623,f583c48bf05c323d,d0ce0e0e1f0b260c,True,,,,True,TRAIN,False,NOT VERIFIED,DUPLICATE_REVIEW,near-duplicate candidate matching existing TRAIN image,JPEG,1.489655,,False
Venomous/Russell's Viper/russels-viper-daboia-russelii-venomous-common-near-tamhini-maharashtra-by10dg.jpg,russels-viper-daboia-russelii-venomous-common-near-tamhini-maharashtra-by10dg.jpg,.jpg,Venomous,Russell's Viper,Venomous_Snake,640,446,RGB,123395,8a9c4a7781dfb1111d44077d49e3370f18e147211661cbd6efa5cbf49928586d,88399552b65ee14f,b4b2f3b1d5f1e0c4,True,,,,True,VALIDATION,False,NOT VERIFIED,DUPLICATE_REVIEW,near-duplicate candidate matching existing VALIDATION image,JPEG,1.434978,,False
Venomous/Russell's Viper/Russels-viper-Mike-Lyssarides-permissioned.jpg,Russels-viper-Mike-Lyssarides-permissioned.jpg,.jpg,Venomous,Russell's Viper,Venomous_Snake,800,451,RGB,137911,54dce17743663895383e5097e3d78840c7b845c4c41a78d52c18c9c972934e6b,ccb38d5c7009ef34,32a4438bac7272f0,True,,,,True,TRAIN,False,NOT VERIFIED,DUPLICATE_REVIEW,near-duplicate candidate matching existing TRAIN image,JPEG,1.773836,,False
Venomous/Russell's Viper/Russels-viper-Mike-Lyssarides.jpg,Russels-viper-Mike-Lyssarides.jpg,.jpg,Venomous,Russell's Viper,Venomous_Snake,600,463,RGB,164638,876a21c920af2706a1659473a146349fada5a58742c2eb29bd322ecfedf19670,801f1f5e3d783869,78f0f0baf2d4e878,True,,,,True,TRAIN,False,NOT VERIFIED,DUPLICATE_REVIEW,near-duplicate candidate matching existing TRAIN image,JPEG,1.295896,,False
Venomous/Russell's Viper/russels-viper.jpg,russels-viper.jpg,.jpg,Venomous,Russell's Viper,Venomous_Snake,600,450,RGB,95636,731eb9e53b920c2cd6be7d7f7c97951746b794454f197f816b049f91a9c56bd2,c9308fc1f81b96cd,dbd32a9193c36327,True,,,,True,TRAIN,False,NOT VERIFIED,DUPLICATE_REVIEW,near-duplicate candidate matching existing TRAIN image,JPEG,1.333333,,False
Venomous/Russell's Viper/RV1.jpg,RV1.jpg,.jpg,Venomous,Russell's Viper,Venomous_Snake,1836,3264,RGB,667653,0d24bb18db0448cf09e1c006105dc14f7aaebfeaf31c93dcc0bedabf7fd967e3,bc354adaff059032,1f1dfe2e0db04107,True,,,,True,TRAIN,False,NOT VERIFIED,DUPLICATE_REVIEW,near-duplicate candidate matching existing TRAIN image,JPEG,0.5625,,False
Venomous/Russell's Viper/rvv_snake.jpg,rvv_snake.jpg,.jpg,Venomous,Russell's Viper,Venomous_Snake,384,268,RGB,29449,cd2dadf8def31ae0562ee69c1b39bb36cfbafa1eab9a98db41e9038f2f477da9,abb56cca95218bb4,7f073aea7ce93333,True,,,,True,TRAIN,False,NOT VERIFIED,DUPLICATE_REVIEW,near-duplicate candidate matching existing TRAIN image,JPEG,1.432836,,False
Venomous/Russell's Viper/rw-146-RussellsViperorDaboya.png,rw-146-RussellsViperorDaboya.png,.png,Venomous,Russell's Viper,Venomous_Snake,498,367,RGBA,541224,396b1e63c0bbf18f5ce5140f669b46444eebbef7ce4f4a4158aa4b4d027ca825,d22eee58910a63ed,71e46dd8d090b190,True,,,,False,,False,NOT VERIFIED,PROVENANCE_REVIEW,source provenance and training reuse rights not verified,PNG,1.356948,,False
Venomous/Russell's Viper/siamese-russel-viper-1.jpg,siamese-russel-viper-1.jpg,.jpg,Venomous,Russell's Viper,Venomous_Snake,720,471,RGB,81720,7808728c70c3b2dc4f3f10b2ae4799de0d80f2c65d4adeeb1bb35fc361354a74,c9853a027d3dd965,aec592b2c5d95919,True,,,,True,TRAIN,False,NOT VERIFIED,DUPLICATE_REVIEW,near-duplicate candidate matching existing TRAIN image,JPEG,1.528662,,False
Venomous/Russell's Viper/siamese-russells-viper-daboia-siamensis-800x600.jpg,siamese-russells-viper-daboia-siamensis-800x600.jpg,.jpg,Venomous,Russell's Viper,Venomous_Snake,800,534,RGB,82221,0216e38c76e3b9c6306bdfa85e1cba8daa3c8c3705978d944617ce2611c99772,c03d3f6292c36c37,f8f4f2d08ca1c270,True,,,,True,TRAIN,False,NOT VERIFIED,DUPLICATE_REVIEW,near-duplicate candidate matching existing TRAIN image,JPEG,1.498127,,False
Venomous/Russell's Viper/siamese-russells-viper-daboia-siamensis-800x600_001.jpg,siamese-russells-viper-daboia-siamensis-800x600_001.jpg,.jpg,Venomous,Russell's Viper,Venomous_Snake,800,534,RGB,118329,d64c7c63cd9eef23ccc3fec9e46e9f57144faca13ad922d62b1da879fb3a1fe4,8aaad27d7cce8270,6dcfc9631ec2d0cc,True,,,,True,TRAIN,False,NOT VERIFIED,DUPLICATE_REVIEW,near-duplicate candidate matching existing TRAIN image,JPEG,1.498127,,False
Venomous/Russell's Viper/siamese-russells-viper.jpg,siamese-russells-viper.jpg,.jpg,Venomous,Russell's Viper,Venomous_Snake,3000,4000,RGB,2300483,b0af6e9bad0cb1391990b54a21b9dafffeed6efc7d18e24d52b8304c502d78b5,96c3603c3e3f1e1a,ccc86c6c6c343439,True,,,,True,TRAIN,False,NOT VERIFIED,DUPLICATE_REVIEW,near-duplicate candidate matching existing TRAIN image,JPEG,0.75,,False
Venomous/Russell's Viper/sites_snake-antivenin.com_files_russell-viper-daboia-russelli-siamensis-antivenom-red-cross.jpg,sites_snake-antivenin.com_files_russell-viper-daboia-russelli-siamensis-antivenom-red-cross.jpg,.jpg,Venomous,Russell's Viper,Venomous_Snake,373,215,RGB,18772,fc11d331c5226ec265a38174cbc664896c2848840645e3e3b19f3552a1c251f9,811e7ca576e946e8,1e7ce4c9c8ce9b93,True,,,,True,VALIDATION,False,NOT VERIFIED,DUPLICATE_REVIEW,near-duplicate candidate matching existing VALIDATION image,JPEG,1.734884,,False
Venomous/Russell's Viper/snake-bit-mit-resize-1.jpg,snake-bit-mit-resize-1.jpg,.jpg,Venomous,Russell's Viper,Venomous_Snake,1024,577,RGB,104000,6659efe8a0c5352b0e224b21c7b0513d4e30ba7605757e6b3b6250e730018641,dc0d897b2c6e8c99,339ab424240809b3,True,,,,True,TRAIN,False,NOT VERIFIED,DUPLICATE_REVIEW,near-duplicate candidate matching existing TRAIN image,JPEG,1.774697,,False
Venomous/Russell's Viper/snake.jpg,snake.jpg,.jpg,Venomous,Russell's Viper,Venomous_Snake,250,188,RGB,14446,953c92f06663fa429aa909ef17c4e0f8d3d57e6009bfb929150e4db96cc26040,d04d6e327132b3e9,2962d09498183820,True,,,,True,VALIDATION,False,NOT VERIFIED,DUPLICATE_REVIEW,near-duplicate candidate matching existing VALIDATION image,JPEG,1.329787,,False
Venomous/Russell's Viper/SNP00553.jpg,SNP00553.jpg,.jpg,Venomous,Russell's Viper,Venomous_Snake,300,225,RGB,31878,fe77846f78553d7bf83b8b202e56d323149b5b7dd379dcc04f2d3489c8d77c6e,dedb09841e4a3dd8,f0d819696476e2ea,True,,,,True,TRAIN,False,NOT VERIFIED,DUPLICATE_REVIEW,near-duplicate candidate matching existing TRAIN image,JPEG,1.333333,,False
Venomous/Russell's Viper/stock-photo-adult-russell-s-viper-daboia-russelii-tamil-nadu-south-india-144893629.jpg,stock-photo-adult-russell-s-viper-daboia-russelii-tamil-nadu-south-india-144893629.jpg,.jpg,Venomous,Russell's Viper,Venomous_Snake,1500,1098,RGB,896973,a14869de352f8b180003d604d38adf4247b1faf89bc0374ef2f94edbac8fa1cc,eb9a54cd1aa54aa6,e1e8291b2323868c,True,,,,True,TRAIN,False,NOT VERIFIED,DUPLICATE_REVIEW,near-duplicate candidate matching existing TRAIN image,JPEG,1.36612,,False
Venomous/Russell's Viper/stock-photo-adult-russell-s-viper-daboia-russelii-tamil-nadu-south-india-144893635.jpg,stock-photo-adult-russell-s-viper-daboia-russelii-tamil-nadu-south-india-144893635.jpg,.jpg,Venomous,Russell's Viper,Venomous_Snake,450,319,RGB,60454,a192382435ea5c350f5eb8d188b1548e9ebbd99b8579954f858b1685dbaa676d,937c9c03e20deb4e,1a2c2345c94bf073,True,,,,True,TRAIN,False,NOT VERIFIED,DUPLICATE_REVIEW,near-duplicate candidate matching existing TRAIN image,JPEG,1.410658,,False
Venomous/Russell's Viper/stock-photo-adult-russell-s-viper-daboia-russelii-tamil-nadu-south-india-144896374.jpg,stock-photo-adult-russell-s-viper-daboia-russelii-tamil-nadu-south-india-144896374.jpg,.jpg,Venomous,Russell's Viper,Venomous_Snake,450,319,RGB,53032,c3b3133411e5b9d857645316817cb2e8a9e086a45ef5d4ecbd1dd4f7687aa3ca,95168646e371f93c,ecfc3e1ee2f0b092,True,,,,True,TRAIN,False,NOT VERIFIED,DUPLICATE_REVIEW,near-duplicate candidate matching existing TRAIN image,JPEG,1.410658,,False
Venomous/Russell's Viper/stock-photo-eastern-russell-s-viper-107255687.jpg,stock-photo-eastern-russell-s-viper-107255687.jpg,.jpg,Venomous,Russell's Viper,Venomous_Snake,450,320,RGB,57139,3ba3152c5a788ef68b6433f177333123b3c5f12763a5b80fc7c44cfa94e167b9,e93c9561ce13c8d6,8e963b1323938e0b,True,,,,True,TRAIN,False,NOT VERIFIED,DUPLICATE_REVIEW,near-duplicate candidate matching existing TRAIN image,JPEG,1.40625,,False
Venomous/Russell's Viper/stock-photo-siamese-russell-s-viper-daboia-russelii-siamensis-631710800.jpg,stock-photo-siamese-russell-s-viper-daboia-russelii-siamensis-631710800.jpg,.jpg,Venomous,Russell's Viper,Venomous_Snake,450,338,RGB,35143,f71bc32e59e32b4f19db3a93b293540cb5cdf07ef202dcaa7cced6c396f7f7cb,8534a707f653fa42,ceb6b292eaf2e2c6,True,,,,True,TRAIN,False,NOT VERIFIED,DUPLICATE_REVIEW,near-duplicate candidate matching existing TRAIN image,JPEG,1.331361,,False
Venomous/Russell's Viper/stock-photo-tirunelveli-tamil-nadu-india-february-indian-man-catches-a-russell-s-viper-on-february-144885574.jpg,stock-photo-tirunelveli-tamil-nadu-india-february-indian-man-catches-a-russell-s-viper-on-february-144885574.jpg,.jpg,Venomous,Russell's Viper,Venomous_Snake,299,470,RGB,51879,3f4629d36eb0298d3bad4d896a991fc89516024ee918a28518ed9b5b40c0d322,9c366159ed1d9664,76fc64b2f1f8f1f3,True,,,,False,,False,NOT VERIFIED,PROVENANCE_REVIEW,source provenance and training reuse rights not verified,JPEG,0.63617,,False
Venomous/Russell's Viper/the-russells-viper.jpg,the-russells-viper.jpg,.jpg,Venomous,Russell's Viper,Venomous_Snake,310,310,RGB,102745,5c18c0eba1d46f3d05c7917dc9cd140b0cadbd740a2d74276e6a068e603323b7,cd05527e6dc887d4,e46cd2d266693810,True,,,,True,TRAIN,False,NOT VERIFIED,DUPLICATE_REVIEW,near-duplicate candidate matching existing TRAIN image,JPEG,1.0,,False
Venomous/Russell's Viper/toz19227l.jpg,toz19227l.jpg,.jpg,Venomous,Russell's Viper,Venomous_Snake,1600,1201,RGB,325980,bd9c43dee8594eae7ce6dee2cd79c2e20aca6f3dcf255e46ed28171218a6151c,d9f9002e3e7c0c6d,9399923a6ce410fc,True,,,,True,TRAIN,False,NOT VERIFIED,DUPLICATE_REVIEW,near-duplicate candidate matching existing TRAIN image,JPEG,1.332223,,False
Venomous/Russell's Viper/toz19228l.jpg,toz19228l.jpg,.jpg,Venomous,Russell's Viper,Venomous_Snake,1600,1200,RGB,333294,7cedb5340d248eda558971af4a35e5f850702485370cea40f82ddcccbbefd204,8993910fb5e96749,d2ec83332557d35a,True,,,,True,TRAIN,False,NOT VERIFIED,DUPLICATE_REVIEW,near-duplicate candidate matching existing TRAIN image,JPEG,1.333333,,False
Venomous/Russell's Viper/tumblr_nee8a0sQm01rdag7yo1_500.jpg,tumblr_nee8a0sQm01rdag7yo1_500.jpg,.jpg,Venomous,Russell's Viper,Venomous_Snake,500,332,RGB,315481,af47ebe66a4fe18ec6469a07516eefff1db6707e9909ea2d7b0eba57f64e6fe2,a44eee3daca86233,3765cda6ae5456e6,True,,,,True,TRAIN,False,NOT VERIFIED,DUPLICATE_REVIEW,near-duplicate candidate matching existing TRAIN image,PNG,1.506024,,False
Venomous/Russell's Viper/Tushar_mone.jpg,Tushar_mone.jpg,.jpg,Venomous,Russell's Viper,Venomous_Snake,220,148,RGB,10543,3ca99b748a738a170659903d8feb73cdafb8523aaeaefdc57e059058c861462d,d7882c7fb1e282c9,d4f2d1d858486462,True,,,,True,TRAIN,False,NOT VERIFIED,DUPLICATE_REVIEW,near-duplicate candidate matching existing TRAIN image,JPEG,1.486486,,False
Venomous/Russell's Viper/Two_Headed_Russell_E2_80_99s_V.jpg,Two_Headed_Russell_E2_80_99s_V.jpg,.jpg,Venomous,Russell's Viper,Venomous_Snake,520,346,RGB,57830,3eba05f664b0a77ef8b5455073a1b969cd96a85b4961056e1ee8086ec5d98274,a6ee941317525cdc,64e7a7ebeba9bcf6,True,,,,True,TRAIN,False,NOT VERIFIED,DUPLICATE_REVIEW,near-duplicate candidate matching existing TRAIN image,JPEG,1.50289,,False
Venomous/Russell's Viper/viper-for-jasmine_img_0518.jpg,viper-for-jasmine_img_0518.jpg,.jpg,Venomous,Russell's Viper,Venomous_Snake,1426,950,RGB,540756,cdc4487c773f008a8daf21501a18482aaaf9bdeb0b8baeb4be2995675df1be5e,c3c33c3c1692cdec,0880c0c8ccc09080,True,,,,False,,False,NOT VERIFIED,PROVENANCE_REVIEW,source provenance and training reuse rights not verified,JPEG,1.501053,,False
Venomous/Russell's Viper/Viper1.jpg,Viper1.jpg,.jpg,Venomous,Russell's Viper,Venomous_Snake,578,305,RGB,56431,dfed48913a9bb263445a216d3365fc32d12d9f1bccf10118960c7b2255700f9b,8461ef1a3e612d5b,93b0d294bcf8f860,True,,,,True,VALIDATION,False,NOT VERIFIED,DUPLICATE_REVIEW,exact match to existing VALIDATION image,JPEG,1.895082,,False
Venomous/Russell's Viper/viper_1901250f.jpg,viper_1901250f.jpg,.jpg,Venomous,Russell's Viper,Venomous_Snake,636,593,RGB,132905,32dda6a636f02e72c00c1a1589678dba0cc9a2b17d96b86688535b54acf7d5d6,9f70e291de632c86,da9d243838dc5c65,True,,,,True,TRAIN,False,NOT VERIFIED,DUPLICATE_REVIEW,exact match to existing TRAIN image,JPEG,1.072513,,False
Venomous/Saw-scaled Viper/0191.jpeg,0191.jpeg,.jpeg,Venomous,Saw-scaled Viper,Venomous_Snake,550,367,RGB,179166,73fdc17fd292ae278c0f9de9e389604a4907d57d95c7f64eccfb1f213ceb3752,e2b8e0a78cf1c794,0f473939654d91a2,True,,,,True,TEST,False,NOT VERIFIED,LEAKAGE_RISK,near-duplicate candidate matching existing TEST image (HIGH_CONFIDENCE_NEAR_DUPLICATE),JPEG,1.498638,,False
Venomous/Saw-scaled Viper/0194.jpeg,0194.jpeg,.jpeg,Venomous,Saw-scaled Viper,Venomous_Snake,768,512,RGB,274575,bfa4bf4e85e3af4c3e66fc3b5cb608ffbab74e53259bbde95a7638838f42a966,9df38fdcb8308648,374a4d9c92742272,True,,,,True,TRAIN,False,NOT VERIFIED,DUPLICATE_REVIEW,near-duplicate candidate matching existing TRAIN image,JPEG,1.5,,False
Venomous/Saw-scaled Viper/0240.jpeg,0240.jpeg,.jpeg,Venomous,Saw-scaled Viper,Venomous_Snake,500,304,RGB,59129,b11c2258055cfc70974c39dbac7436e4ca9a3d569fea74010bdd15ad89f36a71,f270e914946f45a7,90194dacacc4496b,True,,,,True,TRAIN,False,NOT VERIFIED,DUPLICATE_REVIEW,near-duplicate candidate matching existing TRAIN image,JPEG,1.644737,,False
Venomous/Saw-scaled Viper/03000025421_01_f.jpg,03000025421_01_f.jpg,.jpg,Venomous,Saw-scaled Viper,Venomous_Snake,1024,683,RGB,68223,be7eeb4c9e0bc3cbbdffa50c050260dccf79890c76cae3a248241ae9d0dff67a,f4c04f2b09aef4d1,038084a79f0c170f,True,,,,True,TRAIN,False,NOT VERIFIED,DUPLICATE_REVIEW,near-duplicate candidate matching existing TRAIN image,JPEG,1.499268,,False
Venomous/Saw-scaled Viper/03000032484_01_f.jpg,03000032484_01_f.jpg,.jpg,Venomous,Saw-scaled Viper,Venomous_Snake,800,566,RGB,88305,818c68c87cd009f921dc2ca56f94be0acb76742c39653f2c6358ccb07c314589,804423de4fde6de1,e096b2b1b2b0b8da,True,,,,True,TRAIN,False,NOT VERIFIED,DUPLICATE_REVIEW,near-duplicate candidate matching existing TRAIN image,JPEG,1.413428,,False
Venomous/Saw-scaled Viper/0446.jpeg,0446.jpeg,.jpeg,Venomous,Saw-scaled Viper,Venomous_Snake,550,367,RGB,60968,12223b6c05aca680e2808427d5c947e555ec4b3e26d4448a082153f7c42dc119,a18c3de2cc34935f,c70a3cb5c5cd8eda,True,,,,True,VALIDATION,False,NOT VERIFIED,DUPLICATE_REVIEW,near-duplicate candidate matching existing VALIDATION image,JPEG,1.498638,,False
Venomous/Saw-scaled Viper/0450.jpeg,0450.jpeg,.jpeg,Venomous,Saw-scaled Viper,Venomous_Snake,550,367,RGB,61216,f0bc96959691d48a725c66b178c3cc6ae71ffe1c1b8db48d8205fb5fd9964bbe,f949873c69c21cad,d2828089173e0ed2,True,,,,False,,False,NOT VERIFIED,PROVENANCE_REVIEW,source provenance and training reuse rights not verified,JPEG,1.498638,,False
Venomous/Saw-scaled Viper/06.jpg,06.jpg,.jpg,Venomous,Saw-scaled Viper,Venomous_Snake,640,432,RGB,118395,31f7ba38725a5534d84a692e6652593d920d6a45d79c44259fa79d0789726dab,8fa7a5d28dad6058,6a4ea676554d70f2,True,,,,True,TEST,False,NOT VERIFIED,LEAKAGE_RISK,near-duplicate candidate matching existing TEST image (HIGH_CONFIDENCE_NEAR_DUPLICATE),JPEG,1.481481,,False
Venomous/Saw-scaled Viper/0636.jpeg,0636.jpeg,.jpeg,Venomous,Saw-scaled Viper,Venomous_Snake,700,500,RGB,316013,190283c19a275fa721fd61f3144227390046c94b9693a03ee8241cfe9080d20a,ea87546ed225c83d,6050da8831231711,True,,,,False,,False,NOT VERIFIED,PROVENANCE_REVIEW,source provenance and training reuse rights not verified,JPEG,1.4,,False
Venomous/Saw-scaled Viper/0804.jpeg,0804.jpeg,.jpeg,Venomous,Saw-scaled Viper,Venomous_Snake,1024,537,RGB,184234,09ac14e3672cf5f4afb22c0dc9c993635f3a52b74c5f43e814fd44fba301d5b8,c88b8b3a93c7b631,e9f1c494133783c0,True,,,,True,TRAIN,False,NOT VERIFIED,DUPLICATE_REVIEW,near-duplicate candidate matching existing TRAIN image,JPEG,1.90689,,False
Venomous/Saw-scaled Viper/0820.jpeg,0820.jpeg,.jpeg,Venomous,Saw-scaled Viper,Venomous_Snake,850,567,RGB,642243,591b5f53ab44173b9030ccf2929023ff865b132dae0437d4a9b525bb56d2d7d1,f25819796e447b62,11388de4851e8441,True,,,,False,,False,NOT VERIFIED,PROVENANCE_REVIEW,source provenance and training reuse rights not verified,JPEG,1.499118,,False
Venomous/Saw-scaled Viper/0977.jpeg,0977.jpeg,.jpeg,Venomous,Saw-scaled Viper,Venomous_Snake,432,288,RGB,108786,d0a0027e20311b32cf7df09cb050ffd1c6724578936deb7b608e917fb7c1b87b,d8f185749348b7ca,8a9e33212a167169,True,,,,False,,False,NOT VERIFIED,PROVENANCE_REVIEW,source provenance and training reuse rights not verified,JPEG,1.5,,False
Venomous/Saw-scaled Viper/1-s2.0-S1080603207702168-gr1.jpg,1-s2.0-S1080603207702168-gr1.jpg,.jpg,Venomous,Saw-scaled Viper,Venomous_Snake,729,471,RGB,99283,ea353b07d12458e37ad87c77e46e017f9ebb042f33e4648f96ecc2e52a6b349e,ec48aa2b813c6f97,879324b2c24367cc,True,,,,True,TEST,False,NOT VERIFIED,LEAKAGE_RISK,near-duplicate candidate matching existing TEST image (HIGH_CONFIDENCE_NEAR_DUPLICATE),JPEG,1.547771,,False
Venomous/Saw-scaled Viper/1.jpg,1.jpg,.jpg,Venomous,Saw-scaled Viper,Venomous_Snake,340,255,RGB,50959,3e8aac3ad747694a5667ffcd9ca081af785b549b773691cdd77820ca5da8db09,b933e49705d03d96,991f1f9b7f3fa606,True,,,,True,TEST,False,NOT VERIFIED,LEAKAGE_RISK,near-duplicate candidate matching existing TEST image (HIGH_CONFIDENCE_NEAR_DUPLICATE),JPEG,1.333333,,False
Venomous/Saw-scaled Viper/1046.jpeg,1046.jpeg,.jpeg,Venomous,Saw-scaled Viper,Venomous_Snake,550,367,RGB,87580,3853d56a0a75ae32f6cc88bc8f1720a1f20c79d18d3a908e1109af588c254497,bfa5f014c166c46e,963a67577f646929,True,,,,False,,False,NOT VERIFIED,PROVENANCE_REVIEW,source provenance and training reuse rights not verified,JPEG,1.498638,,False
Venomous/Saw-scaled Viper/1056.jpeg,1056.jpeg,.jpeg,Venomous,Saw-scaled Viper,Venomous_Snake,650,535,RGB,465349,ef5fe2a1427c7f7f9cc6784665b90219a04a1a902d7ace48c68b3120c990dcc4,856b6e3439c73495,c3d3c6eabaa6e6c6,True,,,,False,,False,NOT VERIFIED,PROVENANCE_REVIEW,source provenance and training reuse rights not verified,JPEG,1.214953,,False
Venomous/Saw-scaled Viper/114-viper.jpg,114-viper.jpg,.jpg,Venomous,Saw-scaled Viper,Venomous_Snake,854,480,RGB,63315,4c5b4d11b63f1e9464e7e52df50df7edaed7986bbf05b2b713380bb20d6fe3e5,b6f0b18a8fe44d61,8d9c0e2d6d26071e,True,,,,True,TEST,False,NOT VERIFIED,LEAKAGE_RISK,near-duplicate candidate matching existing TEST image (HIGH_CONFIDENCE_NEAR_DUPLICATE),JPEG,1.779167,,False
Venomous/Saw-scaled Viper/119.jpg,119.jpg,.jpg,Venomous,Saw-scaled Viper,Venomous_Snake,960,640,RGB,217301,2c494724302fd48f2084c556245aa23fa67852beb8278c3de506ca6802dee531,8fc7201cd46fe706,e6cb6760f03b67d5,True,,,,True,TEST,False,NOT VERIFIED,LEAKAGE_RISK,near-duplicate candidate matching existing TEST image (HIGH_CONFIDENCE_NEAR_DUPLICATE),JPEG,1.5,,False
Venomous/Saw-scaled Viper/1209.jpeg,1209.jpeg,.jpeg,Venomous,Saw-scaled Viper,Venomous_Snake,850,567,RGB,550598,f72cc801c724d90288df3b57688b9d00d8ac9613a613f083192531d5cd9bec75,d662291f25cc748f,078dc8cc50647132,True,,,,False,,False,NOT VERIFIED,PROVENANCE_REVIEW,source provenance and training reuse rights not verified,JPEG,1.499118,,False
Venomous/Saw-scaled Viper/125625-004-9F0A5C13.jpg,125625-004-9F0A5C13.jpg,.jpg,Venomous,Saw-scaled Viper,Venomous_Snake,550,413,RGB,47806,4b7c0c87e7621fc04e47441ad69204888acf8f5cb56779b414221d76e529faa5,d30aabbd95d69228,78f3991c0a0884c8,True,,,,True,VALIDATION,False,NOT VERIFIED,DUPLICATE_REVIEW,near-duplicate candidate matching existing VALIDATION image,JPEG,1.331719,,False
Venomous/Saw-scaled Viper/12873_2012_Article_167_Fig1_HTML.jpg,12873_2012_Article_167_Fig1_HTML.jpg,.jpg,Venomous,Saw-scaled Viper,Venomous_Snake,1200,716,RGB,240754,b6e2e6c711363d60b4a8b1244dda0c7a8d025e40d4afa2bddccf44e1bef80c3c,d0ef47615e952748,c28334309186baa0,True,,,,True,TRAIN,False,NOT VERIFIED,DUPLICATE_REVIEW,near-duplicate candidate matching existing TRAIN image,JPEG,1.675978,,False
Venomous/Saw-scaled Viper/13-F-Keels--Scales-of-the-Saw-scaled-Viper.jpg,13-F-Keels--Scales-of-the-Saw-scaled-Viper.jpg,.jpg,Venomous,Saw-scaled Viper,Venomous_Snake,1280,794,RGB,265356,764efd0c8d57a748f1dbddcb8cd04ee0ea01fcc45f77dbc05c1506e174e15bf9,b7dcf0e0c8a6d505,8c247c6ddd4ece4a,True,,,,True,TEST,False,NOT VERIFIED,LEAKAGE_RISK,near-duplicate candidate matching existing TEST image (HIGH_CONFIDENCE_NEAR_DUPLICATE),JPEG,1.612091,,False
Venomous/Saw-scaled Viper/1361.jpeg,1361.jpeg,.jpeg,Venomous,Saw-scaled Viper,Venomous_Snake,640,416,RGB,69508,c3b9a8b5ac16a21188061e0ce71a87c1b5d0c36b4ee3032d3755dacdb1ce5ece,aafeb26104b34f4a,1b39712fa3a39bef,True,,,,True,VALIDATION,False,NOT VERIFIED,DUPLICATE_REVIEW,near-duplicate candidate matching existing VALIDATION image,JPEG,1.538462,,False
Venomous/Saw-scaled Viper/143885070018.JPG,143885070018.JPG,.jpg,Venomous,Saw-scaled Viper,Venomous_Snake,600,400,RGB,36018,4decfd063049370d3c1e3a4ec3d0397e3ffef90562f0ad1d1599e1f9c6656fa4,d5986b27c68b9962,51b4b2aa4cd44840,True,,,,True,TRAIN,False,NOT VERIFIED,DUPLICATE_REVIEW,near-duplicate candidate matching existing TRAIN image,JPEG,1.5,,False
Venomous/Saw-scaled Viper/1440.jpeg,1440.jpeg,.jpeg,Venomous,Saw-scaled Viper,Venomous_Snake,690,433,RGB,231321,d1f828cd6f8e95ccccec21ced9dce8df6c8d5fa2059f382e4aa0944660ce8246,ac6ddb256299066e,c39637b3c6e631c9,True,,,,False,,False,NOT VERIFIED,PROVENANCE_REVIEW,source provenance and training reuse rights not verified,JPEG,1.593533,,False
Venomous/Saw-scaled Viper/15155896108_9c22ac4833_b.jpg,15155896108_9c22ac4833_b.jpg,.jpg,Venomous,Saw-scaled Viper,Venomous_Snake,1024,591,RGB,266138,8beba0336d1b1a3ba68efe349d477ca4a3e47859a7fb1f6798e847b9b784fd93,90ced36664dc3356,e4eaf4b68e8ab898,True,,,,True,TRAIN,False,NOT VERIFIED,DUPLICATE_REVIEW,near-duplicate candidate matching existing TRAIN image,JPEG,1.732657,,False
Venomous/Saw-scaled Viper/15330888-Closeup-of-pattern-on-saw-scaled-Viper-Echis-carinatus-Tamil-Nadu-South-India-Stock-Photo.jpg,15330888-Closeup-of-pattern-on-saw-scaled-Viper-Echis-carinatus-Tamil-Nadu-South-India-Stock-Photo.jpg,.jpg,Venomous,Saw-scaled Viper,Venomous_Snake,1300,864,RGB,246041,a26d7e5ed8e5e7baedf4c5a852faa7af28199af408424fd5937d2726b0579b8e,8f2b8c2f8b16f413,f767946b4b36a8f0,True,,,,True,TRAIN,False,NOT VERIFIED,DUPLICATE_REVIEW,near-duplicate candidate matching existing TRAIN image,JPEG,1.50463,,False
Venomous/Saw-scaled Viper/16666056390_e5f1682bd0.jpg,16666056390_e5f1682bd0.jpg,.jpg,Venomous,Saw-scaled Viper,Venomous_Snake,500,375,RGB,97573,82890913bf1bca908bf0ca0a010069566ab667a6d9654fcb2fc9dee1b258328f,f04fb6accad16894,354296d1a79f9e8d,True,,,,True,TRAIN,False,NOT VERIFIED,DUPLICATE_REVIEW,near-duplicate candidate matching existing TRAIN image,JPEG,1.333333,,False
Venomous/Saw-scaled Viper/18955_340.jpg,18955_340.jpg,.jpg,Venomous,Saw-scaled Viper,Venomous_Snake,340,525,RGB,44284,0f9b77799739533a1bd64b731d710d228450ee2f9ed19122873cac19121e2281,c1051f3f74ac4b5a,54c8e0868643ad50,True,,,,True,TRAIN,False,NOT VERIFIED,DUPLICATE_REVIEW,near-duplicate candidate matching existing TRAIN image,JPEG,0.647619,,False
Venomous/Saw-scaled Viper/21505046724_1c0739e33c.jpg,21505046724_1c0739e33c.jpg,.jpg,Venomous,Saw-scaled Viper,Venomous_Snake,500,333,RGB,93298,16b20ee646bd228317f9c91a1e75cee9ae172bb6565d474c5c3458a1dd903222,f802dcec5ddc2570,14cd9c188b2b3112,True,,,,True,TRAIN,False,NOT VERIFIED,DUPLICATE_REVIEW,near-duplicate candidate matching existing TRAIN image,JPEG,1.501502,,False
Venomous/Saw-scaled Viper/21506768173_3a57a2f595.jpg,21506768173_3a57a2f595.jpg,.jpg,Venomous,Saw-scaled Viper,Venomous_Snake,500,333,RGB,82129,b5d957c9536fc01ebcaae716f50dc4a1b3c8bd6049a5ca3c8cfbc3834ad9391d,f094850abbf65c17,b4c6868f1db38d5b,True,,,,True,TRAIN,False,NOT VERIFIED,DUPLICATE_REVIEW,near-duplicate candidate matching existing TRAIN image,JPEG,1.501502,,False
Venomous/Saw-scaled Viper/21939708950_b237f909c0.jpg,21939708950_b237f909c0.jpg,.jpg,Venomous,Saw-scaled Viper,Venomous_Snake,500,333,RGB,84307,e573c0c66c8272485bb24c0313bb391014895b53b23b1547aa33697e58c570c5,d03a9762746d6995,988d93960583e4d4,True,,,,True,TRAIN,False,NOT VERIFIED,DUPLICATE_REVIEW,near-duplicate candidate matching existing TRAIN image,JPEG,1.501502,,False
Venomous/Saw-scaled Viper/22127891045_d34db643e0_b.jpg,22127891045_d34db643e0_b.jpg,.jpg,Venomous,Saw-scaled Viper,Venomous_Snake,1024,683,RGB,267427,018a14e20af7887757ef2b5f1f5e27b2449ddb54271afed59f5daf771a9b212e,980647b861697e7d,d0fc3c18143c90d0,True,,,,True,TRAIN,False,NOT VERIFIED,DUPLICATE_REVIEW,near-duplicate candidate matching existing TRAIN image,JPEG,1.499268,,False
Venomous/Saw-scaled Viper/22513154937_229434a62c_b.jpg,22513154937_229434a62c_b.jpg,.jpg,Venomous,Saw-scaled Viper,Venomous_Snake,1024,644,RGB,154670,91a58870bec909036edfc0e90b5fc9d2e71d38115177135c345f1ab490db6b28,e610e0639d6f137c,c3a527a238cfc333,True,,,,True,VALIDATION,False,NOT VERIFIED,DUPLICATE_REVIEW,near-duplicate candidate matching existing VALIDATION image,JPEG,1.590062,,False
Venomous/Saw-scaled Viper/26437-004-9C6C0E46.jpg,26437-004-9C6C0E46.jpg,.jpg,Venomous,Saw-scaled Viper,Venomous_Snake,342,300,RGB,62177,69099da93047519a166673bf948898062c0039b27d092415ccf3720a4596af25,e03773729b399960,0c8dd672a7b595d3,True,,,,True,TRAIN,False,NOT VERIFIED,DUPLICATE_REVIEW,near-duplicate candidate matching existing TRAIN image,JPEG,1.14,,False
Venomous/Saw-scaled Viper/300px-SSviper.jpg,300px-SSviper.jpg,.jpg,Venomous,Saw-scaled Viper,Venomous_Snake,300,214,RGB,49848,d7a2dcb3a47443ed97fd4b9392331c511b430745a7a823d6b99401d003deb37a,9cdf6a48873484b7,70316e36f8b42962,True,,,,True,TRAIN,False,NOT VERIFIED,DUPLICATE_REVIEW,near-duplicate candidate matching existing TRAIN image,JPEG,1.401869,,False
Venomous/Saw-scaled Viper/319A4819.preview.JPG,319A4819.preview.JPG,.jpg,Venomous,Saw-scaled Viper,Venomous_Snake,640,427,RGB,110620,b0b977a2115890e4987ea6ce7d8675f302b5a71ee64596ae1e501dd1e8886126,d10dcb8f36ad43b0,7271aa26ac4a9b9c,True,,,,True,TRAIN,False,NOT VERIFIED,DUPLICATE_REVIEW,near-duplicate candidate matching existing TRAIN image,JPEG,1.498829,,False
Venomous/Saw-scaled Viper/34446387315_b357fc4e8e_b.jpg,34446387315_b357fc4e8e_b.jpg,.jpg,Venomous,Saw-scaled Viper,Venomous_Snake,1024,683,RGB,249812,1cea14fca825527ed5b5ba02dd3761f7aef9314ec77bc3b330b50b051cab7806,e607cdb2d389285e,c267638c8c0f2a20,True,,,,True,TRAIN,False,NOT VERIFIED,DUPLICATE_REVIEW,near-duplicate candidate matching existing TRAIN image,JPEG,1.499268,,False
Venomous/Saw-scaled Viper/4493565049_3d40dd0bc5_m.jpg,4493565049_3d40dd0bc5_m.jpg,.jpg,Venomous,Saw-scaled Viper,Venomous_Snake,240,159,RGB,21392,8a9912fe9afb3af895bfe784e859c5b4946a00a979ae1bcf5aad02028815eefd,919270b57ad846bb,3cdccdf97fe69a1b,True,,,,True,TRAIN,False,NOT VERIFIED,DUPLICATE_REVIEW,near-duplicate candidate matching existing TRAIN image,JPEG,1.509434,,False
Venomous/Saw-scaled Viper/45066.jpg,45066.jpg,.jpg,Venomous,Saw-scaled Viper,Venomous_Snake,800,579,RGB,115192,257a0543c7ed4e0980f8dbdd02ca8ac9a7875ee22e044b08dc14dff6c5023279,a59996d3993c8c66,dcc66717cbabaf66,True,,,,True,TRAIN,False,NOT VERIFIED,DUPLICATE_REVIEW,near-duplicate candidate matching existing TRAIN image,JPEG,1.381693,,False
Venomous/Saw-scaled Viper/506552827-egyptian-saw-scaled-viper-wriggling-gecko-chad.jpg,506552827-egyptian-saw-scaled-viper-wriggling-gecko-chad.jpg,.jpg,Venomous,Saw-scaled Viper,Venomous_Snake,480,270,RGB,29875,2b7ef46df26b6af5a72bbc7df33f47fd4f4bc7488110af5ab5d1ed61daf6e724,e0e69f8d7960848f,8242c6070ba603cb,True,,,,True,TRAIN,False,NOT VERIFIED,DUPLICATE_REVIEW,near-duplicate candidate matching existing TRAIN image,JPEG,1.777778,,False
Venomous/Saw-scaled Viper/51286_580_360.jpg,51286_580_360.jpg,.jpg,Venomous,Saw-scaled Viper,Venomous_Snake,541,360,RGB,70997,3bd400077f07ceb8725edc72a0a4a648fc7aeff903f0bb54714445adbfa4d3fd,fba0d8d580c8d65b,34170b6b58541239,True,,,,True,TRAIN,False,NOT VERIFIED,DUPLICATE_REVIEW,near-duplicate candidate matching existing TRAIN image,JPEG,1.502778,,False
Venomous/Saw-scaled Viper/5207091.jpg,5207091.jpg,.jpg,Venomous,Saw-scaled Viper,Venomous_Snake,250,218,RGB,13803,aa4fadd34a852ce132cb2ac14f72df1c879d49f649b6993d522db087e83c573d,bf84cafbe561c090,6831b4563e5b398e,True,EXACT0002,,,True,TEST,True,NOT VERIFIED,LEAKAGE_RISK,near-duplicate candidate matching existing TEST image (HIGH_CONFIDENCE_NEAR_DUPLICATE),JPEG,1.146789,,False
Venomous/Saw-scaled Viper/5384077d7fe23.jpg,5384077d7fe23.jpg,.jpg,Venomous,Saw-scaled Viper,Venomous_Snake,439,207,RGB,59570,ebc69a87faca1b76babeada644dbba7d1d4ae78d9d9a1fd1f70b4b04dabfd179,8b51d085ca965b7d,d8db3979f37367a3,True,EXACT0004,,,True,TEST,True,NOT VERIFIED,LEAKAGE_RISK,near-duplicate candidate matching existing TEST image (HIGH_CONFIDENCE_NEAR_DUPLICATE),JPEG,2.120773,,False
Venomous/Saw-scaled Viper/5384096c1c063.jpg,5384096c1c063.jpg,.jpg,Venomous,Saw-scaled Viper,Venomous_Snake,361,299,RGB,87506,d0c904680f55d010f3be3bf2802dbf20ba200e95a5c499f92df0de0e5fb717ec,80bcdfb8ff407224,2375d5d6d5b9a24a,True,EXACT0003,,,True,TEST,True,NOT VERIFIED,LEAKAGE_RISK,near-duplicate candidate matching existing TEST image (HIGH_CONFIDENCE_NEAR_DUPLICATE),JPEG,1.207358,,False
Venomous/Saw-scaled Viper/5609809850_f5041d8285_b.jpg,5609809850_f5041d8285_b.jpg,.jpg,Venomous,Saw-scaled Viper,Venomous_Snake,938,589,RGB,292219,cdf8feaf853e45fcbce02a67d4e18ddab04ef82519bc6959a427b6f04515f096,bfc0d83dc672094e,1d74dacc26333b62,True,,,,True,VALIDATION,False,NOT VERIFIED,DUPLICATE_REVIEW,near-duplicate candidate matching existing VALIDATION image,JPEG,1.59253,,False
Venomous/Saw-scaled Viper/5739148026_6b28169cd9_b.jpg,5739148026_6b28169cd9_b.jpg,.jpg,Venomous,Saw-scaled Viper,Venomous_Snake,800,432,RGB,123890,fbca7e3c9cae0dafeda0bf580954b434f1bf2d6353f4fcbdbfcb7b490f22d198,c435195d6c3633e9,96d4882546d8e4c0,True,,,,True,VALIDATION,False,NOT VERIFIED,DUPLICATE_REVIEW,near-duplicate candidate matching existing VALIDATION image,JPEG,1.851852,,False
Venomous/Saw-scaled Viper/5809673008_0a9bd78528_b.jpg,5809673008_0a9bd78528_b.jpg,.jpg,Venomous,Saw-scaled Viper,Venomous_Snake,800,532,RGB,232725,dd46d27ff07631bf7437d4b72b4733db777b8b878b85cc7d80d7d346d1dc4570,ea0183ca8f665e9b,c3da9a263901c163,True,,,,True,TRAIN,False,NOT VERIFIED,DUPLICATE_REVIEW,near-duplicate candidate matching existing TRAIN image,JPEG,1.503759,,False
Venomous/Saw-scaled Viper/5817961486_6a8d0eed1d_b.jpg,5817961486_6a8d0eed1d_b.jpg,.jpg,Venomous,Saw-scaled Viper,Venomous_Snake,1024,735,RGB,629867,9ec25ba1abd2eb90a3eef2fecedeaae3fed34927bda94d524b99b7fd04904f06,c6193cbce6623333,b5b249c9ee64e5e2,True,,,,True,TRAIN,False,NOT VERIFIED,DUPLICATE_REVIEW,near-duplicate candidate matching existing TRAIN image,JPEG,1.393197,,False
Venomous/Saw-scaled Viper/602197057-egyptian-saw-scaled-viper-lurking-worming-chad.jpg,602197057-egyptian-saw-scaled-viper-lurking-worming-chad.jpg,.jpg,Venomous,Saw-scaled Viper,Venomous_Snake,960,540,RGB,63951,202efa3896d12e3c38040b58974de767481c8a25f003867eb2b7d2b899b46eee,8e50c316bca327fc,d8b0c22c32e4c933,True,,,,True,TRAIN,False,NOT VERIFIED,DUPLICATE_REVIEW,near-duplicate candidate matching existing TRAIN image,JPEG,1.777778,,False
Venomous/Saw-scaled Viper/619283807-egyptian-saw-scaled-viper-lurking-chad-sahara-das-versunkene-paradies.jpg,619283807-egyptian-saw-scaled-viper-lurking-chad-sahara-das-versunkene-paradies.jpg,.jpg,Venomous,Saw-scaled Viper,Venomous_Snake,960,540,RGB,78801,55881dff24fa31d54262e2fa9a68957ecca284145b8c87f16bb8b2ce9ecb17cf,a8cd933acd8339b2,e3b59797b71f1db2,True,,,,True,TRAIN,False,NOT VERIFIED,DUPLICATE_REVIEW,near-duplicate candidate matching existing TRAIN image,JPEG,1.777778,,False
Venomous/Saw-scaled Viper/661453767-egyptian-saw-scaled-viper-lurking-worming-chad.jpg,661453767-egyptian-saw-scaled-viper-lurking-worming-chad.jpg,.jpg,Venomous,Saw-scaled Viper,Venomous_Snake,480,270,RGB,47075,3e3945edf47ebcd96052f960d66fa7882a8af6a969bf6801535da20050c0beae,ac53c04b3e5ed8b2,e1e235372fb3f5a7,True,,,,True,TRAIN,False,NOT VERIFIED,DUPLICATE_REVIEW,near-duplicate candidate matching existing TRAIN image,JPEG,1.777778,,False
Venomous/Saw-scaled Viper/6834742881_d6100bca97_b.jpg,6834742881_d6100bca97_b.jpg,.jpg,Venomous,Saw-scaled Viper,Venomous_Snake,1024,617,RGB,371231,bc1f7334275b674ab4261cd3c7a0e4bec937bad6ec70f452345cfe7e48b5f2e4,a4d8473f1f32706c,4fc7969d361ecfc6,True,,,,True,TRAIN,False,NOT VERIFIED,DUPLICATE_REVIEW,near-duplicate candidate matching existing TRAIN image,JPEG,1.659643,,False
Venomous/Saw-scaled Viper/686451267-wall-gecko-egyptian-saw-scaled-viper-worming-chad.jpg,686451267-wall-gecko-egyptian-saw-scaled-viper-worming-chad.jpg,.jpg,Venomous,Saw-scaled Viper,Venomous_Snake,960,540,RGB,37061,4e1a7dba2c446299e30a7ff1f00f4bd4044400b1ecfabdde17a12f171b7721c3,ac73f2ac01535d27,070f0ee4e7360ec7,True,,,,True,TRAIN,False,NOT VERIFIED,DUPLICATE_REVIEW,near-duplicate candidate matching existing TRAIN image,JPEG,1.777778,,False
Venomous/Saw-scaled Viper/699780063-wall-gecko-egyptian-saw-scaled-viper-chad-sahara-das-versunkene-paradies.jpg,699780063-wall-gecko-egyptian-saw-scaled-viper-chad-sahara-das-versunkene-paradies.jpg,.jpg,Venomous,Saw-scaled Viper,Venomous_Snake,960,540,RGB,33104,6e370757067e588bc1b0270208c61c85791e07f18d25cc72c189eaa9782525bf,ac11d34e85bceb86,f8f0f7f7e323248c,True,,,,True,TRAIN,False,NOT VERIFIED,DUPLICATE_REVIEW,near-duplicate candidate matching existing TRAIN image,JPEG,1.777778,,False
Venomous/Saw-scaled Viper/7529771256_a2c54cd53f_b.jpg,7529771256_a2c54cd53f_b.jpg,.jpg,Venomous,Saw-scaled Viper,Venomous_Snake,1024,680,RGB,153510,5ed9ae4a4b71fce266a221bcb18f41c19c7754bcb0c00e254327e90f5c1451f2,9708e0cb8f9bb8b1,e3a63c786861482c,True,,,,True,TRAIN,False,NOT VERIFIED,DUPLICATE_REVIEW,near-duplicate candidate matching existing TRAIN image,JPEG,1.505882,,False
Venomous/Saw-scaled Viper/755725196-egyptian-saw-scaled-viper-gecko-chad-sahara-das-versunkene-paradies.jpg,755725196-egyptian-saw-scaled-viper-gecko-chad-sahara-das-versunkene-paradies.jpg,.jpg,Venomous,Saw-scaled Viper,Venomous_Snake,960,540,RGB,31450,95d52acbf01d1a1ae97e9a3ee1bb474882475c7ddffb2948997d934dcde8e356,db680e1b129796b6,e323144808185068,True,,,,True,VALIDATION,False,NOT VERIFIED,DUPLICATE_REVIEW,near-duplicate candidate matching existing VALIDATION image,JPEG,1.777778,,False
Venomous/Saw-scaled Viper/806797304-wall-gecko-egyptian-saw-scaled-viper-chad-sahara-das-versunkene-paradies.jpg,806797304-wall-gecko-egyptian-saw-scaled-viper-chad-sahara-das-versunkene-paradies.jpg,.jpg,Venomous,Saw-scaled Viper,Venomous_Snake,960,540,RGB,30305,348a6740c9340dcff8e35c1bf2033215fbc5fb2811af50e1236f84b0cca50993,cd33e3cc0ae2d986,1323e0c070320683,True,,,,True,TRAIN,False,NOT VERIFIED,DUPLICATE_REVIEW,near-duplicate candidate matching existing TRAIN image,JPEG,1.777778,,False
Venomous/Saw-scaled Viper/886949850-wall-gecko-egyptian-saw-scaled-viper-wriggling-chad.jpg,886949850-wall-gecko-egyptian-saw-scaled-viper-wriggling-chad.jpg,.jpg,Venomous,Saw-scaled Viper,Venomous_Snake,960,540,RGB,45692,29e460384f70d5eb35e1c9bd5ceac88d078ed8177ea940a88c99345a2d1f1abe,9c111179f1e3e6c3,9878f41b2e3ed172,True,,,,True,TRAIN,False,NOT VERIFIED,DUPLICATE_REVIEW,near-duplicate candidate matching existing TRAIN image,JPEG,1.777778,,False
Venomous/Saw-scaled Viper/900-183593306-saw-scaled-viper.jpg,900-183593306-saw-scaled-viper.jpg,.jpg,Venomous,Saw-scaled Viper,Venomous_Snake,900,602,RGB,69964,55760e4a90ba2628e559c37244ec01a17069e5a8edf474ea39e602d3f3688a90,c8e5a1aab6b5ac25,86c1320cc1f37391,True,,,,True,TRAIN,False,NOT VERIFIED,DUPLICATE_REVIEW,near-duplicate candidate matching existing TRAIN image,JPEG,1.495017,,False
Venomous/Saw-scaled Viper/900-485595776-scaled-viper.jpg,900-485595776-scaled-viper.jpg,.jpg,Venomous,Saw-scaled Viper,Venomous_Snake,900,590,RGB,115402,ef3a56a037b39dd3d1f75791634f2a6d4f1f73d7c79bc5a0e70ead9784d42d68,adb6d06c36f0648d,2c393c0e6663a376,True,,,,True,TRAIN,False,NOT VERIFIED,DUPLICATE_REVIEW,near-duplicate candidate matching existing TRAIN image,JPEG,1.525424,,False
Venomous/Saw-scaled Viper/900-500394021-viper-echis.jpg,900-500394021-viper-echis.jpg,.jpg,Venomous,Saw-scaled Viper,Venomous_Snake,900,598,RGB,80030,43fc05fdc649561dbff1ff00b2607359c79f23a4d5ecbcefc5b32b3857c44fc7,85ca329ec84fafc8,514cc3c2d66e5e9e,True,,,,True,TRAIN,False,NOT VERIFIED,DUPLICATE_REVIEW,near-duplicate candidate matching existing TRAIN image,JPEG,1.505017,,False
Venomous/Saw-scaled Viper/90130058.jpg,90130058.jpg,.jpg,Venomous,Saw-scaled Viper,Venomous_Snake,700,381,RGB,160594,6e0eb50f51ad7d4e75886fe42fda425d5973591928949982b8f6c0ffee664e58,d92b86e569254af1,c379b1309a10c6f5,True,,,,True,TRAIN,False,NOT VERIFIED,DUPLICATE_REVIEW,near-duplicate candidate matching existing TRAIN image,JPEG,1.83727,,False
Venomous/Saw-scaled Viper/_62580566__45828483_saw_scaled_viper_spl.jpg,_62580566__45828483_saw_scaled_viper_spl.jpg,.jpg,Venomous,Saw-scaled Viper,Venomous_Snake,720,405,RGB,38053,c4c73670409ed66f78208c26130889e1c446d8f87763743034852cd11914d755,8b5c9f685159893e,706d7bd2c3c367f3,True,,,,True,TEST,False,NOT VERIFIED,LEAKAGE_RISK,near-duplicate candidate matching existing TEST image (HIGH_CONFIDENCE_NEAR_DUPLICATE),JPEG,1.777778,,False
Venomous/Saw-scaled Viper/_afe8d134-4e76-11e6-8d8d-a42edc5c5383.jpg,_afe8d134-4e76-11e6-8d8d-a42edc5c5383.jpg,.jpg,Venomous,Saw-scaled Viper,Venomous_Snake,640,327,RGB,32949,58004011c916e26b695fcc79ca7973d59dcedc783330a2bd707a55065e193b63,951f82541d5939e7,f86c507274d4ccd8,True,,,,True,TEST,False,NOT VERIFIED,LEAKAGE_RISK,near-duplicate candidate matching existing TEST image (HIGH_CONFIDENCE_NEAR_DUPLICATE),JPEG,1.957187,,False
Venomous/Saw-scaled Viper/_D096710.jpg,_D096710.jpg,.jpg,Venomous,Saw-scaled Viper,Venomous_Snake,800,533,RGB,363870,5f1b552bd1f211a438d6dbbd76dd120162272adaddc800debecc3463408ae909,b6c8c036eb38cd63,5170df3f5f660c1f,True,,,,True,TEST,False,NOT VERIFIED,LEAKAGE_RISK,near-duplicate candidate matching existing TEST image (HIGH_CONFIDENCE_NEAR_DUPLICATE),JPEG,1.500938,,False
Venomous/Saw-scaled Viper/_DSC0260.jpg,_DSC0260.jpg,.jpg,Venomous,Saw-scaled Viper,Venomous_Snake,1600,992,RGB,273758,2d66314c3dc1aedea5f2347f673ce806343f0c159b678887aa9c1a70a3572775,9143da3f2dec9314,6bc8d8e2b6b6b494,True,,,,True,TEST,False,NOT VERIFIED,LEAKAGE_RISK,near-duplicate candidate matching existing TEST image (HIGH_CONFIDENCE_NEAR_DUPLICATE),JPEG,1.612903,,False
Venomous/Saw-scaled Viper/_DSC0273g.jpg,_DSC0273g.jpg,.jpg,Venomous,Saw-scaled Viper,Venomous_Snake,1600,988,RGB,272265,e9ec5d25e36b164bcb42b170c278812b0a0e6017bdd8b260aa9e247702890c2b,ec53937c0dc3e11a,5a2cc4d63396a4e2,True,,,,True,TEST,False,NOT VERIFIED,LEAKAGE_RISK,near-duplicate candidate matching existing TEST image (HIGH_CONFIDENCE_NEAR_DUPLICATE),JPEG,1.619433,,False
Venomous/Saw-scaled Viper/African-Saw-Scaled-Viper-Echis+ocellatus.jpg,African-Saw-Scaled-Viper-Echis+ocellatus.jpg,.jpg,Venomous,Saw-scaled Viper,Venomous_Snake,320,206,RGB,30713,11f705c71c0c6ca6a4f3eac65e248f390ea5592a2dd1598d7f058566aa9c8e85,ff0f90078f88c4d9,f51b246743299999,True,,,,True,TRAIN,False,NOT VERIFIED,DUPLICATE_REVIEW,near-duplicate candidate matching existing TRAIN image,JPEG,1.553398,,False
Venomous/Saw-scaled Viper/arabic-saw-scaled-viper-palestine-saw-scaled-viper-echis-coloratus-CNW8JE.jpg,arabic-saw-scaled-viper-palestine-saw-scaled-viper-echis-coloratus-CNW8JE.jpg,.jpg,Venomous,Saw-scaled Viper,Venomous_Snake,1300,955,RGB,256591,ec0d799d2fcab26a60cede46c72d6c9377cf89deddcc998a397bf8e82425b56d,c6a5336625eb27a1,c6c0e6e785648105,True,,,,True,TEST,False,NOT VERIFIED,LEAKAGE_RISK,near-duplicate candidate matching existing TEST image (HIGH_CONFIDENCE_NEAR_DUPLICATE),JPEG,1.361257,,False
Venomous/Saw-scaled Viper/arabic-saw-scaled-viper-palestine-saw-scaled-viper-echis-coloratus-EBN3ET.jpg,arabic-saw-scaled-viper-palestine-saw-scaled-viper-echis-coloratus-EBN3ET.jpg,.jpg,Venomous,Saw-scaled Viper,Venomous_Snake,1300,937,RGB,128108,0610798bb1debf8faea6190e059d428208bead91e69b91e6504a7b3a4ee8969b,83e15c9f639d48b1,54dcdfdfcdfd7c68,True,,,,True,TEST,False,NOT VERIFIED,LEAKAGE_RISK,near-duplicate candidate matching existing TEST image (HIGH_CONFIDENCE_NEAR_DUPLICATE),JPEG,1.387407,,False
Venomous/Saw-scaled Viper/arabic-saw-scaled-viper-palestine-saw-scaled-viper-echis-coloratus-EBN3EW.jpg,arabic-saw-scaled-viper-palestine-saw-scaled-viper-echis-coloratus-EBN3EW.jpg,.jpg,Venomous,Saw-scaled Viper,Venomous_Snake,1300,943,RGB,132753,9fa538b0b7200dcd7ee171f92239c1420b5a984ad317a5f00532118d52ff3506,8c893f34d4637b0e,b673f3a1a4264f4d,True,,,,True,TEST,False,NOT VERIFIED,LEAKAGE_RISK,near-duplicate candidate matching existing TEST image (HIGH_CONFIDENCE_NEAR_DUPLICATE),JPEG,1.378579,,False
Venomous/Saw-scaled Viper/b447c6b7f0714cb8487330d3487a86c1--colorful-snakes-the-saw.jpg,b447c6b7f0714cb8487330d3487a86c1--colorful-snakes-the-saw.jpg,.jpg,Venomous,Saw-scaled Viper,Venomous_Snake,425,282,RGB,95842,d248c4addc6ebb8c01e6600bcab4e81575e384f1285584379feeb7334a726bd2,e892c01ed57f9649,8d999b1b13259383,True,,,,True,TEST,False,NOT VERIFIED,LEAKAGE_RISK,near-duplicate candidate matching existing TEST image (HIGH_CONFIDENCE_NEAR_DUPLICATE),JPEG,1.507092,,False
Venomous/Saw-scaled Viper/bigfour-venomics-blog-7.jpg,bigfour-venomics-blog-7.jpg,.jpg,Venomous,Saw-scaled Viper,Venomous_Snake,638,424,RGB,131725,6426bf42788181e050054fbcb462b48b0de6324da8d593fadb23643deedc1980,bed2e1dc87e28832,922aa9456e321f13,True,,,,True,TEST,False,NOT VERIFIED,LEAKAGE_RISK,near-duplicate candidate matching existing TEST image (HIGH_CONFIDENCE_NEAR_DUPLICATE),JPEG,1.504717,,False
Venomous/Saw-scaled Viper/ca58c07171fe7897f737fb00ac7ed33e.jpg,ca58c07171fe7897f737fb00ac7ed33e.jpg,.jpg,Venomous,Saw-scaled Viper,Venomous_Snake,500,306,RGB,97634,01d2a5a737d0fe24c23011fd34d1733f8f1edc8da0369b802f9fd0abc4fca906,bf6ad033233a7612,ebb327575f5c7874,True,,,,True,TEST,False,NOT VERIFIED,LEAKAGE_RISK,near-duplicate candidate matching existing TEST image (HIGH_CONFIDENCE_NEAR_DUPLICATE),JPEG,1.633987,,False
Venomous/Saw-scaled Viper/carpet_viper_2.jpg,carpet_viper_2.jpg,.jpg,Venomous,Saw-scaled Viper,Venomous_Snake,488,306,RGB,91431,9ad2bc95338f5fd39967a31ab47ea5bd77227fe1b6944f19fe98ece90108788e,bf64d0196b6c99c1,19e00e275b38a4c9,True,,,,True,TEST,False,NOT VERIFIED,LEAKAGE_RISK,near-duplicate candidate matching existing TEST image (HIGH_CONFIDENCE_NEAR_DUPLICATE),JPEG,1.594771,,False
Venomous/Saw-scaled Viper/ce2f4d7322c5e71302a9ce29bf3b74f5.jpg,ce2f4d7322c5e71302a9ce29bf3b74f5.jpg,.jpg,Venomous,Saw-scaled Viper,Venomous_Snake,220,165,RGB,15594,4a648c2d2e6be52a251c9642d9894d25b692af0a1c7a4d6943dfaf9dac583643,e97b6102bdf0a1a5,0f03133f67d18082,True,,,,True,TEST,False,NOT VERIFIED,LEAKAGE_RISK,near-duplicate candidate matching existing TEST image (HIGH_CONFIDENCE_NEAR_DUPLICATE),JPEG,1.333333,,False
Venomous/Saw-scaled Viper/Close-up-of-Palestine-saw-scaled-viper.jpg,Close-up-of-Palestine-saw-scaled-viper.jpg,.jpg,Venomous,Saw-scaled Viper,Venomous_Snake,650,430,RGB,102777,a2de01bf0ec4f61f255712f1c4177a67f9a12507d44009237767edcf4a50c108,a591662c9dc7a6b4,ce9aaaf233a3c6e6,True,,,,True,TEST,False,NOT VERIFIED,LEAKAGE_RISK,near-duplicate candidate matching existing TEST image (HIGH_CONFIDENCE_NEAR_DUPLICATE),JPEG,1.511628,,False
Venomous/Saw-scaled Viper/coiled-sind-saw-scaled-viper.jpg,coiled-sind-saw-scaled-viper.jpg,.jpg,Venomous,Saw-scaled Viper,Venomous_Snake,200,145,RGB,7939,055c016e08880aa7f2d10f68d8807303f303b2fa009322e5e842d9540b5a5efd,80777364c8f31e1d,8a8e79f0f4e6ddd1,True,,,,True,TEST,False,NOT VERIFIED,LEAKAGE_RISK,near-duplicate candidate matching existing TEST image (HIGH_CONFIDENCE_NEAR_DUPLICATE),JPEG,1.37931,,False
Venomous/Saw-scaled Viper/CY025J-1.jpg,CY025J-1.jpg,.jpg,Venomous,Saw-scaled Viper,Venomous_Snake,2048,1360,RGB,290213,69853efd59e6b0aa387707aee0bca1907d3dfdd3c71ffa0aab598ce5ec44a4f8,9f1c1c26c98b769c,3d3a3a6b494d6d70,True,,,,True,TEST,False,NOT VERIFIED,LEAKAGE_RISK,near-duplicate candidate matching existing TEST image (HIGH_CONFIDENCE_NEAR_DUPLICATE),JPEG,1.505882,,False
Venomous/Saw-scaled Viper/deadliest-world-Echis_carinatus.jpg,deadliest-world-Echis_carinatus.jpg,.jpg,Venomous,Saw-scaled Viper,Venomous_Snake,640,480,RGB,47722,bd7537ebe341d5030db10dde35031593c3dc427a242b9ca67032dd30b8da48af,ec74c19332c90f2f,0f0623232f2393a2,True,,,,True,TEST,False,NOT VERIFIED,LEAKAGE_RISK,near-duplicate candidate matching existing TEST image (HIGH_CONFIDENCE_NEAR_DUPLICATE),JPEG,1.333333,,False
Venomous/Saw-scaled Viper/Deinagkistrodon-acutus-coiled-up.jpg,Deinagkistrodon-acutus-coiled-up.jpg,.jpg,Venomous,Saw-scaled Viper,Venomous_Snake,650,435,RGB,103475,ee5cc18c8fc2fc44b264d6dc1ef99931f3ba08f62286c2c9d2830f8cef67e918,cb9faa41250535f6,7b69645696d1e923,True,,,,True,TRAIN,False,NOT VERIFIED,DUPLICATE_REVIEW,near-duplicate candidate matching existing TRAIN image,JPEG,1.494253,,False
Venomous/Saw-scaled Viper/Desktop14 copy.jpg,Desktop14 copy.jpg,.jpg,Venomous,Saw-scaled Viper,Venomous_Snake,640,360,RGB,83399,fa05dc941ec7f1e9ca1fda51fde79b3ee3889bfe8870083c5a21db6cb332d134,dd2120dfa7c80a5f,9686ea2a6b333321,True,,,,True,VALIDATION,False,NOT VERIFIED,DUPLICATE_REVIEW,near-duplicate candidate matching existing VALIDATION image,JPEG,1.777778,,False
Venomous/Saw-scaled Viper/DSC00767.jpg,DSC00767.jpg,.jpg,Venomous,Saw-scaled Viper,Venomous_Snake,1024,685,RGB,135188,fab6c40fa18cea8b27fc60a0060e488733f48e74f7b4faae5d9e6339bd4f1d5a,8b7459bb8e22ec43,785465e96b7bfb7b,True,,,,True,TRAIN,False,NOT VERIFIED,DUPLICATE_REVIEW,near-duplicate candidate matching existing TRAIN image,JPEG,1.494891,,False
Venomous/Saw-scaled Viper/dsc_5371_720.jpg,dsc_5371_720.jpg,.jpg,Venomous,Saw-scaled Viper,Venomous_Snake,720,480,RGB,177365,a0cbd4068161bf83e3794deb5e6f8ddf271443fe008155eba707b5909fa5b71e,b4040f3739e5b2f8,76b694961d0c4732,True,,,,True,TEST,False,NOT VERIFIED,LEAKAGE_RISK,near-duplicate candidate matching existing TEST image (HIGH_CONFIDENCE_NEAR_DUPLICATE),JPEG,1.5,,False
Venomous/Saw-scaled Viper/eade0eaff607199224e4384a528cd8cc--viper-snakes.jpg,eade0eaff607199224e4384a528cd8cc--viper-snakes.jpg,.jpg,Venomous,Saw-scaled Viper,Venomous_Snake,236,168,RGB,14503,1e23316fbe03b7b9cd5c601c5700ed4fd00bb2934447d2b726466fd7a2617324,e199ce328da71aa6,9110f1d6d70f07c3,True,,,,True,TRAIN,False,NOT VERIFIED,DUPLICATE_REVIEW,near-duplicate candidate matching existing TRAIN image,JPEG,1.404762,,False
Venomous/Saw-scaled Viper/Echis carinatus sinhaleyus_001.jpg,Echis carinatus sinhaleyus_001.jpg,.jpg,Venomous,Saw-scaled Viper,Venomous_Snake,500,324,RGB,52356,fa1788cd42183746bd98baa9a0f041524ad7a2ac970eaf476f402a44500d95a8,f228df66c8f0a28d,155d9595a74c0c30,True,,,,True,TEST,False,NOT VERIFIED,LEAKAGE_RISK,near-duplicate candidate matching existing TEST image (HIGH_CONFIDENCE_NEAR_DUPLICATE),JPEG,1.54321,,False
Venomous/Saw-scaled Viper/echis-carinata-saw-scaled-viper-non-venomous-photographed-in-pune-h9erx8_001.jpg,echis-carinata-saw-scaled-viper-non-venomous-photographed-in-pune-h9erx8_001.jpg,.jpg,Venomous,Saw-scaled Viper,Venomous_Snake,640,451,RGB,89637,b35b5118b9839ce1ed8c82a85214394bd3707be0922100c0aaf911ca65ed49be,e14efe75a218a50e,0771f09392969347,True,,,,True,TRAIN,False,NOT VERIFIED,DUPLICATE_REVIEW,near-duplicate candidate matching existing TRAIN image,JPEG,1.419069,,False
Venomous/Saw-scaled Viper/Echis-carinatus-03000022332_01.jpg,Echis-carinatus-03000022332_01.jpg,.jpg,Venomous,Saw-scaled Viper,Venomous_Snake,560,373,RGB,60282,3a159c1cca3c429ac39874240df2b7201275ce390ab15efa31c4d39c72dc4e38,b19b832c4772c93b,4e58181aa6b68ccc,True,,,,True,TRAIN,False,NOT VERIFIED,DUPLICATE_REVIEW,near-duplicate candidate matching existing TRAIN image,JPEG,1.50134,,False
Venomous/Saw-scaled Viper/Echis-carinatus-03000025920_01.jpg,Echis-carinatus-03000025920_01.jpg,.jpg,Venomous,Saw-scaled Viper,Venomous_Snake,560,373,RGB,42415,11ebd982ecf59b6bce0383da31725cab97f9205b50e579bbd773a9f9b8e088b4,e435716c9479eb06,0e2e5464e4758394,True,,,,True,TRAIN,False,NOT VERIFIED,DUPLICATE_REVIEW,near-duplicate candidate matching existing TRAIN image,JPEG,1.50134,,False
Venomous/Saw-scaled Viper/Echis-carinatus-03000032248_01.jpg,Echis-carinatus-03000032248_01.jpg,.jpg,Venomous,Saw-scaled Viper,Venomous_Snake,560,478,RGB,68787,430431ac007d469c03759c399b44497ae8dd7465463af860951a22795b49da19,911e533d7c632c63,b8b8c8a89ad6dac8,True,,,,True,TRAIN,False,NOT VERIFIED,DUPLICATE_REVIEW,near-duplicate candidate matching existing TRAIN image,JPEG,1.171548,,False
Venomous/Saw-scaled Viper/Echis-carinatus-03000032251_01.jpg,Echis-carinatus-03000032251_01.jpg,.jpg,Venomous,Saw-scaled Viper,Venomous_Snake,560,376,RGB,43787,cd299165d916baeb7ec2ad7a36b685a7ea38b6fa7b8618e4bec89ed490310be3,816814b74b9a7ba7,ee92b3bbcacaecfa,True,,,,True,TRAIN,False,NOT VERIFIED,DUPLICATE_REVIEW,near-duplicate candidate matching existing TRAIN image,JPEG,1.489362,,False
Venomous/Saw-scaled Viper/echis-carinatus-saw-scaled-viper-commonly-called-venomous-species-found-parts-middle-east-central-64401743.jpg,echis-carinatus-saw-scaled-viper-commonly-called-venomous-species-found-parts-middle-east-central-64401743.jpg,.jpg,Venomous,Saw-scaled Viper,Venomous_Snake,1300,951,RGB,219713,ec6c0292427345416df9194b772ca23774f6d4a43cbe76fc852a89f6018c3c40,854fe7649a60da35,e0f07038b8acd6db,True,,,,True,TRAIN,False,NOT VERIFIED,DUPLICATE_REVIEW,near-duplicate candidate matching existing TRAIN image,JPEG,1.366982,,False
Venomous/Saw-scaled Viper/echis-carinatus-saw-scaled-viper-commonly-called-venomous-species-found-parts-middle-east-central-64402010.jpg,echis-carinatus-saw-scaled-viper-commonly-called-venomous-species-found-parts-middle-east-central-64402010.jpg,.jpg,Venomous,Saw-scaled Viper,Venomous_Snake,1300,951,RGB,292993,8ff3be073a829cddd0bedbd9909054b5a241fb2cefe6c45f7d2c2b7b8a5557bf,a7319a469b79cc58,4c4e1e1ecc648ff1,True,,,,True,TRAIN,False,NOT VERIFIED,DUPLICATE_REVIEW,near-duplicate candidate matching existing TRAIN image,JPEG,1.366982,,False
Venomous/Saw-scaled Viper/echis-carinatus-saw-scaled-viper-commonly-called-venomous-species-found-parts-middle-east-central-64402010_001.jpg,echis-carinatus-saw-scaled-viper-commonly-called-venomous-species-found-parts-middle-east-central-64402010_001.jpg,.jpg,Venomous,Saw-scaled Viper,Venomous_Snake,242,160,RGB,22400,30d331d243673a3c24b3d50a53664248cd00cdd53cc6f8189aec1832b4b77723,b6319ec6d96dc830,6c4c1e1ece44259b,True,,,,True,TRAIN,False,NOT VERIFIED,DUPLICATE_REVIEW,near-duplicate candidate matching existing TRAIN image,JPEG,1.5125,,False
Venomous/Saw-scaled Viper/echis-coloratus-painted-saw-scaled-viper-BN1NXB.jpg,echis-coloratus-painted-saw-scaled-viper-BN1NXB.jpg,.jpg,Venomous,Saw-scaled Viper,Venomous_Snake,1300,953,RGB,240485,2e667f3c0d2005f4e0eac2c51ff23e15b743f7c765ba13770de4b8e3c1414a63,b7b5529445c95794,9c0c6f53160df70b,True,,,,True,TRAIN,False,NOT VERIFIED,DUPLICATE_REVIEW,near-duplicate candidate matching existing TRAIN image,JPEG,1.364113,,False
Venomous/Saw-scaled Viper/echis-coloratus-saw-scaled-viper-bcpdaa.jpg,echis-coloratus-saw-scaled-viper-bcpdaa.jpg,.jpg,Venomous,Saw-scaled Viper,Venomous_Snake,450,320,RGB,42315,525fd6c729ad230e788760b09653f9823a1382cc83e1d6bb98a1668c42abe592,b67cf012e2239b1b,8d36764ddddd8c4e,True,,,,True,TRAIN,False,NOT VERIFIED,DUPLICATE_REVIEW,near-duplicate candidate matching existing TRAIN image,JPEG,1.40625,,False
Venomous/Saw-scaled Viper/echis-coloratus-saw-scaled-viper-bddyte.jpg,echis-coloratus-saw-scaled-viper-bddyte.jpg,.jpg,Venomous,Saw-scaled Viper,Venomous_Snake,450,319,RGB,35922,f1f6396531aec0fb0b2d1a8613fb733b922b9c463ce1d716a718e0d58f99ee8d,e7123f6c8033c61f,0628e8d8c1460e56,True,,,,True,TRAIN,False,NOT VERIFIED,DUPLICATE_REVIEW,near-duplicate candidate matching existing TRAIN image,JPEG,1.410658,,False
Venomous/Saw-scaled Viper/echis-coloratus.jpg,echis-coloratus.jpg,.jpg,Venomous,Saw-scaled Viper,Venomous_Snake,537,414,RGB,103249,0c3e90a26a139098c69fd68d4c7e9f60807706824714902db5312078bef4783d,a9e8ef6e46ec6820,27bb93b0d9674e5a,True,,,,True,TRAIN,False,NOT VERIFIED,DUPLICATE_REVIEW,near-duplicate candidate matching existing TRAIN image,JPEG,1.297101,,False
Venomous/Saw-scaled Viper/Echis_carinatus(Saw_Scaled_Viper)_Phansad.jpg,Echis_carinatus(Saw_Scaled_Viper)_Phansad.jpg,.jpg,Venomous,Saw-scaled Viper,Venomous_Snake,2922,1908,RGB,4728399,14c2f40b49b1287d2316b4134dc9050212641352d2d70889c137fd179aeff27f,86d9b5ac9d141ae5,b6dbe9e276a5e645,True,,,,True,TRAIN,False,NOT VERIFIED,DUPLICATE_REVIEW,near-duplicate candidate matching existing TRAIN image,JPEG,1.531447,,False
Venomous/Saw-scaled Viper/Echis_carinatus5.jpg,Echis_carinatus5.jpg,.jpg,Venomous,Saw-scaled Viper,Venomous_Snake,200,134,RGB,14934,a9166cf341749291795eeea43b6606febad3efa8d9bec568ae445e70ceda2a6c,e2099d56d93936d8,52630d95d54dad04,True,,,,True,TRAIN,False,NOT VERIFIED,DUPLICATE_REVIEW,near-duplicate candidate matching existing TRAIN image,JPEG,1.492537,,False
Venomous/Saw-scaled Viper/Echis_carinatus_Genève_24102014_3-1024x681.jpg,Echis_carinatus_Genève_24102014_3-1024x681.jpg,.jpg,Venomous,Saw-scaled Viper,Venomous_Snake,1024,681,RGB,151773,8ed6d4226c388e0cbf53f994ff84a014df0ebb8551b568753a6a30fa3dacc124,c4de3f25d81a2743,3422a8b086c61b89,True,,,,True,TRAIN,False,NOT VERIFIED,DUPLICATE_REVIEW,near-duplicate candidate matching existing TRAIN image,JPEG,1.503671,,False
Venomous/Saw-scaled Viper/Echis_carinatus_head_sal.jpg,Echis_carinatus_head_sal.jpg,.jpg,Venomous,Saw-scaled Viper,Venomous_Snake,640,402,RGB,146180,f975e23c1b96b92543efbfe80dad51ad1940c3dd0950538ee53266a0a121930e,adf1c71ca03cab86,8e0a0f17273b27c7,True,,,,True,TEST,False,NOT VERIFIED,LEAKAGE_RISK,near-duplicate candidate matching existing TEST image (HIGH_CONFIDENCE_NEAR_DUPLICATE),JPEG,1.59204,,False
Venomous/Saw-scaled Viper/Echis_carinatus_sm.jpg,Echis_carinatus_sm.jpg,.jpg,Venomous,Saw-scaled Viper,Venomous_Snake,876,605,RGB,154272,b254d2646663c782f6365dca83e69f0623368b0dc0292204c43e60184b788fc4,a759dc97c8e3e202,b232c5ca6e4e4e23,True,,,,True,TRAIN,False,NOT VERIFIED,DUPLICATE_REVIEW,near-duplicate candidate matching existing TRAIN image,JPEG,1.447934,,False
Venomous/Saw-scaled Viper/Echis_coloratus-2.jpg,Echis_coloratus-2.jpg,.jpg,Venomous,Saw-scaled Viper,Venomous_Snake,900,600,RGB,206300,2ff5f757ef81a728f4c2361f5417c2f6cd822b024eec888f145a7e8d9d4dc028,fa7e011bce80d8d6,710b0b23311bdb23,True,,,,True,TRAIN,False,NOT VERIFIED,DUPLICATE_REVIEW,near-duplicate candidate matching existing TRAIN image,JPEG,1.5,,False
Venomous/Saw-scaled Viper/Echis_coloratus.jpg,Echis_coloratus.jpg,.jpg,Venomous,Saw-scaled Viper,Venomous_Snake,900,600,RGB,153994,ef41adf3026a78e3d0600965d8380724b19acf764baa7f7a75134fae74e523b3,ba24a5798ed2354e,0f8fcc69711a4967,True,,,,True,VALIDATION,False,NOT VERIFIED,DUPLICATE_REVIEW,near-duplicate candidate matching existing VALIDATION image,JPEG,1.5,,False
"Venomous/Saw-scaled Viper/flat,1000x1000,075,f.u4.jpg","flat,1000x1000,075,f.u4.jpg",.jpg,Venomous,Saw-scaled Viper,Venomous_Snake,1000,594,RGB,228596,25eccd42f7f99f4bcd062c987cd9fdc06dbfcc05633910c4a671c1d13069a44d,d8e03f8e62d84e27,61991299e870380a,True,,,,True,VALIDATION,False,NOT VERIFIED,DUPLICATE_REVIEW,near-duplicate candidate matching existing VALIDATION image,JPEG,1.683502,,False
Venomous/Saw-scaled Viper/Head-of-Sind-saw-scaled-viper.jpg,Head-of-Sind-saw-scaled-viper.jpg,.jpg,Venomous,Saw-scaled Viper,Venomous_Snake,650,435,RGB,64340,8e1b8b5dc1a801c21832dd1367d66a91277bdf1ec91209eed47eb7ac56d14327,b948c632e1dde3c4,9930721a1b0d2efb,True,,,,True,TRAIN,False,NOT VERIFIED,DUPLICATE_REVIEW,near-duplicate candidate matching existing TRAIN image,JPEG,1.494253,,False
Venomous/Saw-scaled Viper/hqdefault.jpg,hqdefault.jpg,.jpg,Venomous,Saw-scaled Viper,Venomous_Snake,480,360,RGB,19982,fe6d554dc8f0fce12000887d055a9a4de20c2606771d85de4b3c6342a2384c9a,8b6b74901b9f4ec4,18cb6069f1f8dcc4,True,,,,True,TRAIN,False,NOT VERIFIED,DUPLICATE_REVIEW,near-duplicate candidate matching existing TRAIN image,JPEG,1.333333,,False
Venomous/Saw-scaled Viper/hqdefault_003.jpg,hqdefault_003.jpg,.jpg,Venomous,Saw-scaled Viper,Venomous_Snake,480,360,RGB,19602,c4475b854da2831559356cda177a89e93e5f82f933ab7f459d08118fc4dd387a,f3736e0599c9894c,030f0f19198e4e03,True,,,,True,TRAIN,False,NOT VERIFIED,DUPLICATE_REVIEW,near-duplicate candidate matching existing TRAIN image,JPEG,1.333333,,False
Venomous/Saw-scaled Viper/hqdefault_004.jpg,hqdefault_004.jpg,.jpg,Venomous,Saw-scaled Viper,Venomous_Snake,480,360,RGB,12135,41f5075363fd062a7267ba1846bea8a0ffa0e613e41ce730a3199f0687325282,b6c4c93f66601bc3,c0f08c060c38b0f0,True,,,,True,TRAIN,False,NOT VERIFIED,DUPLICATE_REVIEW,near-duplicate candidate matching existing TRAIN image,JPEG,1.333333,,False
Venomous/Saw-scaled Viper/hqdefault_007.jpg,hqdefault_007.jpg,.jpg,Venomous,Saw-scaled Viper,Venomous_Snake,480,360,RGB,42461,a5a995f47c4819d06760d9f04f79accc2a0497681a9ad6bd053378cc579f8f7b,c01b3f0e9a954f72,e8909094a8e68e8a,True,,,,True,TRAIN,False,NOT VERIFIED,DUPLICATE_REVIEW,near-duplicate candidate matching existing TRAIN image,JPEG,1.333333,,False
Venomous/Saw-scaled Viper/hqdefault_008.jpg,hqdefault_008.jpg,.jpg,Venomous,Saw-scaled Viper,Venomous_Snake,480,360,RGB,20343,7859a374981c980707acb5bf006aafd14da10336c15f9e7b8bc6965efd807c2a,f5f6c2491ce431b2,f0c88cb63292f2f8,True,,,,True,VALIDATION,False,NOT VERIFIED,DUPLICATE_REVIEW,near-duplicate candidate matching existing VALIDATION image,JPEG,1.333333,,False
Venomous/Saw-scaled Viper/hqdefault_009.jpg,hqdefault_009.jpg,.jpg,Venomous,Saw-scaled Viper,Venomous_Snake,480,360,RGB,29506,8c0609086276b6b460e7ba5d77422ce2cf207ba2cb6de6245ea9a5dd0cdbabb4,e1b39c4321fdc20f,c8ec4d96df8832b4,True,,,,True,TRAIN,False,NOT VERIFIED,DUPLICATE_REVIEW,near-duplicate candidate matching existing TRAIN image,JPEG,1.333333,,False
Venomous/Saw-scaled Viper/ht_saw_scaled_viper_heart_attack_treatment_lpl_130221_wmain.jpg,ht_saw_scaled_viper_heart_attack_treatment_lpl_130221_wmain.jpg,.jpg,Venomous,Saw-scaled Viper,Venomous_Snake,640,360,RGB,98089,6ad8e486794aa940659188b0f311f5a58cc6805cf44fb3c7285294cc74bd6f66,f6abc1ae34d50a32,1e3335242c64d494,True,,,,True,VALIDATION,False,NOT VERIFIED,DUPLICATE_REVIEW,near-duplicate candidate matching existing VALIDATION image,JPEG,1.777778,,False
Venomous/Saw-scaled Viper/image354.jpg,image354.jpg,.jpg,Venomous,Saw-scaled Viper,Venomous_Snake,350,237,RGB,15287,556344fdbfab5f837af45eef94055fe31e73883775dc8f3c11d9e897f74810e5,f3e0851f949a589e,e68b91556419d9f0,True,,,,True,TRAIN,False,NOT VERIFIED,DUPLICATE_REVIEW,near-duplicate candidate matching existing TRAIN image,JPEG,1.476793,,False
Venomous/Saw-scaled Viper/img_2505.jpg,img_2505.jpg,.jpg,Venomous,Saw-scaled Viper,Venomous_Snake,2431,1824,RGB,2778284,f14ad0f3074c8ad9c06a9c29a17de829d09badf11cfb215e4a2db29535d5056f,d8f4095faf4a146a,2828ac021e3081d3,True,,,,True,VALIDATION,False,NOT VERIFIED,DUPLICATE_REVIEW,near-duplicate candidate matching existing VALIDATION image,JPEG,1.332785,,False
Venomous/Saw-scaled Viper/IMG_3806-2.jpg,IMG_3806-2.jpg,.jpg,Venomous,Saw-scaled Viper,Venomous_Snake,4170,2777,RGB,1438464,8c258459e6210cab5992c81c91b7bf46caf85b743ca73d2991f980857c82f90d,9ec129b6224f1737,d99ab1a1ec2c31ef,True,,,,True,TRAIN,False,NOT VERIFIED,DUPLICATE_REVIEW,near-duplicate candidate matching existing TRAIN image,JPEG,1.50162,,False
Venomous/Saw-scaled Viper/IMG_3808-2.jpg,IMG_3808-2.jpg,.jpg,Venomous,Saw-scaled Viper,Venomous_Snake,1834,1293,RGB,445735,70c63c031bde35f4032478156a036b144a0cd97647ef785e4073cb05ab42238a,8b8e7c3a83345ce3,647965fbd9358bd2,True,,,,True,TRAIN,False,NOT VERIFIED,DUPLICATE_REVIEW,near-duplicate candidate matching existing TRAIN image,JPEG,1.418407,,False
Venomous/Saw-scaled Viper/IMG_4386-2.jpg,IMG_4386-2.jpg,.jpg,Venomous,Saw-scaled Viper,Venomous_Snake,3267,2265,RGB,1688886,83ea1a4f9ec9d76f6342af190a5eefb778677eef86d34c87d47bc5dcab13d0b4,f09e61ccc35dc631,808814180c2892cc,True,EXACT0001,,,True,TRAIN,True,NOT VERIFIED,DUPLICATE_REVIEW,exact duplicate within new dataset,JPEG,1.442384,,False
Venomous/Saw-scaled Viper/IMG_4588.jpg,IMG_4588.jpg,.jpg,Venomous,Saw-scaled Viper,Venomous_Snake,3456,2304,RGB,3705930,219a184f7d9356710c6ad873f8c073f4c74920f11dfd6df2c3ac6fbc3478e021,87569853e5603b7a,387426ce4e5c97b2,True,,,,True,TRAIN,False,NOT VERIFIED,DUPLICATE_REVIEW,near-duplicate candidate matching existing TRAIN image,JPEG,1.5,,False
Venomous/Saw-scaled Viper/indian-saw-scaled-viper-echis-carinatus-hpwf67.jpg,indian-saw-scaled-viper-echis-carinatus-hpwf67.jpg,.jpg,Venomous,Saw-scaled Viper,Venomous_Snake,640,447,RGB,47694,3eabab2380e16b65fe86afe8d40dd6ac7a7224b6e2fe451344f07eeea6740f89,a535b650dc16768b,16de4f371394cc37,True,,,,True,TRAIN,False,NOT VERIFIED,DUPLICATE_REVIEW,near-duplicate candidate matching existing TRAIN image,JPEG,1.431767,,False
Venomous/Saw-scaled Viper/indian-saw-scaled-viper-echis-carinatus-HPWF67_001.jpg,indian-saw-scaled-viper-echis-carinatus-HPWF67_001.jpg,.jpg,Venomous,Saw-scaled Viper,Venomous_Snake,1300,956,RGB,134926,f11fc21807505f58a620f3e4e0a4c7ec95a946d659eff6007bf79bc823de631e,a1b536d05c9e768a,16cf4f33938c6d23,True,,,,True,TRAIN,False,NOT VERIFIED,DUPLICATE_REVIEW,near-duplicate candidate matching existing TRAIN image,JPEG,1.359833,,False
Venomous/Saw-scaled Viper/indian-saw-scaled-viper-echis-carinatus-HPWF6H.jpg,indian-saw-scaled-viper-echis-carinatus-HPWF6H.jpg,.jpg,Venomous,Saw-scaled Viper,Venomous_Snake,1300,956,RGB,174559,db1c483cfc316b0bf640af5e318087ed21378a6e7c36440f40aaad5e32564a31,cb94c8c81fc33799,e0844c4c5943d109,True,,,,True,TRAIN,False,NOT VERIFIED,DUPLICATE_REVIEW,near-duplicate candidate matching existing TRAIN image,JPEG,1.359833,,False
Venomous/Saw-scaled Viper/large.jpg,large.jpg,.jpg,Venomous,Saw-scaled Viper,Venomous_Snake,350,260,RGB,39642,ad12782bbc05a1dbce30014d138187ab82aca428f20c348d40f9c70bdad521e5,bfccc11983b89f30,9a2624277e3a9b4a,True,,,,True,TRAIN,False,NOT VERIFIED,DUPLICATE_REVIEW,near-duplicate candidate matching existing TRAIN image,JPEG,1.346154,,False
Venomous/Saw-scaled Viper/maxresdefault_001.jpg,maxresdefault_001.jpg,.jpg,Venomous,Saw-scaled Viper,Venomous_Snake,1920,1080,RGB,242743,f028fb6ab02fe600e4f379bfe410f057873fc399771e4812d3b4ddb54e3d99a5,fd06ddd1e10616d8,80222cc69b993232,True,,,,True,TRAIN,False,NOT VERIFIED,DUPLICATE_REVIEW,near-duplicate candidate matching existing TRAIN image,JPEG,1.777778,,False
Venomous/Saw-scaled Viper/maxresdefault_002.jpg,maxresdefault_002.jpg,.jpg,Venomous,Saw-scaled Viper,Venomous_Snake,1946,1461,RGB,335619,c85af7d3680324621380060a50bf07b020542355a1a07b8687b34ff93722b423,8f3624c99935ce1b,7e356d9e79e35e73,True,,,,True,VALIDATION,False,NOT VERIFIED,DUPLICATE_REVIEW,near-duplicate candidate matching existing VALIDATION image,JPEG,1.331964,,False
Venomous/Saw-scaled Viper/maxresdefault_003.jpg,maxresdefault_003.jpg,.jpg,Venomous,Saw-scaled Viper,Venomous_Snake,1500,947,RGB,229014,02a8ea5641d146f7779318820761fbf3478c2dc4d8460c295020ae18139a8544,95d463842ecb3c3e,d4d43ad934b6d908,True,,,,True,TRAIN,False,NOT VERIFIED,DUPLICATE_REVIEW,near-duplicate candidate matching existing TRAIN image,JPEG,1.583949,,False
Venomous/Saw-scaled Viper/maxresdefault_006.jpg,maxresdefault_006.jpg,.jpg,Venomous,Saw-scaled Viper,Venomous_Snake,1920,1080,RGB,282081,09011c9a99ab0594c1aac739252a091a37dc82d64823d87bf45fc51e83eeb505,f5bc720e8370d531,1e3632e263760c88,True,,,,True,TRAIN,False,NOT VERIFIED,DUPLICATE_REVIEW,near-duplicate candidate matching existing TRAIN image,JPEG,1.777778,,False
Venomous/Saw-scaled Viper/maxresdefault_007.jpg,maxresdefault_007.jpg,.jpg,Venomous,Saw-scaled Viper,Venomous_Snake,1280,720,RGB,57018,76b2bf7d0863656fd6b18266cc90e6bd2e1d23348d6cc7af465448cdb0b74583,942241dd6ccfb8b6,9e9c0d263c3030f0,True,,,,True,TRAIN,False,NOT VERIFIED,DUPLICATE_REVIEW,near-duplicate candidate matching existing TRAIN image,JPEG,1.777778,,False
Venomous/Saw-scaled Viper/maxresdefault_008.jpg,maxresdefault_008.jpg,.jpg,Venomous,Saw-scaled Viper,Venomous_Snake,1280,720,RGB,76176,d0bfb7d9c0fc6a655e3a9869c495e142050416dff2927406acb09e510c591e96,c6707ab5d12a956c,080184c1667061f0,True,,,,True,TRAIN,False,NOT VERIFIED,DUPLICATE_REVIEW,near-duplicate candidate matching existing TRAIN image,JPEG,1.777778,,False
Venomous/Saw-scaled Viper/maxresdefault_009.jpg,maxresdefault_009.jpg,.jpg,Venomous,Saw-scaled Viper,Venomous_Snake,1280,720,RGB,156642,ad17979685b645d1ad2972c0f363951af5e9db1ef058661f6e9f13ebd7ec1dfa,a8a1974ba6a0f3ec,eef29f87a71bb76c,True,,,,True,TRAIN,False,NOT VERIFIED,DUPLICATE_REVIEW,near-duplicate candidate matching existing TRAIN image,JPEG,1.777778,,False
Venomous/Saw-scaled Viper/Oman-saw-scaled-viper-flicking-tongue.jpg,Oman-saw-scaled-viper-flicking-tongue.jpg,.jpg,Venomous,Saw-scaled Viper,Venomous_Snake,650,435,RGB,123067,6e5cecb437da33a74e5f804c8019612122c6d44a0040470a4de426164e85e16d,e9169669839e2ea3,3238f5aadb1392db,True,,,,True,VALIDATION,False,NOT VERIFIED,DUPLICATE_REVIEW,near-duplicate candidate matching existing VALIDATION image,JPEG,1.494253,,False
Venomous/Saw-scaled Viper/Oman-saw-scaled-viper.jpg,Oman-saw-scaled-viper.jpg,.jpg,Venomous,Saw-scaled Viper,Venomous_Snake,650,435,RGB,83886,fde016ad5df9a002f0ccbca90d33ce0f219c23125af557efe2bc8772c642db06,8af2b76895656193,99a9dbb2b1a3e3de,True,,,,True,TRAIN,False,NOT VERIFIED,DUPLICATE_REVIEW,near-duplicate candidate matching existing TRAIN image,JPEG,1.494253,,False
Venomous/Saw-scaled Viper/Saw Scaled Viper Echis_carinatus.jpg,Saw Scaled Viper Echis_carinatus.jpg,.jpg,Venomous,Saw-scaled Viper,Venomous_Snake,610,402,RGB,68566,1e517525f6b373bfce9479f4b0b7f97a145a71b12636da570dffbfe1cc86abdb,f33984e6d8d1c0ce,1e7f191809cccce1,True,,,,True,TRAIN,False,NOT VERIFIED,DUPLICATE_REVIEW,near-duplicate candidate matching existing TRAIN image,JPEG,1.517413,,False
Venomous/Saw-scaled Viper/saw scaled viper.gif,saw scaled viper.gif,.gif,Venomous,Saw-scaled Viper,Venomous_Snake,440,423,P,145256,d8d6d90563e2551a88e56e18b94bf0913bd7928382cb85f284096f855b6b2d6a,e3976bd01cea98c1,674e5b34b4898303,True,,,,False,,False,NOT VERIFIED,PROVENANCE_REVIEW,source provenance and training reuse rights not verified,GIF,1.040189,,False
Venomous/Saw-scaled Viper/Saw Scaled Viper.jpg,Saw Scaled Viper.jpg,.jpg,Venomous,Saw-scaled Viper,Venomous_Snake,400,272,RGB,58107,62d2545d99325110fb71316150376dc12389ea0834aafbe17d0fcfa346eecd27,a5b39e4b692d4564,daccce8ad3d1b634,True,,,,True,TRAIN,False,NOT VERIFIED,DUPLICATE_REVIEW,near-duplicate candidate matching existing TRAIN image,JPEG,1.470588,,False
Venomous/Saw-scaled Viper/saw-scale-viper-h.jpg,saw-scale-viper-h.jpg,.jpg,Venomous,Saw-scaled Viper,Venomous_Snake,520,358,RGB,45764,899cd780c5c645e81f687bb9aea4fd7f13628fd2ec469e92ab5e2786d067bc78,e31763915570d6c3,ce5b2c34928981c3,True,,,,True,TRAIN,False,NOT VERIFIED,DUPLICATE_REVIEW,near-duplicate candidate matching existing TRAIN image,JPEG,1.452514,,False
Venomous/Saw-scaled Viper/saw-scale-viper.jpg,saw-scale-viper.jpg,.jpg,Venomous,Saw-scaled Viper,Venomous_Snake,240,126,RGB,14627,00a7fc9fbb263864a718d8e3c1b82d9d183a88ca99ac650d046f152b118602dd,818a1ee16f36eaac,d3d1bdcac2d19c36,True,,,,True,TRAIN,False,NOT VERIFIED,DUPLICATE_REVIEW,near-duplicate candidate matching existing TRAIN image,JPEG,1.904762,,False
Venomous/Saw-scaled Viper/saw-scaled VIPER.jpg,saw-scaled VIPER.jpg,.jpg,Venomous,Saw-scaled Viper,Venomous_Snake,549,800,RGB,238443,a18b7429dea01f361051604b871d748b868b130de3d28a7a6efe91c057dd15dd,b30dc6f2d6390969,6e0e131f0c0b0e4c,True,,,,True,TRAIN,False,NOT VERIFIED,DUPLICATE_REVIEW,near-duplicate candidate matching existing TRAIN image,JPEG,0.68625,,False
Venomous/Saw-scaled Viper/Saw-scaled Viper_002.jpg,Saw-scaled Viper_002.jpg,.jpg,Venomous,Saw-scaled Viper,Venomous_Snake,2592,1944,RGB,2881324,65f5d790876073d63e6643a797c6a69f07fcabbf23ba16f46fb72a8f847756b5,c92aba3ca6e3c09d,3353d2535291d358,True,,,,True,VALIDATION,False,NOT VERIFIED,DUPLICATE_REVIEW,near-duplicate candidate matching existing VALIDATION image,JPEG,1.333333,,False
Venomous/Saw-scaled Viper/saw-scaled-pit-viper-16799779.jpg,saw-scaled-pit-viper-16799779.jpg,.jpg,Venomous,Saw-scaled Viper,Venomous_Snake,400,300,RGB,101343,702a6322ef72812848bddfd6fd86e1a489262171b87b1ab9d40dbf1ba8a8d0fd,f6d4c2c70f996134,5b0c962726461919,True,,,,True,TRAIN,False,NOT VERIFIED,DUPLICATE_REVIEW,near-duplicate candidate matching existing TRAIN image,JPEG,1.333333,,False
Venomous/Saw-scaled Viper/saw-scaled-pit-viper-16799779_001.jpg,saw-scaled-pit-viper-16799779_001.jpg,.jpg,Venomous,Saw-scaled Viper,Venomous_Snake,1300,1065,RGB,354124,283bd6f68b8fca06c279ce15b4abe9fdc2a0cfd30329fd46875a3c6086f50914,f6748b438f598172,6b0c1e26065e19d9,True,,,,True,TRAIN,False,NOT VERIFIED,DUPLICATE_REVIEW,near-duplicate candidate matching existing TRAIN image,JPEG,1.220657,,False
Venomous/Saw-scaled Viper/saw-scaled-viper--echis-carinatus.jpg,saw-scaled-viper--echis-carinatus.jpg,.jpg,Venomous,Saw-scaled Viper,Venomous_Snake,571,372,RGB,92293,6f23465b60bb80958b56e7a5d4619e73cc7fe0159ffcbaccf878056371e72ed5,be4fc1b48e13544d,65c6912927ac9ce1,True,,,,True,TRAIN,False,NOT VERIFIED,DUPLICATE_REVIEW,near-duplicate candidate matching existing TRAIN image,JPEG,1.534946,,False
Venomous/Saw-scaled Viper/Saw-scaled-Viper-02 copy-S.jpg,Saw-scaled-Viper-02 copy-S.jpg,.jpg,Venomous,Saw-scaled Viper,Venomous_Snake,400,267,RGB,66598,4b22fda2a91292b2470a34872c6c6cd6edad819b9964dda5efab684dd94656e6,edc3b41c8a65599a,ee1c134329371733,True,,,,True,TRAIN,False,NOT VERIFIED,DUPLICATE_REVIEW,near-duplicate candidate matching existing TRAIN image,JPEG,1.498127,,False
Venomous/Saw-scaled Viper/Saw-scaled-Viper-03 copy-X2.jpg,Saw-scaled-Viper-03 copy-X2.jpg,.jpg,Venomous,Saw-scaled Viper,Venomous_Snake,1280,854,RGB,536667,df62c975a7860b5f1175c45dd276f13733e602e913c842332b9ff900e491ecb5,a3ce9c95b1bf8828,b4c3cb4ecf542a9a,True,,,,True,VALIDATION,False,NOT VERIFIED,DUPLICATE_REVIEW,near-duplicate candidate matching existing VALIDATION image,JPEG,1.498829,,False
Venomous/Saw-scaled Viper/Saw-Scaled-Viper-1 copy-X2.jpg,Saw-Scaled-Viper-1 copy-X2.jpg,.jpg,Venomous,Saw-scaled Viper,Venomous_Snake,1280,853,RGB,396777,3573bf01367d03397eb328f76cc2804cccd2972a136366370c4839c6f8619b16,9c9b77d8bdc08192,3839e5b273b0a42e,True,,,,True,TRAIN,False,NOT VERIFIED,DUPLICATE_REVIEW,near-duplicate candidate matching existing TRAIN image,JPEG,1.500586,,False
Venomous/Saw-scaled Viper/SAW-SCALED-VIPER-5.jpg,SAW-SCALED-VIPER-5.jpg,.jpg,Venomous,Saw-scaled Viper,Venomous_Snake,800,540,RGB,215067,3bdcb9f08e156b79b469454d944feda22c9160aae18a0c5c3977c9cef39a868f,e2e19742f92ea83a,c6840f8b9bc16c68,True,,,,True,VALIDATION,False,NOT VERIFIED,DUPLICATE_REVIEW,near-duplicate candidate matching existing VALIDATION image,JPEG,1.481481,,False
Venomous/Saw-scaled Viper/Saw-Scaled-Viper-Bhavya-Joshi-Flickr.jpg,Saw-Scaled-Viper-Bhavya-Joshi-Flickr.jpg,.jpg,Venomous,Saw-scaled Viper,Venomous_Snake,704,414,RGB,61039,bad0275796f0dc61bd23e3f8a90fa3398307059e3d3c5192775d10a08d4ad27b,e61f393101e65cf2,030025c4c4868784,True,,,,True,TRAIN,False,NOT VERIFIED,DUPLICATE_REVIEW,near-duplicate candidate matching existing TRAIN image,JPEG,1.700483,,False
Venomous/Saw-scaled Viper/saw-scaled-viper-echis-carinatus-common-wilderness-goa-E461GP.jpg,saw-scaled-viper-echis-carinatus-common-wilderness-goa-E461GP.jpg,.jpg,Venomous,Saw-scaled Viper,Venomous_Snake,1300,956,RGB,289689,e37f3097596d3f5bf87d52f33002951122b930bd6a05229dd7c2421bb1cbc9a8,94832ba65ebe649a,e5da90a2a2b41544,True,,,,True,TRAIN,False,NOT VERIFIED,DUPLICATE_REVIEW,near-duplicate candidate matching existing TRAIN image,JPEG,1.359833,,False
Venomous/Saw-scaled Viper/saw-scaled-viper-echis-carinatus-echis-carinatus-is-a-venomous-viper-ax095m.jpg,saw-scaled-viper-echis-carinatus-echis-carinatus-is-a-venomous-viper-ax095m.jpg,.jpg,Venomous,Saw-scaled Viper,Venomous_Snake,640,448,RGB,175927,7a0bd89680f26476bd82b968489229ebd6a5a2aef2ca7f0b058a5403c690579f,b52dd134be52884f,96d2eb7d25959876,True,,,,True,TRAIN,False,NOT VERIFIED,DUPLICATE_REVIEW,near-duplicate candidate matching existing TRAIN image,JPEG,1.428571,,False
Venomous/Saw-scaled Viper/saw-scaled-viper-echis-carinatus-in-creek-tamil-nadu-south-india-EPD0HY.jpg,saw-scaled-viper-echis-carinatus-in-creek-tamil-nadu-south-india-EPD0HY.jpg,.jpg,Venomous,Saw-scaled Viper,Venomous_Snake,1300,952,RGB,217254,d2fe57fe9739b8d7e78bb100c6914c87cc46182ade1792fc1a3b67ac4edc6909,d25a7dac87c65229,313169e8eb84c74b,True,,,,True,TRAIN,False,NOT VERIFIED,DUPLICATE_REVIEW,near-duplicate candidate matching existing TRAIN image,JPEG,1.365546,,False
Venomous/Saw-scaled Viper/saw-scaled-viper-echis-carinatus-specimen-from-maharashtra-india-H9ET2H.jpg,saw-scaled-viper-echis-carinatus-specimen-from-maharashtra-india-H9ET2H.jpg,.jpg,Venomous,Saw-scaled Viper,Venomous_Snake,1300,946,RGB,340074,8023f3b4fda9f84f8e9a19881572be2fed475484b66faed008f4b29a974d1c30,aacdd1864293cf78,c893234da32a1813,True,,,,True,TRAIN,False,NOT VERIFIED,DUPLICATE_REVIEW,near-duplicate candidate matching existing TRAIN image,JPEG,1.374207,,False
Venomous/Saw-scaled Viper/saw-scaled-viper-echis-carinatus-venomous-common-C690MR.jpg,saw-scaled-viper-echis-carinatus-venomous-common-C690MR.jpg,.jpg,Venomous,Saw-scaled Viper,Venomous_Snake,1300,956,RGB,336984,0ae68cbe85dddaa99a3a3fd40e4fae2e4802ede3bbd3a1808c1b1b5513a4352b,cf859292589f636a,f96662722b6a7565,True,,,,True,TRAIN,False,NOT VERIFIED,DUPLICATE_REVIEW,near-duplicate candidate matching existing TRAIN image,JPEG,1.359833,,False
Venomous/Saw-scaled Viper/saw-scaled-viper-echis-carinatus-venomous-H9ERFT.jpg,saw-scaled-viper-echis-carinatus-venomous-H9ERFT.jpg,.jpg,Venomous,Saw-scaled Viper,Venomous_Snake,1300,956,RGB,252998,a0b0fbaa92a7ea6a7a641ee8f83bc6a5eeb4178ec1f79d0db171eeb8e3d9c2d3,8d2570986f947e9a,c6aa2b767335bc4d,True,,,,True,TRAIN,False,NOT VERIFIED,DUPLICATE_REVIEW,near-duplicate candidate matching existing TRAIN image,JPEG,1.359833,,False
Venomous/Saw-scaled Viper/saw-scaled-viper-echis-omanensis-38054928.jpg,saw-scaled-viper-echis-omanensis-38054928.jpg,.jpg,Venomous,Saw-scaled Viper,Venomous_Snake,1300,953,RGB,120173,2152b243e3b521d0c14e411e7da6982160d81a47b52d676943e2c2664f19a6ec,8e5570389727db1c,ca26e0e270b967f5,True,,,,True,TRAIN,False,NOT VERIFIED,DUPLICATE_REVIEW,near-duplicate candidate matching existing TRAIN image,JPEG,1.364113,,False
Venomous/Saw-scaled Viper/saw-scaled-viper-face-1400-AT-10-980x735.jpg,saw-scaled-viper-face-1400-AT-10-980x735.jpg,.jpg,Venomous,Saw-scaled Viper,Venomous_Snake,980,735,RGB,97981,37e0b76ffbd7cbba072e3b7b865b6255c06aafeef0aa43b190eaa861a1b7b3ae,b9b2a31bcc7303cc,0edcdd31335b0fb2,True,,,,True,TRAIN,False,NOT VERIFIED,DUPLICATE_REVIEW,near-duplicate candidate matching existing TRAIN image,JPEG,1.333333,,False
Venomous/Saw-scaled Viper/saw-scaled-viper-in-habitat-b5gwpw.jpg,saw-scaled-viper-in-habitat-b5gwpw.jpg,.jpg,Venomous,Saw-scaled Viper,Venomous_Snake,450,320,RGB,33927,0332c86fd90ca0ecc1d3f5c0e2d91f038ab8b48aa2003c8f428d51c9d8dd3045,867ff450d80aba4b,084e6771e1e5e5c7,True,,,,True,TRAIN,False,NOT VERIFIED,DUPLICATE_REVIEW,near-duplicate candidate matching existing TRAIN image,JPEG,1.40625,,False
Venomous/Saw-scaled Viper/saw-scaled-viper-in-habitat-b5gwtf.jpg,saw-scaled-viper-in-habitat-b5gwtf.jpg,.jpg,Venomous,Saw-scaled Viper,Venomous_Snake,640,447,RGB,132229,51af96ea2f8513282c2adef304b29f47652a60f7d8c7228f92b328c2e67bfb63,ca5dfc638319e40b,5331a2d9c995b18d,True,,,,True,TRAIN,False,NOT VERIFIED,DUPLICATE_REVIEW,near-duplicate candidate matching existing TRAIN image,JPEG,1.431767,,False
Venomous/Saw-scaled Viper/saw-scaled-viper-in-habitat-B5GWTF_001.jpg,saw-scaled-viper-in-habitat-B5GWTF_001.jpg,.jpg,Venomous,Saw-scaled Viper,Venomous_Snake,1300,956,RGB,261257,725ee6430cc192c9bdb59bd519116c0cf1e9ecc1d2a874b963d2e125ceda9051,cadd7d21439b7422,533132e9c995b14f,True,,,,True,TRAIN,False,NOT VERIFIED,DUPLICATE_REVIEW,near-duplicate candidate matching existing TRAIN image,JPEG,1.359833,,False
Venomous/Saw-scaled Viper/saw-scaled-viper-in-habitat-b5h4en.jpg,saw-scaled-viper-in-habitat-b5h4en.jpg,.jpg,Venomous,Saw-scaled Viper,Venomous_Snake,640,447,RGB,36374,4fc1b33750858d01a82d8cf0ba5c526924135c1baace0b6cfc46c513b49bc9cd,c248b6389d5ef638,61c9e1e2930d0d0f,True,,,,True,TRAIN,False,NOT VERIFIED,DUPLICATE_REVIEW,near-duplicate candidate matching existing TRAIN image,JPEG,1.431767,,False
Venomous/Saw-scaled Viper/saw-scaled-viper-in-habitat-b5h4fd.jpg,saw-scaled-viper-in-habitat-b5h4fd.jpg,.jpg,Venomous,Saw-scaled Viper,Venomous_Snake,347,540,RGB,50075,7a33b540f4e243c4381df9c10ea05e03894381c0dc2f62f5136e825509abfff8,bd7fdb42e044a01b,c13a15c6c3d9a596,True,,,,True,TRAIN,False,NOT VERIFIED,DUPLICATE_REVIEW,near-duplicate candidate matching existing TRAIN image,JPEG,0.642593,,False
Venomous/Saw-scaled Viper/saw-scaled-viper-in-habitat-b5h4gj.jpg,saw-scaled-viper-in-habitat-b5h4gj.jpg,.jpg,Venomous,Saw-scaled Viper,Venomous_Snake,640,447,RGB,73440,794c7e0e82c6e17d68ec3548ac52be21127926529d70862db5ac71b99ffa1fee,d3669602a43fe725,cccc5b9b99d97ab8,True,,,,True,TRAIN,False,NOT VERIFIED,DUPLICATE_REVIEW,near-duplicate candidate matching existing TRAIN image,JPEG,1.431767,,False
Venomous/Saw-scaled Viper/saw-scaled-viper-in-habitat-fact8x.jpg,saw-scaled-viper-in-habitat-fact8x.jpg,.jpg,Venomous,Saw-scaled Viper,Venomous_Snake,640,447,RGB,139315,82e6be8c37ae60f5663e5e2969413629ca6a67c3b18c50bf14e3962fb50691bb,ff0ae83d896d8740,53196c547c2c1609,True,,,,True,VALIDATION,False,NOT VERIFIED,DUPLICATE_REVIEW,near-duplicate candidate matching existing VALIDATION image,JPEG,1.431767,,False
Venomous/Saw-scaled Viper/saw-scaled-viper-saw-scaled-adder-echis-carinatus-one-of-the-most-ebn5em.jpg,saw-scaled-viper-saw-scaled-adder-echis-carinatus-one-of-the-most-ebn5em.jpg,.jpg,Venomous,Saw-scaled Viper,Venomous_Snake,450,316,RGB,60332,8b1aeabf38f6b6b2f8c675233eee16b90e6441a9037c84aea031b0fa27a581fc,ed608c34e23df970,97870b0b0d026601,True,,,,True,TRAIN,False,NOT VERIFIED,DUPLICATE_REVIEW,near-duplicate candidate matching existing TRAIN image,JPEG,1.424051,,False
Venomous/Saw-scaled Viper/Saw-Scaled-Viper.jpg,Saw-Scaled-Viper.jpg,.jpg,Venomous,Saw-scaled Viper,Venomous_Snake,447,336,RGB,41518,64d7a9e9e2a3a3c6180db5076f3f3fe77bb873113eb43fed2edda1f3e514eff0,94b96a25e9cf9618,2d99bc5a9466d5a5,True,,,,True,TRAIN,False,NOT VERIFIED,DUPLICATE_REVIEW,near-duplicate candidate matching existing TRAIN image,JPEG,1.330357,,False
Venomous/Saw-scaled Viper/Saw-Scaled-viper1.jpg,Saw-Scaled-viper1.jpg,.jpg,Venomous,Saw-scaled Viper,Venomous_Snake,600,350,RGB,98366,250f048152f994730d01532dde78cb59c3210808bb4ba446f0af61295d885faf,a3f7cc080d6e946b,e04c8c0fdb9dcbd7,True,,,,True,TRAIN,False,NOT VERIFIED,DUPLICATE_REVIEW,near-duplicate candidate matching existing TRAIN image,JPEG,1.714286,,False
Venomous/Saw-scaled Viper/Saw-scaled-viper_003.jpg,Saw-scaled-viper_003.jpg,.jpg,Venomous,Saw-scaled Viper,Venomous_Snake,300,292,RGB,34378,e15751e30481abbcfcdde8f89ae407fb5474e3100d3fd61ff8b1d53bacb5102d,b4f296c13bc87236,cc8e0d371f8ba65c,True,,,,True,TRAIN,False,NOT VERIFIED,DUPLICATE_REVIEW,near-duplicate candidate matching existing TRAIN image,JPEG,1.027397,,False
Venomous/Saw-scaled Viper/Saw-scaled-viper_004.jpg,Saw-scaled-viper_004.jpg,.jpg,Venomous,Saw-scaled Viper,Venomous_Snake,588,392,RGB,47310,34058b4f7cb64eebfd5722e17655c30cefbcbee9317fccf84298c57710719689,c3947ce3771b4262,40a6727ac8c37108,True,,,,True,VALIDATION,False,NOT VERIFIED,DUPLICATE_REVIEW,near-duplicate candidate matching existing VALIDATION image,JPEG,1.5,,False
Venomous/Saw-scaled Viper/Saw-scaled-viper_005.jpg,Saw-scaled-viper_005.jpg,.jpg,Venomous,Saw-scaled Viper,Venomous_Snake,650,506,RGB,143375,1df5160721cbdb0ca5b93c7a6bec6d5045ce21fd3f8eefbd6d0545aa46d14c22,88d7f50ec13ec368,cc325bebb96934d2,True,,,,True,TRAIN,False,NOT VERIFIED,DUPLICATE_REVIEW,near-duplicate candidate matching existing TRAIN image,JPEG,1.284585,,False
Venomous/Saw-scaled Viper/saw-scaled-viper_006.jpg,saw-scaled-viper_006.jpg,.jpg,Venomous,Saw-scaled Viper,Venomous_Snake,580,329,RGB,38113,b575b3809fde482e0527181e1d32bfdb53e6f8e3d681d0aeeba9debdf6880f82,8cc79e6252aae6a3,ad766b918ea7d534,True,,,,True,VALIDATION,False,NOT VERIFIED,DUPLICATE_REVIEW,near-duplicate candidate matching existing VALIDATION image,JPEG,1.762918,,False
Venomous/Saw-scaled Viper/saw-scaled-viper_007.jpg,saw-scaled-viper_007.jpg,.jpg,Venomous,Saw-scaled Viper,Venomous_Snake,495,347,RGB,43273,d892f91101528dcd4b810ca6d3e6019ee89161d2fb97d09c42a32d2a6eb40d5c,9265473e1cf33986,e0cdd91e2c39c8f0,True,,,,True,TRAIN,False,NOT VERIFIED,DUPLICATE_REVIEW,near-duplicate candidate matching existing TRAIN image,JPEG,1.426513,,False
Venomous/Saw-scaled Viper/Saw-Scaled-Viper_008.jpg,Saw-Scaled-Viper_008.jpg,.jpg,Venomous,Saw-scaled Viper,Venomous_Snake,425,284,RGB,21564,e06bff95a3904143031bf41320df66d65f6de4e50d5a703735211731832a910e,ea67959887c258a7,380f0d011331b968,True,,NEAR0005,NEAR0005,True,TRAIN,True,NOT VERIFIED,DUPLICATE_REVIEW,perceptual near-duplicate candidate within new dataset,JPEG,1.496479,,False
Venomous/Saw-scaled Viper/Saw-Scaled-Viper_009.jpg,Saw-Scaled-Viper_009.jpg,.jpg,Venomous,Saw-scaled Viper,Venomous_Snake,644,426,RGB,55118,7153d7c11d93931284186400e4ecdacae0ee5e55f6b2310f9c0bdf85c06530fd,adb3c661cbcc9186,ae0c2c33069666c4,True,,,,True,TRAIN,False,NOT VERIFIED,DUPLICATE_REVIEW,near-duplicate candidate matching existing TRAIN image,JPEG,1.511737,,False
Venomous/Saw-scaled Viper/Saw-Scaled-Viper_010.jpg,Saw-Scaled-Viper_010.jpg,.jpg,Venomous,Saw-scaled Viper,Venomous_Snake,335,223,RGB,40542,a5a8516304a749274bbd00e90c94947848f0a86e7c74cb5af1b1d5d79cc8211f,fd02b224cd33ec99,8c1d703232169a32,True,,,,True,TRAIN,False,NOT VERIFIED,DUPLICATE_REVIEW,near-duplicate candidate matching existing TRAIN image,JPEG,1.502242,,False
Venomous/Saw-scaled Viper/Saw-scaled-Viper_011.jpg,Saw-scaled-Viper_011.jpg,.jpg,Venomous,Saw-scaled Viper,Venomous_Snake,1000,725,RGB,442195,28f465e099a1c0c572e22f1a299edb1558ce4b9a3650ddd3c1fbe1654c4735b4,af4bc07af01cc696,114365571f0d37a6,True,,,,True,TRAIN,False,NOT VERIFIED,DUPLICATE_REVIEW,near-duplicate candidate matching existing TRAIN image,JPEG,1.37931,,False
Venomous/Saw-scaled Viper/Saw-Scaled-Viper_012.jpg,Saw-Scaled-Viper_012.jpg,.jpg,Venomous,Saw-scaled Viper,Venomous_Snake,757,386,RGB,65294,b10936ff9e34c7b7d84dab18278a42b2a2e04e02d02e0f8b4a164c1be2445a70,fd07c23c8f6198c6,c040a053263b8be2,True,,,,True,TRAIN,False,NOT VERIFIED,DUPLICATE_REVIEW,near-duplicate candidate matching existing TRAIN image,JPEG,1.96114,,False
Venomous/Saw-scaled Viper/saw-scaled-viper_013.jpg,saw-scaled-viper_013.jpg,.jpg,Venomous,Saw-scaled Viper,Venomous_Snake,1077,735,RGB,209360,220b770e978aae2b51f8374deaa896d95157160ef0f62e33b6dbc6380e27b855,998b763cc861956e,b379c2f2b33e1e47,True,,,,True,VALIDATION,False,NOT VERIFIED,DUPLICATE_REVIEW,near-duplicate candidate matching existing VALIDATION image,JPEG,1.465306,,False
Venomous/Saw-scaled Viper/Saw-Scaled-Viper_014.jpg,Saw-Scaled-Viper_014.jpg,.jpg,Venomous,Saw-scaled Viper,Venomous_Snake,400,350,RGB,146971,e1528864c7a6a7f494073ca3a778d8b392ed79b034426d0e18b62a78063935b5,c83d262f05c8fbe8,221499f0d0d1a1c0,True,,,,True,TRAIN,False,NOT VERIFIED,DUPLICATE_REVIEW,near-duplicate candidate matching existing TRAIN image,JPEG,1.142857,,False
Venomous/Saw-scaled Viper/saw-scaled-viper_015.jpg,saw-scaled-viper_015.jpg,.jpg,Venomous,Saw-scaled Viper,Venomous_Snake,600,450,RGB,35035,beb08bd2578df7a1e853fdfaba2ad13adf11f3e2d9b98bc8a15a4f96afd4a02d,bff8f680c306d807,9d0e1f4d52b7465d,True,,,,True,VALIDATION,False,NOT VERIFIED,DUPLICATE_REVIEW,near-duplicate candidate matching existing VALIDATION image,JPEG,1.333333,,False
Venomous/Saw-scaled Viper/saw-scaled-viper_65_448060a.jpg,saw-scaled-viper_65_448060a.jpg,.jpg,Venomous,Saw-scaled Viper,Venomous_Snake,650,400,RGB,77166,f91db83126a71d1c7d26fd6ca78e332cbb7d4fb57dfbec13c5c5a6b760ff5e0f,a54db6c43d4b5692,66969dd296e4db2d,True,,,,True,TRAIN,False,NOT VERIFIED,DUPLICATE_REVIEW,near-duplicate candidate matching existing TRAIN image,JPEG,1.625,,False
Venomous/Saw-scaled Viper/saw-scaled-vipers-echis-carinatus-waiting-to-be-milked-for-their-venom-BBTTHP.jpg,saw-scaled-vipers-echis-carinatus-waiting-to-be-milked-for-their-venom-BBTTHP.jpg,.jpg,Venomous,Saw-scaled Viper,Venomous_Snake,881,1390,RGB,189049,e32292e693982f29385cce1de0f932a8647bcb82220f2ca2b2e5b9f85de0774b,9649393e61936d1b,78f0f8c8ec7c7c58,True,,,,True,TRAIN,False,NOT VERIFIED,DUPLICATE_REVIEW,near-duplicate candidate matching existing TRAIN image,JPEG,0.633813,,False
Venomous/Saw-scaled Viper/Saw-scaled_Viper_(Echis_carinatus)_Photographed_By_Shantanu_Kuveskar.jpg,Saw-scaled_Viper_(Echis_carinatus)_Photographed_By_Shantanu_Kuveskar.jpg,.jpg,Venomous,Saw-scaled Viper,Venomous_Snake,800,600,RGB,398371,d4645dfe62457485cf85a0ff725ace1b0de63602b71bd350e81d973594c5c54b,836dcf327941b607,4b61e3d3ddaded4b,True,,,,True,TRAIN,False,NOT VERIFIED,DUPLICATE_REVIEW,near-duplicate candidate matching existing TRAIN image,JPEG,1.333333,,False
Venomous/Saw-scaled Viper/Saw-scaled_viper_Echis_carinatus_by_Krishna_Khan_Amravati.jpg,Saw-scaled_viper_Echis_carinatus_by_Krishna_Khan_Amravati.jpg,.jpg,Venomous,Saw-scaled Viper,Venomous_Snake,720,480,RGB,423254,61947322e6735eaf66f294de3a33e721fb2f00bb928853f848695ae6c78c6e2b,af2cd0582d2f74b1,9335476b73034934,True,,,,True,VALIDATION,False,NOT VERIFIED,DUPLICATE_REVIEW,near-duplicate candidate matching existing VALIDATION image,JPEG,1.5,,False
Venomous/Saw-scaled Viper/Saw-scaled_viper_egg.JPG,Saw-scaled_viper_egg.JPG,.jpg,Venomous,Saw-scaled Viper,Venomous_Snake,3648,2736,RGB,2775917,830951968c25cc52e76b2884a881b6b33a7e0f514a6d7185439a1f0ffc000a01,dacd5c72360c7724,d193f371ddc9b119,True,,,,True,VALIDATION,False,NOT VERIFIED,DUPLICATE_REVIEW,near-duplicate candidate matching existing VALIDATION image,JPEG,1.333333,,False
Venomous/Saw-scaled Viper/Saw-scaledViper.jpg,Saw-scaledViper.jpg,.jpg,Venomous,Saw-scaled Viper,Venomous_Snake,341,322,RGB,28629,bf53d708b93278615371e4c352b5a93c956d94b77696619950de44b77f7e6119,91496da290f1dfca,9a73709cd97a36d0,True,,,,True,TRAIN,False,NOT VERIFIED,DUPLICATE_REVIEW,near-duplicate candidate matching existing TRAIN image,JPEG,1.059006,,False
Venomous/Saw-scaled Viper/saw.jpg,saw.jpg,.jpg,Venomous,Saw-scaled Viper,Venomous_Snake,345,238,RGB,29347,872627b3f551d4dc081907cd278c540b1d3c4176ccbf29db1f4b616e64363f9c,8db5c4826a4f7965,f6e67671745465f5,True,,,,True,TRAIN,False,NOT VERIFIED,DUPLICATE_REVIEW,near-duplicate candidate matching existing TRAIN image,JPEG,1.44958,,False
Venomous/Saw-scaled Viper/saw_scaled_kid_with_biggie.jpg,saw_scaled_kid_with_biggie.jpg,.jpg,Venomous,Saw-scaled Viper,Venomous_Snake,2048,978,RGB,533939,a2026557287e4d35043053ffbbce15899614c248338103272375801ecea490c4,a291ee5e5742c559,6d9fd6dcd9e5e567,True,,,,True,TRAIN,False,NOT VERIFIED,DUPLICATE_REVIEW,near-duplicate candidate matching existing TRAIN image,JPEG,2.09407,,False
Venomous/Saw-scaled Viper/Saw_scaled_viper.jpg,Saw_scaled_viper.jpg,.jpg,Venomous,Saw-scaled Viper,Venomous_Snake,320,220,RGB,31833,f55069ebb024758d4a6f5631f5138320097046a65aff229feb6a11c1c14d8818,8394151e1edbe3d1,3ab68af36549c9d9,True,,,,True,TRAIN,False,NOT VERIFIED,DUPLICATE_REVIEW,near-duplicate candidate matching existing TRAIN image,JPEG,1.454545,,False
Venomous/Saw-scaled Viper/Saw_scaled_viper_001.jpg,Saw_scaled_viper_001.jpg,.jpg,Venomous,Saw-scaled Viper,Venomous_Snake,4036,2327,RGB,1172053,8890c8a3a01601936e84fa5b638f754bcaca13a7c97f53d9d787f4c207acd646,eacb953768a837c0,c86a6113054c71de,True,,,,True,TRAIN,False,NOT VERIFIED,DUPLICATE_REVIEW,near-duplicate candidate matching existing TRAIN image,JPEG,1.734422,,False
Venomous/Saw-scaled Viper/Saw_scaled_viper_2.jpg,Saw_scaled_viper_2.jpg,.jpg,Venomous,Saw-scaled Viper,Venomous_Snake,256,200,RGB,23336,c6eca4ade4d9b350cc54301b97a4bebaa8635d03021bceca16213340c190abd6,cf893c7e84fda084,33a9dad24409368e,True,,,,True,TRAIN,False,NOT VERIFIED,DUPLICATE_REVIEW,near-duplicate candidate matching existing TRAIN image,JPEG,1.28,,False
Venomous/Saw-scaled Viper/SAWSCALE.JPG,SAWSCALE.JPG,.jpg,Venomous,Saw-scaled Viper,Venomous_Snake,646,390,RGB,111328,0148358c23933d12a6fe5bde18136fbc117fcefdcdda86ccb5a12270108b58c4,bbc1d4b40f33b232,b8b31b5b7f3e3d31,True,,,,True,TRAIN,False,NOT VERIFIED,DUPLICATE_REVIEW,near-duplicate candidate matching existing TRAIN image,JPEG,1.65641,,False
Venomous/Saw-scaled Viper/sawscale1.jpg,sawscale1.jpg,.jpg,Venomous,Saw-scaled Viper,Venomous_Snake,840,686,RGB,114240,3dd3fc37a66e3a7d1726f411d39fd544d5026bf59619d465ed19e20bd04afdc2,8783396b939169b5,cbe6e6ece4e33c66,True,,,,True,VALIDATION,False,NOT VERIFIED,DUPLICATE_REVIEW,near-duplicate candidate matching existing VALIDATION image,JPEG,1.22449,,False
Venomous/Saw-scaled Viper/sawscale2.jpg,sawscale2.jpg,.jpg,Venomous,Saw-scaled Viper,Venomous_Snake,1280,874,RGB,186114,cdd2c879240ed52958c30591804f4856096387034fd2b6d556e28692c20fe520,c46e5e53cf962984,a104a622c0968cc2,True,,,,True,TRAIN,False,NOT VERIFIED,DUPLICATE_REVIEW,near-duplicate candidate matching existing TRAIN image,JPEG,1.464531,,False
Venomous/Saw-scaled Viper/sawscale3.jpg,sawscale3.jpg,.jpg,Venomous,Saw-scaled Viper,Venomous_Snake,1078,719,RGB,311433,57ea17bb9b349592ae9a598086b8accb72f47bdf344c64409975cb5ed4dbd19b,c0671c030ffcf1f1,72a182e2c59293b0,True,,,,True,TRAIN,False,NOT VERIFIED,DUPLICATE_REVIEW,near-duplicate candidate matching existing TRAIN image,JPEG,1.499305,,False
Venomous/Saw-scaled Viper/sawscale4.jpg,sawscale4.jpg,.jpg,Venomous,Saw-scaled Viper,Venomous_Snake,935,623,RGB,152407,b9cedb54735fd8efbb9cb5079826bbf58dd7145de945e4cf5d76f5d43cd623df,9dd9d948180cb9f5,b2525aaed889466a,True,,,,True,TRAIN,False,NOT VERIFIED,DUPLICATE_REVIEW,near-duplicate candidate matching existing TRAIN image,JPEG,1.500803,,False
Venomous/Saw-scaled Viper/sawscale_001.jpg,sawscale_001.jpg,.jpg,Venomous,Saw-scaled Viper,Venomous_Snake,624,416,RGB,49541,0277a6fa9a908c4149965930634e0fda011d9b0900b1d60677615d87f1711fab,f48d73d2ce712e40,44c686eea40c0c0d,True,,,,True,TRAIN,False,NOT VERIFIED,DUPLICATE_REVIEW,near-duplicate candidate matching existing TRAIN image,JPEG,1.5,,False
Venomous/Saw-scaled Viper/sawscaled-viper.jpg,sawscaled-viper.jpg,.jpg,Venomous,Saw-scaled Viper,Venomous_Snake,600,458,RGB,90981,0db9a1ab1fc4a17d09a1f9ad5465fc5a71a5459dc3f971fb21af963fa7428538,907b6f9f53a90e20,6850b5d8f8f0f0e8,True,,,,True,TRAIN,False,NOT VERIFIED,DUPLICATE_REVIEW,near-duplicate candidate matching existing TRAIN image,JPEG,1.310044,,False
Venomous/Saw-scaled Viper/sawscaled.jpg,sawscaled.jpg,.jpg,Venomous,Saw-scaled Viper,Venomous_Snake,700,474,RGB,83250,308cd915976e03ab5905b155e0e6c792770db2b283d6cadc6bf8f56283d143fb,a127cc728eecb0cb,cf4ed6474d9fa263,True,,,,True,TRAIN,False,NOT VERIFIED,DUPLICATE_REVIEW,near-duplicate candidate matching existing TRAIN image,JPEG,1.476793,,False
Venomous/Saw-scaled Viper/sawscaled_001.jpg,sawscaled_001.jpg,.jpg,Venomous,Saw-scaled Viper,Venomous_Snake,374,258,RGB,62200,f08f4d381f0147132e3d9cb8180a8738d208a51503f47079aaabd8161f04874a,8db5c4905a4bd9e5,f6e67271f4f4e5e5,True,,,,True,TRAIN,False,NOT VERIFIED,DUPLICATE_REVIEW,near-duplicate candidate matching existing TRAIN image,JPEG,1.449612,,False
Venomous/Saw-scaled Viper/SawScaledBG.jpg,SawScaledBG.jpg,.jpg,Venomous,Saw-scaled Viper,Venomous_Snake,6000,4000,RGB,449944,24061c561468008fe5177784305d8c149bfdad6939bedb3487232f96ba8ba878,9856e9b8d9093f86,38ac44f0b432d3f3,True,,,,True,VALIDATION,False,NOT VERIFIED,DUPLICATE_REVIEW,near-duplicate candidate matching existing VALIDATION image,JPEG,1.5,,False
Venomous/Saw-scaled Viper/SawScaledViper.jpg,SawScaledViper.jpg,.jpg,Venomous,Saw-scaled Viper,Venomous_Snake,640,437,RGB,75528,079bc150fb743d2f85f456274a50e39c14b8f4798742dd42947c215dd2dd2490,8a2f7c52a94f346a,ff773f63c5d4e032,True,,,,True,TRAIN,False,NOT VERIFIED,DUPLICATE_REVIEW,near-duplicate candidate matching existing TRAIN image,JPEG,1.464531,,False
Venomous/Saw-scaled Viper/SawScaledViper_001.jpg,SawScaledViper_001.jpg,.jpg,Venomous,Saw-scaled Viper,Venomous_Snake,640,480,RGB,61990,1c92d4e9e32dbc4fcaf4231f4d1bf6369cae6fe425b08b2525f76c4f5be513ef,9d1097d6a9b62559,fcf8b2b3b3666462,True,,,,True,TRAIN,False,NOT VERIFIED,DUPLICATE_REVIEW,near-duplicate candidate matching existing TRAIN image,JPEG,1.333333,,False
Venomous/Saw-scaled Viper/sawscaledviper_002.jpg,sawscaledviper_002.jpg,.jpg,Venomous,Saw-scaled Viper,Venomous_Snake,435,277,RGB,44654,55be5faab9b34b8beeced2917285d6c7a64987e64c8e68af08ba7a912963901d,aa4dd5d4c4d51996,a6273babad8f0c9d,True,,,,True,TRAIN,False,NOT VERIFIED,DUPLICATE_REVIEW,near-duplicate candidate matching existing TRAIN image,JPEG,1.570397,,False
Venomous/Saw-scaled Viper/SawScaleViper.jpg,SawScaleViper.jpg,.jpg,Venomous,Saw-scaled Viper,Venomous_Snake,700,517,RGB,45841,8f7c6cd358fa1233f62863ae371483537b8bfff08f82c4a1aa76e170fd100b90,aa8475f9c917e20e,8277edd1238b3707,True,,,,True,TRAIN,False,NOT VERIFIED,DUPLICATE_REVIEW,near-duplicate candidate matching existing TRAIN image,JPEG,1.353965,,False
Venomous/Saw-scaled Viper/Sind-saw-scaled-viper-coiled.jpg,Sind-saw-scaled-viper-coiled.jpg,.jpg,Venomous,Saw-scaled Viper,Venomous_Snake,650,488,RGB,100882,195ebe8d635510d0fd9c02cf3b291058cdbc29b3a6839b3c2c494024cfdfafa4,fcddc3689c42aa68,33420a24360f8b93,True,,,,True,TRAIN,False,NOT VERIFIED,DUPLICATE_REVIEW,near-duplicate candidate matching existing TRAIN image,JPEG,1.331967,,False
Venomous/Saw-scaled Viper/sind-saw-scaled-viper-echis-carinatus-sharjah-uae-ewyhe0.jpg,sind-saw-scaled-viper-echis-carinatus-sharjah-uae-ewyhe0.jpg,.jpg,Venomous,Saw-scaled Viper,Venomous_Snake,424,320,RGB,52647,3a1432d0350e2f2556fafd2d18d7ab5262b5929543fa3022757dca7a38599073,c065ee1ab903ef13,a1a0c0e0f9f1f9d1,True,,,,True,TRAIN,False,NOT VERIFIED,DUPLICATE_REVIEW,near-duplicate candidate matching existing TRAIN image,JPEG,1.325,,False
Venomous/Saw-scaled Viper/Sind-saw-scaled-viper-in-habitat.jpg,Sind-saw-scaled-viper-in-habitat.jpg,.jpg,Venomous,Saw-scaled Viper,Venomous_Snake,650,433,RGB,98330,27827e93631d0c6d95aa8b6393a0ad6e4c2c230020ea9eb9b717a6d33d1b6701,c734dc986263b59a,16b44c4d697acaf2,True,,,,True,TRAIN,False,NOT VERIFIED,DUPLICATE_REVIEW,near-duplicate candidate matching existing TRAIN image,JPEG,1.501155,,False
Venomous/Saw-scaled Viper/Sind-saw-scaled-viper-in-habitat_001.jpg,Sind-saw-scaled-viper-in-habitat_001.jpg,.jpg,Venomous,Saw-scaled Viper,Venomous_Snake,650,433,RGB,81696,98c1fba84af5909f6771105f3a48b6098dad252c60cae5316df6e8e7cd5dc088,fc36c0d1789e4d43,980c6d350af2e5c1,True,,,,True,VALIDATION,False,NOT VERIFIED,DUPLICATE_REVIEW,near-duplicate candidate matching existing VALIDATION image,JPEG,1.501155,,False
Venomous/Saw-scaled Viper/Sind-saw-scaled-viper-in-habitat_002.jpg,Sind-saw-scaled-viper-in-habitat_002.jpg,.jpg,Venomous,Saw-scaled Viper,Venomous_Snake,348,520,RGB,47175,55ed35a3436d705bb5453ef80e651087e4577263f67b931feca7456de39d8026,c42ac5ab87ecd962,97caa5656e6474f0,True,,,,True,TRAIN,False,NOT VERIFIED,DUPLICATE_REVIEW,near-duplicate candidate matching existing TRAIN image,JPEG,0.669231,,False
Venomous/Saw-scaled Viper/Sind-saw-scaled-viper-on-sand.jpg,Sind-saw-scaled-viper-on-sand.jpg,.jpg,Venomous,Saw-scaled Viper,Venomous_Snake,650,435,RGB,106649,180b479f65ab6441d881fc5c50e774f63a988e2645c9e954cc098ab32da0a528,fa798546721b6526,89961b198dc5f948,True,,,,True,TRAIN,False,NOT VERIFIED,DUPLICATE_REVIEW,near-duplicate candidate matching existing TRAIN image,JPEG,1.494253,,False
Venomous/Saw-scaled Viper/Sind-saw-scaled-viper.jpg,Sind-saw-scaled-viper.jpg,.jpg,Venomous,Saw-scaled Viper,Venomous_Snake,650,443,RGB,93510,e04206b05519423a49481f8e01693d6c0a8cddefb74fa0556ef64d39ecf00a90,984123f466d59fd2,8693b9b2b938bc9d,True,,,,True,TRAIN,False,NOT VERIFIED,DUPLICATE_REVIEW,near-duplicate candidate matching existing TRAIN image,JPEG,1.467269,,False
Venomous/Saw-scaled Viper/Sind-saw-scaled-viper_001.jpg,Sind-saw-scaled-viper_001.jpg,.jpg,Venomous,Saw-scaled Viper,Venomous_Snake,650,363,RGB,81440,fc71cd87086d57d9715abbb6fa5d3b750fcb284eee1bb39344ba36a156f7c34b,f1544b693686b933,8a90a82c9c116029,True,,,,True,VALIDATION,False,NOT VERIFIED,DUPLICATE_REVIEW,near-duplicate candidate matching existing VALIDATION image,JPEG,1.790634,,False
Venomous/Saw-scaled Viper/SindSawscaledViper-55724.jpg,SindSawscaledViper-55724.jpg,.jpg,Venomous,Saw-scaled Viper,Venomous_Snake,510,340,RGB,79733,05780dc6114745c8c8a9a1dd992651e9163c066bdecdb0f955f6188ba1ffba3e,e5b3890d38e807cf,5e5ccc145f62e3d7,True,,,,True,TRAIN,False,NOT VERIFIED,DUPLICATE_REVIEW,near-duplicate candidate matching existing TRAIN image,JPEG,1.5,,False
Venomous/Saw-scaled Viper/SindSawscaledViper-55727.jpg,SindSawscaledViper-55727.jpg,.jpg,Venomous,Saw-scaled Viper,Venomous_Snake,510,340,RGB,78856,e69b42a08b7ffae03578681eca35e0310e1dcce9fa6c6601ca148808c60efd89,de75485969a28f2c,1324261f3a60a9e1,True,,,,True,VALIDATION,False,NOT VERIFIED,DUPLICATE_REVIEW,near-duplicate candidate matching existing VALIDATION image,JPEG,1.5,,False
Venomous/Saw-scaled Viper/SindSawscaledViper-55734.jpg,SindSawscaledViper-55734.jpg,.jpg,Venomous,Saw-scaled Viper,Venomous_Snake,510,340,RGB,91416,0f9fd198403bc718271b9b45cd8696e48c59bc27e4b0374e38e6165f60996481,dccb879893ac9926,71e2c3381433264c,True,,,,True,TRAIN,False,NOT VERIFIED,DUPLICATE_REVIEW,near-duplicate candidate matching existing TRAIN image,JPEG,1.5,,False
Venomous/Saw-scaled Viper/SindSawscaledViper-55737.jpg,SindSawscaledViper-55737.jpg,.jpg,Venomous,Saw-scaled Viper,Venomous_Snake,510,340,RGB,68707,b259571a2222d2ba98f3a3fc6458dd6d3b910d37bc4e5eb19c9dde4e6b8728aa,ad6a9765bad82990,020eb91b86c6f47c,True,,,,True,TRAIN,False,NOT VERIFIED,DUPLICATE_REVIEW,near-duplicate candidate matching existing TRAIN image,JPEG,1.5,,False
Venomous/Saw-scaled Viper/SindSawscaledViper-55742.jpg,SindSawscaledViper-55742.jpg,.jpg,Venomous,Saw-scaled Viper,Venomous_Snake,510,340,RGB,43928,9d67b92f2a1e4c88429d8590a829b6b9de1aa5b95efe7aa35ded6a73f980234b,e61ada6168b76499,8de9e56487c6c803,True,,,,True,TRAIN,False,NOT VERIFIED,DUPLICATE_REVIEW,near-duplicate candidate matching existing TRAIN image,JPEG,1.5,,False
Venomous/Saw-scaled Viper/sn01.jpg,sn01.jpg,.jpg,Venomous,Saw-scaled Viper,Venomous_Snake,249,190,RGB,24275,da525959d8fe558004ffdeb7f5bfc0e7bcd36c0e98ae17c4fd489d61c4ab0320,8a3eb40bbd30ca76,ef65213371f1cda9,True,,,,True,TRAIN,False,NOT VERIFIED,DUPLICATE_REVIEW,near-duplicate candidate matching existing TRAIN image,JPEG,1.310526,,False
Venomous/Saw-scaled Viper/snake-bite-viper-saw.jpg,snake-bite-viper-saw.jpg,.jpg,Venomous,Saw-scaled Viper,Venomous_Snake,640,441,RGB,144742,7c297823e4caa50c140c2e7405c0b268000e192efc92f6b1c6b7a249822fe8d3,a6c1e0facf262e2a,51d466667c2d0f47,True,,,,True,TRAIN,False,NOT VERIFIED,DUPLICATE_REVIEW,near-duplicate candidate matching existing TRAIN image,JPEG,1.451247,,False
Venomous/Saw-scaled Viper/Snakebite-DNase-saw-scaled-viper-31cd25oj9az8gi7dpey1vk.jpg,Snakebite-DNase-saw-scaled-viper-31cd25oj9az8gi7dpey1vk.jpg,.jpg,Venomous,Saw-scaled Viper,Venomous_Snake,1024,606,RGB,92237,45d65b4cb04f8e7e69fc6480d23895a854aec5484f54769ded6fb869f4299ebc,c01f3f633cd1438e,8370f494a6ccc060,True,,,,True,VALIDATION,False,NOT VERIFIED,DUPLICATE_REVIEW,near-duplicate candidate matching existing VALIDATION image,JPEG,1.689769,,False
Venomous/Saw-scaled Viper/SNP00571.jpg,SNP00571.jpg,.jpg,Venomous,Saw-scaled Viper,Venomous_Snake,300,162,RGB,20473,fa578bbc391ed14b3cb9fea86fab4c6db622bff87c70c65b8e194525feea0578,ae2bf1d690689789,a74743a76260a5a4,True,,,,True,TRAIN,False,NOT VERIFIED,DUPLICATE_REVIEW,near-duplicate candidate matching existing TRAIN image,JPEG,1.851852,,False
Venomous/Saw-scaled Viper/SNP00572.jpg,SNP00572.jpg,.jpg,Venomous,Saw-scaled Viper,Venomous_Snake,300,225,RGB,37738,6edc158bececef19eaa94dc29e10c75376e90e7d6740c138a37d81840ac52312,cc191d4c1b45a9bf,f2b4145029a3e631,True,,,,True,VALIDATION,False,NOT VERIFIED,DUPLICATE_REVIEW,near-duplicate candidate matching existing VALIDATION image,JPEG,1.333333,,False
Venomous/Saw-scaled Viper/SNP00591.jpg,SNP00591.jpg,.jpg,Venomous,Saw-scaled Viper,Venomous_Snake,300,193,RGB,22822,f32bd6465069f28fcc75cdb08ccbf3ba28cb53bc43a7ed0fbbe28d7e18ebcdea,af37911687689365,4c1f1375653d8342,True,,,,True,TRAIN,False,NOT VERIFIED,DUPLICATE_REVIEW,near-duplicate candidate matching existing TRAIN image,JPEG,1.554404,,False
Venomous/Saw-scaled Viper/SNP00595.jpg,SNP00595.jpg,.jpg,Venomous,Saw-scaled Viper,Venomous_Snake,300,225,RGB,35900,c2238482c768c30579831c3cc629864c2cae8ffa3c6eafd39d3b91560ebcb5bd,aae0b5c7941b965a,8e873333675d5b37,True,,,,True,TRAIN,False,NOT VERIFIED,DUPLICATE_REVIEW,near-duplicate candidate matching existing TRAIN image,JPEG,1.333333,,False
Venomous/Saw-scaled Viper/sochureks-saw-scaled-viper-eastern-saw-scaled-viper-stemmlers-saw-h8tpep.jpg,sochureks-saw-scaled-viper-eastern-saw-scaled-viper-stemmlers-saw-h8tpep.jpg,.jpg,Venomous,Saw-scaled Viper,Venomous_Snake,640,447,RGB,36800,dcf3ea38485bf773351ee8d3adf5b38a2893dd2e4c4153420965fb8200b04291,b946fe298016e27b,3cb6ecf49b1f3a3a,True,,,,True,TRAIN,False,NOT VERIFIED,DUPLICATE_REVIEW,near-duplicate candidate matching existing TRAIN image,JPEG,1.431767,,False
Venomous/Saw-scaled Viper/stock-photo-a-wild-oman-saw-scaled-viper-echis-omanensis-a-wild-saw-scaled-viper-from-the-rocky-277837664.jpg,stock-photo-a-wild-oman-saw-scaled-viper-echis-omanensis-a-wild-saw-scaled-viper-from-the-rocky-277837664.jpg,.jpg,Venomous,Saw-scaled Viper,Venomous_Snake,450,322,RGB,49423,2dbda5e176b43e9741e32618b554b3f1d65807ef4aada2dea989a93a4cce3a5f,e547c61fac609a4e,46468b9e2e1f1697,True,,,,True,TRAIN,False,NOT VERIFIED,DUPLICATE_REVIEW,near-duplicate candidate matching existing TRAIN image,JPEG,1.397516,,False
Venomous/Saw-scaled Viper/stock-photo-saw-scaled-viper-644115148.jpg,stock-photo-saw-scaled-viper-644115148.jpg,.jpg,Venomous,Saw-scaled Viper,Venomous_Snake,450,333,RGB,31958,f4b08cb052dc3b0db0b07f9bcc58f3b656ebccd281432e771315598f6727b5d6,a831b70e9c55e26e,9f8f8fb4b5a52415,True,,,,True,TRAIN,False,NOT VERIFIED,DUPLICATE_REVIEW,near-duplicate candidate matching existing TRAIN image,JPEG,1.351351,,False
Venomous/Saw-scaled Viper/stock-photo-saw-scaled-viper-snake-603493748.jpg,stock-photo-saw-scaled-viper-snake-603493748.jpg,.jpg,Venomous,Saw-scaled Viper,Venomous_Snake,450,319,RGB,54233,dbd603a04c3fc0bd57742d379eb3f30b3455dad2e3b3624f2ad4828d889c56e9,b405ac78c70cf8cf,b67c7ede4838bcc6,True,,,,True,TRAIN,False,NOT VERIFIED,DUPLICATE_REVIEW,near-duplicate candidate matching existing TRAIN image,JPEG,1.410658,,False
Venomous/Saw-scaled Viper/stock-photo-sindh-saw-scaled-viper-560241703.jpg,stock-photo-sindh-saw-scaled-viper-560241703.jpg,.jpg,Venomous,Saw-scaled Viper,Venomous_Snake,1500,1101,RGB,540178,071742f0b94c5a47b60a9bb0952a3b9e74b0ccd0e5c943c26af171a28478549a,ee44502f64961deb,26044066237f498d,True,,,,True,TRAIN,False,NOT VERIFIED,DUPLICATE_REVIEW,near-duplicate candidate matching existing TRAIN image,JPEG,1.362398,,False
Venomous/Saw-scaled Viper/stock-photo-sindh-saw-scaled-viper-560241724.jpg,stock-photo-sindh-saw-scaled-viper-560241724.jpg,.jpg,Venomous,Saw-scaled Viper,Venomous_Snake,450,320,RGB,44983,6af1937a5b0443f907b9c5db59703fa347ad856859b819c1212aa556a00ef282,b9e1977ac00bea07,0a1eda9a931b7af6,True,,,,True,TRAIN,False,NOT VERIFIED,DUPLICATE_REVIEW,near-duplicate candidate matching existing TRAIN image,JPEG,1.40625,,False
Venomous/Saw-scaled Viper/stock-photo-sindh-saw-scaled-viper-560241733.jpg,stock-photo-sindh-saw-scaled-viper-560241733.jpg,.jpg,Venomous,Saw-scaled Viper,Venomous_Snake,450,320,RGB,19755,6ff6c36a3ff97c67731fb8ac06289e0cf8d7b8077f5384d74b401ab244fbf859,9424e55bdb1ca437,21c7bef4d88ff816,True,,,,True,VALIDATION,False,NOT VERIFIED,DUPLICATE_REVIEW,near-duplicate candidate matching existing VALIDATION image,JPEG,1.40625,,False
Venomous/Saw-scaled Viper/tarentola2b.jpg,tarentola2b.jpg,.jpg,Venomous,Saw-scaled Viper,Venomous_Snake,600,399,RGB,66979,48afddcb20bbeb44adf10a46fb1c70479151473e0558bea8cd07c535480049b9,d5ce521f2c92730e,c5d280a2725adcaa,True,,,,True,TRAIN,False,NOT VERIFIED,DUPLICATE_REVIEW,near-duplicate candidate matching existing TRAIN image,JPEG,1.503759,,False
Venomous/Saw-scaled Viper/toz04066l.jpg,toz04066l.jpg,.jpg,Venomous,Saw-scaled Viper,Venomous_Snake,1600,1200,RGB,329496,3c9992fb255938f5963daa56b09be81eb6c262d90b5d61d01a12de7cf7167196,c308e0fdcfe13cc1,9181916b48108ac8,True,,,,True,TRAIN,False,NOT VERIFIED,DUPLICATE_REVIEW,near-duplicate candidate matching existing TRAIN image,JPEG,1.333333,,False
Venomous/Saw-scaled Viper/toz21624l.jpg,toz21624l.jpg,.jpg,Venomous,Saw-scaled Viper,Venomous_Snake,1600,1200,RGB,198870,9090456e61f0ce83186adceb7cc262f3eb80e94c9f01c0b3429949219d59c7af,9d39b35b612c6652,78787c36f07070ec,True,,,,True,TRAIN,False,NOT VERIFIED,DUPLICATE_REVIEW,near-duplicate candidate matching existing TRAIN image,JPEG,1.333333,,False
Venomous/Saw-scaled Viper/viper7l.JPG,viper7l.JPG,.jpg,Venomous,Saw-scaled Viper,Venomous_Snake,600,399,RGB,61007,8b7ee50db6f326b807853d1130903c7a50b11e17911a1d40924ddfce38b4b77e,db6aa0831e9edc38,e903336b494a88b6,True,,,,True,TRAIN,False,NOT VERIFIED,DUPLICATE_REVIEW,exact match to existing TRAIN image,JPEG,1.503759,,False
Venomous/Saw-scaled Viper/viper8l.JPG,viper8l.JPG,.jpg,Venomous,Saw-scaled Viper,Venomous_Snake,600,399,RGB,45944,c9ec58676865e66c1e96d82135e6b9dde63156d24c96265ce7e97f4201044382,c2296958ad1abbbc,d0c4b94c6088a140,True,,,,True,TRAIN,False,NOT VERIFIED,DUPLICATE_REVIEW,exact match to existing TRAIN image,JPEG,1.503759,,False
Venomous/Saw-scaled Viper/west-african-carpet-viper-echis-ocellatus-west-africa-also-known-as-CEHX79.jpg,west-african-carpet-viper-echis-ocellatus-west-africa-also-known-as-CEHX79.jpg,.jpg,Venomous,Saw-scaled Viper,Venomous_Snake,1300,940,RGB,349647,a4019fa0bf5103dc8752ea1df51d7ff523bbba52fc60d4b3b34cfc2ad3b8de3b,e9fa1d85789853b0,31679bb99bc2d2d5,True,,,,False,,False,NOT VERIFIED,PROVENANCE_REVIEW,source provenance and training reuse rights not verified,JPEG,1.382979,,False
Venomous/Saw-scaled Viper/young-saw-scaled-viper-echis-carinatus-tamil-nadu-south-india-epd0j4.jpg,young-saw-scaled-viper-echis-carinatus-tamil-nadu-south-india-epd0j4.jpg,.jpg,Venomous,Saw-scaled Viper,Venomous_Snake,640,445,RGB,55061,5e481a324159ba483c6866962f8825046f5c3cb55063579f5785b507a787e9dc,ab1fd46ee2313342,b4785a9fc94b92cd,True,,,,True,TRAIN,False,NOT VERIFIED,DUPLICATE_REVIEW,exact match to existing TRAIN image,JPEG,1.438202,,False
Venomous/Saw-scaled Viper/z_mag-p-23-Sawing.jpg,z_mag-p-23-Sawing.jpg,.jpg,Venomous,Saw-scaled Viper,Venomous_Snake,409,252,RGB,44270,a847391e8bb8e3c8a79b2f799b071fec0e5a90a2d678813ef403ce062b8bdf48,bfb5d0d2c04bc1c9,1d3e17173305190b,True,,,,True,TRAIN,False,NOT VERIFIED,DUPLICATE_REVIEW,exact match to existing TRAIN image,JPEG,1.623016,,False
Venomous/Spectacled Cobra/00409260.jpg,00409260.jpg,.jpg,Venomous,Spectacled Cobra,Venomous_Snake,700,459,RGB,156242,77154e93b393ecbdb2e4f86a6df16ee358ec9fd4632b70d78404c52ca5d3b983,f39c8df3d6454a04,649ca4cc0c8b9ec3,True,,,,True,TEST,False,NOT VERIFIED,LEAKAGE_RISK,near-duplicate candidate matching existing TEST image (HIGH_CONFIDENCE_NEAR_DUPLICATE),JPEG,1.525054,,False
Venomous/Spectacled Cobra/0224.jpeg,0224.jpeg,.jpeg,Venomous,Spectacled Cobra,Venomous_Snake,1024,768,RGB,591444,14e2c81cf6d04f3098abdfe5a0261c4d084fe5e195fd3f7c8d09729bc4723092,c6a1b9843bac3ec3,8dc32d256c24a209,True,,,,False,,False,NOT VERIFIED,PROVENANCE_REVIEW,source provenance and training reuse rights not verified,JPEG,1.333333,,False
Venomous/Spectacled Cobra/025c68f55a8efc9290a8435db743bbf3--the-big-four-the-ojays.jpg,025c68f55a8efc9290a8435db743bbf3--the-big-four-the-ojays.jpg,.jpg,Venomous,Spectacled Cobra,Venomous_Snake,720,540,RGB,137022,94ab157a68db7d840c0cef06bcb5427a54786821fc53aeafb438d23dc3ab13db,c216178c6d4bcd3e,ececc883b6d44906,True,,,,True,TEST,False,NOT VERIFIED,LEAKAGE_RISK,near-duplicate candidate matching existing TEST image (HIGH_CONFIDENCE_NEAR_DUPLICATE),JPEG,1.333333,,False
Venomous/Spectacled Cobra/03 Spectacled Cobra 1.JPG,03 Spectacled Cobra 1.JPG,.jpg,Venomous,Spectacled Cobra,Venomous_Snake,800,600,RGB,175900,64c7081f28abf54f188548a1a9a70b6e1c75bd14388ac0020cfc02ff5d228e33,e496193bd6e01de4,fce686e4661383f6,True,,,,True,TEST,False,NOT VERIFIED,LEAKAGE_RISK,near-duplicate candidate matching existing TEST image (HIGH_CONFIDENCE_NEAR_DUPLICATE),JPEG,1.333333,,False
Venomous/Spectacled Cobra/0442c0e88fb9b22c0d608a9b25577469--naja-cobra.jpg,0442c0e88fb9b22c0d608a9b25577469--naja-cobra.jpg,.jpg,Venomous,Spectacled Cobra,Venomous_Snake,236,188,RGB,10214,31ea25c108baaa623b607c39f12ed8cbe37493e0a9d59ca7b81dcbaca71fe1e4,ce4c28e772327c99,6572316544464c73,True,,,,True,TEST,False,NOT VERIFIED,LEAKAGE_RISK,near-duplicate candidate matching existing TEST image (HIGH_CONFIDENCE_NEAR_DUPLICATE),JPEG,1.255319,,False
Venomous/Spectacled Cobra/0_7a209fcba04a5c21f4181e692723c0ca.jpg,0_7a209fcba04a5c21f4181e692723c0ca.jpg,.jpg,Venomous,Spectacled Cobra,Venomous_Snake,320,531,RGB,53808,00ddf2c29c8d22d6f80d3d380ac6f8ccc7c727725f9be973f6fc05a9f391b8f4,809db8e307dce09f,dcd2b4ec4e959564,True,,,,True,TEST,False,NOT VERIFIED,LEAKAGE_RISK,near-duplicate candidate matching existing TEST image (HIGH_CONFIDENCE_NEAR_DUPLICATE),JPEG,0.602637,,False
Venomous/Spectacled Cobra/10412951893_9762368a13_b.jpg,10412951893_9762368a13_b.jpg,.jpg,Venomous,Spectacled Cobra,Venomous_Snake,780,1024,RGB,384480,d1ca1b621bbe4aa8daaa02aef9dff4953171b4d92031e055a0c9df69bf8e177e,b4c6b383c90c5ed9,ce4c3436d4e4971e,True,,,,True,TRAIN,False,NOT VERIFIED,DUPLICATE_REVIEW,near-duplicate candidate matching existing TRAIN image,JPEG,0.761719,,False
Venomous/Spectacled Cobra/1078.jpeg,1078.jpeg,.jpeg,Venomous,Spectacled Cobra,Venomous_Snake,550,346,RGB,73226,6c92263bccdb73fe925c808cca8cc9c46a470c7f19f743cfd6001158fb2a87d2,92e5848f2f7d4878,66cc990f3bf9b9ec,True,,,,False,,False,NOT VERIFIED,PROVENANCE_REVIEW,source provenance and training reuse rights not verified,JPEG,1.589595,,False
Venomous/Spectacled Cobra/1107.jpeg,1107.jpeg,.jpeg,Venomous,Spectacled Cobra,Venomous_Snake,730,570,RGB,222805,8d641c6ba27614274b7506d40fea30a3e8ba41ae9e6c477a790c5301d76e385c,c5cc3a331a1e7a27,b8e6a2f2de96a686,True,,,,False,,False,NOT VERIFIED,PROVENANCE_REVIEW,source provenance and training reuse rights not verified,JPEG,1.280702,,False
Venomous/Spectacled Cobra/12.SNAKECONFLICT2008SLIDE-1.jpg,12.SNAKECONFLICT2008SLIDE-1.jpg,.jpg,Venomous,Spectacled Cobra,Venomous_Snake,450,338,RGB,54190,d0eceb9b1bafc0499596d0beb7039913eb75286cbc87de27781d00b212d6a342,e564502b9bcc6973,020484644b7364d8,True,,,,True,TEST,False,NOT VERIFIED,LEAKAGE_RISK,near-duplicate candidate matching existing TEST image (HIGH_CONFIDENCE_NEAR_DUPLICATE),JPEG,1.331361,,False
Venomous/Spectacled Cobra/1438852852IMG_4008.JPG,1438852852IMG_4008.JPG,.jpg,Venomous,Spectacled Cobra,Venomous_Snake,600,337,RGB,34196,0642985911ff5431424b1dfbe95aa483367a7ffda9c055734dfd74c94f693774,fc26838fbc45870b,050904243b72521b,True,,,,True,TRAIN,False,NOT VERIFIED,DUPLICATE_REVIEW,near-duplicate candidate matching existing TRAIN image,JPEG,1.780415,,False
Venomous/Spectacled Cobra/1438852854main-2.JPG,1438852854main-2.JPG,.jpg,Venomous,Spectacled Cobra,Venomous_Snake,600,400,RGB,67462,ea0cfdc9dcbf2812aa80299843db82982365d3bee12644e77d1fec0739bb2dd3,d25e3e3e29b4a292,34e1e8d098edb8d0,True,,,,True,TRAIN,False,NOT VERIFIED,DUPLICATE_REVIEW,near-duplicate candidate matching existing TRAIN image,JPEG,1.5,,False
Venomous/Spectacled Cobra/1438852857sub head shot-2.jpg,1438852857sub head shot-2.jpg,.jpg,Venomous,Spectacled Cobra,Venomous_Snake,600,1024,RGB,111957,f2bad7d7c13021b6e7958993ae2fde0d3607eaf526b991c75d1b712f3bf77e4a,8b1556616967b5e1,ccf8686b934f4da9,True,,,,True,TRAIN,False,NOT VERIFIED,DUPLICATE_REVIEW,near-duplicate candidate matching existing TRAIN image,JPEG,0.585938,,False
Venomous/Spectacled Cobra/150811-004-F71D4E4A.jpg,150811-004-F71D4E4A.jpg,.jpg,Venomous,Spectacled Cobra,Venomous_Snake,345,450,RGB,22403,e7fdae7f3e7541f45bafe746373ded9980b4be75c2a82a643dcb5be71ad30739,f3f0880dcc1ab973,664c8c0d4c4e4829,True,,,,True,TRAIN,False,NOT VERIFIED,DUPLICATE_REVIEW,near-duplicate candidate matching existing TRAIN image,JPEG,0.766667,,False
Venomous/Spectacled Cobra/150px-Naja.jpg,150px-Naja.jpg,.jpg,Venomous,Spectacled Cobra,Venomous_Snake,150,210,RGB,10886,a989f9af93dbd82a6251391495204915d85bce5e191e51a9886b62a2c4427320,c243d00f6d692f7c,c9d9c9d060ca9491,True,,,,True,TRAIN,False,NOT VERIFIED,DUPLICATE_REVIEW,near-duplicate candidate matching existing TRAIN image,JPEG,0.714286,,False
Venomous/Spectacled Cobra/16.JPG,16.JPG,.jpg,Venomous,Spectacled Cobra,Venomous_Snake,1600,1069,RGB,152002,16025d728fbbeaed68b2630ed7360977306aad48e899e200070a076d548e9031,946ab5906fb55a89,88aca4e4f8f8bc7c,True,,,,True,TRAIN,False,NOT VERIFIED,DUPLICATE_REVIEW,near-duplicate candidate matching existing TRAIN image,JPEG,1.496726,,False
Venomous/Spectacled Cobra/160110 100lop.jpg,160110 100lop.jpg,.jpg,Venomous,Spectacled Cobra,Venomous_Snake,480,550,RGB,206064,d3f2e2107c547086d78d009e3d67b5e69225d3a3f086e44b5698f943b7d8fb72,c663399cb9986ad1,296e606868e5f478,True,,,,True,TEST,False,NOT VERIFIED,LEAKAGE_RISK,near-duplicate candidate matching existing TEST image (HIGH_CONFIDENCE_NEAR_DUPLICATE),JPEG,0.872727,,False
Venomous/Spectacled Cobra/2171770524_a444df4f7d.jpg,2171770524_a444df4f7d.jpg,.jpg,Venomous,Spectacled Cobra,Venomous_Snake,356,500,RGB,100259,54bf7098d8b718ca1033e48f4c00a49dd34f5f7996c751463d1b00a055296916,d6042feb097f02f2,f2f0ecb0f8c808f8,True,,,,True,TRAIN,False,NOT VERIFIED,DUPLICATE_REVIEW,near-duplicate candidate matching existing TRAIN image,JPEG,0.712,,False
Venomous/Spectacled Cobra/2180514e186a040692de298c7be66e95.jpg,2180514e186a040692de298c7be66e95.jpg,.jpg,Venomous,Spectacled Cobra,Venomous_Snake,236,328,RGB,11888,e1be0f88fb5351b6b82c3a6aabd36b4314e3a0d7be44d677bb171a43bc0074ec,c47a3b2c38936e93,bca0c4d494e6c8cc,True,,,,True,TEST,False,NOT VERIFIED,LEAKAGE_RISK,near-duplicate candidate matching existing TEST image (HIGH_CONFIDENCE_NEAR_DUPLICATE),JPEG,0.719512,,False
Venomous/Spectacled Cobra/220px-Naja_naja_(Indian_cobra).jpg,220px-Naja_naja_(Indian_cobra).jpg,.jpg,Venomous,Spectacled Cobra,Venomous_Snake,220,157,RGB,16076,2c1fc503ccb8e6879dfd680a18acf930d804e7a636d26f1e5ed4ba5e1227faa3,999f79c14d2c255a,faf87cf4b99c9393,True,,,,True,TEST,False,NOT VERIFIED,LEAKAGE_RISK,near-duplicate candidate matching existing TEST image (HIGH_CONFIDENCE_NEAR_DUPLICATE),JPEG,1.401274,,False
Venomous/Spectacled Cobra/220px-Spectacled_cobra.JPG,220px-Spectacled_cobra.JPG,.jpg,Venomous,Spectacled Cobra,Venomous_Snake,220,287,RGB,21973,dd8a043abe45bebc43da8fedd9a981d54b5dfc34e299593aeae6b6d1ee4cdde5,9dc9e61b30576f10,98b2325c9e636804,True,,,,True,TEST,False,NOT VERIFIED,LEAKAGE_RISK,near-duplicate candidate matching existing TEST image (HIGH_CONFIDENCE_NEAR_DUPLICATE),JPEG,0.766551,,False
Venomous/Spectacled Cobra/2373029895_601e5c5ee6.jpg,2373029895_601e5c5ee6.jpg,.jpg,Venomous,Spectacled Cobra,Venomous_Snake,423,317,RGB,89137,f3466f1a04fab1359c57de6ebb5fc12f0c74b23b6495a9cec912ef6a6cf3dbfd,99246373bc59263b,daf2b432529a9a9a,True,,,,True,TRAIN,False,NOT VERIFIED,DUPLICATE_REVIEW,near-duplicate candidate matching existing TRAIN image,JPEG,1.334385,,False
Venomous/Spectacled Cobra/245ae98383301ad48771fc3b60394c68.jpg,245ae98383301ad48771fc3b60394c68.jpg,.jpg,Venomous,Spectacled Cobra,Venomous_Snake,600,432,RGB,68334,f2bab735e0bca00119665959a32b3488d061e564bce4122b5ecbb3f6f4096c6b,ed9d7296d02a8d70,c5527372d2668703,True,,,,True,TRAIN,False,NOT VERIFIED,DUPLICATE_REVIEW,near-duplicate candidate matching existing TRAIN image,JPEG,1.388889,,False
Venomous/Spectacled Cobra/26512735140_786a135518_b.jpg,26512735140_786a135518_b.jpg,.jpg,Venomous,Spectacled Cobra,Venomous_Snake,767,1024,RGB,337645,7f50ddeb2a86dbb9ac722aec4aef5e02e082c0a2bf76652859b4ab59d0f015f8,c5632bcbd80617ad,c3cfe6ec90eae2a8,True,,,,True,TRAIN,False,NOT VERIFIED,DUPLICATE_REVIEW,near-duplicate candidate matching existing TRAIN image,JPEG,0.749023,,False
Venomous/Spectacled Cobra/2822295694_40311c360a.jpg,2822295694_40311c360a.jpg,.jpg,Venomous,Spectacled Cobra,Venomous_Snake,500,333,RGB,96981,a3200fd6cf007b0943d732f6978449486b05596a6fbb5dd87e7316c043cf6913,c1943e633b8cc65b,008894b6daca8200,True,,,,True,TRAIN,False,NOT VERIFIED,DUPLICATE_REVIEW,near-duplicate candidate matching existing TRAIN image,JPEG,1.501502,,False
Venomous/Spectacled Cobra/3121466143_73cc964a89_b.jpg,3121466143_73cc964a89_b.jpg,.jpg,Venomous,Spectacled Cobra,Venomous_Snake,843,1024,RGB,222087,46896cb9f48b83ed91c734f2d0e352bfffde18a1cc16ad2e63bb23e020f91192,9933028e8fce7173,d49e1c1272b2b1b1,True,,,,True,VALIDATION,False,NOT VERIFIED,DUPLICATE_REVIEW,near-duplicate candidate matching existing VALIDATION image,JPEG,0.823242,,False
Venomous/Spectacled Cobra/3258134501_359df8ffd2.jpg,3258134501_359df8ffd2.jpg,.jpg,Venomous,Spectacled Cobra,Venomous_Snake,482,500,RGB,142861,d8387e0f8e1ff3eff631535be22bd298275104e7cebe2fe2fee5b911e9cfcaae,8c8ebbb38f19198c,7d2533e7e49c95f3,True,,,,True,VALIDATION,False,NOT VERIFIED,DUPLICATE_REVIEW,near-duplicate candidate matching existing VALIDATION image,JPEG,0.964,,False
Venomous/Spectacled Cobra/3914435829_61a77296ef_b.jpg,3914435829_61a77296ef_b.jpg,.jpg,Venomous,Spectacled Cobra,Venomous_Snake,1024,723,RGB,244629,23bd52a8885f082f29b85fe3f9e525441e0ec48c38464588c358a90a37b1033d,a8169769c8e6751b,ef7b2eaf330787b2,True,,,,True,VALIDATION,False,NOT VERIFIED,DUPLICATE_REVIEW,near-duplicate candidate matching existing VALIDATION image,JPEG,1.416321,,False
Venomous/Spectacled Cobra/426b89d75ff053790e7ec2abe117f78c--cobra-snake-poisonous-snakes.jpg,426b89d75ff053790e7ec2abe117f78c--cobra-snake-poisonous-snakes.jpg,.jpg,Venomous,Spectacled Cobra,Venomous_Snake,236,257,RGB,20018,eb50b98b684a73dca8f5c301e8d4e295eb280b4f11c13a7d482377e634e94369,add44a39d2c61fb0,b1b787e61e73e76f,True,,,,True,TEST,False,NOT VERIFIED,LEAKAGE_RISK,near-duplicate candidate matching existing TEST image (HIGH_CONFIDENCE_NEAR_DUPLICATE),JPEG,0.918288,,False
Venomous/Spectacled Cobra/4cb43071ca703cf4778dd7473d3dfab8.jpg,4cb43071ca703cf4778dd7473d3dfab8.jpg,.jpg,Venomous,Spectacled Cobra,Venomous_Snake,3456,2592,RGB,3158619,35782ec4bb42420feda4dc65e2a79ec2f8ee20f74d33542a77f5132a5bd29647,9688b13fe4ac8b72,b6fdd965557924cc,True,,,,True,TRAIN,False,NOT VERIFIED,DUPLICATE_REVIEW,near-duplicate candidate matching existing TRAIN image,JPEG,1.333333,,False
Venomous/Spectacled Cobra/501001_8697602067eba4ehhlpe07.jpg,501001_8697602067eba4ehhlpe07.jpg,.jpg,Venomous,Spectacled Cobra,Venomous_Snake,1260,1215,RGB,378533,38f0b758c201277171390c122bdf9547bde51958cbe8eb31ab50bf57e2bc062f,ea8e84b19b87b370,a5a52171138b0793,True,,,,True,TEST,False,NOT VERIFIED,LEAKAGE_RISK,near-duplicate candidate matching existing TEST image (HIGH_CONFIDENCE_NEAR_DUPLICATE),JPEG,1.037037,,False
Venomous/Spectacled Cobra/501121_298677f067eba4fv1mjc07.jpg,501121_298677f067eba4fv1mjc07.jpg,.jpg,Venomous,Spectacled Cobra,Venomous_Snake,1304,661,RGB,182687,56057466ddeb3b7dbe3992ee96c07fce885cd4aeb30e9e6cbdcdff975a2705f6,fd51d26c37c06c2a,0058035a33271918,True,,,,True,TEST,False,NOT VERIFIED,LEAKAGE_RISK,near-duplicate candidate matching existing TEST image (HIGH_CONFIDENCE_NEAR_DUPLICATE),JPEG,1.972769,,False
Venomous/Spectacled Cobra/5166803825_d79cf8246e_b.jpg,5166803825_d79cf8246e_b.jpg,.jpg,Venomous,Spectacled Cobra,Venomous_Snake,1024,680,RGB,305121,88a2158787ca147d2c6e7edcdeba6a109f5de9f5c94c4e1c61a4886dcc2f356f,c97e37d94c861827,a128e1b0d090cce6,True,,,,True,TRAIN,False,NOT VERIFIED,DUPLICATE_REVIEW,near-duplicate candidate matching existing TRAIN image,JPEG,1.505882,,False
Venomous/Spectacled Cobra/5451042675_998c64ac13_b.jpg,5451042675_998c64ac13_b.jpg,.jpg,Venomous,Spectacled Cobra,Venomous_Snake,1024,683,RGB,296724,19a2fbbc7e4aea3a977d22ff70cd15f49ec39fefb472d161b62049ad051e6efc,9ced28abb355a823,3364e470d93af0f5,True,,,,True,VALIDATION,False,NOT VERIFIED,DUPLICATE_REVIEW,near-duplicate candidate matching existing VALIDATION image,JPEG,1.499268,,False
Venomous/Spectacled Cobra/578_normal_Spectacled_cobra3.jpg,578_normal_Spectacled_cobra3.jpg,.jpg,Venomous,Spectacled Cobra,Venomous_Snake,288,300,RGB,34858,cc5fbc10586f39583b4d3e2a0226b59fb544bde4ecd9270a4b19938bda4997ff,b89e3c6363c0437b,333430a499de9e3e,True,,,,True,TRAIN,False,NOT VERIFIED,DUPLICATE_REVIEW,near-duplicate candidate matching existing TRAIN image,JPEG,0.96,,False
Venomous/Spectacled Cobra/5802878151_ef19374e8d_b.jpg,5802878151_ef19374e8d_b.jpg,.jpg,Venomous,Spectacled Cobra,Venomous_Snake,561,800,RGB,212671,99ebd93468077e312868145ab2c31dfff9bea1e6f8e6fb27021cd7746c0c8ff2,a48b757d46a14b72,d4acc9f5b533968c,True,,,,True,TRAIN,False,NOT VERIFIED,DUPLICATE_REVIEW,near-duplicate candidate matching existing TRAIN image,JPEG,0.70125,,False
Venomous/Spectacled Cobra/58680357_PW36.jpg,58680357_PW36.jpg,.jpg,Venomous,Spectacled Cobra,Venomous_Snake,240,360,RGB,47318,83a86b06f3688d8e2430adfb2e52ac511b9679f5f5cd714ed278c64be8782961,dc0b613d67954e92,56b138703830b080,True,,,,True,TEST,False,NOT VERIFIED,LEAKAGE_RISK,near-duplicate candidate matching existing TEST image (HIGH_CONFIDENCE_NEAR_DUPLICATE),JPEG,0.666667,,False
Venomous/Spectacled Cobra/58680358_PW36.jpg,58680358_PW36.jpg,.jpg,Venomous,Spectacled Cobra,Venomous_Snake,240,360,RGB,35749,aebe50cd4c8f8ff3c7848598984b44aac7d491f61174720d9f9fbd0d525e8373,98732c6d265c33da,8630383879723336,True,,,,True,TEST,False,NOT VERIFIED,LEAKAGE_RISK,near-duplicate candidate matching existing TEST image (HIGH_CONFIDENCE_NEAR_DUPLICATE),JPEG,0.666667,,False
Venomous/Spectacled Cobra/58680361_PW36.jpg,58680361_PW36.jpg,.jpg,Venomous,Spectacled Cobra,Venomous_Snake,240,360,RGB,43610,9f1b364d7c75252490903fba4dae71ad5d0c8510fc55e7e47b4bb64880e40c89,cd4b7072790da25b,98b0617355eda696,True,,,,True,TEST,False,NOT VERIFIED,LEAKAGE_RISK,near-duplicate candidate matching existing TEST image (HIGH_CONFIDENCE_NEAR_DUPLICATE),JPEG,0.666667,,False
Venomous/Spectacled Cobra/6027522525_91d5cc49ba_b.jpg,6027522525_91d5cc49ba_b.jpg,.jpg,Venomous,Spectacled Cobra,Venomous_Snake,585,800,RGB,217929,c5fefd6a664b38df42aae32093d41e5c9638f6640140ab7db473bf200f03e9bd,849132e71cf8537e,8aa292b6e2caa6be,True,,,,True,VALIDATION,False,NOT VERIFIED,DUPLICATE_REVIEW,near-duplicate candidate matching existing VALIDATION image,JPEG,0.73125,,False
Venomous/Spectacled Cobra/614a34a77654e6726429703e150dea3e.jpg,614a34a77654e6726429703e150dea3e.jpg,.jpg,Venomous,Spectacled Cobra,Venomous_Snake,500,687,RGB,160581,3abee7263607d9a38f081f5697b52c8a973974551fd429814520ab3a5a739fe8,c1e639ccd338f30c,3247c7c8e0d29ad9,True,,,,True,TEST,False,NOT VERIFIED,LEAKAGE_RISK,near-duplicate candidate matching existing TEST image (HIGH_CONFIDENCE_NEAR_DUPLICATE),JPEG,0.727802,,False
Venomous/Spectacled Cobra/628592919_285e1def53_b.jpg,628592919_285e1def53_b.jpg,.jpg,Venomous,Spectacled Cobra,Venomous_Snake,1024,683,RGB,331604,83dabc94427316eebd0b1252e8f1133c067f928426f66f40933a864cb0aa468e,91e6d32950b847de,8aaeeeb6b2db9ae8,True,,,,True,TEST,False,NOT VERIFIED,LEAKAGE_RISK,near-duplicate candidate matching existing TEST image (HIGH_CONFIDENCE_NEAR_DUPLICATE),JPEG,1.499268,,False
Venomous/Spectacled Cobra/6b6da31906462414e878d1dd90aa146c--snake-wallpaper-hd-wallpaper.jpg,6b6da31906462414e878d1dd90aa146c--snake-wallpaper-hd-wallpaper.jpg,.jpg,Venomous,Spectacled Cobra,Venomous_Snake,736,350,RGB,116593,efe2f6e9fbcd0192e4eefabe6b25fcd1ae35418cf6f91ce0688036a186d227de,bb150fe0916a783b,3e3818909293697b,True,,,,True,TEST,False,NOT VERIFIED,LEAKAGE_RISK,near-duplicate candidate matching existing TEST image (HIGH_CONFIDENCE_NEAR_DUPLICATE),JPEG,2.102857,,False
Venomous/Spectacled Cobra/6O4A0379.jpg,6O4A0379.jpg,.jpg,Venomous,Spectacled Cobra,Venomous_Snake,4278,2852,RGB,763171,e71e36e590f8a886392b356a08c72dde44fa5c3468b500bdc58552b4c6f90557,8cc9e3a674995a95,a1c353923423f6cc,True,,,,True,TEST,False,NOT VERIFIED,LEAKAGE_RISK,near-duplicate candidate matching existing TEST image (HIGH_CONFIDENCE_NEAR_DUPLICATE),JPEG,1.5,,False
Venomous/Spectacled Cobra/6O4A0409.jpg,6O4A0409.jpg,.jpg,Venomous,Spectacled Cobra,Venomous_Snake,3753,2502,RGB,773931,6cd7d37b5aa888a0166f06401fc77795fc0ee75fd8e5307856e1d807dffdb81a,81b31d509fbc61cd,fcd8cfccc884b076,True,,,,True,TRAIN,False,NOT VERIFIED,DUPLICATE_REVIEW,near-duplicate candidate matching existing TRAIN image,JPEG,1.5,,False
Venomous/Spectacled Cobra/6O4A0417.jpg,6O4A0417.jpg,.jpg,Venomous,Spectacled Cobra,Venomous_Snake,4702,3135,RGB,705604,3efa252d010b25cc931464531316503f9ab248f1f2ce8de0f1ffcc88775746c4,9e8d1ee1b8706a8e,77e2659d92400c3c,True,,,,True,TEST,False,NOT VERIFIED,LEAKAGE_RISK,near-duplicate candidate matching existing TEST image (HIGH_CONFIDENCE_NEAR_DUPLICATE),JPEG,1.499841,,False
Venomous/Spectacled Cobra/7666611262_9559ea4f02_b.jpg,7666611262_9559ea4f02_b.jpg,.jpg,Venomous,Spectacled Cobra,Venomous_Snake,1024,823,RGB,223125,367c36c97ec21b1bcf33a72a3c7d114fe71e63729213cdabe7ec1c76ca1905f8,c21919766e534bec,96f4d1cfc5cc8c85,True,,,,True,TRAIN,False,NOT VERIFIED,DUPLICATE_REVIEW,near-duplicate candidate matching existing TRAIN image,JPEG,1.244228,,False
Venomous/Spectacled Cobra/8007030158_2c1c6f468d_b.jpg,8007030158_2c1c6f468d_b.jpg,.jpg,Venomous,Spectacled Cobra,Venomous_Snake,1024,908,RGB,248020,c8a0c76b919a22bb7f5cb5b3f1e08d40be728f10829e085766e81d3d0b2d1e40,99c36c282f1f53b8,529658781c993737,True,,,,True,TRAIN,False,NOT VERIFIED,DUPLICATE_REVIEW,near-duplicate candidate matching existing TRAIN image,JPEG,1.127753,,False
Venomous/Spectacled Cobra/80098531.jpg,80098531.jpg,.jpg,Venomous,Spectacled Cobra,Venomous_Snake,700,467,RGB,176124,0318ec0a6af48371d0f3dfb4249b0497e437f5aa1bc011a1e63f2c857361abc3,d007b74b907fc784,69c8e890b0502b96,True,,,,True,TEST,False,NOT VERIFIED,LEAKAGE_RISK,near-duplicate candidate matching existing TEST image (HIGH_CONFIDENCE_NEAR_DUPLICATE),JPEG,1.498929,,False
Venomous/Spectacled Cobra/8043872884_7c772f915a_b.jpg,8043872884_7c772f915a_b.jpg,.jpg,Venomous,Spectacled Cobra,Venomous_Snake,1024,683,RGB,348872,e2b38aa0da87dfe2d73fc0dbbe8c2e0f63d61bdd3a57a4bf69e2b30d963c05cf,bc8f6368167a4a33,a0662a2620b39f9e,True,,,,True,TRAIN,False,NOT VERIFIED,DUPLICATE_REVIEW,near-duplicate candidate matching existing TRAIN image,JPEG,1.499268,,False
Venomous/Spectacled Cobra/817-21250.jpg,817-21250.jpg,.jpg,Venomous,Spectacled Cobra,Venomous_Snake,652,1000,RGB,337934,c55626eeea7e3a91f627694c117acbbac203f589a9c130f72823363cf8249e2e,ce5c17b3f086e40b,6e33662511ca69e5,True,,,,True,TEST,False,NOT VERIFIED,LEAKAGE_RISK,near-duplicate candidate matching existing TEST image (HIGH_CONFIDENCE_NEAR_DUPLICATE),JPEG,0.652,,False
Venomous/Spectacled Cobra/817-21362.jpg,817-21362.jpg,.jpg,Venomous,Spectacled Cobra,Venomous_Snake,646,1000,RGB,309516,39ac3e4dbe95d4ec3aa6c328194f5200eaa1f0100e1fafe08e368609f9d4fb70,8c477379668f819c,a931626231913227,True,,,,True,TRAIN,False,NOT VERIFIED,DUPLICATE_REVIEW,near-duplicate candidate matching existing TRAIN image,JPEG,0.646,,False
Venomous/Spectacled Cobra/867036109_877165ada8_b.jpg,867036109_877165ada8_b.jpg,.jpg,Venomous,Spectacled Cobra,Venomous_Snake,1024,766,RGB,325110,f49bc6196f5c5c8f8e871f791f1a0c1cac8378e8772611b15316e21dc3ee70e1,cc5df3f2909598a8,6872f2f0f1734df8,True,,,,True,TRAIN,False,NOT VERIFIED,DUPLICATE_REVIEW,near-duplicate candidate matching existing TRAIN image,JPEG,1.336815,,False
Venomous/Spectacled Cobra/90202668.jpg,90202668.jpg,.jpg,Venomous,Spectacled Cobra,Venomous_Snake,700,447,RGB,146713,630b8dc80f8839b4f84e4e755675db259adbc04ed4f5422f46cd4f484f08e184,c22739d08ec7719e,e1e9e0e1e1d8e0f9,True,,,,True,TEST,False,NOT VERIFIED,LEAKAGE_RISK,near-duplicate candidate matching existing TEST image (HIGH_CONFIDENCE_NEAR_DUPLICATE),JPEG,1.565996,,False
Venomous/Spectacled Cobra/90215640.jpg,90215640.jpg,.jpg,Venomous,Spectacled Cobra,Venomous_Snake,463,700,RGB,182325,d514d93b9decf987a38de39776a299ceb77310994071be9500a852750729f708,993b666c6933ca4c,1f4cd899b2341c84,True,,,,True,TEST,False,NOT VERIFIED,LEAKAGE_RISK,near-duplicate candidate matching existing TEST image (HIGH_CONFIDENCE_NEAR_DUPLICATE),JPEG,0.661429,,False
Venomous/Spectacled Cobra/92.jpg,92.jpg,.jpg,Venomous,Spectacled Cobra,Venomous_Snake,562,850,RGB,175160,991d6a193ff57306573a597ec45329e08c536fa05166e2ea5e4b735cea754ae6,d0d52b0a297c2dd7,199c84b4b0349591,True,,,,True,TEST,False,NOT VERIFIED,LEAKAGE_RISK,near-duplicate candidate matching existing TEST image (HIGH_CONFIDENCE_NEAR_DUPLICATE),JPEG,0.661176,,False
Venomous/Spectacled Cobra/9289038011_1a31a0cac1_b.jpg,9289038011_1a31a0cac1_b.jpg,.jpg,Venomous,Spectacled Cobra,Venomous_Snake,1024,688,RGB,169320,6ae6ce84c3659c8e4d6ab1cfcc0e1a367c1d81df8eb0880c576d0b626bd40a0c,c4a891d39d64d38f,e8e5c4e6e8c8e4f2,True,,,,True,TRAIN,False,NOT VERIFIED,DUPLICATE_REVIEW,near-duplicate candidate matching existing TRAIN image,JPEG,1.488372,,False
Venomous/Spectacled Cobra/9616250823_d6766e1c31_b.jpg,9616250823_d6766e1c31_b.jpg,.jpg,Venomous,Spectacled Cobra,Venomous_Snake,684,1024,RGB,335050,bc23c85ae6eb3e87d4fd16166897f9216ef6ea921812fe29050816b0d14b972c,896566d3169e94da,d6d312f2d2d35b8f,True,,,,True,TRAIN,False,NOT VERIFIED,DUPLICATE_REVIEW,near-duplicate candidate matching existing TRAIN image,JPEG,0.667969,,False
Venomous/Spectacled Cobra/9619492326_56aa145611_b.jpg,9619492326_56aa145611_b.jpg,.jpg,Venomous,Spectacled Cobra,Venomous_Snake,1024,340,RGB,141745,4707e7312dfd2e8162c1cf541e8d418d1ab7d62c84fcab0f16d9a4115da99332,ccd2a529ce759866,c4e4a42161134a66,True,,,,True,TRAIN,False,NOT VERIFIED,DUPLICATE_REVIEW,near-duplicate candidate matching existing TRAIN image,JPEG,3.011765,,False
Venomous/Spectacled Cobra/_RAM2084_Indian_Spectacled_Cobra.jpg,_RAM2084_Indian_Spectacled_Cobra.jpg,.jpg,Venomous,Spectacled Cobra,Venomous_Snake,900,585,RGB,271457,b77161732bca8ab435ab88717d0c13b10e95fdd7195e29a607bbb710a12364b4,b14e786738ce38c6,332bf2fadad8da99,True,,,,False,,False,NOT VERIFIED,PROVENANCE_REVIEW,source provenance and training reuse rights not verified,JPEG,1.538462,,False
Venomous/Spectacled Cobra/a28044f3db3d514d2fad5316904626c8_giant.jpg,a28044f3db3d514d2fad5316904626c8_giant.jpg,.jpg,Venomous,Spectacled Cobra,Venomous_Snake,649,1000,RGB,676390,068a1b6e1473fd13fa347bfd2c5e60b1791b458bcf292417ba30bb7b43765152,84591bc637317cd6,f0f09696cce4f6f0,True,,,,True,TRAIN,False,NOT VERIFIED,DUPLICATE_REVIEW,near-duplicate candidate matching existing TRAIN image,JPEG,0.649,,False
Venomous/Spectacled Cobra/adbfb6aa535e12ed6f14345bfa878456.jpg,adbfb6aa535e12ed6f14345bfa878456.jpg,.jpg,Venomous,Spectacled Cobra,Venomous_Snake,1024,768,RGB,95060,aab811e69632f7a73e10fc645f265b95a20b9cd89410221050c230fd04176074,94f819ae67c3b861,28399880ceffd09c,True,,,,True,TRAIN,False,NOT VERIFIED,DUPLICATE_REVIEW,near-duplicate candidate matching existing TRAIN image,JPEG,1.333333,,False
Venomous/Spectacled Cobra/Amazing pictures animals photos Nature exotic incredible funny Zoo danger pics Indian cobra Naja naja Asian cobra spectacled cobra 4.jpg,Amazing pictures animals photos Nature exotic incredible funny Zoo danger pics Indian cobra Naja naja Asian cobra spectacled cobra 4.jpg,.jpg,Venomous,Spectacled Cobra,Venomous_Snake,800,610,RGB,138012,33e6a033ac3c697d06d91ddcc4391ac547ee6944918cc412213c0fb7973fbc89,b38c453266cf9572,6c266b299d9cc9ce,True,,,,True,VALIDATION,False,NOT VERIFIED,DUPLICATE_REVIEW,near-duplicate candidate matching existing VALIDATION image,JPEG,1.311475,,False
Venomous/Spectacled Cobra/Amazing pictures animals photos Nature exotic incredible funny Zoo danger pics Indian cobra Naja naja Asian cobra spectacled cobra 5.jpg,Amazing pictures animals photos Nature exotic incredible funny Zoo danger pics Indian cobra Naja naja Asian cobra spectacled cobra 5.jpg,.jpg,Venomous,Spectacled Cobra,Venomous_Snake,560,420,RGB,36697,0787bcddc04d3cb09c4871e54bdcef042da8da144a136c84a9a7f78828cb3196,d83a32ec93460df3,0d393071d3b3a4dc,True,,,,True,TRAIN,False,NOT VERIFIED,DUPLICATE_REVIEW,near-duplicate candidate matching existing TRAIN image,JPEG,1.333333,,False
Venomous/Spectacled Cobra/Amazing pictures animals photos Nature exotic incredible funny Zoo danger pics Indian cobra Naja naja Asian cobra spectacled cobra 7.jpeg,Amazing pictures animals photos Nature exotic incredible funny Zoo danger pics Indian cobra Naja naja Asian cobra spectacled cobra 7.jpeg,.jpeg,Venomous,Spectacled Cobra,Venomous_Snake,768,1024,RGB,121459,18ab911364caac1ec20b0e2d944ec5fdb6be5c8f70ea6b57a3ef4a7a4b20c349,f10cce743d26e392,b373d192964c8c4e,True,,,,True,TRAIN,False,NOT VERIFIED,DUPLICATE_REVIEW,exact match to existing TRAIN image,JPEG,0.75,,False
Venomous/Spectacled Cobra/an-alert-indian-or-spectacled-cobra-naja-naja-c2an7a.jpg,an-alert-indian-or-spectacled-cobra-naja-naja-c2an7a.jpg,.jpg,Venomous,Spectacled Cobra,Venomous_Snake,402,540,RGB,83564,d610f423020179e7cec8a6f263d4282368bd5e1983b1fb447a1f9f1b60b6460c,a7b7dc4aec60b406,cc684e8a63cbc933,True,,,,True,TRAIN,False,NOT VERIFIED,DUPLICATE_REVIEW,near-duplicate candidate matching existing TRAIN image,JPEG,0.744444,,False
Venomous/Spectacled Cobra/an-indian-or-spectacled-cobra-naja-naja-hooding-details-of-the-back-a2c9e6.jpg,an-indian-or-spectacled-cobra-naja-naja-hooding-details-of-the-back-a2c9e6.jpg,.jpg,Venomous,Spectacled Cobra,Venomous_Snake,297,470,RGB,46811,8e381bea8440ad727bf0c481b842309ce07b7f4284663601b6c631cd80c72cc7,dd9c6e6ac814c45d,647838bc50e31e1a,True,,,,True,TRAIN,False,NOT VERIFIED,DUPLICATE_REVIEW,near-duplicate candidate matching existing TRAIN image,JPEG,0.631915,,False
Venomous/Spectacled Cobra/article-0-187EE811000005DC-242_634x594.jpg,article-0-187EE811000005DC-242_634x594.jpg,.jpg,Venomous,Spectacled Cobra,Venomous_Snake,634,594,RGB,44247,13b08280c7b982eaf58d92cc3abeaa219d4e60403e8ec4bc0b7c790fac65e5e8,f3840cd96266f82f,8e4c4c8c49184f0d,True,,,,True,TRAIN,False,NOT VERIFIED,DUPLICATE_REVIEW,near-duplicate candidate matching existing TRAIN image,JPEG,1.06734,,False
Venomous/Spectacled Cobra/cape-fear-serpentarium.jpg,cape-fear-serpentarium.jpg,.jpg,Venomous,Spectacled Cobra,Venomous_Snake,550,411,RGB,43060,8c4d49a08fe43482ae1cac49379e685004770d127e9f8120ed0981d18366cbb5,ceec4db320d55722,e3a3a5b20d5870f0,True,,,,True,TRAIN,False,NOT VERIFIED,DUPLICATE_REVIEW,near-duplicate candidate matching existing TRAIN image,JPEG,1.3382,,False
Venomous/Spectacled Cobra/Cobra 2.jpg,Cobra 2.jpg,.jpg,Venomous,Spectacled Cobra,Venomous_Snake,755,1127,RGB,82059,15ba3babbcad53311c8256ccf10253bd5b359cba01e5ece78fdac0d3f28db5bf,9906b0a70dd9f726,fedccc9a625c9091,True,,,,True,TRAIN,False,NOT VERIFIED,DUPLICATE_REVIEW,near-duplicate candidate matching existing TRAIN image,JPEG,0.66992,,False
Venomous/Spectacled Cobra/cobra-00.jpg,cobra-00.jpg,.jpg,Venomous,Spectacled Cobra,Venomous_Snake,550,367,RGB,59627,4e72a9cae2696dd234f9dc746dd39607911098bd2671213a1e08c2b46ef89ae5,c3c47467063edcc5,e69291e9c8599bac,True,,,,True,TRAIN,False,NOT VERIFIED,DUPLICATE_REVIEW,near-duplicate candidate matching existing TRAIN image,JPEG,1.498638,,False
Venomous/Spectacled Cobra/cobra-07.jpg,cobra-07.jpg,.jpg,Venomous,Spectacled Cobra,Venomous_Snake,3818,2636,RGB,721431,9d9c673f4f800603092997bf37610fd98a2b7a4cacefd201cf88c13a98975e44,d5e83c1762978e38,84a6a6cbc1547c8a,True,,,,True,TRAIN,False,NOT VERIFIED,DUPLICATE_REVIEW,near-duplicate candidate matching existing TRAIN image,JPEG,1.448407,,False
Venomous/Spectacled Cobra/cobra-18-300x200.jpg,cobra-18-300x200.jpg,.jpg,Venomous,Spectacled Cobra,Venomous_Snake,300,200,RGB,12215,494f3fb9db41ffc4bed3d165d952cd7d03a07d34d362a15995410f09b67509d0,89933f98bd0726b8,7cd9ccd2b3e4a323,True,,,,True,TRAIN,False,NOT VERIFIED,DUPLICATE_REVIEW,near-duplicate candidate matching existing TRAIN image,JPEG,1.5,,False
Venomous/Spectacled Cobra/cobra-22.jpg,cobra-22.jpg,.jpg,Venomous,Spectacled Cobra,Venomous_Snake,550,367,RGB,44632,687c32e2ee4fe4ddafe65f1f15211e5650f3134c99cd5f722f25d5d995f86c0c,ab808acf35e3938d,c3279b9e2e4d0317,True,,,,True,TRAIN,False,NOT VERIFIED,DUPLICATE_REVIEW,near-duplicate candidate matching existing TRAIN image,JPEG,1.498638,,False
Venomous/Spectacled Cobra/cobra-23.jpg,cobra-23.jpg,.jpg,Venomous,Spectacled Cobra,Venomous_Snake,550,550,RGB,40095,3605eb9212407065b2340f82287052e30fd97e58d77c996e13c93fe8a1d99a47,f3183732cec77098,9d13b333918d4848,True,,,,True,TRAIN,False,NOT VERIFIED,DUPLICATE_REVIEW,near-duplicate candidate matching existing TRAIN image,JPEG,1.0,,False
Venomous/Spectacled Cobra/cobra-24.jpg,cobra-24.jpg,.jpg,Venomous,Spectacled Cobra,Venomous_Snake,550,367,RGB,67856,1eb4281204a6df836c98dbd0cff1cf365ffbec5c93181ca035abba07420049f7,f3d84c25586ee391,931809898a4ece84,True,,,,True,VALIDATION,False,NOT VERIFIED,DUPLICATE_REVIEW,near-duplicate candidate matching existing VALIDATION image,JPEG,1.498638,,False
Venomous/Spectacled Cobra/cobra-28.jpg,cobra-28.jpg,.jpg,Venomous,Spectacled Cobra,Venomous_Snake,413,550,RGB,91157,61f5f4c16c4558a26230e75c7036fba813895075aedfdba5f395df2607a68168,bc9043f0dfc4382f,90961e32339b4473,True,,,,True,TRAIN,False,NOT VERIFIED,DUPLICATE_REVIEW,near-duplicate candidate matching existing TRAIN image,JPEG,0.750909,,False
Venomous/Spectacled Cobra/Cobra-3-412x550.jpg,Cobra-3-412x550.jpg,.jpg,Venomous,Spectacled Cobra,Venomous_Snake,412,550,RGB,103241,c3a54db407e63b8705898c2fc4795dcc44e46d732a25f2de04a2d321c319035d,cca033ce999371bc,c4e6a6d2b362681b,True,,,,True,TRAIN,False,NOT VERIFIED,DUPLICATE_REVIEW,near-duplicate candidate matching existing TRAIN image,JPEG,0.749091,,False
Venomous/Spectacled Cobra/cobra-close-up.jpg,cobra-close-up.jpg,.jpg,Venomous,Spectacled Cobra,Venomous_Snake,491,486,RGB,44163,244577fdb15270b661b1c5dd318a7ce3759d2e6c30235e6890dc086684314bc1,ceaadb90331b782c,f1e5236da6e0e168,True,,,,True,TRAIN,False,NOT VERIFIED,DUPLICATE_REVIEW,near-duplicate candidate matching existing TRAIN image,JPEG,1.010288,,False
Venomous/Spectacled Cobra/Cobra-Hood.jpg,Cobra-Hood.jpg,.jpg,Venomous,Spectacled Cobra,Venomous_Snake,341,512,RGB,49461,3c99a0e138b5bc022523b51649c08c1128e19c64bf82ed0f19d95695a42076cf,9866196ee42737f0,66f0fcf2b07030b2,True,,,,True,TRAIN,False,NOT VERIFIED,DUPLICATE_REVIEW,near-duplicate candidate matching existing TRAIN image,JPEG,0.666016,,False
Venomous/Spectacled Cobra/cobra-india.jpg,cobra-india.jpg,.jpg,Venomous,Spectacled Cobra,Venomous_Snake,189,160,RGB,7658,680181bd2b1deefaceab5ce79eebd332712df40aaac0a1e4d16acfcb4d0b1d4a,f08947274a3d6b53,e29a9ab6989e0e8c,True,,,,True,TRAIN,False,NOT VERIFIED,DUPLICATE_REVIEW,near-duplicate candidate matching existing TRAIN image,JPEG,1.18125,,False
Venomous/Spectacled Cobra/cobra-snake-in-a-basket-with-money-rajasthan-india-et0tpk.jpg,cobra-snake-in-a-basket-with-money-rajasthan-india-et0tpk.jpg,.jpg,Venomous,Spectacled Cobra,Venomous_Snake,640,447,RGB,95053,a9306aabb9ddf87df70e544483cd18b5452b1aa5b8b881567a2feaaf68614c7f,f9b59458e3469299,9c1b514699957349,True,,,,True,TRAIN,False,NOT VERIFIED,DUPLICATE_REVIEW,near-duplicate candidate matching existing TRAIN image,JPEG,1.431767,,False
Venomous/Spectacled Cobra/cobra.jpg,cobra.jpg,.jpg,Venomous,Spectacled Cobra,Venomous_Snake,621,466,RGB,79101,1e7ebc3cd56ddd1085e3f085b47e3436ce41b1114d174bf59747f95dcf5f9442,fa90c34d85f5872c,19193d3e3731191b,True,,,,True,TRAIN,False,NOT VERIFIED,DUPLICATE_REVIEW,near-duplicate candidate matching existing TRAIN image,JPEG,1.332618,,False
Venomous/Spectacled Cobra/cobra2.jpg,cobra2.jpg,.jpg,Venomous,Spectacled Cobra,Venomous_Snake,320,187,RGB,17889,51e1626e4495b2b94627bb001782dbb504797ad8e3fbb56312c59240979719db,d38833660ddd3e25,40d13032c40c081a,True,,,,True,VALIDATION,False,NOT VERIFIED,DUPLICATE_REVIEW,near-duplicate candidate matching existing VALIDATION image,JPEG,1.71123,,False
Venomous/Spectacled Cobra/cobra_001.jpg,cobra_001.jpg,.jpg,Venomous,Spectacled Cobra,Venomous_Snake,400,427,RGB,182585,31a467dbace5ff26851bfc218c1050125097d59c5c7d3b68d4e83c319c6ba8f8,93b162cea4c1e976,c68c9ad86c60c4cd,True,,,,True,TRAIN,False,NOT VERIFIED,DUPLICATE_REVIEW,near-duplicate candidate matching existing TRAIN image,JPEG,0.936768,,False
Venomous/Spectacled Cobra/cobra_042611-10.jpg,cobra_042611-10.jpg,.jpg,Venomous,Spectacled Cobra,Venomous_Snake,550,367,RGB,59727,628a37f40c4ef0fc9156a0a07dee1f5b2abbfb5d3310b252b54911b06532709e,83316fc187d815f6,dadb1cb8ccdab169,True,,,,True,TRAIN,False,NOT VERIFIED,DUPLICATE_REVIEW,near-duplicate candidate matching existing TRAIN image,JPEG,1.498638,,False
Venomous/Spectacled Cobra/cobra_042611-11.jpg,cobra_042611-11.jpg,.jpg,Venomous,Spectacled Cobra,Venomous_Snake,550,370,RGB,100825,881a56841dc83e330668a0d326f9d2e78c933e721c4a7454e825316f0c2e9c43,ee03131107af3c3f,cac5234525254624,True,,,,True,TRAIN,False,NOT VERIFIED,DUPLICATE_REVIEW,near-duplicate candidate matching existing TRAIN image,JPEG,1.486486,,False
Venomous/Spectacled Cobra/cobra_042611-12.jpg,cobra_042611-12.jpg,.jpg,Venomous,Spectacled Cobra,Venomous_Snake,550,367,RGB,61054,dc2d07eb2548a1937daa33c0c4966ff06e6f2d188d79af6d4bed1a0cf6990b90,e0f0561f3fc451c3,2d9998969393f66c,True,,,,True,VALIDATION,False,NOT VERIFIED,DUPLICATE_REVIEW,near-duplicate candidate matching existing VALIDATION image,JPEG,1.498638,,False
Venomous/Spectacled Cobra/cobra_042611-13.jpg,cobra_042611-13.jpg,.jpg,Venomous,Spectacled Cobra,Venomous_Snake,550,318,RGB,61625,a0a332f074dc97293133aa1fea7ede086e0c4204ea608d53a6fb5abf61d317f4,f9a3443994bc6b2c,badbc30e1a1b35a2,True,,,,True,TRAIN,False,NOT VERIFIED,DUPLICATE_REVIEW,near-duplicate candidate matching existing TRAIN image,JPEG,1.72956,,False
Venomous/Spectacled Cobra/cobra_042611-2.jpg,cobra_042611-2.jpg,.jpg,Venomous,Spectacled Cobra,Venomous_Snake,550,367,RGB,142393,2b61a7a7fe17b8169fa3c8979cd9a16592937e1b187dbb2986af4087e9a7ba57,b3bc8cefa11e410d,3e3c7a89db4b2bde,True,,,,True,TRAIN,False,NOT VERIFIED,DUPLICATE_REVIEW,near-duplicate candidate matching existing TRAIN image,JPEG,1.498638,,False
Venomous/Spectacled Cobra/cobra_042611-8.jpg,cobra_042611-8.jpg,.jpg,Venomous,Spectacled Cobra,Venomous_Snake,550,265,RGB,70028,570274ffd20fbf213a9f8641dc27868458999e2bf434544541263164b20ec457,e53c9aab95f01a8c,326226c6c2c3c3c6,True,,,,True,TRAIN,False,NOT VERIFIED,DUPLICATE_REVIEW,near-duplicate candidate matching existing TRAIN image,JPEG,2.075472,,False
Venomous/Spectacled Cobra/Cobra_False 9700_fcw.jpg,Cobra_False 9700_fcw.jpg,.jpg,Venomous,Spectacled Cobra,Venomous_Snake,700,504,RGB,127372,b8c631fe6dee90320f3604f8c0899be7470329d3fee9a314bea54e685738ccff,be6c5e707a0b01da,2336764f1c9c3979,True,,,,True,TRAIN,False,NOT VERIFIED,DUPLICATE_REVIEW,near-duplicate candidate matching existing TRAIN image,JPEG,1.388889,,False
Venomous/Spectacled Cobra/Cobra_Spectacled 4589_fcw.jpg,Cobra_Spectacled 4589_fcw.jpg,.jpg,Venomous,Spectacled Cobra,Venomous_Snake,640,503,RGB,78826,64b74449925b89ca7eff657f67e83acaf46f2e10fedceb7f2253cb25d3dfbb00,9b3764c96ab09ac3,497a5919f978d8e1,True,,,,True,TRAIN,False,NOT VERIFIED,DUPLICATE_REVIEW,near-duplicate candidate matching existing TRAIN image,JPEG,1.272366,,False
Venomous/Spectacled Cobra/DSC00829.gif,DSC00829.gif,.gif,Venomous,Spectacled Cobra,Venomous_Snake,500,333,P,143598,4564285c1cef8d559eddc722a66eb55d59f9693aae531e4b57d60fcdb29f0037,9c172f619f6381aa,5a3035a4b4960333,True,,,,False,,False,NOT VERIFIED,PROVENANCE_REVIEW,source provenance and training reuse rights not verified,GIF,1.501502,,False
Venomous/Spectacled Cobra/dscn2969.jpg,dscn2969.jpg,.jpg,Venomous,Spectacled Cobra,Venomous_Snake,4608,3456,RGB,3172195,5b02b2400fb5f0a290e107225a95b118264e55a0e8f00f58d898aa720dee7c42,9ee23aaed0b26e48,21c2e09cf26d79bc,True,,,,True,TRAIN,False,NOT VERIFIED,DUPLICATE_REVIEW,near-duplicate candidate matching existing TRAIN image,JPEG,1.333333,,False
Venomous/Spectacled Cobra/ee3e9db881e4fbdde1e5cd3568b7aaa1.jpg,ee3e9db881e4fbdde1e5cd3568b7aaa1.jpg,.jpg,Venomous,Spectacled Cobra,Venomous_Snake,435,580,RGB,49425,69622b3e259b879000cd16de605f0838f9d51e318ed0c6850aef961ed2ce19fa,d5d93c71260796b4,f432605416124726,True,,,,True,TRAIN,False,NOT VERIFIED,DUPLICATE_REVIEW,near-duplicate candidate matching existing TRAIN image,JPEG,0.75,,False
Venomous/Spectacled Cobra/Events-4313-1024x577.jpg,Events-4313-1024x577.jpg,.jpg,Venomous,Spectacled Cobra,Venomous_Snake,1024,577,RGB,124420,218e9cf8dbd23ef791f89c5487d9ffb7465fe1fc7b6b08ac45e1b17bcb4c7536,b61c98e2e704739b,a3343d26cf8daf6a,True,,,,True,TRAIN,False,NOT VERIFIED,DUPLICATE_REVIEW,near-duplicate candidate matching existing TRAIN image,JPEG,1.774697,,False
Venomous/Spectacled Cobra/f12e57eaac8a1ef7c70ae60dbfa2a8ca--king-cobra-snakes.jpg,f12e57eaac8a1ef7c70ae60dbfa2a8ca--king-cobra-snakes.jpg,.jpg,Venomous,Spectacled Cobra,Venomous_Snake,236,314,RGB,30162,b96bef57933aa174c387c54bea4bbbd6a6b0081becdd4b05c7a3f964b8e95521,b7c8bc66834fb04a,64969a4acb44755e,True,,,,True,TRAIN,False,NOT VERIFIED,DUPLICATE_REVIEW,near-duplicate candidate matching existing TRAIN image,JPEG,0.751592,,False
Venomous/Spectacled Cobra/f5f5410cbb701105a26085bc85090b0a--pretty-animals-reptiles-and-amphibians.jpg,f5f5410cbb701105a26085bc85090b0a--pretty-animals-reptiles-and-amphibians.jpg,.jpg,Venomous,Spectacled Cobra,Venomous_Snake,736,1108,RGB,110614,0b31e4f2c6b5f03fb8dd7212a7cb4f31bc96d8d37439690a465fc8b4e8ca59ad,ba9c217cd37c5e02,f2fb3d12713517cc,True,,,,True,TRAIN,False,NOT VERIFIED,DUPLICATE_REVIEW,near-duplicate candidate matching existing TRAIN image,JPEG,0.66426,,False
"Venomous/Spectacled Cobra/flat,1000x1000,075,f.jpg","flat,1000x1000,075,f.jpg",.jpg,Venomous,Spectacled Cobra,Venomous_Snake,667,1000,RGB,266339,044371a1ebdd5d63502d9519690df9131b3d0ea5698ef0b32843f0bd8d4f8e58,8c37139d7d646943,58f8c696f6b4a098,True,,,,True,TRAIN,False,NOT VERIFIED,DUPLICATE_REVIEW,near-duplicate candidate matching existing TRAIN image,JPEG,0.667,,False
Venomous/Spectacled Cobra/hqdefault.jpg,hqdefault.jpg,.jpg,Venomous,Spectacled Cobra,Venomous_Snake,480,360,RGB,49925,3afff03ed9ddd0b5a7cefacd86abb987c7439da28da4d877debfb2b81342daba,b6fc7ed845330522,252d6edea8bb8dc6,True,,,,True,TRAIN,False,NOT VERIFIED,DUPLICATE_REVIEW,near-duplicate candidate matching existing TRAIN image,JPEG,1.333333,,False
Venomous/Spectacled Cobra/hqdefault_001.jpg,hqdefault_001.jpg,.jpg,Venomous,Spectacled Cobra,Venomous_Snake,480,360,RGB,14269,322aed667d91c31bae5263c859e9a05b34c12b8b5f3447c10ff86d3867ad2d27,f3c306d918ceb3a4,c0ccccd898c84e26,True,,,,True,TRAIN,False,NOT VERIFIED,DUPLICATE_REVIEW,near-duplicate candidate matching existing TRAIN image,JPEG,1.333333,,False
Venomous/Spectacled Cobra/hqdefault_003.jpg,hqdefault_003.jpg,.jpg,Venomous,Spectacled Cobra,Venomous_Snake,480,360,RGB,28698,464f76420c12623372cd237c9b1ee7c1bb781c801c5e93984305b81e49ad8f93,dc663319339b09ec,9c25b1b1a4b0f160,True,,,,True,TRAIN,False,NOT VERIFIED,DUPLICATE_REVIEW,near-duplicate candidate matching existing TRAIN image,JPEG,1.333333,,False
Venomous/Spectacled Cobra/hqdefault_004.jpg,hqdefault_004.jpg,.jpg,Venomous,Spectacled Cobra,Venomous_Snake,480,360,RGB,21755,4ede9ab0d6919e7fe6586a2bbf93fe1a65853b4e8b9e26bdcdd7214d28e746f5,d1e14ecc98cf9c1c,b382ded89caa7a3a,True,,,,True,TRAIN,False,NOT VERIFIED,DUPLICATE_REVIEW,near-duplicate candidate matching existing TRAIN image,JPEG,1.333333,,False
Venomous/Spectacled Cobra/hqdefault_005.jpg,hqdefault_005.jpg,.jpg,Venomous,Spectacled Cobra,Venomous_Snake,480,360,RGB,14241,b6d99ae8996faaea9c2312cd9fde75ba7aa398bebce9797e903bdaffb1385fbf,b5d80f3c428f5867,379adadc8c364ecd,True,,,,True,VALIDATION,False,NOT VERIFIED,DUPLICATE_REVIEW,near-duplicate candidate matching existing VALIDATION image,JPEG,1.333333,,False
Venomous/Spectacled Cobra/ika-80438-reptiles-snakes-cobra-indian-spectacled-cobra-naja-naja-CE8PWP.jpg,ika-80438-reptiles-snakes-cobra-indian-spectacled-cobra-naja-naja-CE8PWP.jpg,.jpg,Venomous,Spectacled Cobra,Venomous_Snake,875,1390,RGB,305542,d3eaac366969b1b31c1fc39a45c02d91c34891e664c38ed883b5ff5cf3f69bf4,d7304c9d58ce63b2,b41acc4c59496c0b,True,,,,True,VALIDATION,False,NOT VERIFIED,DUPLICATE_REVIEW,near-duplicate candidate matching existing VALIDATION image,JPEG,0.629496,,False
Venomous/Spectacled Cobra/image306.jpg,image306.jpg,.jpg,Venomous,Spectacled Cobra,Venomous_Snake,437,328,RGB,34258,2bce3f529c1bfaaf9ce168e67fd7fd9f02f0c47e7b1a219558f78c121deb56db,c2cd7c4b52964b71,4082e0edc9c1a498,True,,,,True,TRAIN,False,NOT VERIFIED,DUPLICATE_REVIEW,near-duplicate candidate matching existing TRAIN image,JPEG,1.332317,,False
Venomous/Spectacled Cobra/IMG_1494.jpg,IMG_1494.jpg,.jpg,Venomous,Spectacled Cobra,Venomous_Snake,1448,1600,RGB,555154,2189dce2b4a2e89a9430a5fa63a6277b9c571831e2c5145651953a0acabcb056,84bb748979a64e93,bcfcec97d1d4d484,True,,,,True,VALIDATION,False,NOT VERIFIED,DUPLICATE_REVIEW,near-duplicate candidate matching existing VALIDATION image,JPEG,0.905,,False
Venomous/Spectacled Cobra/IMG_3067_1-5.jpg,IMG_3067_1-5.jpg,.jpg,Venomous,Spectacled Cobra,Venomous_Snake,1200,800,RGB,156593,d250fd2171a0d7f78c703e5e25fb6b199787ed7782ec495358d14dba4e1fafbd,f4465d9cc33cc32c,2c4c0ccdc8543612,True,,,,True,TRAIN,False,NOT VERIFIED,DUPLICATE_REVIEW,near-duplicate candidate matching existing TRAIN image,JPEG,1.5,,False
Venomous/Spectacled Cobra/IMG_3074_1.jpg,IMG_3074_1.jpg,.jpg,Venomous,Spectacled Cobra,Venomous_Snake,800,1200,RGB,145460,d174855d48b697837ba51fc6e55b7391436a951e3448fbd4dfa05cd35bcc6c1d,a28499997679e43b,cbe4e6274dc91b0d,True,,,,True,TRAIN,False,NOT VERIFIED,DUPLICATE_REVIEW,near-duplicate candidate matching existing TRAIN image,JPEG,0.666667,,False
Venomous/Spectacled Cobra/IMG_3863-2.jpg,IMG_3863-2.jpg,.jpg,Venomous,Spectacled Cobra,Venomous_Snake,4080,2623,RGB,915539,96df3c4de0aba76bcfaec34b8a21eb18e55a8746c162f5ac882f466bf257eda2,a52b9a99c14a9ea7,39df67ab8e749764,True,,,,True,TRAIN,False,NOT VERIFIED,DUPLICATE_REVIEW,near-duplicate candidate matching existing TRAIN image,JPEG,1.555471,,False
Venomous/Spectacled Cobra/IMG_5785.jpg,IMG_5785.jpg,.jpg,Venomous,Spectacled Cobra,Venomous_Snake,1600,1067,RGB,122358,09b32fbd3d4990690eef0ba9154fab2d80222fdc5f287476a11b2bb3262db1f3,a6190833d792be6e,bdb6e6cc4e8cacad,True,,,,True,TRAIN,False,NOT VERIFIED,DUPLICATE_REVIEW,near-duplicate candidate matching existing TRAIN image,JPEG,1.499531,,False
Venomous/Spectacled Cobra/IMG_5793.preview.jpg,IMG_5793.preview.jpg,.jpg,Venomous,Spectacled Cobra,Venomous_Snake,640,426,RGB,33515,c580370cdc806a8e79c1b0bad747307b23cf4610debc95706c6e5f7843fcf194,b1cece43324ec49e,db9b989898999b94,True,,,,True,TRAIN,False,NOT VERIFIED,DUPLICATE_REVIEW,near-duplicate candidate matching existing TRAIN image,JPEG,1.502347,,False
Venomous/Spectacled Cobra/IMG_5971-2.jpg,IMG_5971-2.jpg,.jpg,Venomous,Spectacled Cobra,Venomous_Snake,4396,2995,RGB,508178,9dc4ddd9b5d58c7776123a2e863d85e94aeb20798d0477be791c04118cd51ca6,9ae2380b71973177,a9e1ece8d57071b1,True,,,,True,TRAIN,False,NOT VERIFIED,DUPLICATE_REVIEW,near-duplicate candidate matching existing TRAIN image,JPEG,1.46778,,False
Venomous/Spectacled Cobra/img_7982.jpg,img_7982.jpg,.jpg,Venomous,Spectacled Cobra,Venomous_Snake,3240,4320,RGB,6021973,ef6083ff68b3d4e7f8396533b431f5baad32b40acab13a0905932b431d418b1b,dc26da72c133e50d,d9656a9a942c3930,True,,,,False,,False,NOT VERIFIED,PROVENANCE_REVIEW,source provenance and training reuse rights not verified,JPEG,0.75,,False
Venomous/Spectacled Cobra/Indian Spectacled Cobra.jpg,Indian Spectacled Cobra.jpg,.jpg,Venomous,Spectacled Cobra,Venomous_Snake,500,377,RGB,51055,9f09f0cb352b2120a9d0cb03fbfc77ba7637d463a10131cd704476371f2358df,eb46b934979d440d,3c43e3415e95336b,True,,,,True,VALIDATION,False,NOT VERIFIED,DUPLICATE_REVIEW,near-duplicate candidate matching existing VALIDATION image,JPEG,1.32626,,False
Venomous/Spectacled Cobra/indian-cobra-20569186.jpg,indian-cobra-20569186.jpg,.jpg,Venomous,Spectacled Cobra,Venomous_Snake,299,450,RGB,59370,8cdff42d1535547c4ce6cb646850eb1f9d5b5baa0d4450cd3ee38d61efc08475,98cc53733d3e60f0,b0f0a4b292d059d8,True,,,,True,TRAIN,False,NOT VERIFIED,DUPLICATE_REVIEW,near-duplicate candidate matching existing TRAIN image,JPEG,0.664444,,False
Venomous/Spectacled Cobra/indian-cobra-asian-cobra-or-spectacled-cobra-naja-naja-in-a-snake-EB2R58.jpg,indian-cobra-asian-cobra-or-spectacled-cobra-naja-naja-in-a-snake-EB2R58.jpg,.jpg,Venomous,Spectacled Cobra,Venomous_Snake,865,1390,RGB,190440,5080496567123e9107d04c533eae57dd491c7781166441d6b905d99aea9239c0,c7b859872c72873a,d4b04de467e4c812,True,,,,True,TRAIN,False,NOT VERIFIED,DUPLICATE_REVIEW,near-duplicate candidate matching existing TRAIN image,JPEG,0.622302,,False
Venomous/Spectacled Cobra/indian-cobra-asian-cobra-or-spectacled-cobra-naja-naja-in-a-snake-eb2r58_001.jpg,indian-cobra-asian-cobra-or-spectacled-cobra-naja-naja-in-a-snake-eb2r58_001.jpg,.jpg,Venomous,Spectacled Cobra,Venomous_Snake,346,540,RGB,70911,0b05bd5937b4b78aaf56a623662dbeab4a0981ccc70b730f8214484feda0327a,c7b85185b853a76a,c4b04d4567e6c818,True,,,,True,TRAIN,False,NOT VERIFIED,DUPLICATE_REVIEW,near-duplicate candidate matching existing TRAIN image,JPEG,0.640741,,False
Venomous/Spectacled Cobra/indian-cobra-asian-cobra-or-spectacled-cobra-naja-naja-in-a-snake-EB2T9E.jpg,indian-cobra-asian-cobra-or-spectacled-cobra-naja-naja-in-a-snake-EB2T9E.jpg,.jpg,Venomous,Spectacled Cobra,Venomous_Snake,865,1390,RGB,190629,fa966a59202610cb7d63a3706936282942d79aa123e7c6aadf806df9495b2860,ed8f52f50d609718,e4db2be6328e8d33,True,,,,True,VALIDATION,False,NOT VERIFIED,DUPLICATE_REVIEW,near-duplicate candidate matching existing VALIDATION image,JPEG,0.622302,,False
Venomous/Spectacled Cobra/indian-cobra-asian-cobra-or-spectacled-cobra-naja-naja-pettigalawatta-DWNMJ8.jpg,indian-cobra-asian-cobra-or-spectacled-cobra-naja-naja-pettigalawatta-DWNMJ8.jpg,.jpg,Venomous,Spectacled Cobra,Venomous_Snake,866,1390,RGB,143312,ee0db1269e45c1b706872e272e18057a161312e3f17aa090238f376f5e39406f,f9f2a403cae491bc,cd19180143db1633,True,,,,True,TRAIN,False,NOT VERIFIED,DUPLICATE_REVIEW,near-duplicate candidate matching existing TRAIN image,JPEG,0.623022,,False
Venomous/Spectacled Cobra/indian-cobra-back-hood.jpg,indian-cobra-back-hood.jpg,.jpg,Venomous,Spectacled Cobra,Venomous_Snake,355,555,RGB,52169,3b4b4abbce4aab7bdb1aa226ce3c21507ce0f3f53ca6f562242575ea76bb8a8a,c6d8c9dd2f742071,71e98c8cecae6c4b,True,,,,True,TRAIN,False,NOT VERIFIED,DUPLICATE_REVIEW,near-duplicate candidate matching existing TRAIN image,JPEG,0.63964,,False
Venomous/Spectacled Cobra/Indian-cobra-defending-eggs.jpg,Indian-cobra-defending-eggs.jpg,.jpg,Venomous,Spectacled Cobra,Venomous_Snake,650,432,RGB,87708,11f723f4235e562d96f15e269b0092593ab2b8e581d455e8873943f237e7b59f,c8f669cd3698c427,8485e5b525b1b3db,True,,,,True,TRAIN,False,NOT VERIFIED,DUPLICATE_REVIEW,near-duplicate candidate matching existing TRAIN image,JPEG,1.50463,,False
Venomous/Spectacled Cobra/Indian-cobra-defensive-posture.jpg,Indian-cobra-defensive-posture.jpg,.jpg,Venomous,Spectacled Cobra,Venomous_Snake,650,424,RGB,75874,e0abf7dd6a2b7f60c956c1864236722ee041eca36391dee6f360995ae3e07961,e6b2f974c2ef2014,09126e698ca67669,True,,,,True,TRAIN,False,NOT VERIFIED,DUPLICATE_REVIEW,near-duplicate candidate matching existing TRAIN image,JPEG,1.533019,,False
Venomous/Spectacled Cobra/indian-cobra-front_2.jpg,indian-cobra-front_2.jpg,.jpg,Venomous,Spectacled Cobra,Venomous_Snake,620,313,RGB,25112,c5a4acaedb0779ce6c14ecb5c2ad6cfc3e724c5ab59e12ed30d47e5aacc4b76a,923f691f24923d6a,bf9a2d2c6cd4c581,True,,,,True,VALIDATION,False,NOT VERIFIED,DUPLICATE_REVIEW,near-duplicate candidate matching existing VALIDATION image,JPEG,1.980831,,False
Venomous/Spectacled Cobra/Indian-Cobra-Hood.jpg,Indian-Cobra-Hood.jpg,.jpg,Venomous,Spectacled Cobra,Venomous_Snake,341,512,RGB,57562,5069e54b692e5acfccc8e0d4fb15b5430b355ac91550891d859922ad4abf7808,b54ab8657c23f648,ecf1ccdc66cede3e,True,,,,True,TRAIN,False,NOT VERIFIED,DUPLICATE_REVIEW,near-duplicate candidate matching existing TRAIN image,JPEG,0.666016,,False
Venomous/Spectacled Cobra/indian-cobra-or-spectacled-cobra-naja-naja-naja-asia-DXG9K2.jpg,indian-cobra-or-spectacled-cobra-naja-naja-naja-asia-DXG9K2.jpg,.jpg,Venomous,Spectacled Cobra,Venomous_Snake,1300,956,RGB,204242,db9340962a6e59947b9f609fb5580eec7d7b9d8d7f2baec49276306e2fb639fc,cdd07a6fc53827c0,21dcdce6c26b3b21,True,,,,True,TRAIN,False,NOT VERIFIED,DUPLICATE_REVIEW,near-duplicate candidate matching existing TRAIN image,JPEG,1.359833,,False
Venomous/Spectacled Cobra/indian-cobra-or-spectacled-cobra-naja-naja-sri-lanka-hnb77m.jpg,indian-cobra-or-spectacled-cobra-naja-naja-sri-lanka-hnb77m.jpg,.jpg,Venomous,Spectacled Cobra,Venomous_Snake,347,540,RGB,44175,8268f2631d76dab9f202f4b42540a166def0fe3ec50980270862135cd8285b93,b8d9c187ee11c13b,923c16872bee3c8f,True,,,,True,TRAIN,False,NOT VERIFIED,DUPLICATE_REVIEW,near-duplicate candidate matching existing TRAIN image,JPEG,0.642593,,False
Venomous/Spectacled Cobra/indian-cobra-or-spectacled-cobra-naja-naja-sri-lanka-hnb77x.jpg,indian-cobra-or-spectacled-cobra-naja-naja-sri-lanka-hnb77x.jpg,.jpg,Venomous,Spectacled Cobra,Venomous_Snake,347,540,RGB,43183,a03e64d34211fbbf44cf3c1490be279e8eb53708a355e6a270e388b386e3a685,ab25253e945be946,3fe6c3d9341b79f4,True,,,,True,TRAIN,False,NOT VERIFIED,DUPLICATE_REVIEW,near-duplicate candidate matching existing TRAIN image,JPEG,0.642593,,False
Venomous/Spectacled Cobra/indian-cobra-or-spectacled-cobra-naja-naja-sri-lanka-hnb78b.jpg,indian-cobra-or-spectacled-cobra-naja-naja-sri-lanka-hnb78b.jpg,.jpg,Venomous,Spectacled Cobra,Venomous_Snake,450,320,RGB,33770,bf2a494cba34ba7d6bd06bee8551d61448fc58502bb0f346fbf0092057f6a348,adcbd1363619e506,792363376716f247,True,,,,True,TRAIN,False,NOT VERIFIED,DUPLICATE_REVIEW,near-duplicate candidate matching existing TRAIN image,JPEG,1.40625,,False
Venomous/Spectacled Cobra/indian-cobra-or-spectacled-cobra-naja-naja-sri-lanka-hnb78w.jpg,indian-cobra-or-spectacled-cobra-naja-naja-sri-lanka-hnb78w.jpg,.jpg,Venomous,Spectacled Cobra,Venomous_Snake,347,540,RGB,42213,d1328cfd44831d4a16b273e9f66541318b8a28c6366017d1ca7a6050a418c6b7,9c15676b2336d859,caa0305cb9312792,True,,,,True,TRAIN,False,NOT VERIFIED,DUPLICATE_REVIEW,near-duplicate candidate matching existing TRAIN image,JPEG,0.642593,,False
Venomous/Spectacled Cobra/indian-cobra-or-spectacled-cobra-naja-naja-sri-lanka-hnb799.jpg,indian-cobra-or-spectacled-cobra-naja-naja-sri-lanka-hnb799.jpg,.jpg,Venomous,Spectacled Cobra,Venomous_Snake,640,447,RGB,66405,aa7e162af366a6af4884cc1784f57c225672f28712b4e73169111e8585eeee79,903af36c4f75e411,04bdba36b4a498da,True,,,,True,TRAIN,False,NOT VERIFIED,DUPLICATE_REVIEW,near-duplicate candidate matching existing TRAIN image,JPEG,1.431767,,False
Venomous/Spectacled Cobra/indian-cobra-or-spectacled-cobra-naja-naja-sri-lanka-hnb79m.jpg,indian-cobra-or-spectacled-cobra-naja-naja-sri-lanka-hnb79m.jpg,.jpg,Venomous,Spectacled Cobra,Venomous_Snake,640,447,RGB,62542,6266cbaf2fe770ebe855d362aae4eed93431afa7bc53b1e813dde206d994fba0,b8878728b09dcb6d,a74e603db711320e,True,,,,True,TRAIN,False,NOT VERIFIED,DUPLICATE_REVIEW,near-duplicate candidate matching existing TRAIN image,JPEG,1.431767,,False
Venomous/Spectacled Cobra/indian-cobra-or-spectacled-cobra-naja-naja-sri-lanka-hnb79y.jpg,indian-cobra-or-spectacled-cobra-naja-naja-sri-lanka-hnb79y.jpg,.jpg,Venomous,Spectacled Cobra,Venomous_Snake,640,447,RGB,44576,31ec43eb836775ce7a4fbd8c0a6947a375417e1fdacb60e28f219de451e51bb0,b81ac76fa59d1862,afc191979733664d,True,,,,True,TRAIN,False,NOT VERIFIED,DUPLICATE_REVIEW,near-duplicate candidate matching existing TRAIN image,JPEG,1.431767,,False
Venomous/Spectacled Cobra/Indian-Cobra-Photo.jpg,Indian-Cobra-Photo.jpg,.jpg,Venomous,Spectacled Cobra,Venomous_Snake,341,512,RGB,40285,305266085d469505ebe6a1510c72ccb70b67eec150afbe2fd70a77ac45d9dfec,cf501c9939bf2067,f8e0e659d9516867,True,,,,True,TRAIN,False,NOT VERIFIED,DUPLICATE_REVIEW,near-duplicate candidate matching existing TRAIN image,JPEG,0.666016,,False
Venomous/Spectacled Cobra/indian-cobra-spectacled-cobra-asian-cobra-binocellate-cobra-naja-naja-E154DT.jpg,indian-cobra-spectacled-cobra-asian-cobra-binocellate-cobra-naja-naja-E154DT.jpg,.jpg,Venomous,Spectacled Cobra,Venomous_Snake,1300,955,RGB,257582,316fe446a624a3afff7b4f4e6c9447f6c736062b70eb8e51e06068f5a5527b8d,fd9c549f87c52540,70311306353eb843,True,,,,True,VALIDATION,False,NOT VERIFIED,DUPLICATE_REVIEW,near-duplicate candidate matching existing VALIDATION image,JPEG,1.361257,,False
Venomous/Spectacled Cobra/indian-cobra-spectacled-cobra-naja-naja-hpwewd.jpg,indian-cobra-spectacled-cobra-naja-naja-hpwewd.jpg,.jpg,Venomous,Spectacled Cobra,Venomous_Snake,592,540,RGB,67992,93cf6dec75172ff57d0ff7a152e580381048ce459b2c63a0c6cc324e4c2d5d29,f17dd803e434ee50,92193806cd499c91,True,,,,True,TRAIN,False,NOT VERIFIED,DUPLICATE_REVIEW,near-duplicate candidate matching existing TRAIN image,JPEG,1.096296,,False
Venomous/Spectacled Cobra/indian-cobra-spectacled-cobra-naja-naja-hpweww.jpg,indian-cobra-spectacled-cobra-naja-naja-hpweww.jpg,.jpg,Venomous,Spectacled Cobra,Venomous_Snake,300,470,RGB,38911,44a21d742abe8bb4c9a60f02a806ae426fbaf61712c7da853b748a236ba2c4f4,e20e1933e331f35c,5967978fcf0d1d12,True,,,,True,TRAIN,False,NOT VERIFIED,DUPLICATE_REVIEW,near-duplicate candidate matching existing TRAIN image,JPEG,0.638298,,False
Venomous/Spectacled Cobra/indian-cobra-spectacled-cobra-naja-naja-hpwexf.jpg,indian-cobra-spectacled-cobra-naja-naja-hpwexf.jpg,.jpg,Venomous,Spectacled Cobra,Venomous_Snake,347,540,RGB,59843,667d9e54d402ef64900baf45310b5e760994b1f3c52c5bb30a8d5deb2a81cfea,e4359a4ba752f924,089696cf47a3e117,True,,,,True,TRAIN,False,NOT VERIFIED,DUPLICATE_REVIEW,near-duplicate candidate matching existing TRAIN image,JPEG,0.642593,,False
Venomous/Spectacled Cobra/indian-cobra-spectacled-cobra-naja-naja-hpwexk.jpg,indian-cobra-spectacled-cobra-naja-naja-hpwexk.jpg,.jpg,Venomous,Spectacled Cobra,Venomous_Snake,347,540,RGB,42569,20f4e3dfdcd7799897f7de526cff97041a326b04a98de5655a6e034f2a4baabc,e92ee245b34aed41,6d37237b3a22808b,True,,,,True,TRAIN,False,NOT VERIFIED,DUPLICATE_REVIEW,near-duplicate candidate matching existing TRAIN image,JPEG,0.642593,,False
Venomous/Spectacled Cobra/indian-cobra-spectacled-cobra-naja-naja-in-aggressive-posture-with-hpyagt.jpg,indian-cobra-spectacled-cobra-naja-naja-in-aggressive-posture-with-hpyagt.jpg,.jpg,Venomous,Spectacled Cobra,Venomous_Snake,391,320,RGB,30520,e05dfb78fce6bb44a3024739877e80ffea25cca5820e21f099cb0945b5e7561d,f372db18b00eae43,99980d2e9b5b70de,True,,,,True,TRAIN,False,NOT VERIFIED,DUPLICATE_REVIEW,near-duplicate candidate matching existing TRAIN image,JPEG,1.221875,,False
Venomous/Spectacled Cobra/Indian-cobra-with-head-raised-in-habitat.jpg,Indian-cobra-with-head-raised-in-habitat.jpg,.jpg,Venomous,Spectacled Cobra,Venomous_Snake,650,507,RGB,67034,27fa636a1726766bb95f309d9704fff7dba46b5af6daa2b440ec5be212285076,d2da1b25f5af01a1,0101010186a64cd6,True,,,,True,TRAIN,False,NOT VERIFIED,DUPLICATE_REVIEW,near-duplicate candidate matching existing TRAIN image,JPEG,1.282051,,False
Venomous/Spectacled Cobra/Indian-cobra-with-head-raised-ventral-view.jpg,Indian-cobra-with-head-raised-ventral-view.jpg,.jpg,Venomous,Spectacled Cobra,Venomous_Snake,345,520,RGB,52855,0f21a0f3bed3f30f45f2cec598f91b2cc8d31b8a9720060036eab9f47830b8f7,8e5d38c66761c70e,8435544964a0919f,True,,,,True,TRAIN,False,NOT VERIFIED,DUPLICATE_REVIEW,near-duplicate candidate matching existing TRAIN image,JPEG,0.663462,,False
Venomous/Spectacled Cobra/Indian-cobra-young-hatching.jpg,Indian-cobra-young-hatching.jpg,.jpg,Venomous,Spectacled Cobra,Venomous_Snake,650,444,RGB,71323,bf49d83057c672da02f31c932decf58a1225d9e0aa62296405a1fc865fb13b3c,d34638e69792649d,8890f44c688c199b,True,,,,True,TRAIN,False,NOT VERIFIED,DUPLICATE_REVIEW,near-duplicate candidate matching existing TRAIN image,JPEG,1.463964,,False
Venomous/Spectacled Cobra/indian-cobra.jpg,indian-cobra.jpg,.jpg,Venomous,Spectacled Cobra,Venomous_Snake,214,286,RGB,9745,3a3a45847eefdffb2f75459f9a23e5374ae6aff55b878dd26d94bf1e098128da,e68b1894695b9c73,f0ee4f4fc6e6878a,True,,,,True,TRAIN,False,NOT VERIFIED,DUPLICATE_REVIEW,near-duplicate candidate matching existing TRAIN image,JPEG,0.748252,,False
Venomous/Spectacled Cobra/Indian-Cobra_001.jpg,Indian-Cobra_001.jpg,.jpg,Venomous,Spectacled Cobra,Venomous_Snake,512,342,RGB,41339,4897146e8732f0762ee912b67d10ac0500871d9795e16b4207c5b25fd0151f37,99249b7a66611f1e,f57a72d23250d179,True,,,,True,VALIDATION,False,NOT VERIFIED,DUPLICATE_REVIEW,near-duplicate candidate matching existing VALIDATION image,JPEG,1.497076,,False
Venomous/Spectacled Cobra/indian-cobra_002.jpg,indian-cobra_002.jpg,.jpg,Venomous,Spectacled Cobra,Venomous_Snake,530,254,RGB,62776,a5e07b05d23b36d5ad2410009c8399ed49eb88186f8fa641a9362aa11be32ffa,c1c595628e3bd729,ccb272c1c74d9b34,True,,,,True,TRAIN,False,NOT VERIFIED,DUPLICATE_REVIEW,near-duplicate candidate matching existing TRAIN image,JPEG,2.086614,,False
Venomous/Spectacled Cobra/indian-cobra_003.jpg,indian-cobra_003.jpg,.jpg,Venomous,Spectacled Cobra,Venomous_Snake,205,155,RGB,6943,9a2028468bf1d600f48f2256dc9767e4a0b2bdd0539f3aeea34ff82325bcb6d3,f7c0553bc4134d96,105242912d5b6c66,True,,,,True,TRAIN,False,NOT VERIFIED,DUPLICATE_REVIEW,near-duplicate candidate matching existing TRAIN image,JPEG,1.322581,,False
Venomous/Spectacled Cobra/INDIAN-COBRA_004.jpg,INDIAN-COBRA_004.jpg,.jpg,Venomous,Spectacled Cobra,Venomous_Snake,503,750,RGB,429126,9b705961ad281eb1318f5296ef65525599e31ca0d318d3350e1deb7f9129627d,d239ede4d289e186,9471da996c96e168,True,,,,True,TRAIN,False,NOT VERIFIED,DUPLICATE_REVIEW,near-duplicate candidate matching existing TRAIN image,JPEG,0.670667,,False
Venomous/Spectacled Cobra/indian-snake-spectacled-cobra-naja-naja-hood-open-rear-back-rearview-ce8pwr.jpg,indian-snake-spectacled-cobra-naja-naja-hood-open-rear-back-rearview-ce8pwr.jpg,.jpg,Venomous,Spectacled Cobra,Venomous_Snake,640,445,RGB,106318,53c09873af6030f423ad3b23eb0d168b7b017b45c94b8ea0c92daccd333e24fc,a2799832e754db07,9c91518ecca9ec6e,True,,,,True,TRAIN,False,NOT VERIFIED,DUPLICATE_REVIEW,near-duplicate candidate matching existing TRAIN image,JPEG,1.438202,,False
Venomous/Spectacled Cobra/indian-spectacled-cobra-close-up-c568dh.jpg,indian-spectacled-cobra-close-up-c568dh.jpg,.jpg,Venomous,Spectacled Cobra,Venomous_Snake,448,320,RGB,63048,b549c65e34a29e31f2e76d48345a377fd9d3bdc3e76254500a4748a521aa17a9,a853bb7ac103f42d,d091d6c0a735f3df,True,,,,True,TRAIN,False,NOT VERIFIED,DUPLICATE_REVIEW,near-duplicate candidate matching existing TRAIN image,JPEG,1.4,,False
Venomous/Spectacled Cobra/Indian_cobra.jpg,Indian_cobra.jpg,.jpg,Venomous,Spectacled Cobra,Venomous_Snake,510,768,RGB,503070,01063aa4c96e9263ce996606799203680f206a8cc1970fa034634fe886d51262,d1ba06551dc793b2,f495181290d4e69c,True,,,,True,TRAIN,False,NOT VERIFIED,DUPLICATE_REVIEW,near-duplicate candidate matching existing TRAIN image,JPEG,0.664062,,False
Venomous/Spectacled Cobra/Indiancobra.jpg,Indiancobra.jpg,.jpg,Venomous,Spectacled Cobra,Venomous_Snake,500,358,RGB,73709,35602827dc28fae06843cf508746b7865cc68ba3c7d42982b4cfd34d28b3ff6a,a9b6d6d38899b0e8,6e66169793939292,True,,,,True,TRAIN,False,NOT VERIFIED,DUPLICATE_REVIEW,near-duplicate candidate matching existing TRAIN image,JPEG,1.396648,,False
Venomous/Spectacled Cobra/jrr-80436-reptiles-snakes-cobra-indian-spectacled-cobra-naja-naja-CE8PX4.jpg,jrr-80436-reptiles-snakes-cobra-indian-spectacled-cobra-naja-naja-CE8PX4.jpg,.jpg,Venomous,Spectacled Cobra,Venomous_Snake,1300,967,RGB,169576,7517499cb50f4635b6e3312395996389eaebdb78363731218a8cfc01fd9b203a,b951462e33906fd5,4c9098991b6f344a,True,,,,True,TRAIN,False,NOT VERIFIED,DUPLICATE_REVIEW,near-duplicate candidate matching existing TRAIN image,JPEG,1.344364,,False
Venomous/Spectacled Cobra/Kanha-426_Spectacled-Cobra.jpg,Kanha-426_Spectacled-Cobra.jpg,.jpg,Venomous,Spectacled Cobra,Venomous_Snake,1000,600,RGB,1231333,0a79f633483387b8811e91d9ae3409ea45aeaa18f65f3c75fb97ef386ba24bb0,bfd00c8b6836b359,ac554d24134d6c37,True,,,,True,TRAIN,False,NOT VERIFIED,DUPLICATE_REVIEW,near-duplicate candidate matching existing TRAIN image,JPEG,1.666667,,False
Venomous/Spectacled Cobra/king-cobra-catching-and-feeding-on-indian-cobra.jpg,king-cobra-catching-and-feeding-on-indian-cobra.jpg,.jpg,Venomous,Spectacled Cobra,Venomous_Snake,220,147,RGB,13427,7e6bf0ecd5eaa7e9ede2c3b1a8b7d95772c95225046e9098bd42a3d74dead898,d16ed46ac0e429de,074c3b9a99591cb8,True,,,,True,VALIDATION,False,NOT VERIFIED,DUPLICATE_REVIEW,near-duplicate candidate matching existing VALIDATION image,JPEG,1.496599,,False
Venomous/Spectacled Cobra/L0017_3.jpg,L0017_3.jpg,.jpg,Venomous,Spectacled Cobra,Venomous_Snake,776,519,RGB,140773,7f52519da4b82f08b57c0e51d65bff5b5deecc9ee41938809299ab057e653466,f3424c6dd22f7c03,c3891c4cce0f5b26,True,,,,True,VALIDATION,False,NOT VERIFIED,DUPLICATE_REVIEW,near-duplicate candidate matching existing VALIDATION image,JPEG,1.495183,,False
Venomous/Spectacled Cobra/maxresdefault.jpg,maxresdefault.jpg,.jpg,Venomous,Spectacled Cobra,Venomous_Snake,1432,1074,RGB,272493,373c1827e205ee5a349b4d6fd0454c2c465aa99e0d0e7d9bf5d5c28448e23d47,c3cde46891f0de25,924064585561dbc8,True,,,,True,TRAIN,False,NOT VERIFIED,DUPLICATE_REVIEW,near-duplicate candidate matching existing TRAIN image,JPEG,1.333333,,False
Venomous/Spectacled Cobra/maxresdefault_004.jpg,maxresdefault_004.jpg,.jpg,Venomous,Spectacled Cobra,Venomous_Snake,1280,720,RGB,67633,b6c37c7002e750c84bc41056023008a7e8cf935e908e12bd43202ebaa31de551,b4bcad9a58d45d21,3c2e26bcbd656d63,True,,,,True,TRAIN,False,NOT VERIFIED,DUPLICATE_REVIEW,near-duplicate candidate matching existing TRAIN image,JPEG,1.777778,,False
Venomous/Spectacled Cobra/maxresdefault_006.jpg,maxresdefault_006.jpg,.jpg,Venomous,Spectacled Cobra,Venomous_Snake,1920,1080,RGB,227658,2730121e7b573eb647e4afb999861bcaa5505fe428e80ef226cb6a56afc213fe,86043b78439bafb3,faf6e7e4e0277d58,True,,,,True,TRAIN,False,NOT VERIFIED,DUPLICATE_REVIEW,near-duplicate candidate matching existing TRAIN image,JPEG,1.777778,,False
Venomous/Spectacled Cobra/maxresdefault_007.jpg,maxresdefault_007.jpg,.jpg,Venomous,Spectacled Cobra,Venomous_Snake,1280,720,RGB,58984,9be83eae4649f636f4a14d1d196fb8d3d7b84c9855ae777af747c11527dec3c4,93b3b5a4a6933368,d8d8d9c9e1fdb4ce,True,,,,True,VALIDATION,False,NOT VERIFIED,DUPLICATE_REVIEW,near-duplicate candidate matching existing VALIDATION image,JPEG,1.777778,,False
Venomous/Spectacled Cobra/Naja naja1.jpg,Naja naja1.jpg,.jpg,Venomous,Spectacled Cobra,Venomous_Snake,320,214,RGB,37391,b6c2a305d432c0b2c6fa01999a2691fb416dc86182bce3a5c7e906fc229e9c35,c20cdb3fe63b0d22,4895b5a5ed59c9cd,True,,,,True,TRAIN,False,NOT VERIFIED,DUPLICATE_REVIEW,near-duplicate candidate matching existing TRAIN image,JPEG,1.495327,,False
Venomous/Spectacled Cobra/Naja-naja-03000026811_01.jpg,Naja-naja-03000026811_01.jpg,.jpg,Venomous,Spectacled Cobra,Venomous_Snake,560,538,RGB,70456,aa967b11936868d6c3a60dc56614a6da2dffda627e48fa521aa08171f267c16b,eacb0f8fc0d01d1e,634313930b47070d,True,,,,True,TRAIN,False,NOT VERIFIED,DUPLICATE_REVIEW,near-duplicate candidate matching existing TRAIN image,JPEG,1.040892,,False
Venomous/Spectacled Cobra/Naja-naja-03000033195_01.jpg,Naja-naja-03000033195_01.jpg,.jpg,Venomous,Spectacled Cobra,Venomous_Snake,468,560,RGB,66898,5adf48446b9d3cff0cef845089ad5ef90bf4ea5125243f6487514bfe2f0b74ac,83d33c08796f464f,e8e8ccd8d9e6f694,True,,,,True,TRAIN,False,NOT VERIFIED,DUPLICATE_REVIEW,near-duplicate candidate matching existing TRAIN image,JPEG,0.835714,,False
Venomous/Spectacled Cobra/Naja-naja-1-Spectacled-cobra.jpg,Naja-naja-1-Spectacled-cobra.jpg,.jpg,Venomous,Spectacled Cobra,Venomous_Snake,1858,2965,RGB,1431244,19efcecd95546410ddcf2d90d569411410f585a4fd77356eab27d20711adb043,b5c992a07c0ff236,a8e8533296ce6d3d,True,,,,True,TRAIN,False,NOT VERIFIED,DUPLICATE_REVIEW,near-duplicate candidate matching existing TRAIN image,JPEG,0.626644,,False
Venomous/Spectacled Cobra/Naja-naja-2-Spectacled-cobra-Copy.jpg,Naja-naja-2-Spectacled-cobra-Copy.jpg,.jpg,Venomous,Spectacled Cobra,Venomous_Snake,811,1265,RGB,398708,a3a334319b3829d29699d441e2cc0696783837ba265ea39da5b4893a5482c818,ed9c92d3e9328a23,913626b216c55cc6,True,,,,True,TRAIN,False,NOT VERIFIED,DUPLICATE_REVIEW,near-duplicate candidate matching existing TRAIN image,JPEG,0.641107,,False
Venomous/Spectacled Cobra/Naja-naja-3-Spectacled-cobra-1170x455.jpg,Naja-naja-3-Spectacled-cobra-1170x455.jpg,.jpg,Venomous,Spectacled Cobra,Venomous_Snake,1170,455,RGB,269913,befd3e59f69162619c6d6cb3528e67f9614f90a03a683f7b723ac87233315e8b,e7b6690f90f027c2,8f4ecdac6e6313d3,True,,,,True,TRAIN,False,NOT VERIFIED,DUPLICATE_REVIEW,near-duplicate candidate matching existing TRAIN image,JPEG,2.571429,,False
Venomous/Spectacled Cobra/Naja-naja-4-Spectacled-cobra.jpg,Naja-naja-4-Spectacled-cobra.jpg,.jpg,Venomous,Spectacled Cobra,Venomous_Snake,2438,3657,RGB,1830100,ebf45ec57dbcaf4bf223a2caf86fc859329ab2d3da2cfceaea2481fb98eb61e9,b5ca2bc9ce7b900c,7376cc04669e366b,True,,,,True,TRAIN,False,NOT VERIFIED,DUPLICATE_REVIEW,near-duplicate candidate matching existing TRAIN image,JPEG,0.666667,,False
Venomous/Spectacled Cobra/Naja-naja-5-Spectacled-cobra.jpg,Naja-naja-5-Spectacled-cobra.jpg,.jpg,Venomous,Spectacled Cobra,Venomous_Snake,2219,3640,RGB,1903391,238bf6e059eb6f38cd0b45b2bf32a8b3bb0da039cfb149b8d2b6fb83a37b01d2,edc432da9d71c03c,74e7c61272cb1b7e,True,,,,True,TRAIN,False,NOT VERIFIED,DUPLICATE_REVIEW,near-duplicate candidate matching existing TRAIN image,JPEG,0.609615,,False
Venomous/Spectacled Cobra/Naja-naja-Saleem-Hameed-e1442201686504.jpg,Naja-naja-Saleem-Hameed-e1442201686504.jpg,.jpg,Venomous,Spectacled Cobra,Venomous_Snake,253,481,RGB,39569,2eed3df15f0074fd843d1d564394e34c03d357071af5ff44b44f44fc2e7a1419,94cac9b452aba5f2,e47092092c9692b1,True,,,,True,TRAIN,False,NOT VERIFIED,DUPLICATE_REVIEW,near-duplicate candidate matching existing TRAIN image,JPEG,0.525988,,False
Venomous/Spectacled Cobra/naja1-e1480951267722.png,naja1-e1480951267722.png,.png,Venomous,Spectacled Cobra,Venomous_Snake,208,140,RGBA,66035,2b31307cbd47c2f28b0ea71537af94efef279fab04e275b730909bf49a214b46,f915877a9c61e194,b278523319994bb2,True,,,,True,TRAIN,False,NOT VERIFIED,DUPLICATE_REVIEW,exact match to existing TRAIN image,PNG,1.485714,,False
Venomous/Spectacled Cobra/naja2-523x600.png,naja2-523x600.png,.png,Venomous,Spectacled Cobra,Venomous_Snake,523,600,RGBA,728054,3946fe396595bca83575b0cc6f6a25f4c65a82ec433800eb651726f288cbca32,ed13da2d2d0c8c9e,c34d4e464727a383,True,,,,False,,False,NOT VERIFIED,PROVENANCE_REVIEW,source provenance and training reuse rights not verified,PNG,0.871667,,False
Venomous/Spectacled Cobra/Naja_naja2.jpg,Naja_naja2.jpg,.jpg,Venomous,Spectacled Cobra,Venomous_Snake,463,306,RGB,35666,a527a30f552d15a5bc84ce969af7bbc30594d0003e3592dbafe042a0437e60ee,c7c32c3c98c663b5,1b42c8e83a474e1c,True,,,,True,TRAIN,False,NOT VERIFIED,DUPLICATE_REVIEW,near-duplicate candidate matching existing TRAIN image,JPEG,1.513072,,False
Venomous/Spectacled Cobra/Naja_naja3.jpg,Naja_naja3.jpg,.jpg,Venomous,Spectacled Cobra,Venomous_Snake,525,347,RGB,82678,47f5322adf56ab369ad6eb6127c25c6c42e30a4652b3e445d60f3072e81008b1,cf403f3e6c393132,2660c8f3e66e73c6,True,,,,True,TRAIN,False,NOT VERIFIED,DUPLICATE_REVIEW,near-duplicate candidate matching existing TRAIN image,JPEG,1.512968,,False
Venomous/Spectacled Cobra/naja_naja_2.jpg,naja_naja_2.jpg,.jpg,Venomous,Spectacled Cobra,Venomous_Snake,320,226,RGB,38010,c37842426b5a3bbbc689ca762729b3138107bf8fe3a4211ce2fcc2b6668f573f,9510eb6cc9b781b5,1e3c1cdcf66726c2,True,,,,True,TRAIN,False,NOT VERIFIED,DUPLICATE_REVIEW,near-duplicate candidate matching existing TRAIN image,JPEG,1.415929,,False
Venomous/Spectacled Cobra/Najacobra.jpeg.jpeg,Najacobra.jpeg.jpeg,.jpeg,Venomous,Spectacled Cobra,Venomous_Snake,220,282,RGB,21628,84c95df709a2486501f7b9a31c29745950247780452bc4a13ec97f8baee03b78,ea76953192eec20b,9e16e9adedcb1392,True,,,,True,TRAIN,False,NOT VERIFIED,DUPLICATE_REVIEW,exact match to existing TRAIN image,JPEG,0.780142,,False
Venomous/Spectacled Cobra/Najanaja5.jpg,Najanaja5.jpg,.jpg,Venomous,Spectacled Cobra,Venomous_Snake,240,320,RGB,23498,fcc5f2d856d2bac452ee568067c97d03f7c0057e98476f1645a69f6db64c135e,ccb749b4938e8639,642267642c2533b1,True,,,,True,TRAIN,False,NOT VERIFIED,DUPLICATE_REVIEW,near-duplicate candidate matching existing TRAIN image,JPEG,0.75,,False
Venomous/Spectacled Cobra/ni_2015_63_3_300_158155_f8.jpg,ni_2015_63_3_300_158155_f8.jpg,.jpg,Venomous,Spectacled Cobra,Venomous_Snake,454,587,RGB,293919,75910b3afb80f0e6b9b363e03354ffd1bf9e923b119f2b777c5d12c05031d496,d216b56969497297,d3ecedf19b89e998,True,,,,True,TRAIN,False,NOT VERIFIED,DUPLICATE_REVIEW,near-duplicate candidate matching existing TRAIN image,JPEG,0.773424,,False
Venomous/Spectacled Cobra/poor-lower-caste-indian-boy-begging-with-spectacled-cobra-on-an-india-bxxhx3.jpg,poor-lower-caste-indian-boy-begging-with-spectacled-cobra-on-an-india-bxxhx3.jpg,.jpg,Venomous,Spectacled Cobra,Venomous_Snake,346,540,RGB,61019,2ac0f6ec6e65e6ceb1c3284afed9b7de8bef565c92c12e9bc4fca361c1277208,bb3bde1db14a2086,381cd9199cb3606c,True,,,,True,TRAIN,False,NOT VERIFIED,DUPLICATE_REVIEW,near-duplicate candidate matching existing TRAIN image,JPEG,0.640741,,False
Venomous/Spectacled Cobra/poor-lower-caste-indian-girl-begging-with-spectacled-cobra-on-an-india-bxxhxd.jpg,poor-lower-caste-indian-girl-begging-with-spectacled-cobra-on-an-india-bxxhxd.jpg,.jpg,Venomous,Spectacled Cobra,Venomous_Snake,346,540,RGB,64043,208a8f09860034802618215ec708619064d53e8eb44f5d8d3a667cd5a29e3836,ad2d9d7eca510a46,3236ee8b07171690,True,,,,True,TRAIN,False,NOT VERIFIED,DUPLICATE_REVIEW,near-duplicate candidate matching existing TRAIN image,JPEG,0.640741,,False
Venomous/Spectacled Cobra/rsz_rare_indian_spectacled_cobra_caught_with_vestigial_‘legs’_in_telangana__video_3.jpg,rsz_rare_indian_spectacled_cobra_caught_with_vestigial_‘legs’_in_telangana__video_3.jpg,.jpg,Venomous,Spectacled Cobra,Venomous_Snake,540,360,RGB,67707,e44212a44c1b09f20fb93fa458385c66702a5f8034e32f103d73c82dc03fb470,f1e46af2c3052de8,ac94b2f2981c1898,True,,,,True,TRAIN,False,NOT VERIFIED,DUPLICATE_REVIEW,near-duplicate candidate matching existing TRAIN image,JPEG,1.5,,False
Venomous/Spectacled Cobra/snake-book-with-cover-WM.jpg,snake-book-with-cover-WM.jpg,.jpg,Venomous,Spectacled Cobra,Venomous_Snake,556,817,RGB,101133,e69ebbc0f24452c6ab20047b3bdb4b4fe2b97262c8f7eb9bf7770b26987a5e26,9bf8a8c6ea3aa485,31503339484c683b,True,,,,False,,False,NOT VERIFIED,PROVENANCE_REVIEW,source provenance and training reuse rights not verified,JPEG,0.680539,,False
Venomous/Spectacled Cobra/snake-cobra-indian-spectacled-cobra-naja-naja-with-open-hood-india-CE8R0T.jpg,snake-cobra-indian-spectacled-cobra-naja-naja-with-open-hood-india-CE8R0T.jpg,.jpg,Venomous,Spectacled Cobra,Venomous_Snake,867,1390,RGB,217354,d9d955ed6aeb2a15412ebbcca217a318b9e3519e32ad291c7432cbc9e005a606,d98b26276b366d09,eff1d2dadb932832,True,,,,True,TRAIN,False,NOT VERIFIED,DUPLICATE_REVIEW,near-duplicate candidate matching existing TRAIN image,JPEG,0.623741,,False
Venomous/Spectacled Cobra/snake-indian-spectacled-cobra-naja-naja-naja-et0cm2.jpg,snake-indian-spectacled-cobra-naja-naja-naja-et0cm2.jpg,.jpg,Venomous,Spectacled Cobra,Venomous_Snake,640,445,RGB,132486,058cf90a1d2f84303711258e472b8db3b5b750b01b89e7f1d002d6915c5a28ac,f94e145b851cf781,f0e9eb23d1093396,True,,,,True,TRAIN,False,NOT VERIFIED,DUPLICATE_REVIEW,near-duplicate candidate matching existing TRAIN image,JPEG,1.438202,,False
Venomous/Spectacled Cobra/snake36l.jpg,snake36l.jpg,.jpg,Venomous,Spectacled Cobra,Venomous_Snake,400,600,RGB,39932,8831359b189c239921ceb448db63b4b80a22ea715aa201437600838dca5fe2e1,87996a6a63a5859e,dbb060f4f061674e,True,,,,True,TRAIN,False,NOT VERIFIED,DUPLICATE_REVIEW,near-duplicate candidate matching existing TRAIN image,JPEG,0.666667,,False
Venomous/Spectacled Cobra/snake_7n.jpg,snake_7n.jpg,.jpg,Venomous,Spectacled Cobra,Venomous_Snake,305,461,RGB,39053,6590d70203fc54e729660a512499f8d5cab6c209efb99f94d3cba3415a083ecc,d259a6d399c41ec3,d89c2492d92dc46f,True,,,,True,TRAIN,False,NOT VERIFIED,DUPLICATE_REVIEW,near-duplicate candidate matching existing TRAIN image,JPEG,0.661605,,False
Venomous/Spectacled Cobra/SNP00413.jpg,SNP00413.jpg,.jpg,Venomous,Spectacled Cobra,Venomous_Snake,300,239,RGB,28640,f4cca9e0b7c97c61d101d9d53fc2ef44d73b24b62b4edf1c035c1fe24071b415,b8940c16a7deab63,3cb71717db1d3d13,True,,,,True,VALIDATION,False,NOT VERIFIED,DUPLICATE_REVIEW,near-duplicate candidate matching existing VALIDATION image,JPEG,1.25523,,False
Venomous/Spectacled Cobra/Spectacle-Pattern-On-Hood-of-Cobra.jpg,Spectacle-Pattern-On-Hood-of-Cobra.jpg,.jpg,Venomous,Spectacled Cobra,Venomous_Snake,267,400,RGB,34695,36eb186f977c587928d4a2764c08d86674f7dc3a640ffd3e1c3d269999ed05bc,d1814b7e3e687863,f9d89a94583011b1,True,,,,True,TRAIN,False,NOT VERIFIED,DUPLICATE_REVIEW,near-duplicate candidate matching existing TRAIN image,JPEG,0.6675,,False
Venomous/Spectacled Cobra/Spectacled cobra.jpg,Spectacled cobra.jpg,.jpg,Venomous,Spectacled Cobra,Venomous_Snake,4928,2927,RGB,3077663,b2743479c4e55eeae0ad7b3f372caa02a0dd3e975c3a5a4f83f5e16590f031d2,cc54ce7473334399,e4a4f05c10d4b273,True,,,,True,TRAIN,False,NOT VERIFIED,DUPLICATE_REVIEW,near-duplicate candidate matching existing TRAIN image,JPEG,1.683635,,False
Venomous/Spectacled Cobra/spectacled-cobra-highly-poisonous-elapine-indian-snake-indian-naja-naja-also-known-as-asian-binocellate-57558361.jpg,spectacled-cobra-highly-poisonous-elapine-indian-snake-indian-naja-naja-also-known-as-asian-binocellate-57558361.jpg,.jpg,Venomous,Spectacled Cobra,Venomous_Snake,960,1300,RGB,228180,516680bc77036a26dff0dc7e2fe8b7584177c328495cb9cbe154b2d25d264ca6,aa4833f366e3b425,35b3b301171f4b1f,True,,,,True,TRAIN,False,NOT VERIFIED,DUPLICATE_REVIEW,near-duplicate candidate matching existing TRAIN image,JPEG,0.738462,,False
Venomous/Spectacled Cobra/Spectacled-Cobra-Hood-Photo.jpg,Spectacled-Cobra-Hood-Photo.jpg,.jpg,Venomous,Spectacled Cobra,Venomous_Snake,341,512,RGB,56256,3658ed74e82a0fffae536e9b643432c2f877a81a9b7d308c117909d90133ef20,ac7aa764f674da00,077339b53333766f,True,,,,True,VALIDATION,False,NOT VERIFIED,DUPLICATE_REVIEW,near-duplicate candidate matching existing VALIDATION image,JPEG,0.666016,,False
Venomous/Spectacled Cobra/spectacled-cobra-in-basket-of-snake-charmer-new-delhi-india-naja-naja-DTRX7M.jpg,spectacled-cobra-in-basket-of-snake-charmer-new-delhi-india-naja-naja-DTRX7M.jpg,.jpg,Venomous,Spectacled Cobra,Venomous_Snake,865,1390,RGB,101208,c442be0a52a830f68529aae14e124fa0a5ae91366fdf7d0ecf0a438eb15f4f6e,ccb7529a19643de2,226886b2b363c580,True,,,,True,VALIDATION,False,NOT VERIFIED,DUPLICATE_REVIEW,near-duplicate candidate matching existing VALIDATION image,JPEG,0.622302,,False
Venomous/Spectacled Cobra/spectacled-cobra-naja-naja-bangalore-karnataka-theindian-cobrais-one-HNWT1W.jpg,spectacled-cobra-naja-naja-bangalore-karnataka-theindian-cobrais-one-HNWT1W.jpg,.jpg,Venomous,Spectacled Cobra,Venomous_Snake,1300,956,RGB,176677,cd5a82622a007fdd1006013cc257c8aab5d90efff828b6ac046c3263a99cdc57,985872a623f2539f,95b1b0b3f7b42e4d,True,,,,True,TRAIN,False,NOT VERIFIED,DUPLICATE_REVIEW,near-duplicate candidate matching existing TRAIN image,JPEG,1.359833,,False
Venomous/Spectacled Cobra/spectacled-cobra-naja-naja-bangalore-karnataka-theindian-cobrais-one-hnww7b.jpg,spectacled-cobra-naja-naja-bangalore-karnataka-theindian-cobrais-one-hnww7b.jpg,.jpg,Venomous,Spectacled Cobra,Venomous_Snake,300,470,RGB,21601,d97b371e8be137bca173bce606a7a23fa149131d8e24c9d64d684a9070f26c4c,cf43b43cb213c30f,8d72e1e9e231b3a6,True,,,,True,TRAIN,False,NOT VERIFIED,DUPLICATE_REVIEW,near-duplicate candidate matching existing TRAIN image,JPEG,0.638298,,False
Venomous/Spectacled Cobra/spectacled-cobra-naja-naja-bangalore-karnataka-theindian-cobrais-one-hnww7k.jpg,spectacled-cobra-naja-naja-bangalore-karnataka-theindian-cobrais-one-hnww7k.jpg,.jpg,Venomous,Spectacled Cobra,Venomous_Snake,300,470,RGB,23860,10330a80fa61187b02b6a6deadddca809dd6d8409f493f66a64ddc3748a7c48c,ce0db062b31ecd4e,09b672688803859c,True,,,,True,TRAIN,False,NOT VERIFIED,DUPLICATE_REVIEW,near-duplicate candidate matching existing TRAIN image,JPEG,0.638298,,False
Venomous/Spectacled Cobra/spectacled-cobra-naja-naja-family-elaphidae-aarey-milk-colony-mumbai-ECK328.jpg,spectacled-cobra-naja-naja-family-elaphidae-aarey-milk-colony-mumbai-ECK328.jpg,.jpg,Venomous,Spectacled Cobra,Venomous_Snake,1300,956,RGB,156741,942909e18624e58d44547934a730c4a7db35aa4f0b584d2891d8d6189239cafb,991966b46693b94e,459b5a99515a6843,True,,,,True,VALIDATION,False,NOT VERIFIED,DUPLICATE_REVIEW,near-duplicate candidate matching existing VALIDATION image,JPEG,1.359833,,False
Venomous/Spectacled Cobra/spectacled-cobra-naja-naja-family-elaphidae-aarey-milk-colony-mumbai-eck40e.jpg,spectacled-cobra-naja-naja-family-elaphidae-aarey-milk-colony-mumbai-eck40e.jpg,.jpg,Venomous,Spectacled Cobra,Venomous_Snake,300,470,RGB,45823,3c258a49eb069345730726b7ce3f7b1fed39f6010e78d68130278ddddc4f6a29,9909a656e64fd938,6ddfb3f38b7864b6,True,,,,True,TRAIN,False,NOT VERIFIED,DUPLICATE_REVIEW,near-duplicate candidate matching existing TRAIN image,JPEG,0.638298,,False
Venomous/Spectacled Cobra/spectacled-cobra-naja-naja-family-elaphidae-aarey-milk-colony-mumbai-ECK40G.jpg,spectacled-cobra-naja-naja-family-elaphidae-aarey-milk-colony-mumbai-ECK40G.jpg,.jpg,Venomous,Spectacled Cobra,Venomous_Snake,866,1390,RGB,201514,4787a0f22179534bd50221ddd8f6c6524324c12436d14ed5b8f9f253548e7b18,9c0c4cb265b772b6,9eb033260fc95022,True,,,,True,TRAIN,False,NOT VERIFIED,DUPLICATE_REVIEW,near-duplicate candidate matching existing TRAIN image,JPEG,0.623022,,False
Venomous/Spectacled Cobra/spectacled-cobra-naja-naja-family-elaphidae-aarey-milk-colony-mumbai-eck40j.jpg,spectacled-cobra-naja-naja-family-elaphidae-aarey-milk-colony-mumbai-eck40j.jpg,.jpg,Venomous,Spectacled Cobra,Venomous_Snake,450,320,RGB,40388,0b675465e3dd9afc58f759826eb085edf949ebd25adc81317fd3eb68a5ff9959,a033b34cfc4fd81c,099cd8a6a6a1c716,True,,,,True,TRAIN,False,NOT VERIFIED,DUPLICATE_REVIEW,near-duplicate candidate matching existing TRAIN image,JPEG,1.40625,,False
Venomous/Spectacled Cobra/spectacled-cobra-naja-naja-family-elaphidae-aarey-milk-colony-mumbai-eck40m.jpg,spectacled-cobra-naja-naja-family-elaphidae-aarey-milk-colony-mumbai-eck40m.jpg,.jpg,Venomous,Spectacled Cobra,Venomous_Snake,450,320,RGB,40056,7d3ac228b9139844adc1b341babb611c0a87998e355232d95378a07175e6ea10,b11ae34bfc0fb904,0b9d9cb694dbcd96,True,,,,True,TRAIN,False,NOT VERIFIED,DUPLICATE_REVIEW,near-duplicate candidate matching existing TRAIN image,JPEG,1.40625,,False
Venomous/Spectacled Cobra/spectacled-cobra-naja-naja-family-elaphidae-aarey-milk-colony-mumbai-eck40r.jpg,spectacled-cobra-naja-naja-family-elaphidae-aarey-milk-colony-mumbai-eck40r.jpg,.jpg,Venomous,Spectacled Cobra,Venomous_Snake,640,447,RGB,36514,28521c54cbb0f9b9fee29b8bfa5e70afb90c8bbfe6a06d1cf4edc47fb1d472e5,e997f4698719e244,261d0d7ae2931307,True,,,,True,VALIDATION,False,NOT VERIFIED,DUPLICATE_REVIEW,near-duplicate candidate matching existing VALIDATION image,JPEG,1.431767,,False
Venomous/Spectacled Cobra/spectacled-cobra-naja-naja-family-elaphidae-aarey-milk-colony-mumbai-eck40t.jpg,spectacled-cobra-naja-naja-family-elaphidae-aarey-milk-colony-mumbai-eck40t.jpg,.jpg,Venomous,Spectacled Cobra,Venomous_Snake,450,320,RGB,37770,04770914e7c3b9ac8e906ea23201d5125d9d7dbe36038655b3f960802eb08f70,9976e61bf10cb258,f8f0ccd2daf8f2d6,True,,,,True,TRAIN,False,NOT VERIFIED,DUPLICATE_REVIEW,near-duplicate candidate matching existing TRAIN image,JPEG,1.40625,,False
Venomous/Spectacled Cobra/spectacled-cobra-naja-naja-ncbs-bangalore-india-fajac6.jpg,spectacled-cobra-naja-naja-ncbs-bangalore-india-fajac6.jpg,.jpg,Venomous,Spectacled Cobra,Venomous_Snake,300,470,RGB,49256,2af514a83c1cbce475d9890c1a8eeb373be67dedb0129807f5ebeb3b2b987919,b1310f478679b15b,de98989c709a533a,True,,,,True,TRAIN,False,NOT VERIFIED,DUPLICATE_REVIEW,near-duplicate candidate matching existing TRAIN image,JPEG,0.638298,,False
Venomous/Spectacled Cobra/spectacled-cobra-naja-naja-ncbs-bangalore-india-fajaca.jpg,spectacled-cobra-naja-naja-ncbs-bangalore-india-fajaca.jpg,.jpg,Venomous,Spectacled Cobra,Venomous_Snake,450,320,RGB,48826,e6b70e7866538e6d9d3f7eb6f4c123f637b9d21d424ce1a8195797b0bf1acb96,8d0de036b3338f56,c7b373733833179e,True,,,,True,TRAIN,False,NOT VERIFIED,DUPLICATE_REVIEW,near-duplicate candidate matching existing TRAIN image,JPEG,1.40625,,False
Venomous/Spectacled Cobra/spectacled-cobra-naja-naja-venomous-common-aarey-milk-colony-mumbai-b87kda.jpg,spectacled-cobra-naja-naja-venomous-common-aarey-milk-colony-mumbai-b87kda.jpg,.jpg,Venomous,Spectacled Cobra,Venomous_Snake,347,540,RGB,106176,37d3d63b9d2e03a46ca708d6c673b5d5ab22ba6091cd2f69b6403386b6621da1,9997e660dc4bd039,8ad6587394950396,True,,,,True,TRAIN,False,NOT VERIFIED,DUPLICATE_REVIEW,near-duplicate candidate matching existing TRAIN image,JPEG,0.642593,,False
Venomous/Spectacled Cobra/spectacled-cobra-naja-naja-venomous-common-bn519e.jpg,spectacled-cobra-naja-naja-venomous-common-bn519e.jpg,.jpg,Venomous,Spectacled Cobra,Venomous_Snake,640,446,RGB,32859,e6eb734e4c6b86029d2a73f796e002badd5c762ac26157da49798179460c80d1,8e6db34c9931ce0e,096462f8f0640c58,True,,,,True,TRAIN,False,NOT VERIFIED,DUPLICATE_REVIEW,near-duplicate candidate matching existing TRAIN image,JPEG,1.434978,,False
Venomous/Spectacled Cobra/spectacled-cobra-naja-naja-venomous-common-c690gp.jpg,spectacled-cobra-naja-naja-venomous-common-c690gp.jpg,.jpg,Venomous,Spectacled Cobra,Venomous_Snake,347,540,RGB,62855,9948a23d59e4e6f1ec0492f29370fb127d51b14ef9b83b05118bafe186efb267,cc53635b8627b926,c950d6f4b79386a6,True,,,,True,TRAIN,False,NOT VERIFIED,DUPLICATE_REVIEW,near-duplicate candidate matching existing TRAIN image,JPEG,0.642593,,False
Venomous/Spectacled Cobra/spectacled-cobra-naja-naja-venomous-common-cc0bp0.jpg,spectacled-cobra-naja-naja-venomous-common-cc0bp0.jpg,.jpg,Venomous,Spectacled Cobra,Venomous_Snake,300,468,RGB,26720,64d80a33395159726550c832347851ab84a752d307290e4a2d9336c3ab2710a0,89c6e6598c36f364,61d0c9f3b2db29b3,True,,,,True,TRAIN,False,NOT VERIFIED,DUPLICATE_REVIEW,near-duplicate candidate matching existing TRAIN image,JPEG,0.641026,,False
Venomous/Spectacled Cobra/spectacled-cobra-naja-naja-venomous-common-dive-ghat-maharasthra-india-AA2KAR.jpg,spectacled-cobra-naja-naja-venomous-common-dive-ghat-maharasthra-india-AA2KAR.jpg,.jpg,Venomous,Spectacled Cobra,Venomous_Snake,975,1390,RGB,157789,190a40b404d96df4cbcc8f1d7883d2165110b44c995f34a7709c7266770cda88,e3998cb35ca88cd6,30494303444c8d2e,True,,,,True,VALIDATION,False,NOT VERIFIED,DUPLICATE_REVIEW,near-duplicate candidate matching existing VALIDATION image,JPEG,0.701439,,False
Venomous/Spectacled Cobra/spectacled-cobra-naja-naja-venomous-common-elapidae-ajivali-devrai-BY1010.jpg,spectacled-cobra-naja-naja-venomous-common-elapidae-ajivali-devrai-BY1010.jpg,.jpg,Venomous,Spectacled Cobra,Venomous_Snake,866,1390,RGB,158773,4d6181fdcaed9c548c7cace36eda26a8b87575a345eb760ae411e05d0671a916,8cb4339619bb6cb8,78ce97f6b4a76a22,True,,,,True,TRAIN,False,NOT VERIFIED,DUPLICATE_REVIEW,near-duplicate candidate matching existing TRAIN image,JPEG,0.623022,,False
Venomous/Spectacled Cobra/spectacled-cobra-naja-naja-venomous-common-elapidae-pune-en6afd.jpg,spectacled-cobra-naja-naja-venomous-common-elapidae-pune-en6afd.jpg,.jpg,Venomous,Spectacled Cobra,Venomous_Snake,640,447,RGB,102109,c93438b2916bd1b1b16ca8fe244440db7e1a13ca8a9e52ddc6bde21093f86e5f,c550a633b94cfe19,d4d4f2d2596ce4e6,True,,,,True,TRAIN,False,NOT VERIFIED,DUPLICATE_REVIEW,near-duplicate candidate matching existing TRAIN image,JPEG,1.431767,,False
Venomous/Spectacled Cobra/spectacled-cobra-naja-naja-venomous-common-elapidae-pune-en6afe.jpg,spectacled-cobra-naja-naja-venomous-common-elapidae-pune-en6afe.jpg,.jpg,Venomous,Spectacled Cobra,Venomous_Snake,300,470,RGB,46105,af2f2d56207bf76565c6cae9d3740ee4dc18584796b6b803dad1aacb8fbaa4c7,cc0db34be676c918,6cd69627b3f3acad,True,,,,True,VALIDATION,False,NOT VERIFIED,DUPLICATE_REVIEW,near-duplicate candidate matching existing VALIDATION image,JPEG,0.638298,,False
Venomous/Spectacled Cobra/spectacled-cobra-naja-naja-venomous-common-elapidae-pune-en6afg.jpg,spectacled-cobra-naja-naja-venomous-common-elapidae-pune-en6afg.jpg,.jpg,Venomous,Spectacled Cobra,Venomous_Snake,640,447,RGB,84758,013241b3a948309cb84b7a2d1e1458cb690bf3179027355ab802079279faa3e1,d8d6a729d336c407,d050e4a8d0963f6b,True,,,,True,TRAIN,False,NOT VERIFIED,DUPLICATE_REVIEW,near-duplicate candidate matching existing TRAIN image,JPEG,1.431767,,False
Venomous/Spectacled Cobra/spectacled-cobra-naja-naja-venomous-common-elapidae-pune-en6afj.jpg,spectacled-cobra-naja-naja-venomous-common-elapidae-pune-en6afj.jpg,.jpg,Venomous,Spectacled Cobra,Venomous_Snake,450,320,RGB,60098,55ffc7c2744c9b0bebc56f704a6ff2e8894332c91d03b2db2171f04227743e3a,d44ae335a549cb53,902431b63e36d6ce,True,,,,True,TRAIN,False,NOT VERIFIED,DUPLICATE_REVIEW,near-duplicate candidate matching existing TRAIN image,JPEG,1.40625,,False
Venomous/Spectacled Cobra/spectacled-cobra-naja-naja-venomous-common-film-city-mumbai-b87jh0.jpg,spectacled-cobra-naja-naja-venomous-common-film-city-mumbai-b87jh0.jpg,.jpg,Venomous,Spectacled Cobra,Venomous_Snake,347,540,RGB,82258,0265ad15c94f1d534a03c683217f4c30454fec806c53aec59b3150e80cbd50dd,99272619db24f237,76e38dd69891768d,True,,,,True,TRAIN,False,NOT VERIFIED,DUPLICATE_REVIEW,near-duplicate candidate matching existing TRAIN image,JPEG,0.642593,,False
Venomous/Spectacled Cobra/spectacled-cobra-naja-naja-venomous-common-genus-of-venomous-elapid-AX06FY.jpg,spectacled-cobra-naja-naja-venomous-common-genus-of-venomous-elapid-AX06FY.jpg,.jpg,Venomous,Spectacled Cobra,Venomous_Snake,870,1390,RGB,189680,69d6b794c12e569fc61840139f2e2b0a59aa56080f3356964e81c8acbef3882f,99a6613966376559,b0687868b1b21313,True,,,,True,VALIDATION,False,NOT VERIFIED,DUPLICATE_REVIEW,near-duplicate candidate matching existing VALIDATION image,JPEG,0.625899,,False
Venomous/Spectacled Cobra/spectacled-cobra-naja-naja-venomous-common-genus-of-venomous-elapid-AX079W.jpg,spectacled-cobra-naja-naja-venomous-common-genus-of-venomous-elapid-AX079W.jpg,.jpg,Venomous,Spectacled Cobra,Venomous_Snake,1300,960,RGB,374199,c09b54f5823f58da4ba920ea28bab7e35ad1c4c36dc5a09a7510ced2680e0838,af60959e78e161b1,2e6dd783796a664b,True,,,,True,TRAIN,False,NOT VERIFIED,DUPLICATE_REVIEW,near-duplicate candidate matching existing TRAIN image,JPEG,1.354167,,False
Venomous/Spectacled Cobra/spectacled-cobra-naja-naja-venomous-common-genus-of-venomous-elapid-ax07kw.jpg,spectacled-cobra-naja-naja-venomous-common-genus-of-venomous-elapid-ax07kw.jpg,.jpg,Venomous,Spectacled Cobra,Venomous_Snake,640,448,RGB,90184,28913a452ba7d0f47f0aa5a8681f2ddbbfd11b114fcfed9b7f00a5cc6ac82b21,e4263d63853ea68d,6c0d25edc3873a32,True,,,,True,TRAIN,False,NOT VERIFIED,DUPLICATE_REVIEW,near-duplicate candidate matching existing TRAIN image,JPEG,1.428571,,False
Venomous/Spectacled Cobra/spectacled-cobra-naja-naja-venomous-common-genus-of-venomous-elapid-ax07tg.jpg,spectacled-cobra-naja-naja-venomous-common-genus-of-venomous-elapid-ax07tg.jpg,.jpg,Venomous,Spectacled Cobra,Venomous_Snake,640,448,RGB,130970,1def403d333cfced387c67135c9a1c048888f9eb21f7d7811d2d019d0d0b71ae,8c1cc347f6189e37,a5f63537676b939d,True,,,,True,TRAIN,False,NOT VERIFIED,DUPLICATE_REVIEW,near-duplicate candidate matching existing TRAIN image,JPEG,1.428571,,False
Venomous/Spectacled Cobra/spectacled-cobra-naja-naja-venomous-common-genus-of-venomous-elapid-AX08MW.jpg,spectacled-cobra-naja-naja-venomous-common-genus-of-venomous-elapid-AX08MW.jpg,.jpg,Venomous,Spectacled Cobra,Venomous_Snake,1300,960,RGB,305497,976630cdc2a1f12f3d699c15fe4ae6ea491fe56eafed195e6c75dd2d162f4384,cb1e34a1458c77b3,b62969e1c9c1b30f,True,,,,True,TRAIN,False,NOT VERIFIED,DUPLICATE_REVIEW,near-duplicate candidate matching existing TRAIN image,JPEG,1.354167,,False
Venomous/Spectacled Cobra/spectacled-cobra-naja-naja-venomous-common-genus-of-venomous-elapid-ax2f1m.jpg,spectacled-cobra-naja-naja-venomous-common-genus-of-venomous-elapid-ax2f1m.jpg,.jpg,Venomous,Spectacled Cobra,Venomous_Snake,348,540,RGB,77190,17d9f1fc7913b6d4bdc6e89802423af688193cafd783d85e1701402e60e4f6f9,974b2c38e927e147,5a78c4dcf81c4c0e,True,,,,True,VALIDATION,False,NOT VERIFIED,DUPLICATE_REVIEW,near-duplicate candidate matching existing VALIDATION image,JPEG,0.644444,,False
Venomous/Spectacled Cobra/spectacled-cobra-naja-naja-venomous-common-golaghat-district-assam-DABB5W.jpg,spectacled-cobra-naja-naja-venomous-common-golaghat-district-assam-DABB5W.jpg,.jpg,Venomous,Spectacled Cobra,Venomous_Snake,866,1390,RGB,168042,f33af91990bb1f50616320e2e2e25281ae066553b7c032118740eaf0e0b0f090,9b4673392c37c1b8,3962e262b319191a,True,,,,True,TRAIN,False,NOT VERIFIED,DUPLICATE_REVIEW,near-duplicate candidate matching existing TRAIN image,JPEG,0.623022,,False
Venomous/Spectacled Cobra/spectacled-cobra-naja-naja-venomous-common-golaghat-district-assam-dabb6c.jpg,spectacled-cobra-naja-naja-venomous-common-golaghat-district-assam-dabb6c.jpg,.jpg,Venomous,Spectacled Cobra,Venomous_Snake,450,320,RGB,63406,4b01d5857280fbe99fc3a369a356df8365b66b89529eaea90a0882764f49176e,980ce75bd866e319,58fae93131786856,True,,,,True,TRAIN,False,NOT VERIFIED,DUPLICATE_REVIEW,near-duplicate candidate matching existing TRAIN image,JPEG,1.40625,,False
Venomous/Spectacled Cobra/spectacled-cobra-naja-naja-venomous-common-indian-cobra-seen-in-gorai-ae6mrw.jpg,spectacled-cobra-naja-naja-venomous-common-indian-cobra-seen-in-gorai-ae6mrw.jpg,.jpg,Venomous,Spectacled Cobra,Venomous_Snake,342,540,RGB,40939,d110a46262b1c49c031c01adf6c284ea31db2e89a949a784e4c6d3193e9734f4,cc593966363cad19,c7b0b2a4ae26b496,True,,,,True,TRAIN,False,NOT VERIFIED,DUPLICATE_REVIEW,near-duplicate candidate matching existing TRAIN image,JPEG,0.633333,,False
Venomous/Spectacled Cobra/spectacled-cobra-naja-naja-venomous-common-marol-police-camp-andheri-b87jen.jpg,spectacled-cobra-naja-naja-venomous-common-marol-police-camp-andheri-b87jen.jpg,.jpg,Venomous,Spectacled Cobra,Venomous_Snake,347,540,RGB,71462,02b93273bda61ca5b44f0dd6e23c860deb5f3cffa87cef3ec710cbd6f476eb9a,cc59b3266b198e59,c8743272a4e4f033,True,,,,True,TRAIN,False,NOT VERIFIED,DUPLICATE_REVIEW,near-duplicate candidate matching existing TRAIN image,JPEG,0.642593,,False
Venomous/Spectacled Cobra/Spectacled-Cobra-Picture.jpg,Spectacled-Cobra-Picture.jpg,.jpg,Venomous,Spectacled Cobra,Venomous_Snake,341,512,RGB,46578,d17cf943a8055688c874281ae5a592ba8eb1b3e0c169d8ceb533fe7ffd939d51,dc1f6e2d31169a0b,376238149ab2e68e,True,,,,True,TRAIN,False,NOT VERIFIED,DUPLICATE_REVIEW,near-duplicate candidate matching existing TRAIN image,JPEG,0.666016,,False
Venomous/Spectacled Cobra/Spectacled-cobra-skins-seized-due-to-illegal-trade.jpg,Spectacled-cobra-skins-seized-due-to-illegal-trade.jpg,.jpg,Venomous,Spectacled Cobra,Venomous_Snake,650,434,RGB,97334,3490ad5bc8b5e90f6ad883b1615183a838f4d78dcd32cd0b65bd0297e0e67dc8,ddf21bcc3449b01d,c0ccc8ceae237338,True,,,,True,TRAIN,False,NOT VERIFIED,DUPLICATE_REVIEW,near-duplicate candidate matching existing TRAIN image,JPEG,1.497696,,False
Venomous/Spectacled Cobra/spectacled-cobra-slide-1-1024x682.jpg,spectacled-cobra-slide-1-1024x682.jpg,.jpg,Venomous,Spectacled Cobra,Venomous_Snake,1024,682,RGB,91941,dce1b49a1eeb669617f61b7f0ec5eedb3fd446da9231afd4d48d5307e8893601,ad2c68b64e27d127,a63713626c1c6793,True,,,,True,VALIDATION,False,NOT VERIFIED,DUPLICATE_REVIEW,near-duplicate candidate matching existing VALIDATION image,JPEG,1.501466,,False
Venomous/Spectacled Cobra/Spectacled-Cobra.jpg,Spectacled-Cobra.jpg,.jpg,Venomous,Spectacled Cobra,Venomous_Snake,512,342,RGB,40527,6719388d271a1875ffafa0b06a52494c5ddc8d488fede2a7c17ab13c338da4a1,d924196c663e3772,b1d21986c8703899,True,,,,True,TRAIN,False,NOT VERIFIED,DUPLICATE_REVIEW,near-duplicate candidate matching existing TRAIN image,JPEG,1.497076,,False
Venomous/Spectacled Cobra/Spectacled-Cobra31.jpg,Spectacled-Cobra31.jpg,.jpg,Venomous,Spectacled Cobra,Venomous_Snake,600,350,RGB,89433,3d51d616edb832408e363bbe9ce0b1e3751477b2a3f6f6c5eb26951ad552c1af,c31e38716421e777,e97148cc45d2d968,True,,,,True,TRAIN,False,NOT VERIFIED,DUPLICATE_REVIEW,near-duplicate candidate matching existing TRAIN image,JPEG,1.714286,,False
Venomous/Spectacled Cobra/spectacled-cobra_001.jpg,spectacled-cobra_001.jpg,.jpg,Venomous,Spectacled Cobra,Venomous_Snake,550,412,RGB,79163,d6c652efc4d8dc750496273c749966ba3523eee90259fdd8e547482c33924ebd,877213b15aad1697,ddccec2674f46268,True,,,,True,TRAIN,False,NOT VERIFIED,DUPLICATE_REVIEW,near-duplicate candidate matching existing TRAIN image,JPEG,1.334951,,False
Venomous/Spectacled Cobra/Spectacled-Cobra_003.jpg,Spectacled-Cobra_003.jpg,.jpg,Venomous,Spectacled Cobra,Venomous_Snake,960,720,RGB,424556,a06bc80cb4adaa2b63fa43e769888cd7f540ecf6444fd221062f77eef1eba1a8,c5cc26db9b39c126,e8e6e6f0f8d094cc,True,,,,True,TRAIN,False,NOT VERIFIED,DUPLICATE_REVIEW,near-duplicate candidate matching existing TRAIN image,JPEG,1.333333,,False
Venomous/Spectacled Cobra/Spectacled_Cobra_and_Stripe-necked_Mongoose_DHobcorft.jpg,Spectacled_Cobra_and_Stripe-necked_Mongoose_DHobcorft.jpg,.jpg,Venomous,Spectacled Cobra,Venomous_Snake,425,277,RGB,155013,1748ec8b0d75e48ecaea84222839c5551140d1e5b25bacc77059a6d7fafa64c6,f38788e7659a9c44,594a78194e0b5919,True,,,,True,TRAIN,False,NOT VERIFIED,DUPLICATE_REVIEW,near-duplicate candidate matching existing TRAIN image,JPEG,1.534296,,False
Venomous/Spectacled Cobra/stock-photo-indian-cobra-170225447.jpg,stock-photo-indian-cobra-170225447.jpg,.jpg,Venomous,Spectacled Cobra,Venomous_Snake,450,320,RGB,78815,c7ed16e7b3c51fa4c793386d4325e247b02f65de56840333d08207f20d70efbc,a18dc452ed71bd1a,86e4560efbd8d996,True,,,,True,TRAIN,False,NOT VERIFIED,DUPLICATE_REVIEW,near-duplicate candidate matching existing TRAIN image,JPEG,1.40625,,False
Venomous/Spectacled Cobra/the-indian-cobra-naja-naja-also-known-as-the-spectacled-cobra-asian-FW7360.jpg,the-indian-cobra-naja-naja-also-known-as-the-spectacled-cobra-asian-FW7360.jpg,.jpg,Venomous,Spectacled Cobra,Venomous_Snake,1300,953,RGB,234765,11a1d64714e5ad201ac0efd0621e7b26ec5883ecccd92632cca3ab72d66c20a4,898de2a77db21c19,1762b15553eccd0b,True,,,,True,TRAIN,False,NOT VERIFIED,DUPLICATE_REVIEW,near-duplicate candidate matching existing TRAIN image,JPEG,1.364113,,False
Venomous/Spectacled Cobra/The_Common_Indian_Cobra_or_Spectacled_Cobra_02.JPG,The_Common_Indian_Cobra_or_Spectacled_Cobra_02.JPG,.jpg,Venomous,Spectacled Cobra,Venomous_Snake,3648,2736,RGB,1372049,7a84c233ea6b49d4ad01f33212edeae0d32b34a4a60d166071e9524d489b2749,d2c36d6e98708b3a,466ad998b96b1433,True,,,,True,TRAIN,False,NOT VERIFIED,DUPLICATE_REVIEW,near-duplicate candidate matching existing TRAIN image,JPEG,1.333333,,False
Venomous/Spectacled Cobra/The_Common_Indian_Cobra_or_Spectacled_Cobra_04.JPG,The_Common_Indian_Cobra_or_Spectacled_Cobra_04.JPG,.jpg,Venomous,Spectacled Cobra,Venomous_Snake,3648,2736,RGB,1451314,7199c58518339c0e9f11d9b5eb28daf962b3571101a261e21ecf304972d922b7,c4cfe03330abb3cc,d5706365b41eae94,True,,,,True,TRAIN,False,NOT VERIFIED,DUPLICATE_REVIEW,near-duplicate candidate matching existing TRAIN image,JPEG,1.333333,,False
Venomous/Spectacled Cobra/The_Common_Indian_Cobra_or_Spectacled_Cobra_07.JPG,The_Common_Indian_Cobra_or_Spectacled_Cobra_07.JPG,.jpg,Venomous,Spectacled Cobra,Venomous_Snake,3648,2736,RGB,1316144,8a6a635a9542a75acec3a6d819acdf8f5fc2c64ab72823a56fb6586626b5f7bb,ccdc2341bf2be14c,66b6226132c2cfab,True,,,,True,TRAIN,False,NOT VERIFIED,DUPLICATE_REVIEW,near-duplicate candidate matching existing TRAIN image,JPEG,1.333333,,False
Venomous/Spectacled Cobra/The_Common_Indian_Cobra_or_Spectacled_Cobra_08.JPG,The_Common_Indian_Cobra_or_Spectacled_Cobra_08.JPG,.jpg,Venomous,Spectacled Cobra,Venomous_Snake,3648,2736,RGB,1436509,0651204aec205fb9621bf4bbfef42e7c85cad0daaf6f69ef7c09bad70c57cb49,8c4f6137627259f8,696072e17556ae96,True,,,,True,TRAIN,False,NOT VERIFIED,DUPLICATE_REVIEW,near-duplicate candidate matching existing TRAIN image,JPEG,1.333333,,False
Venomous/Spectacled Cobra/The_Common_Indian_Cobra_or_Spectacled_Cobra_13.JPG,The_Common_Indian_Cobra_or_Spectacled_Cobra_13.JPG,.jpg,Venomous,Spectacled Cobra,Venomous_Snake,3648,2736,RGB,1199295,a48d6a9154e6fa9a1b589e6e1e5198948c49ff67eb9e53aa2f796dd5c1ed16be,898e4f7233157723,6a7131319d9cd453,True,,,,True,TRAIN,False,NOT VERIFIED,DUPLICATE_REVIEW,near-duplicate candidate matching existing TRAIN image,JPEG,1.333333,,False
Venomous/Spectacled Cobra/The_Common_Indian_Cobra_or_Spectacled_Cobra_14.JPG,The_Common_Indian_Cobra_or_Spectacled_Cobra_14.JPG,.jpg,Venomous,Spectacled Cobra,Venomous_Snake,3648,2736,RGB,1512670,84646c6089d9802ec8da100d3957ac67c57af6ed4e3d66fde6779623fab460dd,cf5c75673182c8c9,4c64f1a9d3e9cad8,True,,,,True,TRAIN,False,NOT VERIFIED,DUPLICATE_REVIEW,near-duplicate candidate matching existing TRAIN image,JPEG,1.333333,,False
Venomous/Spectacled Cobra/The_Common_Indian_Cobra_or_Spectacled_Cobra_21.JPG,The_Common_Indian_Cobra_or_Spectacled_Cobra_21.JPG,.jpg,Venomous,Spectacled Cobra,Venomous_Snake,3648,2736,RGB,1176985,25e470feac6fea0cdf5efec742fe5242bd1871a6e6997c022fb732ef73e6739f,ae5c71a66cd99312,172cf967e74d5bd3,True,,,,True,TRAIN,False,NOT VERIFIED,DUPLICATE_REVIEW,near-duplicate candidate matching existing TRAIN image,JPEG,1.333333,,False
Venomous/Spectacled Cobra/The_Common_Indian_Cobra_or_Spectacled_Cobra_23.JPG,The_Common_Indian_Cobra_or_Spectacled_Cobra_23.JPG,.jpg,Venomous,Spectacled Cobra,Venomous_Snake,3648,2736,RGB,1279017,a2f3457bedc90faa1a7acb6ec4ec35af9b090a03198c2c9a6744553b4d523b16,c0c26d2c3e2b3a7d,e1c8c9c9eaabe266,True,,,,True,TRAIN,False,NOT VERIFIED,DUPLICATE_REVIEW,near-duplicate candidate matching existing TRAIN image,JPEG,1.333333,,False
Venomous/Spectacled Cobra/The_Common_Indian_Cobra_or_Spectacled_Cobra_29.JPG,The_Common_Indian_Cobra_or_Spectacled_Cobra_29.JPG,.jpg,Venomous,Spectacled Cobra,Venomous_Snake,3648,2048,RGB,1843604,b38a4a426f8a83a82bed586ffdd3444d79e250318ad9334f4a10261a5f5a6acd,8e98ac8a912373df,f335b4caf869676a,True,,,,True,TRAIN,False,NOT VERIFIED,DUPLICATE_REVIEW,near-duplicate candidate matching existing TRAIN image,JPEG,1.78125,,False
Venomous/Spectacled Cobra/The_Common_Indian_Cobra_or_Spectacled_Cobra_30.JPG,The_Common_Indian_Cobra_or_Spectacled_Cobra_30.JPG,.jpg,Venomous,Spectacled Cobra,Venomous_Snake,3648,2736,RGB,1365791,115d184308f0f8d965205f2838569fb52dc68d253870188d961f4ced33ad8c83,9c89b8379cf9cc81,3262e376642c2e26,True,,,,True,TRAIN,False,NOT VERIFIED,DUPLICATE_REVIEW,near-duplicate candidate matching existing TRAIN image,JPEG,1.333333,,False
Venomous/Spectacled Cobra/The_Common_Indian_Cobra_or_Spectacled_Cobra_34.JPG,The_Common_Indian_Cobra_or_Spectacled_Cobra_34.JPG,.jpg,Venomous,Spectacled Cobra,Venomous_Snake,3648,2736,RGB,1236929,ef1b7475044777422bdf77a3b4b0d385a150843be3183b421b87520a473dc1c9,ef943cd3aac50b50,6366e6c34143c24b,True,,,,True,TRAIN,False,NOT VERIFIED,DUPLICATE_REVIEW,near-duplicate candidate matching existing TRAIN image,JPEG,1.333333,,False
Venomous/Spectacled Cobra/The_Common_Indian_Cobra_or_Spectacled_Cobra_35.JPG,The_Common_Indian_Cobra_or_Spectacled_Cobra_35.JPG,.jpg,Venomous,Spectacled Cobra,Venomous_Snake,3648,2736,RGB,1190145,016384bcf6b76fd521cbe548cfffdadc728d603db774d562bea6f97601bb4e6f,8fc37024f682c7d6,e47260606276353a,True,,,,True,TRAIN,False,NOT VERIFIED,DUPLICATE_REVIEW,near-duplicate candidate matching existing TRAIN image,JPEG,1.333333,,False
Venomous/Spectacled Cobra/tumblr_o07hjtgxd71r6bovho1_500.jpg,tumblr_o07hjtgxd71r6bovho1_500.jpg,.jpg,Venomous,Spectacled Cobra,Venomous_Snake,500,692,RGB,104851,92c6b9afbb541627b8385d30127e296d140639782527b089f9cfd6d139980e80,c887fb4dc90c8379,d3d9e4a6e1e53591,True,,NEAR0004,NEAR0004,True,TEST,True,NOT VERIFIED,LEAKAGE_RISK,near-duplicate candidate matching existing TEST image (HIGH_CONFIDENCE_NEAR_DUPLICATE),JPEG,0.722543,,False
Venomous/Spectacled Cobra/tumblr_oe91zzenDc1uckwggo1_500.jpg,tumblr_oe91zzenDc1uckwggo1_500.jpg,.jpg,Venomous,Spectacled Cobra,Venomous_Snake,500,333,RGB,28536,610e55203f3432e2b7950f8e215d89f85d7beccb154a6b179c16c9437088d070,f2828d7cb137c368,bd3d8d1d1c9c3494,True,,,,True,TRAIN,False,NOT VERIFIED,DUPLICATE_REVIEW,near-duplicate candidate matching existing TRAIN image,JPEG,1.501502,,False
Venomous/Spectacled Cobra/tumblr_os3eju0XZY1vraiwyo1_500.jpg,tumblr_os3eju0XZY1vraiwyo1_500.jpg,.jpg,Venomous,Spectacled Cobra,Venomous_Snake,500,366,RGB,46485,3c8db024e24b11ae5efa127dbd12d0e25474e5ee06a6b72bc3c76c24bfec0814,f1431d9d667883b2,10d1d1c5c5d13824,True,,,,True,TRAIN,False,NOT VERIFIED,DUPLICATE_REVIEW,near-duplicate candidate matching existing TRAIN image,JPEG,1.36612,,False
Venomous/Spectacled Cobra/x12185425.jpg,x12185425.jpg,.jpg,Venomous,Spectacled Cobra,Venomous_Snake,271,194,RGB,16447,66c562df06d1ab599e706f35e5e401e6c09fe547fac38ca7ffde4739205bf506,c95db40b9e61e516,72b0d2d371cb9eb6,True,,,,True,TRAIN,False,NOT VERIFIED,DUPLICATE_REVIEW,near-duplicate candidate matching existing TRAIN image,JPEG,1.396907,,False
Venomous/Spectacled Cobra/X5B3538.jpg,X5B3538.jpg,.jpg,Venomous,Spectacled Cobra,Venomous_Snake,900,600,RGB,424429,0ab569cc472365d5092fe12c33bb55deb04e8cc07b18e205d95aeae86b205f2c,976ec16499b23666,77636c3834dcdcd8,True,,,,False,,False,NOT VERIFIED,PROVENANCE_REVIEW,source provenance and training reuse rights not verified,JPEG,1.5,,False
Venomous/Spectacled Cobra/Young-Indian-cobra.jpg,Young-Indian-cobra.jpg,.jpg,Venomous,Spectacled Cobra,Venomous_Snake,650,433,RGB,69362,1d831700c4e945314b67a51b1b1146797b63d6f3bfc7b29d92fcb1ccce033615,ed183160bbf6e303,92b3c122e3a3064b,True,,,,True,TRAIN,False,NOT VERIFIED,DUPLICATE_REVIEW,exact match to existing TRAIN image,JPEG,1.501155,,False
Venomous/Spectacled Cobra/zoology-animals-reptiles-snakes-indian-cobra-naja-naja-two-snakes-b408gx.jpg,zoology-animals-reptiles-snakes-indian-cobra-naja-naja-two-snakes-b408gx.jpg,.jpg,Venomous,Spectacled Cobra,Venomous_Snake,640,454,RGB,93512,61763ed632cde85e6b59e4024d09630601ae490a33007a3d0ee7b31517d61c75,cd04f26bbd446f18,e0e8e0f2f2c3d0b8,True,,,,True,TRAIN,False,NOT VERIFIED,DUPLICATE_REVIEW,exact match to existing TRAIN image,JPEG,1.409692,,False
