relative_path,ground_truth,v1_predicted,v1_confidence,v1_top2_class,v1_top2_probability,v1_margin,v2_predicted,v2_confidence,v2_top2_class,v2_top2_probability,v2_margin,prediction_changed,v1_correct,v2_correct,v2_confidence_band,v2_uncertain
test/Cow/0002.jpg,Cow,Cow,0.9999998807907104,Elephant,1.2302241714223783e-07,0.9999997577682933,Cow,0.9999939203262329,Elephant,5.992785645503318e-06,0.9999879275405874,NO,YES,YES,HIGH,NO
test/Cow/0004.jpg,Cow,Cow,1.0,Deer,6.26356799759975e-10,0.9999999993736433,Cow,1.0,Deer,7.585747141547472e-09,0.9999999924142529,NO,YES,YES,HIGH,NO
test/Cow/0005.jpg,Cow,Cow,0.9999998807907104,Elephant,1.0352523105439104e-07,0.9999997772654794,Cow,0.9999991655349731,Elephant,6.597586548195977e-07,0.9999985057763183,NO,YES,YES,HIGH,NO
test/Cow/0006.jpg,Cow,Cow,1.0,Elephant,8.897795389373186e-09,0.9999999911022046,Cow,0.9999998807907104,Elephant,8.81333122038086e-08,0.9999997926573982,NO,YES,YES,HIGH,NO
test/Cow/0009.jpg,Cow,Cow,1.0,Deer,7.29567725676894e-11,0.9999999999270432,Cow,1.0,Deer,2.733070658678116e-09,0.9999999972669293,NO,YES,YES,HIGH,NO
test/Cow/0010.jpg,Cow,Cow,0.9999972581863403,Deer,2.756161165962112e-06,0.9999945020251744,Cow,0.9998291730880737,Deer,0.0001704814931144938,0.9996586915949592,NO,YES,YES,HIGH,NO
test/Cow/0011.jpg,Cow,Cow,1.0,Deer,6.725670020912844e-11,0.9999999999327434,Cow,1.0,Deer,2.5496116329293272e-09,0.9999999974503884,NO,YES,YES,HIGH,NO
test/Cow/0027.jpg,Cow,Cow,1.0,Elephant,4.0360642605818953e-10,0.9999999995963935,Cow,1.0,Elephant,8.402728290946015e-09,0.9999999915972717,NO,YES,YES,HIGH,NO
test/Cow/0032.jpg,Cow,Cow,1.0,Elephant,2.2523385379003003e-09,0.9999999977476615,Cow,0.9999996423721313,Elephant,2.3015346073407272e-07,0.9999994122186706,NO,YES,YES,HIGH,NO
test/Cow/0046.jpg,Cow,Cow,1.0,Deer,1.2743121224900733e-08,0.9999999872568788,Cow,0.9999992847442627,Deer,7.537110491284693e-07,0.9999985310332136,NO,YES,YES,HIGH,NO
test/Cow/0047.jpg,Cow,Cow,1.0,Deer,2.3628043965828738e-09,0.9999999976371956,Cow,0.9999998807907104,Deer,1.2498142609729257e-07,0.9999997558092844,NO,YES,YES,HIGH,NO
test/Cow/0049.jpg,Cow,Cow,1.0,Deer,1.951328343352543e-08,0.9999999804867166,Cow,0.9999948740005493,Deer,5.139289442013251e-06,0.9999897347111073,NO,YES,YES,HIGH,NO
test/Cow/0071.jpg,Cow,Cow,1.0,Elephant,1.2334318455486937e-08,0.9999999876656815,Cow,0.9999994039535522,Elephant,5.64926267543342e-07,0.9999988390272847,NO,YES,YES,HIGH,NO
test/Cow/0096.jpg,Cow,Cow,0.9999998807907104,Deer,9.35069195406868e-08,0.9999997872837909,Cow,0.9999878406524658,Deer,1.22039837151533e-05,0.9999756366687507,NO,YES,YES,HIGH,NO
test/Cow/0111.jpg,Cow,Cow,1.0,Elephant,3.1105664710651126e-09,0.9999999968894335,Cow,0.9999998807907104,Elephant,7.919440037085224e-08,0.9999998015963101,NO,YES,YES,HIGH,NO
test/Cow/0115.jpg,Cow,Cow,0.9996345043182373,Deer,0.0003538824093993753,0.9992806219088379,Cow,0.9966968297958374,Deer,0.002885086229071021,0.9938117435667664,NO,YES,YES,HIGH,NO
test/Cow/0116.jpg,Cow,Cow,0.999998927116394,Elephant,7.793993859195325e-07,0.9999981477170081,Cow,0.9999754428863525,Elephant,2.3284484996111132e-05,0.9999521584013564,NO,YES,YES,HIGH,NO
test/Cow/0118.jpg,Cow,Cow,0.999983549118042,Elephant,1.3421687071968336e-05,0.99997012743097,Cow,0.9999655485153198,Elephant,2.641029095684644e-05,0.999939138224363,NO,YES,YES,HIGH,NO
test/Cow/0123.jpg,Cow,Cow,1.0,Elephant,3.477012811003988e-08,0.9999999652298719,Cow,0.9999997615814209,Elephant,1.8620950470449316e-07,0.9999995753719162,NO,YES,YES,HIGH,NO
test/Cow/0127.jpg,Cow,Cow,0.9994781613349915,Elephant,0.0005145668983459473,0.9989635944366455,Cow,0.9911865592002869,Elephant,0.008757080882787704,0.9824294783174992,NO,YES,YES,HIGH,NO
test/Cow/0135.jpg,Cow,Cow,1.0,Elephant,1.7085421077922547e-08,0.9999999829145789,Cow,0.9999996423721313,Elephant,3.930777268124075e-07,0.9999992492944045,NO,YES,YES,HIGH,NO
test/Cow/0164.jpg,Cow,Cow,0.9939190149307251,Deer,0.006079843267798424,0.9878391716629267,Cow,0.9719226360321045,Deer,0.028063150122761726,0.9438594859093428,NO,YES,YES,HIGH,NO
test/Cow/0201.jpg,Cow,Cow,1.0,Elephant,6.550138209604484e-11,0.9999999999344986,Cow,1.0,Elephant,3.550394200857454e-09,0.9999999964496058,NO,YES,YES,HIGH,NO
test/Cow/0220.jpg,Cow,Cow,1.0,Deer,3.069508189290637e-11,0.9999999999693049,Cow,1.0,Deer,2.12591366732795e-08,0.9999999787408633,NO,YES,YES,HIGH,NO
test/Cow/0222.jpg,Cow,Cow,1.0,Elephant,1.6694692295260438e-09,0.9999999983305308,Cow,1.0,Elephant,5.820422366298317e-09,0.9999999941795776,NO,YES,YES,HIGH,NO
test/Cow/0226.jpg,Cow,Cow,1.0,Elephant,8.562754949537066e-09,0.999999991437245,Cow,0.9999997615814209,Elephant,2.402325662842486e-07,0.9999995213488546,NO,YES,YES,HIGH,NO
test/Cow/0247.jpg,Cow,Cow,1.0,Elephant,1.6783737732950499e-09,0.9999999983216262,Cow,1.0,Elephant,1.5907058781294836e-08,0.9999999840929412,NO,YES,YES,HIGH,NO
test/Cow/0258.jpg,Cow,Cow,0.9999994039535522,Elephant,5.865224466106156e-07,0.9999988174311056,Cow,0.9999645948410034,Elephant,3.5451324947644025e-05,0.9999291435160558,NO,YES,YES,HIGH,NO
test/Cow/0274.jpg,Cow,Cow,0.9999996423721313,Wild_Boar,1.8977586080382025e-07,0.9999994525962705,Cow,0.9997518658638,Wild_Boar,0.00020681522437371314,0.9995450506394263,NO,YES,YES,HIGH,NO
test/Cow/0285.jpg,Cow,Cow,0.9999998807907104,Deer,6.536144780966424e-08,0.9999998154292626,Cow,0.9999979734420776,Deer,1.1017098131560488e-06,0.9999968717322645,NO,YES,YES,HIGH,NO
test/Cow/0288.jpg,Cow,Cow,0.999993085861206,Deer,4.612367774825543e-06,0.9999884734934312,Cow,0.9999115467071533,Deer,6.040699008735828e-05,0.999851139717066,NO,YES,YES,HIGH,NO
test/Cow/0306.jpg,Cow,Cow,0.9999905824661255,Elephant,7.736216502962634e-06,0.9999828462496225,Cow,0.9999830722808838,Elephant,9.458392923988868e-06,0.9999736138879598,NO,YES,YES,HIGH,NO
test/Cow/0329.jpg,Cow,Cow,1.0,Wild_Boar,3.0592114952376903e-10,0.9999999996940788,Cow,1.0,Wild_Boar,1.101108271228668e-08,0.9999999889889173,NO,YES,YES,HIGH,NO
test/Cow/0349.jpg,Cow,Cow,1.0,Elephant,2.1897575766538502e-11,0.9999999999781024,Cow,1.0,Elephant,9.243913967615924e-10,0.9999999990756085,NO,YES,YES,HIGH,NO
test/Cow/0350.jpg,Cow,Cow,1.0,Elephant,1.1714887726554934e-08,0.9999999882851123,Cow,0.9999996423721313,Elephant,3.140507374155277e-07,0.9999993283213939,NO,YES,YES,HIGH,NO
test/Cow/0373.jpg,Cow,Cow,1.0,Elephant,2.293343071002596e-09,0.9999999977066569,Cow,0.9999998807907104,Elephant,9.810736401050235e-08,0.9999997826833464,NO,YES,YES,HIGH,NO
test/Cow/0375.jpg,Cow,Cow,0.9999665021896362,Wild_Boar,2.0326404410297982e-05,0.9999461757852259,Cow,0.9997778534889221,Wild_Boar,0.00015651696594431996,0.9996213365229778,NO,YES,YES,HIGH,NO
test/Cow/0382.jpg,Cow,Cow,1.0,Deer,3.435487228031775e-09,0.9999999965645128,Cow,0.9999998807907104,Elephant,5.6532726944169553e-08,0.9999998242579835,NO,YES,YES,HIGH,NO
test/Cow/0394.jpg,Cow,Cow,1.0,Deer,1.020552739539049e-10,0.9999999998979447,Cow,1.0,Elephant,1.2899851853376276e-08,0.9999999871001481,NO,YES,YES,HIGH,NO
test/Deer/0022.jpg,Deer,Deer,1.0,Cow,4.4983799796227686e-08,0.9999999550162002,Deer,1.0,Cow,1.0075392964381535e-08,0.999999989924607,NO,YES,YES,HIGH,NO
test/Deer/0023.jpg,Deer,Deer,0.9999990463256836,Cow,8.81031041899405e-07,0.9999981652946417,Deer,1.0,Cow,4.40015490710266e-08,0.9999999559984509,NO,YES,YES,HIGH,NO
test/Deer/0034.jpg,Deer,Deer,0.999977707862854,Venomous_Snake,1.9518758563208394e-05,0.9999581891042908,Deer,0.9999885559082031,Venomous_Snake,1.135945876740152e-05,0.9999771964494357,NO,YES,YES,HIGH,NO
test/Deer/0037.jpg,Deer,Deer,0.9999998807907104,Cow,1.560668749789329e-07,0.9999997247238355,Deer,1.0,Cow,2.113005770354448e-08,0.9999999788699423,NO,YES,YES,HIGH,NO
test/Deer/0038.jpg,Deer,Deer,0.9999961853027344,Cow,2.7673413569573313e-06,0.9999934179613774,Deer,0.9999881982803345,Cow,8.720416190044489e-06,0.9999794778641444,NO,YES,YES,HIGH,NO
test/Deer/0047.jpg,Deer,Deer,0.999925971031189,Cow,7.325220212806016e-05,0.9998527188290609,Deer,0.9999325275421143,Cow,6.5948064730037e-05,0.9998665794773842,NO,YES,YES,HIGH,NO
test/Deer/0049.jpg,Deer,Deer,1.0,Cow,1.2689974626667322e-09,0.9999999987310025,Deer,1.0,Cow,4.271885276074805e-11,0.9999999999572812,NO,YES,YES,HIGH,NO
test/Deer/0066.jpg,Deer,Deer,0.9999344348907471,Cow,6.542293704114854e-05,0.9998690119537059,Deer,0.9999598264694214,Cow,3.981872941949405e-05,0.9999200077400019,NO,YES,YES,HIGH,NO
test/Deer/0081.jpg,Deer,Deer,1.0,Cow,1.9037447174241606e-09,0.9999999980962553,Deer,1.0,Venomous_Snake,1.7856785494707594e-10,0.9999999998214322,NO,YES,YES,HIGH,NO
test/Deer/0085.jpg,Deer,Deer,1.0,Cow,1.6575131545071287e-10,0.9999999998342487,Deer,1.0,Venomous_Snake,1.5988149389481454e-12,0.9999999999984012,NO,YES,YES,HIGH,NO
test/Deer/0099.jpg,Deer,Deer,1.0,Cow,4.693687927215251e-08,0.9999999530631207,Deer,1.0,Cow,9.253585453450341e-09,0.9999999907464145,NO,YES,YES,HIGH,NO
test/Deer/0100.jpg,Deer,Deer,0.9999998807907104,Cow,8.808878249055851e-08,0.999999792701928,Deer,1.0,Cow,9.893793340154389e-09,0.9999999901062067,NO,YES,YES,HIGH,NO
test/Deer/0104.jpg,Deer,Deer,1.0,Venomous_Snake,1.86178912287005e-08,0.9999999813821088,Deer,1.0,Venomous_Snake,2.6750432424726966e-10,0.9999999997324956,NO,YES,YES,HIGH,NO
test/Deer/0112.jpg,Deer,Deer,0.982826292514801,Wild_Boar,0.014735253527760506,0.9680910389870405,Deer,0.8707361817359924,Wild_Boar,0.11949073523283005,0.7512454465031624,NO,YES,YES,HIGH,NO
test/Deer/0126.jpg,Deer,Deer,1.0,Cow,2.5337358877663974e-08,0.9999999746626411,Deer,0.9999998807907104,Cow,6.003295283107946e-08,0.9999998207577576,NO,YES,YES,HIGH,NO
test/Deer/0130.jpg,Deer,Deer,0.9999992847442627,Wild_Boar,6.767583613509487e-07,0.9999986079859013,Deer,0.9999998807907104,Wild_Boar,1.7437470489767293e-07,0.9999997064160056,NO,YES,YES,HIGH,NO
test/Deer/0133.jpg,Deer,Deer,0.9998630285263062,Wild_Boar,0.000136702845338732,0.9997263256809674,Deer,0.9999855756759644,Wild_Boar,1.4420754268940073e-05,0.9999711549216954,NO,YES,YES,HIGH,NO
test/Deer/0152.jpg,Deer,Deer,0.9999969005584717,Wild_Boar,1.5793834791111294e-06,0.9999953211749926,Deer,0.9999946355819702,Wild_Boar,4.7512148739770055e-06,0.9999898843670962,NO,YES,YES,HIGH,NO
test/Deer/0155.jpg,Deer,Deer,1.0,Wild_Boar,1.1036145330933778e-08,0.9999999889638547,Deer,1.0,Wild_Boar,2.292398493253245e-09,0.9999999977076015,NO,YES,YES,HIGH,NO
test/Deer/0174.jpg,Deer,Deer,0.9999305009841919,Cow,6.952455441933125e-05,0.9998609764297726,Deer,0.9999904632568359,Cow,9.499549378233496e-06,0.9999809637074577,NO,YES,YES,HIGH,NO
test/Deer/0181.jpg,Deer,Deer,0.9999212026596069,Wild_Boar,7.341556920437142e-05,0.9998477870904026,Deer,0.9999494552612305,Wild_Boar,5.023469202569686e-05,0.9998992205692048,NO,YES,YES,HIGH,NO
test/Deer/0185.jpg,Deer,Deer,0.9999984502792358,Cow,1.30759644889622e-06,0.9999971426827869,Deer,0.9999998807907104,Cow,4.653635699014558e-08,0.9999998342543535,NO,YES,YES,HIGH,NO
test/Deer/0188.jpg,Deer,Deer,0.999998927116394,Cow,1.0963226486637723e-06,0.9999978307937454,Deer,1.0,Cow,1.2357749490377046e-08,0.9999999876422505,NO,YES,YES,HIGH,NO
test/Deer/0198.jpg,Deer,Deer,0.9999980926513672,Monkey,1.4130799854683573e-06,0.9999966795713817,Deer,0.9999902248382568,Monkey,9.641251381253824e-06,0.9999805835868756,NO,YES,YES,HIGH,NO
test/Deer/0200.jpg,Deer,Deer,0.9999637603759766,Cow,3.5687658964889124e-05,0.9999280727170117,Deer,0.9999983310699463,Cow,1.2890241123386659e-06,0.999997042045834,NO,YES,YES,HIGH,NO
test/Deer/0205.jpg,Deer,Deer,0.9999988079071045,Cow,1.2033974599034991e-06,0.9999976045096446,Deer,1.0,Cow,5.4956346140500045e-09,0.9999999945043654,NO,YES,YES,HIGH,NO
test/Deer/0206.jpg,Deer,Deer,0.9999997615814209,Non_Venomous_Snake,1.575010486476458e-07,0.9999996040803723,Deer,1.0,Non_Venomous_Snake,3.2163185892386537e-08,0.9999999678368141,NO,YES,YES,HIGH,NO
test/Deer/0238.jpg,Deer,Deer,1.0,Wild_Boar,2.3337150878433022e-08,0.9999999766628491,Deer,1.0,Wild_Boar,1.957821238462998e-09,0.9999999980421788,NO,YES,YES,HIGH,NO
test/Deer/0265.jpg,Deer,Deer,0.9999971389770508,Monkey,2.7975436296401313e-06,0.9999943414334211,Deer,0.9999672174453735,Monkey,3.2701358577469364e-05,0.9999345160867961,NO,YES,YES,HIGH,NO
test/Deer/0267.jpg,Deer,Deer,0.9999897480010986,Monkey,9.676138688519131e-06,0.9999800718624101,Deer,0.9998960494995117,Monkey,0.00010342997120460495,0.9997926195283071,NO,YES,YES,HIGH,NO
test/Deer/0271.jpg,Deer,Deer,1.0,Cow,1.944617643995228e-12,0.9999999999980553,Deer,1.0,Cow,2.353300659809626e-13,0.9999999999997646,NO,YES,YES,HIGH,NO
test/Deer/0277.jpg,Deer,Wild_Boar,0.992294192314148,Elephant,0.005822980776429176,0.9864712115377188,Wild_Boar,0.9978356957435608,Elephant,0.001960364868864417,0.9958753308746964,NO,NO,NO,HIGH,NO
test/Deer/0279.jpg,Deer,Deer,0.999996542930603,Monkey,3.5134373774781125e-06,0.9999930294932255,Deer,0.9999995231628418,Monkey,5.281091830511286e-07,0.9999989950536587,NO,YES,YES,HIGH,NO
test/Deer/0286.jpg,Deer,Venomous_Snake,0.5971245765686035,Wild_Boar,0.3060756325721741,0.29104894399642944,Venomous_Snake,0.5646397471427917,Wild_Boar,0.35452139377593994,0.2101183533668518,NO,NO,NO,LOW,YES
test/Deer/0288.jpg,Deer,Deer,0.9999943971633911,Non_Venomous_Snake,5.091964339953847e-06,0.9999893051990512,Deer,1.0,Non_Venomous_Snake,4.437110945332279e-08,0.9999999556288905,NO,YES,YES,HIGH,NO
test/Deer/0294.jpg,Deer,Deer,0.9998326301574707,Cow,0.00016720907296985388,0.9996654210845008,Deer,0.9999996423721313,Cow,3.2415084660897264e-07,0.9999993182212847,NO,YES,YES,HIGH,NO
test/Deer/0309.jpg,Deer,Deer,0.9999983310699463,Wild_Boar,1.658403789406293e-06,0.9999966726661569,Deer,0.9999996423721313,Wild_Boar,3.424665351303702e-07,0.9999992999055962,NO,YES,YES,HIGH,NO
test/Deer/0314.jpg,Deer,Deer,1.0,Cow,1.0040957398871342e-08,0.9999999899590426,Deer,1.0,Cow,1.4414663906947567e-09,0.9999999985585336,NO,YES,YES,HIGH,NO
test/Deer/0316.jpg,Deer,Deer,0.9999901056289673,Venomous_Snake,9.058635441760998e-06,0.9999810469935255,Deer,0.9999997615814209,Venomous_Snake,1.9810464380043413e-07,0.9999995634767771,NO,YES,YES,HIGH,NO
test/Deer/0326.jpg,Deer,Deer,0.9999998807907104,Non_Venomous_Snake,8.107274851454349e-08,0.9999997997179619,Deer,1.0,Non_Venomous_Snake,4.650146934181976e-09,0.9999999953498531,NO,YES,YES,HIGH,NO
test/Deer/0328.jpg,Deer,Deer,0.9999995231628418,Cow,4.962925004292629e-07,0.9999990268703414,Deer,1.0,Cow,1.0994797072783058e-08,0.9999999890052029,NO,YES,YES,HIGH,NO
test/Deer/0330.jpg,Deer,Deer,0.9999996423721313,Cow,3.391917573480896e-07,0.999999303180374,Deer,1.0,Cow,7.574412208555259e-09,0.9999999924255878,NO,YES,YES,HIGH,NO
test/Deer/0341.jpg,Deer,Deer,1.0,Venomous_Snake,1.338448729626407e-08,0.9999999866155127,Deer,1.0,Monkey,1.8225083664447084e-08,0.9999999817749163,NO,YES,YES,HIGH,NO
test/Deer/0359.jpg,Deer,Deer,0.9999998807907104,Cow,1.1629492036036027e-07,0.9999997644957901,Deer,1.0,Cow,5.189080809486768e-08,0.9999999481091919,NO,YES,YES,HIGH,NO
test/Deer/0378.jpg,Deer,Deer,0.9999973773956299,Non_Venomous_Snake,1.509569187874149e-06,0.999995867826442,Deer,0.9999916553497314,Monkey,2.9605976124003064e-06,0.999988694752119,NO,YES,YES,HIGH,NO
test/Deer/0402.jpg,Deer,Deer,0.9862104058265686,Cow,0.01378935482352972,0.9724210510030389,Deer,0.9959264993667603,Cow,0.004073140677064657,0.9918533586896956,NO,YES,YES,HIGH,NO
test/Deer/0404.jpg,Deer,Deer,0.8420329689979553,Elephant,0.14657513797283173,0.6954578310251236,Deer,0.8305599093437195,Elephant,0.1655295491218567,0.6650303602218628,NO,YES,YES,HIGH,NO
test/Deer/0417.jpg,Deer,Deer,1.0,Cow,3.5882663507180723e-09,0.9999999964117336,Deer,1.0,Wild_Boar,2.746965155342451e-10,0.9999999997253035,NO,YES,YES,HIGH,NO
test/Deer/0432.jpg,Deer,Deer,1.0,Non_Venomous_Snake,5.306933364979116e-11,0.9999999999469307,Deer,1.0,Venomous_Snake,2.6168342666388344e-12,0.9999999999973832,NO,YES,YES,HIGH,NO
test/Deer/0438.jpg,Deer,Deer,1.0,Cow,3.8897476350996385e-09,0.9999999961102524,Deer,1.0,Cow,3.195578177073166e-11,0.9999999999680442,NO,YES,YES,HIGH,NO
test/Deer/0445.jpg,Deer,Deer,0.9997598528862,Cow,0.00024011412460822612,0.9995197387615917,Deer,0.999996542930603,Cow,3.4379877433821093e-06,0.9999931049428596,NO,YES,YES,HIGH,NO
test/Deer/0447.jpg,Deer,Deer,0.9999619722366333,Cow,3.799258774961345e-05,0.9999239796488837,Deer,0.9999797344207764,Cow,2.020842111960519e-05,0.9999595259996568,NO,YES,YES,HIGH,NO
test/Deer/0456.jpg,Deer,Deer,1.0,Cow,2.0314394610920772e-10,0.999999999796856,Deer,1.0,Venomous_Snake,2.978764153740987e-12,0.9999999999970213,NO,YES,YES,HIGH,NO
test/Deer/0459.jpg,Deer,Deer,0.9998620748519897,Wild_Boar,0.00012934622645843774,0.9997327286255313,Deer,0.9984954595565796,Wild_Boar,0.0014913571067154408,0.9970041024498641,NO,YES,YES,HIGH,NO
test/Deer/0473.jpg,Deer,Deer,0.9999986886978149,Wild_Boar,7.50206027078093e-07,0.9999979384917879,Deer,0.9999980926513672,Wild_Boar,1.6696770899216062e-06,0.9999964229742773,NO,YES,YES,HIGH,NO
test/Deer/0486.jpg,Deer,Deer,0.9999998807907104,Cow,1.3185960767714278e-07,0.9999997489311028,Deer,1.0,Cow,2.2638481311787473e-08,0.9999999773615187,NO,YES,YES,HIGH,NO
test/Deer/0490.jpg,Deer,Deer,0.997359573841095,Wild_Boar,0.002637250116094947,0.994722323725,Deer,0.9933866858482361,Wild_Boar,0.006612504366785288,0.9867741814814508,NO,YES,YES,HIGH,NO
test/Deer/0491.jpg,Deer,Deer,0.999998927116394,Cow,1.053405526363349e-06,0.9999978737108677,Deer,0.9999995231628418,Cow,3.214893240510719e-07,0.9999992016735177,NO,YES,YES,HIGH,NO
test/Deer/0496.jpg,Deer,Deer,0.9818508625030518,Wild_Boar,0.008316989056766033,0.9735338734462857,Deer,0.9737617373466492,Wild_Boar,0.021614644676446915,0.9521470926702023,NO,YES,YES,HIGH,NO
test/Deer/0510.jpg,Deer,Deer,0.9999997615814209,Wild_Boar,8.238023241347037e-08,0.9999996792011885,Deer,0.9999996423721313,Venomous_Snake,1.8202419482804544e-07,0.9999994603479365,NO,YES,YES,HIGH,NO
test/Deer/0518.jpg,Deer,Deer,1.0,Cow,2.1255001314557376e-08,0.9999999787449987,Deer,1.0,Cow,7.255025913366353e-09,0.9999999927449741,NO,YES,YES,HIGH,NO
test/Deer/0530.jpg,Deer,Deer,0.9999574422836304,Cow,4.253739462001249e-05,0.9999149048890104,Deer,0.9999921321868896,Cow,7.805117093084846e-06,0.9999843270697966,NO,YES,YES,HIGH,NO
test/Deer/0566.jpg,Deer,Deer,0.999614953994751,Wild_Boar,0.0003667377168312669,0.9992482162779197,Deer,0.9987953901290894,Wild_Boar,0.0011973752407357097,0.9975980148883536,NO,YES,YES,HIGH,NO
test/Deer/0567.jpg,Deer,Deer,1.0,Cow,1.4097550682379278e-08,0.9999999859024493,Deer,1.0,Cow,2.1076603573533248e-08,0.9999999789233964,NO,YES,YES,HIGH,NO
test/Deer/0568.jpg,Deer,Deer,0.9999353885650635,Cow,6.298626976786181e-05,0.9998724022952956,Deer,0.9999994039535522,Wild_Boar,4.105370123852481e-07,0.9999989934165399,NO,YES,YES,HIGH,NO
test/Deer/0575.jpg,Deer,Deer,0.9999924898147583,Cow,7.544319032604108e-06,0.9999849454957257,Deer,0.9999991655349731,Cow,8.47532305670029e-07,0.9999983180026675,NO,YES,YES,HIGH,NO
test/Deer/0600.jpg,Deer,Deer,1.0,Monkey,9.726258021203193e-09,0.999999990273742,Deer,1.0,Monkey,1.8229942000402843e-09,0.9999999981770058,NO,YES,YES,HIGH,NO
test/Deer/0614.jpg,Deer,Deer,0.999835729598999,Cow,0.00016409560339525342,0.9996716339956038,Deer,0.9998989105224609,Cow,9.973635314963758e-05,0.9997991741693113,NO,YES,YES,HIGH,NO
test/Deer/0663.jpg,Deer,Deer,1.0,Cow,2.7226137788716187e-08,0.9999999727738622,Deer,1.0,Cow,1.504648849959267e-08,0.9999999849535115,NO,YES,YES,HIGH,NO
test/Deer/0675.jpg,Deer,Deer,1.0,Cow,7.809098256927882e-09,0.9999999921909017,Deer,1.0,Cow,3.145378624225259e-09,0.9999999968546214,NO,YES,YES,HIGH,NO
test/Deer/0690.jpg,Deer,Deer,0.9999942779541016,Cow,4.5415017666528e-06,0.9999897364523349,Deer,0.9999710321426392,Cow,1.21140055853175e-05,0.9999589181370538,NO,YES,YES,HIGH,NO
test/Deer/0720.jpg,Deer,Deer,1.0,Cow,4.313560619806367e-11,0.9999999999568644,Deer,1.0,Venomous_Snake,1.0168547427691355e-11,0.9999999999898315,NO,YES,YES,HIGH,NO
test/Elephant/0004.jpg,Elephant,Elephant,1.0,Cow,1.4620528399067467e-10,0.9999999998537947,Elephant,1.0,Wild_Boar,3.9915160066072986e-10,0.9999999996008484,NO,YES,YES,HIGH,NO
test/Elephant/0010.jpg,Elephant,Elephant,1.0,Wild_Boar,1.288042450475757e-09,0.9999999987119575,Elephant,1.0,Venomous_Snake,2.565303969248589e-09,0.999999997434696,NO,YES,YES,HIGH,NO
test/Elephant/0016.jpg,Elephant,Elephant,1.0,Venomous_Snake,1.4106722900919522e-08,0.9999999858932771,Elephant,0.9999998807907104,Venomous_Snake,9.515223808875817e-08,0.9999997856384724,NO,YES,YES,HIGH,NO
test/Elephant/0022.jpg,Elephant,Elephant,1.0,Wild_Boar,1.802505034120827e-09,0.999999998197495,Elephant,1.0,Wild_Boar,4.750590143487443e-09,0.9999999952494099,NO,YES,YES,HIGH,NO
test/Elephant/0027.jpg,Elephant,Elephant,1.0,Wild_Boar,1.1668787047725004e-09,0.9999999988331213,Elephant,1.0,Wild_Boar,2.417411604227482e-09,0.9999999975825884,NO,YES,YES,HIGH,NO
test/Elephant/0054.jpg,Elephant,Elephant,1.0,Non_Venomous_Snake,1.4094916345186448e-08,0.9999999859050837,Elephant,1.0,Venomous_Snake,5.65577558120367e-08,0.9999999434422442,NO,YES,YES,HIGH,NO
test/Elephant/0104.jpg,Elephant,Elephant,1.0,Wild_Boar,1.7215777248225095e-08,0.9999999827842228,Elephant,1.0,Wild_Boar,2.7324357887437145e-08,0.9999999726756421,NO,YES,YES,HIGH,NO
test/Elephant/0110.jpg,Elephant,Elephant,1.0,Wild_Boar,1.7376304839444856e-08,0.9999999826236952,Elephant,1.0,Wild_Boar,1.2726628639825321e-08,0.9999999872733714,NO,YES,YES,HIGH,NO
test/Elephant/0136.jpg,Elephant,Elephant,1.0,Wild_Boar,8.304627208133297e-09,0.9999999916953728,Elephant,1.0,Wild_Boar,1.2633226909031237e-08,0.9999999873667731,NO,YES,YES,HIGH,NO
test/Elephant/0149.jpg,Elephant,Elephant,1.0,Wild_Boar,1.2727352505237377e-09,0.9999999987272647,Elephant,1.0,Wild_Boar,1.1588827675268476e-09,0.9999999988411172,NO,YES,YES,HIGH,NO
test/Elephant/0162.jpg,Elephant,Elephant,1.0,Wild_Boar,2.256726006066856e-08,0.9999999774327399,Elephant,1.0,Wild_Boar,9.7162269341311e-09,0.9999999902837731,NO,YES,YES,HIGH,NO
test/Elephant/0168.jpg,Elephant,Elephant,0.9999978542327881,Wild_Boar,1.512626340627321e-06,0.9999963416064475,Elephant,0.9999943971633911,Venomous_Snake,2.8501319775386946e-06,0.9999915470314136,NO,YES,YES,HIGH,NO
test/Elephant/0177.jpg,Elephant,Elephant,0.9999830722808838,Wild_Boar,1.6894357031560503e-05,0.9999661779238522,Elephant,0.9992793202400208,Wild_Boar,0.0007206870359368622,0.9985586332040839,NO,YES,YES,HIGH,NO
test/Elephant/0178.jpg,Elephant,Elephant,1.0,Venomous_Snake,1.237254881880645e-10,0.9999999998762745,Elephant,1.0,Non_Venomous_Snake,1.8410832580695313e-10,0.9999999998158917,NO,YES,YES,HIGH,NO
test/Elephant/0182.jpg,Elephant,Elephant,1.0,Wild_Boar,2.7739401886606174e-09,0.9999999972260598,Elephant,1.0,Wild_Boar,1.2347378675059417e-09,0.9999999987652621,NO,YES,YES,HIGH,NO
test/Elephant/0209.jpg,Elephant,Elephant,1.0,Wild_Boar,4.0071661544516246e-08,0.9999999599283385,Elephant,1.0,Wild_Boar,1.8491407516307845e-08,0.9999999815085925,NO,YES,YES,HIGH,NO
test/Elephant/0217.jpg,Elephant,Elephant,1.0,Wild_Boar,1.8873477780623205e-10,0.9999999998112652,Elephant,1.0,Wild_Boar,1.6550426307215815e-10,0.9999999998344957,NO,YES,YES,HIGH,NO
test/Elephant/0226.jpg,Elephant,Elephant,1.0,Venomous_Snake,9.966638181424514e-09,0.9999999900333618,Elephant,1.0,Venomous_Snake,3.216956656615366e-08,0.9999999678304334,NO,YES,YES,HIGH,NO
test/Elephant/0237.jpg,Elephant,Elephant,1.0,Venomous_Snake,5.945201220214358e-09,0.9999999940547988,Elephant,1.0,Venomous_Snake,4.466243197498443e-08,0.999999955337568,NO,YES,YES,HIGH,NO
test/Elephant/0249.jpg,Elephant,Elephant,1.0,Wild_Boar,5.513525191958024e-09,0.9999999944864748,Elephant,1.0,Venomous_Snake,2.6497266603087155e-08,0.9999999735027334,NO,YES,YES,HIGH,NO
test/Elephant/0262.jpg,Elephant,Elephant,1.0,Wild_Boar,4.101873701811698e-11,0.9999999999589813,Elephant,1.0,Venomous_Snake,2.141682248213428e-10,0.9999999997858318,NO,YES,YES,HIGH,NO
test/Elephant/0294.jpg,Elephant,Elephant,0.9999998807907104,Wild_Boar,6.78985543345334e-08,0.9999998128921561,Elephant,1.0,Wild_Boar,5.389413360035178e-08,0.9999999461058664,NO,YES,YES,HIGH,NO
test/Elephant/0303.jpg,Elephant,Elephant,1.0,Venomous_Snake,4.5282180782812986e-11,0.9999999999547178,Elephant,1.0,Venomous_Snake,1.1723375603622799e-09,0.9999999988276624,NO,YES,YES,HIGH,NO
test/Elephant/0305.jpg,Elephant,Elephant,1.0,Wild_Boar,1.7726889955937963e-09,0.999999998227311,Elephant,1.0,Wild_Boar,2.755205397164673e-09,0.9999999972447946,NO,YES,YES,HIGH,NO
test/Elephant/0315.jpg,Elephant,Elephant,1.0,Wild_Boar,3.300231962710676e-11,0.9999999999669977,Elephant,1.0,Cow,9.09400194037957e-11,0.99999999990906,NO,YES,YES,HIGH,NO
test/Elephant/0322.jpg,Elephant,Elephant,1.0,Wild_Boar,9.46302325388615e-09,0.9999999905369767,Elephant,1.0,Wild_Boar,3.014762839370633e-08,0.9999999698523716,NO,YES,YES,HIGH,NO
test/Elephant/0329.jpg,Elephant,Elephant,1.0,Wild_Boar,2.6654109475110488e-11,0.9999999999733459,Elephant,1.0,Venomous_Snake,8.187634598089133e-11,0.9999999999181236,NO,YES,YES,HIGH,NO
test/Elephant/0356.jpg,Elephant,Elephant,1.0,Wild_Boar,2.2726465154221387e-09,0.9999999977273535,Elephant,1.0,Venomous_Snake,2.3484314493060765e-09,0.9999999976515686,NO,YES,YES,HIGH,NO
test/Elephant/0367.jpg,Elephant,Elephant,1.0,Wild_Boar,1.6912446554329108e-08,0.9999999830875534,Elephant,1.0,Wild_Boar,1.1296416246864283e-08,0.9999999887035838,NO,YES,YES,HIGH,NO
test/Elephant/0385.jpg,Elephant,Elephant,1.0,Wild_Boar,3.3699192325542526e-09,0.9999999966300808,Elephant,1.0,Wild_Boar,4.146391674453298e-09,0.9999999958536083,NO,YES,YES,HIGH,NO
test/Elephant/0386.jpg,Elephant,Elephant,1.0,Non_Venomous_Snake,1.593770093677449e-08,0.9999999840622991,Elephant,1.0,Non_Venomous_Snake,4.58950610848774e-09,0.9999999954104939,NO,YES,YES,HIGH,NO
test/Elephant/0395.jpg,Elephant,Elephant,1.0,Wild_Boar,2.899510853637821e-09,0.9999999971004891,Elephant,1.0,Wild_Boar,6.525641360610734e-09,0.9999999934743586,NO,YES,YES,HIGH,NO
test/Elephant/0397.jpg,Elephant,Elephant,1.0,Wild_Boar,2.1790116377928825e-08,0.9999999782098836,Elephant,1.0,Venomous_Snake,1.0251386406423535e-08,0.9999999897486136,NO,YES,YES,HIGH,NO
test/Elephant/0401.jpg,Elephant,Elephant,1.0,Venomous_Snake,2.3387883296699385e-10,0.9999999997661212,Elephant,1.0,Venomous_Snake,4.801766206874447e-10,0.9999999995198234,NO,YES,YES,HIGH,NO
test/Elephant/0413.jpg,Elephant,Elephant,1.0,Wild_Boar,1.5838939049217515e-08,0.999999984161061,Elephant,1.0,Venomous_Snake,4.083434390622642e-08,0.9999999591656561,NO,YES,YES,HIGH,NO
test/Elephant/0417.jpg,Elephant,Elephant,1.0,Wild_Boar,4.1633054337353315e-08,0.9999999583669457,Elephant,1.0,Wild_Boar,5.542945658021381e-08,0.9999999445705434,NO,YES,YES,HIGH,NO
test/Elephant/0435.jpg,Elephant,Elephant,1.0,Venomous_Snake,5.677324388386751e-09,0.9999999943226756,Elephant,1.0,Wild_Boar,1.9908435788806855e-08,0.9999999800915642,NO,YES,YES,HIGH,NO
test/Elephant/0440.jpg,Elephant,Elephant,0.9999996423721313,Venomous_Snake,1.7119204187565629e-07,0.9999994711800895,Elephant,0.9999995231628418,Venomous_Snake,4.1273779061157256e-07,0.9999991104250512,NO,YES,YES,HIGH,NO
test/Elephant/0446.jpg,Elephant,Elephant,1.0,Wild_Boar,1.373001445870159e-08,0.9999999862699855,Elephant,1.0,Wild_Boar,1.4656757585385094e-08,0.9999999853432424,NO,YES,YES,HIGH,NO
test/Elephant/0447.jpg,Elephant,Elephant,0.9999997615814209,Cow,1.1603025029671699e-07,0.9999996455511706,Elephant,0.9999992847442627,Cow,5.059095542492287e-07,0.9999987788347084,NO,YES,YES,HIGH,NO
test/Elephant/0456.jpg,Elephant,Elephant,0.9999587535858154,Wild_Boar,3.777781603275798e-05,0.9999209757697827,Elephant,0.9999806880950928,Wild_Boar,1.1954950423387345e-05,0.9999687331446694,NO,YES,YES,HIGH,NO
test/Elephant/0462.jpg,Elephant,Elephant,1.0,Venomous_Snake,5.075209458423047e-13,0.9999999999994925,Elephant,1.0,Venomous_Snake,4.981200868447999e-11,0.999999999950188,NO,YES,YES,HIGH,NO
test/Elephant/0469.jpg,Elephant,Elephant,1.0,Wild_Boar,4.8927035756207715e-09,0.9999999951072964,Elephant,1.0,Wild_Boar,2.9219844321914934e-09,0.9999999970780156,NO,YES,YES,HIGH,NO
test/Elephant/0474.jpg,Elephant,Elephant,0.9999980926513672,Cow,8.905666391001432e-07,0.9999972020847281,Elephant,0.9999961853027344,Wild_Boar,3.040541287191445e-06,0.9999931447614472,NO,YES,YES,HIGH,NO
test/Elephant/0480.jpg,Elephant,Elephant,1.0,Wild_Boar,7.888210085127412e-10,0.999999999211179,Elephant,1.0,Wild_Boar,1.4930926495182462e-09,0.9999999985069074,NO,YES,YES,HIGH,NO
test/Elephant/0486.jpg,Elephant,Elephant,1.0,Venomous_Snake,5.565168770260698e-09,0.9999999944348312,Elephant,1.0,Venomous_Snake,1.9523371364016384e-08,0.9999999804766286,NO,YES,YES,HIGH,NO
test/Elephant/0492.jpg,Elephant,Elephant,1.0,Wild_Boar,3.2594402177288373e-10,0.999999999674056,Elephant,1.0,Venomous_Snake,8.647787486104619e-10,0.9999999991352213,NO,YES,YES,HIGH,NO
test/Elephant/0506.jpg,Elephant,Elephant,0.999997615814209,Wild_Boar,1.998057086893823e-06,0.9999956177571221,Elephant,0.9999970197677612,Wild_Boar,1.4266613561630948e-06,0.9999955931064051,NO,YES,YES,HIGH,NO
test/Elephant/0515.jpg,Elephant,Elephant,1.0,Wild_Boar,5.008014447582809e-09,0.9999999949919856,Elephant,1.0,Wild_Boar,1.0153891949471472e-08,0.999999989846108,NO,YES,YES,HIGH,NO
test/Elephant/0527.jpg,Elephant,Elephant,0.9999998807907104,Cow,1.5402299879951897e-07,0.9999997267677116,Elephant,1.0,Venomous_Snake,5.094949884210109e-08,0.9999999490505012,NO,YES,YES,HIGH,NO
test/Elephant/0529.jpg,Elephant,Elephant,1.0,Venomous_Snake,3.0170782538974095e-10,0.9999999996982922,Elephant,1.0,Venomous_Snake,1.4600944897580348e-09,0.9999999985399055,NO,YES,YES,HIGH,NO
test/Elephant/0538.jpg,Elephant,Elephant,0.9999969005584717,Venomous_Snake,1.4104704177952954e-06,0.9999954900880539,Elephant,0.9999940395355225,Venomous_Snake,4.864565653406316e-06,0.999989174969869,NO,YES,YES,HIGH,NO
test/Elephant/0569.jpg,Elephant,Elephant,0.937936007976532,Cow,0.06200628727674484,0.8759297206997871,Elephant,0.9983037710189819,Cow,0.0013093260349705815,0.9969944449840114,NO,YES,YES,HIGH,NO
test/Elephant/0573.jpg,Elephant,Elephant,1.0,Venomous_Snake,3.454200037111832e-09,0.9999999965458,Elephant,1.0,Venomous_Snake,1.7879157709899118e-08,0.9999999821208423,NO,YES,YES,HIGH,NO
test/Elephant/0574.jpg,Elephant,Elephant,1.0,Wild_Boar,4.679952536612575e-10,0.9999999995320048,Elephant,1.0,Wild_Boar,4.735425385149483e-10,0.9999999995264575,NO,YES,YES,HIGH,NO
test/Elephant/0586.jpg,Elephant,Elephant,1.0,Venomous_Snake,3.1552298968007264e-11,0.9999999999684477,Elephant,1.0,Venomous_Snake,3.022186945145222e-10,0.9999999996977813,NO,YES,YES,HIGH,NO
test/Elephant/0595.jpg,Elephant,Elephant,1.0,Wild_Boar,2.5798239988716887e-08,0.99999997420176,Elephant,0.9999998807907104,Wild_Boar,9.4975632691785e-08,0.9999997858150778,NO,YES,YES,HIGH,NO
test/Elephant/0596.jpg,Elephant,Elephant,1.0,Wild_Boar,1.0238340730772677e-10,0.9999999998976166,Elephant,1.0,Wild_Boar,9.794718508482347e-11,0.9999999999020528,NO,YES,YES,HIGH,NO
test/Elephant/0604.jpg,Elephant,Elephant,1.0,Wild_Boar,2.055216968832596e-10,0.9999999997944783,Elephant,1.0,Wild_Boar,2.422667622070662e-10,0.9999999997577332,NO,YES,YES,HIGH,NO
test/Elephant/0610.jpg,Elephant,Elephant,1.0,Wild_Boar,2.0329407046659753e-09,0.9999999979670593,Elephant,1.0,Wild_Boar,1.23498755666418e-09,0.9999999987650124,NO,YES,YES,HIGH,NO
test/Elephant/0617.jpg,Elephant,Elephant,1.0,Venomous_Snake,1.182795550391802e-08,0.9999999881720445,Elephant,1.0,Wild_Boar,1.1493824558783672e-08,0.9999999885061754,NO,YES,YES,HIGH,NO
test/Elephant/0630.jpg,Elephant,Elephant,1.0,Wild_Boar,5.277974723938428e-10,0.9999999994722025,Elephant,1.0,Venomous_Snake,1.2882881428311066e-09,0.9999999987117119,NO,YES,YES,HIGH,NO
test/Elephant/0666.jpg,Elephant,Elephant,0.9999265670776367,Monkey,3.0492399673676118e-05,0.999896074677963,Elephant,0.9997988343238831,Venomous_Snake,0.00019936877652071416,0.9995994655473623,NO,YES,YES,HIGH,NO
test/Elephant/0672.jpg,Elephant,Elephant,1.0,Venomous_Snake,4.8771844202155634e-11,0.9999999999512281,Elephant,1.0,Venomous_Snake,5.3957720236308404e-11,0.9999999999460423,NO,YES,YES,HIGH,NO
test/Elephant/0673.jpg,Elephant,Elephant,0.9999988079071045,Venomous_Snake,5.811297114632907e-07,0.999998226777393,Elephant,0.9999970197677612,Venomous_Snake,1.8378099184701568e-06,0.9999951819578428,NO,YES,YES,HIGH,NO
test/Elephant/0676.jpg,Elephant,Elephant,0.9999998807907104,Wild_Boar,1.358325363298718e-07,0.9999997449581741,Elephant,0.9999996423721313,Wild_Boar,3.53588063717325e-07,0.9999992887840676,NO,YES,YES,HIGH,NO
test/Elephant/0677.jpg,Elephant,Elephant,1.0,Wild_Boar,2.4269379839125804e-09,0.999999997573062,Elephant,1.0,Wild_Boar,2.424643952281258e-08,0.9999999757535605,NO,YES,YES,HIGH,NO
test/Elephant/0681.jpg,Elephant,Elephant,0.9999985694885254,Wild_Boar,1.4526419818139402e-06,0.9999971168465436,Elephant,0.9999909400939941,Wild_Boar,8.925979273044504e-06,0.9999820141147211,NO,YES,YES,HIGH,NO
test/Elephant/0698.jpg,Elephant,Elephant,1.0,Wild_Boar,1.0415304174671292e-08,0.9999999895846958,Elephant,1.0,Venomous_Snake,1.4495287636862031e-08,0.9999999855047124,NO,YES,YES,HIGH,NO
test/Elephant/0700.jpg,Elephant,Elephant,0.9999963045120239,Wild_Boar,3.644216349130147e-06,0.9999926602956748,Elephant,0.999990701675415,Wild_Boar,9.27811379369814e-06,0.9999814235616213,NO,YES,YES,HIGH,NO
test/Elephant/0712.jpg,Elephant,Elephant,1.0,Wild_Boar,2.709521718102792e-09,0.9999999972904783,Elephant,1.0,Wild_Boar,5.397013058683342e-09,0.9999999946029869,NO,YES,YES,HIGH,NO
test/Elephant/0724.jpg,Elephant,Elephant,1.0,Wild_Boar,2.183511815800898e-09,0.9999999978164882,Elephant,1.0,Wild_Boar,3.5048901558809575e-09,0.9999999964951098,NO,YES,YES,HIGH,NO
test/Elephant/0738.jpg,Elephant,Elephant,0.9999980926513672,Wild_Boar,1.7285402691413765e-06,0.999996364111098,Elephant,0.9999947547912598,Wild_Boar,4.235319465806242e-06,0.999990519471794,NO,YES,YES,HIGH,NO
test/Elephant/0750.jpg,Elephant,Elephant,0.9964382648468018,Wild_Boar,0.003561333054676652,0.9928769317921251,Elephant,0.9996978044509888,Wild_Boar,0.00030168917146511376,0.9993961152795237,NO,YES,YES,HIGH,NO
test/Elephant/0754.jpg,Elephant,Elephant,1.0,Wild_Boar,3.9308226007506164e-08,0.999999960691774,Elephant,0.9999997615814209,Wild_Boar,1.8354266728692892e-07,0.9999995780387536,NO,YES,YES,HIGH,NO
test/Elephant/0755.jpg,Elephant,Elephant,1.0,Wild_Boar,2.745531801906509e-09,0.9999999972544682,Elephant,1.0,Wild_Boar,1.3247717589592867e-08,0.9999999867522824,NO,YES,YES,HIGH,NO
test/Elephant/0783.jpg,Elephant,Elephant,1.0,Cow,1.445105701769478e-09,0.9999999985548943,Elephant,1.0,Wild_Boar,1.3307249746574712e-09,0.999999998669275,NO,YES,YES,HIGH,NO
test/Elephant/0789.jpg,Elephant,Elephant,0.9999998807907104,Wild_Boar,8.33780262610162e-08,0.9999997974126842,Elephant,0.9999998807907104,Venomous_Snake,1.437826568917444e-07,0.9999997370080536,NO,YES,YES,HIGH,NO
test/Elephant/0795.jpg,Elephant,Elephant,1.0,Wild_Boar,3.402666948204569e-08,0.9999999659733305,Elephant,1.0,Cow,1.986280828703002e-08,0.9999999801371917,NO,YES,YES,HIGH,NO
test/Monkey/0004.jpg,Monkey,Monkey,1.0,Elephant,3.2232134739018647e-09,0.9999999967767865,Monkey,0.9999998807907104,Wild_Boar,1.0957138130152089e-07,0.9999997712193291,NO,YES,YES,HIGH,NO
test/Monkey/0039.jpg,Monkey,Monkey,0.9999992847442627,Wild_Boar,6.228345341696695e-07,0.9999986619097285,Monkey,0.9999914169311523,Wild_Boar,7.555996944574872e-06,0.9999838609342078,NO,YES,YES,HIGH,NO
test/Monkey/0054.jpg,Monkey,Monkey,0.9999715089797974,Deer,2.3496864741900936e-05,0.9999480121150555,Monkey,0.9999892711639404,Deer,6.743958692823071e-06,0.9999825272052476,NO,YES,YES,HIGH,NO
test/Monkey/0067.jpg,Monkey,Monkey,1.0,Wild_Boar,2.1209441314340438e-08,0.9999999787905587,Monkey,0.9999998807907104,Wild_Boar,6.388304996107763e-08,0.9999998169076605,NO,YES,YES,HIGH,NO
test/Monkey/0069.jpg,Monkey,Monkey,0.9999967813491821,Deer,3.1261622552847257e-06,0.9999936551869268,Monkey,0.9999994039535522,Deer,4.819934247279889e-07,0.9999989219601275,NO,YES,YES,HIGH,NO
test/Monkey/0073.jpg,Monkey,Monkey,1.0,Deer,9.168269476944602e-10,0.999999999083173,Monkey,1.0,Non_Venomous_Snake,3.6475880649256e-10,0.9999999996352412,NO,YES,YES,HIGH,NO
test/Monkey/0084.jpg,Monkey,Monkey,0.9999996423721313,Deer,1.9121377192732325e-07,0.9999994511583594,Monkey,1.0,Elephant,5.406607428426469e-08,0.9999999459339257,NO,YES,YES,HIGH,NO
test/Monkey/0094.jpg,Monkey,Monkey,0.9999998807907104,Non_Venomous_Snake,6.022390408588763e-08,0.9999998205668064,Monkey,1.0,Non_Venomous_Snake,1.1597324878209747e-08,0.9999999884026751,NO,YES,YES,HIGH,NO
test/Monkey/0100.jpg,Monkey,Monkey,0.999919056892395,Elephant,7.417604501824826e-05,0.9998448808473768,Monkey,0.9998165965080261,Elephant,0.00017994450172409415,0.999636652006302,NO,YES,YES,HIGH,NO
test/Monkey/0105.jpg,Monkey,Monkey,0.999998927116394,Deer,4.0907437437454064e-07,0.9999985180420197,Monkey,0.9999986886978149,Elephant,8.415228194280644e-07,0.9999978471749955,NO,YES,YES,HIGH,NO
test/Monkey/0112.jpg,Monkey,Monkey,1.0,Non_Venomous_Snake,1.4389481606258414e-08,0.9999999856105184,Monkey,1.0,Elephant,1.8141880886446415e-08,0.9999999818581191,NO,YES,YES,HIGH,NO
test/Monkey/0114.jpg,Monkey,Monkey,0.9999992847442627,Elephant,7.512194883929624e-07,0.9999985335247743,Monkey,0.9999865293502808,Elephant,1.3412309272098355e-05,0.9999731170410087,NO,YES,YES,HIGH,NO
test/Monkey/0123.jpg,Monkey,Monkey,0.9999983310699463,Elephant,1.4799846894675284e-06,0.9999968510852568,Monkey,0.9999861717224121,Elephant,1.3178514564060606e-05,0.999972993207848,NO,YES,YES,HIGH,NO
test/Monkey/0126.jpg,Monkey,Monkey,1.0,Elephant,7.81476039435347e-09,0.9999999921852396,Monkey,1.0,Wild_Boar,2.220946448971972e-08,0.9999999777905355,NO,YES,YES,HIGH,NO
test/Monkey/0155.jpg,Monkey,Monkey,1.0,Elephant,9.522647559379038e-09,0.9999999904773524,Monkey,0.9999998807907104,Elephant,5.0747374302773096e-08,0.9999998300433361,NO,YES,YES,HIGH,NO
test/Monkey/0160.jpg,Monkey,Monkey,1.0,Venomous_Snake,3.7960235649281415e-11,0.9999999999620398,Monkey,1.0,Wild_Boar,3.8116114708941495e-09,0.9999999961883885,NO,YES,YES,HIGH,NO
test/Monkey/0183.jpg,Monkey,Monkey,0.9999998807907104,Deer,7.509910915359796e-08,0.9999998056916013,Monkey,0.9999998807907104,Deer,5.50493091111548e-08,0.9999998257414013,NO,YES,YES,HIGH,NO
test/Monkey/0196.jpg,Monkey,Monkey,0.9999994039535522,Venomous_Snake,2.6300915578758577e-07,0.9999991409443965,Monkey,0.9999998807907104,Elephant,6.292179222100458e-08,0.9999998178689182,NO,YES,YES,HIGH,NO
test/Monkey/0202.jpg,Monkey,Monkey,1.0,Deer,8.17663980967609e-09,0.9999999918233602,Monkey,0.9999996423721313,Non_Venomous_Snake,1.532076936427984e-07,0.9999994891644377,NO,YES,YES,HIGH,NO
test/Monkey/0217.jpg,Monkey,Monkey,0.9999711513519287,Deer,2.1946054403088056e-05,0.9999492052975256,Monkey,0.9999674558639526,Deer,1.5160270777414553e-05,0.9999522955931752,NO,YES,YES,HIGH,NO
test/Monkey/0223.jpg,Monkey,Monkey,0.9997356534004211,Non_Venomous_Snake,0.00016617770597804338,0.9995694756944431,Monkey,0.994432270526886,Non_Venomous_Snake,0.005372244399040937,0.989060026127845,NO,YES,YES,HIGH,NO
test/Monkey/0241.jpg,Monkey,Monkey,1.0,Elephant,5.955961057679815e-09,0.9999999940440389,Monkey,0.9999996423721313,Elephant,3.227325464649766e-07,0.9999993196395849,NO,YES,YES,HIGH,NO
test/Monkey/0244.jpg,Monkey,Monkey,0.9999964237213135,Elephant,3.4082702313753543e-06,0.9999930154510821,Monkey,0.9999831914901733,Elephant,1.6685118680470623e-05,0.9999665063714929,NO,YES,YES,HIGH,NO
test/Monkey/0260.jpg,Monkey,Monkey,1.0,Elephant,5.060920016397574e-10,0.9999999994939079,Monkey,1.0,Elephant,2.1305655906189713e-08,0.9999999786943441,NO,YES,YES,HIGH,NO
test/Monkey/0262.jpg,Monkey,Monkey,1.0,Elephant,6.271278496505772e-10,0.9999999993728721,Monkey,1.0,Elephant,2.873234317135598e-09,0.9999999971267657,NO,YES,YES,HIGH,NO
test/Monkey/0270.jpg,Monkey,Monkey,0.9999990463256836,Elephant,9.535106073599309e-07,0.9999980928150762,Monkey,0.9999678134918213,Elephant,3.2154413929674774e-05,0.9999356590778916,NO,YES,YES,HIGH,NO
test/Monkey/0275.jpg,Monkey,Monkey,1.0,Non_Venomous_Snake,3.324844399799076e-09,0.9999999966751556,Monkey,1.0,Elephant,2.470641291552056e-08,0.9999999752935871,NO,YES,YES,HIGH,NO
test/Monkey/0283.jpg,Monkey,Monkey,1.0,Venomous_Snake,4.70738514835034e-09,0.9999999952926149,Monkey,1.0,Elephant,4.5137642956660784e-08,0.999999954862357,NO,YES,YES,HIGH,NO
test/Non_Venomous_Snake/1 (2).jpg,Non_Venomous_Snake,Non_Venomous_Snake,0.558361828327179,Venomous_Snake,0.4416382312774658,0.11672359704971313,Non_Venomous_Snake,0.5791956186294556,Venomous_Snake,0.42080435156822205,0.15839126706123352,NO,YES,YES,LOW,YES
test/Non_Venomous_Snake/1.jpg,Non_Venomous_Snake,Non_Venomous_Snake,0.9990598559379578,Venomous_Snake,0.0009398388210684061,0.9981200171168894,Non_Venomous_Snake,0.9967368245124817,Venomous_Snake,0.0032624283339828253,0.9934743961784989,NO,YES,YES,HIGH,NO
test/Non_Venomous_Snake/10.jpg,Non_Venomous_Snake,Non_Venomous_Snake,0.992284893989563,Venomous_Snake,0.007715043146163225,0.9845698508433998,Non_Venomous_Snake,0.7670695781707764,Venomous_Snake,0.23292872309684753,0.5341408550739288,NO,YES,YES,MODERATE,NO
test/Non_Venomous_Snake/1024px-Heller_Tigerpython_Python_molurus_molurus.jpg,Non_Venomous_Snake,Non_Venomous_Snake,0.9983953833580017,Venomous_Snake,0.0016033686697483063,0.9967920146882534,Non_Venomous_Snake,0.9951218962669373,Venomous_Snake,0.0048696077428758144,0.9902522885240614,NO,YES,YES,HIGH,NO
test/Non_Venomous_Snake/11.jpg,Non_Venomous_Snake,Non_Venomous_Snake,0.9885212182998657,Venomous_Snake,0.011478754691779613,0.9770424636080861,Non_Venomous_Snake,0.7819220423698425,Venomous_Snake,0.21807798743247986,0.5638440549373627,NO,YES,YES,MODERATE,NO
test/Non_Venomous_Snake/112282-850x565-Yellow_Rat_Snake.jpg,Non_Venomous_Snake,Non_Venomous_Snake,0.5937967896461487,Venomous_Snake,0.4062013626098633,0.1875954270362854,Venomous_Snake,0.5395143628120422,Non_Venomous_Snake,0.4604819118976593,0.07903245091438293,YES,YES,NO,LOW,YES
test/Non_Venomous_Snake/1157751.jpg,Non_Venomous_Snake,Non_Venomous_Snake,0.9987064599990845,Venomous_Snake,0.001292928820475936,0.9974135311786085,Non_Venomous_Snake,0.9907668828964233,Venomous_Snake,0.00923164188861847,0.9815352410078049,NO,YES,YES,HIGH,NO
test/Non_Venomous_Snake/1166420045-m.jpg,Non_Venomous_Snake,Venomous_Snake,0.9658645391464233,Non_Venomous_Snake,0.031111285090446472,0.9347532540559769,Venomous_Snake,0.9941100478172302,Non_Venomous_Snake,0.005802902393043041,0.9883071454241872,NO,NO,NO,HIGH,NO
test/Non_Venomous_Snake/12.jpg,Non_Venomous_Snake,Non_Venomous_Snake,0.9995259046554565,Venomous_Snake,0.0004740176082123071,0.9990518870472442,Non_Venomous_Snake,0.9977813363075256,Venomous_Snake,0.002218031557276845,0.9955633047502488,NO,YES,YES,HIGH,NO
test/Non_Venomous_Snake/1200px-Eryx_jaculus.jpg,Non_Venomous_Snake,Non_Venomous_Snake,0.9958778619766235,Venomous_Snake,0.004122171085327864,0.9917556908912957,Non_Venomous_Snake,0.8870826959609985,Venomous_Snake,0.11291733384132385,0.7741653621196747,NO,YES,YES,HIGH,NO
test/Non_Venomous_Snake/126763-004-312A729C.jpg,Non_Venomous_Snake,Non_Venomous_Snake,0.8191643357276917,Venomous_Snake,0.18083558976650238,0.6383287459611893,Non_Venomous_Snake,0.7756626009941101,Venomous_Snake,0.22433699667453766,0.5513256043195724,NO,YES,YES,MODERATE,NO
test/Non_Venomous_Snake/1280px-Indian_rock_python_pratik.JPG,Non_Venomous_Snake,Non_Venomous_Snake,0.9986802935600281,Venomous_Snake,0.0013185006100684404,0.9973617929499596,Non_Venomous_Snake,0.9960371851921082,Venomous_Snake,0.0039601451717317104,0.9920770400203764,NO,YES,YES,HIGH,NO
test/Non_Venomous_Snake/13 (2).jpg,Non_Venomous_Snake,Non_Venomous_Snake,0.9961447715759277,Venomous_Snake,0.003855180460959673,0.9922895911149681,Non_Venomous_Snake,0.9788849949836731,Venomous_Snake,0.021114978939294815,0.9577700160443783,NO,YES,YES,HIGH,NO
test/Non_Venomous_Snake/13.jpg,Non_Venomous_Snake,Non_Venomous_Snake,0.9950457811355591,Venomous_Snake,0.004911927040666342,0.9901338540948927,Non_Venomous_Snake,0.9892904162406921,Venomous_Snake,0.010676626116037369,0.9786137901246548,NO,YES,YES,HIGH,NO
test/Non_Venomous_Snake/131942656.vigSlaNz.jpg,Non_Venomous_Snake,Non_Venomous_Snake,0.9270888566970825,Venomous_Snake,0.07291089743375778,0.8541779592633247,Non_Venomous_Snake,0.9060116410255432,Venomous_Snake,0.09398796409368515,0.8120236769318581,NO,YES,YES,HIGH,NO
test/Non_Venomous_Snake/14 (2).jpg,Non_Venomous_Snake,Non_Venomous_Snake,0.9342904686927795,Venomous_Snake,0.06570880115032196,0.8685816675424576,Non_Venomous_Snake,0.8138375878334045,Venomous_Snake,0.18616166710853577,0.6276759207248688,NO,YES,YES,HIGH,NO
test/Non_Venomous_Snake/14.jpg,Non_Venomous_Snake,Non_Venomous_Snake,0.9633870720863342,Venomous_Snake,0.036612819880247116,0.9267742522060871,Non_Venomous_Snake,0.8550684452056885,Venomous_Snake,0.14493149518966675,0.7101369500160217,NO,YES,YES,HIGH,NO
test/Non_Venomous_Snake/1406194043645_wps_2_EXCLUSIVE_GUJARAT_INDIA_U.jpg,Non_Venomous_Snake,Non_Venomous_Snake,0.9090890884399414,Venomous_Snake,0.09088865667581558,0.8182004317641258,Venomous_Snake,0.6240556240081787,Non_Venomous_Snake,0.37563812732696533,0.24841749668121338,YES,YES,NO,MODERATE,NO
test/Non_Venomous_Snake/143197P3112612.JPG,Non_Venomous_Snake,Non_Venomous_Snake,0.5727366805076599,Venomous_Snake,0.42726197838783264,0.14547470211982727,Venomous_Snake,0.7856552004814148,Non_Venomous_Snake,0.21434132754802704,0.5713138729333878,YES,YES,NO,MODERATE,NO
test/Non_Venomous_Snake/1438853319IMG-20141006-WA0017.jpg,Non_Venomous_Snake,Non_Venomous_Snake,0.8629642724990845,Venomous_Snake,0.1363353282213211,0.7266289442777634,Non_Venomous_Snake,0.8038579821586609,Venomous_Snake,0.1940820962190628,0.6097758859395981,NO,YES,YES,HIGH,NO
test/Non_Venomous_Snake/1438853319main -1.jpg,Non_Venomous_Snake,Non_Venomous_Snake,0.9998787641525269,Venomous_Snake,0.00012111577962059528,0.9997576483729063,Non_Venomous_Snake,0.9988201260566711,Venomous_Snake,0.0011791720753535628,0.9976409539813176,NO,YES,YES,HIGH,NO
test/Non_Venomous_Snake/1438853320sub headed shot-1.jpg,Non_Venomous_Snake,Non_Venomous_Snake,0.9985950589179993,Venomous_Snake,0.0014047323493286967,0.9971903265686706,Non_Venomous_Snake,0.9996497631072998,Venomous_Snake,0.00034989684354513884,0.9992998662637547,NO,YES,YES,HIGH,NO
test/Non_Venomous_Snake/15.jpg,Non_Venomous_Snake,Non_Venomous_Snake,0.9984279870986938,Venomous_Snake,0.0015720055671408772,0.996855981531553,Non_Venomous_Snake,0.9952096343040466,Venomous_Snake,0.00479035172611475,0.9904192825779319,NO,YES,YES,HIGH,NO
test/Non_Venomous_Snake/16.jpg,Non_Venomous_Snake,Non_Venomous_Snake,0.9171788692474365,Venomous_Snake,0.08280391991138458,0.8343749493360519,Non_Venomous_Snake,0.5130388140678406,Venomous_Snake,0.48693710565567017,0.02610170841217041,NO,YES,YES,LOW,YES
test/Non_Venomous_Snake/16668569-Close-up-of-Indo-Chinese-Rat-snake-Thailand--Stock-Photo.jpg,Non_Venomous_Snake,Non_Venomous_Snake,0.5493175983428955,Venomous_Snake,0.450680136680603,0.09863746166229248,Non_Venomous_Snake,0.6399378776550293,Venomous_Snake,0.3600519001483917,0.2798859775066376,NO,YES,YES,MODERATE,NO
test/Non_Venomous_Snake/17 (2).jpg,Non_Venomous_Snake,Non_Venomous_Snake,0.9994207620620728,Venomous_Snake,0.0005793041200377047,0.998841457942035,Non_Venomous_Snake,0.9955528378486633,Venomous_Snake,0.0044471630826592445,0.9911056747660041,NO,YES,YES,HIGH,NO
test/Non_Venomous_Snake/17.jpg,Non_Venomous_Snake,Non_Venomous_Snake,0.934833824634552,Venomous_Snake,0.06515824049711227,0.8696755841374397,Non_Venomous_Snake,0.5518377423286438,Venomous_Snake,0.44815465807914734,0.10368308424949646,NO,YES,YES,LOW,YES
test/Non_Venomous_Snake/175a2372jpg-35eda8314988c49d.jpg,Non_Venomous_Snake,Venomous_Snake,0.8652934432029724,Non_Venomous_Snake,0.1347065418958664,0.730586901307106,Venomous_Snake,0.9945080876350403,Non_Venomous_Snake,0.005491927731782198,0.9890161599032581,NO,NO,NO,HIGH,NO
test/Non_Venomous_Snake/178737411_XS.jpg,Non_Venomous_Snake,Non_Venomous_Snake,0.7257750630378723,Venomous_Snake,0.2742150127887726,0.45156005024909973,Non_Venomous_Snake,0.7949581742286682,Venomous_Snake,0.2050325721502304,0.5899256020784378,NO,YES,YES,MODERATE,NO
test/Non_Venomous_Snake/18.jpg,Non_Venomous_Snake,Non_Venomous_Snake,0.8070010542869568,Venomous_Snake,0.19287200272083282,0.614129051566124,Non_Venomous_Snake,0.9240149855613708,Venomous_Snake,0.07593882828950882,0.848076157271862,NO,YES,YES,HIGH,NO
test/Non_Venomous_Snake/1YEL.jpg,Non_Venomous_Snake,Non_Venomous_Snake,0.9999505281448364,Venomous_Snake,4.9416230467613786e-05,0.9999011119143688,Non_Venomous_Snake,0.9989579916000366,Venomous_Snake,0.0010420300532132387,0.9979159615468234,NO,YES,YES,HIGH,NO
test/Non_Venomous_Snake/2.jpg,Non_Venomous_Snake,Non_Venomous_Snake,0.9588350057601929,Venomous_Snake,0.04116497188806534,0.9176700338721275,Non_Venomous_Snake,0.9558036923408508,Venomous_Snake,0.04419637843966484,0.911607313901186,NO,YES,YES,HIGH,NO
test/Non_Venomous_Snake/20 (2).jpg,Non_Venomous_Snake,Venomous_Snake,0.5650998950004578,Non_Venomous_Snake,0.4348165690898895,0.13028332591056824,Venomous_Snake,0.6967803835868835,Non_Venomous_Snake,0.3028288185596466,0.39395156502723694,NO,NO,NO,MODERATE,NO
test/Non_Venomous_Snake/20 (3).jpg,Non_Venomous_Snake,Non_Venomous_Snake,0.999904990196228,Venomous_Snake,9.494377445662394e-05,0.9998100464217714,Non_Venomous_Snake,0.9998044371604919,Venomous_Snake,0.00019558274652808905,0.9996088544139639,NO,YES,YES,HIGH,NO
test/Non_Venomous_Snake/20.jpg,Non_Venomous_Snake,Non_Venomous_Snake,0.9996460676193237,Venomous_Snake,0.0003538654127623886,0.9992922022065613,Non_Venomous_Snake,0.9972597360610962,Venomous_Snake,0.0027400823310017586,0.9945196537300944,NO,YES,YES,HIGH,NO
test/Non_Venomous_Snake/21.jpg,Non_Venomous_Snake,Non_Venomous_Snake,0.9570953845977783,Venomous_Snake,0.04287399724125862,0.9142213873565197,Non_Venomous_Snake,0.8857768774032593,Venomous_Snake,0.11412322521209717,0.7716536521911621,NO,YES,YES,HIGH,NO
test/Non_Venomous_Snake/22cdfe6495d034308305a00eeee78be8.jpg,Non_Venomous_Snake,Non_Venomous_Snake,0.9179524779319763,Venomous_Snake,0.08204568922519684,0.8359067887067795,Non_Venomous_Snake,0.9178963303565979,Venomous_Snake,0.08209632337093353,0.8358000069856644,NO,YES,YES,HIGH,NO
test/Non_Venomous_Snake/23.jpg,Non_Venomous_Snake,Non_Venomous_Snake,0.9999961853027344,Venomous_Snake,2.5775696030905237e-06,0.9999936077331313,Non_Venomous_Snake,0.999998927116394,Venomous_Snake,1.0943451798084425e-06,0.9999978327712142,NO,YES,YES,HIGH,NO
test/Non_Venomous_Snake/23acc8022303e373f72893f094dcd22f--snake-photos-corn-snake.jpg,Non_Venomous_Snake,Non_Venomous_Snake,0.9968360662460327,Venomous_Snake,0.0031554577872157097,0.993680608458817,Non_Venomous_Snake,0.9972044825553894,Venomous_Snake,0.002792516490444541,0.9944119660649449,NO,YES,YES,HIGH,NO
test/Non_Venomous_Snake/24.jpg,Non_Venomous_Snake,Non_Venomous_Snake,0.9997079968452454,Venomous_Snake,0.00029195231036283076,0.9994160445348825,Non_Venomous_Snake,0.9688581228256226,Venomous_Snake,0.03114166483283043,0.9377164579927921,NO,YES,YES,HIGH,NO
test/Non_Venomous_Snake/240_F_57387590_X4C1GVMXiircJ9WijCsTxXmP3l08Pk2m.jpg,Non_Venomous_Snake,Non_Venomous_Snake,0.9899263381958008,Venomous_Snake,0.010070418007671833,0.979855920188129,Non_Venomous_Snake,0.9463196396827698,Venomous_Snake,0.0536651648581028,0.892654474824667,NO,YES,YES,HIGH,NO
test/Non_Venomous_Snake/240_F_81777996_fXFZAxx4plJEMzc4ndaqAcPqLi5VB87h.jpg,Non_Venomous_Snake,Non_Venomous_Snake,0.9996039271354675,Venomous_Snake,0.00039568758802488446,0.9992082395474426,Non_Venomous_Snake,0.998902440071106,Venomous_Snake,0.0010954324388876557,0.9978070076322183,NO,YES,YES,HIGH,NO
test/Non_Venomous_Snake/249701_149478348456813_100001839476094_326585_731191_n.jpg,Non_Venomous_Snake,Non_Venomous_Snake,0.9950307607650757,Venomous_Snake,0.004968342371284962,0.9900624183937907,Non_Venomous_Snake,0.8355856537818909,Venomous_Snake,0.1644013673067093,0.6711842864751816,NO,YES,YES,HIGH,NO
test/Non_Venomous_Snake/26.jpg,Non_Venomous_Snake,Non_Venomous_Snake,0.9998199343681335,Venomous_Snake,0.00018000534328166395,0.9996399290248519,Non_Venomous_Snake,0.9995841383934021,Venomous_Snake,0.0004158146621193737,0.9991683237312827,NO,YES,YES,HIGH,NO
test/Non_Venomous_Snake/27.jpg,Non_Venomous_Snake,Non_Venomous_Snake,0.7460690140724182,Venomous_Snake,0.2539067268371582,0.49216228723526,Non_Venomous_Snake,0.5233049988746643,Venomous_Snake,0.47648370265960693,0.04682129621505737,NO,YES,YES,LOW,YES
test/Non_Venomous_Snake/29.jpg,Non_Venomous_Snake,Non_Venomous_Snake,0.9998502731323242,Venomous_Snake,8.978066762210801e-05,0.9997604924647021,Non_Venomous_Snake,0.999854326248169,Venomous_Snake,0.00010000447946367785,0.9997543217687053,NO,YES,YES,HIGH,NO
test/Non_Venomous_Snake/2953885821_2921103913.jpg,Non_Venomous_Snake,Non_Venomous_Snake,0.9980509281158447,Venomous_Snake,0.001948641613125801,0.9961022865027189,Non_Venomous_Snake,0.9989854693412781,Venomous_Snake,0.0010144166881218553,0.9979710526531562,NO,YES,YES,HIGH,NO
test/Non_Venomous_Snake/3.jpg,Non_Venomous_Snake,Non_Venomous_Snake,0.9868566393852234,Venomous_Snake,0.013143143616616726,0.9737134957686067,Non_Venomous_Snake,0.5855079293251038,Venomous_Snake,0.4144889712333679,0.17101895809173584,NO,YES,YES,LOW,YES
test/Non_Venomous_Snake/30.jpg,Non_Venomous_Snake,Venomous_Snake,0.8812358379364014,Non_Venomous_Snake,0.11867424845695496,0.7625615894794464,Venomous_Snake,0.9610733985900879,Non_Venomous_Snake,0.03864061087369919,0.9224327877163887,NO,NO,NO,HIGH,NO
test/Non_Venomous_Snake/300px-Boa.jpg,Non_Venomous_Snake,Non_Venomous_Snake,0.7448633909225464,Venomous_Snake,0.255136638879776,0.4897267520427704,Venomous_Snake,0.5815667510032654,Non_Venomous_Snake,0.4184332489967346,0.16313350200653076,YES,YES,NO,LOW,YES
test/Non_Venomous_Snake/32.jpg,Non_Venomous_Snake,Non_Venomous_Snake,0.9998078942298889,Venomous_Snake,0.00012477055133786052,0.999683123678551,Non_Venomous_Snake,0.9991466999053955,Venomous_Snake,0.0007362592732533813,0.9984104406321421,NO,YES,YES,HIGH,NO
test/Non_Venomous_Snake/33.jpg,Non_Venomous_Snake,Non_Venomous_Snake,0.9882545471191406,Venomous_Snake,0.011552026495337486,0.9767025206238031,Non_Venomous_Snake,0.996726393699646,Venomous_Snake,0.003233835566788912,0.9934925581328571,NO,YES,YES,HIGH,NO
test/Non_Venomous_Snake/34.jpg,Non_Venomous_Snake,Non_Venomous_Snake,0.9915084838867188,Venomous_Snake,0.007221605628728867,0.9842868782579899,Non_Venomous_Snake,0.9940523505210876,Venomous_Snake,0.0057199206203222275,0.9883324299007654,NO,YES,YES,HIGH,NO
test/Non_Venomous_Snake/36.jpg,Non_Venomous_Snake,Non_Venomous_Snake,0.9990552067756653,Venomous_Snake,0.000944217259529978,0.9981109895161353,Non_Venomous_Snake,0.998267412185669,Venomous_Snake,0.001731964643113315,0.9965354475425556,NO,YES,YES,HIGH,NO
test/Non_Venomous_Snake/37.jpg,Non_Venomous_Snake,Non_Venomous_Snake,0.9999532699584961,Venomous_Snake,4.6700177335878834e-05,0.9999065697811602,Non_Venomous_Snake,0.9998968839645386,Venomous_Snake,0.00010307261982234195,0.9997938113447162,NO,YES,YES,HIGH,NO
test/Non_Venomous_Snake/38AC2D51-1DD8-B71C-077A00C10D49AA3C-large.JPG,Non_Venomous_Snake,Non_Venomous_Snake,0.9609803557395935,Venomous_Snake,0.03901911899447441,0.9219612367451191,Non_Venomous_Snake,0.8939085006713867,Venomous_Snake,0.10608923435211182,0.7878192663192749,NO,YES,YES,HIGH,NO
test/Non_Venomous_Snake/39.jpg,Non_Venomous_Snake,Non_Venomous_Snake,0.9986234903335571,Venomous_Snake,0.001374022220261395,0.9972494681132957,Non_Venomous_Snake,0.9965633749961853,Venomous_Snake,0.00343409925699234,0.993129275739193,NO,YES,YES,HIGH,NO
test/Non_Venomous_Snake/4.jpg,Non_Venomous_Snake,Venomous_Snake,0.6374921202659607,Non_Venomous_Snake,0.3625074028968811,0.2749847173690796,Venomous_Snake,0.8535320162773132,Non_Venomous_Snake,0.14646773040294647,0.7070642858743668,NO,NO,NO,HIGH,NO
test/Non_Venomous_Snake/40.jpg,Non_Venomous_Snake,Non_Venomous_Snake,0.999987006187439,Venomous_Snake,1.2900663932668976e-05,0.9999741055235063,Non_Venomous_Snake,0.99997878074646,Venomous_Snake,2.119082819262985e-05,0.9999575899182673,NO,YES,YES,HIGH,NO
test/Non_Venomous_Snake/4108235465_d0b32976cc_b.jpg,Non_Venomous_Snake,Non_Venomous_Snake,0.999593198299408,Venomous_Snake,0.0004063407832290977,0.9991868575161789,Non_Venomous_Snake,0.9996587038040161,Venomous_Snake,0.000341240520356223,0.9993174632836599,NO,YES,YES,HIGH,NO
test/Non_Venomous_Snake/450-27504292-common-sand-boa-snake.jpg,Non_Venomous_Snake,Non_Venomous_Snake,0.9992730021476746,Venomous_Snake,0.0007270423811860383,0.9985459597664885,Non_Venomous_Snake,0.9809808731079102,Venomous_Snake,0.019019057974219322,0.9619618151336908,NO,YES,YES,HIGH,NO
test/Non_Venomous_Snake/464685_469785913108783_1755378000_o.jpg,Non_Venomous_Snake,Non_Venomous_Snake,0.9997685551643372,Venomous_Snake,0.00023106555454432964,0.9995374896097928,Non_Venomous_Snake,0.9987446069717407,Venomous_Snake,0.0012544594937935472,0.9974901474779472,NO,YES,YES,HIGH,NO
test/Non_Venomous_Snake/5 blog.jpg,Non_Venomous_Snake,Non_Venomous_Snake,0.9463839530944824,Venomous_Snake,0.05361558124423027,0.8927683718502522,Non_Venomous_Snake,0.623573899269104,Venomous_Snake,0.37642502784729004,0.24714887142181396,NO,YES,YES,MODERATE,NO
test/Non_Venomous_Snake/5078041194_1f8a6af122_b.jpg,Non_Venomous_Snake,Non_Venomous_Snake,0.6861565113067627,Venomous_Snake,0.3138425946235657,0.372313916683197,Non_Venomous_Snake,0.7084004282951355,Venomous_Snake,0.29159632325172424,0.41680410504341125,NO,YES,YES,MODERATE,NO
test/Non_Venomous_Snake/5c3dd3dc91c4283c73c5992e0a62b28f.jpg,Non_Venomous_Snake,Non_Venomous_Snake,0.518875777721405,Venomous_Snake,0.4811239242553711,0.037751853466033936,Venomous_Snake,0.7735183238983154,Non_Venomous_Snake,0.2264811247587204,0.547037199139595,YES,YES,NO,MODERATE,NO
test/Non_Venomous_Snake/6 (2).jpg,Non_Venomous_Snake,Non_Venomous_Snake,0.9854875802993774,Venomous_Snake,0.014512429013848305,0.9709751512855291,Non_Venomous_Snake,0.732769787311554,Venomous_Snake,0.2672281265258789,0.46554166078567505,NO,YES,YES,MODERATE,NO
test/Non_Venomous_Snake/6.jpg,Non_Venomous_Snake,Non_Venomous_Snake,0.9916803240776062,Venomous_Snake,0.008319247514009476,0.9833610765635967,Non_Venomous_Snake,0.978223979473114,Venomous_Snake,0.021774660795927048,0.956449318677187,NO,YES,YES,HIGH,NO
test/Non_Venomous_Snake/61571838_4ea666d98a_b.jpg,Non_Venomous_Snake,Non_Venomous_Snake,0.9995204210281372,Venomous_Snake,0.0004792367690242827,0.9990411842591129,Non_Venomous_Snake,0.9985492825508118,Venomous_Snake,0.0014500118559226394,0.9970992706948891,NO,YES,YES,HIGH,NO
test/Non_Venomous_Snake/62b8a1.jpg,Non_Venomous_Snake,Non_Venomous_Snake,0.929025411605835,Venomous_Snake,0.0709744244813919,0.858050987124443,Non_Venomous_Snake,0.9537907838821411,Venomous_Snake,0.04620906338095665,0.9075817205011845,NO,YES,YES,HIGH,NO
test/Non_Venomous_Snake/6O4A7830.jpg,Non_Venomous_Snake,Non_Venomous_Snake,0.992504358291626,Venomous_Snake,0.0074927625246346,0.9850115957669914,Non_Venomous_Snake,0.9959951639175415,Venomous_Snake,0.003997294697910547,0.991997869219631,NO,YES,YES,HIGH,NO
test/Non_Venomous_Snake/6O4A7844.jpg,Non_Venomous_Snake,Venomous_Snake,0.9807270765304565,Non_Venomous_Snake,0.01927255652844906,0.9614545200020075,Venomous_Snake,0.995965838432312,Non_Venomous_Snake,0.004033440258353949,0.9919323981739581,NO,NO,NO,HIGH,NO
test/Non_Venomous_Snake/7.jpg,Non_Venomous_Snake,Non_Venomous_Snake,0.9996345043182373,Venomous_Snake,0.0003655266191344708,0.9992689776991028,Non_Venomous_Snake,0.9973580241203308,Venomous_Snake,0.0026408967096358538,0.994717127410695,NO,YES,YES,HIGH,NO
test/Non_Venomous_Snake/7044762725_5e3e754c31.jpg,Non_Venomous_Snake,Non_Venomous_Snake,0.9443336129188538,Venomous_Snake,0.05566323921084404,0.8886703737080097,Non_Venomous_Snake,0.7718286514282227,Venomous_Snake,0.2281649261713028,0.5436637252569199,NO,YES,YES,MODERATE,NO
test/Non_Venomous_Snake/7696c19d1eb4846d81269ecb4c77f5a5.jpg,Non_Venomous_Snake,Non_Venomous_Snake,0.9962074756622314,Venomous_Snake,0.00376732274889946,0.992440152913332,Non_Venomous_Snake,0.9804695248603821,Venomous_Snake,0.019419796764850616,0.9610497280955315,NO,YES,YES,HIGH,NO
test/Non_Venomous_Snake/78.jpg,Non_Venomous_Snake,Non_Venomous_Snake,0.9999964237213135,Venomous_Snake,3.611277179516037e-06,0.999992812444134,Non_Venomous_Snake,0.9996715784072876,Venomous_Snake,0.0003282633260823786,0.9993433150812052,NO,YES,YES,HIGH,NO
test/Non_Venomous_Snake/79.jpg,Non_Venomous_Snake,Non_Venomous_Snake,0.9932047128677368,Venomous_Snake,0.006792015861719847,0.986412697006017,Non_Venomous_Snake,0.9031481742858887,Venomous_Snake,0.09682154655456543,0.8063266277313232,NO,YES,YES,HIGH,NO
test/Non_Venomous_Snake/8.jpg,Non_Venomous_Snake,Non_Venomous_Snake,0.9909307360649109,Venomous_Snake,0.00906929187476635,0.9818614441901445,Non_Venomous_Snake,0.9826535582542419,Venomous_Snake,0.01734641008079052,0.9653071481734514,NO,YES,YES,HIGH,NO
test/Non_Venomous_Snake/800px-Common_Rat_Snake_(Ptyas_mucosa)_µ░┤σ╛ï5.jpg,Non_Venomous_Snake,Non_Venomous_Snake,0.9992014765739441,Venomous_Snake,0.0007983462419360876,0.998403130332008,Non_Venomous_Snake,0.999526858329773,Venomous_Snake,0.0004730067739728838,0.9990538515558001,NO,YES,YES,HIGH,NO
test/Non_Venomous_Snake/82.jpg,Non_Venomous_Snake,Non_Venomous_Snake,0.9829588532447815,Venomous_Snake,0.017037400975823402,0.9659214522689581,Non_Venomous_Snake,0.9266785979270935,Venomous_Snake,0.0733192041516304,0.8533593937754631,NO,YES,YES,HIGH,NO
test/Non_Venomous_Snake/83.jpg,Non_Venomous_Snake,Non_Venomous_Snake,0.961353600025177,Venomous_Snake,0.03864642232656479,0.9227071776986122,Venomous_Snake,0.5204804539680481,Non_Venomous_Snake,0.47951510548591614,0.04096534848213196,YES,YES,NO,LOW,YES
test/Non_Venomous_Snake/83612cc4c22f4694c89577510d3c9bdf.jpg,Non_Venomous_Snake,Venomous_Snake,0.6579926013946533,Non_Venomous_Snake,0.34200724959373474,0.3159853518009186,Venomous_Snake,0.8096526861190796,Non_Venomous_Snake,0.19034679234027863,0.619305893778801,NO,NO,NO,HIGH,NO
test/Non_Venomous_Snake/85.jpg,Non_Venomous_Snake,Non_Venomous_Snake,0.9779391884803772,Venomous_Snake,0.022060131654143333,0.9558790568262339,Non_Venomous_Snake,0.9121592044830322,Venomous_Snake,0.0878404974937439,0.8243187069892883,NO,YES,YES,HIGH,NO
test/Non_Venomous_Snake/86.jpg,Non_Venomous_Snake,Non_Venomous_Snake,0.9872558116912842,Venomous_Snake,0.012742981314659119,0.9745128303766251,Non_Venomous_Snake,0.9932546019554138,Venomous_Snake,0.006744182202965021,0.9865104197524488,NO,YES,YES,HIGH,NO
test/Non_Venomous_Snake/87457288_XS.jpg,Non_Venomous_Snake,Non_Venomous_Snake,0.9921287298202515,Venomous_Snake,0.00786147452890873,0.9842672552913427,Non_Venomous_Snake,0.8865676522254944,Venomous_Snake,0.11340276151895523,0.7731648907065392,NO,YES,YES,HIGH,NO
test/Non_Venomous_Snake/9 (2).jpg,Non_Venomous_Snake,Non_Venomous_Snake,0.9197267889976501,Venomous_Snake,0.08027321845293045,0.8394535705447197,Non_Venomous_Snake,0.790233850479126,Venomous_Snake,0.20976607501506805,0.5804677754640579,NO,YES,YES,MODERATE,NO
test/Non_Venomous_Snake/9.jpg,Non_Venomous_Snake,Non_Venomous_Snake,0.9947357773780823,Venomous_Snake,0.005263725761324167,0.9894720516167581,Non_Venomous_Snake,0.8674479126930237,Venomous_Snake,0.13254913687705994,0.7348987758159637,NO,YES,YES,HIGH,NO
test/Non_Venomous_Snake/9862346-Close-up-of-Common-Rat-Snake-Thailand--Stock-Photo-snake.jpg,Non_Venomous_Snake,Non_Venomous_Snake,0.7103542685508728,Venomous_Snake,0.28964516520500183,0.42070910334587097,Non_Venomous_Snake,0.8388073444366455,Venomous_Snake,0.16118237376213074,0.6776249706745148,NO,YES,YES,HIGH,NO
test/Non_Venomous_Snake/9geraniyade.jpg,Non_Venomous_Snake,Non_Venomous_Snake,0.8134699463844299,Venomous_Snake,0.1865217387676239,0.626948207616806,Non_Venomous_Snake,0.87675940990448,Venomous_Snake,0.12323610484600067,0.7535233050584793,NO,YES,YES,HIGH,NO
test/Non_Venomous_Snake/Banded Racer_1105.jpg,Non_Venomous_Snake,Venomous_Snake,0.610837996006012,Non_Venomous_Snake,0.38916197419166565,0.2216760218143463,Venomous_Snake,0.787201464176178,Non_Venomous_Snake,0.21279841661453247,0.5744030475616455,NO,NO,NO,MODERATE,NO
test/Non_Venomous_Snake/Banded-Racer-1-700x489.jpg,Non_Venomous_Snake,Non_Venomous_Snake,0.9975723624229431,Venomous_Snake,0.0024259937927126884,0.9951463686302304,Non_Venomous_Snake,0.9976716637611389,Venomous_Snake,0.0023222288582473993,0.9953494349028915,NO,YES,YES,HIGH,NO
test/Non_Venomous_Snake/Banded-Racer-3-700x417.jpg,Non_Venomous_Snake,Non_Venomous_Snake,0.9983963370323181,Venomous_Snake,0.0016036699526011944,0.9967926670797169,Non_Venomous_Snake,0.9730889797210693,Venomous_Snake,0.026910439133644104,0.9461785405874252,NO,YES,YES,HIGH,NO
test/Non_Venomous_Snake/Banded_Racer_Argyrogena_fasciolata_by_Ashahar_alias_Krishna_Khan.jpg,Non_Venomous_Snake,Non_Venomous_Snake,0.5449572205543518,Venomous_Snake,0.4550418257713318,0.08991539478302002,Non_Venomous_Snake,0.8711025714874268,Venomous_Snake,0.1288970559835434,0.7422055155038834,NO,YES,YES,HIGH,NO
test/Non_Venomous_Snake/Natrix piscator.jpg,Non_Venomous_Snake,Non_Venomous_Snake,0.9988694787025452,Venomous_Snake,0.0011303586652502418,0.9977391200372949,Non_Venomous_Snake,0.9983590245246887,Venomous_Snake,0.0016409303061664104,0.9967180942185223,NO,YES,YES,HIGH,NO
test/Non_Venomous_Snake/PICT6251_fcw.jpg,Non_Venomous_Snake,Non_Venomous_Snake,0.9987939596176147,Venomous_Snake,0.0010180334793403745,0.9977759261382744,Non_Venomous_Snake,0.9799760580062866,Venomous_Snake,0.019877910614013672,0.960098147392273,NO,YES,YES,HIGH,NO
test/Non_Venomous_Snake/Xenochrophis_piscator_at_Kadavoor.jpg,Non_Venomous_Snake,Non_Venomous_Snake,0.9707019329071045,Venomous_Snake,0.029292399063706398,0.9414095338433981,Non_Venomous_Snake,0.8799543976783752,Venomous_Snake,0.11996762454509735,0.7599867731332779,NO,YES,YES,HIGH,NO
test/Non_Venomous_Snake/banded Racer_001.jpg,Non_Venomous_Snake,Non_Venomous_Snake,0.98689204454422,Venomous_Snake,0.013107976876199245,0.9737840676680207,Non_Venomous_Snake,0.9753170013427734,Venomous_Snake,0.024682942777872086,0.9506340585649014,NO,YES,YES,HIGH,NO
test/Non_Venomous_Snake/banded-racer-argyrogena-fasciolata-juvenile-non-venomous-locality-DCDHTP.jpg,Non_Venomous_Snake,Non_Venomous_Snake,0.8680048584938049,Venomous_Snake,0.1319946050643921,0.7360102534294128,Non_Venomous_Snake,0.588330090045929,Venomous_Snake,0.41166841983795166,0.1766616702079773,NO,YES,YES,LOW,YES
test/Non_Venomous_Snake/banded-racer-argyrogena-fasciolata-juvenile-non-venomous-locality-h9et85.jpg,Non_Venomous_Snake,Non_Venomous_Snake,0.8193209171295166,Venomous_Snake,0.18067912757396698,0.6386417895555496,Venomous_Snake,0.8592814803123474,Non_Venomous_Snake,0.14071816205978394,0.7185633182525635,YES,YES,NO,HIGH,NO
test/Non_Venomous_Snake/banded-racer-argyrogena-fasciolata-ncbs-bangalore-india-f7n70b.jpg,Non_Venomous_Snake,Non_Venomous_Snake,0.9752760529518127,Venomous_Snake,0.02472386509180069,0.950552187860012,Non_Venomous_Snake,0.7722676992416382,Venomous_Snake,0.22773216664791107,0.5445355325937271,NO,YES,YES,MODERATE,NO
test/Non_Venomous_Snake/banded-racer-argyrogena-fasciolata-non-venomous-not-common-biting-ac6488.jpg,Non_Venomous_Snake,Non_Venomous_Snake,0.9987356066703796,Venomous_Snake,0.0012634734157472849,0.9974721332546324,Non_Venomous_Snake,0.9986901879310608,Venomous_Snake,0.0013080477947369218,0.9973821401363239,NO,YES,YES,HIGH,NO
test/Non_Venomous_Snake/banded-racer-argyrogena-fasciolata-non-venomous-not-common-juvenile-A6TT4N.jpg,Non_Venomous_Snake,Non_Venomous_Snake,0.9712265729904175,Venomous_Snake,0.02877327986061573,0.9424532931298018,Non_Venomous_Snake,0.7027277946472168,Venomous_Snake,0.2972716987133026,0.4054560959339142,NO,YES,YES,MODERATE,NO
test/Non_Venomous_Snake/banded-racer-argyrogena-fasciolata-non-venomous-not-common-juvenile-A6TT4T.jpg,Non_Venomous_Snake,Non_Venomous_Snake,0.9874958992004395,Venomous_Snake,0.012504039332270622,0.9749918598681688,Non_Venomous_Snake,0.8983450531959534,Venomous_Snake,0.10165443271398544,0.7966906204819679,NO,YES,YES,HIGH,NO
test/Non_Venomous_Snake/banded-racer-argyrogena-fasciolata-non-venomous-not-common-kalbeliya-AT2BHP.jpg,Non_Venomous_Snake,Venomous_Snake,0.958026111125946,Non_Venomous_Snake,0.041945382952690125,0.9160807281732559,Venomous_Snake,0.9884588122367859,Non_Venomous_Snake,0.011250427924096584,0.9772083843126893,NO,NO,NO,HIGH,NO
test/Non_Venomous_Snake/banded-racerargyrogena-fasciolata-ncbs-bangalore-india-f7n6yr.jpg,Non_Venomous_Snake,Non_Venomous_Snake,0.9656478762626648,Venomous_Snake,0.03435135260224342,0.9312965236604214,Non_Venomous_Snake,0.9610698819160461,Venomous_Snake,0.038929421454668045,0.9221404604613781,NO,YES,YES,HIGH,NO
test/Non_Venomous_Snake/banded.jpg,Non_Venomous_Snake,Non_Venomous_Snake,0.8871835470199585,Venomous_Snake,0.11281640082597733,0.7743671461939812,Non_Venomous_Snake,0.5987629890441895,Venomous_Snake,0.4012371003627777,0.19752588868141174,NO,YES,YES,LOW,YES
test/Non_Venomous_Snake/banded_racer2.JPG,Non_Venomous_Snake,Non_Venomous_Snake,0.9596182107925415,Venomous_Snake,0.03998161479830742,0.9196365959942341,Non_Venomous_Snake,0.9206165075302124,Venomous_Snake,0.07575999945402145,0.844856508076191,NO,YES,YES,HIGH,NO
test/Non_Venomous_Snake/bandedd.jpg,Non_Venomous_Snake,Non_Venomous_Snake,0.9981278777122498,Venomous_Snake,0.0018720055231824517,0.9962558721890673,Non_Venomous_Snake,0.9834833145141602,Venomous_Snake,0.01651596836745739,0.9669673461467028,NO,YES,YES,HIGH,NO
test/Non_Venomous_Snake/flagellum_19mar11_1b.jpg,Non_Venomous_Snake,Non_Venomous_Snake,0.9973588585853577,Venomous_Snake,0.002641049912199378,0.9947178086731583,Non_Venomous_Snake,0.984660804271698,Venomous_Snake,0.015338766388595104,0.9693220378831029,NO,YES,YES,HIGH,NO
test/Non_Venomous_Snake/img6.jpg,Non_Venomous_Snake,Non_Venomous_Snake,0.9346027374267578,Venomous_Snake,0.06539313495159149,0.8692096024751663,Non_Venomous_Snake,0.7549598217010498,Venomous_Snake,0.24502620100975037,0.5099336206912994,NO,YES,YES,MODERATE,NO
test/Non_Venomous_Snake/maxresdefault_006.jpg,Non_Venomous_Snake,Non_Venomous_Snake,0.9810971021652222,Venomous_Snake,0.018902359530329704,0.9621947426348925,Non_Venomous_Snake,0.9783260822296143,Venomous_Snake,0.02167344279587269,0.9566526394337416,NO,YES,YES,HIGH,NO
test/Non_Venomous_Snake/medium.JPG,Non_Venomous_Snake,Non_Venomous_Snake,0.9967513084411621,Venomous_Snake,0.003248716937378049,0.9935025915037841,Non_Venomous_Snake,0.9773336052894592,Venomous_Snake,0.0226662028580904,0.9546674024313688,NO,YES,YES,HIGH,NO
test/Non_Venomous_Snake/stock-photo-green-snake-checkered-keelback-xenochrophis-piscator-621348263.jpg,Non_Venomous_Snake,Non_Venomous_Snake,0.9998877048492432,Venomous_Snake,0.00011227327195229009,0.9997754315772909,Non_Venomous_Snake,0.9997876286506653,Venomous_Snake,0.00021236184693407267,0.9995752668037312,NO,YES,YES,HIGH,NO
test/Non_Venomous_Snake/stock-photo-green-snake-checkered-keelback-xenochrophis-piscator-621348284.jpg,Non_Venomous_Snake,Non_Venomous_Snake,0.9913852214813232,Venomous_Snake,0.008614436723291874,0.9827707847580314,Non_Venomous_Snake,0.9965084195137024,Venomous_Snake,0.003491420764476061,0.9930169987492263,NO,YES,YES,HIGH,NO
test/Non_Venomous_Snake/stock-photo-green-snake-checkered-keelback-xenochrophis-piscator-621348332.jpg,Non_Venomous_Snake,Non_Venomous_Snake,0.9500409364700317,Venomous_Snake,0.04994634538888931,0.9000945910811424,Non_Venomous_Snake,0.9485740065574646,Venomous_Snake,0.05141704902052879,0.8971569575369358,NO,YES,YES,HIGH,NO
test/Non_Venomous_Snake/stock-photo-green-snake-checkered-keelback-xenochrophis-piscator-621348356.jpg,Non_Venomous_Snake,Non_Venomous_Snake,0.9573488235473633,Venomous_Snake,0.04261986166238785,0.9147289618849754,Non_Venomous_Snake,0.8597636222839355,Venomous_Snake,0.14021208882331848,0.7195515334606171,NO,YES,YES,HIGH,NO
test/Non_Venomous_Snake/stunningly-beautiful-snake-with-clear-checkered-marks.jpg,Non_Venomous_Snake,Non_Venomous_Snake,0.999416708946228,Venomous_Snake,0.0005832606693729758,0.998833448276855,Non_Venomous_Snake,0.9985040426254272,Venomous_Snake,0.001495992299169302,0.9970080503262579,NO,YES,YES,HIGH,NO
test/Non_Venomous_Snake/xenochrophis-piscator-checkered-keelback-non-venomous-arunachal-pradesh-h9erhb.jpg,Non_Venomous_Snake,Non_Venomous_Snake,0.9865416288375854,Venomous_Snake,0.013458266854286194,0.9730833619832993,Non_Venomous_Snake,0.7182138562202454,Venomous_Snake,0.2817857563495636,0.43642809987068176,NO,YES,YES,MODERATE,NO
test/Non_Venomous_Snake/xenochrophis-piscator-checkered-keelback-water-snake-close-up-non-h9erxp.jpg,Non_Venomous_Snake,Non_Venomous_Snake,0.7151012420654297,Venomous_Snake,0.2848985493183136,0.4302026927471161,Non_Venomous_Snake,0.893771231174469,Venomous_Snake,0.10622873902320862,0.7875424921512604,NO,YES,YES,HIGH,NO
test/Non_Venomous_Snake/xenochrophis-piscator-checkered-keelback-water-snake-non-venomous-DFBH00.jpg,Non_Venomous_Snake,Venomous_Snake,0.9424067139625549,Non_Venomous_Snake,0.05759330466389656,0.8848134092986584,Venomous_Snake,0.7864259481430054,Non_Venomous_Snake,0.21357372403144836,0.572852224111557,NO,NO,NO,MODERATE,NO
test/Non_Venomous_Snake/xenochrophis-piscator-checkered-keelback-water-snake-non-venomous-H9ERXF.jpg,Non_Venomous_Snake,Non_Venomous_Snake,0.9571405053138733,Venomous_Snake,0.042859502136707306,0.914281003177166,Non_Venomous_Snake,0.9446576237678528,Venomous_Snake,0.055342402309179306,0.8893152214586735,NO,YES,YES,HIGH,NO
test/Non_Venomous_Snake/xenochrophis-piscator-checkered-keelback-water-snake-non-venomous-h9ertg.jpg,Non_Venomous_Snake,Non_Venomous_Snake,0.9927846193313599,Venomous_Snake,0.007181861903518438,0.9856027574278414,Non_Venomous_Snake,0.9940810799598694,Venomous_Snake,0.005910619627684355,0.988170460332185,NO,YES,YES,HIGH,NO
test/Non_Venomous_Snake/xenochrophis-piscator-checkered-keelback-water-snake-non-venomous-h9erxh.jpg,Non_Venomous_Snake,Non_Venomous_Snake,0.8017246127128601,Venomous_Snake,0.19827541708946228,0.6034491956233978,Non_Venomous_Snake,0.859730064868927,Venomous_Snake,0.14026987552642822,0.7194601893424988,NO,YES,YES,HIGH,NO
test/Non_Venomous_Snake/xenochrophis-piscator-checkered-keelback-water-snake-non-venomous-h9erxk.jpg,Non_Venomous_Snake,Non_Venomous_Snake,0.9520492553710938,Venomous_Snake,0.04795065149664879,0.904098603874445,Non_Venomous_Snake,0.9271917343139648,Venomous_Snake,0.07280807942152023,0.8543836548924446,NO,YES,YES,HIGH,NO
test/Non_Venomous_Snake/yellow-spotted-keelback-11-26-10-in-payao-province-31.jpg,Non_Venomous_Snake,Non_Venomous_Snake,0.6804293394088745,Venomous_Snake,0.31956079602241516,0.36086854338645935,Venomous_Snake,0.5736656188964844,Non_Venomous_Snake,0.4263332784175873,0.1473323404788971,YES,YES,NO,LOW,YES
test/Non_Venomous_Snake/yellow-spotted-keelback-11-26-10-in-payao-province1.jpg,Non_Venomous_Snake,Non_Venomous_Snake,0.8931412100791931,Venomous_Snake,0.10685836523771286,0.7862828448414803,Non_Venomous_Snake,0.6145296096801758,Venomous_Snake,0.38547012209892273,0.22905948758125305,NO,YES,YES,MODERATE,NO
test/Non_Venomous_Snake/yellow-spotted-keelback-3-17-11-in-ramkhamhaeng.jpg,Non_Venomous_Snake,Non_Venomous_Snake,0.9999829530715942,Venomous_Snake,1.7045022104866803e-05,0.9999659080494894,Non_Venomous_Snake,0.9998615980148315,Venomous_Snake,0.00013837910955771804,0.9997232189052738,NO,YES,YES,HIGH,NO
test/Non_Venomous_Snake/yellow-spotted-keelback-xenocropis-flavipunctus-vietnam-alex-krohn-21.jpg,Non_Venomous_Snake,Non_Venomous_Snake,0.9516807198524475,Venomous_Snake,0.04831843823194504,0.9033622816205025,Non_Venomous_Snake,0.8910346031188965,Venomous_Snake,0.10896136611700058,0.7820732370018959,NO,YES,YES,HIGH,NO
test/Non_Venomous_Snake/yellowspottedkeelback.jpg,Non_Venomous_Snake,Venomous_Snake,0.7904003262519836,Non_Venomous_Snake,0.2095990777015686,0.580801248550415,Venomous_Snake,0.9662836790084839,Non_Venomous_Snake,0.03371313586831093,0.932570543140173,NO,NO,NO,HIGH,NO
test/Venomous_Snake/0.jpg,Venomous_Snake,Venomous_Snake,0.9993484616279602,Non_Venomous_Snake,0.000651417241897434,0.9986970443860628,Venomous_Snake,0.9996263980865479,Non_Venomous_Snake,0.0003735913196578622,0.99925280676689,NO,YES,YES,HIGH,NO
test/Venomous_Snake/00409260.jpg,Venomous_Snake,Venomous_Snake,0.9973868727684021,Non_Venomous_Snake,0.002605245914310217,0.9947816268540919,Venomous_Snake,0.9988275170326233,Non_Venomous_Snake,0.0011676277499645948,0.9976598892826587,NO,YES,YES,HIGH,NO
test/Venomous_Snake/00550438.jpg,Venomous_Snake,Venomous_Snake,0.9100675582885742,Non_Venomous_Snake,0.08992046117782593,0.8201470971107483,Venomous_Snake,0.9429376125335693,Non_Venomous_Snake,0.05704615265130997,0.8858914598822594,NO,YES,YES,HIGH,NO
test/Venomous_Snake/0191.jpg,Venomous_Snake,Venomous_Snake,0.9999442100524902,Non_Venomous_Snake,5.5590655392734334e-05,0.9998886193970975,Venomous_Snake,0.9999978542327881,Non_Venomous_Snake,2.0562754343700362e-06,0.9999957979573537,NO,YES,YES,HIGH,NO
test/Venomous_Snake/01AS-QYGA.jpg,Venomous_Snake,Venomous_Snake,0.9999624490737915,Non_Venomous_Snake,3.747584923985414e-05,0.9999249732245516,Venomous_Snake,0.9999923706054688,Non_Venomous_Snake,7.60804368837853e-06,0.9999847625617804,NO,YES,YES,HIGH,NO
test/Venomous_Snake/01DSC_6599.JPG,Venomous_Snake,Venomous_Snake,0.7065824866294861,Non_Venomous_Snake,0.2934175133705139,0.41316497325897217,Non_Venomous_Snake,0.5981996655464172,Venomous_Snake,0.40180036425590515,0.19639930129051208,YES,YES,NO,LOW,YES
test/Venomous_Snake/025c68f55a8efc9290a8435db743bbf3--the-big-four-the-ojays.jpg,Venomous_Snake,Venomous_Snake,0.9997255206108093,Non_Venomous_Snake,0.00027436751406639814,0.9994511530967429,Venomous_Snake,0.9995406866073608,Non_Venomous_Snake,0.00045907535240985453,0.999081611254951,NO,YES,YES,HIGH,NO
test/Venomous_Snake/02tvCommon_Krait__S_824501g.jpg,Venomous_Snake,Venomous_Snake,0.9998641014099121,Non_Venomous_Snake,0.00013562338426709175,0.999728478025645,Venomous_Snake,0.9999814033508301,Non_Venomous_Snake,1.8523885955801234e-05,0.9999628794648743,NO,YES,YES,HIGH,NO
test/Venomous_Snake/03 Spectacled Cobra 1.JPG,Venomous_Snake,Venomous_Snake,0.9995365142822266,Non_Venomous_Snake,0.00046313222264871,0.9990733820595779,Venomous_Snake,0.9999741315841675,Non_Venomous_Snake,2.5502531570964493e-05,0.9999486290525965,NO,YES,YES,HIGH,NO
test/Venomous_Snake/0390.jpg,Venomous_Snake,Venomous_Snake,0.9999942779541016,Non_Venomous_Snake,5.71082682654378e-06,0.999988567127275,Venomous_Snake,0.9999985694885254,Non_Venomous_Snake,1.4540736401613685e-06,0.9999971154148852,NO,YES,YES,HIGH,NO
test/Venomous_Snake/03cobra.jpg,Venomous_Snake,Venomous_Snake,0.9996047616004944,Non_Venomous_Snake,0.000392294634366408,0.999212466966128,Venomous_Snake,0.9951813817024231,Non_Venomous_Snake,0.004811152815818787,0.9903702288866043,NO,YES,YES,HIGH,NO
test/Venomous_Snake/0442c0e88fb9b22c0d608a9b25577469--naja-cobra.jpg,Venomous_Snake,Venomous_Snake,1.0,Non_Venomous_Snake,4.048075763485315e-10,0.9999999995951925,Venomous_Snake,1.0,Elephant,3.8478178976397714e-10,0.9999999996152182,NO,YES,YES,HIGH,NO
test/Venomous_Snake/0499.jpg,Venomous_Snake,Venomous_Snake,0.9998117089271545,Non_Venomous_Snake,0.00018823484424501657,0.9996234740829095,Venomous_Snake,0.9999037981033325,Non_Venomous_Snake,9.600412158761173e-05,0.9998077939817449,NO,YES,YES,HIGH,NO
test/Venomous_Snake/0564.jpg,Venomous_Snake,Venomous_Snake,0.9998465776443481,Non_Venomous_Snake,0.0001532592868898064,0.9996933183574583,Venomous_Snake,0.9993512034416199,Non_Venomous_Snake,0.0006480620941147208,0.9987031413475052,NO,YES,YES,HIGH,NO
test/Venomous_Snake/06.jpg,Venomous_Snake,Venomous_Snake,0.9997130036354065,Non_Venomous_Snake,0.0002869546879082918,0.9994260489474982,Venomous_Snake,0.9999276399612427,Non_Venomous_Snake,7.236928649945185e-05,0.9998552706747432,NO,YES,YES,HIGH,NO
test/Venomous_Snake/08JulPykke02 viper.ART_G835841D7.1+09THRUSSELL_VIPER_2.jpg,Venomous_Snake,Venomous_Snake,0.9253543019294739,Non_Venomous_Snake,0.07464572042226791,0.850708581507206,Venomous_Snake,0.9848150014877319,Non_Venomous_Snake,0.015184925869107246,0.9696300756186247,NO,YES,YES,HIGH,NO
test/Venomous_Snake/0_7a209fcba04a5c21f4181e692723c0ca.jpg,Venomous_Snake,Venomous_Snake,0.9999983310699463,Non_Venomous_Snake,1.501069164078217e-06,0.9999968300007822,Venomous_Snake,0.9999984502792358,Non_Venomous_Snake,1.1178630074937246e-06,0.9999973324162283,NO,YES,YES,HIGH,NO
test/Venomous_Snake/1 (2).jpg,Venomous_Snake,Venomous_Snake,0.9972381591796875,Non_Venomous_Snake,0.0027470325585454702,0.994491126621142,Venomous_Snake,0.9996895790100098,Non_Venomous_Snake,0.00030747236451134086,0.9993821066454984,NO,YES,YES,HIGH,NO
test/Venomous_Snake/1 (3).jpg,Venomous_Snake,Venomous_Snake,0.9381643533706665,Non_Venomous_Snake,0.06183546409010887,0.8763288892805576,Venomous_Snake,0.9350365996360779,Non_Venomous_Snake,0.06496217101812363,0.8700744286179543,NO,YES,YES,HIGH,NO
test/Venomous_Snake/1-Common-Indian-Krait-Bungarus-Caeruleus.jpg,Venomous_Snake,Venomous_Snake,0.9836836457252502,Non_Venomous_Snake,0.016316324472427368,0.9673673212528229,Venomous_Snake,0.9987218976020813,Non_Venomous_Snake,0.0012780299875885248,0.9974438676144928,NO,YES,YES,HIGH,NO
test/Venomous_Snake/1-s2.0-S1080603207702168-gr1.jpg,Venomous_Snake,Venomous_Snake,0.9878707528114319,Non_Venomous_Snake,0.012114407494664192,0.9757563453167677,Venomous_Snake,0.9992382526397705,Non_Venomous_Snake,0.0007543807732872665,0.9984838718664832,NO,YES,YES,HIGH,NO
test/Venomous_Snake/1.jpg,Venomous_Snake,Venomous_Snake,0.9870505332946777,Non_Venomous_Snake,0.012949265539646149,0.9741012677550316,Venomous_Snake,0.9818430542945862,Non_Venomous_Snake,0.018156666308641434,0.9636863879859447,NO,YES,YES,HIGH,NO
test/Venomous_Snake/1015822449_d6aa87bc25.jpg,Venomous_Snake,Non_Venomous_Snake,0.7369141578674316,Venomous_Snake,0.2630853056907654,0.47382885217666626,Venomous_Snake,0.6747465133666992,Non_Venomous_Snake,0.32525309920310974,0.3494934141635895,YES,NO,YES,MODERATE,NO
test/Venomous_Snake/11.Monocled Cobra.jpg,Venomous_Snake,Venomous_Snake,0.9998559951782227,Non_Venomous_Snake,0.00014268314407672733,0.9997133120341459,Venomous_Snake,0.9999567270278931,Non_Venomous_Snake,3.5057215427514166e-05,0.9999216698124656,NO,YES,YES,HIGH,NO
test/Venomous_Snake/1124russviper001.JPG,Venomous_Snake,Venomous_Snake,0.6923288702964783,Non_Venomous_Snake,0.30767086148262024,0.38465800881385803,Venomous_Snake,0.9590049386024475,Non_Venomous_Snake,0.04099482297897339,0.9180101156234741,NO,YES,YES,HIGH,NO
test/Venomous_Snake/114-viper.jpg,Venomous_Snake,Venomous_Snake,0.9992660880088806,Non_Venomous_Snake,0.0007322055171243846,0.9985338824917562,Venomous_Snake,0.9998028874397278,Non_Venomous_Snake,0.00019624365086201578,0.9996066437888658,NO,YES,YES,HIGH,NO
test/Venomous_Snake/119.jpg,Venomous_Snake,Venomous_Snake,0.9364665746688843,Non_Venomous_Snake,0.06353334337472916,0.8729332312941551,Venomous_Snake,0.9893186688423157,Non_Venomous_Snake,0.010680979117751122,0.9786376897245646,NO,YES,YES,HIGH,NO
test/Venomous_Snake/12.SNAKECONFLICT2008SLIDE-1.jpg,Venomous_Snake,Venomous_Snake,0.9881195425987244,Non_Venomous_Snake,0.011880218982696533,0.9762393236160278,Venomous_Snake,0.9691264033317566,Non_Venomous_Snake,0.030872996896505356,0.9382534064352512,NO,YES,YES,HIGH,NO
test/Venomous_Snake/12700.jpg,Venomous_Snake,Venomous_Snake,0.9999868869781494,Non_Venomous_Snake,1.310549214394996e-05,0.9999737814860055,Venomous_Snake,0.9998607635498047,Non_Venomous_Snake,0.0001390475663356483,0.999721715983469,NO,YES,YES,HIGH,NO
test/Venomous_Snake/13-F-Keels--Scales-of-the-Saw-scaled-Viper.jpg,Venomous_Snake,Deer,0.5760765075683594,Wild_Boar,0.17024339735507965,0.4058331102132797,Deer,0.6591646075248718,Wild_Boar,0.2901622951030731,0.3690023124217987,NO,NO,NO,MODERATE,NO
test/Venomous_Snake/1317472028Naja kauthia.jpg,Venomous_Snake,Venomous_Snake,0.9998928308486938,Non_Venomous_Snake,0.00010716239194152877,0.9997856684567523,Venomous_Snake,0.9999569654464722,Non_Venomous_Snake,4.302319575799629e-05,0.9999139422507142,NO,YES,YES,HIGH,NO
test/Venomous_Snake/13350233_1079893875431314_5715026036656697829_o.jpg,Venomous_Snake,Non_Venomous_Snake,0.9715645909309387,Venomous_Snake,0.028435345739126205,0.9431292451918125,Non_Venomous_Snake,0.9237586259841919,Venomous_Snake,0.076241135597229,0.8475174903869629,NO,NO,NO,HIGH,NO
test/Venomous_Snake/13582625-king-cobra-Ophiophagus-hannah-poisonous-white-background-Stock-Photo.jpg,Venomous_Snake,Venomous_Snake,0.9996680021286011,Non_Venomous_Snake,0.0003319548850413412,0.9993360472435597,Venomous_Snake,0.9995219707489014,Non_Venomous_Snake,0.00047605164581909776,0.9990459191030823,NO,YES,YES,HIGH,NO
test/Venomous_Snake/160110 100lop.jpg,Venomous_Snake,Venomous_Snake,1.0,Non_Venomous_Snake,3.1432585700930105e-11,0.9999999999685674,Venomous_Snake,1.0,Non_Venomous_Snake,7.118398925864966e-11,0.999999999928816,NO,YES,YES,HIGH,NO
test/Venomous_Snake/1930805.jpg,Venomous_Snake,Venomous_Snake,1.0,Non_Venomous_Snake,6.7196435915573e-11,0.9999999999328035,Venomous_Snake,1.0,Non_Venomous_Snake,1.9195747422151577e-11,0.9999999999808042,NO,YES,YES,HIGH,NO
test/Venomous_Snake/2 (2).jpg,Venomous_Snake,Venomous_Snake,0.926306426525116,Non_Venomous_Snake,0.07368995249271393,0.852616474032402,Venomous_Snake,0.761205792427063,Non_Venomous_Snake,0.23877845704555511,0.5224273353815079,NO,YES,YES,MODERATE,NO
test/Venomous_Snake/2.jpg,Venomous_Snake,Venomous_Snake,0.9990515112876892,Non_Venomous_Snake,0.0009430047357454896,0.9981085065519437,Venomous_Snake,0.9988675117492676,Non_Venomous_Snake,0.0011032854672521353,0.9977642262820154,NO,YES,YES,HIGH,NO
test/Venomous_Snake/20090613_Daboia_russelii_Russells_Viper_Kettenviper_Pune.jpg,Venomous_Snake,Venomous_Snake,0.6902947425842285,Non_Venomous_Snake,0.30970528721809387,0.38058945536613464,Venomous_Snake,0.7263336777687073,Non_Venomous_Snake,0.2736663520336151,0.45266732573509216,NO,YES,YES,MODERATE,NO
test/Venomous_Snake/200px-Naja_kaouthia.jpg,Venomous_Snake,Venomous_Snake,0.9984764456748962,Non_Venomous_Snake,0.0015219749184325337,0.9969544707564637,Venomous_Snake,0.9968915581703186,Non_Venomous_Snake,0.0031014468986541033,0.9937901112716645,NO,YES,YES,HIGH,NO
test/Venomous_Snake/2013-KINGCOBRA-08.jpg,Venomous_Snake,Venomous_Snake,0.9999994039535522,Non_Venomous_Snake,5.068827135801257e-07,0.9999988970708387,Venomous_Snake,0.9999992847442627,Non_Venomous_Snake,4.617477600277198e-07,0.9999988229965027,NO,YES,YES,HIGH,NO
test/Venomous_Snake/20855503-Adult-Russell-s-Viper-Daboia-russelii-Tamil-Nadu-South-India-Stock-Photo.jpg,Venomous_Snake,Venomous_Snake,0.9944841265678406,Non_Venomous_Snake,0.005515345837920904,0.9889687807299197,Venomous_Snake,0.9999781847000122,Non_Venomous_Snake,2.1767116777482443e-05,0.9999564175832347,NO,YES,YES,HIGH,NO
test/Venomous_Snake/20855505-Camouflage-pattern-on-adult-Russell-s-Viper-Daboia-russelii-Tamil-Nadu-South-India-Stock-Photo.jpg,Venomous_Snake,Venomous_Snake,0.9222201704978943,Non_Venomous_Snake,0.07777965813875198,0.8444405123591423,Venomous_Snake,0.9979363679885864,Non_Venomous_Snake,0.002063567051663995,0.9958728009369224,NO,YES,YES,HIGH,NO
test/Venomous_Snake/2180514e186a040692de298c7be66e95.jpg,Venomous_Snake,Venomous_Snake,0.9999933242797852,Non_Venomous_Snake,6.6633060669119e-06,0.9999866609737182,Venomous_Snake,0.999946117401123,Non_Venomous_Snake,5.384122414398007e-05,0.9998922761769791,NO,YES,YES,HIGH,NO
test/Venomous_Snake/2186482800_bfcf31f866_b.jpg,Venomous_Snake,Venomous_Snake,0.9999901056289673,Non_Venomous_Snake,9.682641575636808e-06,0.9999804229873916,Venomous_Snake,0.9998480081558228,Non_Venomous_Snake,0.00015177040768321604,0.9996962377481395,NO,YES,YES,HIGH,NO
test/Venomous_Snake/220px-King-Cobra.jpg,Venomous_Snake,Venomous_Snake,0.9999998807907104,Elephant,1.2165006069153605e-07,0.9999997591406498,Venomous_Snake,0.9999991655349731,Elephant,7.512387583119562e-07,0.9999984142962148,NO,YES,YES,HIGH,NO
test/Venomous_Snake/220px-Naja_naja_(Indian_cobra).jpg,Venomous_Snake,Non_Venomous_Snake,0.8289154767990112,Venomous_Snake,0.17106647789478302,0.6578489989042282,Venomous_Snake,0.7236132025718689,Non_Venomous_Snake,0.2728668451309204,0.4507463574409485,YES,NO,YES,MODERATE,NO
test/Venomous_Snake/220px-Russells_viper_in_pune_zoo.jpg,Venomous_Snake,Non_Venomous_Snake,0.5864547491073608,Venomous_Snake,0.41354504227638245,0.1729097068309784,Non_Venomous_Snake,0.754652738571167,Venomous_Snake,0.24534687399864197,0.509305864572525,NO,NO,NO,MODERATE,NO
test/Venomous_Snake/220px-Spectacled_cobra.JPG,Venomous_Snake,Venomous_Snake,0.998542070388794,Non_Venomous_Snake,0.0014430286828428507,0.9970990417059511,Venomous_Snake,0.9992069602012634,Non_Venomous_Snake,0.0007634363137185574,0.9984435238875449,NO,YES,YES,HIGH,NO
test/Venomous_Snake/225296_10150320235058504_683593503_10024128_7013317_n.jpg,Venomous_Snake,Venomous_Snake,0.9999809265136719,Non_Venomous_Snake,1.894753768283408e-05,0.999961978975989,Venomous_Snake,0.9998927116394043,Non_Venomous_Snake,0.00010630957694957033,0.9997864020624547,NO,YES,YES,HIGH,NO
test/Venomous_Snake/235edf110f56286064e2f303e6006fb8--pet-peeves-cobra-snake.jpg,Venomous_Snake,Venomous_Snake,0.9999998807907104,Elephant,9.779200382808995e-08,0.9999997829987066,Venomous_Snake,0.9999995231628418,Elephant,2.485243442151841e-07,0.9999992746384976,NO,YES,YES,HIGH,NO
test/Venomous_Snake/252576_10150346420778504_683593503_10295742_5461375_n.jpg,Venomous_Snake,Venomous_Snake,0.8447301387786865,Non_Venomous_Snake,0.15526989102363586,0.6894602477550507,Venomous_Snake,0.6720262765884399,Non_Venomous_Snake,0.3279736042022705,0.34405267238616943,NO,YES,YES,MODERATE,NO
test/Venomous_Snake/26.jpg,Venomous_Snake,Venomous_Snake,0.7489269375801086,Non_Venomous_Snake,0.250875860452652,0.49805107712745667,Venomous_Snake,0.6514589786529541,Non_Venomous_Snake,0.3485313057899475,0.3029276728630066,NO,YES,YES,MODERATE,NO
test/Venomous_Snake/263591_10150346421368504_683593503_10295748_8378405_n (6).jpg,Venomous_Snake,Venomous_Snake,0.999196469783783,Non_Venomous_Snake,0.0008035217761062086,0.9983929480076768,Venomous_Snake,0.9971217513084412,Non_Venomous_Snake,0.00287722609937191,0.9942445252090693,NO,YES,YES,HIGH,NO
test/Venomous_Snake/27.jpg,Venomous_Snake,Venomous_Snake,0.9939380884170532,Non_Venomous_Snake,0.00606183847412467,0.9878762499429286,Venomous_Snake,0.9946523904800415,Non_Venomous_Snake,0.005347525235265493,0.989304865244776,NO,YES,YES,HIGH,NO
test/Venomous_Snake/2962717801_da28a393d6.jpg,Venomous_Snake,Venomous_Snake,0.9999974966049194,Non_Venomous_Snake,2.486264065737487e-06,0.9999950103408537,Venomous_Snake,0.9999692440032959,Non_Venomous_Snake,2.967240106954705e-05,0.9999395716022264,NO,YES,YES,HIGH,NO
test/Venomous_Snake/2E69467C00000578-3317003-image-m-26_1447421012740.jpg,Venomous_Snake,Non_Venomous_Snake,0.6597678661346436,Venomous_Snake,0.3402317762374878,0.31953608989715576,Venomous_Snake,0.9551801681518555,Non_Venomous_Snake,0.04481887072324753,0.9103612974286079,YES,NO,YES,HIGH,NO
test/Venomous_Snake/3 (2).jpg,Venomous_Snake,Venomous_Snake,0.9968056678771973,Non_Venomous_Snake,0.0031938457395881414,0.9936118221376091,Venomous_Snake,0.9938300251960754,Non_Venomous_Snake,0.006167571060359478,0.987662454135716,NO,YES,YES,HIGH,NO
test/Venomous_Snake/3.jpg,Venomous_Snake,Venomous_Snake,0.9997795224189758,Non_Venomous_Snake,0.00022052371059544384,0.9995589987083804,Venomous_Snake,0.9998706579208374,Non_Venomous_Snake,0.0001292893721256405,0.9997413685487118,NO,YES,YES,HIGH,NO
test/Venomous_Snake/30 (2).jpg,Venomous_Snake,Venomous_Snake,0.7938060164451599,Non_Venomous_Snake,0.20616137981414795,0.587644636631012,Venomous_Snake,0.9494320154190063,Non_Venomous_Snake,0.05050810053944588,0.8989239148795605,NO,YES,YES,HIGH,NO
test/Venomous_Snake/30 (3).jpg,Venomous_Snake,Venomous_Snake,0.9933658242225647,Non_Venomous_Snake,0.006634112913161516,0.9867317113094032,Venomous_Snake,0.9937997460365295,Non_Venomous_Snake,0.006200242787599564,0.98759950324893,NO,YES,YES,HIGH,NO
test/Venomous_Snake/30.jpg,Venomous_Snake,Venomous_Snake,0.9998132586479187,Non_Venomous_Snake,0.0001839614997152239,0.9996292971482035,Venomous_Snake,0.9996160268783569,Non_Venomous_Snake,0.00037295525544323027,0.9992430716229137,NO,YES,YES,HIGH,NO
test/Venomous_Snake/31 copy.jpg,Venomous_Snake,Venomous_Snake,0.9995644688606262,Non_Venomous_Snake,0.0004353905387688428,0.9991290783218574,Venomous_Snake,0.9995989203453064,Non_Venomous_Snake,0.00040004891343414783,0.9991988714318722,NO,YES,YES,HIGH,NO
test/Venomous_Snake/3110614239_af173ac2ae.jpg,Venomous_Snake,Venomous_Snake,0.9999754428863525,Non_Venomous_Snake,1.3468982615449931e-05,0.9999619739037371,Venomous_Snake,0.9999074935913086,Non_Venomous_Snake,7.426324009429663e-05,0.9998332303512143,NO,YES,YES,HIGH,NO
test/Venomous_Snake/32 (2).jpg,Venomous_Snake,Venomous_Snake,0.9999390840530396,Non_Venomous_Snake,6.0923506680410355e-05,0.9998781605463591,Venomous_Snake,0.9999475479125977,Non_Venomous_Snake,5.250060712569393e-05,0.999895047305472,NO,YES,YES,HIGH,NO
test/Venomous_Snake/32.jpg,Venomous_Snake,Venomous_Snake,0.9999998807907104,Non_Venomous_Snake,9.322643990117285e-08,0.9999997875642705,Venomous_Snake,0.9999994039535522,Non_Venomous_Snake,5.103479452372994e-07,0.999998893605607,NO,YES,YES,HIGH,NO
test/Venomous_Snake/34.jpg,Venomous_Snake,Venomous_Snake,0.9718598127365112,Non_Venomous_Snake,0.028119200840592384,0.9437406118959188,Venomous_Snake,0.9962700605392456,Non_Venomous_Snake,0.003724259091541171,0.9925458014477044,NO,YES,YES,HIGH,NO
test/Venomous_Snake/35.jpg,Venomous_Snake,Venomous_Snake,0.9971446394920349,Non_Venomous_Snake,0.002855385420843959,0.994289254071191,Venomous_Snake,0.9909636974334717,Non_Venomous_Snake,0.009036259725689888,0.9819274377077818,NO,YES,YES,HIGH,NO
test/Venomous_Snake/37.jpg,Venomous_Snake,Venomous_Snake,0.9997658133506775,Non_Venomous_Snake,0.00023414831957779825,0.9995316650310997,Venomous_Snake,0.9998410940170288,Non_Venomous_Snake,0.00015883373271208256,0.9996822602843167,NO,YES,YES,HIGH,NO
test/Venomous_Snake/38 (2).jpg,Venomous_Snake,Venomous_Snake,0.7044952511787415,Non_Venomous_Snake,0.295503705739975,0.4089915454387665,Venomous_Snake,0.7863964438438416,Non_Venomous_Snake,0.21360135078430176,0.5727950930595398,NO,YES,YES,MODERATE,NO
test/Venomous_Snake/38.jpg,Venomous_Snake,Venomous_Snake,0.9926418662071228,Non_Venomous_Snake,0.007353799883276224,0.9852880663238466,Venomous_Snake,0.9965600371360779,Non_Venomous_Snake,0.003430899465456605,0.9931291376706213,NO,YES,YES,HIGH,NO
test/Venomous_Snake/39e574b4966c870035f7e3c9378379b2.jpg,Venomous_Snake,Venomous_Snake,0.9870381355285645,Non_Venomous_Snake,0.012960494495928288,0.9740776410326362,Venomous_Snake,0.9780805110931396,Non_Venomous_Snake,0.021915433928370476,0.9561650771647692,NO,YES,YES,HIGH,NO
test/Venomous_Snake/3CA83C7400000578-4172360-image-m-57_1485792904526.jpg,Venomous_Snake,Venomous_Snake,0.7666494846343994,Deer,0.17662347853183746,0.590026006102562,Deer,0.9695917367935181,Cow,0.019195541739463806,0.9503961950540543,YES,YES,NO,HIGH,NO
test/Venomous_Snake/3D05259A00000578-4209222-image-a-31_1486675129282.jpg,Venomous_Snake,Venomous_Snake,0.9964995384216309,Elephant,0.003460549283772707,0.9930389891378582,Venomous_Snake,0.9997859597206116,Elephant,0.0002022554399445653,0.999583704280667,NO,YES,YES,HIGH,NO
test/Venomous_Snake/3ddc49b3f743b547e095a1fd910cb902--king-cobra-snakes.jpg,Venomous_Snake,Venomous_Snake,0.9981486797332764,Non_Venomous_Snake,0.0017677579307928681,0.9963809218024835,Venomous_Snake,0.9946348667144775,Non_Venomous_Snake,0.005264632403850555,0.989370234310627,NO,YES,YES,HIGH,NO
test/Venomous_Snake/3f7b41317b2248121c9fa4fbbff48074--cobra-snake-slytherin.jpg,Venomous_Snake,Venomous_Snake,1.0,Non_Venomous_Snake,2.4102119411395506e-08,0.9999999758978806,Venomous_Snake,0.9999996423721313,Elephant,2.1637150382503023e-07,0.9999994260006275,NO,YES,YES,HIGH,NO
test/Venomous_Snake/40.jpg,Venomous_Snake,Venomous_Snake,0.9936503767967224,Non_Venomous_Snake,0.006229895632714033,0.9874204811640084,Venomous_Snake,0.9923898577690125,Non_Venomous_Snake,0.007600423879921436,0.984789433889091,NO,YES,YES,HIGH,NO
test/Venomous_Snake/4179-39698.jpg,Venomous_Snake,Venomous_Snake,0.9990060925483704,Non_Venomous_Snake,0.0009913777466863394,0.998014714801684,Venomous_Snake,0.9998421669006348,Non_Venomous_Snake,0.0001534443290438503,0.9996887225715909,NO,YES,YES,HIGH,NO
test/Venomous_Snake/4182f3e0ec2558bb23cf61828f7c752d--king-cobra-southeast-asia.jpg,Venomous_Snake,Venomous_Snake,0.9999998807907104,Elephant,4.5166313356048704e-08,0.9999998356243971,Venomous_Snake,0.9999991655349731,Elephant,5.557324698202137e-07,0.9999986098025033,NO,YES,YES,HIGH,NO
test/Venomous_Snake/42.jpg,Venomous_Snake,Venomous_Snake,0.7654483914375305,Non_Venomous_Snake,0.2345498651266098,0.5308985263109207,Venomous_Snake,0.9364086389541626,Non_Venomous_Snake,0.0635903924703598,0.8728182464838028,NO,YES,YES,HIGH,NO
test/Venomous_Snake/426b89d75ff053790e7ec2abe117f78c--cobra-snake-poisonous-snakes.jpg,Venomous_Snake,Venomous_Snake,0.9999954700469971,Non_Venomous_Snake,4.347125923231943e-06,0.9999911229210738,Venomous_Snake,0.9999916553497314,Non_Venomous_Snake,6.0177767409186345e-06,0.9999856375729905,NO,YES,YES,HIGH,NO
test/Venomous_Snake/429462b69e738da2cc54bd5a8ef5b4b1.jpg,Venomous_Snake,Venomous_Snake,0.9980462789535522,Non_Venomous_Snake,0.0018219322664663196,0.9962243466870859,Venomous_Snake,0.9889168739318848,Non_Venomous_Snake,0.010359836742281914,0.9785570371896029,NO,YES,YES,HIGH,NO
test/Venomous_Snake/43.jpg,Venomous_Snake,Venomous_Snake,0.9890878200531006,Non_Venomous_Snake,0.010911136865615845,0.9781766831874847,Venomous_Snake,0.9985559582710266,Non_Venomous_Snake,0.0014417825732380152,0.9971141756977886,NO,YES,YES,HIGH,NO
test/Venomous_Snake/44.jpg,Venomous_Snake,Venomous_Snake,0.982029139995575,Non_Venomous_Snake,0.01797071471810341,0.9640584252774715,Venomous_Snake,0.9534894824028015,Non_Venomous_Snake,0.046510353684425354,0.9069791287183762,NO,YES,YES,HIGH,NO
test/Venomous_Snake/45.jpg,Venomous_Snake,Venomous_Snake,0.6624532341957092,Non_Venomous_Snake,0.3375464677810669,0.32490676641464233,Venomous_Snake,0.7992674708366394,Non_Venomous_Snake,0.20073175430297852,0.5985357165336609,NO,YES,YES,MODERATE,NO
test/Venomous_Snake/4975186.jpg,Venomous_Snake,Venomous_Snake,0.9999548196792603,Non_Venomous_Snake,4.5168311771703884e-05,0.9999096513674886,Venomous_Snake,0.9998996257781982,Non_Venomous_Snake,0.00010005767398979515,0.9997995681042084,NO,YES,YES,HIGH,NO
test/Venomous_Snake/5-dog-beat-cobra-795x447.jpg,Venomous_Snake,Deer,0.9473167061805725,Wild_Boar,0.051626596599817276,0.8956901095807552,Deer,0.9473614692687988,Wild_Boar,0.05127957835793495,0.8960818909108639,NO,NO,NO,HIGH,NO
test/Venomous_Snake/5.jpg,Venomous_Snake,Venomous_Snake,0.998831570148468,Non_Venomous_Snake,0.0011677813017740846,0.9976637888466939,Venomous_Snake,0.995952844619751,Non_Venomous_Snake,0.004045772831887007,0.991907071787864,NO,YES,YES,HIGH,NO
test/Venomous_Snake/501001_8697602067eba4ehhlpe07.jpg,Venomous_Snake,Venomous_Snake,0.6823623180389404,Non_Venomous_Snake,0.31763768196105957,0.36472463607788086,Venomous_Snake,0.6937426328659058,Non_Venomous_Snake,0.30625608563423157,0.3874865472316742,NO,YES,YES,MODERATE,NO
test/Venomous_Snake/501121_298677f067eba4fv1mjc07.jpg,Venomous_Snake,Venomous_Snake,0.9722437858581543,Non_Venomous_Snake,0.02775621972978115,0.9444875661283731,Venomous_Snake,0.9718526005744934,Non_Venomous_Snake,0.028147295117378235,0.9437053054571152,NO,YES,YES,HIGH,NO
test/Venomous_Snake/5207091.jpg,Venomous_Snake,Venomous_Snake,0.9998914003372192,Non_Venomous_Snake,0.00010858158202609047,0.9997828187551931,Venomous_Snake,0.9999465942382812,Non_Venomous_Snake,5.3345072956290096e-05,0.999893249165325,NO,YES,YES,HIGH,NO
test/Venomous_Snake/520e37a2-d600-4c4f-8f19-6b87429fc7a0.Full_.jpg,Venomous_Snake,Venomous_Snake,0.9974555373191833,Non_Venomous_Snake,0.00254253763705492,0.9949129996821284,Venomous_Snake,0.994411289691925,Non_Venomous_Snake,0.005577543284744024,0.988833746407181,NO,YES,YES,HIGH,NO
test/Venomous_Snake/5384077d7fe23.jpg,Venomous_Snake,Venomous_Snake,0.9115667939186096,Non_Venomous_Snake,0.04631839320063591,0.8652484007179737,Venomous_Snake,0.948648989200592,Elephant,0.04641159996390343,0.9022373892366886,NO,YES,YES,HIGH,NO
test/Venomous_Snake/5384096bcdfba.jpg,Venomous_Snake,Venomous_Snake,0.9980564713478088,Non_Venomous_Snake,0.0019433381967246532,0.9961131331510842,Venomous_Snake,0.9904614090919495,Non_Venomous_Snake,0.009536417201161385,0.9809249918907881,NO,YES,YES,HIGH,NO
test/Venomous_Snake/5384096bea0ed.jpg,Venomous_Snake,Venomous_Snake,0.9968591928482056,Non_Venomous_Snake,0.0031394152902066708,0.9937197775579989,Venomous_Snake,0.9988256096839905,Non_Venomous_Snake,0.0011696433648467064,0.9976559663191438,NO,YES,YES,HIGH,NO
test/Venomous_Snake/5384096c1c063.jpg,Venomous_Snake,Venomous_Snake,0.9999850988388062,Non_Venomous_Snake,1.4886459211993497e-05,0.9999702123795942,Venomous_Snake,0.9999994039535522,Non_Venomous_Snake,5.85618124659959e-07,0.9999988183354276,NO,YES,YES,HIGH,NO
test/Venomous_Snake/5419812_orig.jpg,Venomous_Snake,Venomous_Snake,0.9990500807762146,Non_Venomous_Snake,0.0009498281870037317,0.9981002525892109,Venomous_Snake,0.9981837868690491,Non_Venomous_Snake,0.0018121139146387577,0.9963716729544103,NO,YES,YES,HIGH,NO
test/Venomous_Snake/58680357_PW36.jpg,Venomous_Snake,Venomous_Snake,0.9999730587005615,Elephant,1.3585882697952911e-05,0.9999594728178636,Venomous_Snake,0.9998766183853149,Elephant,0.0001045259487000294,0.9997720924366149,NO,YES,YES,HIGH,NO
test/Venomous_Snake/58680358_PW36.jpg,Venomous_Snake,Venomous_Snake,0.9999996423721313,Elephant,2.283073001763114e-07,0.9999994140648312,Venomous_Snake,0.999998927116394,Elephant,9.223734878105461e-07,0.9999980047429062,NO,YES,YES,HIGH,NO
test/Venomous_Snake/58680361_PW36.jpg,Venomous_Snake,Venomous_Snake,0.9999988079071045,Non_Venomous_Snake,1.163499860012962e-06,0.9999976444072445,Venomous_Snake,0.9999985694885254,Non_Venomous_Snake,1.2657801562454551e-06,0.9999973037083691,NO,YES,YES,HIGH,NO
test/Venomous_Snake/6.jpg,Venomous_Snake,Venomous_Snake,1.0,Non_Venomous_Snake,2.1538062000558966e-08,0.999999978461938,Venomous_Snake,1.0,Non_Venomous_Snake,8.934580186803487e-09,0.9999999910654198,NO,YES,YES,HIGH,NO
test/Venomous_Snake/614a34a77654e6726429703e150dea3e.jpg,Venomous_Snake,Venomous_Snake,0.9975784420967102,Non_Venomous_Snake,0.0024165974464267492,0.9951618446502835,Venomous_Snake,0.9965922236442566,Non_Venomous_Snake,0.003401296678930521,0.9931909269653261,NO,YES,YES,HIGH,NO
test/Venomous_Snake/621cc2e9123ff3733add9cf51d374c1c--top-five-hady.jpg,Venomous_Snake,Venomous_Snake,0.9996169805526733,Non_Venomous_Snake,0.00038304176996462047,0.9992339387827087,Venomous_Snake,0.9990202188491821,Non_Venomous_Snake,0.0009797407547011971,0.9980404780944809,NO,YES,YES,HIGH,NO
test/Venomous_Snake/628592919_285e1def53_b.jpg,Venomous_Snake,Venomous_Snake,0.9983521699905396,Non_Venomous_Snake,0.0016478222096338868,0.9967043477809057,Venomous_Snake,0.9984796643257141,Non_Venomous_Snake,0.0015203232178464532,0.9969593411078677,NO,YES,YES,HIGH,NO
test/Venomous_Snake/6O4A0379.jpg,Venomous_Snake,Venomous_Snake,0.999984622001648,Non_Venomous_Snake,1.5384741345769726e-05,0.9999692372603022,Venomous_Snake,0.9999464750289917,Non_Venomous_Snake,5.3357583965407684e-05,0.9998931174450263,NO,YES,YES,HIGH,NO
test/Venomous_Snake/6O4A0417.jpg,Venomous_Snake,Venomous_Snake,0.9999997615814209,Non_Venomous_Snake,2.0917455856306333e-07,0.9999995524068623,Venomous_Snake,0.9999994039535522,Non_Venomous_Snake,5.781020036010887e-07,0.9999988258515486,NO,YES,YES,HIGH,NO
test/Venomous_Snake/6b6da31906462414e878d1dd90aa146c--snake-wallpaper-hd-wallpaper.jpg,Venomous_Snake,Venomous_Snake,0.9999991655349731,Non_Venomous_Snake,8.49202194785903e-07,0.9999983163327784,Venomous_Snake,0.9999973773956299,Non_Venomous_Snake,2.424543254164746e-06,0.9999949528523757,NO,YES,YES,HIGH,NO
test/Venomous_Snake/7417839_orig.jpg,Venomous_Snake,Venomous_Snake,0.9998220801353455,Non_Venomous_Snake,0.00017790978017728776,0.9996441703551682,Venomous_Snake,0.9999351501464844,Non_Venomous_Snake,6.479887815658003e-05,0.9998703512683278,NO,YES,YES,HIGH,NO
test/Venomous_Snake/80098531.jpg,Venomous_Snake,Venomous_Snake,0.9997392296791077,Non_Venomous_Snake,0.00026056994101963937,0.999478659738088,Venomous_Snake,0.9998488426208496,Non_Venomous_Snake,0.00015078845899552107,0.9996980541618541,NO,YES,YES,HIGH,NO
test/Venomous_Snake/817-21250.jpg,Venomous_Snake,Venomous_Snake,0.9996906518936157,Non_Venomous_Snake,0.00030764605617150664,0.9993830058374442,Venomous_Snake,0.9994367957115173,Non_Venomous_Snake,0.0005623523029498756,0.9988744434085675,NO,YES,YES,HIGH,NO
test/Venomous_Snake/858129_1280x720.jpg,Venomous_Snake,Venomous_Snake,0.9999723434448242,Non_Venomous_Snake,2.7347105060471222e-05,0.9999449963397637,Venomous_Snake,0.9999183416366577,Non_Venomous_Snake,8.087691094260663e-05,0.9998374647257151,NO,YES,YES,HIGH,NO
test/Venomous_Snake/8fa72038962b6df573adbdd40eb3bdea.jpg,Venomous_Snake,Venomous_Snake,0.9823834896087646,Non_Venomous_Snake,0.017613692209124565,0.9647697973996401,Venomous_Snake,0.9934743046760559,Non_Venomous_Snake,0.006519937422126532,0.9869543672539294,NO,YES,YES,HIGH,NO
test/Venomous_Snake/900-464852747-russells-viper.jpg,Venomous_Snake,Non_Venomous_Snake,0.8438819050788879,Venomous_Snake,0.15611736476421356,0.6877645403146744,Venomous_Snake,0.5974301695823669,Non_Venomous_Snake,0.40256646275520325,0.1948637068271637,YES,NO,YES,LOW,YES
test/Venomous_Snake/90202668.jpg,Venomous_Snake,Venomous_Snake,0.9908506274223328,Non_Venomous_Snake,0.009149199351668358,0.9817014280706644,Venomous_Snake,0.9848435521125793,Non_Venomous_Snake,0.015156155452132225,0.9696873966604471,NO,YES,YES,HIGH,NO
test/Venomous_Snake/90215640.jpg,Venomous_Snake,Venomous_Snake,0.9999997615814209,Non_Venomous_Snake,1.3870510429114802e-07,0.9999996228763166,Venomous_Snake,1.0,Elephant,2.740593885164344e-08,0.9999999725940611,NO,YES,YES,HIGH,NO
test/Venomous_Snake/92.jpg,Venomous_Snake,Venomous_Snake,0.9937182664871216,Non_Venomous_Snake,0.006158884149044752,0.9875593823380768,Venomous_Snake,0.9985528588294983,Non_Venomous_Snake,0.001374010113067925,0.9971788487164304,NO,YES,YES,HIGH,NO
test/Venomous_Snake/9222.jpg,Venomous_Snake,Venomous_Snake,0.8045948147773743,Non_Venomous_Snake,0.1954018920660019,0.6091929227113724,Venomous_Snake,0.9457142949104309,Non_Venomous_Snake,0.05427158623933792,0.891442708671093,NO,YES,YES,HIGH,NO
test/Venomous_Snake/9eb07e02004a8a7daa4e75dd0dade2a7.jpg,Venomous_Snake,Venomous_Snake,0.9999730587005615,Non_Venomous_Snake,2.658482662809547e-05,0.9999464738739334,Venomous_Snake,0.9999567270278931,Non_Venomous_Snake,3.387763354112394e-05,0.9999228493943519,NO,YES,YES,HIGH,NO
test/Venomous_Snake/CY025J-1.jpg,Venomous_Snake,Venomous_Snake,0.9973748922348022,Non_Venomous_Snake,0.00262159644626081,0.9947532957885414,Venomous_Snake,0.994019627571106,Non_Venomous_Snake,0.0059698051773011684,0.9880498223938048,NO,YES,YES,HIGH,NO
test/Venomous_Snake/Close-up-of-Palestine-saw-scaled-viper.jpg,Venomous_Snake,Venomous_Snake,0.9662056565284729,Non_Venomous_Snake,0.03371179848909378,0.9324938580393791,Venomous_Snake,0.9898569583892822,Non_Venomous_Snake,0.010071848519146442,0.9797851098701358,NO,YES,YES,HIGH,NO
test/Venomous_Snake/Echis carinatus sinhaleyus_001.jpg,Venomous_Snake,Venomous_Snake,0.9942076206207275,Non_Venomous_Snake,0.005780738778412342,0.9884268818423152,Venomous_Snake,0.9995187520980835,Non_Venomous_Snake,0.00048057353706099093,0.9990381785610225,NO,YES,YES,HIGH,NO
test/Venomous_Snake/Echis_carinatus_head_sal.jpg,Venomous_Snake,Venomous_Snake,0.9934484362602234,Non_Venomous_Snake,0.006551499478518963,0.9868969367817044,Venomous_Snake,0.9979158043861389,Non_Venomous_Snake,0.0020840372890233994,0.9958317670971155,NO,YES,YES,HIGH,NO
test/Venomous_Snake/_62580566__45828483_saw_scaled_viper_spl.jpg,Venomous_Snake,Venomous_Snake,0.9989567995071411,Non_Venomous_Snake,0.0010366728529334068,0.9979201266542077,Venomous_Snake,0.9995135068893433,Non_Venomous_Snake,0.0004805107309948653,0.9990329961583484,NO,YES,YES,HIGH,NO
test/Venomous_Snake/_837b1414-50e6-11e6-8d8d-a42edc5c5383.JPG,Venomous_Snake,Venomous_Snake,0.9881348609924316,Non_Venomous_Snake,0.011865140870213509,0.9762697201222181,Venomous_Snake,0.9847102761268616,Non_Venomous_Snake,0.015289630740880966,0.9694206453859806,NO,YES,YES,HIGH,NO
test/Venomous_Snake/_D096405.jpg,Venomous_Snake,Venomous_Snake,0.7428649663925171,Non_Venomous_Snake,0.2571350038051605,0.48572996258735657,Venomous_Snake,0.5114299058914185,Non_Venomous_Snake,0.4885700047016144,0.022859901189804077,NO,YES,YES,LOW,YES
test/Venomous_Snake/_D096710.jpg,Venomous_Snake,Venomous_Snake,0.8200723528862,Non_Venomous_Snake,0.17992226779460907,0.6401500850915909,Venomous_Snake,0.9851122498512268,Non_Venomous_Snake,0.014869828708469868,0.9702424211427569,NO,YES,YES,HIGH,NO
test/Venomous_Snake/_DSC0082.jpg,Venomous_Snake,Non_Venomous_Snake,0.9290463924407959,Venomous_Snake,0.07095355540513992,0.858092837035656,Non_Venomous_Snake,0.6111522912979126,Venomous_Snake,0.3888475000858307,0.2223047912120819,NO,NO,NO,MODERATE,NO
test/Venomous_Snake/_DSC0260.jpg,Venomous_Snake,Venomous_Snake,0.999935507774353,Non_Venomous_Snake,6.353649223456159e-05,0.9998719712821185,Venomous_Snake,0.999987006187439,Non_Venomous_Snake,1.0963258318952285e-05,0.99997604292912,NO,YES,YES,HIGH,NO
test/Venomous_Snake/_DSC0273g.jpg,Venomous_Snake,Venomous_Snake,0.9990572333335876,Non_Venomous_Snake,0.0009423699812032282,0.9981148633523844,Venomous_Snake,0.9997395873069763,Non_Venomous_Snake,0.0002603199100121856,0.9994792673969641,NO,YES,YES,HIGH,NO
test/Venomous_Snake/_a0addf20-4e76-11e6-8d8d-a42edc5c5383.jpg,Venomous_Snake,Venomous_Snake,0.9993059635162354,Non_Venomous_Snake,0.0006940884632058442,0.9986118750530295,Venomous_Snake,0.9999513626098633,Non_Venomous_Snake,4.859204273088835e-05,0.9999027705671324,NO,YES,YES,HIGH,NO
test/Venomous_Snake/_afe8d134-4e76-11e6-8d8d-a42edc5c5383.jpg,Venomous_Snake,Venomous_Snake,0.9671609997749329,Non_Venomous_Snake,0.03228672593832016,0.9348742738366127,Venomous_Snake,0.9937039017677307,Non_Venomous_Snake,0.006105799227952957,0.9875981025397778,NO,YES,YES,HIGH,NO
test/Venomous_Snake/arabic-saw-scaled-viper-palestine-saw-scaled-viper-echis-coloratus-CNW8JE.jpg,Venomous_Snake,Venomous_Snake,0.9992520213127136,Non_Venomous_Snake,0.0007444678922183812,0.9985075534204952,Venomous_Snake,0.9998538494110107,Non_Venomous_Snake,0.00014400637883227319,0.9997098430321785,NO,YES,YES,HIGH,NO
test/Venomous_Snake/arabic-saw-scaled-viper-palestine-saw-scaled-viper-echis-coloratus-EBN3ET.jpg,Venomous_Snake,Venomous_Snake,0.9715120196342468,Non_Venomous_Snake,0.02846653014421463,0.9430454894900322,Venomous_Snake,0.9916165471076965,Non_Venomous_Snake,0.00822980236262083,0.9833867447450757,NO,YES,YES,HIGH,NO
test/Venomous_Snake/arabic-saw-scaled-viper-palestine-saw-scaled-viper-echis-coloratus-EBN3EW.jpg,Venomous_Snake,Venomous_Snake,0.9727939963340759,Non_Venomous_Snake,0.02711739018559456,0.9456766061484814,Venomous_Snake,0.9945933222770691,Non_Venomous_Snake,0.005361085757613182,0.9892322365194559,NO,YES,YES,HIGH,NO
test/Venomous_Snake/b447c6b7f0714cb8487330d3487a86c1--colorful-snakes-the-saw.jpg,Venomous_Snake,Venomous_Snake,0.9999432563781738,Non_Venomous_Snake,5.644557313644327e-05,0.9998868108050374,Venomous_Snake,0.9999994039535522,Non_Venomous_Snake,4.924251015836489e-07,0.9999989115284507,NO,YES,YES,HIGH,NO
test/Venomous_Snake/bigfour-venomics-blog-7.jpg,Venomous_Snake,Venomous_Snake,0.9986044764518738,Non_Venomous_Snake,0.001395546947605908,0.9972089295042679,Venomous_Snake,0.9997369647026062,Non_Venomous_Snake,0.00026303259073756635,0.9994739321118686,NO,YES,YES,HIGH,NO
test/Venomous_Snake/ca58c07171fe7897f737fb00ac7ed33e.jpg,Venomous_Snake,Venomous_Snake,0.9996107220649719,Non_Venomous_Snake,0.00038889996358193457,0.99922182210139,Venomous_Snake,0.9999890327453613,Non_Venomous_Snake,1.0977468264172785e-05,0.9999780552770972,NO,YES,YES,HIGH,NO
test/Venomous_Snake/carpet_viper_2.jpg,Venomous_Snake,Venomous_Snake,0.9947899580001831,Non_Venomous_Snake,0.005182675551623106,0.98960728244856,Venomous_Snake,0.9999067783355713,Non_Venomous_Snake,9.270804730476812e-05,0.9998140702882665,NO,YES,YES,HIGH,NO
test/Venomous_Snake/ce2f4d7322c5e71302a9ce29bf3b74f5.jpg,Venomous_Snake,Non_Venomous_Snake,0.9937346577644348,Venomous_Snake,0.006262183655053377,0.9874724741093814,Non_Venomous_Snake,0.5631054043769836,Venomous_Snake,0.43683263659477234,0.1262727677822113,NO,NO,NO,LOW,YES
test/Venomous_Snake/coiled-sind-saw-scaled-viper.jpg,Venomous_Snake,Venomous_Snake,0.999271810054779,Non_Venomous_Snake,0.000726595870219171,0.9985452141845599,Venomous_Snake,0.9998794794082642,Non_Venomous_Snake,0.00011959869880229235,0.9997598807094619,NO,YES,YES,HIGH,NO
test/Venomous_Snake/deadliest-world-Echis_carinatus.jpg,Venomous_Snake,Venomous_Snake,0.9928774237632751,Non_Venomous_Snake,0.007122330367565155,0.98575509339571,Venomous_Snake,0.9991161227226257,Non_Venomous_Snake,0.0008837864734232426,0.9982323362492025,NO,YES,YES,HIGH,NO
test/Venomous_Snake/dsc_5371_720.jpg,Venomous_Snake,Venomous_Snake,0.9989773035049438,Non_Venomous_Snake,0.0010061225621029735,0.9979711809428409,Venomous_Snake,0.9996867179870605,Non_Venomous_Snake,0.00030675801099278033,0.9993799599760678,NO,YES,YES,HIGH,NO
test/Wild_Boar/0001.jpg,Wild_Boar,Wild_Boar,1.0,Non_Venomous_Snake,2.1644799667874803e-12,0.9999999999978355,Wild_Boar,1.0,Non_Venomous_Snake,3.5981163794968074e-12,0.9999999999964019,NO,YES,YES,HIGH,NO
test/Wild_Boar/0012.jpg,Wild_Boar,Wild_Boar,1.0,Elephant,1.0924351201424543e-08,0.9999999890756488,Wild_Boar,1.0,Elephant,2.285321709649679e-09,0.9999999977146783,NO,YES,YES,HIGH,NO
test/Wild_Boar/0014.jpg,Wild_Boar,Wild_Boar,0.999459445476532,Elephant,0.0005394699983298779,0.9989199754782021,Wild_Boar,0.9996520280838013,Elephant,0.000346175889717415,0.9993058521940839,NO,YES,YES,HIGH,NO
test/Wild_Boar/0025.jpg,Wild_Boar,Wild_Boar,1.0,Elephant,1.905129742851841e-08,0.9999999809487026,Wild_Boar,1.0,Elephant,4.2959684698473666e-09,0.9999999957040315,NO,YES,YES,HIGH,NO
test/Wild_Boar/0037.jpg,Wild_Boar,Wild_Boar,0.9999092817306519,Deer,6.359368126140907e-05,0.9998456880493904,Wild_Boar,0.9993807077407837,Deer,0.0005648716469295323,0.9988158360938542,NO,YES,YES,HIGH,NO
test/Wild_Boar/0041.jpg,Wild_Boar,Wild_Boar,1.0,Elephant,9.126042976870252e-11,0.9999999999087396,Wild_Boar,1.0,Elephant,3.4261652542832977e-11,0.9999999999657383,NO,YES,YES,HIGH,NO
test/Wild_Boar/0043.jpg,Wild_Boar,Wild_Boar,1.0,Elephant,2.5915063428527674e-09,0.9999999974084937,Wild_Boar,1.0,Elephant,2.489400685590226e-09,0.9999999975105993,NO,YES,YES,HIGH,NO
test/Wild_Boar/0062.jpg,Wild_Boar,Wild_Boar,0.9977226853370667,Elephant,0.002263367176055908,0.9954593181610107,Wild_Boar,0.9997602105140686,Elephant,0.000236924912314862,0.9995232856017537,NO,YES,YES,HIGH,NO
test/Wild_Boar/0069.jpg,Wild_Boar,Wild_Boar,0.9995284080505371,Elephant,0.00034662181860767305,0.9991817862319294,Wild_Boar,0.9925178289413452,Non_Venomous_Snake,0.005595102906227112,0.9869227260351181,NO,YES,YES,HIGH,NO
test/Wild_Boar/0080.jpg,Wild_Boar,Wild_Boar,0.9999905824661255,Deer,9.384812983626034e-06,0.9999811976531419,Wild_Boar,0.9999518394470215,Deer,4.816516229766421e-05,0.9999036742847238,NO,YES,YES,HIGH,NO
test/Wild_Boar/0101.jpg,Wild_Boar,Wild_Boar,1.0,Elephant,1.1506042341125067e-08,0.9999999884939577,Wild_Boar,1.0,Elephant,7.810796454066349e-09,0.9999999921892035,NO,YES,YES,HIGH,NO
test/Wild_Boar/0107.jpg,Wild_Boar,Wild_Boar,0.9999996423721313,Elephant,3.088279072471778e-07,0.9999993335442241,Wild_Boar,1.0,Deer,9.541719414585259e-09,0.9999999904582806,NO,YES,YES,HIGH,NO
test/Wild_Boar/0108.jpg,Wild_Boar,Wild_Boar,0.9999382495880127,Elephant,6.176164606586099e-05,0.9998764879419468,Wild_Boar,0.9999946355819702,Elephant,5.318074272508966e-06,0.9999893175076977,NO,YES,YES,HIGH,NO
test/Wild_Boar/0120.jpg,Wild_Boar,Wild_Boar,0.9969869256019592,Elephant,0.002929677488282323,0.9940572481136769,Wild_Boar,0.9819895029067993,Elephant,0.01755981147289276,0.9644296914339066,NO,YES,YES,HIGH,NO
test/Wild_Boar/0129.jpg,Wild_Boar,Wild_Boar,0.999992847442627,Elephant,7.021646979410434e-06,0.9999858257956475,Wild_Boar,0.9999980926513672,Elephant,1.778929004103702e-06,0.9999963137223631,NO,YES,YES,HIGH,NO
test/Wild_Boar/0134.jpg,Wild_Boar,Wild_Boar,1.0,Elephant,3.800134873443994e-09,0.9999999961998651,Wild_Boar,1.0,Elephant,1.5991833413053769e-09,0.9999999984008167,NO,YES,YES,HIGH,NO
test/Wild_Boar/0142.jpg,Wild_Boar,Wild_Boar,1.0,Elephant,2.7891275400371285e-10,0.9999999997210872,Wild_Boar,1.0,Elephant,7.081712993795009e-11,0.9999999999291829,NO,YES,YES,HIGH,NO
test/Wild_Boar/0153.jpg,Wild_Boar,Wild_Boar,1.0,Elephant,1.2043999575439557e-08,0.9999999879560004,Wild_Boar,1.0,Elephant,5.282368320536079e-09,0.9999999947176317,NO,YES,YES,HIGH,NO
test/Wild_Boar/0176.jpg,Wild_Boar,Wild_Boar,0.9999985694885254,Elephant,1.4569776567441295e-06,0.9999971125108686,Wild_Boar,0.9999990463256836,Elephant,8.712950148037635e-07,0.9999981750306688,NO,YES,YES,HIGH,NO
test/Wild_Boar/0183.jpg,Wild_Boar,Elephant,0.8623815774917603,Wild_Boar,0.13286031782627106,0.7295212596654892,Elephant,0.9964608550071716,Wild_Boar,0.003389069577679038,0.9930717854294926,NO,NO,NO,HIGH,NO
test/Wild_Boar/0187.jpg,Wild_Boar,Wild_Boar,1.0,Elephant,2.571530322015292e-09,0.9999999974284697,Wild_Boar,1.0,Deer,1.9271471918269611e-10,0.9999999998072853,NO,YES,YES,HIGH,NO
test/Wild_Boar/0188.jpg,Wild_Boar,Wild_Boar,0.9999996423721313,Elephant,3.133716006686882e-07,0.9999993290005307,Wild_Boar,1.0,Elephant,2.254471631601973e-08,0.9999999774552837,NO,YES,YES,HIGH,NO
test/Wild_Boar/0193.jpg,Wild_Boar,Wild_Boar,1.0,Elephant,5.785079637554702e-10,0.9999999994214921,Wild_Boar,1.0,Elephant,1.012192218929897e-09,0.9999999989878078,NO,YES,YES,HIGH,NO
test/Wild_Boar/0196.jpg,Wild_Boar,Wild_Boar,0.9999998807907104,Elephant,1.608791393437059e-07,0.9999997199115711,Wild_Boar,1.0,Elephant,4.587601054595325e-08,0.9999999541239895,NO,YES,YES,HIGH,NO
test/Wild_Boar/0234.jpg,Wild_Boar,Wild_Boar,1.0,Elephant,1.0336487915596493e-10,0.9999999998966351,Wild_Boar,1.0,Elephant,3.861636271168534e-12,0.9999999999961383,NO,YES,YES,HIGH,NO
test/Wild_Boar/0235.jpg,Wild_Boar,Wild_Boar,0.9999915361404419,Elephant,6.958561243664008e-06,0.9999845775791982,Wild_Boar,0.9999936819076538,Elephant,5.366248842619825e-06,0.9999883156588112,NO,YES,YES,HIGH,NO
test/Wild_Boar/0239.jpg,Wild_Boar,Wild_Boar,1.0,Non_Venomous_Snake,6.473771714012033e-13,0.9999999999993526,Wild_Boar,1.0,Non_Venomous_Snake,1.501191071407934e-13,0.9999999999998499,NO,YES,YES,HIGH,NO
test/Wild_Boar/0241.jpg,Wild_Boar,Wild_Boar,0.9995249509811401,Deer,0.00045256357407197356,0.9990723874070682,Wild_Boar,0.9998699426651001,Deer,0.00012547134247142822,0.9997444713226287,NO,YES,YES,HIGH,NO
test/Wild_Boar/0262.jpg,Wild_Boar,Wild_Boar,0.9877322912216187,Elephant,0.012254654429852962,0.9754776367917657,Wild_Boar,0.9418224096298218,Elephant,0.05795461684465408,0.8838677927851677,NO,YES,YES,HIGH,NO
test/Wild_Boar/0267.jpg,Wild_Boar,Wild_Boar,0.9999996423721313,Elephant,2.344675493759496e-07,0.999999407904582,Wild_Boar,0.9999997615814209,Deer,1.1249179721062319e-07,0.9999996490896237,NO,YES,YES,HIGH,NO
test/Wild_Boar/0277.jpg,Wild_Boar,Wild_Boar,0.9999829530715942,Elephant,1.6782429156592116e-05,0.9999661706424376,Wild_Boar,0.9999864101409912,Elephant,1.3173252227716148e-05,0.9999732368887635,NO,YES,YES,HIGH,NO
test/Wild_Boar/0283.jpg,Wild_Boar,Wild_Boar,0.9999572038650513,Elephant,4.273691229172982e-05,0.9999144669527595,Wild_Boar,0.9999964237213135,Elephant,3.5713087527255993e-06,0.9999928524125608,NO,YES,YES,HIGH,NO
test/Wild_Boar/0292.jpg,Wild_Boar,Wild_Boar,1.0,Elephant,1.521320569519702e-11,0.9999999999847868,Wild_Boar,1.0,Elephant,2.293930453575732e-12,0.9999999999977061,NO,YES,YES,HIGH,NO
test/Wild_Boar/0299.jpg,Wild_Boar,Wild_Boar,1.0,Elephant,4.024049982120914e-10,0.999999999597595,Wild_Boar,1.0,Elephant,2.1859110355126887e-10,0.9999999997814089,NO,YES,YES,HIGH,NO
test/Wild_Boar/0310.jpg,Wild_Boar,Wild_Boar,0.999998927116394,Elephant,1.1089358622484724e-06,0.9999978181805318,Wild_Boar,0.9999995231628418,Elephant,4.20950982515933e-07,0.9999991022118593,NO,YES,YES,HIGH,NO
test/Wild_Boar/0321.jpg,Wild_Boar,Wild_Boar,0.999984860420227,Elephant,1.5121229807846248e-05,0.9999697391904192,Wild_Boar,0.9999959468841553,Elephant,3.880252734234091e-06,0.999992066631421,NO,YES,YES,HIGH,NO
test/Wild_Boar/0325.jpg,Wild_Boar,Wild_Boar,0.9999992847442627,Elephant,5.716017312806798e-07,0.9999987131425314,Wild_Boar,0.9999997615814209,Elephant,2.1259687343899714e-07,0.9999995489845475,NO,YES,YES,HIGH,NO
test/Wild_Boar/0339.jpg,Wild_Boar,Wild_Boar,0.9999997615814209,Elephant,2.662166593836446e-07,0.9999994953647615,Wild_Boar,0.9999998807907104,Elephant,6.48982165785128e-08,0.9999998158924939,NO,YES,YES,HIGH,NO
test/Wild_Boar/0352.jpg,Wild_Boar,Wild_Boar,0.9999997615814209,Elephant,2.9253996558509243e-07,0.9999994690414553,Wild_Boar,0.9999998807907104,Elephant,1.1878490369099381e-07,0.9999997620058068,NO,YES,YES,HIGH,NO
test/Wild_Boar/0357.jpg,Wild_Boar,Wild_Boar,0.9999994039535522,Elephant,5.383756729315792e-07,0.9999988655778793,Wild_Boar,1.0,Elephant,5.416495696408674e-08,0.999999945835043,NO,YES,YES,HIGH,NO
test/Wild_Boar/0365.jpg,Wild_Boar,Wild_Boar,0.9999998807907104,Elephant,1.0228575320070377e-07,0.9999997785049572,Wild_Boar,1.0,Elephant,2.4188931746493836e-08,0.9999999758110683,NO,YES,YES,HIGH,NO
test/Wild_Boar/0373.jpg,Wild_Boar,Wild_Boar,1.0,Elephant,1.8608748033168213e-14,0.9999999999999813,Wild_Boar,1.0,Elephant,1.8413571313330088e-14,0.9999999999999816,NO,YES,YES,HIGH,NO
test/Wild_Boar/0394.jpg,Wild_Boar,Wild_Boar,0.9999991655349731,Elephant,7.897910450083145e-07,0.9999983757439281,Wild_Boar,0.9999997615814209,Elephant,2.504872327335761e-07,0.9999995110941882,NO,YES,YES,HIGH,NO
test/Wild_Boar/0423.jpg,Wild_Boar,Wild_Boar,0.9998106360435486,Elephant,0.0001894191955216229,0.999621216848027,Wild_Boar,0.9998798370361328,Elephant,0.00012011459330096841,0.9997597224428318,NO,YES,YES,HIGH,NO
test/Wild_Boar/0432.jpg,Wild_Boar,Wild_Boar,0.9999998807907104,Elephant,1.7074499680802546e-07,0.9999997100457136,Wild_Boar,0.9999998807907104,Venomous_Snake,4.866820901838764e-08,0.9999998321225014,NO,YES,YES,HIGH,NO
test/Wild_Boar/0437.jpg,Wild_Boar,Wild_Boar,0.999997615814209,Elephant,2.3099000827642158e-06,0.9999953059141262,Wild_Boar,0.9999988079071045,Elephant,8.322385838255286e-07,0.9999979756685207,NO,YES,YES,HIGH,NO
test/Wild_Boar/0446.jpg,Wild_Boar,Elephant,0.9048187136650085,Deer,0.08853847533464432,0.8162802383303642,Elephant,0.9878425598144531,Deer,0.011230655945837498,0.9766119038686156,NO,NO,NO,HIGH,NO
test/Wild_Boar/0460.jpg,Wild_Boar,Wild_Boar,1.0,Elephant,2.0003694256587323e-09,0.9999999979996306,Wild_Boar,1.0,Elephant,6.803436702895738e-10,0.9999999993196563,NO,YES,YES,HIGH,NO
test/Wild_Boar/0465.jpg,Wild_Boar,Wild_Boar,0.9999986886978149,Elephant,1.2830406603825395e-06,0.9999974056571546,Wild_Boar,0.9999990463256836,Elephant,9.862225169854355e-07,0.9999980601031666,NO,YES,YES,HIGH,NO
test/Wild_Boar/0466.jpg,Wild_Boar,Wild_Boar,1.0,Elephant,2.206194211692991e-12,0.9999999999977938,Wild_Boar,1.0,Elephant,1.6731932679647787e-12,0.9999999999983268,NO,YES,YES,HIGH,NO
test/Wild_Boar/0470.jpg,Wild_Boar,Wild_Boar,0.9999998807907104,Elephant,1.637939419651957e-07,0.9999997169967685,Wild_Boar,1.0,Elephant,5.859902429961039e-08,0.9999999414009757,NO,YES,YES,HIGH,NO
test/Wild_Boar/0479.jpg,Wild_Boar,Wild_Boar,1.0,Elephant,4.0128962652818956e-11,0.999999999959871,Wild_Boar,1.0,Elephant,8.317153389614251e-12,0.9999999999916829,NO,YES,YES,HIGH,NO
test/Wild_Boar/0486.jpg,Wild_Boar,Wild_Boar,1.0,Elephant,4.4477417304733535e-09,0.9999999955522583,Wild_Boar,1.0,Deer,1.32814426123673e-08,0.9999999867185574,NO,YES,YES,HIGH,NO
test/Wild_Boar/0525.jpg,Wild_Boar,Wild_Boar,1.0,Elephant,2.3010502392395438e-09,0.9999999976989498,Wild_Boar,1.0,Elephant,2.557987988094368e-10,0.9999999997442012,NO,YES,YES,HIGH,NO
test/Wild_Boar/0542.jpg,Wild_Boar,Wild_Boar,0.9999957084655762,Elephant,4.123029157199198e-06,0.999991585436419,Wild_Boar,0.9999996423721313,Elephant,2.9816411029059964e-07,0.9999993442080211,NO,YES,YES,HIGH,NO
test/Wild_Boar/0545.jpg,Wild_Boar,Wild_Boar,1.0,Elephant,1.899179381467664e-12,0.9999999999981009,Wild_Boar,1.0,Venomous_Snake,2.062145376333091e-12,0.9999999999979379,NO,YES,YES,HIGH,NO
test/Wild_Boar/0565.jpg,Wild_Boar,Wild_Boar,1.0,Elephant,2.349695958636655e-12,0.9999999999976503,Wild_Boar,1.0,Elephant,3.633812543403503e-13,0.9999999999996366,NO,YES,YES,HIGH,NO
test/Wild_Boar/0575.jpg,Wild_Boar,Wild_Boar,1.0,Elephant,2.0675981760032158e-10,0.9999999997932402,Wild_Boar,1.0,Non_Venomous_Snake,1.2990696192372031e-11,0.9999999999870093,NO,YES,YES,HIGH,NO
