relative_path,ground_truth,v1_predicted,v1_confidence,v1_top2_class,v1_top2_probability,v1_margin,v2_predicted,v2_confidence,v2_top2_class,v2_top2_probability,v2_margin,prediction_changed,v1_correct,v2_correct,v2_confidence_band,v2_uncertain,v1_venomous_probability,v1_non_venomous_probability,v1_snake_class_margin,v2_venomous_probability,v2_non_venomous_probability,v2_snake_class_margin,probability_shift_toward_venomous,probability_shift_toward_non_venomous,classification_transition
test/Non_Venomous_Snake/1 (2).jpg,Non_Venomous_Snake,Non_Venomous_Snake,0.558361828327179,Venomous_Snake,0.4416382312774658,0.11672359704971313,Non_Venomous_Snake,0.5791956186294556,Venomous_Snake,0.42080435156822205,0.15839126706123352,NO,YES,YES,LOW,YES,0.4416382312774658,0.558361828327179,-0.11672359704971313,0.42080435156822205,0.5791956186294556,-0.15839126706123352,-0.020833879709243774,0.02083379030227661,Non_Venomous_Snake -> Non_Venomous_Snake
test/Non_Venomous_Snake/1.jpg,Non_Venomous_Snake,Non_Venomous_Snake,0.9990598559379578,Venomous_Snake,0.0009398388210684061,0.9981200171168894,Non_Venomous_Snake,0.9967368245124817,Venomous_Snake,0.0032624283339828253,0.9934743961784989,NO,YES,YES,HIGH,NO,0.0009398388210684061,0.9990598559379578,-0.9981200171168894,0.0032624283339828253,0.9967368245124817,-0.9934743961784989,0.002322589512914419,-0.0023230314254760742,Non_Venomous_Snake -> Non_Venomous_Snake
test/Non_Venomous_Snake/10.jpg,Non_Venomous_Snake,Non_Venomous_Snake,0.992284893989563,Venomous_Snake,0.007715043146163225,0.9845698508433998,Non_Venomous_Snake,0.7670695781707764,Venomous_Snake,0.23292872309684753,0.5341408550739288,NO,YES,YES,MODERATE,NO,0.007715043146163225,0.992284893989563,-0.9845698508433998,0.23292872309684753,0.7670695781707764,-0.5341408550739288,0.2252136799506843,-0.22521531581878662,Non_Venomous_Snake -> Non_Venomous_Snake
test/Non_Venomous_Snake/1024px-Heller_Tigerpython_Python_molurus_molurus.jpg,Non_Venomous_Snake,Non_Venomous_Snake,0.9983953833580017,Venomous_Snake,0.0016033686697483063,0.9967920146882534,Non_Venomous_Snake,0.9951218962669373,Venomous_Snake,0.0048696077428758144,0.9902522885240614,NO,YES,YES,HIGH,NO,0.0016033686697483063,0.9983953833580017,-0.9967920146882534,0.0048696077428758144,0.9951218962669373,-0.9902522885240614,0.003266239073127508,-0.003273487091064453,Non_Venomous_Snake -> Non_Venomous_Snake
test/Non_Venomous_Snake/11.jpg,Non_Venomous_Snake,Non_Venomous_Snake,0.9885212182998657,Venomous_Snake,0.011478754691779613,0.9770424636080861,Non_Venomous_Snake,0.7819220423698425,Venomous_Snake,0.21807798743247986,0.5638440549373627,NO,YES,YES,MODERATE,NO,0.011478754691779613,0.9885212182998657,-0.9770424636080861,0.21807798743247986,0.7819220423698425,-0.5638440549373627,0.20659923274070024,-0.2065991759300232,Non_Venomous_Snake -> Non_Venomous_Snake
test/Non_Venomous_Snake/112282-850x565-Yellow_Rat_Snake.jpg,Non_Venomous_Snake,Non_Venomous_Snake,0.5937967896461487,Venomous_Snake,0.4062013626098633,0.1875954270362854,Venomous_Snake,0.5395143628120422,Non_Venomous_Snake,0.4604819118976593,0.07903245091438293,YES,YES,NO,LOW,YES,0.4062013626098633,0.5937967896461487,-0.1875954270362854,0.5395143628120422,0.4604819118976593,0.07903245091438293,0.13331300020217896,-0.13331487774848938,Non_Venomous_Snake -> Venomous_Snake
test/Non_Venomous_Snake/1157751.jpg,Non_Venomous_Snake,Non_Venomous_Snake,0.9987064599990845,Venomous_Snake,0.001292928820475936,0.9974135311786085,Non_Venomous_Snake,0.9907668828964233,Venomous_Snake,0.00923164188861847,0.9815352410078049,NO,YES,YES,HIGH,NO,0.001292928820475936,0.9987064599990845,-0.9974135311786085,0.00923164188861847,0.9907668828964233,-0.9815352410078049,0.007938713068142533,-0.007939577102661133,Non_Venomous_Snake -> Non_Venomous_Snake
test/Non_Venomous_Snake/1166420045-m.jpg,Non_Venomous_Snake,Venomous_Snake,0.9658645391464233,Non_Venomous_Snake,0.031111285090446472,0.9347532540559769,Venomous_Snake,0.9941100478172302,Non_Venomous_Snake,0.005802902393043041,0.9883071454241872,NO,NO,NO,HIGH,NO,0.9658645391464233,0.031111285090446472,0.9347532540559769,0.9941100478172302,0.005802902393043041,0.9883071454241872,0.028245508670806885,-0.02530838269740343,Venomous_Snake -> Venomous_Snake
test/Non_Venomous_Snake/12.jpg,Non_Venomous_Snake,Non_Venomous_Snake,0.9995259046554565,Venomous_Snake,0.0004740176082123071,0.9990518870472442,Non_Venomous_Snake,0.9977813363075256,Venomous_Snake,0.002218031557276845,0.9955633047502488,NO,YES,YES,HIGH,NO,0.0004740176082123071,0.9995259046554565,-0.9990518870472442,0.002218031557276845,0.9977813363075256,-0.9955633047502488,0.0017440139490645379,-0.0017445683479309082,Non_Venomous_Snake -> Non_Venomous_Snake
test/Non_Venomous_Snake/1200px-Eryx_jaculus.jpg,Non_Venomous_Snake,Non_Venomous_Snake,0.9958778619766235,Venomous_Snake,0.004122171085327864,0.9917556908912957,Non_Venomous_Snake,0.8870826959609985,Venomous_Snake,0.11291733384132385,0.7741653621196747,NO,YES,YES,HIGH,NO,0.004122171085327864,0.9958778619766235,-0.9917556908912957,0.11291733384132385,0.8870826959609985,-0.7741653621196747,0.10879516275599599,-0.108795166015625,Non_Venomous_Snake -> Non_Venomous_Snake
test/Non_Venomous_Snake/126763-004-312A729C.jpg,Non_Venomous_Snake,Non_Venomous_Snake,0.8191643357276917,Venomous_Snake,0.18083558976650238,0.6383287459611893,Non_Venomous_Snake,0.7756626009941101,Venomous_Snake,0.22433699667453766,0.5513256043195724,NO,YES,YES,MODERATE,NO,0.18083558976650238,0.8191643357276917,-0.6383287459611893,0.22433699667453766,0.7756626009941101,-0.5513256043195724,0.04350140690803528,-0.04350173473358154,Non_Venomous_Snake -> Non_Venomous_Snake
test/Non_Venomous_Snake/1280px-Indian_rock_python_pratik.JPG,Non_Venomous_Snake,Non_Venomous_Snake,0.9986802935600281,Venomous_Snake,0.0013185006100684404,0.9973617929499596,Non_Venomous_Snake,0.9960371851921082,Venomous_Snake,0.0039601451717317104,0.9920770400203764,NO,YES,YES,HIGH,NO,0.0013185006100684404,0.9986802935600281,-0.9973617929499596,0.0039601451717317104,0.9960371851921082,-0.9920770400203764,0.00264164456166327,-0.002643108367919922,Non_Venomous_Snake -> Non_Venomous_Snake
test/Non_Venomous_Snake/13 (2).jpg,Non_Venomous_Snake,Non_Venomous_Snake,0.9961447715759277,Venomous_Snake,0.003855180460959673,0.9922895911149681,Non_Venomous_Snake,0.9788849949836731,Venomous_Snake,0.021114978939294815,0.9577700160443783,NO,YES,YES,HIGH,NO,0.003855180460959673,0.9961447715759277,-0.9922895911149681,0.021114978939294815,0.9788849949836731,-0.9577700160443783,0.017259798478335142,-0.01725977659225464,Non_Venomous_Snake -> Non_Venomous_Snake
test/Non_Venomous_Snake/13.jpg,Non_Venomous_Snake,Non_Venomous_Snake,0.9950457811355591,Venomous_Snake,0.004911927040666342,0.9901338540948927,Non_Venomous_Snake,0.9892904162406921,Venomous_Snake,0.010676626116037369,0.9786137901246548,NO,YES,YES,HIGH,NO,0.004911927040666342,0.9950457811355591,-0.9901338540948927,0.010676626116037369,0.9892904162406921,-0.9786137901246548,0.005764699075371027,-0.005755364894866943,Non_Venomous_Snake -> Non_Venomous_Snake
test/Non_Venomous_Snake/131942656.vigSlaNz.jpg,Non_Venomous_Snake,Non_Venomous_Snake,0.9270888566970825,Venomous_Snake,0.07291089743375778,0.8541779592633247,Non_Venomous_Snake,0.9060116410255432,Venomous_Snake,0.09398796409368515,0.8120236769318581,NO,YES,YES,HIGH,NO,0.07291089743375778,0.9270888566970825,-0.8541779592633247,0.09398796409368515,0.9060116410255432,-0.8120236769318581,0.021077066659927368,-0.021077215671539307,Non_Venomous_Snake -> Non_Venomous_Snake
test/Non_Venomous_Snake/14 (2).jpg,Non_Venomous_Snake,Non_Venomous_Snake,0.9342904686927795,Venomous_Snake,0.06570880115032196,0.8685816675424576,Non_Venomous_Snake,0.8138375878334045,Venomous_Snake,0.18616166710853577,0.6276759207248688,NO,YES,YES,HIGH,NO,0.06570880115032196,0.9342904686927795,-0.8685816675424576,0.18616166710853577,0.8138375878334045,-0.6276759207248688,0.1204528659582138,-0.120452880859375,Non_Venomous_Snake -> Non_Venomous_Snake
test/Non_Venomous_Snake/14.jpg,Non_Venomous_Snake,Non_Venomous_Snake,0.9633870720863342,Venomous_Snake,0.036612819880247116,0.9267742522060871,Non_Venomous_Snake,0.8550684452056885,Venomous_Snake,0.14493149518966675,0.7101369500160217,NO,YES,YES,HIGH,NO,0.036612819880247116,0.9633870720863342,-0.9267742522060871,0.14493149518966675,0.8550684452056885,-0.7101369500160217,0.10831867530941963,-0.10831862688064575,Non_Venomous_Snake -> Non_Venomous_Snake
test/Non_Venomous_Snake/1406194043645_wps_2_EXCLUSIVE_GUJARAT_INDIA_U.jpg,Non_Venomous_Snake,Non_Venomous_Snake,0.9090890884399414,Venomous_Snake,0.09088865667581558,0.8182004317641258,Venomous_Snake,0.6240556240081787,Non_Venomous_Snake,0.37563812732696533,0.24841749668121338,YES,YES,NO,MODERATE,NO,0.09088865667581558,0.9090890884399414,-0.8182004317641258,0.6240556240081787,0.37563812732696533,0.24841749668121338,0.5331669673323631,-0.5334509611129761,Non_Venomous_Snake -> Venomous_Snake
test/Non_Venomous_Snake/143197P3112612.JPG,Non_Venomous_Snake,Non_Venomous_Snake,0.5727366805076599,Venomous_Snake,0.42726197838783264,0.14547470211982727,Venomous_Snake,0.7856552004814148,Non_Venomous_Snake,0.21434132754802704,0.5713138729333878,YES,YES,NO,MODERATE,NO,0.42726197838783264,0.5727366805076599,-0.14547470211982727,0.7856552004814148,0.21434132754802704,0.5713138729333878,0.35839322209358215,-0.3583953529596329,Non_Venomous_Snake -> Venomous_Snake
test/Non_Venomous_Snake/1438853319IMG-20141006-WA0017.jpg,Non_Venomous_Snake,Non_Venomous_Snake,0.8629642724990845,Venomous_Snake,0.1363353282213211,0.7266289442777634,Non_Venomous_Snake,0.8038579821586609,Venomous_Snake,0.1940820962190628,0.6097758859395981,NO,YES,YES,HIGH,NO,0.1363353282213211,0.8629642724990845,-0.7266289442777634,0.1940820962190628,0.8038579821586609,-0.6097758859395981,0.0577467679977417,-0.059106290340423584,Non_Venomous_Snake -> Non_Venomous_Snake
test/Non_Venomous_Snake/1438853319main -1.jpg,Non_Venomous_Snake,Non_Venomous_Snake,0.9998787641525269,Venomous_Snake,0.00012111577962059528,0.9997576483729063,Non_Venomous_Snake,0.9988201260566711,Venomous_Snake,0.0011791720753535628,0.9976409539813176,NO,YES,YES,HIGH,NO,0.00012111577962059528,0.9998787641525269,-0.9997576483729063,0.0011791720753535628,0.9988201260566711,-0.9976409539813176,0.0010580562957329676,-0.0010586380958557129,Non_Venomous_Snake -> Non_Venomous_Snake
test/Non_Venomous_Snake/1438853320sub headed shot-1.jpg,Non_Venomous_Snake,Non_Venomous_Snake,0.9985950589179993,Venomous_Snake,0.0014047323493286967,0.9971903265686706,Non_Venomous_Snake,0.9996497631072998,Venomous_Snake,0.00034989684354513884,0.9992998662637547,NO,YES,YES,HIGH,NO,0.0014047323493286967,0.9985950589179993,-0.9971903265686706,0.00034989684354513884,0.9996497631072998,-0.9992998662637547,-0.001054835505783558,0.0010547041893005371,Non_Venomous_Snake -> Non_Venomous_Snake
test/Non_Venomous_Snake/15.jpg,Non_Venomous_Snake,Non_Venomous_Snake,0.9984279870986938,Venomous_Snake,0.0015720055671408772,0.996855981531553,Non_Venomous_Snake,0.9952096343040466,Venomous_Snake,0.00479035172611475,0.9904192825779319,NO,YES,YES,HIGH,NO,0.0015720055671408772,0.9984279870986938,-0.996855981531553,0.00479035172611475,0.9952096343040466,-0.9904192825779319,0.0032183461589738727,-0.003218352794647217,Non_Venomous_Snake -> Non_Venomous_Snake
test/Non_Venomous_Snake/16.jpg,Non_Venomous_Snake,Non_Venomous_Snake,0.9171788692474365,Venomous_Snake,0.08280391991138458,0.8343749493360519,Non_Venomous_Snake,0.5130388140678406,Venomous_Snake,0.48693710565567017,0.02610170841217041,NO,YES,YES,LOW,YES,0.08280391991138458,0.9171788692474365,-0.8343749493360519,0.48693710565567017,0.5130388140678406,-0.02610170841217041,0.4041331857442856,-0.40414005517959595,Non_Venomous_Snake -> Non_Venomous_Snake
test/Non_Venomous_Snake/16668569-Close-up-of-Indo-Chinese-Rat-snake-Thailand--Stock-Photo.jpg,Non_Venomous_Snake,Non_Venomous_Snake,0.5493175983428955,Venomous_Snake,0.450680136680603,0.09863746166229248,Non_Venomous_Snake,0.6399378776550293,Venomous_Snake,0.3600519001483917,0.2798859775066376,NO,YES,YES,MODERATE,NO,0.450680136680603,0.5493175983428955,-0.09863746166229248,0.3600519001483917,0.6399378776550293,-0.2798859775066376,-0.0906282365322113,0.09062027931213379,Non_Venomous_Snake -> Non_Venomous_Snake
test/Non_Venomous_Snake/17 (2).jpg,Non_Venomous_Snake,Non_Venomous_Snake,0.9994207620620728,Venomous_Snake,0.0005793041200377047,0.998841457942035,Non_Venomous_Snake,0.9955528378486633,Venomous_Snake,0.0044471630826592445,0.9911056747660041,NO,YES,YES,HIGH,NO,0.0005793041200377047,0.9994207620620728,-0.998841457942035,0.0044471630826592445,0.9955528378486633,-0.9911056747660041,0.00386785896262154,-0.003867924213409424,Non_Venomous_Snake -> Non_Venomous_Snake
test/Non_Venomous_Snake/17.jpg,Non_Venomous_Snake,Non_Venomous_Snake,0.934833824634552,Venomous_Snake,0.06515824049711227,0.8696755841374397,Non_Venomous_Snake,0.5518377423286438,Venomous_Snake,0.44815465807914734,0.10368308424949646,NO,YES,YES,LOW,YES,0.06515824049711227,0.934833824634552,-0.8696755841374397,0.44815465807914734,0.5518377423286438,-0.10368308424949646,0.38299641758203506,-0.3829960823059082,Non_Venomous_Snake -> Non_Venomous_Snake
test/Non_Venomous_Snake/175a2372jpg-35eda8314988c49d.jpg,Non_Venomous_Snake,Venomous_Snake,0.8652934432029724,Non_Venomous_Snake,0.1347065418958664,0.730586901307106,Venomous_Snake,0.9945080876350403,Non_Venomous_Snake,0.005491927731782198,0.9890161599032581,NO,NO,NO,HIGH,NO,0.8652934432029724,0.1347065418958664,0.730586901307106,0.9945080876350403,0.005491927731782198,0.9890161599032581,0.12921464443206787,-0.1292146141640842,Venomous_Snake -> Venomous_Snake
test/Non_Venomous_Snake/178737411_XS.jpg,Non_Venomous_Snake,Non_Venomous_Snake,0.7257750630378723,Venomous_Snake,0.2742150127887726,0.45156005024909973,Non_Venomous_Snake,0.7949581742286682,Venomous_Snake,0.2050325721502304,0.5899256020784378,NO,YES,YES,MODERATE,NO,0.2742150127887726,0.7257750630378723,-0.45156005024909973,0.2050325721502304,0.7949581742286682,-0.5899256020784378,-0.06918244063854218,0.0691831111907959,Non_Venomous_Snake -> Non_Venomous_Snake
test/Non_Venomous_Snake/18.jpg,Non_Venomous_Snake,Non_Venomous_Snake,0.8070010542869568,Venomous_Snake,0.19287200272083282,0.614129051566124,Non_Venomous_Snake,0.9240149855613708,Venomous_Snake,0.07593882828950882,0.848076157271862,NO,YES,YES,HIGH,NO,0.19287200272083282,0.8070010542869568,-0.614129051566124,0.07593882828950882,0.9240149855613708,-0.848076157271862,-0.116933174431324,0.11701393127441406,Non_Venomous_Snake -> Non_Venomous_Snake
test/Non_Venomous_Snake/1YEL.jpg,Non_Venomous_Snake,Non_Venomous_Snake,0.9999505281448364,Venomous_Snake,4.9416230467613786e-05,0.9999011119143688,Non_Venomous_Snake,0.9989579916000366,Venomous_Snake,0.0010420300532132387,0.9979159615468234,NO,YES,YES,HIGH,NO,4.9416230467613786e-05,0.9999505281448364,-0.9999011119143688,0.0010420300532132387,0.9989579916000366,-0.9979159615468234,0.000992613822745625,-0.0009925365447998047,Non_Venomous_Snake -> Non_Venomous_Snake
test/Non_Venomous_Snake/2.jpg,Non_Venomous_Snake,Non_Venomous_Snake,0.9588350057601929,Venomous_Snake,0.04116497188806534,0.9176700338721275,Non_Venomous_Snake,0.9558036923408508,Venomous_Snake,0.04419637843966484,0.911607313901186,NO,YES,YES,HIGH,NO,0.04116497188806534,0.9588350057601929,-0.9176700338721275,0.04419637843966484,0.9558036923408508,-0.911607313901186,0.0030314065515995026,-0.003031313419342041,Non_Venomous_Snake -> Non_Venomous_Snake
test/Non_Venomous_Snake/20 (2).jpg,Non_Venomous_Snake,Venomous_Snake,0.5650998950004578,Non_Venomous_Snake,0.4348165690898895,0.13028332591056824,Venomous_Snake,0.6967803835868835,Non_Venomous_Snake,0.3028288185596466,0.39395156502723694,NO,NO,NO,MODERATE,NO,0.5650998950004578,0.4348165690898895,0.13028332591056824,0.6967803835868835,0.3028288185596466,0.39395156502723694,0.13168048858642578,-0.13198775053024292,Venomous_Snake -> Venomous_Snake
test/Non_Venomous_Snake/20 (3).jpg,Non_Venomous_Snake,Non_Venomous_Snake,0.999904990196228,Venomous_Snake,9.494377445662394e-05,0.9998100464217714,Non_Venomous_Snake,0.9998044371604919,Venomous_Snake,0.00019558274652808905,0.9996088544139639,NO,YES,YES,HIGH,NO,9.494377445662394e-05,0.999904990196228,-0.9998100464217714,0.00019558274652808905,0.9998044371604919,-0.9996088544139639,0.0001006389720714651,-0.00010055303573608398,Non_Venomous_Snake -> Non_Venomous_Snake
test/Non_Venomous_Snake/20.jpg,Non_Venomous_Snake,Non_Venomous_Snake,0.9996460676193237,Venomous_Snake,0.0003538654127623886,0.9992922022065613,Non_Venomous_Snake,0.9972597360610962,Venomous_Snake,0.0027400823310017586,0.9945196537300944,NO,YES,YES,HIGH,NO,0.0003538654127623886,0.9996460676193237,-0.9992922022065613,0.0027400823310017586,0.9972597360610962,-0.9945196537300944,0.00238621691823937,-0.002386331558227539,Non_Venomous_Snake -> Non_Venomous_Snake
test/Non_Venomous_Snake/21.jpg,Non_Venomous_Snake,Non_Venomous_Snake,0.9570953845977783,Venomous_Snake,0.04287399724125862,0.9142213873565197,Non_Venomous_Snake,0.8857768774032593,Venomous_Snake,0.11412322521209717,0.7716536521911621,NO,YES,YES,HIGH,NO,0.04287399724125862,0.9570953845977783,-0.9142213873565197,0.11412322521209717,0.8857768774032593,-0.7716536521911621,0.07124922797083855,-0.07131850719451904,Non_Venomous_Snake -> Non_Venomous_Snake
test/Non_Venomous_Snake/22cdfe6495d034308305a00eeee78be8.jpg,Non_Venomous_Snake,Non_Venomous_Snake,0.9179524779319763,Venomous_Snake,0.08204568922519684,0.8359067887067795,Non_Venomous_Snake,0.9178963303565979,Venomous_Snake,0.08209632337093353,0.8358000069856644,NO,YES,YES,HIGH,NO,0.08204568922519684,0.9179524779319763,-0.8359067887067795,0.08209632337093353,0.9178963303565979,-0.8358000069856644,5.0634145736694336e-05,-5.614757537841797e-05,Non_Venomous_Snake -> Non_Venomous_Snake
test/Non_Venomous_Snake/23.jpg,Non_Venomous_Snake,Non_Venomous_Snake,0.9999961853027344,Venomous_Snake,2.5775696030905237e-06,0.9999936077331313,Non_Venomous_Snake,0.999998927116394,Venomous_Snake,1.0943451798084425e-06,0.9999978327712142,NO,YES,YES,HIGH,NO,2.5775696030905237e-06,0.9999961853027344,-0.9999936077331313,1.0943451798084425e-06,0.999998927116394,-0.9999978327712142,-1.4832244232820813e-06,2.7418136596679688e-06,Non_Venomous_Snake -> Non_Venomous_Snake
test/Non_Venomous_Snake/23acc8022303e373f72893f094dcd22f--snake-photos-corn-snake.jpg,Non_Venomous_Snake,Non_Venomous_Snake,0.9968360662460327,Venomous_Snake,0.0031554577872157097,0.993680608458817,Non_Venomous_Snake,0.9972044825553894,Venomous_Snake,0.002792516490444541,0.9944119660649449,NO,YES,YES,HIGH,NO,0.0031554577872157097,0.9968360662460327,-0.993680608458817,0.002792516490444541,0.9972044825553894,-0.9944119660649449,-0.0003629412967711687,0.00036841630935668945,Non_Venomous_Snake -> Non_Venomous_Snake
test/Non_Venomous_Snake/24.jpg,Non_Venomous_Snake,Non_Venomous_Snake,0.9997079968452454,Venomous_Snake,0.00029195231036283076,0.9994160445348825,Non_Venomous_Snake,0.9688581228256226,Venomous_Snake,0.03114166483283043,0.9377164579927921,NO,YES,YES,HIGH,NO,0.00029195231036283076,0.9997079968452454,-0.9994160445348825,0.03114166483283043,0.9688581228256226,-0.9377164579927921,0.0308497125224676,-0.030849874019622803,Non_Venomous_Snake -> Non_Venomous_Snake
test/Non_Venomous_Snake/240_F_57387590_X4C1GVMXiircJ9WijCsTxXmP3l08Pk2m.jpg,Non_Venomous_Snake,Non_Venomous_Snake,0.9899263381958008,Venomous_Snake,0.010070418007671833,0.979855920188129,Non_Venomous_Snake,0.9463196396827698,Venomous_Snake,0.0536651648581028,0.892654474824667,NO,YES,YES,HIGH,NO,0.010070418007671833,0.9899263381958008,-0.979855920188129,0.0536651648581028,0.9463196396827698,-0.892654474824667,0.043594746850430965,-0.043606698513031006,Non_Venomous_Snake -> Non_Venomous_Snake
test/Non_Venomous_Snake/240_F_81777996_fXFZAxx4plJEMzc4ndaqAcPqLi5VB87h.jpg,Non_Venomous_Snake,Non_Venomous_Snake,0.9996039271354675,Venomous_Snake,0.00039568758802488446,0.9992082395474426,Non_Venomous_Snake,0.998902440071106,Venomous_Snake,0.0010954324388876557,0.9978070076322183,NO,YES,YES,HIGH,NO,0.00039568758802488446,0.9996039271354675,-0.9992082395474426,0.0010954324388876557,0.998902440071106,-0.9978070076322183,0.0006997448508627713,-0.0007014870643615723,Non_Venomous_Snake -> Non_Venomous_Snake
test/Non_Venomous_Snake/249701_149478348456813_100001839476094_326585_731191_n.jpg,Non_Venomous_Snake,Non_Venomous_Snake,0.9950307607650757,Venomous_Snake,0.004968342371284962,0.9900624183937907,Non_Venomous_Snake,0.8355856537818909,Venomous_Snake,0.1644013673067093,0.6711842864751816,NO,YES,YES,HIGH,NO,0.004968342371284962,0.9950307607650757,-0.9900624183937907,0.1644013673067093,0.8355856537818909,-0.6711842864751816,0.15943302493542433,-0.15944510698318481,Non_Venomous_Snake -> Non_Venomous_Snake
test/Non_Venomous_Snake/26.jpg,Non_Venomous_Snake,Non_Venomous_Snake,0.9998199343681335,Venomous_Snake,0.00018000534328166395,0.9996399290248519,Non_Venomous_Snake,0.9995841383934021,Venomous_Snake,0.0004158146621193737,0.9991683237312827,NO,YES,YES,HIGH,NO,0.00018000534328166395,0.9998199343681335,-0.9996399290248519,0.0004158146621193737,0.9995841383934021,-0.9991683237312827,0.00023580931883770972,-0.0002357959747314453,Non_Venomous_Snake -> Non_Venomous_Snake
test/Non_Venomous_Snake/27.jpg,Non_Venomous_Snake,Non_Venomous_Snake,0.7460690140724182,Venomous_Snake,0.2539067268371582,0.49216228723526,Non_Venomous_Snake,0.5233049988746643,Venomous_Snake,0.47648370265960693,0.04682129621505737,NO,YES,YES,LOW,YES,0.2539067268371582,0.7460690140724182,-0.49216228723526,0.47648370265960693,0.5233049988746643,-0.04682129621505737,0.22257697582244873,-0.2227640151977539,Non_Venomous_Snake -> Non_Venomous_Snake
test/Non_Venomous_Snake/29.jpg,Non_Venomous_Snake,Non_Venomous_Snake,0.9998502731323242,Venomous_Snake,8.978066762210801e-05,0.9997604924647021,Non_Venomous_Snake,0.999854326248169,Venomous_Snake,0.00010000447946367785,0.9997543217687053,NO,YES,YES,HIGH,NO,8.978066762210801e-05,0.9998502731323242,-0.9997604924647021,0.00010000447946367785,0.999854326248169,-0.9997543217687053,1.0223811841569841e-05,4.0531158447265625e-06,Non_Venomous_Snake -> Non_Venomous_Snake
test/Non_Venomous_Snake/2953885821_2921103913.jpg,Non_Venomous_Snake,Non_Venomous_Snake,0.9980509281158447,Venomous_Snake,0.001948641613125801,0.9961022865027189,Non_Venomous_Snake,0.9989854693412781,Venomous_Snake,0.0010144166881218553,0.9979710526531562,NO,YES,YES,HIGH,NO,0.001948641613125801,0.9980509281158447,-0.9961022865027189,0.0010144166881218553,0.9989854693412781,-0.9979710526531562,-0.0009342249250039458,0.0009345412254333496,Non_Venomous_Snake -> Non_Venomous_Snake
test/Non_Venomous_Snake/3.jpg,Non_Venomous_Snake,Non_Venomous_Snake,0.9868566393852234,Venomous_Snake,0.013143143616616726,0.9737134957686067,Non_Venomous_Snake,0.5855079293251038,Venomous_Snake,0.4144889712333679,0.17101895809173584,NO,YES,YES,LOW,YES,0.013143143616616726,0.9868566393852234,-0.9737134957686067,0.4144889712333679,0.5855079293251038,-0.17101895809173584,0.4013458276167512,-0.40134871006011963,Non_Venomous_Snake -> Non_Venomous_Snake
test/Non_Venomous_Snake/30.jpg,Non_Venomous_Snake,Venomous_Snake,0.8812358379364014,Non_Venomous_Snake,0.11867424845695496,0.7625615894794464,Venomous_Snake,0.9610733985900879,Non_Venomous_Snake,0.03864061087369919,0.9224327877163887,NO,NO,NO,HIGH,NO,0.8812358379364014,0.11867424845695496,0.7625615894794464,0.9610733985900879,0.03864061087369919,0.9224327877163887,0.07983756065368652,-0.08003363758325577,Venomous_Snake -> Venomous_Snake
test/Non_Venomous_Snake/300px-Boa.jpg,Non_Venomous_Snake,Non_Venomous_Snake,0.7448633909225464,Venomous_Snake,0.255136638879776,0.4897267520427704,Venomous_Snake,0.5815667510032654,Non_Venomous_Snake,0.4184332489967346,0.16313350200653076,YES,YES,NO,LOW,YES,0.255136638879776,0.7448633909225464,-0.4897267520427704,0.5815667510032654,0.4184332489967346,0.16313350200653076,0.3264301121234894,-0.32643014192581177,Non_Venomous_Snake -> Venomous_Snake
test/Non_Venomous_Snake/32.jpg,Non_Venomous_Snake,Non_Venomous_Snake,0.9998078942298889,Venomous_Snake,0.00012477055133786052,0.999683123678551,Non_Venomous_Snake,0.9991466999053955,Venomous_Snake,0.0007362592732533813,0.9984104406321421,NO,YES,YES,HIGH,NO,0.00012477055133786052,0.9998078942298889,-0.999683123678551,0.0007362592732533813,0.9991466999053955,-0.9984104406321421,0.0006114887219155207,-0.0006611943244934082,Non_Venomous_Snake -> Non_Venomous_Snake
test/Non_Venomous_Snake/33.jpg,Non_Venomous_Snake,Non_Venomous_Snake,0.9882545471191406,Venomous_Snake,0.011552026495337486,0.9767025206238031,Non_Venomous_Snake,0.996726393699646,Venomous_Snake,0.003233835566788912,0.9934925581328571,NO,YES,YES,HIGH,NO,0.011552026495337486,0.9882545471191406,-0.9767025206238031,0.003233835566788912,0.996726393699646,-0.9934925581328571,-0.008318190928548574,0.008471846580505371,Non_Venomous_Snake -> Non_Venomous_Snake
test/Non_Venomous_Snake/34.jpg,Non_Venomous_Snake,Non_Venomous_Snake,0.9915084838867188,Venomous_Snake,0.007221605628728867,0.9842868782579899,Non_Venomous_Snake,0.9940523505210876,Venomous_Snake,0.0057199206203222275,0.9883324299007654,NO,YES,YES,HIGH,NO,0.007221605628728867,0.9915084838867188,-0.9842868782579899,0.0057199206203222275,0.9940523505210876,-0.9883324299007654,-0.001501685008406639,0.0025438666343688965,Non_Venomous_Snake -> Non_Venomous_Snake
test/Non_Venomous_Snake/36.jpg,Non_Venomous_Snake,Non_Venomous_Snake,0.9990552067756653,Venomous_Snake,0.000944217259529978,0.9981109895161353,Non_Venomous_Snake,0.998267412185669,Venomous_Snake,0.001731964643113315,0.9965354475425556,NO,YES,YES,HIGH,NO,0.000944217259529978,0.9990552067756653,-0.9981109895161353,0.001731964643113315,0.998267412185669,-0.9965354475425556,0.0007877473835833371,-0.0007877945899963379,Non_Venomous_Snake -> Non_Venomous_Snake
test/Non_Venomous_Snake/37.jpg,Non_Venomous_Snake,Non_Venomous_Snake,0.9999532699584961,Venomous_Snake,4.6700177335878834e-05,0.9999065697811602,Non_Venomous_Snake,0.9998968839645386,Venomous_Snake,0.00010307261982234195,0.9997938113447162,NO,YES,YES,HIGH,NO,4.6700177335878834e-05,0.9999532699584961,-0.9999065697811602,0.00010307261982234195,0.9998968839645386,-0.9997938113447162,5.6372442486463115e-05,-5.638599395751953e-05,Non_Venomous_Snake -> Non_Venomous_Snake
test/Non_Venomous_Snake/38AC2D51-1DD8-B71C-077A00C10D49AA3C-large.JPG,Non_Venomous_Snake,Non_Venomous_Snake,0.9609803557395935,Venomous_Snake,0.03901911899447441,0.9219612367451191,Non_Venomous_Snake,0.8939085006713867,Venomous_Snake,0.10608923435211182,0.7878192663192749,NO,YES,YES,HIGH,NO,0.03901911899447441,0.9609803557395935,-0.9219612367451191,0.10608923435211182,0.8939085006713867,-0.7878192663192749,0.0670701153576374,-0.06707185506820679,Non_Venomous_Snake -> Non_Venomous_Snake
test/Non_Venomous_Snake/39.jpg,Non_Venomous_Snake,Non_Venomous_Snake,0.9986234903335571,Venomous_Snake,0.001374022220261395,0.9972494681132957,Non_Venomous_Snake,0.9965633749961853,Venomous_Snake,0.00343409925699234,0.993129275739193,NO,YES,YES,HIGH,NO,0.001374022220261395,0.9986234903335571,-0.9972494681132957,0.00343409925699234,0.9965633749961853,-0.993129275739193,0.002060077036730945,-0.002060115337371826,Non_Venomous_Snake -> Non_Venomous_Snake
test/Non_Venomous_Snake/4.jpg,Non_Venomous_Snake,Venomous_Snake,0.6374921202659607,Non_Venomous_Snake,0.3625074028968811,0.2749847173690796,Venomous_Snake,0.8535320162773132,Non_Venomous_Snake,0.14646773040294647,0.7070642858743668,NO,NO,NO,HIGH,NO,0.6374921202659607,0.3625074028968811,0.2749847173690796,0.8535320162773132,0.14646773040294647,0.7070642858743668,0.21603989601135254,-0.21603967249393463,Venomous_Snake -> Venomous_Snake
test/Non_Venomous_Snake/40.jpg,Non_Venomous_Snake,Non_Venomous_Snake,0.999987006187439,Venomous_Snake,1.2900663932668976e-05,0.9999741055235063,Non_Venomous_Snake,0.99997878074646,Venomous_Snake,2.119082819262985e-05,0.9999575899182673,NO,YES,YES,HIGH,NO,1.2900663932668976e-05,0.999987006187439,-0.9999741055235063,2.119082819262985e-05,0.99997878074646,-0.9999575899182673,8.290164259960875e-06,-8.225440979003906e-06,Non_Venomous_Snake -> Non_Venomous_Snake
test/Non_Venomous_Snake/4108235465_d0b32976cc_b.jpg,Non_Venomous_Snake,Non_Venomous_Snake,0.999593198299408,Venomous_Snake,0.0004063407832290977,0.9991868575161789,Non_Venomous_Snake,0.9996587038040161,Venomous_Snake,0.000341240520356223,0.9993174632836599,NO,YES,YES,HIGH,NO,0.0004063407832290977,0.999593198299408,-0.9991868575161789,0.000341240520356223,0.9996587038040161,-0.9993174632836599,-6.510026287287474e-05,6.55055046081543e-05,Non_Venomous_Snake -> Non_Venomous_Snake
test/Non_Venomous_Snake/450-27504292-common-sand-boa-snake.jpg,Non_Venomous_Snake,Non_Venomous_Snake,0.9992730021476746,Venomous_Snake,0.0007270423811860383,0.9985459597664885,Non_Venomous_Snake,0.9809808731079102,Venomous_Snake,0.019019057974219322,0.9619618151336908,NO,YES,YES,HIGH,NO,0.0007270423811860383,0.9992730021476746,-0.9985459597664885,0.019019057974219322,0.9809808731079102,-0.9619618151336908,0.018292015593033284,-0.018292129039764404,Non_Venomous_Snake -> Non_Venomous_Snake
test/Non_Venomous_Snake/464685_469785913108783_1755378000_o.jpg,Non_Venomous_Snake,Non_Venomous_Snake,0.9997685551643372,Venomous_Snake,0.00023106555454432964,0.9995374896097928,Non_Venomous_Snake,0.9987446069717407,Venomous_Snake,0.0012544594937935472,0.9974901474779472,NO,YES,YES,HIGH,NO,0.00023106555454432964,0.9997685551643372,-0.9995374896097928,0.0012544594937935472,0.9987446069717407,-0.9974901474779472,0.0010233939392492175,-0.0010239481925964355,Non_Venomous_Snake -> Non_Venomous_Snake
test/Non_Venomous_Snake/5 blog.jpg,Non_Venomous_Snake,Non_Venomous_Snake,0.9463839530944824,Venomous_Snake,0.05361558124423027,0.8927683718502522,Non_Venomous_Snake,0.623573899269104,Venomous_Snake,0.37642502784729004,0.24714887142181396,NO,YES,YES,MODERATE,NO,0.05361558124423027,0.9463839530944824,-0.8927683718502522,0.37642502784729004,0.623573899269104,-0.24714887142181396,0.32280944660305977,-0.3228100538253784,Non_Venomous_Snake -> Non_Venomous_Snake
test/Non_Venomous_Snake/5078041194_1f8a6af122_b.jpg,Non_Venomous_Snake,Non_Venomous_Snake,0.6861565113067627,Venomous_Snake,0.3138425946235657,0.372313916683197,Non_Venomous_Snake,0.7084004282951355,Venomous_Snake,0.29159632325172424,0.41680410504341125,NO,YES,YES,MODERATE,NO,0.3138425946235657,0.6861565113067627,-0.372313916683197,0.29159632325172424,0.7084004282951355,-0.41680410504341125,-0.02224627137184143,0.022243916988372803,Non_Venomous_Snake -> Non_Venomous_Snake
test/Non_Venomous_Snake/5c3dd3dc91c4283c73c5992e0a62b28f.jpg,Non_Venomous_Snake,Non_Venomous_Snake,0.518875777721405,Venomous_Snake,0.4811239242553711,0.037751853466033936,Venomous_Snake,0.7735183238983154,Non_Venomous_Snake,0.2264811247587204,0.547037199139595,YES,YES,NO,MODERATE,NO,0.4811239242553711,0.518875777721405,-0.037751853466033936,0.7735183238983154,0.2264811247587204,0.547037199139595,0.29239439964294434,-0.29239465296268463,Non_Venomous_Snake -> Venomous_Snake
test/Non_Venomous_Snake/6 (2).jpg,Non_Venomous_Snake,Non_Venomous_Snake,0.9854875802993774,Venomous_Snake,0.014512429013848305,0.9709751512855291,Non_Venomous_Snake,0.732769787311554,Venomous_Snake,0.2672281265258789,0.46554166078567505,NO,YES,YES,MODERATE,NO,0.014512429013848305,0.9854875802993774,-0.9709751512855291,0.2672281265258789,0.732769787311554,-0.46554166078567505,0.2527156975120306,-0.2527177929878235,Non_Venomous_Snake -> Non_Venomous_Snake
test/Non_Venomous_Snake/6.jpg,Non_Venomous_Snake,Non_Venomous_Snake,0.9916803240776062,Venomous_Snake,0.008319247514009476,0.9833610765635967,Non_Venomous_Snake,0.978223979473114,Venomous_Snake,0.021774660795927048,0.956449318677187,NO,YES,YES,HIGH,NO,0.008319247514009476,0.9916803240776062,-0.9833610765635967,0.021774660795927048,0.978223979473114,-0.956449318677187,0.013455413281917572,-0.013456344604492188,Non_Venomous_Snake -> Non_Venomous_Snake
test/Non_Venomous_Snake/61571838_4ea666d98a_b.jpg,Non_Venomous_Snake,Non_Venomous_Snake,0.9995204210281372,Venomous_Snake,0.0004792367690242827,0.9990411842591129,Non_Venomous_Snake,0.9985492825508118,Venomous_Snake,0.0014500118559226394,0.9970992706948891,NO,YES,YES,HIGH,NO,0.0004792367690242827,0.9995204210281372,-0.9990411842591129,0.0014500118559226394,0.9985492825508118,-0.9970992706948891,0.0009707750868983567,-0.0009711384773254395,Non_Venomous_Snake -> Non_Venomous_Snake
test/Non_Venomous_Snake/62b8a1.jpg,Non_Venomous_Snake,Non_Venomous_Snake,0.929025411605835,Venomous_Snake,0.0709744244813919,0.858050987124443,Non_Venomous_Snake,0.9537907838821411,Venomous_Snake,0.04620906338095665,0.9075817205011845,NO,YES,YES,HIGH,NO,0.0709744244813919,0.929025411605835,-0.858050987124443,0.04620906338095665,0.9537907838821411,-0.9075817205011845,-0.024765361100435257,0.024765372276306152,Non_Venomous_Snake -> Non_Venomous_Snake
test/Non_Venomous_Snake/6O4A7830.jpg,Non_Venomous_Snake,Non_Venomous_Snake,0.992504358291626,Venomous_Snake,0.0074927625246346,0.9850115957669914,Non_Venomous_Snake,0.9959951639175415,Venomous_Snake,0.003997294697910547,0.991997869219631,NO,YES,YES,HIGH,NO,0.0074927625246346,0.992504358291626,-0.9850115957669914,0.003997294697910547,0.9959951639175415,-0.991997869219631,-0.0034954678267240524,0.0034908056259155273,Non_Venomous_Snake -> Non_Venomous_Snake
test/Non_Venomous_Snake/6O4A7844.jpg,Non_Venomous_Snake,Venomous_Snake,0.9807270765304565,Non_Venomous_Snake,0.01927255652844906,0.9614545200020075,Venomous_Snake,0.995965838432312,Non_Venomous_Snake,0.004033440258353949,0.9919323981739581,NO,NO,NO,HIGH,NO,0.9807270765304565,0.01927255652844906,0.9614545200020075,0.995965838432312,0.004033440258353949,0.9919323981739581,0.015238761901855469,-0.01523911627009511,Venomous_Snake -> Venomous_Snake
test/Non_Venomous_Snake/7.jpg,Non_Venomous_Snake,Non_Venomous_Snake,0.9996345043182373,Venomous_Snake,0.0003655266191344708,0.9992689776991028,Non_Venomous_Snake,0.9973580241203308,Venomous_Snake,0.0026408967096358538,0.994717127410695,NO,YES,YES,HIGH,NO,0.0003655266191344708,0.9996345043182373,-0.9992689776991028,0.0026408967096358538,0.9973580241203308,-0.994717127410695,0.002275370090501383,-0.002276480197906494,Non_Venomous_Snake -> Non_Venomous_Snake
test/Non_Venomous_Snake/7044762725_5e3e754c31.jpg,Non_Venomous_Snake,Non_Venomous_Snake,0.9443336129188538,Venomous_Snake,0.05566323921084404,0.8886703737080097,Non_Venomous_Snake,0.7718286514282227,Venomous_Snake,0.2281649261713028,0.5436637252569199,NO,YES,YES,MODERATE,NO,0.05566323921084404,0.9443336129188538,-0.8886703737080097,0.2281649261713028,0.7718286514282227,-0.5436637252569199,0.17250168696045876,-0.1725049614906311,Non_Venomous_Snake -> Non_Venomous_Snake
test/Non_Venomous_Snake/7696c19d1eb4846d81269ecb4c77f5a5.jpg,Non_Venomous_Snake,Non_Venomous_Snake,0.9962074756622314,Venomous_Snake,0.00376732274889946,0.992440152913332,Non_Venomous_Snake,0.9804695248603821,Venomous_Snake,0.019419796764850616,0.9610497280955315,NO,YES,YES,HIGH,NO,0.00376732274889946,0.9962074756622314,-0.992440152913332,0.019419796764850616,0.9804695248603821,-0.9610497280955315,0.015652474015951157,-0.015737950801849365,Non_Venomous_Snake -> Non_Venomous_Snake
test/Non_Venomous_Snake/78.jpg,Non_Venomous_Snake,Non_Venomous_Snake,0.9999964237213135,Venomous_Snake,3.611277179516037e-06,0.999992812444134,Non_Venomous_Snake,0.9996715784072876,Venomous_Snake,0.0003282633260823786,0.9993433150812052,NO,YES,YES,HIGH,NO,3.611277179516037e-06,0.9999964237213135,-0.999992812444134,0.0003282633260823786,0.9996715784072876,-0.9993433150812052,0.0003246520489028626,-0.0003248453140258789,Non_Venomous_Snake -> Non_Venomous_Snake
test/Non_Venomous_Snake/79.jpg,Non_Venomous_Snake,Non_Venomous_Snake,0.9932047128677368,Venomous_Snake,0.006792015861719847,0.986412697006017,Non_Venomous_Snake,0.9031481742858887,Venomous_Snake,0.09682154655456543,0.8063266277313232,NO,YES,YES,HIGH,NO,0.006792015861719847,0.9932047128677368,-0.986412697006017,0.09682154655456543,0.9031481742858887,-0.8063266277313232,0.09002953069284558,-0.09005653858184814,Non_Venomous_Snake -> Non_Venomous_Snake
test/Non_Venomous_Snake/8.jpg,Non_Venomous_Snake,Non_Venomous_Snake,0.9909307360649109,Venomous_Snake,0.00906929187476635,0.9818614441901445,Non_Venomous_Snake,0.9826535582542419,Venomous_Snake,0.01734641008079052,0.9653071481734514,NO,YES,YES,HIGH,NO,0.00906929187476635,0.9909307360649109,-0.9818614441901445,0.01734641008079052,0.9826535582542419,-0.9653071481734514,0.00827711820602417,-0.008277177810668945,Non_Venomous_Snake -> Non_Venomous_Snake
test/Non_Venomous_Snake/800px-Common_Rat_Snake_(Ptyas_mucosa)_µ░┤σ╛ï5.jpg,Non_Venomous_Snake,Non_Venomous_Snake,0.9992014765739441,Venomous_Snake,0.0007983462419360876,0.998403130332008,Non_Venomous_Snake,0.999526858329773,Venomous_Snake,0.0004730067739728838,0.9990538515558001,NO,YES,YES,HIGH,NO,0.0007983462419360876,0.9992014765739441,-0.998403130332008,0.0004730067739728838,0.999526858329773,-0.9990538515558001,-0.0003253394679632038,0.0003253817558288574,Non_Venomous_Snake -> Non_Venomous_Snake
test/Non_Venomous_Snake/82.jpg,Non_Venomous_Snake,Non_Venomous_Snake,0.9829588532447815,Venomous_Snake,0.017037400975823402,0.9659214522689581,Non_Venomous_Snake,0.9266785979270935,Venomous_Snake,0.0733192041516304,0.8533593937754631,NO,YES,YES,HIGH,NO,0.017037400975823402,0.9829588532447815,-0.9659214522689581,0.0733192041516304,0.9266785979270935,-0.8533593937754631,0.056281803175807,-0.05628025531768799,Non_Venomous_Snake -> Non_Venomous_Snake
test/Non_Venomous_Snake/83.jpg,Non_Venomous_Snake,Non_Venomous_Snake,0.961353600025177,Venomous_Snake,0.03864642232656479,0.9227071776986122,Venomous_Snake,0.5204804539680481,Non_Venomous_Snake,0.47951510548591614,0.04096534848213196,YES,YES,NO,LOW,YES,0.03864642232656479,0.961353600025177,-0.9227071776986122,0.5204804539680481,0.47951510548591614,0.04096534848213196,0.4818340316414833,-0.48183849453926086,Non_Venomous_Snake -> Venomous_Snake
test/Non_Venomous_Snake/83612cc4c22f4694c89577510d3c9bdf.jpg,Non_Venomous_Snake,Venomous_Snake,0.6579926013946533,Non_Venomous_Snake,0.34200724959373474,0.3159853518009186,Venomous_Snake,0.8096526861190796,Non_Venomous_Snake,0.19034679234027863,0.619305893778801,NO,NO,NO,HIGH,NO,0.6579926013946533,0.34200724959373474,0.3159853518009186,0.8096526861190796,0.19034679234027863,0.619305893778801,0.15166008472442627,-0.15166045725345612,Venomous_Snake -> Venomous_Snake
test/Non_Venomous_Snake/85.jpg,Non_Venomous_Snake,Non_Venomous_Snake,0.9779391884803772,Venomous_Snake,0.022060131654143333,0.9558790568262339,Non_Venomous_Snake,0.9121592044830322,Venomous_Snake,0.0878404974937439,0.8243187069892883,NO,YES,YES,HIGH,NO,0.022060131654143333,0.9779391884803772,-0.9558790568262339,0.0878404974937439,0.9121592044830322,-0.8243187069892883,0.06578036583960056,-0.06577998399734497,Non_Venomous_Snake -> Non_Venomous_Snake
test/Non_Venomous_Snake/86.jpg,Non_Venomous_Snake,Non_Venomous_Snake,0.9872558116912842,Venomous_Snake,0.012742981314659119,0.9745128303766251,Non_Venomous_Snake,0.9932546019554138,Venomous_Snake,0.006744182202965021,0.9865104197524488,NO,YES,YES,HIGH,NO,0.012742981314659119,0.9872558116912842,-0.9745128303766251,0.006744182202965021,0.9932546019554138,-0.9865104197524488,-0.0059987991116940975,0.005998790264129639,Non_Venomous_Snake -> Non_Venomous_Snake
test/Non_Venomous_Snake/87457288_XS.jpg,Non_Venomous_Snake,Non_Venomous_Snake,0.9921287298202515,Venomous_Snake,0.00786147452890873,0.9842672552913427,Non_Venomous_Snake,0.8865676522254944,Venomous_Snake,0.11340276151895523,0.7731648907065392,NO,YES,YES,HIGH,NO,0.00786147452890873,0.9921287298202515,-0.9842672552913427,0.11340276151895523,0.8865676522254944,-0.7731648907065392,0.1055412869900465,-0.10556107759475708,Non_Venomous_Snake -> Non_Venomous_Snake
test/Non_Venomous_Snake/9 (2).jpg,Non_Venomous_Snake,Non_Venomous_Snake,0.9197267889976501,Venomous_Snake,0.08027321845293045,0.8394535705447197,Non_Venomous_Snake,0.790233850479126,Venomous_Snake,0.20976607501506805,0.5804677754640579,NO,YES,YES,MODERATE,NO,0.08027321845293045,0.9197267889976501,-0.8394535705447197,0.20976607501506805,0.790233850479126,-0.5804677754640579,0.1294928565621376,-0.12949293851852417,Non_Venomous_Snake -> Non_Venomous_Snake
test/Non_Venomous_Snake/9.jpg,Non_Venomous_Snake,Non_Venomous_Snake,0.9947357773780823,Venomous_Snake,0.005263725761324167,0.9894720516167581,Non_Venomous_Snake,0.8674479126930237,Venomous_Snake,0.13254913687705994,0.7348987758159637,NO,YES,YES,HIGH,NO,0.005263725761324167,0.9947357773780823,-0.9894720516167581,0.13254913687705994,0.8674479126930237,-0.7348987758159637,0.12728541111573577,-0.1272878646850586,Non_Venomous_Snake -> Non_Venomous_Snake
test/Non_Venomous_Snake/9862346-Close-up-of-Common-Rat-Snake-Thailand--Stock-Photo-snake.jpg,Non_Venomous_Snake,Non_Venomous_Snake,0.7103542685508728,Venomous_Snake,0.28964516520500183,0.42070910334587097,Non_Venomous_Snake,0.8388073444366455,Venomous_Snake,0.16118237376213074,0.6776249706745148,NO,YES,YES,HIGH,NO,0.28964516520500183,0.7103542685508728,-0.42070910334587097,0.16118237376213074,0.8388073444366455,-0.6776249706745148,-0.1284627914428711,0.1284530758857727,Non_Venomous_Snake -> Non_Venomous_Snake
test/Non_Venomous_Snake/9geraniyade.jpg,Non_Venomous_Snake,Non_Venomous_Snake,0.8134699463844299,Venomous_Snake,0.1865217387676239,0.626948207616806,Non_Venomous_Snake,0.87675940990448,Venomous_Snake,0.12323610484600067,0.7535233050584793,NO,YES,YES,HIGH,NO,0.1865217387676239,0.8134699463844299,-0.626948207616806,0.12323610484600067,0.87675940990448,-0.7535233050584793,-0.06328563392162323,0.06328946352005005,Non_Venomous_Snake -> Non_Venomous_Snake
test/Non_Venomous_Snake/Banded Racer_1105.jpg,Non_Venomous_Snake,Venomous_Snake,0.610837996006012,Non_Venomous_Snake,0.38916197419166565,0.2216760218143463,Venomous_Snake,0.787201464176178,Non_Venomous_Snake,0.21279841661453247,0.5744030475616455,NO,NO,NO,MODERATE,NO,0.610837996006012,0.38916197419166565,0.2216760218143463,0.787201464176178,0.21279841661453247,0.5744030475616455,0.17636346817016602,-0.17636355757713318,Venomous_Snake -> Venomous_Snake
test/Non_Venomous_Snake/Banded-Racer-1-700x489.jpg,Non_Venomous_Snake,Non_Venomous_Snake,0.9975723624229431,Venomous_Snake,0.0024259937927126884,0.9951463686302304,Non_Venomous_Snake,0.9976716637611389,Venomous_Snake,0.0023222288582473993,0.9953494349028915,NO,YES,YES,HIGH,NO,0.0024259937927126884,0.9975723624229431,-0.9951463686302304,0.0023222288582473993,0.9976716637611389,-0.9953494349028915,-0.00010376493446528912,9.930133819580078e-05,Non_Venomous_Snake -> Non_Venomous_Snake
test/Non_Venomous_Snake/Banded-Racer-3-700x417.jpg,Non_Venomous_Snake,Non_Venomous_Snake,0.9983963370323181,Venomous_Snake,0.0016036699526011944,0.9967926670797169,Non_Venomous_Snake,0.9730889797210693,Venomous_Snake,0.026910439133644104,0.9461785405874252,NO,YES,YES,HIGH,NO,0.0016036699526011944,0.9983963370323181,-0.9967926670797169,0.026910439133644104,0.9730889797210693,-0.9461785405874252,0.02530676918104291,-0.02530735731124878,Non_Venomous_Snake -> Non_Venomous_Snake
test/Non_Venomous_Snake/Banded_Racer_Argyrogena_fasciolata_by_Ashahar_alias_Krishna_Khan.jpg,Non_Venomous_Snake,Non_Venomous_Snake,0.5449572205543518,Venomous_Snake,0.4550418257713318,0.08991539478302002,Non_Venomous_Snake,0.8711025714874268,Venomous_Snake,0.1288970559835434,0.7422055155038834,NO,YES,YES,HIGH,NO,0.4550418257713318,0.5449572205543518,-0.08991539478302002,0.1288970559835434,0.8711025714874268,-0.7422055155038834,-0.3261447697877884,0.32614535093307495,Non_Venomous_Snake -> Non_Venomous_Snake
test/Non_Venomous_Snake/Natrix piscator.jpg,Non_Venomous_Snake,Non_Venomous_Snake,0.9988694787025452,Venomous_Snake,0.0011303586652502418,0.9977391200372949,Non_Venomous_Snake,0.9983590245246887,Venomous_Snake,0.0016409303061664104,0.9967180942185223,NO,YES,YES,HIGH,NO,0.0011303586652502418,0.9988694787025452,-0.9977391200372949,0.0016409303061664104,0.9983590245246887,-0.9967180942185223,0.0005105716409161687,-0.0005104541778564453,Non_Venomous_Snake -> Non_Venomous_Snake
test/Non_Venomous_Snake/PICT6251_fcw.jpg,Non_Venomous_Snake,Non_Venomous_Snake,0.9987939596176147,Venomous_Snake,0.0010180334793403745,0.9977759261382744,Non_Venomous_Snake,0.9799760580062866,Venomous_Snake,0.019877910614013672,0.960098147392273,NO,YES,YES,HIGH,NO,0.0010180334793403745,0.9987939596176147,-0.9977759261382744,0.019877910614013672,0.9799760580062866,-0.960098147392273,0.018859877134673297,-0.018817901611328125,Non_Venomous_Snake -> Non_Venomous_Snake
test/Non_Venomous_Snake/Xenochrophis_piscator_at_Kadavoor.jpg,Non_Venomous_Snake,Non_Venomous_Snake,0.9707019329071045,Venomous_Snake,0.029292399063706398,0.9414095338433981,Non_Venomous_Snake,0.8799543976783752,Venomous_Snake,0.11996762454509735,0.7599867731332779,NO,YES,YES,HIGH,NO,0.029292399063706398,0.9707019329071045,-0.9414095338433981,0.11996762454509735,0.8799543976783752,-0.7599867731332779,0.09067522548139095,-0.09074753522872925,Non_Venomous_Snake -> Non_Venomous_Snake
test/Non_Venomous_Snake/banded Racer_001.jpg,Non_Venomous_Snake,Non_Venomous_Snake,0.98689204454422,Venomous_Snake,0.013107976876199245,0.9737840676680207,Non_Venomous_Snake,0.9753170013427734,Venomous_Snake,0.024682942777872086,0.9506340585649014,NO,YES,YES,HIGH,NO,0.013107976876199245,0.98689204454422,-0.9737840676680207,0.024682942777872086,0.9753170013427734,-0.9506340585649014,0.01157496590167284,-0.011575043201446533,Non_Venomous_Snake -> Non_Venomous_Snake
test/Non_Venomous_Snake/banded-racer-argyrogena-fasciolata-juvenile-non-venomous-locality-DCDHTP.jpg,Non_Venomous_Snake,Non_Venomous_Snake,0.8680048584938049,Venomous_Snake,0.1319946050643921,0.7360102534294128,Non_Venomous_Snake,0.588330090045929,Venomous_Snake,0.41166841983795166,0.1766616702079773,NO,YES,YES,LOW,YES,0.1319946050643921,0.8680048584938049,-0.7360102534294128,0.41166841983795166,0.588330090045929,-0.1766616702079773,0.27967381477355957,-0.279674768447876,Non_Venomous_Snake -> Non_Venomous_Snake
test/Non_Venomous_Snake/banded-racer-argyrogena-fasciolata-juvenile-non-venomous-locality-h9et85.jpg,Non_Venomous_Snake,Non_Venomous_Snake,0.8193209171295166,Venomous_Snake,0.18067912757396698,0.6386417895555496,Venomous_Snake,0.8592814803123474,Non_Venomous_Snake,0.14071816205978394,0.7185633182525635,YES,YES,NO,HIGH,NO,0.18067912757396698,0.8193209171295166,-0.6386417895555496,0.8592814803123474,0.14071816205978394,0.7185633182525635,0.6786023527383804,-0.6786027550697327,Non_Venomous_Snake -> Venomous_Snake
test/Non_Venomous_Snake/banded-racer-argyrogena-fasciolata-ncbs-bangalore-india-f7n70b.jpg,Non_Venomous_Snake,Non_Venomous_Snake,0.9752760529518127,Venomous_Snake,0.02472386509180069,0.950552187860012,Non_Venomous_Snake,0.7722676992416382,Venomous_Snake,0.22773216664791107,0.5445355325937271,NO,YES,YES,MODERATE,NO,0.02472386509180069,0.9752760529518127,-0.950552187860012,0.22773216664791107,0.7722676992416382,-0.5445355325937271,0.20300830155611038,-0.20300835371017456,Non_Venomous_Snake -> Non_Venomous_Snake
test/Non_Venomous_Snake/banded-racer-argyrogena-fasciolata-non-venomous-not-common-biting-ac6488.jpg,Non_Venomous_Snake,Non_Venomous_Snake,0.9987356066703796,Venomous_Snake,0.0012634734157472849,0.9974721332546324,Non_Venomous_Snake,0.9986901879310608,Venomous_Snake,0.0013080477947369218,0.9973821401363239,NO,YES,YES,HIGH,NO,0.0012634734157472849,0.9987356066703796,-0.9974721332546324,0.0013080477947369218,0.9986901879310608,-0.9973821401363239,4.45743789896369e-05,-4.5418739318847656e-05,Non_Venomous_Snake -> Non_Venomous_Snake
test/Non_Venomous_Snake/banded-racer-argyrogena-fasciolata-non-venomous-not-common-juvenile-A6TT4N.jpg,Non_Venomous_Snake,Non_Venomous_Snake,0.9712265729904175,Venomous_Snake,0.02877327986061573,0.9424532931298018,Non_Venomous_Snake,0.7027277946472168,Venomous_Snake,0.2972716987133026,0.4054560959339142,NO,YES,YES,MODERATE,NO,0.02877327986061573,0.9712265729904175,-0.9424532931298018,0.2972716987133026,0.7027277946472168,-0.4054560959339142,0.2684984188526869,-0.2684987783432007,Non_Venomous_Snake -> Non_Venomous_Snake
test/Non_Venomous_Snake/banded-racer-argyrogena-fasciolata-non-venomous-not-common-juvenile-A6TT4T.jpg,Non_Venomous_Snake,Non_Venomous_Snake,0.9874958992004395,Venomous_Snake,0.012504039332270622,0.9749918598681688,Non_Venomous_Snake,0.8983450531959534,Venomous_Snake,0.10165443271398544,0.7966906204819679,NO,YES,YES,HIGH,NO,0.012504039332270622,0.9874958992004395,-0.9749918598681688,0.10165443271398544,0.8983450531959534,-0.7966906204819679,0.08915039338171482,-0.08915084600448608,Non_Venomous_Snake -> Non_Venomous_Snake
test/Non_Venomous_Snake/banded-racer-argyrogena-fasciolata-non-venomous-not-common-kalbeliya-AT2BHP.jpg,Non_Venomous_Snake,Venomous_Snake,0.958026111125946,Non_Venomous_Snake,0.041945382952690125,0.9160807281732559,Venomous_Snake,0.9884588122367859,Non_Venomous_Snake,0.011250427924096584,0.9772083843126893,NO,NO,NO,HIGH,NO,0.958026111125946,0.041945382952690125,0.9160807281732559,0.9884588122367859,0.011250427924096584,0.9772083843126893,0.030432701110839844,-0.03069495502859354,Venomous_Snake -> Venomous_Snake
test/Non_Venomous_Snake/banded-racerargyrogena-fasciolata-ncbs-bangalore-india-f7n6yr.jpg,Non_Venomous_Snake,Non_Venomous_Snake,0.9656478762626648,Venomous_Snake,0.03435135260224342,0.9312965236604214,Non_Venomous_Snake,0.9610698819160461,Venomous_Snake,0.038929421454668045,0.9221404604613781,NO,YES,YES,HIGH,NO,0.03435135260224342,0.9656478762626648,-0.9312965236604214,0.038929421454668045,0.9610698819160461,-0.9221404604613781,0.004578068852424622,-0.004577994346618652,Non_Venomous_Snake -> Non_Venomous_Snake
test/Non_Venomous_Snake/banded.jpg,Non_Venomous_Snake,Non_Venomous_Snake,0.8871835470199585,Venomous_Snake,0.11281640082597733,0.7743671461939812,Non_Venomous_Snake,0.5987629890441895,Venomous_Snake,0.4012371003627777,0.19752588868141174,NO,YES,YES,LOW,YES,0.11281640082597733,0.8871835470199585,-0.7743671461939812,0.4012371003627777,0.5987629890441895,-0.19752588868141174,0.2884206995368004,-0.28842055797576904,Non_Venomous_Snake -> Non_Venomous_Snake
test/Non_Venomous_Snake/banded_racer2.JPG,Non_Venomous_Snake,Non_Venomous_Snake,0.9596182107925415,Venomous_Snake,0.03998161479830742,0.9196365959942341,Non_Venomous_Snake,0.9206165075302124,Venomous_Snake,0.07575999945402145,0.844856508076191,NO,YES,YES,HIGH,NO,0.03998161479830742,0.9596182107925415,-0.9196365959942341,0.07575999945402145,0.9206165075302124,-0.844856508076191,0.035778384655714035,-0.0390017032623291,Non_Venomous_Snake -> Non_Venomous_Snake
test/Non_Venomous_Snake/bandedd.jpg,Non_Venomous_Snake,Non_Venomous_Snake,0.9981278777122498,Venomous_Snake,0.0018720055231824517,0.9962558721890673,Non_Venomous_Snake,0.9834833145141602,Venomous_Snake,0.01651596836745739,0.9669673461467028,NO,YES,YES,HIGH,NO,0.0018720055231824517,0.9981278777122498,-0.9962558721890673,0.01651596836745739,0.9834833145141602,-0.9669673461467028,0.014643962844274938,-0.0146445631980896,Non_Venomous_Snake -> Non_Venomous_Snake
test/Non_Venomous_Snake/flagellum_19mar11_1b.jpg,Non_Venomous_Snake,Non_Venomous_Snake,0.9973588585853577,Venomous_Snake,0.002641049912199378,0.9947178086731583,Non_Venomous_Snake,0.984660804271698,Venomous_Snake,0.015338766388595104,0.9693220378831029,NO,YES,YES,HIGH,NO,0.002641049912199378,0.9973588585853577,-0.9947178086731583,0.015338766388595104,0.984660804271698,-0.9693220378831029,0.012697716476395726,-0.012698054313659668,Non_Venomous_Snake -> Non_Venomous_Snake
test/Non_Venomous_Snake/img6.jpg,Non_Venomous_Snake,Non_Venomous_Snake,0.9346027374267578,Venomous_Snake,0.06539313495159149,0.8692096024751663,Non_Venomous_Snake,0.7549598217010498,Venomous_Snake,0.24502620100975037,0.5099336206912994,NO,YES,YES,MODERATE,NO,0.06539313495159149,0.9346027374267578,-0.8692096024751663,0.24502620100975037,0.7549598217010498,-0.5099336206912994,0.17963306605815887,-0.179642915725708,Non_Venomous_Snake -> Non_Venomous_Snake
test/Non_Venomous_Snake/maxresdefault_006.jpg,Non_Venomous_Snake,Non_Venomous_Snake,0.9810971021652222,Venomous_Snake,0.018902359530329704,0.9621947426348925,Non_Venomous_Snake,0.9783260822296143,Venomous_Snake,0.02167344279587269,0.9566526394337416,NO,YES,YES,HIGH,NO,0.018902359530329704,0.9810971021652222,-0.9621947426348925,0.02167344279587269,0.9783260822296143,-0.9566526394337416,0.002771083265542984,-0.00277101993560791,Non_Venomous_Snake -> Non_Venomous_Snake
test/Non_Venomous_Snake/medium.JPG,Non_Venomous_Snake,Non_Venomous_Snake,0.9967513084411621,Venomous_Snake,0.003248716937378049,0.9935025915037841,Non_Venomous_Snake,0.9773336052894592,Venomous_Snake,0.0226662028580904,0.9546674024313688,NO,YES,YES,HIGH,NO,0.003248716937378049,0.9967513084411621,-0.9935025915037841,0.0226662028580904,0.9773336052894592,-0.9546674024313688,0.019417485920712352,-0.01941770315170288,Non_Venomous_Snake -> Non_Venomous_Snake
test/Non_Venomous_Snake/stock-photo-green-snake-checkered-keelback-xenochrophis-piscator-621348263.jpg,Non_Venomous_Snake,Non_Venomous_Snake,0.9998877048492432,Venomous_Snake,0.00011227327195229009,0.9997754315772909,Non_Venomous_Snake,0.9997876286506653,Venomous_Snake,0.00021236184693407267,0.9995752668037312,NO,YES,YES,HIGH,NO,0.00011227327195229009,0.9998877048492432,-0.9997754315772909,0.00021236184693407267,0.9997876286506653,-0.9995752668037312,0.00010008857498178259,-0.00010007619857788086,Non_Venomous_Snake -> Non_Venomous_Snake
test/Non_Venomous_Snake/stock-photo-green-snake-checkered-keelback-xenochrophis-piscator-621348284.jpg,Non_Venomous_Snake,Non_Venomous_Snake,0.9913852214813232,Venomous_Snake,0.008614436723291874,0.9827707847580314,Non_Venomous_Snake,0.9965084195137024,Venomous_Snake,0.003491420764476061,0.9930169987492263,NO,YES,YES,HIGH,NO,0.008614436723291874,0.9913852214813232,-0.9827707847580314,0.003491420764476061,0.9965084195137024,-0.9930169987492263,-0.005123015958815813,0.00512319803237915,Non_Venomous_Snake -> Non_Venomous_Snake
test/Non_Venomous_Snake/stock-photo-green-snake-checkered-keelback-xenochrophis-piscator-621348332.jpg,Non_Venomous_Snake,Non_Venomous_Snake,0.9500409364700317,Venomous_Snake,0.04994634538888931,0.9000945910811424,Non_Venomous_Snake,0.9485740065574646,Venomous_Snake,0.05141704902052879,0.8971569575369358,NO,YES,YES,HIGH,NO,0.04994634538888931,0.9500409364700317,-0.9000945910811424,0.05141704902052879,0.9485740065574646,-0.8971569575369358,0.0014707036316394806,-0.0014669299125671387,Non_Venomous_Snake -> Non_Venomous_Snake
test/Non_Venomous_Snake/stock-photo-green-snake-checkered-keelback-xenochrophis-piscator-621348356.jpg,Non_Venomous_Snake,Non_Venomous_Snake,0.9573488235473633,Venomous_Snake,0.04261986166238785,0.9147289618849754,Non_Venomous_Snake,0.8597636222839355,Venomous_Snake,0.14021208882331848,0.7195515334606171,NO,YES,YES,HIGH,NO,0.04261986166238785,0.9573488235473633,-0.9147289618849754,0.14021208882331848,0.8597636222839355,-0.7195515334606171,0.09759222716093063,-0.09758520126342773,Non_Venomous_Snake -> Non_Venomous_Snake
test/Non_Venomous_Snake/stunningly-beautiful-snake-with-clear-checkered-marks.jpg,Non_Venomous_Snake,Non_Venomous_Snake,0.999416708946228,Venomous_Snake,0.0005832606693729758,0.998833448276855,Non_Venomous_Snake,0.9985040426254272,Venomous_Snake,0.001495992299169302,0.9970080503262579,NO,YES,YES,HIGH,NO,0.0005832606693729758,0.999416708946228,-0.998833448276855,0.001495992299169302,0.9985040426254272,-0.9970080503262579,0.0009127316297963262,-0.0009126663208007812,Non_Venomous_Snake -> Non_Venomous_Snake
test/Non_Venomous_Snake/xenochrophis-piscator-checkered-keelback-non-venomous-arunachal-pradesh-h9erhb.jpg,Non_Venomous_Snake,Non_Venomous_Snake,0.9865416288375854,Venomous_Snake,0.013458266854286194,0.9730833619832993,Non_Venomous_Snake,0.7182138562202454,Venomous_Snake,0.2817857563495636,0.43642809987068176,NO,YES,YES,MODERATE,NO,0.013458266854286194,0.9865416288375854,-0.9730833619832993,0.2817857563495636,0.7182138562202454,-0.43642809987068176,0.2683274894952774,-0.2683277726173401,Non_Venomous_Snake -> Non_Venomous_Snake
test/Non_Venomous_Snake/xenochrophis-piscator-checkered-keelback-water-snake-close-up-non-h9erxp.jpg,Non_Venomous_Snake,Non_Venomous_Snake,0.7151012420654297,Venomous_Snake,0.2848985493183136,0.4302026927471161,Non_Venomous_Snake,0.893771231174469,Venomous_Snake,0.10622873902320862,0.7875424921512604,NO,YES,YES,HIGH,NO,0.2848985493183136,0.7151012420654297,-0.4302026927471161,0.10622873902320862,0.893771231174469,-0.7875424921512604,-0.17866981029510498,0.1786699891090393,Non_Venomous_Snake -> Non_Venomous_Snake
test/Non_Venomous_Snake/xenochrophis-piscator-checkered-keelback-water-snake-non-venomous-DFBH00.jpg,Non_Venomous_Snake,Venomous_Snake,0.9424067139625549,Non_Venomous_Snake,0.05759330466389656,0.8848134092986584,Venomous_Snake,0.7864259481430054,Non_Venomous_Snake,0.21357372403144836,0.572852224111557,NO,NO,NO,MODERATE,NO,0.9424067139625549,0.05759330466389656,0.8848134092986584,0.7864259481430054,0.21357372403144836,0.572852224111557,-0.15598076581954956,0.1559804193675518,Venomous_Snake -> Venomous_Snake
test/Non_Venomous_Snake/xenochrophis-piscator-checkered-keelback-water-snake-non-venomous-H9ERXF.jpg,Non_Venomous_Snake,Non_Venomous_Snake,0.9571405053138733,Venomous_Snake,0.042859502136707306,0.914281003177166,Non_Venomous_Snake,0.9446576237678528,Venomous_Snake,0.055342402309179306,0.8893152214586735,NO,YES,YES,HIGH,NO,0.042859502136707306,0.9571405053138733,-0.914281003177166,0.055342402309179306,0.9446576237678528,-0.8893152214586735,0.012482900172472,-0.012482881546020508,Non_Venomous_Snake -> Non_Venomous_Snake
test/Non_Venomous_Snake/xenochrophis-piscator-checkered-keelback-water-snake-non-venomous-h9ertg.jpg,Non_Venomous_Snake,Non_Venomous_Snake,0.9927846193313599,Venomous_Snake,0.007181861903518438,0.9856027574278414,Non_Venomous_Snake,0.9940810799598694,Venomous_Snake,0.005910619627684355,0.988170460332185,NO,YES,YES,HIGH,NO,0.007181861903518438,0.9927846193313599,-0.9856027574278414,0.005910619627684355,0.9940810799598694,-0.988170460332185,-0.0012712422758340836,0.0012964606285095215,Non_Venomous_Snake -> Non_Venomous_Snake
test/Non_Venomous_Snake/xenochrophis-piscator-checkered-keelback-water-snake-non-venomous-h9erxh.jpg,Non_Venomous_Snake,Non_Venomous_Snake,0.8017246127128601,Venomous_Snake,0.19827541708946228,0.6034491956233978,Non_Venomous_Snake,0.859730064868927,Venomous_Snake,0.14026987552642822,0.7194601893424988,NO,YES,YES,HIGH,NO,0.19827541708946228,0.8017246127128601,-0.6034491956233978,0.14026987552642822,0.859730064868927,-0.7194601893424988,-0.05800554156303406,0.058005452156066895,Non_Venomous_Snake -> Non_Venomous_Snake
test/Non_Venomous_Snake/xenochrophis-piscator-checkered-keelback-water-snake-non-venomous-h9erxk.jpg,Non_Venomous_Snake,Non_Venomous_Snake,0.9520492553710938,Venomous_Snake,0.04795065149664879,0.904098603874445,Non_Venomous_Snake,0.9271917343139648,Venomous_Snake,0.07280807942152023,0.8543836548924446,NO,YES,YES,HIGH,NO,0.04795065149664879,0.9520492553710938,-0.904098603874445,0.07280807942152023,0.9271917343139648,-0.8543836548924446,0.024857427924871445,-0.024857521057128906,Non_Venomous_Snake -> Non_Venomous_Snake
test/Non_Venomous_Snake/yellow-spotted-keelback-11-26-10-in-payao-province-31.jpg,Non_Venomous_Snake,Non_Venomous_Snake,0.6804293394088745,Venomous_Snake,0.31956079602241516,0.36086854338645935,Venomous_Snake,0.5736656188964844,Non_Venomous_Snake,0.4263332784175873,0.1473323404788971,YES,YES,NO,LOW,YES,0.31956079602241516,0.6804293394088745,-0.36086854338645935,0.5736656188964844,0.4263332784175873,0.1473323404788971,0.2541048228740692,-0.25409606099128723,Non_Venomous_Snake -> Venomous_Snake
test/Non_Venomous_Snake/yellow-spotted-keelback-11-26-10-in-payao-province1.jpg,Non_Venomous_Snake,Non_Venomous_Snake,0.8931412100791931,Venomous_Snake,0.10685836523771286,0.7862828448414803,Non_Venomous_Snake,0.6145296096801758,Venomous_Snake,0.38547012209892273,0.22905948758125305,NO,YES,YES,MODERATE,NO,0.10685836523771286,0.8931412100791931,-0.7862828448414803,0.38547012209892273,0.6145296096801758,-0.22905948758125305,0.27861175686120987,-0.27861160039901733,Non_Venomous_Snake -> Non_Venomous_Snake
test/Non_Venomous_Snake/yellow-spotted-keelback-3-17-11-in-ramkhamhaeng.jpg,Non_Venomous_Snake,Non_Venomous_Snake,0.9999829530715942,Venomous_Snake,1.7045022104866803e-05,0.9999659080494894,Non_Venomous_Snake,0.9998615980148315,Venomous_Snake,0.00013837910955771804,0.9997232189052738,NO,YES,YES,HIGH,NO,1.7045022104866803e-05,0.9999829530715942,-0.9999659080494894,0.00013837910955771804,0.9998615980148315,-0.9997232189052738,0.00012133408745285124,-0.00012135505676269531,Non_Venomous_Snake -> Non_Venomous_Snake
test/Non_Venomous_Snake/yellow-spotted-keelback-xenocropis-flavipunctus-vietnam-alex-krohn-21.jpg,Non_Venomous_Snake,Non_Venomous_Snake,0.9516807198524475,Venomous_Snake,0.04831843823194504,0.9033622816205025,Non_Venomous_Snake,0.8910346031188965,Venomous_Snake,0.10896136611700058,0.7820732370018959,NO,YES,YES,HIGH,NO,0.04831843823194504,0.9516807198524475,-0.9033622816205025,0.10896136611700058,0.8910346031188965,-0.7820732370018959,0.06064292788505554,-0.060646116733551025,Non_Venomous_Snake -> Non_Venomous_Snake
test/Non_Venomous_Snake/yellowspottedkeelback.jpg,Non_Venomous_Snake,Venomous_Snake,0.7904003262519836,Non_Venomous_Snake,0.2095990777015686,0.580801248550415,Venomous_Snake,0.9662836790084839,Non_Venomous_Snake,0.03371313586831093,0.932570543140173,NO,NO,NO,HIGH,NO,0.7904003262519836,0.2095990777015686,0.580801248550415,0.9662836790084839,0.03371313586831093,0.932570543140173,0.17588335275650024,-0.17588594183325768,Venomous_Snake -> Venomous_Snake
test/Venomous_Snake/0.jpg,Venomous_Snake,Venomous_Snake,0.9993484616279602,Non_Venomous_Snake,0.000651417241897434,0.9986970443860628,Venomous_Snake,0.9996263980865479,Non_Venomous_Snake,0.0003735913196578622,0.99925280676689,NO,YES,YES,HIGH,NO,0.9993484616279602,0.000651417241897434,0.9986970443860628,0.9996263980865479,0.0003735913196578622,0.99925280676689,0.0002779364585876465,-0.0002778259222395718,Venomous_Snake -> Venomous_Snake
test/Venomous_Snake/00409260.jpg,Venomous_Snake,Venomous_Snake,0.9973868727684021,Non_Venomous_Snake,0.002605245914310217,0.9947816268540919,Venomous_Snake,0.9988275170326233,Non_Venomous_Snake,0.0011676277499645948,0.9976598892826587,NO,YES,YES,HIGH,NO,0.9973868727684021,0.002605245914310217,0.9947816268540919,0.9988275170326233,0.0011676277499645948,0.9976598892826587,0.0014406442642211914,-0.001437618164345622,Venomous_Snake -> Venomous_Snake
test/Venomous_Snake/00550438.jpg,Venomous_Snake,Venomous_Snake,0.9100675582885742,Non_Venomous_Snake,0.08992046117782593,0.8201470971107483,Venomous_Snake,0.9429376125335693,Non_Venomous_Snake,0.05704615265130997,0.8858914598822594,NO,YES,YES,HIGH,NO,0.9100675582885742,0.08992046117782593,0.8201470971107483,0.9429376125335693,0.05704615265130997,0.8858914598822594,0.03287005424499512,-0.03287430852651596,Venomous_Snake -> Venomous_Snake
test/Venomous_Snake/0191.jpg,Venomous_Snake,Venomous_Snake,0.9999442100524902,Non_Venomous_Snake,5.5590655392734334e-05,0.9998886193970975,Venomous_Snake,0.9999978542327881,Non_Venomous_Snake,2.0562754343700362e-06,0.9999957979573537,NO,YES,YES,HIGH,NO,0.9999442100524902,5.5590655392734334e-05,0.9998886193970975,0.9999978542327881,2.0562754343700362e-06,0.9999957979573537,5.364418029785156e-05,-5.35343799583643e-05,Venomous_Snake -> Venomous_Snake
test/Venomous_Snake/01AS-QYGA.jpg,Venomous_Snake,Venomous_Snake,0.9999624490737915,Non_Venomous_Snake,3.747584923985414e-05,0.9999249732245516,Venomous_Snake,0.9999923706054688,Non_Venomous_Snake,7.60804368837853e-06,0.9999847625617804,NO,YES,YES,HIGH,NO,0.9999624490737915,3.747584923985414e-05,0.9999249732245516,0.9999923706054688,7.60804368837853e-06,0.9999847625617804,2.9921531677246094e-05,-2.9867805551475612e-05,Venomous_Snake -> Venomous_Snake
test/Venomous_Snake/01DSC_6599.JPG,Venomous_Snake,Venomous_Snake,0.7065824866294861,Non_Venomous_Snake,0.2934175133705139,0.41316497325897217,Non_Venomous_Snake,0.5981996655464172,Venomous_Snake,0.40180036425590515,0.19639930129051208,YES,YES,NO,LOW,YES,0.7065824866294861,0.2934175133705139,0.41316497325897217,0.40180036425590515,0.5981996655464172,-0.19639930129051208,-0.30478212237358093,0.3047821521759033,Venomous_Snake -> Non_Venomous_Snake
test/Venomous_Snake/025c68f55a8efc9290a8435db743bbf3--the-big-four-the-ojays.jpg,Venomous_Snake,Venomous_Snake,0.9997255206108093,Non_Venomous_Snake,0.00027436751406639814,0.9994511530967429,Venomous_Snake,0.9995406866073608,Non_Venomous_Snake,0.00045907535240985453,0.999081611254951,NO,YES,YES,HIGH,NO,0.9997255206108093,0.00027436751406639814,0.9994511530967429,0.9995406866073608,0.00045907535240985453,0.999081611254951,-0.00018483400344848633,0.0001847078383434564,Venomous_Snake -> Venomous_Snake
test/Venomous_Snake/02tvCommon_Krait__S_824501g.jpg,Venomous_Snake,Venomous_Snake,0.9998641014099121,Non_Venomous_Snake,0.00013562338426709175,0.999728478025645,Venomous_Snake,0.9999814033508301,Non_Venomous_Snake,1.8523885955801234e-05,0.9999628794648743,NO,YES,YES,HIGH,NO,0.9998641014099121,0.00013562338426709175,0.999728478025645,0.9999814033508301,1.8523885955801234e-05,0.9999628794648743,0.00011730194091796875,-0.00011709949831129052,Venomous_Snake -> Venomous_Snake
test/Venomous_Snake/03 Spectacled Cobra 1.JPG,Venomous_Snake,Venomous_Snake,0.9995365142822266,Non_Venomous_Snake,0.00046313222264871,0.9990733820595779,Venomous_Snake,0.9999741315841675,Non_Venomous_Snake,2.5502531570964493e-05,0.9999486290525965,NO,YES,YES,HIGH,NO,0.9995365142822266,0.00046313222264871,0.9990733820595779,0.9999741315841675,2.5502531570964493e-05,0.9999486290525965,0.00043761730194091797,-0.0004376296910777455,Venomous_Snake -> Venomous_Snake
test/Venomous_Snake/0390.jpg,Venomous_Snake,Venomous_Snake,0.9999942779541016,Non_Venomous_Snake,5.71082682654378e-06,0.999988567127275,Venomous_Snake,0.9999985694885254,Non_Venomous_Snake,1.4540736401613685e-06,0.9999971154148852,NO,YES,YES,HIGH,NO,0.9999942779541016,5.71082682654378e-06,0.999988567127275,0.9999985694885254,1.4540736401613685e-06,0.9999971154148852,4.291534423828125e-06,-4.2567531863824115e-06,Venomous_Snake -> Venomous_Snake
test/Venomous_Snake/03cobra.jpg,Venomous_Snake,Venomous_Snake,0.9996047616004944,Non_Venomous_Snake,0.000392294634366408,0.999212466966128,Venomous_Snake,0.9951813817024231,Non_Venomous_Snake,0.004811152815818787,0.9903702288866043,NO,YES,YES,HIGH,NO,0.9996047616004944,0.000392294634366408,0.999212466966128,0.9951813817024231,0.004811152815818787,0.9903702288866043,-0.004423379898071289,0.004418858181452379,Venomous_Snake -> Venomous_Snake
test/Venomous_Snake/0442c0e88fb9b22c0d608a9b25577469--naja-cobra.jpg,Venomous_Snake,Venomous_Snake,1.0,Non_Venomous_Snake,4.048075763485315e-10,0.9999999995951925,Venomous_Snake,1.0,Elephant,3.8478178976397714e-10,0.9999999996152182,NO,YES,YES,HIGH,NO,1.0,4.048075763485315e-10,0.9999999995951925,1.0,3.7962349930253936e-10,0.9999999996203766,0.0,-2.5184077045992126e-11,Venomous_Snake -> Venomous_Snake
test/Venomous_Snake/0499.jpg,Venomous_Snake,Venomous_Snake,0.9998117089271545,Non_Venomous_Snake,0.00018823484424501657,0.9996234740829095,Venomous_Snake,0.9999037981033325,Non_Venomous_Snake,9.600412158761173e-05,0.9998077939817449,NO,YES,YES,HIGH,NO,0.9998117089271545,0.00018823484424501657,0.9996234740829095,0.9999037981033325,9.600412158761173e-05,0.9998077939817449,9.208917617797852e-05,-9.223072265740484e-05,Venomous_Snake -> Venomous_Snake
test/Venomous_Snake/0564.jpg,Venomous_Snake,Venomous_Snake,0.9998465776443481,Non_Venomous_Snake,0.0001532592868898064,0.9996933183574583,Venomous_Snake,0.9993512034416199,Non_Venomous_Snake,0.0006480620941147208,0.9987031413475052,NO,YES,YES,HIGH,NO,0.9998465776443481,0.0001532592868898064,0.9996933183574583,0.9993512034416199,0.0006480620941147208,0.9987031413475052,-0.0004953742027282715,0.0004948028072249144,Venomous_Snake -> Venomous_Snake
test/Venomous_Snake/06.jpg,Venomous_Snake,Venomous_Snake,0.9997130036354065,Non_Venomous_Snake,0.0002869546879082918,0.9994260489474982,Venomous_Snake,0.9999276399612427,Non_Venomous_Snake,7.236928649945185e-05,0.9998552706747432,NO,YES,YES,HIGH,NO,0.9997130036354065,0.0002869546879082918,0.9994260489474982,0.9999276399612427,7.236928649945185e-05,0.9998552706747432,0.00021463632583618164,-0.00021458540140883997,Venomous_Snake -> Venomous_Snake
test/Venomous_Snake/08JulPykke02 viper.ART_G835841D7.1+09THRUSSELL_VIPER_2.jpg,Venomous_Snake,Venomous_Snake,0.9253543019294739,Non_Venomous_Snake,0.07464572042226791,0.850708581507206,Venomous_Snake,0.9848150014877319,Non_Venomous_Snake,0.015184925869107246,0.9696300756186247,NO,YES,YES,HIGH,NO,0.9253543019294739,0.07464572042226791,0.850708581507206,0.9848150014877319,0.015184925869107246,0.9696300756186247,0.05946069955825806,-0.05946079455316067,Venomous_Snake -> Venomous_Snake
test/Venomous_Snake/0_7a209fcba04a5c21f4181e692723c0ca.jpg,Venomous_Snake,Venomous_Snake,0.9999983310699463,Non_Venomous_Snake,1.501069164078217e-06,0.9999968300007822,Venomous_Snake,0.9999984502792358,Non_Venomous_Snake,1.1178630074937246e-06,0.9999973324162283,NO,YES,YES,HIGH,NO,0.9999983310699463,1.501069164078217e-06,0.9999968300007822,0.9999984502792358,1.1178630074937246e-06,0.9999973324162283,1.1920928955078125e-07,-3.832061565844924e-07,Venomous_Snake -> Venomous_Snake
test/Venomous_Snake/1 (2).jpg,Venomous_Snake,Venomous_Snake,0.9972381591796875,Non_Venomous_Snake,0.0027470325585454702,0.994491126621142,Venomous_Snake,0.9996895790100098,Non_Venomous_Snake,0.00030747236451134086,0.9993821066454984,NO,YES,YES,HIGH,NO,0.9972381591796875,0.0027470325585454702,0.994491126621142,0.9996895790100098,0.00030747236451134086,0.9993821066454984,0.0024514198303222656,-0.0024395601940341294,Venomous_Snake -> Venomous_Snake
test/Venomous_Snake/1 (3).jpg,Venomous_Snake,Venomous_Snake,0.9381643533706665,Non_Venomous_Snake,0.06183546409010887,0.8763288892805576,Venomous_Snake,0.9350365996360779,Non_Venomous_Snake,0.06496217101812363,0.8700744286179543,NO,YES,YES,HIGH,NO,0.9381643533706665,0.06183546409010887,0.8763288892805576,0.9350365996360779,0.06496217101812363,0.8700744286179543,-0.003127753734588623,0.0031267069280147552,Venomous_Snake -> Venomous_Snake
test/Venomous_Snake/1-Common-Indian-Krait-Bungarus-Caeruleus.jpg,Venomous_Snake,Venomous_Snake,0.9836836457252502,Non_Venomous_Snake,0.016316324472427368,0.9673673212528229,Venomous_Snake,0.9987218976020813,Non_Venomous_Snake,0.0012780299875885248,0.9974438676144928,NO,YES,YES,HIGH,NO,0.9836836457252502,0.016316324472427368,0.9673673212528229,0.9987218976020813,0.0012780299875885248,0.9974438676144928,0.015038251876831055,-0.015038294484838843,Venomous_Snake -> Venomous_Snake
test/Venomous_Snake/1-s2.0-S1080603207702168-gr1.jpg,Venomous_Snake,Venomous_Snake,0.9878707528114319,Non_Venomous_Snake,0.012114407494664192,0.9757563453167677,Venomous_Snake,0.9992382526397705,Non_Venomous_Snake,0.0007543807732872665,0.9984838718664832,NO,YES,YES,HIGH,NO,0.9878707528114319,0.012114407494664192,0.9757563453167677,0.9992382526397705,0.0007543807732872665,0.9984838718664832,0.011367499828338623,-0.011360026721376926,Venomous_Snake -> Venomous_Snake
test/Venomous_Snake/1.jpg,Venomous_Snake,Venomous_Snake,0.9870505332946777,Non_Venomous_Snake,0.012949265539646149,0.9741012677550316,Venomous_Snake,0.9818430542945862,Non_Venomous_Snake,0.018156666308641434,0.9636863879859447,NO,YES,YES,HIGH,NO,0.9870505332946777,0.012949265539646149,0.9741012677550316,0.9818430542945862,0.018156666308641434,0.9636863879859447,-0.005207479000091553,0.005207400768995285,Venomous_Snake -> Venomous_Snake
test/Venomous_Snake/1015822449_d6aa87bc25.jpg,Venomous_Snake,Non_Venomous_Snake,0.7369141578674316,Venomous_Snake,0.2630853056907654,0.47382885217666626,Venomous_Snake,0.6747465133666992,Non_Venomous_Snake,0.32525309920310974,0.3494934141635895,YES,NO,YES,MODERATE,NO,0.2630853056907654,0.7369141578674316,-0.47382885217666626,0.6747465133666992,0.32525309920310974,0.3494934141635895,0.41166120767593384,-0.4116610586643219,Non_Venomous_Snake -> Venomous_Snake
test/Venomous_Snake/11.Monocled Cobra.jpg,Venomous_Snake,Venomous_Snake,0.9998559951782227,Non_Venomous_Snake,0.00014268314407672733,0.9997133120341459,Venomous_Snake,0.9999567270278931,Non_Venomous_Snake,3.5057215427514166e-05,0.9999216698124656,NO,YES,YES,HIGH,NO,0.9998559951782227,0.00014268314407672733,0.9997133120341459,0.9999567270278931,3.5057215427514166e-05,0.9999216698124656,0.00010073184967041016,-0.00010762592864921317,Venomous_Snake -> Venomous_Snake
test/Venomous_Snake/1124russviper001.JPG,Venomous_Snake,Venomous_Snake,0.6923288702964783,Non_Venomous_Snake,0.30767086148262024,0.38465800881385803,Venomous_Snake,0.9590049386024475,Non_Venomous_Snake,0.04099482297897339,0.9180101156234741,NO,YES,YES,HIGH,NO,0.6923288702964783,0.30767086148262024,0.38465800881385803,0.9590049386024475,0.04099482297897339,0.9180101156234741,0.26667606830596924,-0.26667603850364685,Venomous_Snake -> Venomous_Snake
test/Venomous_Snake/114-viper.jpg,Venomous_Snake,Venomous_Snake,0.9992660880088806,Non_Venomous_Snake,0.0007322055171243846,0.9985338824917562,Venomous_Snake,0.9998028874397278,Non_Venomous_Snake,0.00019624365086201578,0.9996066437888658,NO,YES,YES,HIGH,NO,0.9992660880088806,0.0007322055171243846,0.9985338824917562,0.9998028874397278,0.00019624365086201578,0.9996066437888658,0.000536799430847168,-0.0005359618662623689,Venomous_Snake -> Venomous_Snake
test/Venomous_Snake/119.jpg,Venomous_Snake,Venomous_Snake,0.9364665746688843,Non_Venomous_Snake,0.06353334337472916,0.8729332312941551,Venomous_Snake,0.9893186688423157,Non_Venomous_Snake,0.010680979117751122,0.9786376897245646,NO,YES,YES,HIGH,NO,0.9364665746688843,0.06353334337472916,0.8729332312941551,0.9893186688423157,0.010680979117751122,0.9786376897245646,0.052852094173431396,-0.052852364256978035,Venomous_Snake -> Venomous_Snake
test/Venomous_Snake/12.SNAKECONFLICT2008SLIDE-1.jpg,Venomous_Snake,Venomous_Snake,0.9881195425987244,Non_Venomous_Snake,0.011880218982696533,0.9762393236160278,Venomous_Snake,0.9691264033317566,Non_Venomous_Snake,0.030872996896505356,0.9382534064352512,NO,YES,YES,HIGH,NO,0.9881195425987244,0.011880218982696533,0.9762393236160278,0.9691264033317566,0.030872996896505356,0.9382534064352512,-0.018993139266967773,0.018992777913808823,Venomous_Snake -> Venomous_Snake
test/Venomous_Snake/12700.jpg,Venomous_Snake,Venomous_Snake,0.9999868869781494,Non_Venomous_Snake,1.310549214394996e-05,0.9999737814860055,Venomous_Snake,0.9998607635498047,Non_Venomous_Snake,0.0001390475663356483,0.999721715983469,NO,YES,YES,HIGH,NO,0.9999868869781494,1.310549214394996e-05,0.9999737814860055,0.9998607635498047,0.0001390475663356483,0.999721715983469,-0.00012612342834472656,0.00012594207419169834,Venomous_Snake -> Venomous_Snake
test/Venomous_Snake/13-F-Keels--Scales-of-the-Saw-scaled-Viper.jpg,Venomous_Snake,Deer,0.5760765075683594,Wild_Boar,0.17024339735507965,0.4058331102132797,Deer,0.6591646075248718,Wild_Boar,0.2901622951030731,0.3690023124217987,NO,NO,NO,MODERATE,NO,0.06855408102273941,0.10277914255857468,-0.034225061535835266,0.045659035444259644,0.002200980670750141,0.0434580547735095,-0.022895045578479767,-0.10057816188782454,Deer -> Deer
test/Venomous_Snake/1317472028Naja kauthia.jpg,Venomous_Snake,Venomous_Snake,0.9998928308486938,Non_Venomous_Snake,0.00010716239194152877,0.9997856684567523,Venomous_Snake,0.9999569654464722,Non_Venomous_Snake,4.302319575799629e-05,0.9999139422507142,NO,YES,YES,HIGH,NO,0.9998928308486938,0.00010716239194152877,0.9997856684567523,0.9999569654464722,4.302319575799629e-05,0.9999139422507142,6.413459777832031e-05,-6.413919618353248e-05,Venomous_Snake -> Venomous_Snake
test/Venomous_Snake/13350233_1079893875431314_5715026036656697829_o.jpg,Venomous_Snake,Non_Venomous_Snake,0.9715645909309387,Venomous_Snake,0.028435345739126205,0.9431292451918125,Non_Venomous_Snake,0.9237586259841919,Venomous_Snake,0.076241135597229,0.8475174903869629,NO,NO,NO,HIGH,NO,0.028435345739126205,0.9715645909309387,-0.9431292451918125,0.076241135597229,0.9237586259841919,-0.8475174903869629,0.0478057898581028,-0.047805964946746826,Non_Venomous_Snake -> Non_Venomous_Snake
test/Venomous_Snake/13582625-king-cobra-Ophiophagus-hannah-poisonous-white-background-Stock-Photo.jpg,Venomous_Snake,Venomous_Snake,0.9996680021286011,Non_Venomous_Snake,0.0003319548850413412,0.9993360472435597,Venomous_Snake,0.9995219707489014,Non_Venomous_Snake,0.00047605164581909776,0.9990459191030823,NO,YES,YES,HIGH,NO,0.9996680021286011,0.0003319548850413412,0.9993360472435597,0.9995219707489014,0.00047605164581909776,0.9990459191030823,-0.00014603137969970703,0.00014409676077775657,Venomous_Snake -> Venomous_Snake
test/Venomous_Snake/160110 100lop.jpg,Venomous_Snake,Venomous_Snake,1.0,Non_Venomous_Snake,3.1432585700930105e-11,0.9999999999685674,Venomous_Snake,1.0,Non_Venomous_Snake,7.118398925864966e-11,0.999999999928816,NO,YES,YES,HIGH,NO,1.0,3.1432585700930105e-11,0.9999999999685674,1.0,7.118398925864966e-11,0.999999999928816,0.0,3.9751403557719556e-11,Venomous_Snake -> Venomous_Snake
test/Venomous_Snake/1930805.jpg,Venomous_Snake,Venomous_Snake,1.0,Non_Venomous_Snake,6.7196435915573e-11,0.9999999999328035,Venomous_Snake,1.0,Non_Venomous_Snake,1.9195747422151577e-11,0.9999999999808042,NO,YES,YES,HIGH,NO,1.0,6.7196435915573e-11,0.9999999999328035,1.0,1.9195747422151577e-11,0.9999999999808042,0.0,-4.800068849342143e-11,Venomous_Snake -> Venomous_Snake
test/Venomous_Snake/2 (2).jpg,Venomous_Snake,Venomous_Snake,0.926306426525116,Non_Venomous_Snake,0.07368995249271393,0.852616474032402,Venomous_Snake,0.761205792427063,Non_Venomous_Snake,0.23877845704555511,0.5224273353815079,NO,YES,YES,MODERATE,NO,0.926306426525116,0.07368995249271393,0.852616474032402,0.761205792427063,0.23877845704555511,0.5224273353815079,-0.16510063409805298,0.1650885045528412,Venomous_Snake -> Venomous_Snake
test/Venomous_Snake/2.jpg,Venomous_Snake,Venomous_Snake,0.9990515112876892,Non_Venomous_Snake,0.0009430047357454896,0.9981085065519437,Venomous_Snake,0.9988675117492676,Non_Venomous_Snake,0.0011032854672521353,0.9977642262820154,NO,YES,YES,HIGH,NO,0.9990515112876892,0.0009430047357454896,0.9981085065519437,0.9988675117492676,0.0011032854672521353,0.9977642262820154,-0.00018399953842163086,0.00016028073150664568,Venomous_Snake -> Venomous_Snake
test/Venomous_Snake/20090613_Daboia_russelii_Russells_Viper_Kettenviper_Pune.jpg,Venomous_Snake,Venomous_Snake,0.6902947425842285,Non_Venomous_Snake,0.30970528721809387,0.38058945536613464,Venomous_Snake,0.7263336777687073,Non_Venomous_Snake,0.2736663520336151,0.45266732573509216,NO,YES,YES,MODERATE,NO,0.6902947425842285,0.30970528721809387,0.38058945536613464,0.7263336777687073,0.2736663520336151,0.45266732573509216,0.03603893518447876,-0.03603893518447876,Venomous_Snake -> Venomous_Snake
test/Venomous_Snake/200px-Naja_kaouthia.jpg,Venomous_Snake,Venomous_Snake,0.9984764456748962,Non_Venomous_Snake,0.0015219749184325337,0.9969544707564637,Venomous_Snake,0.9968915581703186,Non_Venomous_Snake,0.0031014468986541033,0.9937901112716645,NO,YES,YES,HIGH,NO,0.9984764456748962,0.0015219749184325337,0.9969544707564637,0.9968915581703186,0.0031014468986541033,0.9937901112716645,-0.0015848875045776367,0.0015794719802215695,Venomous_Snake -> Venomous_Snake
test/Venomous_Snake/2013-KINGCOBRA-08.jpg,Venomous_Snake,Venomous_Snake,0.9999994039535522,Non_Venomous_Snake,5.068827135801257e-07,0.9999988970708387,Venomous_Snake,0.9999992847442627,Non_Venomous_Snake,4.617477600277198e-07,0.9999988229965027,NO,YES,YES,HIGH,NO,0.9999994039535522,5.068827135801257e-07,0.9999988970708387,0.9999992847442627,4.617477600277198e-07,0.9999988229965027,-1.1920928955078125e-07,-4.513495355240593e-08,Venomous_Snake -> Venomous_Snake
test/Venomous_Snake/20855503-Adult-Russell-s-Viper-Daboia-russelii-Tamil-Nadu-South-India-Stock-Photo.jpg,Venomous_Snake,Venomous_Snake,0.9944841265678406,Non_Venomous_Snake,0.005515345837920904,0.9889687807299197,Venomous_Snake,0.9999781847000122,Non_Venomous_Snake,2.1767116777482443e-05,0.9999564175832347,NO,YES,YES,HIGH,NO,0.9944841265678406,0.005515345837920904,0.9889687807299197,0.9999781847000122,2.1767116777482443e-05,0.9999564175832347,0.005494058132171631,-0.005493578721143422,Venomous_Snake -> Venomous_Snake
test/Venomous_Snake/20855505-Camouflage-pattern-on-adult-Russell-s-Viper-Daboia-russelii-Tamil-Nadu-South-India-Stock-Photo.jpg,Venomous_Snake,Venomous_Snake,0.9222201704978943,Non_Venomous_Snake,0.07777965813875198,0.8444405123591423,Venomous_Snake,0.9979363679885864,Non_Venomous_Snake,0.002063567051663995,0.9958728009369224,NO,YES,YES,HIGH,NO,0.9222201704978943,0.07777965813875198,0.8444405123591423,0.9979363679885864,0.002063567051663995,0.9958728009369224,0.07571619749069214,-0.07571609108708799,Venomous_Snake -> Venomous_Snake
test/Venomous_Snake/2180514e186a040692de298c7be66e95.jpg,Venomous_Snake,Venomous_Snake,0.9999933242797852,Non_Venomous_Snake,6.6633060669119e-06,0.9999866609737182,Venomous_Snake,0.999946117401123,Non_Venomous_Snake,5.384122414398007e-05,0.9998922761769791,NO,YES,YES,HIGH,NO,0.9999933242797852,6.6633060669119e-06,0.9999866609737182,0.999946117401123,5.384122414398007e-05,0.9998922761769791,-4.7206878662109375e-05,4.717791807706817e-05,Venomous_Snake -> Venomous_Snake
test/Venomous_Snake/2186482800_bfcf31f866_b.jpg,Venomous_Snake,Venomous_Snake,0.9999901056289673,Non_Venomous_Snake,9.682641575636808e-06,0.9999804229873916,Venomous_Snake,0.9998480081558228,Non_Venomous_Snake,0.00015177040768321604,0.9996962377481395,NO,YES,YES,HIGH,NO,0.9999901056289673,9.682641575636808e-06,0.9999804229873916,0.9998480081558228,0.00015177040768321604,0.9996962377481395,-0.00014209747314453125,0.00014208776610757923,Venomous_Snake -> Venomous_Snake
test/Venomous_Snake/220px-King-Cobra.jpg,Venomous_Snake,Venomous_Snake,0.9999998807907104,Elephant,1.2165006069153605e-07,0.9999997591406498,Venomous_Snake,0.9999991655349731,Elephant,7.512387583119562e-07,0.9999984142962148,NO,YES,YES,HIGH,NO,0.9999998807907104,2.023448608667877e-08,0.9999998605562244,0.9999991655349731,6.588471990198741e-08,0.9999990996502532,-7.152557373046875e-07,4.565023381530864e-08,Venomous_Snake -> Venomous_Snake
test/Venomous_Snake/220px-Naja_naja_(Indian_cobra).jpg,Venomous_Snake,Non_Venomous_Snake,0.8289154767990112,Venomous_Snake,0.17106647789478302,0.6578489989042282,Venomous_Snake,0.7236132025718689,Non_Venomous_Snake,0.2728668451309204,0.4507463574409485,YES,NO,YES,MODERATE,NO,0.17106647789478302,0.8289154767990112,-0.6578489989042282,0.7236132025718689,0.2728668451309204,0.4507463574409485,0.5525467246770859,-0.5560486316680908,Non_Venomous_Snake -> Venomous_Snake
test/Venomous_Snake/220px-Russells_viper_in_pune_zoo.jpg,Venomous_Snake,Non_Venomous_Snake,0.5864547491073608,Venomous_Snake,0.41354504227638245,0.1729097068309784,Non_Venomous_Snake,0.754652738571167,Venomous_Snake,0.24534687399864197,0.509305864572525,NO,NO,NO,MODERATE,NO,0.41354504227638245,0.5864547491073608,-0.1729097068309784,0.24534687399864197,0.754652738571167,-0.509305864572525,-0.16819816827774048,0.16819798946380615,Non_Venomous_Snake -> Non_Venomous_Snake
test/Venomous_Snake/220px-Spectacled_cobra.JPG,Venomous_Snake,Venomous_Snake,0.998542070388794,Non_Venomous_Snake,0.0014430286828428507,0.9970990417059511,Venomous_Snake,0.9992069602012634,Non_Venomous_Snake,0.0007634363137185574,0.9984435238875449,NO,YES,YES,HIGH,NO,0.998542070388794,0.0014430286828428507,0.9970990417059511,0.9992069602012634,0.0007634363137185574,0.9984435238875449,0.0006648898124694824,-0.0006795923691242933,Venomous_Snake -> Venomous_Snake
test/Venomous_Snake/225296_10150320235058504_683593503_10024128_7013317_n.jpg,Venomous_Snake,Venomous_Snake,0.9999809265136719,Non_Venomous_Snake,1.894753768283408e-05,0.999961978975989,Venomous_Snake,0.9998927116394043,Non_Venomous_Snake,0.00010630957694957033,0.9997864020624547,NO,YES,YES,HIGH,NO,0.9999809265136719,1.894753768283408e-05,0.999961978975989,0.9998927116394043,0.00010630957694957033,0.9997864020624547,-8.821487426757812e-05,8.736203926673625e-05,Venomous_Snake -> Venomous_Snake
test/Venomous_Snake/235edf110f56286064e2f303e6006fb8--pet-peeves-cobra-snake.jpg,Venomous_Snake,Venomous_Snake,0.9999998807907104,Elephant,9.779200382808995e-08,0.9999997829987066,Venomous_Snake,0.9999995231628418,Elephant,2.485243442151841e-07,0.9999992746384976,NO,YES,YES,HIGH,NO,0.9999998807907104,5.567952143792354e-08,0.999999825111189,0.9999995231628418,2.0149657586898684e-07,0.9999993216662659,-3.5762786865234375e-07,1.458170544310633e-07,Venomous_Snake -> Venomous_Snake
test/Venomous_Snake/252576_10150346420778504_683593503_10295742_5461375_n.jpg,Venomous_Snake,Venomous_Snake,0.8447301387786865,Non_Venomous_Snake,0.15526989102363586,0.6894602477550507,Venomous_Snake,0.6720262765884399,Non_Venomous_Snake,0.3279736042022705,0.34405267238616943,NO,YES,YES,MODERATE,NO,0.8447301387786865,0.15526989102363586,0.6894602477550507,0.6720262765884399,0.3279736042022705,0.34405267238616943,-0.17270386219024658,0.17270371317863464,Venomous_Snake -> Venomous_Snake
test/Venomous_Snake/26.jpg,Venomous_Snake,Venomous_Snake,0.7489269375801086,Non_Venomous_Snake,0.250875860452652,0.49805107712745667,Venomous_Snake,0.6514589786529541,Non_Venomous_Snake,0.3485313057899475,0.3029276728630066,NO,YES,YES,MODERATE,NO,0.7489269375801086,0.250875860452652,0.49805107712745667,0.6514589786529541,0.3485313057899475,0.3029276728630066,-0.09746795892715454,0.09765544533729553,Venomous_Snake -> Venomous_Snake
test/Venomous_Snake/263591_10150346421368504_683593503_10295748_8378405_n (6).jpg,Venomous_Snake,Venomous_Snake,0.999196469783783,Non_Venomous_Snake,0.0008035217761062086,0.9983929480076768,Venomous_Snake,0.9971217513084412,Non_Venomous_Snake,0.00287722609937191,0.9942445252090693,NO,YES,YES,HIGH,NO,0.999196469783783,0.0008035217761062086,0.9983929480076768,0.9971217513084412,0.00287722609937191,0.9942445252090693,-0.002074718475341797,0.0020737043232657015,Venomous_Snake -> Venomous_Snake
test/Venomous_Snake/27.jpg,Venomous_Snake,Venomous_Snake,0.9939380884170532,Non_Venomous_Snake,0.00606183847412467,0.9878762499429286,Venomous_Snake,0.9946523904800415,Non_Venomous_Snake,0.005347525235265493,0.989304865244776,NO,YES,YES,HIGH,NO,0.9939380884170532,0.00606183847412467,0.9878762499429286,0.9946523904800415,0.005347525235265493,0.989304865244776,0.0007143020629882812,-0.0007143132388591766,Venomous_Snake -> Venomous_Snake
test/Venomous_Snake/2962717801_da28a393d6.jpg,Venomous_Snake,Venomous_Snake,0.9999974966049194,Non_Venomous_Snake,2.486264065737487e-06,0.9999950103408537,Venomous_Snake,0.9999692440032959,Non_Venomous_Snake,2.967240106954705e-05,0.9999395716022264,NO,YES,YES,HIGH,NO,0.9999974966049194,2.486264065737487e-06,0.9999950103408537,0.9999692440032959,2.967240106954705e-05,0.9999395716022264,-2.8252601623535156e-05,2.7186137003809563e-05,Venomous_Snake -> Venomous_Snake
test/Venomous_Snake/2E69467C00000578-3317003-image-m-26_1447421012740.jpg,Venomous_Snake,Non_Venomous_Snake,0.6597678661346436,Venomous_Snake,0.3402317762374878,0.31953608989715576,Venomous_Snake,0.9551801681518555,Non_Venomous_Snake,0.04481887072324753,0.9103612974286079,YES,NO,YES,HIGH,NO,0.3402317762374878,0.6597678661346436,-0.31953608989715576,0.9551801681518555,0.04481887072324753,0.9103612974286079,0.6149483919143677,-0.614948995411396,Non_Venomous_Snake -> Venomous_Snake
test/Venomous_Snake/3 (2).jpg,Venomous_Snake,Venomous_Snake,0.9968056678771973,Non_Venomous_Snake,0.0031938457395881414,0.9936118221376091,Venomous_Snake,0.9938300251960754,Non_Venomous_Snake,0.006167571060359478,0.987662454135716,NO,YES,YES,HIGH,NO,0.9968056678771973,0.0031938457395881414,0.9936118221376091,0.9938300251960754,0.006167571060359478,0.987662454135716,-0.002975642681121826,0.0029737253207713366,Venomous_Snake -> Venomous_Snake
test/Venomous_Snake/3.jpg,Venomous_Snake,Venomous_Snake,0.9997795224189758,Non_Venomous_Snake,0.00022052371059544384,0.9995589987083804,Venomous_Snake,0.9998706579208374,Non_Venomous_Snake,0.0001292893721256405,0.9997413685487118,NO,YES,YES,HIGH,NO,0.9997795224189758,0.00022052371059544384,0.9995589987083804,0.9998706579208374,0.0001292893721256405,0.9997413685487118,9.113550186157227e-05,-9.123433846980333e-05,Venomous_Snake -> Venomous_Snake
test/Venomous_Snake/30 (2).jpg,Venomous_Snake,Venomous_Snake,0.7938060164451599,Non_Venomous_Snake,0.20616137981414795,0.587644636631012,Venomous_Snake,0.9494320154190063,Non_Venomous_Snake,0.05050810053944588,0.8989239148795605,NO,YES,YES,HIGH,NO,0.7938060164451599,0.20616137981414795,0.587644636631012,0.9494320154190063,0.05050810053944588,0.8989239148795605,0.15562599897384644,-0.15565327927470207,Venomous_Snake -> Venomous_Snake
test/Venomous_Snake/30 (3).jpg,Venomous_Snake,Venomous_Snake,0.9933658242225647,Non_Venomous_Snake,0.006634112913161516,0.9867317113094032,Venomous_Snake,0.9937997460365295,Non_Venomous_Snake,0.006200242787599564,0.98759950324893,NO,YES,YES,HIGH,NO,0.9933658242225647,0.006634112913161516,0.9867317113094032,0.9937997460365295,0.006200242787599564,0.98759950324893,0.00043392181396484375,-0.0004338701255619526,Venomous_Snake -> Venomous_Snake
test/Venomous_Snake/30.jpg,Venomous_Snake,Venomous_Snake,0.9998132586479187,Non_Venomous_Snake,0.0001839614997152239,0.9996292971482035,Venomous_Snake,0.9996160268783569,Non_Venomous_Snake,0.00037295525544323027,0.9992430716229137,NO,YES,YES,HIGH,NO,0.9998132586479187,0.0001839614997152239,0.9996292971482035,0.9996160268783569,0.00037295525544323027,0.9992430716229137,-0.00019723176956176758,0.00018899375572800636,Venomous_Snake -> Venomous_Snake
test/Venomous_Snake/31 copy.jpg,Venomous_Snake,Venomous_Snake,0.9995644688606262,Non_Venomous_Snake,0.0004353905387688428,0.9991290783218574,Venomous_Snake,0.9995989203453064,Non_Venomous_Snake,0.00040004891343414783,0.9991988714318722,NO,YES,YES,HIGH,NO,0.9995644688606262,0.0004353905387688428,0.9991290783218574,0.9995989203453064,0.00040004891343414783,0.9991988714318722,3.445148468017578e-05,-3.534162533469498e-05,Venomous_Snake -> Venomous_Snake
test/Venomous_Snake/3110614239_af173ac2ae.jpg,Venomous_Snake,Venomous_Snake,0.9999754428863525,Non_Venomous_Snake,1.3468982615449931e-05,0.9999619739037371,Venomous_Snake,0.9999074935913086,Non_Venomous_Snake,7.426324009429663e-05,0.9998332303512143,NO,YES,YES,HIGH,NO,0.9999754428863525,1.3468982615449931e-05,0.9999619739037371,0.9999074935913086,7.426324009429663e-05,0.9998332303512143,-6.794929504394531e-05,6.07942574788467e-05,Venomous_Snake -> Venomous_Snake
test/Venomous_Snake/32 (2).jpg,Venomous_Snake,Venomous_Snake,0.9999390840530396,Non_Venomous_Snake,6.0923506680410355e-05,0.9998781605463591,Venomous_Snake,0.9999475479125977,Non_Venomous_Snake,5.250060712569393e-05,0.999895047305472,NO,YES,YES,HIGH,NO,0.9999390840530396,6.0923506680410355e-05,0.9998781605463591,0.9999475479125977,5.250060712569393e-05,0.999895047305472,8.463859558105469e-06,-8.422899554716423e-06,Venomous_Snake -> Venomous_Snake
test/Venomous_Snake/32.jpg,Venomous_Snake,Venomous_Snake,0.9999998807907104,Non_Venomous_Snake,9.322643990117285e-08,0.9999997875642705,Venomous_Snake,0.9999994039535522,Non_Venomous_Snake,5.103479452372994e-07,0.999998893605607,NO,YES,YES,HIGH,NO,0.9999998807907104,9.322643990117285e-08,0.9999997875642705,0.9999994039535522,5.103479452372994e-07,0.999998893605607,-4.76837158203125e-07,4.171215053361266e-07,Venomous_Snake -> Venomous_Snake
test/Venomous_Snake/34.jpg,Venomous_Snake,Venomous_Snake,0.9718598127365112,Non_Venomous_Snake,0.028119200840592384,0.9437406118959188,Venomous_Snake,0.9962700605392456,Non_Venomous_Snake,0.003724259091541171,0.9925458014477044,NO,YES,YES,HIGH,NO,0.9718598127365112,0.028119200840592384,0.9437406118959188,0.9962700605392456,0.003724259091541171,0.9925458014477044,0.024410247802734375,-0.024394941749051213,Venomous_Snake -> Venomous_Snake
test/Venomous_Snake/35.jpg,Venomous_Snake,Venomous_Snake,0.9971446394920349,Non_Venomous_Snake,0.002855385420843959,0.994289254071191,Venomous_Snake,0.9909636974334717,Non_Venomous_Snake,0.009036259725689888,0.9819274377077818,NO,YES,YES,HIGH,NO,0.9971446394920349,0.002855385420843959,0.994289254071191,0.9909636974334717,0.009036259725689888,0.9819274377077818,-0.006180942058563232,0.006180874304845929,Venomous_Snake -> Venomous_Snake
test/Venomous_Snake/37.jpg,Venomous_Snake,Venomous_Snake,0.9997658133506775,Non_Venomous_Snake,0.00023414831957779825,0.9995316650310997,Venomous_Snake,0.9998410940170288,Non_Venomous_Snake,0.00015883373271208256,0.9996822602843167,NO,YES,YES,HIGH,NO,0.9997658133506775,0.00023414831957779825,0.9995316650310997,0.9998410940170288,0.00015883373271208256,0.9996822602843167,7.528066635131836e-05,-7.531458686571568e-05,Venomous_Snake -> Venomous_Snake
test/Venomous_Snake/38 (2).jpg,Venomous_Snake,Venomous_Snake,0.7044952511787415,Non_Venomous_Snake,0.295503705739975,0.4089915454387665,Venomous_Snake,0.7863964438438416,Non_Venomous_Snake,0.21360135078430176,0.5727950930595398,NO,YES,YES,MODERATE,NO,0.7044952511787415,0.295503705739975,0.4089915454387665,0.7863964438438416,0.21360135078430176,0.5727950930595398,0.0819011926651001,-0.08190235495567322,Venomous_Snake -> Venomous_Snake
test/Venomous_Snake/38.jpg,Venomous_Snake,Venomous_Snake,0.9926418662071228,Non_Venomous_Snake,0.007353799883276224,0.9852880663238466,Venomous_Snake,0.9965600371360779,Non_Venomous_Snake,0.003430899465456605,0.9931291376706213,NO,YES,YES,HIGH,NO,0.9926418662071228,0.007353799883276224,0.9852880663238466,0.9965600371360779,0.003430899465456605,0.9931291376706213,0.003918170928955078,-0.003922900417819619,Venomous_Snake -> Venomous_Snake
test/Venomous_Snake/39e574b4966c870035f7e3c9378379b2.jpg,Venomous_Snake,Venomous_Snake,0.9870381355285645,Non_Venomous_Snake,0.012960494495928288,0.9740776410326362,Venomous_Snake,0.9780805110931396,Non_Venomous_Snake,0.021915433928370476,0.9561650771647692,NO,YES,YES,HIGH,NO,0.9870381355285645,0.012960494495928288,0.9740776410326362,0.9780805110931396,0.021915433928370476,0.9561650771647692,-0.008957624435424805,0.008954939432442188,Venomous_Snake -> Venomous_Snake
test/Venomous_Snake/3CA83C7400000578-4172360-image-m-57_1485792904526.jpg,Venomous_Snake,Venomous_Snake,0.7666494846343994,Deer,0.17662347853183746,0.590026006102562,Deer,0.9695917367935181,Cow,0.019195541739463806,0.9503961950540543,YES,YES,NO,HIGH,NO,0.7666494846343994,0.0009937018621712923,0.7656557827722281,0.01060347631573677,7.446875679306686e-05,0.010529007558943704,-0.7560460083186626,-0.0009192331053782254,Venomous_Snake -> Deer
test/Venomous_Snake/3D05259A00000578-4209222-image-a-31_1486675129282.jpg,Venomous_Snake,Venomous_Snake,0.9964995384216309,Elephant,0.003460549283772707,0.9930389891378582,Venomous_Snake,0.9997859597206116,Elephant,0.0002022554399445653,0.999583704280667,NO,YES,YES,HIGH,NO,0.9964995384216309,1.5631853784725536e-06,0.9964979752362524,0.9997859597206116,1.5463520242064988e-07,0.9997858050854092,0.003286421298980713,-1.4085501760519037e-06,Venomous_Snake -> Venomous_Snake
test/Venomous_Snake/3ddc49b3f743b547e095a1fd910cb902--king-cobra-snakes.jpg,Venomous_Snake,Venomous_Snake,0.9981486797332764,Non_Venomous_Snake,0.0017677579307928681,0.9963809218024835,Venomous_Snake,0.9946348667144775,Non_Venomous_Snake,0.005264632403850555,0.989370234310627,NO,YES,YES,HIGH,NO,0.9981486797332764,0.0017677579307928681,0.9963809218024835,0.9946348667144775,0.005264632403850555,0.989370234310627,-0.003513813018798828,0.0034968744730576873,Venomous_Snake -> Venomous_Snake
test/Venomous_Snake/3f7b41317b2248121c9fa4fbbff48074--cobra-snake-slytherin.jpg,Venomous_Snake,Venomous_Snake,1.0,Non_Venomous_Snake,2.4102119411395506e-08,0.9999999758978806,Venomous_Snake,0.9999996423721313,Elephant,2.1637150382503023e-07,0.9999994260006275,NO,YES,YES,HIGH,NO,1.0,2.4102119411395506e-08,0.9999999758978806,0.9999996423721313,9.80588907850688e-08,0.9999995443132406,-3.5762786865234375e-07,7.395677137367329e-08,Venomous_Snake -> Venomous_Snake
test/Venomous_Snake/40.jpg,Venomous_Snake,Venomous_Snake,0.9936503767967224,Non_Venomous_Snake,0.006229895632714033,0.9874204811640084,Venomous_Snake,0.9923898577690125,Non_Venomous_Snake,0.007600423879921436,0.984789433889091,NO,YES,YES,HIGH,NO,0.9936503767967224,0.006229895632714033,0.9874204811640084,0.9923898577690125,0.007600423879921436,0.984789433889091,-0.001260519027709961,0.0013705282472074032,Venomous_Snake -> Venomous_Snake
test/Venomous_Snake/4179-39698.jpg,Venomous_Snake,Venomous_Snake,0.9990060925483704,Non_Venomous_Snake,0.0009913777466863394,0.998014714801684,Venomous_Snake,0.9998421669006348,Non_Venomous_Snake,0.0001534443290438503,0.9996887225715909,NO,YES,YES,HIGH,NO,0.9990060925483704,0.0009913777466863394,0.998014714801684,0.9998421669006348,0.0001534443290438503,0.9996887225715909,0.0008360743522644043,-0.0008379334176424891,Venomous_Snake -> Venomous_Snake
test/Venomous_Snake/4182f3e0ec2558bb23cf61828f7c752d--king-cobra-southeast-asia.jpg,Venomous_Snake,Venomous_Snake,0.9999998807907104,Elephant,4.5166313356048704e-08,0.9999998356243971,Venomous_Snake,0.9999991655349731,Elephant,5.557324698202137e-07,0.9999986098025033,NO,YES,YES,HIGH,NO,0.9999998807907104,3.043575347305705e-08,0.999999850354957,0.9999991655349731,2.758452239959297e-07,0.9999988896897491,-7.152557373046875e-07,2.4540947052287265e-07,Venomous_Snake -> Venomous_Snake
test/Venomous_Snake/42.jpg,Venomous_Snake,Venomous_Snake,0.7654483914375305,Non_Venomous_Snake,0.2345498651266098,0.5308985263109207,Venomous_Snake,0.9364086389541626,Non_Venomous_Snake,0.0635903924703598,0.8728182464838028,NO,YES,YES,HIGH,NO,0.7654483914375305,0.2345498651266098,0.5308985263109207,0.9364086389541626,0.0635903924703598,0.8728182464838028,0.17096024751663208,-0.17095947265625,Venomous_Snake -> Venomous_Snake
test/Venomous_Snake/426b89d75ff053790e7ec2abe117f78c--cobra-snake-poisonous-snakes.jpg,Venomous_Snake,Venomous_Snake,0.9999954700469971,Non_Venomous_Snake,4.347125923231943e-06,0.9999911229210738,Venomous_Snake,0.9999916553497314,Non_Venomous_Snake,6.0177767409186345e-06,0.9999856375729905,NO,YES,YES,HIGH,NO,0.9999954700469971,4.347125923231943e-06,0.9999911229210738,0.9999916553497314,6.0177767409186345e-06,0.9999856375729905,-3.814697265625e-06,1.6706508176866919e-06,Venomous_Snake -> Venomous_Snake
test/Venomous_Snake/429462b69e738da2cc54bd5a8ef5b4b1.jpg,Venomous_Snake,Venomous_Snake,0.9980462789535522,Non_Venomous_Snake,0.0018219322664663196,0.9962243466870859,Venomous_Snake,0.9889168739318848,Non_Venomous_Snake,0.010359836742281914,0.9785570371896029,NO,YES,YES,HIGH,NO,0.9980462789535522,0.0018219322664663196,0.9962243466870859,0.9889168739318848,0.010359836742281914,0.9785570371896029,-0.00912940502166748,0.008537904475815594,Venomous_Snake -> Venomous_Snake
test/Venomous_Snake/43.jpg,Venomous_Snake,Venomous_Snake,0.9890878200531006,Non_Venomous_Snake,0.010911136865615845,0.9781766831874847,Venomous_Snake,0.9985559582710266,Non_Venomous_Snake,0.0014417825732380152,0.9971141756977886,NO,YES,YES,HIGH,NO,0.9890878200531006,0.010911136865615845,0.9781766831874847,0.9985559582710266,0.0014417825732380152,0.9971141756977886,0.009468138217926025,-0.00946935429237783,Venomous_Snake -> Venomous_Snake
test/Venomous_Snake/44.jpg,Venomous_Snake,Venomous_Snake,0.982029139995575,Non_Venomous_Snake,0.01797071471810341,0.9640584252774715,Venomous_Snake,0.9534894824028015,Non_Venomous_Snake,0.046510353684425354,0.9069791287183762,NO,YES,YES,HIGH,NO,0.982029139995575,0.01797071471810341,0.9640584252774715,0.9534894824028015,0.046510353684425354,0.9069791287183762,-0.028539657592773438,0.028539638966321945,Venomous_Snake -> Venomous_Snake
test/Venomous_Snake/45.jpg,Venomous_Snake,Venomous_Snake,0.6624532341957092,Non_Venomous_Snake,0.3375464677810669,0.32490676641464233,Venomous_Snake,0.7992674708366394,Non_Venomous_Snake,0.20073175430297852,0.5985357165336609,NO,YES,YES,MODERATE,NO,0.6624532341957092,0.3375464677810669,0.32490676641464233,0.7992674708366394,0.20073175430297852,0.5985357165336609,0.13681423664093018,-0.13681471347808838,Venomous_Snake -> Venomous_Snake
test/Venomous_Snake/4975186.jpg,Venomous_Snake,Venomous_Snake,0.9999548196792603,Non_Venomous_Snake,4.5168311771703884e-05,0.9999096513674886,Venomous_Snake,0.9998996257781982,Non_Venomous_Snake,0.00010005767398979515,0.9997995681042084,NO,YES,YES,HIGH,NO,0.9999548196792603,4.5168311771703884e-05,0.9999096513674886,0.9998996257781982,0.00010005767398979515,0.9997995681042084,-5.519390106201172e-05,5.4889362218091264e-05,Venomous_Snake -> Venomous_Snake
test/Venomous_Snake/5-dog-beat-cobra-795x447.jpg,Venomous_Snake,Deer,0.9473167061805725,Wild_Boar,0.051626596599817276,0.8956901095807552,Deer,0.9473614692687988,Wild_Boar,0.05127957835793495,0.8960818909108639,NO,NO,NO,HIGH,NO,0.0007030316046439111,6.636468697251985e-06,0.0006963951359466591,0.0012016315013170242,2.0644542075842764e-07,0.0012014250558962658,0.0004985998966731131,-6.430023276493557e-06,Deer -> Deer
test/Venomous_Snake/5.jpg,Venomous_Snake,Venomous_Snake,0.998831570148468,Non_Venomous_Snake,0.0011677813017740846,0.9976637888466939,Venomous_Snake,0.995952844619751,Non_Venomous_Snake,0.004045772831887007,0.991907071787864,NO,YES,YES,HIGH,NO,0.998831570148468,0.0011677813017740846,0.9976637888466939,0.995952844619751,0.004045772831887007,0.991907071787864,-0.002878725528717041,0.002877991530112922,Venomous_Snake -> Venomous_Snake
test/Venomous_Snake/501001_8697602067eba4ehhlpe07.jpg,Venomous_Snake,Venomous_Snake,0.6823623180389404,Non_Venomous_Snake,0.31763768196105957,0.36472463607788086,Venomous_Snake,0.6937426328659058,Non_Venomous_Snake,0.30625608563423157,0.3874865472316742,NO,YES,YES,MODERATE,NO,0.6823623180389404,0.31763768196105957,0.36472463607788086,0.6937426328659058,0.30625608563423157,0.3874865472316742,0.011380314826965332,-0.011381596326828003,Venomous_Snake -> Venomous_Snake
test/Venomous_Snake/501121_298677f067eba4fv1mjc07.jpg,Venomous_Snake,Venomous_Snake,0.9722437858581543,Non_Venomous_Snake,0.02775621972978115,0.9444875661283731,Venomous_Snake,0.9718526005744934,Non_Venomous_Snake,0.028147295117378235,0.9437053054571152,NO,YES,YES,HIGH,NO,0.9722437858581543,0.02775621972978115,0.9444875661283731,0.9718526005744934,0.028147295117378235,0.9437053054571152,-0.00039118528366088867,0.00039107538759708405,Venomous_Snake -> Venomous_Snake
test/Venomous_Snake/5207091.jpg,Venomous_Snake,Venomous_Snake,0.9998914003372192,Non_Venomous_Snake,0.00010858158202609047,0.9997828187551931,Venomous_Snake,0.9999465942382812,Non_Venomous_Snake,5.3345072956290096e-05,0.999893249165325,NO,YES,YES,HIGH,NO,0.9998914003372192,0.00010858158202609047,0.9997828187551931,0.9999465942382812,5.3345072956290096e-05,0.999893249165325,5.519390106201172e-05,-5.523650906980038e-05,Venomous_Snake -> Venomous_Snake
test/Venomous_Snake/520e37a2-d600-4c4f-8f19-6b87429fc7a0.Full_.jpg,Venomous_Snake,Venomous_Snake,0.9974555373191833,Non_Venomous_Snake,0.00254253763705492,0.9949129996821284,Venomous_Snake,0.994411289691925,Non_Venomous_Snake,0.005577543284744024,0.988833746407181,NO,YES,YES,HIGH,NO,0.9974555373191833,0.00254253763705492,0.9949129996821284,0.994411289691925,0.005577543284744024,0.988833746407181,-0.0030442476272583008,0.003035005647689104,Venomous_Snake -> Venomous_Snake
test/Venomous_Snake/5384077d7fe23.jpg,Venomous_Snake,Venomous_Snake,0.9115667939186096,Non_Venomous_Snake,0.04631839320063591,0.8652484007179737,Venomous_Snake,0.948648989200592,Elephant,0.04641159996390343,0.9022373892366886,NO,YES,YES,HIGH,NO,0.9115667939186096,0.04631839320063591,0.8652484007179737,0.948648989200592,0.004835033323615789,0.9438139558769763,0.03708219528198242,-0.04148335987702012,Venomous_Snake -> Venomous_Snake
test/Venomous_Snake/5384096bcdfba.jpg,Venomous_Snake,Venomous_Snake,0.9980564713478088,Non_Venomous_Snake,0.0019433381967246532,0.9961131331510842,Venomous_Snake,0.9904614090919495,Non_Venomous_Snake,0.009536417201161385,0.9809249918907881,NO,YES,YES,HIGH,NO,0.9980564713478088,0.0019433381967246532,0.9961131331510842,0.9904614090919495,0.009536417201161385,0.9809249918907881,-0.007595062255859375,0.007593079004436731,Venomous_Snake -> Venomous_Snake
test/Venomous_Snake/5384096bea0ed.jpg,Venomous_Snake,Venomous_Snake,0.9968591928482056,Non_Venomous_Snake,0.0031394152902066708,0.9937197775579989,Venomous_Snake,0.9988256096839905,Non_Venomous_Snake,0.0011696433648467064,0.9976559663191438,NO,YES,YES,HIGH,NO,0.9968591928482056,0.0031394152902066708,0.9937197775579989,0.9988256096839905,0.0011696433648467064,0.9976559663191438,0.001966416835784912,-0.0019697719253599644,Venomous_Snake -> Venomous_Snake
test/Venomous_Snake/5384096c1c063.jpg,Venomous_Snake,Venomous_Snake,0.9999850988388062,Non_Venomous_Snake,1.4886459211993497e-05,0.9999702123795942,Venomous_Snake,0.9999994039535522,Non_Venomous_Snake,5.85618124659959e-07,0.9999988183354276,NO,YES,YES,HIGH,NO,0.9999850988388062,1.4886459211993497e-05,0.9999702123795942,0.9999994039535522,5.85618124659959e-07,0.9999988183354276,1.430511474609375e-05,-1.4300841087333538e-05,Venomous_Snake -> Venomous_Snake
test/Venomous_Snake/5419812_orig.jpg,Venomous_Snake,Venomous_Snake,0.9990500807762146,Non_Venomous_Snake,0.0009498281870037317,0.9981002525892109,Venomous_Snake,0.9981837868690491,Non_Venomous_Snake,0.0018121139146387577,0.9963716729544103,NO,YES,YES,HIGH,NO,0.9990500807762146,0.0009498281870037317,0.9981002525892109,0.9981837868690491,0.0018121139146387577,0.9963716729544103,-0.0008662939071655273,0.000862285727635026,Venomous_Snake -> Venomous_Snake
test/Venomous_Snake/58680357_PW36.jpg,Venomous_Snake,Venomous_Snake,0.9999730587005615,Elephant,1.3585882697952911e-05,0.9999594728178636,Venomous_Snake,0.9998766183853149,Elephant,0.0001045259487000294,0.9997720924366149,NO,YES,YES,HIGH,NO,0.9999730587005615,8.947048627305776e-06,0.9999641116519342,0.9998766183853149,1.2861000868724659e-05,0.9998637573844462,-9.644031524658203e-05,3.913952241418883e-06,Venomous_Snake -> Venomous_Snake
test/Venomous_Snake/58680358_PW36.jpg,Venomous_Snake,Venomous_Snake,0.9999996423721313,Elephant,2.283073001763114e-07,0.9999994140648312,Venomous_Snake,0.999998927116394,Elephant,9.223734878105461e-07,0.9999980047429062,NO,YES,YES,HIGH,NO,0.9999996423721313,5.1247422305777945e-08,0.999999591124709,0.999998927116394,8.976545018413162e-08,0.9999988373509439,-7.152557373046875e-07,3.851802787835368e-08,Venomous_Snake -> Venomous_Snake
test/Venomous_Snake/58680361_PW36.jpg,Venomous_Snake,Venomous_Snake,0.9999988079071045,Non_Venomous_Snake,1.163499860012962e-06,0.9999976444072445,Venomous_Snake,0.9999985694885254,Non_Venomous_Snake,1.2657801562454551e-06,0.9999973037083691,NO,YES,YES,HIGH,NO,0.9999988079071045,1.163499860012962e-06,0.9999976444072445,0.9999985694885254,1.2657801562454551e-06,0.9999973037083691,-2.384185791015625e-07,1.0228029623249313e-07,Venomous_Snake -> Venomous_Snake
test/Venomous_Snake/6.jpg,Venomous_Snake,Venomous_Snake,1.0,Non_Venomous_Snake,2.1538062000558966e-08,0.999999978461938,Venomous_Snake,1.0,Non_Venomous_Snake,8.934580186803487e-09,0.9999999910654198,NO,YES,YES,HIGH,NO,1.0,2.1538062000558966e-08,0.999999978461938,1.0,8.934580186803487e-09,0.9999999910654198,0.0,-1.260348181375548e-08,Venomous_Snake -> Venomous_Snake
test/Venomous_Snake/614a34a77654e6726429703e150dea3e.jpg,Venomous_Snake,Venomous_Snake,0.9975784420967102,Non_Venomous_Snake,0.0024165974464267492,0.9951618446502835,Venomous_Snake,0.9965922236442566,Non_Venomous_Snake,0.003401296678930521,0.9931909269653261,NO,YES,YES,HIGH,NO,0.9975784420967102,0.0024165974464267492,0.9951618446502835,0.9965922236442566,0.003401296678930521,0.9931909269653261,-0.0009862184524536133,0.0009846992325037718,Venomous_Snake -> Venomous_Snake
test/Venomous_Snake/621cc2e9123ff3733add9cf51d374c1c--top-five-hady.jpg,Venomous_Snake,Venomous_Snake,0.9996169805526733,Non_Venomous_Snake,0.00038304176996462047,0.9992339387827087,Venomous_Snake,0.9990202188491821,Non_Venomous_Snake,0.0009797407547011971,0.9980404780944809,NO,YES,YES,HIGH,NO,0.9996169805526733,0.00038304176996462047,0.9992339387827087,0.9990202188491821,0.0009797407547011971,0.9980404780944809,-0.0005967617034912109,0.0005966989847365767,Venomous_Snake -> Venomous_Snake
test/Venomous_Snake/628592919_285e1def53_b.jpg,Venomous_Snake,Venomous_Snake,0.9983521699905396,Non_Venomous_Snake,0.0016478222096338868,0.9967043477809057,Venomous_Snake,0.9984796643257141,Non_Venomous_Snake,0.0015203232178464532,0.9969593411078677,NO,YES,YES,HIGH,NO,0.9983521699905396,0.0016478222096338868,0.9967043477809057,0.9984796643257141,0.0015203232178464532,0.9969593411078677,0.00012749433517456055,-0.00012749899178743362,Venomous_Snake -> Venomous_Snake
test/Venomous_Snake/6O4A0379.jpg,Venomous_Snake,Venomous_Snake,0.999984622001648,Non_Venomous_Snake,1.5384741345769726e-05,0.9999692372603022,Venomous_Snake,0.9999464750289917,Non_Venomous_Snake,5.3357583965407684e-05,0.9998931174450263,NO,YES,YES,HIGH,NO,0.999984622001648,1.5384741345769726e-05,0.9999692372603022,0.9999464750289917,5.3357583965407684e-05,0.9998931174450263,-3.814697265625e-05,3.797284261963796e-05,Venomous_Snake -> Venomous_Snake
test/Venomous_Snake/6O4A0417.jpg,Venomous_Snake,Venomous_Snake,0.9999997615814209,Non_Venomous_Snake,2.0917455856306333e-07,0.9999995524068623,Venomous_Snake,0.9999994039535522,Non_Venomous_Snake,5.781020036010887e-07,0.9999988258515486,NO,YES,YES,HIGH,NO,0.9999997615814209,2.0917455856306333e-07,0.9999995524068623,0.9999994039535522,5.781020036010887e-07,0.9999988258515486,-3.5762786865234375e-07,3.689274450380253e-07,Venomous_Snake -> Venomous_Snake
test/Venomous_Snake/6b6da31906462414e878d1dd90aa146c--snake-wallpaper-hd-wallpaper.jpg,Venomous_Snake,Venomous_Snake,0.9999991655349731,Non_Venomous_Snake,8.49202194785903e-07,0.9999983163327784,Venomous_Snake,0.9999973773956299,Non_Venomous_Snake,2.424543254164746e-06,0.9999949528523757,NO,YES,YES,HIGH,NO,0.9999991655349731,8.49202194785903e-07,0.9999983163327784,0.9999973773956299,2.424543254164746e-06,0.9999949528523757,-1.7881393432617188e-06,1.575341059378843e-06,Venomous_Snake -> Venomous_Snake
test/Venomous_Snake/7417839_orig.jpg,Venomous_Snake,Venomous_Snake,0.9998220801353455,Non_Venomous_Snake,0.00017790978017728776,0.9996441703551682,Venomous_Snake,0.9999351501464844,Non_Venomous_Snake,6.479887815658003e-05,0.9998703512683278,NO,YES,YES,HIGH,NO,0.9998220801353455,0.00017790978017728776,0.9996441703551682,0.9999351501464844,6.479887815658003e-05,0.9998703512683278,0.00011307001113891602,-0.00011311090202070773,Venomous_Snake -> Venomous_Snake
test/Venomous_Snake/80098531.jpg,Venomous_Snake,Venomous_Snake,0.9997392296791077,Non_Venomous_Snake,0.00026056994101963937,0.999478659738088,Venomous_Snake,0.9998488426208496,Non_Venomous_Snake,0.00015078845899552107,0.9996980541618541,NO,YES,YES,HIGH,NO,0.9997392296791077,0.00026056994101963937,0.999478659738088,0.9998488426208496,0.00015078845899552107,0.9996980541618541,0.00010961294174194336,-0.0001097814820241183,Venomous_Snake -> Venomous_Snake
test/Venomous_Snake/817-21250.jpg,Venomous_Snake,Venomous_Snake,0.9996906518936157,Non_Venomous_Snake,0.00030764605617150664,0.9993830058374442,Venomous_Snake,0.9994367957115173,Non_Venomous_Snake,0.0005623523029498756,0.9988744434085675,NO,YES,YES,HIGH,NO,0.9996906518936157,0.00030764605617150664,0.9993830058374442,0.9994367957115173,0.0005623523029498756,0.9988744434085675,-0.00025385618209838867,0.00025470624677836895,Venomous_Snake -> Venomous_Snake
test/Venomous_Snake/858129_1280x720.jpg,Venomous_Snake,Venomous_Snake,0.9999723434448242,Non_Venomous_Snake,2.7347105060471222e-05,0.9999449963397637,Venomous_Snake,0.9999183416366577,Non_Venomous_Snake,8.087691094260663e-05,0.9998374647257151,NO,YES,YES,HIGH,NO,0.9999723434448242,2.7347105060471222e-05,0.9999449963397637,0.9999183416366577,8.087691094260663e-05,0.9998374647257151,-5.4001808166503906e-05,5.3529805882135406e-05,Venomous_Snake -> Venomous_Snake
test/Venomous_Snake/8fa72038962b6df573adbdd40eb3bdea.jpg,Venomous_Snake,Venomous_Snake,0.9823834896087646,Non_Venomous_Snake,0.017613692209124565,0.9647697973996401,Venomous_Snake,0.9934743046760559,Non_Venomous_Snake,0.006519937422126532,0.9869543672539294,NO,YES,YES,HIGH,NO,0.9823834896087646,0.017613692209124565,0.9647697973996401,0.9934743046760559,0.006519937422126532,0.9869543672539294,0.01109081506729126,-0.011093754786998034,Venomous_Snake -> Venomous_Snake
test/Venomous_Snake/900-464852747-russells-viper.jpg,Venomous_Snake,Non_Venomous_Snake,0.8438819050788879,Venomous_Snake,0.15611736476421356,0.6877645403146744,Venomous_Snake,0.5974301695823669,Non_Venomous_Snake,0.40256646275520325,0.1948637068271637,YES,NO,YES,LOW,YES,0.15611736476421356,0.8438819050788879,-0.6877645403146744,0.5974301695823669,0.40256646275520325,0.1948637068271637,0.4413128048181534,-0.4413154423236847,Non_Venomous_Snake -> Venomous_Snake
test/Venomous_Snake/90202668.jpg,Venomous_Snake,Venomous_Snake,0.9908506274223328,Non_Venomous_Snake,0.009149199351668358,0.9817014280706644,Venomous_Snake,0.9848435521125793,Non_Venomous_Snake,0.015156155452132225,0.9696873966604471,NO,YES,YES,HIGH,NO,0.9908506274223328,0.009149199351668358,0.9817014280706644,0.9848435521125793,0.015156155452132225,0.9696873966604471,-0.006007075309753418,0.006006956100463867,Venomous_Snake -> Venomous_Snake
test/Venomous_Snake/90215640.jpg,Venomous_Snake,Venomous_Snake,0.9999997615814209,Non_Venomous_Snake,1.3870510429114802e-07,0.9999996228763166,Venomous_Snake,1.0,Elephant,2.740593885164344e-08,0.9999999725940611,NO,YES,YES,HIGH,NO,0.9999997615814209,1.3870510429114802e-07,0.9999996228763166,1.0,2.2610517902421634e-08,0.9999999773894821,2.384185791015625e-07,-1.1609458638872638e-07,Venomous_Snake -> Venomous_Snake
test/Venomous_Snake/92.jpg,Venomous_Snake,Venomous_Snake,0.9937182664871216,Non_Venomous_Snake,0.006158884149044752,0.9875593823380768,Venomous_Snake,0.9985528588294983,Non_Venomous_Snake,0.001374010113067925,0.9971788487164304,NO,YES,YES,HIGH,NO,0.9937182664871216,0.006158884149044752,0.9875593823380768,0.9985528588294983,0.001374010113067925,0.9971788487164304,0.004834592342376709,-0.004784874035976827,Venomous_Snake -> Venomous_Snake
test/Venomous_Snake/9222.jpg,Venomous_Snake,Venomous_Snake,0.8045948147773743,Non_Venomous_Snake,0.1954018920660019,0.6091929227113724,Venomous_Snake,0.9457142949104309,Non_Venomous_Snake,0.05427158623933792,0.891442708671093,NO,YES,YES,HIGH,NO,0.8045948147773743,0.1954018920660019,0.6091929227113724,0.9457142949104309,0.05427158623933792,0.891442708671093,0.14111948013305664,-0.14113030582666397,Venomous_Snake -> Venomous_Snake
test/Venomous_Snake/9eb07e02004a8a7daa4e75dd0dade2a7.jpg,Venomous_Snake,Venomous_Snake,0.9999730587005615,Non_Venomous_Snake,2.658482662809547e-05,0.9999464738739334,Venomous_Snake,0.9999567270278931,Non_Venomous_Snake,3.387763354112394e-05,0.9999228493943519,NO,YES,YES,HIGH,NO,0.9999730587005615,2.658482662809547e-05,0.9999464738739334,0.9999567270278931,3.387763354112394e-05,0.9999228493943519,-1.633167266845703e-05,7.292806913028471e-06,Venomous_Snake -> Venomous_Snake
test/Venomous_Snake/CY025J-1.jpg,Venomous_Snake,Venomous_Snake,0.9973748922348022,Non_Venomous_Snake,0.00262159644626081,0.9947532957885414,Venomous_Snake,0.994019627571106,Non_Venomous_Snake,0.0059698051773011684,0.9880498223938048,NO,YES,YES,HIGH,NO,0.9973748922348022,0.00262159644626081,0.9947532957885414,0.994019627571106,0.0059698051773011684,0.9880498223938048,-0.003355264663696289,0.0033482087310403585,Venomous_Snake -> Venomous_Snake
test/Venomous_Snake/Close-up-of-Palestine-saw-scaled-viper.jpg,Venomous_Snake,Venomous_Snake,0.9662056565284729,Non_Venomous_Snake,0.03371179848909378,0.9324938580393791,Venomous_Snake,0.9898569583892822,Non_Venomous_Snake,0.010071848519146442,0.9797851098701358,NO,YES,YES,HIGH,NO,0.9662056565284729,0.03371179848909378,0.9324938580393791,0.9898569583892822,0.010071848519146442,0.9797851098701358,0.023651301860809326,-0.023639949969947338,Venomous_Snake -> Venomous_Snake
test/Venomous_Snake/Echis carinatus sinhaleyus_001.jpg,Venomous_Snake,Venomous_Snake,0.9942076206207275,Non_Venomous_Snake,0.005780738778412342,0.9884268818423152,Venomous_Snake,0.9995187520980835,Non_Venomous_Snake,0.00048057353706099093,0.9990381785610225,NO,YES,YES,HIGH,NO,0.9942076206207275,0.005780738778412342,0.9884268818423152,0.9995187520980835,0.00048057353706099093,0.9990381785610225,0.005311131477355957,-0.005300165241351351,Venomous_Snake -> Venomous_Snake
test/Venomous_Snake/Echis_carinatus_head_sal.jpg,Venomous_Snake,Venomous_Snake,0.9934484362602234,Non_Venomous_Snake,0.006551499478518963,0.9868969367817044,Venomous_Snake,0.9979158043861389,Non_Venomous_Snake,0.0020840372890233994,0.9958317670971155,NO,YES,YES,HIGH,NO,0.9934484362602234,0.006551499478518963,0.9868969367817044,0.9979158043861389,0.0020840372890233994,0.9958317670971155,0.004467368125915527,-0.0044674621894955635,Venomous_Snake -> Venomous_Snake
test/Venomous_Snake/_62580566__45828483_saw_scaled_viper_spl.jpg,Venomous_Snake,Venomous_Snake,0.9989567995071411,Non_Venomous_Snake,0.0010366728529334068,0.9979201266542077,Venomous_Snake,0.9995135068893433,Non_Venomous_Snake,0.0004805107309948653,0.9990329961583484,NO,YES,YES,HIGH,NO,0.9989567995071411,0.0010366728529334068,0.9979201266542077,0.9995135068893433,0.0004805107309948653,0.9990329961583484,0.0005567073822021484,-0.0005561621219385415,Venomous_Snake -> Venomous_Snake
test/Venomous_Snake/_837b1414-50e6-11e6-8d8d-a42edc5c5383.JPG,Venomous_Snake,Venomous_Snake,0.9881348609924316,Non_Venomous_Snake,0.011865140870213509,0.9762697201222181,Venomous_Snake,0.9847102761268616,Non_Venomous_Snake,0.015289630740880966,0.9694206453859806,NO,YES,YES,HIGH,NO,0.9881348609924316,0.011865140870213509,0.9762697201222181,0.9847102761268616,0.015289630740880966,0.9694206453859806,-0.0034245848655700684,0.0034244898706674576,Venomous_Snake -> Venomous_Snake
test/Venomous_Snake/_D096405.jpg,Venomous_Snake,Venomous_Snake,0.7428649663925171,Non_Venomous_Snake,0.2571350038051605,0.48572996258735657,Venomous_Snake,0.5114299058914185,Non_Venomous_Snake,0.4885700047016144,0.022859901189804077,NO,YES,YES,LOW,YES,0.7428649663925171,0.2571350038051605,0.48572996258735657,0.5114299058914185,0.4885700047016144,0.022859901189804077,-0.23143506050109863,0.23143500089645386,Venomous_Snake -> Venomous_Snake
test/Venomous_Snake/_D096710.jpg,Venomous_Snake,Venomous_Snake,0.8200723528862,Non_Venomous_Snake,0.17992226779460907,0.6401500850915909,Venomous_Snake,0.9851122498512268,Non_Venomous_Snake,0.014869828708469868,0.9702424211427569,NO,YES,YES,HIGH,NO,0.8200723528862,0.17992226779460907,0.6401500850915909,0.9851122498512268,0.014869828708469868,0.9702424211427569,0.16503989696502686,-0.1650524390861392,Venomous_Snake -> Venomous_Snake
test/Venomous_Snake/_DSC0082.jpg,Venomous_Snake,Non_Venomous_Snake,0.9290463924407959,Venomous_Snake,0.07095355540513992,0.858092837035656,Non_Venomous_Snake,0.6111522912979126,Venomous_Snake,0.3888475000858307,0.2223047912120819,NO,NO,NO,MODERATE,NO,0.07095355540513992,0.9290463924407959,-0.858092837035656,0.3888475000858307,0.6111522912979126,-0.2223047912120819,0.31789394468069077,-0.3178941011428833,Non_Venomous_Snake -> Non_Venomous_Snake
test/Venomous_Snake/_DSC0260.jpg,Venomous_Snake,Venomous_Snake,0.999935507774353,Non_Venomous_Snake,6.353649223456159e-05,0.9998719712821185,Venomous_Snake,0.999987006187439,Non_Venomous_Snake,1.0963258318952285e-05,0.99997604292912,NO,YES,YES,HIGH,NO,0.999935507774353,6.353649223456159e-05,0.9998719712821185,0.999987006187439,1.0963258318952285e-05,0.99997604292912,5.14984130859375e-05,-5.257323391560931e-05,Venomous_Snake -> Venomous_Snake
test/Venomous_Snake/_DSC0273g.jpg,Venomous_Snake,Venomous_Snake,0.9990572333335876,Non_Venomous_Snake,0.0009423699812032282,0.9981148633523844,Venomous_Snake,0.9997395873069763,Non_Venomous_Snake,0.0002603199100121856,0.9994792673969641,NO,YES,YES,HIGH,NO,0.9990572333335876,0.0009423699812032282,0.9981148633523844,0.9997395873069763,0.0002603199100121856,0.9994792673969641,0.0006823539733886719,-0.0006820500711910427,Venomous_Snake -> Venomous_Snake
test/Venomous_Snake/_a0addf20-4e76-11e6-8d8d-a42edc5c5383.jpg,Venomous_Snake,Venomous_Snake,0.9993059635162354,Non_Venomous_Snake,0.0006940884632058442,0.9986118750530295,Venomous_Snake,0.9999513626098633,Non_Venomous_Snake,4.859204273088835e-05,0.9999027705671324,NO,YES,YES,HIGH,NO,0.9993059635162354,0.0006940884632058442,0.9986118750530295,0.9999513626098633,4.859204273088835e-05,0.9999027705671324,0.0006453990936279297,-0.0006454964204749558,Venomous_Snake -> Venomous_Snake
test/Venomous_Snake/_afe8d134-4e76-11e6-8d8d-a42edc5c5383.jpg,Venomous_Snake,Venomous_Snake,0.9671609997749329,Non_Venomous_Snake,0.03228672593832016,0.9348742738366127,Venomous_Snake,0.9937039017677307,Non_Venomous_Snake,0.006105799227952957,0.9875981025397778,NO,YES,YES,HIGH,NO,0.9671609997749329,0.03228672593832016,0.9348742738366127,0.9937039017677307,0.006105799227952957,0.9875981025397778,0.02654290199279785,-0.026180926710367203,Venomous_Snake -> Venomous_Snake
test/Venomous_Snake/arabic-saw-scaled-viper-palestine-saw-scaled-viper-echis-coloratus-CNW8JE.jpg,Venomous_Snake,Venomous_Snake,0.9992520213127136,Non_Venomous_Snake,0.0007444678922183812,0.9985075534204952,Venomous_Snake,0.9998538494110107,Non_Venomous_Snake,0.00014400637883227319,0.9997098430321785,NO,YES,YES,HIGH,NO,0.9992520213127136,0.0007444678922183812,0.9985075534204952,0.9998538494110107,0.00014400637883227319,0.9997098430321785,0.0006018280982971191,-0.000600461513386108,Venomous_Snake -> Venomous_Snake
test/Venomous_Snake/arabic-saw-scaled-viper-palestine-saw-scaled-viper-echis-coloratus-EBN3ET.jpg,Venomous_Snake,Venomous_Snake,0.9715120196342468,Non_Venomous_Snake,0.02846653014421463,0.9430454894900322,Venomous_Snake,0.9916165471076965,Non_Venomous_Snake,0.00822980236262083,0.9833867447450757,NO,YES,YES,HIGH,NO,0.9715120196342468,0.02846653014421463,0.9430454894900322,0.9916165471076965,0.00822980236262083,0.9833867447450757,0.020104527473449707,-0.0202367277815938,Venomous_Snake -> Venomous_Snake
test/Venomous_Snake/arabic-saw-scaled-viper-palestine-saw-scaled-viper-echis-coloratus-EBN3EW.jpg,Venomous_Snake,Venomous_Snake,0.9727939963340759,Non_Venomous_Snake,0.02711739018559456,0.9456766061484814,Venomous_Snake,0.9945933222770691,Non_Venomous_Snake,0.005361085757613182,0.9892322365194559,NO,YES,YES,HIGH,NO,0.9727939963340759,0.02711739018559456,0.9456766061484814,0.9945933222770691,0.005361085757613182,0.9892322365194559,0.021799325942993164,-0.021756304427981377,Venomous_Snake -> Venomous_Snake
test/Venomous_Snake/b447c6b7f0714cb8487330d3487a86c1--colorful-snakes-the-saw.jpg,Venomous_Snake,Venomous_Snake,0.9999432563781738,Non_Venomous_Snake,5.644557313644327e-05,0.9998868108050374,Venomous_Snake,0.9999994039535522,Non_Venomous_Snake,4.924251015836489e-07,0.9999989115284507,NO,YES,YES,HIGH,NO,0.9999432563781738,5.644557313644327e-05,0.9998868108050374,0.9999994039535522,4.924251015836489e-07,0.9999989115284507,5.614757537841797e-05,-5.595314803485962e-05,Venomous_Snake -> Venomous_Snake
test/Venomous_Snake/bigfour-venomics-blog-7.jpg,Venomous_Snake,Venomous_Snake,0.9986044764518738,Non_Venomous_Snake,0.001395546947605908,0.9972089295042679,Venomous_Snake,0.9997369647026062,Non_Venomous_Snake,0.00026303259073756635,0.9994739321118686,NO,YES,YES,HIGH,NO,0.9986044764518738,0.001395546947605908,0.9972089295042679,0.9997369647026062,0.00026303259073756635,0.9994739321118686,0.0011324882507324219,-0.0011325143568683416,Venomous_Snake -> Venomous_Snake
test/Venomous_Snake/ca58c07171fe7897f737fb00ac7ed33e.jpg,Venomous_Snake,Venomous_Snake,0.9996107220649719,Non_Venomous_Snake,0.00038889996358193457,0.99922182210139,Venomous_Snake,0.9999890327453613,Non_Venomous_Snake,1.0977468264172785e-05,0.9999780552770972,NO,YES,YES,HIGH,NO,0.9996107220649719,0.00038889996358193457,0.99922182210139,0.9999890327453613,1.0977468264172785e-05,0.9999780552770972,0.0003783106803894043,-0.0003779224953177618,Venomous_Snake -> Venomous_Snake
test/Venomous_Snake/carpet_viper_2.jpg,Venomous_Snake,Venomous_Snake,0.9947899580001831,Non_Venomous_Snake,0.005182675551623106,0.98960728244856,Venomous_Snake,0.9999067783355713,Non_Venomous_Snake,9.270804730476812e-05,0.9998140702882665,NO,YES,YES,HIGH,NO,0.9947899580001831,0.005182675551623106,0.98960728244856,0.9999067783355713,9.270804730476812e-05,0.9998140702882665,0.005116820335388184,-0.005089967504318338,Venomous_Snake -> Venomous_Snake
test/Venomous_Snake/ce2f4d7322c5e71302a9ce29bf3b74f5.jpg,Venomous_Snake,Non_Venomous_Snake,0.9937346577644348,Venomous_Snake,0.006262183655053377,0.9874724741093814,Non_Venomous_Snake,0.5631054043769836,Venomous_Snake,0.43683263659477234,0.1262727677822113,NO,NO,NO,LOW,YES,0.006262183655053377,0.9937346577644348,-0.9874724741093814,0.43683263659477234,0.5631054043769836,-0.1262727677822113,0.43057045293971896,-0.43062925338745117,Non_Venomous_Snake -> Non_Venomous_Snake
test/Venomous_Snake/coiled-sind-saw-scaled-viper.jpg,Venomous_Snake,Venomous_Snake,0.999271810054779,Non_Venomous_Snake,0.000726595870219171,0.9985452141845599,Venomous_Snake,0.9998794794082642,Non_Venomous_Snake,0.00011959869880229235,0.9997598807094619,NO,YES,YES,HIGH,NO,0.999271810054779,0.000726595870219171,0.9985452141845599,0.9998794794082642,0.00011959869880229235,0.9997598807094619,0.0006076693534851074,-0.0006069971714168787,Venomous_Snake -> Venomous_Snake
test/Venomous_Snake/deadliest-world-Echis_carinatus.jpg,Venomous_Snake,Venomous_Snake,0.9928774237632751,Non_Venomous_Snake,0.007122330367565155,0.98575509339571,Venomous_Snake,0.9991161227226257,Non_Venomous_Snake,0.0008837864734232426,0.9982323362492025,NO,YES,YES,HIGH,NO,0.9928774237632751,0.007122330367565155,0.98575509339571,0.9991161227226257,0.0008837864734232426,0.9982323362492025,0.006238698959350586,-0.0062385438941419125,Venomous_Snake -> Venomous_Snake
test/Venomous_Snake/dsc_5371_720.jpg,Venomous_Snake,Venomous_Snake,0.9989773035049438,Non_Venomous_Snake,0.0010061225621029735,0.9979711809428409,Venomous_Snake,0.9996867179870605,Non_Venomous_Snake,0.00030675801099278033,0.9993799599760678,NO,YES,YES,HIGH,NO,0.9989773035049438,0.0010061225621029735,0.9979711809428409,0.9996867179870605,0.00030675801099278033,0.9993799599760678,0.0007094144821166992,-0.0006993645511101931,Venomous_Snake -> Venomous_Snake
