image_path,relative_path,filename,parent_class,species,sha256,width,height,repository_source,repository_provenance,repository_license,individual_image_rights,training_reuse_rights,exact_duplicate,exact_duplicate_match,near_duplicate_status,near_duplicate_match,near_duplicate_score,frozen_test_leakage_status,frozen_test_match,label_status,quality_status,technical_status,manual_review_required,exclusion_reason,notes,auto_resolution_source,auto_decision
C:\Users\yesam\Desktop\anviksa_ai\new_training_data\snake_images\Indian-Snakes-Dataset-master\Non-Venomous\Banded Racer\snake.JPG,Non-Venomous/Banded Racer/snake.JPG,snake.JPG,Non-Venomous,Banded Racer,ca5836096e419b5ccebfa0aa51da86ede858e5ac42f6a22e9914b1e94546fae2,1600,987,https://github.com/arjun921/Indian-Snakes-Dataset,VERIFIED,MIT,UNCLEAR,REVIEW_REQUIRED,False,,NOT_DUPLICATE,,,NOT_TEST_LEAKAGE,,DIRECTORY_LABEL_PRESERVED,BASIC_QUALITY_PASS,TECHNICALLY_ELIGIBLE_RIGHTS_UNCLEAR,False,,"Readable, technically unique, leakage-safe, and without unresolved label/quality conflict; technical status does not establish training/reuse rights",ORIGINAL_TECHNICALLY_ELIGIBLE,NOT_APPLICABLE
C:\Users\yesam\Desktop\anviksa_ai\new_training_data\snake_images\Indian-Snakes-Dataset-master\Non-Venomous\Banded Racer\wildclicks.jpg,Non-Venomous/Banded Racer/wildclicks.jpg,wildclicks.jpg,Non-Venomous,Banded Racer,0d37a30940448166f5defd42cd5b9d4a9e895c04c05b7fd646c613c989f3a56c,620,407,https://github.com/arjun921/Indian-Snakes-Dataset,VERIFIED,MIT,UNCLEAR,REVIEW_REQUIRED,False,,NOT_DUPLICATE,,,NOT_TEST_LEAKAGE,,DIRECTORY_LABEL_PRESERVED,BASIC_QUALITY_PASS,TECHNICALLY_ELIGIBLE_RIGHTS_UNCLEAR,False,,"Readable, technically unique, leakage-safe, and without unresolved label/quality conflict; technical status does not establish training/reuse rights",ORIGINAL_TECHNICALLY_ELIGIBLE,NOT_APPLICABLE
C:\Users\yesam\Desktop\anviksa_ai\new_training_data\snake_images\Indian-Snakes-Dataset-master\Non-Venomous\Checkered Keelback\03.jpg,Non-Venomous/Checkered Keelback/03.jpg,03.jpg,Non-Venomous,Checkered Keelback,8f69826f9b701e7647172d55b60050326a3b01d62f5a9f6406b3cd9f049ad0fa,640,432,https://github.com/arjun921/Indian-Snakes-Dataset,VERIFIED,MIT,UNCLEAR,REVIEW_REQUIRED,False,,NOT_DUPLICATE,,,NOT_TEST_LEAKAGE,,DIRECTORY_LABEL_PRESERVED,BASIC_QUALITY_PASS,TECHNICALLY_ELIGIBLE_RIGHTS_UNCLEAR,False,,"Readable, technically unique, leakage-safe, and without unresolved label/quality conflict; technical status does not establish training/reuse rights",ORIGINAL_TECHNICALLY_ELIGIBLE,NOT_APPLICABLE
C:\Users\yesam\Desktop\anviksa_ai\new_training_data\snake_images\Indian-Snakes-Dataset-master\Non-Venomous\Checkered Keelback\14587184738_dc5b7b3054_b.jpg,Non-Venomous/Checkered Keelback/14587184738_dc5b7b3054_b.jpg,14587184738_dc5b7b3054_b.jpg,Non-Venomous,Checkered Keelback,7c845fe9f2de9977afd3b5e0473106629130e2d1c7a6e6df6ae45fa7bd47017c,1024,683,https://github.com/arjun921/Indian-Snakes-Dataset,VERIFIED,MIT,UNCLEAR,REVIEW_REQUIRED,False,,NOT_DUPLICATE,,,NOT_TEST_LEAKAGE,,DIRECTORY_LABEL_PRESERVED,BASIC_QUALITY_PASS,TECHNICALLY_ELIGIBLE_RIGHTS_UNCLEAR,False,,"Readable, technically unique, leakage-safe, and without unresolved label/quality conflict; technical status does not establish training/reuse rights",ORIGINAL_TECHNICALLY_ELIGIBLE,NOT_APPLICABLE
C:\Users\yesam\Desktop\anviksa_ai\new_training_data\snake_images\Indian-Snakes-Dataset-master\Non-Venomous\Checkered Keelback\1474640693Checkered Keelback ( Samanya dhoria sanp).JPG,Non-Venomous/Checkered Keelback/1474640693Checkered Keelback ( Samanya dhoria sanp).JPG,1474640693Checkered Keelback ( Samanya dhoria sanp).JPG,Non-Venomous,Checkered Keelback,eb781c82081c282b59871b13ae8453ed6c8099954670bc86e9350c2ae65d6a36,600,397,https://github.com/arjun921/Indian-Snakes-Dataset,VERIFIED,MIT,UNCLEAR,REVIEW_REQUIRED,False,,NOT_DUPLICATE,,,NOT_TEST_LEAKAGE,,DIRECTORY_LABEL_PRESERVED,BASIC_QUALITY_PASS,TECHNICALLY_ELIGIBLE_RIGHTS_UNCLEAR,False,,"Readable, technically unique, leakage-safe, and without unresolved label/quality conflict; technical status does not establish training/reuse rights",ORIGINAL_TECHNICALLY_ELIGIBLE,NOT_APPLICABLE
C:\Users\yesam\Desktop\anviksa_ai\new_training_data\snake_images\Indian-Snakes-Dataset-master\Non-Venomous\Checkered Keelback\20390939692_0c4df08d01_k.jpg,Non-Venomous/Checkered Keelback/20390939692_0c4df08d01_k.jpg,20390939692_0c4df08d01_k.jpg,Non-Venomous,Checkered Keelback,d905fd226926f4b1c7ee4502b052f4c27a385d6674610231bef1041a302bdce9,2048,1365,https://github.com/arjun921/Indian-Snakes-Dataset,VERIFIED,MIT,UNCLEAR,REVIEW_REQUIRED,False,,NOT_DUPLICATE,,,NOT_TEST_LEAKAGE,,DIRECTORY_LABEL_PRESERVED,BASIC_QUALITY_PASS,TECHNICALLY_ELIGIBLE_RIGHTS_UNCLEAR,False,,"Readable, technically unique, leakage-safe, and without unresolved label/quality conflict; technical status does not establish training/reuse rights",ORIGINAL_TECHNICALLY_ELIGIBLE,NOT_APPLICABLE
C:\Users\yesam\Desktop\anviksa_ai\new_training_data\snake_images\Indian-Snakes-Dataset-master\Non-Venomous\Checkered Keelback\233_s.jpg,Non-Venomous/Checkered Keelback/233_s.jpg,233_s.jpg,Non-Venomous,Checkered Keelback,090723c19f1eea3bcddbced85c18606995fd0429e654b2eeea1bd53a99f14ff9,1201,800,https://github.com/arjun921/Indian-Snakes-Dataset,VERIFIED,MIT,UNCLEAR,REVIEW_REQUIRED,False,,NOT_DUPLICATE,,,NOT_TEST_LEAKAGE,,DIRECTORY_LABEL_PRESERVED,BASIC_QUALITY_PASS,TECHNICALLY_ELIGIBLE_RIGHTS_UNCLEAR,False,,"Readable, technically unique, leakage-safe, and without unresolved label/quality conflict; technical status does not establish training/reuse rights",ORIGINAL_TECHNICALLY_ELIGIBLE,NOT_APPLICABLE
C:\Users\yesam\Desktop\anviksa_ai\new_training_data\snake_images\Indian-Snakes-Dataset-master\Non-Venomous\Checkered Keelback\483d1b4810b93241b433267681151497--snakes-animals.jpg,Non-Venomous/Checkered Keelback/483d1b4810b93241b433267681151497--snakes-animals.jpg,483d1b4810b93241b433267681151497--snakes-animals.jpg,Non-Venomous,Checkered Keelback,5ad014bdd9267a7f85acf8c068130f503088f59a7e0220ce25c07a92c44b123b,736,551,https://github.com/arjun921/Indian-Snakes-Dataset,VERIFIED,MIT,UNCLEAR,REVIEW_REQUIRED,False,,NOT_DUPLICATE,,,NOT_TEST_LEAKAGE,,DIRECTORY_LABEL_PRESERVED,BASIC_QUALITY_PASS,TECHNICALLY_ELIGIBLE_RIGHTS_UNCLEAR,False,,"Readable, technically unique, leakage-safe, and without unresolved label/quality conflict; technical status does not establish training/reuse rights",ORIGINAL_TECHNICALLY_ELIGIBLE,NOT_APPLICABLE
C:\Users\yesam\Desktop\anviksa_ai\new_training_data\snake_images\Indian-Snakes-Dataset-master\Non-Venomous\Checkered Keelback\6069690177_f5cd0dbe69_o.jpg,Non-Venomous/Checkered Keelback/6069690177_f5cd0dbe69_o.jpg,6069690177_f5cd0dbe69_o.jpg,Non-Venomous,Checkered Keelback,5aba4240384c6959dbfb8980ccf8225a44da5052e113fd38465932d06514cef4,800,533,https://github.com/arjun921/Indian-Snakes-Dataset,VERIFIED,MIT,UNCLEAR,REVIEW_REQUIRED,False,,NOT_DUPLICATE,,,NOT_TEST_LEAKAGE,,DIRECTORY_LABEL_PRESERVED,BASIC_QUALITY_PASS,TECHNICALLY_ELIGIBLE_RIGHTS_UNCLEAR,False,,"Readable, technically unique, leakage-safe, and without unresolved label/quality conflict; technical status does not establish training/reuse rights",ORIGINAL_TECHNICALLY_ELIGIBLE,NOT_APPLICABLE
C:\Users\yesam\Desktop\anviksa_ai\new_training_data\snake_images\Indian-Snakes-Dataset-master\Non-Venomous\Checkered Keelback\7170810054_1373b1b24f_b.jpg,Non-Venomous/Checkered Keelback/7170810054_1373b1b24f_b.jpg,7170810054_1373b1b24f_b.jpg,Non-Venomous,Checkered Keelback,b7945cfae0931f10626a060f7a79d3cac37c1d36c5a8bc9227df01b77929f523,1024,547,https://github.com/arjun921/Indian-Snakes-Dataset,VERIFIED,MIT,UNCLEAR,REVIEW_REQUIRED,False,,NOT_DUPLICATE,,,NOT_TEST_LEAKAGE,,DIRECTORY_LABEL_PRESERVED,BASIC_QUALITY_PASS,TECHNICALLY_ELIGIBLE_RIGHTS_UNCLEAR,False,,"Readable, technically unique, leakage-safe, and without unresolved label/quality conflict; technical status does not establish training/reuse rights",ORIGINAL_TECHNICALLY_ELIGIBLE,NOT_APPLICABLE
C:\Users\yesam\Desktop\anviksa_ai\new_training_data\snake_images\Indian-Snakes-Dataset-master\Non-Venomous\Checkered Keelback\7170812976_3a35bbdba2_b.jpg,Non-Venomous/Checkered Keelback/7170812976_3a35bbdba2_b.jpg,7170812976_3a35bbdba2_b.jpg,Non-Venomous,Checkered Keelback,c3dd6883ebf9eddcb2ca19acd2cef98d8e0f5c05bf367a13a0498210efa2653d,1024,717,https://github.com/arjun921/Indian-Snakes-Dataset,VERIFIED,MIT,UNCLEAR,REVIEW_REQUIRED,False,,NOT_DUPLICATE,,,NOT_TEST_LEAKAGE,,DIRECTORY_LABEL_PRESERVED,BASIC_QUALITY_PASS,TECHNICALLY_ELIGIBLE_RIGHTS_UNCLEAR,False,,"Readable, technically unique, leakage-safe, and without unresolved label/quality conflict; technical status does not establish training/reuse rights",ORIGINAL_TECHNICALLY_ELIGIBLE,NOT_APPLICABLE
C:\Users\yesam\Desktop\anviksa_ai\new_training_data\snake_images\Indian-Snakes-Dataset-master\Non-Venomous\Checkered Keelback\checkered-keel-back-water-snake-xenochropis-piscator-et0cmb.jpg,Non-Venomous/Checkered Keelback/checkered-keel-back-water-snake-xenochropis-piscator-et0cmb.jpg,checkered-keel-back-water-snake-xenochropis-piscator-et0cmb.jpg,Non-Venomous,Checkered Keelback,1b6cd4ba45aba541bcda4199473d0ca99532e25d60d63f18aeba2edbdccaf82c,640,447,https://github.com/arjun921/Indian-Snakes-Dataset,VERIFIED,MIT,UNCLEAR,REVIEW_REQUIRED,False,,NOT_DUPLICATE,,,NOT_TEST_LEAKAGE,,DIRECTORY_LABEL_PRESERVED,BASIC_QUALITY_PASS,TECHNICALLY_ELIGIBLE_RIGHTS_UNCLEAR,False,,"Readable, technically unique, leakage-safe, and without unresolved label/quality conflict; technical status does not establish training/reuse rights",ORIGINAL_TECHNICALLY_ELIGIBLE,NOT_APPLICABLE
C:\Users\yesam\Desktop\anviksa_ai\new_training_data\snake_images\Indian-Snakes-Dataset-master\Non-Venomous\Checkered Keelback\Checkered-Keelback-.jpg,Non-Venomous/Checkered Keelback/Checkered-Keelback-.jpg,Checkered-Keelback-.jpg,Non-Venomous,Checkered Keelback,b24d9dc41cef25b7732591f7b1c2f6e9e1b123647bed023fb261f34c713f5f05,960,640,https://github.com/arjun921/Indian-Snakes-Dataset,VERIFIED,MIT,UNCLEAR,REVIEW_REQUIRED,False,,NOT_DUPLICATE,,,NOT_TEST_LEAKAGE,,DIRECTORY_LABEL_PRESERVED,BASIC_QUALITY_PASS,TECHNICALLY_ELIGIBLE_RIGHTS_UNCLEAR,False,,"Readable, technically unique, leakage-safe, and without unresolved label/quality conflict; technical status does not establish training/reuse rights",ORIGINAL_TECHNICALLY_ELIGIBLE,NOT_APPLICABLE
C:\Users\yesam\Desktop\anviksa_ai\new_training_data\snake_images\Indian-Snakes-Dataset-master\Non-Venomous\Checkered Keelback\Checkered-Keelback-1.jpg,Non-Venomous/Checkered Keelback/Checkered-Keelback-1.jpg,Checkered-Keelback-1.jpg,Non-Venomous,Checkered Keelback,43e377ff05e2fd2b607d5f0928a1baa2ce0969c7c60cb75b206ffd2b24f5daa1,640,480,https://github.com/arjun921/Indian-Snakes-Dataset,VERIFIED,MIT,UNCLEAR,REVIEW_REQUIRED,False,,NOT_DUPLICATE,,,NOT_TEST_LEAKAGE,,DIRECTORY_LABEL_PRESERVED,BASIC_QUALITY_PASS,TECHNICALLY_ELIGIBLE_RIGHTS_UNCLEAR,False,,"Readable, technically unique, leakage-safe, and without unresolved label/quality conflict; technical status does not establish training/reuse rights",ORIGINAL_TECHNICALLY_ELIGIBLE,NOT_APPLICABLE
C:\Users\yesam\Desktop\anviksa_ai\new_training_data\snake_images\Indian-Snakes-Dataset-master\Non-Venomous\Checkered Keelback\Checkered-Keelback-2.jpg,Non-Venomous/Checkered Keelback/Checkered-Keelback-2.jpg,Checkered-Keelback-2.jpg,Non-Venomous,Checkered Keelback,6decb1cd01c344de9bf1a274b6bf94fcee0f34ab99976b6ae62a3857e4a63106,640,480,https://github.com/arjun921/Indian-Snakes-Dataset,VERIFIED,MIT,UNCLEAR,REVIEW_REQUIRED,False,,NOT_DUPLICATE,,,NOT_TEST_LEAKAGE,,DIRECTORY_LABEL_PRESERVED,BASIC_QUALITY_PASS,TECHNICALLY_ELIGIBLE_RIGHTS_UNCLEAR,False,,"Readable, technically unique, leakage-safe, and without unresolved label/quality conflict; technical status does not establish training/reuse rights",ORIGINAL_TECHNICALLY_ELIGIBLE,NOT_APPLICABLE
C:\Users\yesam\Desktop\anviksa_ai\new_training_data\snake_images\Indian-Snakes-Dataset-master\Non-Venomous\Checkered Keelback\checkeredkeelback.jpg,Non-Venomous/Checkered Keelback/checkeredkeelback.jpg,checkeredkeelback.jpg,Non-Venomous,Checkered Keelback,b10cc8acf0b7a230ef42da662d8dfdef7434007b863ebd597963246621470e80,621,462,https://github.com/arjun921/Indian-Snakes-Dataset,VERIFIED,MIT,UNCLEAR,REVIEW_REQUIRED,False,,NOT_DUPLICATE,,,NOT_TEST_LEAKAGE,,DIRECTORY_LABEL_PRESERVED,BASIC_QUALITY_PASS,TECHNICALLY_ELIGIBLE_RIGHTS_UNCLEAR,False,,"Readable, technically unique, leakage-safe, and without unresolved label/quality conflict; technical status does not establish training/reuse rights",ORIGINAL_TECHNICALLY_ELIGIBLE,NOT_APPLICABLE
C:\Users\yesam\Desktop\anviksa_ai\new_training_data\snake_images\Indian-Snakes-Dataset-master\Non-Venomous\Checkered Keelback\ckb full3.jpg,Non-Venomous/Checkered Keelback/ckb full3.jpg,ckb full3.jpg,Non-Venomous,Checkered Keelback,ab31acd1d76f7fe33a408f233f92e9842ead625b5f302b3ee5433cac44492410,1024,505,https://github.com/arjun921/Indian-Snakes-Dataset,VERIFIED,MIT,UNCLEAR,REVIEW_REQUIRED,False,,NOT_DUPLICATE,,,NOT_TEST_LEAKAGE,,DIRECTORY_LABEL_PRESERVED,BASIC_QUALITY_PASS,TECHNICALLY_ELIGIBLE_RIGHTS_UNCLEAR,False,,"Readable, technically unique, leakage-safe, and without unresolved label/quality conflict; technical status does not establish training/reuse rights",ORIGINAL_TECHNICALLY_ELIGIBLE,NOT_APPLICABLE
C:\Users\yesam\Desktop\anviksa_ai\new_training_data\snake_images\Indian-Snakes-Dataset-master\Non-Venomous\Checkered Keelback\entomology-ornithology-herpetology-Xenochorpis-piscator-4-136-g003.png,Non-Venomous/Checkered Keelback/entomology-ornithology-herpetology-Xenochorpis-piscator-4-136-g003.png,entomology-ornithology-herpetology-Xenochorpis-piscator-4-136-g003.png,Non-Venomous,Checkered Keelback,050aab68d028951564180538b0cf5044841078ce96179bcb73bb9edbda7eef1e,477,355,https://github.com/arjun921/Indian-Snakes-Dataset,VERIFIED,MIT,UNCLEAR,REVIEW_REQUIRED,False,,NOT_DUPLICATE,,,NOT_TEST_LEAKAGE,,DIRECTORY_LABEL_PRESERVED,BASIC_QUALITY_PASS,TECHNICALLY_ELIGIBLE_RIGHTS_UNCLEAR,False,,"Readable, technically unique, leakage-safe, and without unresolved label/quality conflict; technical status does not establish training/reuse rights",ORIGINAL_TECHNICALLY_ELIGIBLE,NOT_APPLICABLE
C:\Users\yesam\Desktop\anviksa_ai\new_training_data\snake_images\Indian-Snakes-Dataset-master\Non-Venomous\Checkered Keelback\hqdefault_002.jpg,Non-Venomous/Checkered Keelback/hqdefault_002.jpg,hqdefault_002.jpg,Non-Venomous,Checkered Keelback,9c6faac6dc2bed67fdc696c80e0bca2d8e06d04139d1963826ca0d4f6b6c91f9,480,360,https://github.com/arjun921/Indian-Snakes-Dataset,VERIFIED,MIT,UNCLEAR,REVIEW_REQUIRED,False,,NOT_DUPLICATE,,,NOT_TEST_LEAKAGE,,DIRECTORY_LABEL_PRESERVED,BASIC_QUALITY_PASS,TECHNICALLY_ELIGIBLE_RIGHTS_UNCLEAR,False,,"Readable, technically unique, leakage-safe, and without unresolved label/quality conflict; technical status does not establish training/reuse rights",ORIGINAL_TECHNICALLY_ELIGIBLE,NOT_APPLICABLE
C:\Users\yesam\Desktop\anviksa_ai\new_training_data\snake_images\Indian-Snakes-Dataset-master\Non-Venomous\Checkered Keelback\hqdefault_005.jpg,Non-Venomous/Checkered Keelback/hqdefault_005.jpg,hqdefault_005.jpg,Non-Venomous,Checkered Keelback,50fef1055e0a0592697016bf8bc2b14f563f79e105f5de33ae9a7f4e6f82c0f9,480,360,https://github.com/arjun921/Indian-Snakes-Dataset,VERIFIED,MIT,UNCLEAR,REVIEW_REQUIRED,False,,NOT_DUPLICATE,,,NOT_TEST_LEAKAGE,,DIRECTORY_LABEL_PRESERVED,BASIC_QUALITY_PASS,TECHNICALLY_ELIGIBLE_RIGHTS_UNCLEAR,False,,"Readable, technically unique, leakage-safe, and without unresolved label/quality conflict; technical status does not establish training/reuse rights",ORIGINAL_TECHNICALLY_ELIGIBLE,NOT_APPLICABLE
C:\Users\yesam\Desktop\anviksa_ai\new_training_data\snake_images\Indian-Snakes-Dataset-master\Non-Venomous\Checkered Keelback\maxresdefault.jpg,Non-Venomous/Checkered Keelback/maxresdefault.jpg,maxresdefault.jpg,Non-Venomous,Checkered Keelback,2ab826651b52572d606d44f397fa03f3c17ff45f1342463b74e1f2aaa0d01f49,697,1014,https://github.com/arjun921/Indian-Snakes-Dataset,VERIFIED,MIT,UNCLEAR,REVIEW_REQUIRED,False,,NOT_DUPLICATE,,,NOT_TEST_LEAKAGE,,DIRECTORY_LABEL_PRESERVED,BASIC_QUALITY_PASS,TECHNICALLY_ELIGIBLE_RIGHTS_UNCLEAR,False,,"Readable, technically unique, leakage-safe, and without unresolved label/quality conflict; technical status does not establish training/reuse rights",ORIGINAL_TECHNICALLY_ELIGIBLE,NOT_APPLICABLE
C:\Users\yesam\Desktop\anviksa_ai\new_training_data\snake_images\Indian-Snakes-Dataset-master\Non-Venomous\Checkered Keelback\red-necked-keelback-800x600.jpg,Non-Venomous/Checkered Keelback/red-necked-keelback-800x600.jpg,red-necked-keelback-800x600.jpg,Non-Venomous,Checkered Keelback,5e46e2bf973d9084f55f7561cde883f46642faab31d58b33d590f2da60f8e941,800,534,https://github.com/arjun921/Indian-Snakes-Dataset,VERIFIED,MIT,UNCLEAR,REVIEW_REQUIRED,False,,NOT_DUPLICATE,,,NOT_TEST_LEAKAGE,,DIRECTORY_LABEL_PRESERVED,BASIC_QUALITY_PASS,TECHNICALLY_ELIGIBLE_RIGHTS_UNCLEAR,False,,"Readable, technically unique, leakage-safe, and without unresolved label/quality conflict; technical status does not establish training/reuse rights",ORIGINAL_TECHNICALLY_ELIGIBLE,NOT_APPLICABLE
C:\Users\yesam\Desktop\anviksa_ai\new_training_data\snake_images\Indian-Snakes-Dataset-master\Non-Venomous\Checkered Keelback\stunningly-beautiful-snake-with-clear-checkered-marks.jpg,Non-Venomous/Checkered Keelback/stunningly-beautiful-snake-with-clear-checkered-marks.jpg,stunningly-beautiful-snake-with-clear-checkered-marks.jpg,Non-Venomous,Checkered Keelback,bd4f8c35b4a6a636ffa376e9198a95666b1249722f863ae5670208f94bc403db,3906,2602,https://github.com/arjun921/Indian-Snakes-Dataset,VERIFIED,MIT,UNCLEAR,REVIEW_REQUIRED,False,,NOT_DUPLICATE,,,NOT_TEST_LEAKAGE,,DIRECTORY_LABEL_PRESERVED,BASIC_QUALITY_PASS,TECHNICALLY_ELIGIBLE_RIGHTS_UNCLEAR,False,,"Readable, technically unique, leakage-safe, and without unresolved label/quality conflict; technical status does not establish training/reuse rights",ORIGINAL_TECHNICALLY_ELIGIBLE,NOT_APPLICABLE
C:\Users\yesam\Desktop\anviksa_ai\new_training_data\snake_images\Indian-Snakes-Dataset-master\Non-Venomous\Common Rat Snake\erat4-id.jpg,Non-Venomous/Common Rat Snake/erat4-id.jpg,erat4-id.jpg,Non-Venomous,Common Rat Snake,188f753ca5fe12f01009d5369a193c84b4e87b8d9ea011c9dec22770e4342131,773,504,https://github.com/arjun921/Indian-Snakes-Dataset,VERIFIED,MIT,UNCLEAR,REVIEW_REQUIRED,False,,NOT_DUPLICATE,,,NOT_TEST_LEAKAGE,,DIRECTORY_LABEL_PRESERVED,BASIC_QUALITY_PASS,TECHNICALLY_ELIGIBLE_RIGHTS_UNCLEAR,False,,"Readable, technically unique, leakage-safe, and without unresolved label/quality conflict; technical status does not establish training/reuse rights",ORIGINAL_TECHNICALLY_ELIGIBLE,NOT_APPLICABLE
C:\Users\yesam\Desktop\anviksa_ai\new_training_data\snake_images\Indian-Snakes-Dataset-master\Non-Venomous\Common Rat Snake\gray-rat-snake-blending-sugar-sand-33013422.jpg,Non-Venomous/Common Rat Snake/gray-rat-snake-blending-sugar-sand-33013422.jpg,gray-rat-snake-blending-sugar-sand-33013422.jpg,Non-Venomous,Common Rat Snake,73c46996153de45fd26e772da0cdc29ea0f8f3f972c94a44be86d888684450fd,1300,957,https://github.com/arjun921/Indian-Snakes-Dataset,VERIFIED,MIT,UNCLEAR,REVIEW_REQUIRED,False,,NOT_DUPLICATE,,,NOT_TEST_LEAKAGE,,DIRECTORY_LABEL_PRESERVED,BASIC_QUALITY_PASS,TECHNICALLY_ELIGIBLE_RIGHTS_UNCLEAR,False,,"Readable, technically unique, leakage-safe, and without unresolved label/quality conflict; technical status does not establish training/reuse rights",ORIGINAL_TECHNICALLY_ELIGIBLE,NOT_APPLICABLE
C:\Users\yesam\Desktop\anviksa_ai\new_training_data\snake_images\Indian-Snakes-Dataset-master\Non-Venomous\Common Rat Snake\Gray_Ratsnake_25.jpg,Non-Venomous/Common Rat Snake/Gray_Ratsnake_25.jpg,Gray_Ratsnake_25.jpg,Non-Venomous,Common Rat Snake,e05ccc91fe48230dba476eaf476a7509c2e6c9766d9c4f5ce0b1b26759c15f2d,1200,1800,https://github.com/arjun921/Indian-Snakes-Dataset,VERIFIED,MIT,UNCLEAR,REVIEW_REQUIRED,False,,NOT_DUPLICATE,,,NOT_TEST_LEAKAGE,,DIRECTORY_LABEL_PRESERVED,BASIC_QUALITY_PASS,TECHNICALLY_ELIGIBLE_RIGHTS_UNCLEAR,False,,"Readable, technically unique, leakage-safe, and without unresolved label/quality conflict; technical status does not establish training/reuse rights",ORIGINAL_TECHNICALLY_ELIGIBLE,NOT_APPLICABLE
C:\Users\yesam\Desktop\anviksa_ai\new_training_data\snake_images\Indian-Snakes-Dataset-master\Non-Venomous\Common Rat Snake\grayrat2.jpg,Non-Venomous/Common Rat Snake/grayrat2.jpg,grayrat2.jpg,Non-Venomous,Common Rat Snake,49657147b91b2ce8cfd41f1da5301debf3cfe3796ba3da131031859a177b72b8,450,323,https://github.com/arjun921/Indian-Snakes-Dataset,VERIFIED,MIT,UNCLEAR,REVIEW_REQUIRED,False,,NOT_DUPLICATE,,,NOT_TEST_LEAKAGE,,DIRECTORY_LABEL_PRESERVED,BASIC_QUALITY_PASS,TECHNICALLY_ELIGIBLE_RIGHTS_UNCLEAR,False,,"Readable, technically unique, leakage-safe, and without unresolved label/quality conflict; technical status does not establish training/reuse rights",ORIGINAL_TECHNICALLY_ELIGIBLE,NOT_APPLICABLE
C:\Users\yesam\Desktop\anviksa_ai\new_training_data\snake_images\Indian-Snakes-Dataset-master\Non-Venomous\Common Rat Snake\great-plains-rat-snake.jpg,Non-Venomous/Common Rat Snake/great-plains-rat-snake.jpg,great-plains-rat-snake.jpg,Non-Venomous,Common Rat Snake,4f7adb345354e75ddcdd15b6981d4767e43c831303dcce07d7269c9f42ee7f7c,650,430,https://github.com/arjun921/Indian-Snakes-Dataset,VERIFIED,MIT,UNCLEAR,REVIEW_REQUIRED,False,,NOT_DUPLICATE,,,NOT_TEST_LEAKAGE,,DIRECTORY_LABEL_PRESERVED,BASIC_QUALITY_PASS,TECHNICALLY_ELIGIBLE_RIGHTS_UNCLEAR,False,,"Readable, technically unique, leakage-safe, and without unresolved label/quality conflict; technical status does not establish training/reuse rights",ORIGINAL_TECHNICALLY_ELIGIBLE,NOT_APPLICABLE
C:\Users\yesam\Desktop\anviksa_ai\new_training_data\snake_images\Indian-Snakes-Dataset-master\Non-Venomous\Common Rat Snake\IMG_7256-2.jpg,Non-Venomous/Common Rat Snake/IMG_7256-2.jpg,IMG_7256-2.jpg,Non-Venomous,Common Rat Snake,b7daafa3ef9c97e662adcacd00e8c109c25ecb25556f01ec2106b445853416ee,2822,2033,https://github.com/arjun921/Indian-Snakes-Dataset,VERIFIED,MIT,UNCLEAR,REVIEW_REQUIRED,False,,NOT_DUPLICATE,,,NOT_TEST_LEAKAGE,,DIRECTORY_LABEL_PRESERVED,BASIC_QUALITY_PASS,TECHNICALLY_ELIGIBLE_RIGHTS_UNCLEAR,False,,"Readable, technically unique, leakage-safe, and without unresolved label/quality conflict; technical status does not establish training/reuse rights",ORIGINAL_TECHNICALLY_ELIGIBLE,NOT_APPLICABLE
C:\Users\yesam\Desktop\anviksa_ai\new_training_data\snake_images\Indian-Snakes-Dataset-master\Non-Venomous\Common Rat Snake\indian-rat-snake-ptyas-mucosa-rolled-up-on-a-root-sri-lanka-sinharaja-EBNR90.jpg,Non-Venomous/Common Rat Snake/indian-rat-snake-ptyas-mucosa-rolled-up-on-a-root-sri-lanka-sinharaja-EBNR90.jpg,indian-rat-snake-ptyas-mucosa-rolled-up-on-a-root-sri-lanka-sinharaja-EBNR90.jpg,Non-Venomous,Common Rat Snake,a7cba351f8d41594247984fd69521d02575918ccac4290f6816853ae47667c8f,1300,955,https://github.com/arjun921/Indian-Snakes-Dataset,VERIFIED,MIT,UNCLEAR,REVIEW_REQUIRED,False,,NOT_DUPLICATE,,,NOT_TEST_LEAKAGE,,DIRECTORY_LABEL_PRESERVED,BASIC_QUALITY_PASS,TECHNICALLY_ELIGIBLE_RIGHTS_UNCLEAR,False,,"Readable, technically unique, leakage-safe, and without unresolved label/quality conflict; technical status does not establish training/reuse rights",ORIGINAL_TECHNICALLY_ELIGIBLE,NOT_APPLICABLE
C:\Users\yesam\Desktop\anviksa_ai\new_training_data\snake_images\Indian-Snakes-Dataset-master\Non-Venomous\Common Rat Snake\indianratsnake.jpg,Non-Venomous/Common Rat Snake/indianratsnake.jpg,indianratsnake.jpg,Non-Venomous,Common Rat Snake,2d1d5855b2c7c4a677b848813f10b1750df57db7201be41baaffb51c1022ffec,621,463,https://github.com/arjun921/Indian-Snakes-Dataset,VERIFIED,MIT,UNCLEAR,REVIEW_REQUIRED,False,,NOT_DUPLICATE,,,NOT_TEST_LEAKAGE,,DIRECTORY_LABEL_PRESERVED,BASIC_QUALITY_PASS,TECHNICALLY_ELIGIBLE_RIGHTS_UNCLEAR,False,,"Readable, technically unique, leakage-safe, and without unresolved label/quality conflict; technical status does not establish training/reuse rights",ORIGINAL_TECHNICALLY_ELIGIBLE,NOT_APPLICABLE
C:\Users\yesam\Desktop\anviksa_ai\new_training_data\snake_images\Indian-Snakes-Dataset-master\Non-Venomous\Common Rat Snake\indo-chinese-rat-snake-ptyas-korros-non-venomous-common-arunachal-A0BB61.jpg,Non-Venomous/Common Rat Snake/indo-chinese-rat-snake-ptyas-korros-non-venomous-common-arunachal-A0BB61.jpg,indo-chinese-rat-snake-ptyas-korros-non-venomous-common-arunachal-A0BB61.jpg,Non-Venomous,Common Rat Snake,5b82d2aabc724b4e754fbdaaa2060df8acb512ddeeae14b8256a2ba9518c3a43,1300,953,https://github.com/arjun921/Indian-Snakes-Dataset,VERIFIED,MIT,UNCLEAR,REVIEW_REQUIRED,False,,NOT_DUPLICATE,,,NOT_TEST_LEAKAGE,,DIRECTORY_LABEL_PRESERVED,BASIC_QUALITY_PASS,TECHNICALLY_ELIGIBLE_RIGHTS_UNCLEAR,False,,"Readable, technically unique, leakage-safe, and without unresolved label/quality conflict; technical status does not establish training/reuse rights",ORIGINAL_TECHNICALLY_ELIGIBLE,NOT_APPLICABLE
C:\Users\yesam\Desktop\anviksa_ai\new_training_data\snake_images\Indian-Snakes-Dataset-master\Non-Venomous\Common Rat Snake\indochinese-rat-snake-nick-baker-malaysia.jpg,Non-Venomous/Common Rat Snake/indochinese-rat-snake-nick-baker-malaysia.jpg,indochinese-rat-snake-nick-baker-malaysia.jpg,Non-Venomous,Common Rat Snake,2bd40e65d622e12a2371b5a0283b00904ca7677dff9deca4c7f740b376b64bae,600,400,https://github.com/arjun921/Indian-Snakes-Dataset,VERIFIED,MIT,UNCLEAR,REVIEW_REQUIRED,False,,NOT_DUPLICATE,,,NOT_TEST_LEAKAGE,,DIRECTORY_LABEL_PRESERVED,BASIC_QUALITY_PASS,TECHNICALLY_ELIGIBLE_RIGHTS_UNCLEAR,False,,"Readable, technically unique, leakage-safe, and without unresolved label/quality conflict; technical status does not establish training/reuse rights",ORIGINAL_TECHNICALLY_ELIGIBLE,NOT_APPLICABLE
C:\Users\yesam\Desktop\anviksa_ai\new_training_data\snake_images\Indian-Snakes-Dataset-master\Non-Venomous\Common Rat Snake\King-ratsnake.jpg,Non-Venomous/Common Rat Snake/King-ratsnake.jpg,King-ratsnake.jpg,Non-Venomous,Common Rat Snake,a579db131cc2908196bd5163bd55b108d53b2b89d3387d1f6116979cf10f3a71,650,421,https://github.com/arjun921/Indian-Snakes-Dataset,VERIFIED,MIT,UNCLEAR,REVIEW_REQUIRED,False,,NOT_DUPLICATE,,,NOT_TEST_LEAKAGE,,DIRECTORY_LABEL_PRESERVED,BASIC_QUALITY_PASS,TECHNICALLY_ELIGIBLE_RIGHTS_UNCLEAR,False,,"Readable, technically unique, leakage-safe, and without unresolved label/quality conflict; technical status does not establish training/reuse rights",ORIGINAL_TECHNICALLY_ELIGIBLE,NOT_APPLICABLE
C:\Users\yesam\Desktop\anviksa_ai\new_training_data\snake_images\Indian-Snakes-Dataset-master\Non-Venomous\Common Rat Snake\maryland-black-rat-snake-2.jpg,Non-Venomous/Common Rat Snake/maryland-black-rat-snake-2.jpg,maryland-black-rat-snake-2.jpg,Non-Venomous,Common Rat Snake,f3f194c5e63fee217d6cd6837283ab85d4ad5362684f81e3354415b743f4eeae,1936,1936,https://github.com/arjun921/Indian-Snakes-Dataset,VERIFIED,MIT,UNCLEAR,REVIEW_REQUIRED,False,,NOT_DUPLICATE,,,NOT_TEST_LEAKAGE,,DIRECTORY_LABEL_PRESERVED,BASIC_QUALITY_PASS,TECHNICALLY_ELIGIBLE_RIGHTS_UNCLEAR,False,,"Readable, technically unique, leakage-safe, and without unresolved label/quality conflict; technical status does not establish training/reuse rights",ORIGINAL_TECHNICALLY_ELIGIBLE,NOT_APPLICABLE
C:\Users\yesam\Desktop\anviksa_ai\new_training_data\snake_images\Indian-Snakes-Dataset-master\Non-Venomous\Common Rat Snake\Ptyas_mucosus_04.JPG,Non-Venomous/Common Rat Snake/Ptyas_mucosus_04.JPG,Ptyas_mucosus_04.JPG,Non-Venomous,Common Rat Snake,ecf3a889d2ee9b330e662175c9999d84447c8ce4c96ca4825a0d60105531fae8,640,480,https://github.com/arjun921/Indian-Snakes-Dataset,VERIFIED,MIT,UNCLEAR,REVIEW_REQUIRED,False,,NOT_DUPLICATE,,,NOT_TEST_LEAKAGE,,DIRECTORY_LABEL_PRESERVED,BASIC_QUALITY_PASS,TECHNICALLY_ELIGIBLE_RIGHTS_UNCLEAR,False,,"Readable, technically unique, leakage-safe, and without unresolved label/quality conflict; technical status does not establish training/reuse rights",ORIGINAL_TECHNICALLY_ELIGIBLE,NOT_APPLICABLE
C:\Users\yesam\Desktop\anviksa_ai\new_training_data\snake_images\Indian-Snakes-Dataset-master\Non-Venomous\Common Sand Boa\0604.jpeg,Non-Venomous/Common Sand Boa/0604.jpeg,0604.jpeg,Non-Venomous,Common Sand Boa,f5d56a1d6e4c2200911aeaf6f04f367e14d1d459b54bb2739ff3a027d731e112,1024,768,https://github.com/arjun921/Indian-Snakes-Dataset,VERIFIED,MIT,UNCLEAR,REVIEW_REQUIRED,False,,NOT_DUPLICATE,,,NOT_TEST_LEAKAGE,,DIRECTORY_LABEL_PRESERVED,BASIC_QUALITY_PASS,TECHNICALLY_ELIGIBLE_RIGHTS_UNCLEAR,False,,"Readable, technically unique, leakage-safe, and without unresolved label/quality conflict; technical status does not establish training/reuse rights",ORIGINAL_TECHNICALLY_ELIGIBLE,NOT_APPLICABLE
C:\Users\yesam\Desktop\anviksa_ai\new_training_data\snake_images\Indian-Snakes-Dataset-master\Non-Venomous\Common Sand Boa\87.jpg,Non-Venomous/Common Sand Boa/87.jpg,87.jpg,Non-Venomous,Common Sand Boa,4e983cadad74d51c7574a2968a2f0e2fcdd8fb2c611641d691f34091d046d0ec,828,540,https://github.com/arjun921/Indian-Snakes-Dataset,VERIFIED,MIT,UNCLEAR,REVIEW_REQUIRED,False,,NOT_DUPLICATE,,,NOT_TEST_LEAKAGE,,DIRECTORY_LABEL_PRESERVED,BASIC_QUALITY_PASS,TECHNICALLY_ELIGIBLE_RIGHTS_UNCLEAR,False,,"Readable, technically unique, leakage-safe, and without unresolved label/quality conflict; technical status does not establish training/reuse rights",ORIGINAL_TECHNICALLY_ELIGIBLE,NOT_APPLICABLE
C:\Users\yesam\Desktop\anviksa_ai\new_training_data\snake_images\Indian-Snakes-Dataset-master\Non-Venomous\Common Sand Boa\hqdefault.jpg,Non-Venomous/Common Sand Boa/hqdefault.jpg,hqdefault.jpg,Non-Venomous,Common Sand Boa,af274a5881decd805689161d8e74e2eeba7c1870dc3ede7dab96ca2c9f15ee0a,480,360,https://github.com/arjun921/Indian-Snakes-Dataset,VERIFIED,MIT,UNCLEAR,REVIEW_REQUIRED,False,,NOT_DUPLICATE,,,NOT_TEST_LEAKAGE,,DIRECTORY_LABEL_PRESERVED,BASIC_QUALITY_PASS,TECHNICALLY_ELIGIBLE_RIGHTS_UNCLEAR,False,,"Readable, technically unique, leakage-safe, and without unresolved label/quality conflict; technical status does not establish training/reuse rights",ORIGINAL_TECHNICALLY_ELIGIBLE,NOT_APPLICABLE
C:\Users\yesam\Desktop\anviksa_ai\new_training_data\snake_images\Indian-Snakes-Dataset-master\Non-Venomous\Common Sand Boa\img2.jpg,Non-Venomous/Common Sand Boa/img2.jpg,img2.jpg,Non-Venomous,Common Sand Boa,8cb22d8ee00b30efc64c98d61f704bcf499a1388c7cc9d45d2502aeb191b5ae4,601,417,https://github.com/arjun921/Indian-Snakes-Dataset,VERIFIED,MIT,UNCLEAR,REVIEW_REQUIRED,False,,NOT_DUPLICATE,,,NOT_TEST_LEAKAGE,,DIRECTORY_LABEL_PRESERVED,BASIC_QUALITY_PASS,TECHNICALLY_ELIGIBLE_RIGHTS_UNCLEAR,False,,"Readable, technically unique, leakage-safe, and without unresolved label/quality conflict; technical status does not establish training/reuse rights",ORIGINAL_TECHNICALLY_ELIGIBLE,NOT_APPLICABLE
C:\Users\yesam\Desktop\anviksa_ai\new_training_data\snake_images\Indian-Snakes-Dataset-master\Non-Venomous\Common Sand Boa\kenyan-sand-boa-subspecies-loveridgei.jpg,Non-Venomous/Common Sand Boa/kenyan-sand-boa-subspecies-loveridgei.jpg,kenyan-sand-boa-subspecies-loveridgei.jpg,Non-Venomous,Common Sand Boa,cb05000e54dcb6f08c5176535e7c088bb4004802693f6efa19ec734aee33639f,650,433,https://github.com/arjun921/Indian-Snakes-Dataset,VERIFIED,MIT,UNCLEAR,REVIEW_REQUIRED,False,,NOT_DUPLICATE,,,NOT_TEST_LEAKAGE,,DIRECTORY_LABEL_PRESERVED,BASIC_QUALITY_PASS,TECHNICALLY_ELIGIBLE_RIGHTS_UNCLEAR,False,,"Readable, technically unique, leakage-safe, and without unresolved label/quality conflict; technical status does not establish training/reuse rights",ORIGINAL_TECHNICALLY_ELIGIBLE,NOT_APPLICABLE
C:\Users\yesam\Desktop\anviksa_ai\new_training_data\snake_images\Indian-Snakes-Dataset-master\Non-Venomous\Common Sand Boa\Red sand Boa.png,Non-Venomous/Common Sand Boa/Red sand Boa.png,Red sand Boa.png,Non-Venomous,Common Sand Boa,685b48695c899fb647ff9a96491b0fca428070dc376384076ddcc633bc8f68ee,1094,882,https://github.com/arjun921/Indian-Snakes-Dataset,VERIFIED,MIT,UNCLEAR,REVIEW_REQUIRED,False,,NOT_DUPLICATE,,,NOT_TEST_LEAKAGE,,DIRECTORY_LABEL_PRESERVED,BASIC_QUALITY_PASS,TECHNICALLY_ELIGIBLE_RIGHTS_UNCLEAR,False,,"Readable, technically unique, leakage-safe, and without unresolved label/quality conflict; technical status does not establish training/reuse rights",ORIGINAL_TECHNICALLY_ELIGIBLE,NOT_APPLICABLE
C:\Users\yesam\Desktop\anviksa_ai\new_training_data\snake_images\Indian-Snakes-Dataset-master\Non-Venomous\Common Sand Boa\red-sand-boa-eryx-johnii-non-venomous-common-saswad-maharashtra-india-G2A95R.jpg,Non-Venomous/Common Sand Boa/red-sand-boa-eryx-johnii-non-venomous-common-saswad-maharashtra-india-G2A95R.jpg,red-sand-boa-eryx-johnii-non-venomous-common-saswad-maharashtra-india-G2A95R.jpg,Non-Venomous,Common Sand Boa,2c809efdd5b8e0054ed424198eb8c8d00ab7eb9bdddf1fed840b71486b938d53,1300,1064,https://github.com/arjun921/Indian-Snakes-Dataset,VERIFIED,MIT,UNCLEAR,REVIEW_REQUIRED,False,,NOT_DUPLICATE,,,NOT_TEST_LEAKAGE,,DIRECTORY_LABEL_PRESERVED,BASIC_QUALITY_PASS,TECHNICALLY_ELIGIBLE_RIGHTS_UNCLEAR,False,,"Readable, technically unique, leakage-safe, and without unresolved label/quality conflict; technical status does not establish training/reuse rights",ORIGINAL_TECHNICALLY_ELIGIBLE,NOT_APPLICABLE
C:\Users\yesam\Desktop\anviksa_ai\new_training_data\snake_images\Indian-Snakes-Dataset-master\Non-Venomous\Common Sand Boa\snake-common-sand-boa-eryx-conicus-ET0CMG.jpg,Non-Venomous/Common Sand Boa/snake-common-sand-boa-eryx-conicus-ET0CMG.jpg,snake-common-sand-boa-eryx-conicus-ET0CMG.jpg,Non-Venomous,Common Sand Boa,6b7f1edebd23ab524f3f138ac8daf1ee0e4535b410118d9baab3643df9ac764d,1300,956,https://github.com/arjun921/Indian-Snakes-Dataset,VERIFIED,MIT,UNCLEAR,REVIEW_REQUIRED,False,,NOT_DUPLICATE,,,NOT_TEST_LEAKAGE,,DIRECTORY_LABEL_PRESERVED,BASIC_QUALITY_PASS,TECHNICALLY_ELIGIBLE_RIGHTS_UNCLEAR,False,,"Readable, technically unique, leakage-safe, and without unresolved label/quality conflict; technical status does not establish training/reuse rights",ORIGINAL_TECHNICALLY_ELIGIBLE,NOT_APPLICABLE
C:\Users\yesam\Desktop\anviksa_ai\new_training_data\snake_images\Indian-Snakes-Dataset-master\Non-Venomous\Common Sand Boa\unnamed.png,Non-Venomous/Common Sand Boa/unnamed.png,unnamed.png,Non-Venomous,Common Sand Boa,0a4ee8856677481a914eccc1450bd571b1da4ddf490e6f69924b913114a5b105,512,257,https://github.com/arjun921/Indian-Snakes-Dataset,VERIFIED,MIT,UNCLEAR,REVIEW_REQUIRED,False,,NOT_DUPLICATE,train/Non_Venomous_Snake/2jhhjj.jpg,0.6479,NOT_TEST_LEAKAGE,,DIRECTORY_LABEL_PRESERVED,BASIC_QUALITY_PASS,TECHNICALLY_ELIGIBLE_RIGHTS_UNCLEAR,False,,"Readable, technically unique, leakage-safe, and without unresolved label/quality conflict; technical status does not establish training/reuse rights",ORIGINAL_TECHNICALLY_ELIGIBLE,NOT_APPLICABLE
C:\Users\yesam\Desktop\anviksa_ai\new_training_data\snake_images\Indian-Snakes-Dataset-master\Non-Venomous\Common Trinket\0582.jpeg,Non-Venomous/Common Trinket/0582.jpeg,0582.jpeg,Non-Venomous,Common Trinket,8cce3b007df6752f146c099b95e00cd2c5a7424f98ba79bdcf42ba1d357ed6e4,1000,708,https://github.com/arjun921/Indian-Snakes-Dataset,VERIFIED,MIT,UNCLEAR,REVIEW_REQUIRED,False,,NOT_DUPLICATE,,,NOT_TEST_LEAKAGE,,DIRECTORY_LABEL_PRESERVED,BASIC_QUALITY_PASS,TECHNICALLY_ELIGIBLE_RIGHTS_UNCLEAR,False,,"Readable, technically unique, leakage-safe, and without unresolved label/quality conflict; technical status does not establish training/reuse rights",ORIGINAL_TECHNICALLY_ELIGIBLE,NOT_APPLICABLE
C:\Users\yesam\Desktop\anviksa_ai\new_training_data\snake_images\Indian-Snakes-Dataset-master\Non-Venomous\Common Trinket\0821.jpeg,Non-Venomous/Common Trinket/0821.jpeg,0821.jpeg,Non-Venomous,Common Trinket,f427383d7dbacfe093a1cdb0294b8bd64f464ac2864ad428dd78756e597c792d,192,128,https://github.com/arjun921/Indian-Snakes-Dataset,VERIFIED,MIT,UNCLEAR,REVIEW_REQUIRED,False,,NOT_DUPLICATE,,,NOT_TEST_LEAKAGE,,DIRECTORY_LABEL_PRESERVED,BASIC_QUALITY_PASS,TECHNICALLY_ELIGIBLE_RIGHTS_UNCLEAR,False,,"Readable, technically unique, leakage-safe, and without unresolved label/quality conflict; technical status does not establish training/reuse rights",ORIGINAL_TECHNICALLY_ELIGIBLE,NOT_APPLICABLE
C:\Users\yesam\Desktop\anviksa_ai\new_training_data\snake_images\Indian-Snakes-Dataset-master\Non-Venomous\Common Trinket\14388445958.JPG,Non-Venomous/Common Trinket/14388445958.JPG,14388445958.JPG,Non-Venomous,Common Trinket,627dcaa8d95052c761af0df4ac32b8ae8a3f63f6d5ed7f6ad92b01034917549b,600,337,https://github.com/arjun921/Indian-Snakes-Dataset,VERIFIED,MIT,UNCLEAR,REVIEW_REQUIRED,False,,NOT_DUPLICATE,,,NOT_TEST_LEAKAGE,,DIRECTORY_LABEL_PRESERVED,BASIC_QUALITY_PASS,TECHNICALLY_ELIGIBLE_RIGHTS_UNCLEAR,False,,"Readable, technically unique, leakage-safe, and without unresolved label/quality conflict; technical status does not establish training/reuse rights",ORIGINAL_TECHNICALLY_ELIGIBLE,NOT_APPLICABLE
C:\Users\yesam\Desktop\anviksa_ai\new_training_data\snake_images\Indian-Snakes-Dataset-master\Non-Venomous\Common Trinket\1438844596IMG_0396.JPG,Non-Venomous/Common Trinket/1438844596IMG_0396.JPG,1438844596IMG_0396.JPG,Non-Venomous,Common Trinket,558320779fab9a52e75f45a3ac784fad79b690ce273e32e0935db9eefad81999,600,337,https://github.com/arjun921/Indian-Snakes-Dataset,VERIFIED,MIT,UNCLEAR,REVIEW_REQUIRED,False,,NOT_DUPLICATE,,,NOT_TEST_LEAKAGE,,DIRECTORY_LABEL_PRESERVED,BASIC_QUALITY_PASS,TECHNICALLY_ELIGIBLE_RIGHTS_UNCLEAR,False,,"Readable, technically unique, leakage-safe, and without unresolved label/quality conflict; technical status does not establish training/reuse rights",ORIGINAL_TECHNICALLY_ELIGIBLE,NOT_APPLICABLE
C:\Users\yesam\Desktop\anviksa_ai\new_training_data\snake_images\Indian-Snakes-Dataset-master\Non-Venomous\Common Trinket\6123216202_563c31e3eb.jpg,Non-Venomous/Common Trinket/6123216202_563c31e3eb.jpg,6123216202_563c31e3eb.jpg,Non-Venomous,Common Trinket,905d52d404ea320e279fe7bf30be1a010a7bde3408f7350fa0fca2b0ed50c743,500,347,https://github.com/arjun921/Indian-Snakes-Dataset,VERIFIED,MIT,UNCLEAR,REVIEW_REQUIRED,False,,NOT_DUPLICATE,,,NOT_TEST_LEAKAGE,,DIRECTORY_LABEL_PRESERVED,BASIC_QUALITY_PASS,TECHNICALLY_ELIGIBLE_RIGHTS_UNCLEAR,False,,"Readable, technically unique, leakage-safe, and without unresolved label/quality conflict; technical status does not establish training/reuse rights",ORIGINAL_TECHNICALLY_ELIGIBLE,NOT_APPLICABLE
C:\Users\yesam\Desktop\anviksa_ai\new_training_data\snake_images\Indian-Snakes-Dataset-master\Non-Venomous\Common Trinket\7207338458_12efc7a0c8_b.jpg,Non-Venomous/Common Trinket/7207338458_12efc7a0c8_b.jpg,7207338458_12efc7a0c8_b.jpg,Non-Venomous,Common Trinket,cbd5d636eaf02cdb658641c13be92db5b735903d3f07ff7ef0492462b24da996,1024,699,https://github.com/arjun921/Indian-Snakes-Dataset,VERIFIED,MIT,UNCLEAR,REVIEW_REQUIRED,False,,NOT_DUPLICATE,,,NOT_TEST_LEAKAGE,,DIRECTORY_LABEL_PRESERVED,BASIC_QUALITY_PASS,TECHNICALLY_ELIGIBLE_RIGHTS_UNCLEAR,False,,"Readable, technically unique, leakage-safe, and without unresolved label/quality conflict; technical status does not establish training/reuse rights",ORIGINAL_TECHNICALLY_ELIGIBLE,NOT_APPLICABLE
C:\Users\yesam\Desktop\anviksa_ai\new_training_data\snake_images\Indian-Snakes-Dataset-master\Non-Venomous\Common Trinket\7528802344_7b2d630b51.jpg,Non-Venomous/Common Trinket/7528802344_7b2d630b51.jpg,7528802344_7b2d630b51.jpg,Non-Venomous,Common Trinket,18c7e88e8fcfae3546597fcf3c5091a1756801a1010490b1fd437b076e1a733e,500,333,https://github.com/arjun921/Indian-Snakes-Dataset,VERIFIED,MIT,UNCLEAR,REVIEW_REQUIRED,False,,NOT_DUPLICATE,,,NOT_TEST_LEAKAGE,,DIRECTORY_LABEL_PRESERVED,BASIC_QUALITY_PASS,TECHNICALLY_ELIGIBLE_RIGHTS_UNCLEAR,False,,"Readable, technically unique, leakage-safe, and without unresolved label/quality conflict; technical status does not establish training/reuse rights",ORIGINAL_TECHNICALLY_ELIGIBLE,NOT_APPLICABLE
C:\Users\yesam\Desktop\anviksa_ai\new_training_data\snake_images\Indian-Snakes-Dataset-master\Non-Venomous\Common Trinket\common-indian-trinket-coelognathus-helena-ncbs-bangalore-india-f7n7nw.jpg,Non-Venomous/Common Trinket/common-indian-trinket-coelognathus-helena-ncbs-bangalore-india-f7n7nw.jpg,common-indian-trinket-coelognathus-helena-ncbs-bangalore-india-f7n7nw.jpg,Non-Venomous,Common Trinket,575365dddb471bec4d2004eb1bea880985470b1f15b7f8107140a2947f156b70,640,447,https://github.com/arjun921/Indian-Snakes-Dataset,VERIFIED,MIT,UNCLEAR,REVIEW_REQUIRED,False,,NOT_DUPLICATE,,,NOT_TEST_LEAKAGE,,DIRECTORY_LABEL_PRESERVED,BASIC_QUALITY_PASS,TECHNICALLY_ELIGIBLE_RIGHTS_UNCLEAR,False,,"Readable, technically unique, leakage-safe, and without unresolved label/quality conflict; technical status does not establish training/reuse rights",ORIGINAL_TECHNICALLY_ELIGIBLE,NOT_APPLICABLE
C:\Users\yesam\Desktop\anviksa_ai\new_training_data\snake_images\Indian-Snakes-Dataset-master\Non-Venomous\Common Trinket\common-trinket-snake-coelognathus-helena-helena-non-venomous-common-BY0Y0B.jpg,Non-Venomous/Common Trinket/common-trinket-snake-coelognathus-helena-helena-non-venomous-common-BY0Y0B.jpg,common-trinket-snake-coelognathus-helena-helena-non-venomous-common-BY0Y0B.jpg,Non-Venomous,Common Trinket,cc32638e87d103cdc30a0c448c7ef25b62452e2823dfb3c367f3ed7a23a58378,1300,956,https://github.com/arjun921/Indian-Snakes-Dataset,VERIFIED,MIT,UNCLEAR,REVIEW_REQUIRED,False,,NOT_DUPLICATE,,,NOT_TEST_LEAKAGE,,DIRECTORY_LABEL_PRESERVED,BASIC_QUALITY_PASS,TECHNICALLY_ELIGIBLE_RIGHTS_UNCLEAR,False,,"Readable, technically unique, leakage-safe, and without unresolved label/quality conflict; technical status does not establish training/reuse rights",ORIGINAL_TECHNICALLY_ELIGIBLE,NOT_APPLICABLE
C:\Users\yesam\Desktop\anviksa_ai\new_training_data\snake_images\Indian-Snakes-Dataset-master\Non-Venomous\Common Trinket\common-trinket-snake-D4NP90.jpg,Non-Venomous/Common Trinket/common-trinket-snake-D4NP90.jpg,common-trinket-snake-D4NP90.jpg,Non-Venomous,Common Trinket,e4c062ac9279ec55c71b078c2ec3d2fbbf268549dac4bf8672074f0da8179376,1300,956,https://github.com/arjun921/Indian-Snakes-Dataset,VERIFIED,MIT,UNCLEAR,REVIEW_REQUIRED,False,,NOT_DUPLICATE,,,NOT_TEST_LEAKAGE,,DIRECTORY_LABEL_PRESERVED,BASIC_QUALITY_PASS,TECHNICALLY_ELIGIBLE_RIGHTS_UNCLEAR,False,,"Readable, technically unique, leakage-safe, and without unresolved label/quality conflict; technical status does not establish training/reuse rights",ORIGINAL_TECHNICALLY_ELIGIBLE,NOT_APPLICABLE
C:\Users\yesam\Desktop\anviksa_ai\new_training_data\snake_images\Indian-Snakes-Dataset-master\Non-Venomous\Common Trinket\Common_Trinket.jpg,Non-Venomous/Common Trinket/Common_Trinket.jpg,Common_Trinket.jpg,Non-Venomous,Common Trinket,b20899dc35c875b8c7172533fd05f49c8cafbc3e5dc4482eb560cc458a16e771,1632,916,https://github.com/arjun921/Indian-Snakes-Dataset,VERIFIED,MIT,UNCLEAR,REVIEW_REQUIRED,False,,NOT_DUPLICATE,,,NOT_TEST_LEAKAGE,,DIRECTORY_LABEL_PRESERVED,BASIC_QUALITY_PASS,TECHNICALLY_ELIGIBLE_RIGHTS_UNCLEAR,False,,"Readable, technically unique, leakage-safe, and without unresolved label/quality conflict; technical status does not establish training/reuse rights",ORIGINAL_TECHNICALLY_ELIGIBLE,NOT_APPLICABLE
C:\Users\yesam\Desktop\anviksa_ai\new_training_data\snake_images\Indian-Snakes-Dataset-master\Non-Venomous\Common Trinket\common_trinket_snake_5_foot_long_approx.jpg,Non-Venomous/Common Trinket/common_trinket_snake_5_foot_long_approx.jpg,common_trinket_snake_5_foot_long_approx.jpg,Non-Venomous,Common Trinket,c46c829911d9759727e06d43a44cb161407a8a23ee2c2b5b237541c1a611d5f3,700,355,https://github.com/arjun921/Indian-Snakes-Dataset,VERIFIED,MIT,UNCLEAR,REVIEW_REQUIRED,False,,NOT_DUPLICATE,,,NOT_TEST_LEAKAGE,,DIRECTORY_LABEL_PRESERVED,BASIC_QUALITY_PASS,TECHNICALLY_ELIGIBLE_RIGHTS_UNCLEAR,False,,"Readable, technically unique, leakage-safe, and without unresolved label/quality conflict; technical status does not establish training/reuse rights",ORIGINAL_TECHNICALLY_ELIGIBLE,NOT_APPLICABLE
C:\Users\yesam\Desktop\anviksa_ai\new_training_data\snake_images\Indian-Snakes-Dataset-master\Non-Venomous\Common Trinket\copper-headed-trinket-snake-coelognathus-radiatus-non-venomous-common-BN1WY8.jpg,Non-Venomous/Common Trinket/copper-headed-trinket-snake-coelognathus-radiatus-non-venomous-common-BN1WY8.jpg,copper-headed-trinket-snake-coelognathus-radiatus-non-venomous-common-BN1WY8.jpg,Non-Venomous,Common Trinket,dc3875e68fee13bc7f58194ef2f8434dca5f9490d78a607b2833c97b33bfc5e9,1300,960,https://github.com/arjun921/Indian-Snakes-Dataset,VERIFIED,MIT,UNCLEAR,REVIEW_REQUIRED,False,,NOT_DUPLICATE,,,NOT_TEST_LEAKAGE,,DIRECTORY_LABEL_PRESERVED,BASIC_QUALITY_PASS,TECHNICALLY_ELIGIBLE_RIGHTS_UNCLEAR,False,,"Readable, technically unique, leakage-safe, and without unresolved label/quality conflict; technical status does not establish training/reuse rights",ORIGINAL_TECHNICALLY_ELIGIBLE,NOT_APPLICABLE
C:\Users\yesam\Desktop\anviksa_ai\new_training_data\snake_images\Indian-Snakes-Dataset-master\Non-Venomous\Common Trinket\d2563876349b5563a3d4d98f79f4ea77.jpg,Non-Venomous/Common Trinket/d2563876349b5563a3d4d98f79f4ea77.jpg,d2563876349b5563a3d4d98f79f4ea77.jpg,Non-Venomous,Common Trinket,d683dc2f6fd5443aab6c7c80b91b973c8a4ba9b232b9273f91c6edf995a68ff7,2048,1070,https://github.com/arjun921/Indian-Snakes-Dataset,VERIFIED,MIT,UNCLEAR,REVIEW_REQUIRED,False,,NOT_DUPLICATE,,,NOT_TEST_LEAKAGE,,DIRECTORY_LABEL_PRESERVED,BASIC_QUALITY_PASS,TECHNICALLY_ELIGIBLE_RIGHTS_UNCLEAR,False,,"Readable, technically unique, leakage-safe, and without unresolved label/quality conflict; technical status does not establish training/reuse rights",ORIGINAL_TECHNICALLY_ELIGIBLE,NOT_APPLICABLE
C:\Users\yesam\Desktop\anviksa_ai\new_training_data\snake_images\Indian-Snakes-Dataset-master\Non-Venomous\Common Trinket\DSC01535-Edit0.jpg,Non-Venomous/Common Trinket/DSC01535-Edit0.jpg,DSC01535-Edit0.jpg,Non-Venomous,Common Trinket,efa30a3eac5ff39696d9d3f98553b9c235c3ae928df899592e5ff3573b5a98d3,5390,3492,https://github.com/arjun921/Indian-Snakes-Dataset,VERIFIED,MIT,UNCLEAR,REVIEW_REQUIRED,False,,NOT_DUPLICATE,,,NOT_TEST_LEAKAGE,,DIRECTORY_LABEL_PRESERVED,BASIC_QUALITY_PASS,TECHNICALLY_ELIGIBLE_RIGHTS_UNCLEAR,False,,"Readable, technically unique, leakage-safe, and without unresolved label/quality conflict; technical status does not establish training/reuse rights",ORIGINAL_TECHNICALLY_ELIGIBLE,NOT_APPLICABLE
C:\Users\yesam\Desktop\anviksa_ai\new_training_data\snake_images\Indian-Snakes-Dataset-master\Non-Venomous\Common Trinket\dsc_0011.jpg,Non-Venomous/Common Trinket/dsc_0011.jpg,dsc_0011.jpg,Non-Venomous,Common Trinket,4b228e8c912f8dd389244f32ec8f2f9ac31c7edea4b99fac572c25e88dc50784,6016,4000,https://github.com/arjun921/Indian-Snakes-Dataset,VERIFIED,MIT,UNCLEAR,REVIEW_REQUIRED,False,,NOT_DUPLICATE,,,NOT_TEST_LEAKAGE,,DIRECTORY_LABEL_PRESERVED,BASIC_QUALITY_PASS,TECHNICALLY_ELIGIBLE_RIGHTS_UNCLEAR,False,,"Readable, technically unique, leakage-safe, and without unresolved label/quality conflict; technical status does not establish training/reuse rights",ORIGINAL_TECHNICALLY_ELIGIBLE,NOT_APPLICABLE
C:\Users\yesam\Desktop\anviksa_ai\new_training_data\snake_images\Indian-Snakes-Dataset-master\Non-Venomous\Common Trinket\IMG_0001 (1).JPG,Non-Venomous/Common Trinket/IMG_0001 (1).JPG,IMG_0001 (1).JPG,Non-Venomous,Common Trinket,8a1cdd0118905981fff88692fb0e14fa0e3f3ada227b0954fc8f686fd606a0f6,1199,1600,https://github.com/arjun921/Indian-Snakes-Dataset,VERIFIED,MIT,UNCLEAR,REVIEW_REQUIRED,False,,NOT_DUPLICATE,,,NOT_TEST_LEAKAGE,,DIRECTORY_LABEL_PRESERVED,BASIC_QUALITY_PASS,TECHNICALLY_ELIGIBLE_RIGHTS_UNCLEAR,False,,"Readable, technically unique, leakage-safe, and without unresolved label/quality conflict; technical status does not establish training/reuse rights",ORIGINAL_TECHNICALLY_ELIGIBLE,NOT_APPLICABLE
C:\Users\yesam\Desktop\anviksa_ai\new_training_data\snake_images\Indian-Snakes-Dataset-master\Non-Venomous\Common Trinket\img_2194.jpg,Non-Venomous/Common Trinket/img_2194.jpg,img_2194.jpg,Non-Venomous,Common Trinket,8e73957aa4d0c077d5d2ff398e1eddd2da75a033ff04fbf7baa4226d9308cb72,1600,1200,https://github.com/arjun921/Indian-Snakes-Dataset,VERIFIED,MIT,UNCLEAR,REVIEW_REQUIRED,False,,NOT_DUPLICATE,,,NOT_TEST_LEAKAGE,,DIRECTORY_LABEL_PRESERVED,BASIC_QUALITY_PASS,TECHNICALLY_ELIGIBLE_RIGHTS_UNCLEAR,False,,"Readable, technically unique, leakage-safe, and without unresolved label/quality conflict; technical status does not establish training/reuse rights",ORIGINAL_TECHNICALLY_ELIGIBLE,NOT_APPLICABLE
C:\Users\yesam\Desktop\anviksa_ai\new_training_data\snake_images\Indian-Snakes-Dataset-master\Non-Venomous\Common Trinket\trinketsnake.jpg,Non-Venomous/Common Trinket/trinketsnake.jpg,trinketsnake.jpg,Non-Venomous,Common Trinket,e7dab7509458f5c9a921cc9c4267a73cecb44c461c22f33ba0a0b2cf7c73e286,620,463,https://github.com/arjun921/Indian-Snakes-Dataset,VERIFIED,MIT,UNCLEAR,REVIEW_REQUIRED,False,,NOT_DUPLICATE,,,NOT_TEST_LEAKAGE,,DIRECTORY_LABEL_PRESERVED,BASIC_QUALITY_PASS,TECHNICALLY_ELIGIBLE_RIGHTS_UNCLEAR,False,,"Readable, technically unique, leakage-safe, and without unresolved label/quality conflict; technical status does not establish training/reuse rights",ORIGINAL_TECHNICALLY_ELIGIBLE,NOT_APPLICABLE
C:\Users\yesam\Desktop\anviksa_ai\new_training_data\snake_images\Indian-Snakes-Dataset-master\Non-Venomous\Green Tree Vine\1.jpg,Non-Venomous/Green Tree Vine/1.jpg,1.jpg,Non-Venomous,Green Tree Vine,a0108b8d4773324eab5a76dc95f7c44c83c5fc93750d118fb13838177e037f69,852,480,https://github.com/arjun921/Indian-Snakes-Dataset,VERIFIED,MIT,UNCLEAR,REVIEW_REQUIRED,False,,NOT_DUPLICATE,,,NOT_TEST_LEAKAGE,,DIRECTORY_LABEL_PRESERVED,BASIC_QUALITY_PASS,TECHNICALLY_ELIGIBLE_RIGHTS_UNCLEAR,False,,"Readable, technically unique, leakage-safe, and without unresolved label/quality conflict; technical status does not establish training/reuse rights",ORIGINAL_TECHNICALLY_ELIGIBLE,NOT_APPLICABLE
C:\Users\yesam\Desktop\anviksa_ai\new_training_data\snake_images\Indian-Snakes-Dataset-master\Non-Venomous\Green Tree Vine\541d920462f53a965ce8d6fd7a1f7476.jpg,Non-Venomous/Green Tree Vine/541d920462f53a965ce8d6fd7a1f7476.jpg,541d920462f53a965ce8d6fd7a1f7476.jpg,Non-Venomous,Green Tree Vine,3c5020d0b9cfed8e3da32821f4986b9f6f2092453a1b3ba23590739f3817ca94,720,537,https://github.com/arjun921/Indian-Snakes-Dataset,VERIFIED,MIT,UNCLEAR,REVIEW_REQUIRED,False,,NOT_DUPLICATE,,,NOT_TEST_LEAKAGE,,DIRECTORY_LABEL_PRESERVED,BASIC_QUALITY_PASS,TECHNICALLY_ELIGIBLE_RIGHTS_UNCLEAR,False,,"Readable, technically unique, leakage-safe, and without unresolved label/quality conflict; technical status does not establish training/reuse rights",ORIGINAL_TECHNICALLY_ELIGIBLE,NOT_APPLICABLE
C:\Users\yesam\Desktop\anviksa_ai\new_training_data\snake_images\Indian-Snakes-Dataset-master\Non-Venomous\Green Tree Vine\long-nosed-tree-snake-green-vine-snake-long-nosed-whip-snake-or-asian-FFHA8W.jpg,Non-Venomous/Green Tree Vine/long-nosed-tree-snake-green-vine-snake-long-nosed-whip-snake-or-asian-FFHA8W.jpg,long-nosed-tree-snake-green-vine-snake-long-nosed-whip-snake-or-asian-FFHA8W.jpg,Non-Venomous,Green Tree Vine,ce705c83c92be65f32be2406276609826d15daea5c05c2bae74998fcd6067a7f,1300,954,https://github.com/arjun921/Indian-Snakes-Dataset,VERIFIED,MIT,UNCLEAR,REVIEW_REQUIRED,False,,NOT_DUPLICATE,,,NOT_TEST_LEAKAGE,,DIRECTORY_LABEL_PRESERVED,BASIC_QUALITY_PASS,TECHNICALLY_ELIGIBLE_RIGHTS_UNCLEAR,False,,"Readable, technically unique, leakage-safe, and without unresolved label/quality conflict; technical status does not establish training/reuse rights",ORIGINAL_TECHNICALLY_ELIGIBLE,NOT_APPLICABLE
C:\Users\yesam\Desktop\anviksa_ai\new_training_data\snake_images\Indian-Snakes-Dataset-master\Non-Venomous\Green Tree Vine\the-common-vine-snake-ahaetulla-nasuta-is-a-slender-green-tree-snake-F947R9.jpg,Non-Venomous/Green Tree Vine/the-common-vine-snake-ahaetulla-nasuta-is-a-slender-green-tree-snake-F947R9.jpg,the-common-vine-snake-ahaetulla-nasuta-is-a-slender-green-tree-snake-F947R9.jpg,Non-Venomous,Green Tree Vine,a072aa4797abb54ddf820ad2236ee4215f40f07610d3ae232f1f93cd01a259e8,1300,956,https://github.com/arjun921/Indian-Snakes-Dataset,VERIFIED,MIT,UNCLEAR,REVIEW_REQUIRED,False,,NOT_DUPLICATE,,,NOT_TEST_LEAKAGE,,DIRECTORY_LABEL_PRESERVED,BASIC_QUALITY_PASS,TECHNICALLY_ELIGIBLE_RIGHTS_UNCLEAR,False,,"Readable, technically unique, leakage-safe, and without unresolved label/quality conflict; technical status does not establish training/reuse rights",ORIGINAL_TECHNICALLY_ELIGIBLE,NOT_APPLICABLE
C:\Users\yesam\Desktop\anviksa_ai\new_training_data\snake_images\Indian-Snakes-Dataset-master\Non-Venomous\Green Tree Vine\the-common-vine-snake-ahaetulla-nasuta-is-a-slender-green-tree-snake-F947RF.jpg,Non-Venomous/Green Tree Vine/the-common-vine-snake-ahaetulla-nasuta-is-a-slender-green-tree-snake-F947RF.jpg,the-common-vine-snake-ahaetulla-nasuta-is-a-slender-green-tree-snake-F947RF.jpg,Non-Venomous,Green Tree Vine,450d754704fb7f3e03ced5f860d14222374910703bf67c4dc7631859e70a6707,1300,956,https://github.com/arjun921/Indian-Snakes-Dataset,VERIFIED,MIT,UNCLEAR,REVIEW_REQUIRED,False,,NOT_DUPLICATE,,,NOT_TEST_LEAKAGE,,DIRECTORY_LABEL_PRESERVED,BASIC_QUALITY_PASS,TECHNICALLY_ELIGIBLE_RIGHTS_UNCLEAR,False,,"Readable, technically unique, leakage-safe, and without unresolved label/quality conflict; technical status does not establish training/reuse rights",ORIGINAL_TECHNICALLY_ELIGIBLE,NOT_APPLICABLE
C:\Users\yesam\Desktop\anviksa_ai\new_training_data\snake_images\Indian-Snakes-Dataset-master\Non-Venomous\Green Tree Vine\the-common-vine-snake-ahaetulla-nasuta-is-a-slender-green-tree-snake-F947RJ.jpg,Non-Venomous/Green Tree Vine/the-common-vine-snake-ahaetulla-nasuta-is-a-slender-green-tree-snake-F947RJ.jpg,the-common-vine-snake-ahaetulla-nasuta-is-a-slender-green-tree-snake-F947RJ.jpg,Non-Venomous,Green Tree Vine,4823f064da48b1e9cc4931f06fcee94a0782103acc71d8136e4f1baddc3b2cb2,1300,956,https://github.com/arjun921/Indian-Snakes-Dataset,VERIFIED,MIT,UNCLEAR,REVIEW_REQUIRED,False,,NOT_DUPLICATE,,,NOT_TEST_LEAKAGE,,DIRECTORY_LABEL_PRESERVED,BASIC_QUALITY_PASS,TECHNICALLY_ELIGIBLE_RIGHTS_UNCLEAR,False,,"Readable, technically unique, leakage-safe, and without unresolved label/quality conflict; technical status does not establish training/reuse rights",ORIGINAL_TECHNICALLY_ELIGIBLE,NOT_APPLICABLE
C:\Users\yesam\Desktop\anviksa_ai\new_training_data\snake_images\Indian-Snakes-Dataset-master\Non-Venomous\Green Tree Vine\the-common-vine-snake-ahaetulla-nasuta-is-a-slender-green-tree-snake-F947RY.jpg,Non-Venomous/Green Tree Vine/the-common-vine-snake-ahaetulla-nasuta-is-a-slender-green-tree-snake-F947RY.jpg,the-common-vine-snake-ahaetulla-nasuta-is-a-slender-green-tree-snake-F947RY.jpg,Non-Venomous,Green Tree Vine,b60ed6f1654e776e3069a7de243098a8c878c3beb36c7f6ba2804261ae308f94,1300,956,https://github.com/arjun921/Indian-Snakes-Dataset,VERIFIED,MIT,UNCLEAR,REVIEW_REQUIRED,False,,NOT_DUPLICATE,,,NOT_TEST_LEAKAGE,,DIRECTORY_LABEL_PRESERVED,BASIC_QUALITY_PASS,TECHNICALLY_ELIGIBLE_RIGHTS_UNCLEAR,False,,"Readable, technically unique, leakage-safe, and without unresolved label/quality conflict; technical status does not establish training/reuse rights",ORIGINAL_TECHNICALLY_ELIGIBLE,NOT_APPLICABLE
C:\Users\yesam\Desktop\anviksa_ai\new_training_data\snake_images\Indian-Snakes-Dataset-master\Non-Venomous\Indian Rock Python\indian-rock-python-in-western-ghats-awd4r9.jpg,Non-Venomous/Indian Rock Python/indian-rock-python-in-western-ghats-awd4r9.jpg,indian-rock-python-in-western-ghats-awd4r9.jpg,Non-Venomous,Indian Rock Python,8c62100cfa58f346c8e13d283e8ac510a54583cf00f2c3f296761385348eec5c,450,314,https://github.com/arjun921/Indian-Snakes-Dataset,VERIFIED,MIT,UNCLEAR,REVIEW_REQUIRED,False,,NOT_DUPLICATE,,,NOT_TEST_LEAKAGE,,DIRECTORY_LABEL_PRESERVED,BASIC_QUALITY_PASS,TECHNICALLY_ELIGIBLE_RIGHTS_UNCLEAR,False,,"Readable, technically unique, leakage-safe, and without unresolved label/quality conflict; technical status does not establish training/reuse rights",ORIGINAL_TECHNICALLY_ELIGIBLE,NOT_APPLICABLE
C:\Users\yesam\Desktop\anviksa_ai\new_training_data\snake_images\Indian-Snakes-Dataset-master\Non-Venomous\Indian Rock Python\indian-rock-python-on-the-road--nagarhole.jpg,Non-Venomous/Indian Rock Python/indian-rock-python-on-the-road--nagarhole.jpg,indian-rock-python-on-the-road--nagarhole.jpg,Non-Venomous,Indian Rock Python,ab2252a278f24e081318d033b862925e778298e031af98d3577e04b20a04d439,800,600,https://github.com/arjun921/Indian-Snakes-Dataset,VERIFIED,MIT,UNCLEAR,REVIEW_REQUIRED,False,,NOT_DUPLICATE,,,NOT_TEST_LEAKAGE,,DIRECTORY_LABEL_PRESERVED,BASIC_QUALITY_PASS,TECHNICALLY_ELIGIBLE_RIGHTS_UNCLEAR,False,,"Readable, technically unique, leakage-safe, and without unresolved label/quality conflict; technical status does not establish training/reuse rights",ORIGINAL_TECHNICALLY_ELIGIBLE,NOT_APPLICABLE
C:\Users\yesam\Desktop\anviksa_ai\new_training_data\snake_images\Indian-Snakes-Dataset-master\Non-Venomous\Indian Rock Python\indian-rock-python-python-molurus-aka-indian-python-rock-python-black-F2JD6R.jpg,Non-Venomous/Indian Rock Python/indian-rock-python-python-molurus-aka-indian-python-rock-python-black-F2JD6R.jpg,indian-rock-python-python-molurus-aka-indian-python-rock-python-black-F2JD6R.jpg,Non-Venomous,Indian Rock Python,b4ccf75137bc3a0dd09339a0c508ebf62fb7250b99f26ec6e665d5b95ef7cedd,1300,956,https://github.com/arjun921/Indian-Snakes-Dataset,VERIFIED,MIT,UNCLEAR,REVIEW_REQUIRED,False,,NOT_DUPLICATE,,,NOT_TEST_LEAKAGE,,DIRECTORY_LABEL_PRESERVED,BASIC_QUALITY_PASS,TECHNICALLY_ELIGIBLE_RIGHTS_UNCLEAR,False,,"Readable, technically unique, leakage-safe, and without unresolved label/quality conflict; technical status does not establish training/reuse rights",ORIGINAL_TECHNICALLY_ELIGIBLE,NOT_APPLICABLE
C:\Users\yesam\Desktop\anviksa_ai\new_training_data\snake_images\Indian-Snakes-Dataset-master\Non-Venomous\Indian Rock Python\indian-rock-python-python-molurus-molurus-non-venomous-rare-C691AR.jpg,Non-Venomous/Indian Rock Python/indian-rock-python-python-molurus-molurus-non-venomous-rare-C691AR.jpg,indian-rock-python-python-molurus-molurus-non-venomous-rare-C691AR.jpg,Non-Venomous,Indian Rock Python,c6d773cb3d794381204c80344a77fcd6b342f179717f3e8cf2b915c611876ddf,1300,956,https://github.com/arjun921/Indian-Snakes-Dataset,VERIFIED,MIT,UNCLEAR,REVIEW_REQUIRED,False,,NOT_DUPLICATE,,,NOT_TEST_LEAKAGE,,DIRECTORY_LABEL_PRESERVED,BASIC_QUALITY_PASS,TECHNICALLY_ELIGIBLE_RIGHTS_UNCLEAR,False,,"Readable, technically unique, leakage-safe, and without unresolved label/quality conflict; technical status does not establish training/reuse rights",ORIGINAL_TECHNICALLY_ELIGIBLE,NOT_APPLICABLE
C:\Users\yesam\Desktop\anviksa_ai\new_training_data\snake_images\Indian-Snakes-Dataset-master\Non-Venomous\Indian Rock Python\indian-rock-python-python-molurus-molurus-non-venomous-rare-called-B325DN.jpg,Non-Venomous/Indian Rock Python/indian-rock-python-python-molurus-molurus-non-venomous-rare-called-B325DN.jpg,indian-rock-python-python-molurus-molurus-non-venomous-rare-called-B325DN.jpg,Non-Venomous,Indian Rock Python,98f9d2506fc2ce92d506a3e3713e9e1a8a7182a7e7bee1c7f2d5aa71face0ebb,1300,956,https://github.com/arjun921/Indian-Snakes-Dataset,VERIFIED,MIT,UNCLEAR,REVIEW_REQUIRED,False,,NOT_DUPLICATE,,,NOT_TEST_LEAKAGE,,DIRECTORY_LABEL_PRESERVED,BASIC_QUALITY_PASS,TECHNICALLY_ELIGIBLE_RIGHTS_UNCLEAR,False,,"Readable, technically unique, leakage-safe, and without unresolved label/quality conflict; technical status does not establish training/reuse rights",ORIGINAL_TECHNICALLY_ELIGIBLE,NOT_APPLICABLE
C:\Users\yesam\Desktop\anviksa_ai\new_training_data\snake_images\Indian-Snakes-Dataset-master\Non-Venomous\Indian Rock Python\indian-rock-python-python-molurus-molurus-non-venomous-rare-called-B325FG.jpg,Non-Venomous/Indian Rock Python/indian-rock-python-python-molurus-molurus-non-venomous-rare-called-B325FG.jpg,indian-rock-python-python-molurus-molurus-non-venomous-rare-called-B325FG.jpg,Non-Venomous,Indian Rock Python,4eaa2bec5b01059c6e18dcb522bdb2dfdc1a30731c9d12f104ea2891c9f16561,1300,956,https://github.com/arjun921/Indian-Snakes-Dataset,VERIFIED,MIT,UNCLEAR,REVIEW_REQUIRED,False,,NOT_DUPLICATE,,,NOT_TEST_LEAKAGE,,DIRECTORY_LABEL_PRESERVED,BASIC_QUALITY_PASS,TECHNICALLY_ELIGIBLE_RIGHTS_UNCLEAR,False,,"Readable, technically unique, leakage-safe, and without unresolved label/quality conflict; technical status does not establish training/reuse rights",ORIGINAL_TECHNICALLY_ELIGIBLE,NOT_APPLICABLE
C:\Users\yesam\Desktop\anviksa_ai\new_training_data\snake_images\Indian-Snakes-Dataset-master\Non-Venomous\Indian Rock Python\indian-rock-python-python-molurus-molurus-non-venomous-rare-kanha-BN1N7E.jpg,Non-Venomous/Indian Rock Python/indian-rock-python-python-molurus-molurus-non-venomous-rare-kanha-BN1N7E.jpg,indian-rock-python-python-molurus-molurus-non-venomous-rare-kanha-BN1N7E.jpg,Non-Venomous,Indian Rock Python,6083a2fe6402ea2d7df0fce42f7858005e1873fab4d43990e2f63a309ca19dba,1300,960,https://github.com/arjun921/Indian-Snakes-Dataset,VERIFIED,MIT,UNCLEAR,REVIEW_REQUIRED,False,,NOT_DUPLICATE,,,NOT_TEST_LEAKAGE,,DIRECTORY_LABEL_PRESERVED,BASIC_QUALITY_PASS,TECHNICALLY_ELIGIBLE_RIGHTS_UNCLEAR,False,,"Readable, technically unique, leakage-safe, and without unresolved label/quality conflict; technical status does not establish training/reuse rights",ORIGINAL_TECHNICALLY_ELIGIBLE,NOT_APPLICABLE
C:\Users\yesam\Desktop\anviksa_ai\new_training_data\snake_images\Indian-Snakes-Dataset-master\Non-Venomous\Indian Rock Python\indianrockpython.jpg,Non-Venomous/Indian Rock Python/indianrockpython.jpg,indianrockpython.jpg,Non-Venomous,Indian Rock Python,f80997dba22cdc0f0ca854191d7a2be4d69ce7a4d0856b863e315937e8f14153,621,463,https://github.com/arjun921/Indian-Snakes-Dataset,VERIFIED,MIT,UNCLEAR,REVIEW_REQUIRED,False,,NOT_DUPLICATE,,,NOT_TEST_LEAKAGE,,DIRECTORY_LABEL_PRESERVED,BASIC_QUALITY_PASS,TECHNICALLY_ELIGIBLE_RIGHTS_UNCLEAR,False,,"Readable, technically unique, leakage-safe, and without unresolved label/quality conflict; technical status does not establish training/reuse rights",ORIGINAL_TECHNICALLY_ELIGIBLE,NOT_APPLICABLE
C:\Users\yesam\Desktop\anviksa_ai\new_training_data\snake_images\Indian-Snakes-Dataset-master\Non-Venomous\Indian Rock Python\maa-60451-reptiles-python-indian-rock-python-molurus-snake-on-tree-BFNR5E.jpg,Non-Venomous/Indian Rock Python/maa-60451-reptiles-python-indian-rock-python-molurus-snake-on-tree-BFNR5E.jpg,maa-60451-reptiles-python-indian-rock-python-molurus-snake-on-tree-BFNR5E.jpg,Non-Venomous,Indian Rock Python,f83d82294da3069c350c47994fd35a24aa75773bb716d228bfbbeaa1550b738c,854,1390,https://github.com/arjun921/Indian-Snakes-Dataset,VERIFIED,MIT,UNCLEAR,REVIEW_REQUIRED,False,,NOT_DUPLICATE,,,NOT_TEST_LEAKAGE,,DIRECTORY_LABEL_PRESERVED,BASIC_QUALITY_PASS,TECHNICALLY_ELIGIBLE_RIGHTS_UNCLEAR,False,,"Readable, technically unique, leakage-safe, and without unresolved label/quality conflict; technical status does not establish training/reuse rights",ORIGINAL_TECHNICALLY_ELIGIBLE,NOT_APPLICABLE
C:\Users\yesam\Desktop\anviksa_ai\new_training_data\snake_images\Indian-Snakes-Dataset-master\Non-Venomous\Indian Rock Python\python1.jpg,Non-Venomous/Indian Rock Python/python1.jpg,python1.jpg,Non-Venomous,Indian Rock Python,a49b68053c8e350bea932ff4cbffe2d3f8e39c051fc7a9f09409e2aa4985056e,510,431,https://github.com/arjun921/Indian-Snakes-Dataset,VERIFIED,MIT,UNCLEAR,REVIEW_REQUIRED,False,,NOT_DUPLICATE,,,NOT_TEST_LEAKAGE,,DIRECTORY_LABEL_PRESERVED,BASIC_QUALITY_PASS,TECHNICALLY_ELIGIBLE_RIGHTS_UNCLEAR,False,,"Readable, technically unique, leakage-safe, and without unresolved label/quality conflict; technical status does not establish training/reuse rights",ORIGINAL_TECHNICALLY_ELIGIBLE,NOT_APPLICABLE
C:\Users\yesam\Desktop\anviksa_ai\new_training_data\snake_images\Indian-Snakes-Dataset-master\Non-Venomous\Indian Rock Python\stock-photo-indian-rock-python-python-molurus-isolated-on-white-background-33295459.jpg,Non-Venomous/Indian Rock Python/stock-photo-indian-rock-python-python-molurus-isolated-on-white-background-33295459.jpg,stock-photo-indian-rock-python-python-molurus-isolated-on-white-background-33295459.jpg,Non-Venomous,Indian Rock Python,cda9d5b99ec075e9d41a747f0cd7fe5df8f181aea3ed5185301c2b71bef3f9fd,1500,1101,https://github.com/arjun921/Indian-Snakes-Dataset,VERIFIED,MIT,UNCLEAR,REVIEW_REQUIRED,False,,NOT_DUPLICATE,,,NOT_TEST_LEAKAGE,,DIRECTORY_LABEL_PRESERVED,BASIC_QUALITY_PASS,TECHNICALLY_ELIGIBLE_RIGHTS_UNCLEAR,False,,"Readable, technically unique, leakage-safe, and without unresolved label/quality conflict; technical status does not establish training/reuse rights",ORIGINAL_TECHNICALLY_ELIGIBLE,NOT_APPLICABLE
C:\Users\yesam\Desktop\anviksa_ai\new_training_data\snake_images\Indian-Snakes-Dataset-master\Venomous\Common Krait\12387351175_937273a2dd_b.jpg,Venomous/Common Krait/12387351175_937273a2dd_b.jpg,12387351175_937273a2dd_b.jpg,Venomous,Common Krait,e4264546825b0a1c53e3dc53af45578353decadbd5b2266c26adcc9327c242e3,1024,993,https://github.com/arjun921/Indian-Snakes-Dataset,VERIFIED,MIT,UNCLEAR,REVIEW_REQUIRED,False,,NOT_DUPLICATE,,,NOT_TEST_LEAKAGE,,DIRECTORY_LABEL_PRESERVED,BASIC_QUALITY_PASS,TECHNICALLY_ELIGIBLE_RIGHTS_UNCLEAR,False,,"Readable, technically unique, leakage-safe, and without unresolved label/quality conflict; technical status does not establish training/reuse rights",ORIGINAL_TECHNICALLY_ELIGIBLE,NOT_APPLICABLE
C:\Users\yesam\Desktop\anviksa_ai\new_training_data\snake_images\Indian-Snakes-Dataset-master\Venomous\Common Krait\12475101553_432da47bde_b.jpg,Venomous/Common Krait/12475101553_432da47bde_b.jpg,12475101553_432da47bde_b.jpg,Venomous,Common Krait,5a8d5c23aa0a0a6b566ba73544cb53cc5d971053d436f934d5bf870a8e437d05,1024,662,https://github.com/arjun921/Indian-Snakes-Dataset,VERIFIED,MIT,UNCLEAR,REVIEW_REQUIRED,False,,NOT_DUPLICATE,,,NOT_TEST_LEAKAGE,,DIRECTORY_LABEL_PRESERVED,BASIC_QUALITY_PASS,TECHNICALLY_ELIGIBLE_RIGHTS_UNCLEAR,False,,"Readable, technically unique, leakage-safe, and without unresolved label/quality conflict; technical status does not establish training/reuse rights",ORIGINAL_TECHNICALLY_ELIGIBLE,NOT_APPLICABLE
C:\Users\yesam\Desktop\anviksa_ai\new_training_data\snake_images\Indian-Snakes-Dataset-master\Venomous\Common Krait\14726606771_f1dda9c3b9_b.jpg,Venomous/Common Krait/14726606771_f1dda9c3b9_b.jpg,14726606771_f1dda9c3b9_b.jpg,Venomous,Common Krait,51d3c464346a4b407d092ec7b7bf8b227fdbeade94354cd7dba69ce12ad4cb83,1024,671,https://github.com/arjun921/Indian-Snakes-Dataset,VERIFIED,MIT,UNCLEAR,REVIEW_REQUIRED,False,,NOT_DUPLICATE,,,NOT_TEST_LEAKAGE,,DIRECTORY_LABEL_PRESERVED,BASIC_QUALITY_PASS,TECHNICALLY_ELIGIBLE_RIGHTS_UNCLEAR,False,,"Readable, technically unique, leakage-safe, and without unresolved label/quality conflict; technical status does not establish training/reuse rights",ORIGINAL_TECHNICALLY_ELIGIBLE,NOT_APPLICABLE
C:\Users\yesam\Desktop\anviksa_ai\new_training_data\snake_images\Indian-Snakes-Dataset-master\Venomous\Common Krait\2056.jpeg,Venomous/Common Krait/2056.jpeg,2056.jpeg,Venomous,Common Krait,af1a94236c45fa49d44b0edc4d4ab84c86281e9c66b992392e18b16dbe0fb458,750,500,https://github.com/arjun921/Indian-Snakes-Dataset,VERIFIED,MIT,UNCLEAR,REVIEW_REQUIRED,False,,NOT_DUPLICATE,,,NOT_TEST_LEAKAGE,,DIRECTORY_LABEL_PRESERVED,BASIC_QUALITY_PASS,TECHNICALLY_ELIGIBLE_RIGHTS_UNCLEAR,False,,"Readable, technically unique, leakage-safe, and without unresolved label/quality conflict; technical status does not establish training/reuse rights",ORIGINAL_TECHNICALLY_ELIGIBLE,NOT_APPLICABLE
C:\Users\yesam\Desktop\anviksa_ai\new_training_data\snake_images\Indian-Snakes-Dataset-master\Venomous\Common Krait\6O4A4560.jpg,Venomous/Common Krait/6O4A4560.jpg,6O4A4560.jpg,Venomous,Common Krait,ba53991cc74212f6d0310605c6d787cbd5c758fd5a3d79c7b5c32deb4f3a91c9,4055,2703,https://github.com/arjun921/Indian-Snakes-Dataset,VERIFIED,MIT,UNCLEAR,REVIEW_REQUIRED,False,,NOT_DUPLICATE,,,NOT_TEST_LEAKAGE,,DIRECTORY_LABEL_PRESERVED,BASIC_QUALITY_PASS,TECHNICALLY_ELIGIBLE_RIGHTS_UNCLEAR,False,,"Readable, technically unique, leakage-safe, and without unresolved label/quality conflict; technical status does not establish training/reuse rights",ORIGINAL_TECHNICALLY_ELIGIBLE,NOT_APPLICABLE
C:\Users\yesam\Desktop\anviksa_ai\new_training_data\snake_images\Indian-Snakes-Dataset-master\Venomous\Common Krait\_a0addf20-4e76-11e6-8d8d-a42edc5c5383.jpg,Venomous/Common Krait/_a0addf20-4e76-11e6-8d8d-a42edc5c5383.jpg,_a0addf20-4e76-11e6-8d8d-a42edc5c5383.jpg,Venomous,Common Krait,ea85305552e53d062fc5147638de719be4892deeb514f2291852b2b7074b55f3,640,468,https://github.com/arjun921/Indian-Snakes-Dataset,VERIFIED,MIT,UNCLEAR,REVIEW_REQUIRED,False,,NOT_DUPLICATE,,,NOT_TEST_LEAKAGE,,DIRECTORY_LABEL_PRESERVED,BASIC_QUALITY_PASS,TECHNICALLY_ELIGIBLE_RIGHTS_UNCLEAR,False,,"Readable, technically unique, leakage-safe, and without unresolved label/quality conflict; technical status does not establish training/reuse rights",ORIGINAL_TECHNICALLY_ELIGIBLE,NOT_APPLICABLE
C:\Users\yesam\Desktop\anviksa_ai\new_training_data\snake_images\Indian-Snakes-Dataset-master\Venomous\Common Krait\_DSC0082.jpg,Venomous/Common Krait/_DSC0082.jpg,_DSC0082.jpg,Venomous,Common Krait,311ad5abf59ed0702f9faa8063e299a205e65a2fd4a34b4cbdf58cc4774372ec,1600,948,https://github.com/arjun921/Indian-Snakes-Dataset,VERIFIED,MIT,UNCLEAR,REVIEW_REQUIRED,False,,NOT_DUPLICATE,,,NOT_TEST_LEAKAGE,,DIRECTORY_LABEL_PRESERVED,BASIC_QUALITY_PASS,TECHNICALLY_ELIGIBLE_RIGHTS_UNCLEAR,False,,"Readable, technically unique, leakage-safe, and without unresolved label/quality conflict; technical status does not establish training/reuse rights",ORIGINAL_TECHNICALLY_ELIGIBLE,NOT_APPLICABLE
C:\Users\yesam\Desktop\anviksa_ai\new_training_data\snake_images\Indian-Snakes-Dataset-master\Venomous\Common Krait\baby-krait.jpg,Venomous/Common Krait/baby-krait.jpg,baby-krait.jpg,Venomous,Common Krait,af262e57ff702bb6f44619cb89ba0236cfd835ff7af058edaa988826b2e32c22,1024,768,https://github.com/arjun921/Indian-Snakes-Dataset,VERIFIED,MIT,UNCLEAR,REVIEW_REQUIRED,False,,NOT_DUPLICATE,,,NOT_TEST_LEAKAGE,,DIRECTORY_LABEL_PRESERVED,BASIC_QUALITY_PASS,TECHNICALLY_ELIGIBLE_RIGHTS_UNCLEAR,False,,"Readable, technically unique, leakage-safe, and without unresolved label/quality conflict; technical status does not establish training/reuse rights",ORIGINAL_TECHNICALLY_ELIGIBLE,NOT_APPLICABLE
C:\Users\yesam\Desktop\anviksa_ai\new_training_data\snake_images\Indian-Snakes-Dataset-master\Venomous\Common Krait\body.gif,Venomous/Common Krait/body.gif,body.gif,Venomous,Common Krait,742fcbdc8bdabf0320cb67629c60d5445f9a8f33039bf5fd1d043753b3552e15,400,200,https://github.com/arjun921/Indian-Snakes-Dataset,VERIFIED,MIT,UNCLEAR,REVIEW_REQUIRED,False,,NOT_DUPLICATE,,,NOT_TEST_LEAKAGE,,DIRECTORY_LABEL_PRESERVED,BASIC_QUALITY_PASS,TECHNICALLY_ELIGIBLE_RIGHTS_UNCLEAR,False,,"Readable, technically unique, leakage-safe, and without unresolved label/quality conflict; technical status does not establish training/reuse rights",ORIGINAL_TECHNICALLY_ELIGIBLE,NOT_APPLICABLE
C:\Users\yesam\Desktop\anviksa_ai\new_training_data\snake_images\Indian-Snakes-Dataset-master\Venomous\Common Krait\common krait 2.png,Venomous/Common Krait/common krait 2.png,common krait 2.png,Venomous,Common Krait,50d185a093befcf7fc296df638d0eaa212368955c70074e778c6c11d55c03c6e,320,273,https://github.com/arjun921/Indian-Snakes-Dataset,VERIFIED,MIT,UNCLEAR,REVIEW_REQUIRED,False,,NOT_DUPLICATE,,,NOT_TEST_LEAKAGE,,DIRECTORY_LABEL_PRESERVED,BASIC_QUALITY_PASS,TECHNICALLY_ELIGIBLE_RIGHTS_UNCLEAR,False,,"Readable, technically unique, leakage-safe, and without unresolved label/quality conflict; technical status does not establish training/reuse rights",ORIGINAL_TECHNICALLY_ELIGIBLE,NOT_APPLICABLE
C:\Users\yesam\Desktop\anviksa_ai\new_training_data\snake_images\Indian-Snakes-Dataset-master\Venomous\Common Krait\common-krait-final.jpg,Venomous/Common Krait/common-krait-final.jpg,common-krait-final.jpg,Venomous,Common Krait,dc7f40280b41e271db358d787c3a98fef1ab8af4134209145fc3b92d908f503e,3888,2592,https://github.com/arjun921/Indian-Snakes-Dataset,VERIFIED,MIT,UNCLEAR,REVIEW_REQUIRED,False,,NOT_DUPLICATE,,,NOT_TEST_LEAKAGE,,DIRECTORY_LABEL_PRESERVED,BASIC_QUALITY_PASS,TECHNICALLY_ELIGIBLE_RIGHTS_UNCLEAR,False,,"Readable, technically unique, leakage-safe, and without unresolved label/quality conflict; technical status does not establish training/reuse rights",ORIGINAL_TECHNICALLY_ELIGIBLE,NOT_APPLICABLE
C:\Users\yesam\Desktop\anviksa_ai\new_training_data\snake_images\Indian-Snakes-Dataset-master\Venomous\Common Krait\common-krait-in-latrine-pan.jpg,Venomous/Common Krait/common-krait-in-latrine-pan.jpg,common-krait-in-latrine-pan.jpg,Venomous,Common Krait,15bfcbf023c65b18dfbe40b65c4462dfaef30df5c0a6b1f70c9a967044ca166d,800,600,https://github.com/arjun921/Indian-Snakes-Dataset,VERIFIED,MIT,UNCLEAR,REVIEW_REQUIRED,False,,NOT_DUPLICATE,,,NOT_TEST_LEAKAGE,,DIRECTORY_LABEL_PRESERVED,BASIC_QUALITY_PASS,TECHNICALLY_ELIGIBLE_RIGHTS_UNCLEAR,False,,"Readable, technically unique, leakage-safe, and without unresolved label/quality conflict; technical status does not establish training/reuse rights",ORIGINAL_TECHNICALLY_ELIGIBLE,NOT_APPLICABLE
C:\Users\yesam\Desktop\anviksa_ai\new_training_data\snake_images\Indian-Snakes-Dataset-master\Venomous\Common Krait\common-krait-snake_1500128186.jpeg,Venomous/Common Krait/common-krait-snake_1500128186.jpeg,common-krait-snake_1500128186.jpeg,Venomous,Common Krait,54f7da18c8047c7be95b4c298958b6e28fb5ec7f627302b337cac908721a5ed7,337,156,https://github.com/arjun921/Indian-Snakes-Dataset,VERIFIED,MIT,UNCLEAR,REVIEW_REQUIRED,False,,NOT_DUPLICATE,validation/Venomous_Snake/common-krait-snake_1500128186.jpg,0.717481,NOT_TEST_LEAKAGE,,DIRECTORY_LABEL_PRESERVED,BASIC_QUALITY_PASS,TECHNICALLY_ELIGIBLE_RIGHTS_UNCLEAR,False,,"Readable, technically unique, leakage-safe, and without unresolved label/quality conflict; technical status does not establish training/reuse rights",ORIGINAL_TECHNICALLY_ELIGIBLE,NOT_APPLICABLE
C:\Users\yesam\Desktop\anviksa_ai\new_training_data\snake_images\Indian-Snakes-Dataset-master\Venomous\Common Krait\common-krait_007.jpg,Venomous/Common Krait/common-krait_007.jpg,common-krait_007.jpg,Venomous,Common Krait,1487e5be1b3508f223bba5363e774850b8655b2419cc0a073fb55f0b9d7fef98,1000,496,https://github.com/arjun921/Indian-Snakes-Dataset,VERIFIED,MIT,UNCLEAR,REVIEW_REQUIRED,False,,NOT_DUPLICATE,,,NOT_TEST_LEAKAGE,,DIRECTORY_LABEL_PRESERVED,BASIC_QUALITY_PASS,TECHNICALLY_ELIGIBLE_RIGHTS_UNCLEAR,False,,"Readable, technically unique, leakage-safe, and without unresolved label/quality conflict; technical status does not establish training/reuse rights",ORIGINAL_TECHNICALLY_ELIGIBLE,NOT_APPLICABLE
C:\Users\yesam\Desktop\anviksa_ai\new_training_data\snake_images\Indian-Snakes-Dataset-master\Venomous\Common Krait\common-krait_008.jpg,Venomous/Common Krait/common-krait_008.jpg,common-krait_008.jpg,Venomous,Common Krait,cf9a85e28d82cb5f72658e8550cb57d697e04d698478c70944abf37b68e4ab17,252,202,https://github.com/arjun921/Indian-Snakes-Dataset,VERIFIED,MIT,UNCLEAR,REVIEW_REQUIRED,False,,NOT_DUPLICATE,,,NOT_TEST_LEAKAGE,,DIRECTORY_LABEL_PRESERVED,BASIC_QUALITY_PASS,TECHNICALLY_ELIGIBLE_RIGHTS_UNCLEAR,False,,"Readable, technically unique, leakage-safe, and without unresolved label/quality conflict; technical status does not establish training/reuse rights",ORIGINAL_TECHNICALLY_ELIGIBLE,NOT_APPLICABLE
C:\Users\yesam\Desktop\anviksa_ai\new_training_data\snake_images\Indian-Snakes-Dataset-master\Venomous\Common Krait\hqdefault_010.jpg,Venomous/Common Krait/hqdefault_010.jpg,hqdefault_010.jpg,Venomous,Common Krait,ee14e582158cffbc6c760156373575e7f30c3f16fee9f5de4422b6607164eb72,480,360,https://github.com/arjun921/Indian-Snakes-Dataset,VERIFIED,MIT,UNCLEAR,REVIEW_REQUIRED,False,,NOT_DUPLICATE,,,NOT_TEST_LEAKAGE,,DIRECTORY_LABEL_PRESERVED,BASIC_QUALITY_PASS,TECHNICALLY_ELIGIBLE_RIGHTS_UNCLEAR,False,,"Readable, technically unique, leakage-safe, and without unresolved label/quality conflict; technical status does not establish training/reuse rights",ORIGINAL_TECHNICALLY_ELIGIBLE,NOT_APPLICABLE
C:\Users\yesam\Desktop\anviksa_ai\new_training_data\snake_images\Indian-Snakes-Dataset-master\Venomous\Common Krait\IMG_0010 (1).JPG,Venomous/Common Krait/IMG_0010 (1).JPG,IMG_0010 (1).JPG,Venomous,Common Krait,93854205ac551b1b14b6ec12e16d55cc72eaffe99b90b6cbd3f59edcd58c6f59,1199,1600,https://github.com/arjun921/Indian-Snakes-Dataset,VERIFIED,MIT,UNCLEAR,REVIEW_REQUIRED,False,,NOT_DUPLICATE,,,NOT_TEST_LEAKAGE,,DIRECTORY_LABEL_PRESERVED,BASIC_QUALITY_PASS,TECHNICALLY_ELIGIBLE_RIGHTS_UNCLEAR,False,,"Readable, technically unique, leakage-safe, and without unresolved label/quality conflict; technical status does not establish training/reuse rights",ORIGINAL_TECHNICALLY_ELIGIBLE,NOT_APPLICABLE
C:\Users\yesam\Desktop\anviksa_ai\new_training_data\snake_images\Indian-Snakes-Dataset-master\Venomous\Common Krait\krait.jpg,Venomous/Common Krait/krait.jpg,krait.jpg,Venomous,Common Krait,5a5e16dd9a0a73b7c045e4d2b114b71bfe5bd4e69b426ed0108caed1f8e17728,621,466,https://github.com/arjun921/Indian-Snakes-Dataset,VERIFIED,MIT,UNCLEAR,REVIEW_REQUIRED,False,,NOT_DUPLICATE,,,NOT_TEST_LEAKAGE,,DIRECTORY_LABEL_PRESERVED,BASIC_QUALITY_PASS,TECHNICALLY_ELIGIBLE_RIGHTS_UNCLEAR,False,,"Readable, technically unique, leakage-safe, and without unresolved label/quality conflict; technical status does not establish training/reuse rights",ORIGINAL_TECHNICALLY_ELIGIBLE,NOT_APPLICABLE
C:\Users\yesam\Desktop\anviksa_ai\new_training_data\snake_images\Indian-Snakes-Dataset-master\Venomous\Common Krait\srep238-g002.gif,Venomous/Common Krait/srep238-g002.gif,srep238-g002.gif,Venomous,Common Krait,98b3b7b249285308f55edbdf4e12acb835cc26a82e74fea4671dadd1829c8fba,500,391,https://github.com/arjun921/Indian-Snakes-Dataset,VERIFIED,MIT,UNCLEAR,REVIEW_REQUIRED,False,,NOT_DUPLICATE,,,NOT_TEST_LEAKAGE,,DIRECTORY_LABEL_PRESERVED,BASIC_QUALITY_PASS,TECHNICALLY_ELIGIBLE_RIGHTS_UNCLEAR,False,,"Readable, technically unique, leakage-safe, and without unresolved label/quality conflict; technical status does not establish training/reuse rights",ORIGINAL_TECHNICALLY_ELIGIBLE,NOT_APPLICABLE
C:\Users\yesam\Desktop\anviksa_ai\new_training_data\snake_images\Indian-Snakes-Dataset-master\Venomous\Common Krait\wallssindkrait.jpg,Venomous/Common Krait/wallssindkrait.jpg,wallssindkrait.jpg,Venomous,Common Krait,096b4345b934f1ce20fed5db052b242b9bcf58d1ffeb0ef15dcf8a0ff19288ab,621,466,https://github.com/arjun921/Indian-Snakes-Dataset,VERIFIED,MIT,UNCLEAR,REVIEW_REQUIRED,False,,NOT_DUPLICATE,,,NOT_TEST_LEAKAGE,,DIRECTORY_LABEL_PRESERVED,BASIC_QUALITY_PASS,TECHNICALLY_ELIGIBLE_RIGHTS_UNCLEAR,False,,"Readable, technically unique, leakage-safe, and without unresolved label/quality conflict; technical status does not establish training/reuse rights",ORIGINAL_TECHNICALLY_ELIGIBLE,NOT_APPLICABLE
C:\Users\yesam\Desktop\anviksa_ai\new_training_data\snake_images\Indian-Snakes-Dataset-master\Venomous\Common Krait\wolfsnake.jpg,Venomous/Common Krait/wolfsnake.jpg,wolfsnake.jpg,Venomous,Common Krait,8d647f5db4617ab4ec671c1c7763b5366337790d4dfc65ad366810a98f5b98c1,715,517,https://github.com/arjun921/Indian-Snakes-Dataset,VERIFIED,MIT,UNCLEAR,REVIEW_REQUIRED,False,,NOT_DUPLICATE,,,NOT_TEST_LEAKAGE,,DIRECTORY_LABEL_PRESERVED,BASIC_QUALITY_PASS,TECHNICALLY_ELIGIBLE_RIGHTS_UNCLEAR,False,,"Readable, technically unique, leakage-safe, and without unresolved label/quality conflict; technical status does not establish training/reuse rights",ORIGINAL_TECHNICALLY_ELIGIBLE,NOT_APPLICABLE
C:\Users\yesam\Desktop\anviksa_ai\new_training_data\snake_images\Indian-Snakes-Dataset-master\Venomous\King Cobra\120418-Rom-Whitaker-with-adult-male-king-cobra-rescued-from-a-house-in-Agumbe.jpg,Venomous/King Cobra/120418-Rom-Whitaker-with-adult-male-king-cobra-rescued-from-a-house-in-Agumbe.jpg,120418-Rom-Whitaker-with-adult-male-king-cobra-rescued-from-a-house-in-Agumbe.jpg,Venomous,King Cobra,f9f6aaf51fdbc53adbb912074c986ebb0efc7f258c7274193fa80c09cc6a15f3,800,800,https://github.com/arjun921/Indian-Snakes-Dataset,VERIFIED,MIT,UNCLEAR,REVIEW_REQUIRED,False,,NOT_DUPLICATE,,,NOT_TEST_LEAKAGE,,DIRECTORY_LABEL_PRESERVED,BASIC_QUALITY_PASS,TECHNICALLY_ELIGIBLE_RIGHTS_UNCLEAR,False,,"Readable, technically unique, leakage-safe, and without unresolved label/quality conflict; technical status does not establish training/reuse rights",ORIGINAL_TECHNICALLY_ELIGIBLE,NOT_APPLICABLE
C:\Users\yesam\Desktop\anviksa_ai\new_training_data\snake_images\Indian-Snakes-Dataset-master\Venomous\King Cobra\31AFC94800000578-3469122-Footage_shows_the_incredible_moment_a_plucky_12_year_old_boy_tou-a-1_1456742703298.jpg,Venomous/King Cobra/31AFC94800000578-3469122-Footage_shows_the_incredible_moment_a_plucky_12_year_old_boy_tou-a-1_1456742703298.jpg,31AFC94800000578-3469122-Footage_shows_the_incredible_moment_a_plucky_12_year_old_boy_tou-a-1_1456742703298.jpg,Venomous,King Cobra,d4839fc39dfdbc90d3f4db55fa6609fc4073960cbd8f996162a54c0e18981f14,634,357,https://github.com/arjun921/Indian-Snakes-Dataset,VERIFIED,MIT,UNCLEAR,REVIEW_REQUIRED,False,,NOT_DUPLICATE,,,NOT_TEST_LEAKAGE,,DIRECTORY_LABEL_PRESERVED,BASIC_QUALITY_PASS,TECHNICALLY_ELIGIBLE_RIGHTS_UNCLEAR,False,,"Readable, technically unique, leakage-safe, and without unresolved label/quality conflict; technical status does not establish training/reuse rights",ORIGINAL_TECHNICALLY_ELIGIBLE,NOT_APPLICABLE
C:\Users\yesam\Desktop\anviksa_ai\new_training_data\snake_images\Indian-Snakes-Dataset-master\Venomous\King Cobra\3705023_orig.png,Venomous/King Cobra/3705023_orig.png,3705023_orig.png,Venomous,King Cobra,ff822c068b33a717e8121b36d96cf8ad663c93bdd202f35d0fefa571b16e6fc1,903,450,https://github.com/arjun921/Indian-Snakes-Dataset,VERIFIED,MIT,UNCLEAR,REVIEW_REQUIRED,False,,NOT_DUPLICATE,,,NOT_TEST_LEAKAGE,,DIRECTORY_LABEL_PRESERVED,BASIC_QUALITY_PASS,TECHNICALLY_ELIGIBLE_RIGHTS_UNCLEAR,False,,"Readable, technically unique, leakage-safe, and without unresolved label/quality conflict; technical status does not establish training/reuse rights",ORIGINAL_TECHNICALLY_ELIGIBLE,NOT_APPLICABLE
C:\Users\yesam\Desktop\anviksa_ai\new_training_data\snake_images\Indian-Snakes-Dataset-master\Venomous\King Cobra\69bb5d81e366d17ee82869fca4ab08b9.jpg,Venomous/King Cobra/69bb5d81e366d17ee82869fca4ab08b9.jpg,69bb5d81e366d17ee82869fca4ab08b9.jpg,Venomous,King Cobra,0f049972790253a463a0edb4936d7aa89940aa21a616a3a664bd845e8d2116ed,1024,805,https://github.com/arjun921/Indian-Snakes-Dataset,VERIFIED,MIT,UNCLEAR,REVIEW_REQUIRED,False,,NOT_DUPLICATE,,,NOT_TEST_LEAKAGE,,DIRECTORY_LABEL_PRESERVED,BASIC_QUALITY_PASS,TECHNICALLY_ELIGIBLE_RIGHTS_UNCLEAR,False,,"Readable, technically unique, leakage-safe, and without unresolved label/quality conflict; technical status does not establish training/reuse rights",ORIGINAL_TECHNICALLY_ELIGIBLE,NOT_APPLICABLE
C:\Users\yesam\Desktop\anviksa_ai\new_training_data\snake_images\Indian-Snakes-Dataset-master\Venomous\King Cobra\king_cobra2.jpg,Venomous/King Cobra/king_cobra2.jpg,king_cobra2.jpg,Venomous,King Cobra,1b3c7106cf805ba16af531a7fde34ad9ed71d95abb1d044846d1d3d6b379d41d,791,507,https://github.com/arjun921/Indian-Snakes-Dataset,VERIFIED,MIT,UNCLEAR,REVIEW_REQUIRED,False,,NOT_DUPLICATE,,,NOT_TEST_LEAKAGE,,DIRECTORY_LABEL_PRESERVED,BASIC_QUALITY_PASS,TECHNICALLY_ELIGIBLE_RIGHTS_UNCLEAR,False,,"Readable, technically unique, leakage-safe, and without unresolved label/quality conflict; technical status does not establish training/reuse rights",ORIGINAL_TECHNICALLY_ELIGIBLE,NOT_APPLICABLE
C:\Users\yesam\Desktop\anviksa_ai\new_training_data\snake_images\Indian-Snakes-Dataset-master\Venomous\King Cobra\king_cobra3.jpg,Venomous/King Cobra/king_cobra3.jpg,king_cobra3.jpg,Venomous,King Cobra,10d43b894abb7f2c89583c0fc2ea34af500dbd195bc1349c132b6f0eac1afe02,791,507,https://github.com/arjun921/Indian-Snakes-Dataset,VERIFIED,MIT,UNCLEAR,REVIEW_REQUIRED,False,,NOT_DUPLICATE,,,NOT_TEST_LEAKAGE,,DIRECTORY_LABEL_PRESERVED,BASIC_QUALITY_PASS,TECHNICALLY_ELIGIBLE_RIGHTS_UNCLEAR,False,,"Readable, technically unique, leakage-safe, and without unresolved label/quality conflict; technical status does not establish training/reuse rights",ORIGINAL_TECHNICALLY_ELIGIBLE,NOT_APPLICABLE
C:\Users\yesam\Desktop\anviksa_ai\new_training_data\snake_images\Indian-Snakes-Dataset-master\Venomous\King Cobra\villagers-in-a-drought-hit-region-of-india-let-a-king-cobra-drink-from-a-bottle-of-water.jpg,Venomous/King Cobra/villagers-in-a-drought-hit-region-of-india-let-a-king-cobra-drink-from-a-bottle-of-water.jpg,villagers-in-a-drought-hit-region-of-india-let-a-king-cobra-drink-from-a-bottle-of-water.jpg,Venomous,King Cobra,03e2d46503088356f586c4741ec147b45f11f27d3526798de5e13e6ad6cb5c2c,1440,1080,https://github.com/arjun921/Indian-Snakes-Dataset,VERIFIED,MIT,UNCLEAR,REVIEW_REQUIRED,False,,NOT_DUPLICATE,,,NOT_TEST_LEAKAGE,,DIRECTORY_LABEL_PRESERVED,BASIC_QUALITY_PASS,TECHNICALLY_ELIGIBLE_RIGHTS_UNCLEAR,False,,"Readable, technically unique, leakage-safe, and without unresolved label/quality conflict; technical status does not establish training/reuse rights",ORIGINAL_TECHNICALLY_ELIGIBLE,NOT_APPLICABLE
C:\Users\yesam\Desktop\anviksa_ai\new_training_data\snake_images\Indian-Snakes-Dataset-master\Venomous\Monocled Cobra\rearfanged~~element117.JPG,Venomous/Monocled Cobra/rearfanged~~element117.JPG,rearfanged~~element117.JPG,Venomous,Monocled Cobra,3f48cd55dfe2ccb623faf8eebff33df03cb6c066e3e4ec5f0905e98b1ded379c,791,525,https://github.com/arjun921/Indian-Snakes-Dataset,VERIFIED,MIT,UNCLEAR,REVIEW_REQUIRED,False,,NOT_DUPLICATE,,,NOT_TEST_LEAKAGE,,DIRECTORY_LABEL_PRESERVED,BASIC_QUALITY_PASS,TECHNICALLY_ELIGIBLE_RIGHTS_UNCLEAR,False,,"Readable, technically unique, leakage-safe, and without unresolved label/quality conflict; technical status does not establish training/reuse rights",ORIGINAL_TECHNICALLY_ELIGIBLE,NOT_APPLICABLE
C:\Users\yesam\Desktop\anviksa_ai\new_training_data\snake_images\Indian-Snakes-Dataset-master\Venomous\Russell's Viper\mod_dsc047651.jpg,Venomous/Russell's Viper/mod_dsc047651.jpg,mod_dsc047651.jpg,Venomous,Russell's Viper,fb707a2c906450e080c741f6b1271d4f39648b59c130bf002686e34587d89def,1304,1460,https://github.com/arjun921/Indian-Snakes-Dataset,VERIFIED,MIT,UNCLEAR,REVIEW_REQUIRED,False,,NOT_DUPLICATE,,,NOT_TEST_LEAKAGE,,DIRECTORY_LABEL_PRESERVED,BASIC_QUALITY_PASS,TECHNICALLY_ELIGIBLE_RIGHTS_UNCLEAR,False,,"Readable, technically unique, leakage-safe, and without unresolved label/quality conflict; technical status does not establish training/reuse rights",ORIGINAL_TECHNICALLY_ELIGIBLE,NOT_APPLICABLE
C:\Users\yesam\Desktop\anviksa_ai\new_training_data\snake_images\Indian-Snakes-Dataset-master\Venomous\Russell's Viper\rw-146-RussellsViperorDaboya.png,Venomous/Russell's Viper/rw-146-RussellsViperorDaboya.png,rw-146-RussellsViperorDaboya.png,Venomous,Russell's Viper,396b1e63c0bbf18f5ce5140f669b46444eebbef7ce4f4a4158aa4b4d027ca825,498,367,https://github.com/arjun921/Indian-Snakes-Dataset,VERIFIED,MIT,UNCLEAR,REVIEW_REQUIRED,False,,NOT_DUPLICATE,,,NOT_TEST_LEAKAGE,,DIRECTORY_LABEL_PRESERVED,BASIC_QUALITY_PASS,TECHNICALLY_ELIGIBLE_RIGHTS_UNCLEAR,False,,"Readable, technically unique, leakage-safe, and without unresolved label/quality conflict; technical status does not establish training/reuse rights",ORIGINAL_TECHNICALLY_ELIGIBLE,NOT_APPLICABLE
C:\Users\yesam\Desktop\anviksa_ai\new_training_data\snake_images\Indian-Snakes-Dataset-master\Venomous\Russell's Viper\stock-photo-tirunelveli-tamil-nadu-india-february-indian-man-catches-a-russell-s-viper-on-february-144885574.jpg,Venomous/Russell's Viper/stock-photo-tirunelveli-tamil-nadu-india-february-indian-man-catches-a-russell-s-viper-on-february-144885574.jpg,stock-photo-tirunelveli-tamil-nadu-india-february-indian-man-catches-a-russell-s-viper-on-february-144885574.jpg,Venomous,Russell's Viper,3f4629d36eb0298d3bad4d896a991fc89516024ee918a28518ed9b5b40c0d322,299,470,https://github.com/arjun921/Indian-Snakes-Dataset,VERIFIED,MIT,UNCLEAR,REVIEW_REQUIRED,False,,NOT_DUPLICATE,,,NOT_TEST_LEAKAGE,,DIRECTORY_LABEL_PRESERVED,BASIC_QUALITY_PASS,TECHNICALLY_ELIGIBLE_RIGHTS_UNCLEAR,False,,"Readable, technically unique, leakage-safe, and without unresolved label/quality conflict; technical status does not establish training/reuse rights",ORIGINAL_TECHNICALLY_ELIGIBLE,NOT_APPLICABLE
C:\Users\yesam\Desktop\anviksa_ai\new_training_data\snake_images\Indian-Snakes-Dataset-master\Venomous\Russell's Viper\viper-for-jasmine_img_0518.jpg,Venomous/Russell's Viper/viper-for-jasmine_img_0518.jpg,viper-for-jasmine_img_0518.jpg,Venomous,Russell's Viper,cdc4487c773f008a8daf21501a18482aaaf9bdeb0b8baeb4be2995675df1be5e,1426,950,https://github.com/arjun921/Indian-Snakes-Dataset,VERIFIED,MIT,UNCLEAR,REVIEW_REQUIRED,False,,NOT_DUPLICATE,,,NOT_TEST_LEAKAGE,,DIRECTORY_LABEL_PRESERVED,BASIC_QUALITY_PASS,TECHNICALLY_ELIGIBLE_RIGHTS_UNCLEAR,False,,"Readable, technically unique, leakage-safe, and without unresolved label/quality conflict; technical status does not establish training/reuse rights",ORIGINAL_TECHNICALLY_ELIGIBLE,NOT_APPLICABLE
C:\Users\yesam\Desktop\anviksa_ai\new_training_data\snake_images\Indian-Snakes-Dataset-master\Venomous\Saw-scaled Viper\0450.jpeg,Venomous/Saw-scaled Viper/0450.jpeg,0450.jpeg,Venomous,Saw-scaled Viper,f0bc96959691d48a725c66b178c3cc6ae71ffe1c1b8db48d8205fb5fd9964bbe,550,367,https://github.com/arjun921/Indian-Snakes-Dataset,VERIFIED,MIT,UNCLEAR,REVIEW_REQUIRED,False,,NOT_DUPLICATE,,,NOT_TEST_LEAKAGE,,DIRECTORY_LABEL_PRESERVED,BASIC_QUALITY_PASS,TECHNICALLY_ELIGIBLE_RIGHTS_UNCLEAR,False,,"Readable, technically unique, leakage-safe, and without unresolved label/quality conflict; technical status does not establish training/reuse rights",ORIGINAL_TECHNICALLY_ELIGIBLE,NOT_APPLICABLE
C:\Users\yesam\Desktop\anviksa_ai\new_training_data\snake_images\Indian-Snakes-Dataset-master\Venomous\Saw-scaled Viper\0636.jpeg,Venomous/Saw-scaled Viper/0636.jpeg,0636.jpeg,Venomous,Saw-scaled Viper,190283c19a275fa721fd61f3144227390046c94b9693a03ee8241cfe9080d20a,700,500,https://github.com/arjun921/Indian-Snakes-Dataset,VERIFIED,MIT,UNCLEAR,REVIEW_REQUIRED,False,,NOT_DUPLICATE,,,NOT_TEST_LEAKAGE,,DIRECTORY_LABEL_PRESERVED,BASIC_QUALITY_PASS,TECHNICALLY_ELIGIBLE_RIGHTS_UNCLEAR,False,,"Readable, technically unique, leakage-safe, and without unresolved label/quality conflict; technical status does not establish training/reuse rights",ORIGINAL_TECHNICALLY_ELIGIBLE,NOT_APPLICABLE
C:\Users\yesam\Desktop\anviksa_ai\new_training_data\snake_images\Indian-Snakes-Dataset-master\Venomous\Saw-scaled Viper\0820.jpeg,Venomous/Saw-scaled Viper/0820.jpeg,0820.jpeg,Venomous,Saw-scaled Viper,591b5f53ab44173b9030ccf2929023ff865b132dae0437d4a9b525bb56d2d7d1,850,567,https://github.com/arjun921/Indian-Snakes-Dataset,VERIFIED,MIT,UNCLEAR,REVIEW_REQUIRED,False,,NOT_DUPLICATE,,,NOT_TEST_LEAKAGE,,DIRECTORY_LABEL_PRESERVED,BASIC_QUALITY_PASS,TECHNICALLY_ELIGIBLE_RIGHTS_UNCLEAR,False,,"Readable, technically unique, leakage-safe, and without unresolved label/quality conflict; technical status does not establish training/reuse rights",ORIGINAL_TECHNICALLY_ELIGIBLE,NOT_APPLICABLE
C:\Users\yesam\Desktop\anviksa_ai\new_training_data\snake_images\Indian-Snakes-Dataset-master\Venomous\Saw-scaled Viper\0977.jpeg,Venomous/Saw-scaled Viper/0977.jpeg,0977.jpeg,Venomous,Saw-scaled Viper,d0a0027e20311b32cf7df09cb050ffd1c6724578936deb7b608e917fb7c1b87b,432,288,https://github.com/arjun921/Indian-Snakes-Dataset,VERIFIED,MIT,UNCLEAR,REVIEW_REQUIRED,False,,NOT_DUPLICATE,,,NOT_TEST_LEAKAGE,,DIRECTORY_LABEL_PRESERVED,BASIC_QUALITY_PASS,TECHNICALLY_ELIGIBLE_RIGHTS_UNCLEAR,False,,"Readable, technically unique, leakage-safe, and without unresolved label/quality conflict; technical status does not establish training/reuse rights",ORIGINAL_TECHNICALLY_ELIGIBLE,NOT_APPLICABLE
C:\Users\yesam\Desktop\anviksa_ai\new_training_data\snake_images\Indian-Snakes-Dataset-master\Venomous\Saw-scaled Viper\1046.jpeg,Venomous/Saw-scaled Viper/1046.jpeg,1046.jpeg,Venomous,Saw-scaled Viper,3853d56a0a75ae32f6cc88bc8f1720a1f20c79d18d3a908e1109af588c254497,550,367,https://github.com/arjun921/Indian-Snakes-Dataset,VERIFIED,MIT,UNCLEAR,REVIEW_REQUIRED,False,,NOT_DUPLICATE,,,NOT_TEST_LEAKAGE,,DIRECTORY_LABEL_PRESERVED,BASIC_QUALITY_PASS,TECHNICALLY_ELIGIBLE_RIGHTS_UNCLEAR,False,,"Readable, technically unique, leakage-safe, and without unresolved label/quality conflict; technical status does not establish training/reuse rights",ORIGINAL_TECHNICALLY_ELIGIBLE,NOT_APPLICABLE
C:\Users\yesam\Desktop\anviksa_ai\new_training_data\snake_images\Indian-Snakes-Dataset-master\Venomous\Saw-scaled Viper\1056.jpeg,Venomous/Saw-scaled Viper/1056.jpeg,1056.jpeg,Venomous,Saw-scaled Viper,ef5fe2a1427c7f7f9cc6784665b90219a04a1a902d7ace48c68b3120c990dcc4,650,535,https://github.com/arjun921/Indian-Snakes-Dataset,VERIFIED,MIT,UNCLEAR,REVIEW_REQUIRED,False,,NOT_DUPLICATE,,,NOT_TEST_LEAKAGE,,DIRECTORY_LABEL_PRESERVED,BASIC_QUALITY_PASS,TECHNICALLY_ELIGIBLE_RIGHTS_UNCLEAR,False,,"Readable, technically unique, leakage-safe, and without unresolved label/quality conflict; technical status does not establish training/reuse rights",ORIGINAL_TECHNICALLY_ELIGIBLE,NOT_APPLICABLE
C:\Users\yesam\Desktop\anviksa_ai\new_training_data\snake_images\Indian-Snakes-Dataset-master\Venomous\Saw-scaled Viper\1209.jpeg,Venomous/Saw-scaled Viper/1209.jpeg,1209.jpeg,Venomous,Saw-scaled Viper,f72cc801c724d90288df3b57688b9d00d8ac9613a613f083192531d5cd9bec75,850,567,https://github.com/arjun921/Indian-Snakes-Dataset,VERIFIED,MIT,UNCLEAR,REVIEW_REQUIRED,False,,NOT_DUPLICATE,,,NOT_TEST_LEAKAGE,,DIRECTORY_LABEL_PRESERVED,BASIC_QUALITY_PASS,TECHNICALLY_ELIGIBLE_RIGHTS_UNCLEAR,False,,"Readable, technically unique, leakage-safe, and without unresolved label/quality conflict; technical status does not establish training/reuse rights",ORIGINAL_TECHNICALLY_ELIGIBLE,NOT_APPLICABLE
C:\Users\yesam\Desktop\anviksa_ai\new_training_data\snake_images\Indian-Snakes-Dataset-master\Venomous\Saw-scaled Viper\1440.jpeg,Venomous/Saw-scaled Viper/1440.jpeg,1440.jpeg,Venomous,Saw-scaled Viper,d1f828cd6f8e95ccccec21ced9dce8df6c8d5fa2059f382e4aa0944660ce8246,690,433,https://github.com/arjun921/Indian-Snakes-Dataset,VERIFIED,MIT,UNCLEAR,REVIEW_REQUIRED,False,,NOT_DUPLICATE,,,NOT_TEST_LEAKAGE,,DIRECTORY_LABEL_PRESERVED,BASIC_QUALITY_PASS,TECHNICALLY_ELIGIBLE_RIGHTS_UNCLEAR,False,,"Readable, technically unique, leakage-safe, and without unresolved label/quality conflict; technical status does not establish training/reuse rights",ORIGINAL_TECHNICALLY_ELIGIBLE,NOT_APPLICABLE
C:\Users\yesam\Desktop\anviksa_ai\new_training_data\snake_images\Indian-Snakes-Dataset-master\Venomous\Saw-scaled Viper\saw scaled viper.gif,Venomous/Saw-scaled Viper/saw scaled viper.gif,saw scaled viper.gif,Venomous,Saw-scaled Viper,d8d6d90563e2551a88e56e18b94bf0913bd7928382cb85f284096f855b6b2d6a,440,423,https://github.com/arjun921/Indian-Snakes-Dataset,VERIFIED,MIT,UNCLEAR,REVIEW_REQUIRED,False,,NOT_DUPLICATE,,,NOT_TEST_LEAKAGE,,DIRECTORY_LABEL_PRESERVED,BASIC_QUALITY_PASS,TECHNICALLY_ELIGIBLE_RIGHTS_UNCLEAR,False,,"Readable, technically unique, leakage-safe, and without unresolved label/quality conflict; technical status does not establish training/reuse rights",ORIGINAL_TECHNICALLY_ELIGIBLE,NOT_APPLICABLE
C:\Users\yesam\Desktop\anviksa_ai\new_training_data\snake_images\Indian-Snakes-Dataset-master\Venomous\Saw-scaled Viper\Saw-scaled Viper_002.jpg,Venomous/Saw-scaled Viper/Saw-scaled Viper_002.jpg,Saw-scaled Viper_002.jpg,Venomous,Saw-scaled Viper,65f5d790876073d63e6643a797c6a69f07fcabbf23ba16f46fb72a8f847756b5,2592,1944,https://github.com/arjun921/Indian-Snakes-Dataset,VERIFIED,MIT,UNCLEAR,REVIEW_REQUIRED,False,,NOT_DUPLICATE,validation/Venomous_Snake/Saw-scaled Viper_002.jpg,0.048905,NOT_TEST_LEAKAGE,,DIRECTORY_LABEL_PRESERVED,BASIC_QUALITY_PASS,TECHNICALLY_ELIGIBLE_RIGHTS_UNCLEAR,False,,"Readable, technically unique, leakage-safe, and without unresolved label/quality conflict; technical status does not establish training/reuse rights",ORIGINAL_TECHNICALLY_ELIGIBLE,NOT_APPLICABLE
C:\Users\yesam\Desktop\anviksa_ai\new_training_data\snake_images\Indian-Snakes-Dataset-master\Venomous\Saw-scaled Viper\west-african-carpet-viper-echis-ocellatus-west-africa-also-known-as-CEHX79.jpg,Venomous/Saw-scaled Viper/west-african-carpet-viper-echis-ocellatus-west-africa-also-known-as-CEHX79.jpg,west-african-carpet-viper-echis-ocellatus-west-africa-also-known-as-CEHX79.jpg,Venomous,Saw-scaled Viper,a4019fa0bf5103dc8752ea1df51d7ff523bbba52fc60d4b3b34cfc2ad3b8de3b,1300,940,https://github.com/arjun921/Indian-Snakes-Dataset,VERIFIED,MIT,UNCLEAR,REVIEW_REQUIRED,False,,NOT_DUPLICATE,,,NOT_TEST_LEAKAGE,,DIRECTORY_LABEL_PRESERVED,BASIC_QUALITY_PASS,TECHNICALLY_ELIGIBLE_RIGHTS_UNCLEAR,False,,"Readable, technically unique, leakage-safe, and without unresolved label/quality conflict; technical status does not establish training/reuse rights",ORIGINAL_TECHNICALLY_ELIGIBLE,NOT_APPLICABLE
C:\Users\yesam\Desktop\anviksa_ai\new_training_data\snake_images\Indian-Snakes-Dataset-master\Venomous\Spectacled Cobra\0224.jpeg,Venomous/Spectacled Cobra/0224.jpeg,0224.jpeg,Venomous,Spectacled Cobra,14e2c81cf6d04f3098abdfe5a0261c4d084fe5e195fd3f7c8d09729bc4723092,1024,768,https://github.com/arjun921/Indian-Snakes-Dataset,VERIFIED,MIT,UNCLEAR,REVIEW_REQUIRED,False,,NOT_DUPLICATE,,,NOT_TEST_LEAKAGE,,DIRECTORY_LABEL_PRESERVED,BASIC_QUALITY_PASS,TECHNICALLY_ELIGIBLE_RIGHTS_UNCLEAR,False,,"Readable, technically unique, leakage-safe, and without unresolved label/quality conflict; technical status does not establish training/reuse rights",ORIGINAL_TECHNICALLY_ELIGIBLE,NOT_APPLICABLE
C:\Users\yesam\Desktop\anviksa_ai\new_training_data\snake_images\Indian-Snakes-Dataset-master\Venomous\Spectacled Cobra\1078.jpeg,Venomous/Spectacled Cobra/1078.jpeg,1078.jpeg,Venomous,Spectacled Cobra,6c92263bccdb73fe925c808cca8cc9c46a470c7f19f743cfd6001158fb2a87d2,550,346,https://github.com/arjun921/Indian-Snakes-Dataset,VERIFIED,MIT,UNCLEAR,REVIEW_REQUIRED,False,,NOT_DUPLICATE,,,NOT_TEST_LEAKAGE,,DIRECTORY_LABEL_PRESERVED,BASIC_QUALITY_PASS,TECHNICALLY_ELIGIBLE_RIGHTS_UNCLEAR,False,,"Readable, technically unique, leakage-safe, and without unresolved label/quality conflict; technical status does not establish training/reuse rights",ORIGINAL_TECHNICALLY_ELIGIBLE,NOT_APPLICABLE
C:\Users\yesam\Desktop\anviksa_ai\new_training_data\snake_images\Indian-Snakes-Dataset-master\Venomous\Spectacled Cobra\1107.jpeg,Venomous/Spectacled Cobra/1107.jpeg,1107.jpeg,Venomous,Spectacled Cobra,8d641c6ba27614274b7506d40fea30a3e8ba41ae9e6c477a790c5301d76e385c,730,570,https://github.com/arjun921/Indian-Snakes-Dataset,VERIFIED,MIT,UNCLEAR,REVIEW_REQUIRED,False,,NOT_DUPLICATE,,,NOT_TEST_LEAKAGE,,DIRECTORY_LABEL_PRESERVED,BASIC_QUALITY_PASS,TECHNICALLY_ELIGIBLE_RIGHTS_UNCLEAR,False,,"Readable, technically unique, leakage-safe, and without unresolved label/quality conflict; technical status does not establish training/reuse rights",ORIGINAL_TECHNICALLY_ELIGIBLE,NOT_APPLICABLE
C:\Users\yesam\Desktop\anviksa_ai\new_training_data\snake_images\Indian-Snakes-Dataset-master\Venomous\Spectacled Cobra\_RAM2084_Indian_Spectacled_Cobra.jpg,Venomous/Spectacled Cobra/_RAM2084_Indian_Spectacled_Cobra.jpg,_RAM2084_Indian_Spectacled_Cobra.jpg,Venomous,Spectacled Cobra,b77161732bca8ab435ab88717d0c13b10e95fdd7195e29a607bbb710a12364b4,900,585,https://github.com/arjun921/Indian-Snakes-Dataset,VERIFIED,MIT,UNCLEAR,REVIEW_REQUIRED,False,,NOT_DUPLICATE,,,NOT_TEST_LEAKAGE,,DIRECTORY_LABEL_PRESERVED,BASIC_QUALITY_PASS,TECHNICALLY_ELIGIBLE_RIGHTS_UNCLEAR,False,,"Readable, technically unique, leakage-safe, and without unresolved label/quality conflict; technical status does not establish training/reuse rights",ORIGINAL_TECHNICALLY_ELIGIBLE,NOT_APPLICABLE
C:\Users\yesam\Desktop\anviksa_ai\new_training_data\snake_images\Indian-Snakes-Dataset-master\Venomous\Spectacled Cobra\DSC00829.gif,Venomous/Spectacled Cobra/DSC00829.gif,DSC00829.gif,Venomous,Spectacled Cobra,4564285c1cef8d559eddc722a66eb55d59f9693aae531e4b57d60fcdb29f0037,500,333,https://github.com/arjun921/Indian-Snakes-Dataset,VERIFIED,MIT,UNCLEAR,REVIEW_REQUIRED,False,,NOT_DUPLICATE,,,NOT_TEST_LEAKAGE,,DIRECTORY_LABEL_PRESERVED,BASIC_QUALITY_PASS,TECHNICALLY_ELIGIBLE_RIGHTS_UNCLEAR,False,,"Readable, technically unique, leakage-safe, and without unresolved label/quality conflict; technical status does not establish training/reuse rights",ORIGINAL_TECHNICALLY_ELIGIBLE,NOT_APPLICABLE
C:\Users\yesam\Desktop\anviksa_ai\new_training_data\snake_images\Indian-Snakes-Dataset-master\Venomous\Spectacled Cobra\img_7982.jpg,Venomous/Spectacled Cobra/img_7982.jpg,img_7982.jpg,Venomous,Spectacled Cobra,ef6083ff68b3d4e7f8396533b431f5baad32b40acab13a0905932b431d418b1b,3240,4320,https://github.com/arjun921/Indian-Snakes-Dataset,VERIFIED,MIT,UNCLEAR,REVIEW_REQUIRED,False,,NOT_DUPLICATE,,,NOT_TEST_LEAKAGE,,DIRECTORY_LABEL_PRESERVED,BASIC_QUALITY_PASS,TECHNICALLY_ELIGIBLE_RIGHTS_UNCLEAR,False,,"Readable, technically unique, leakage-safe, and without unresolved label/quality conflict; technical status does not establish training/reuse rights",ORIGINAL_TECHNICALLY_ELIGIBLE,NOT_APPLICABLE
C:\Users\yesam\Desktop\anviksa_ai\new_training_data\snake_images\Indian-Snakes-Dataset-master\Venomous\Spectacled Cobra\naja2-523x600.png,Venomous/Spectacled Cobra/naja2-523x600.png,naja2-523x600.png,Venomous,Spectacled Cobra,3946fe396595bca83575b0cc6f6a25f4c65a82ec433800eb651726f288cbca32,523,600,https://github.com/arjun921/Indian-Snakes-Dataset,VERIFIED,MIT,UNCLEAR,REVIEW_REQUIRED,False,,NOT_DUPLICATE,,,NOT_TEST_LEAKAGE,,DIRECTORY_LABEL_PRESERVED,BASIC_QUALITY_PASS,TECHNICALLY_ELIGIBLE_RIGHTS_UNCLEAR,False,,"Readable, technically unique, leakage-safe, and without unresolved label/quality conflict; technical status does not establish training/reuse rights",ORIGINAL_TECHNICALLY_ELIGIBLE,NOT_APPLICABLE
C:\Users\yesam\Desktop\anviksa_ai\new_training_data\snake_images\Indian-Snakes-Dataset-master\Venomous\Spectacled Cobra\snake-book-with-cover-WM.jpg,Venomous/Spectacled Cobra/snake-book-with-cover-WM.jpg,snake-book-with-cover-WM.jpg,Venomous,Spectacled Cobra,e69ebbc0f24452c6ab20047b3bdb4b4fe2b97262c8f7eb9bf7770b26987a5e26,556,817,https://github.com/arjun921/Indian-Snakes-Dataset,VERIFIED,MIT,UNCLEAR,REVIEW_REQUIRED,False,,NOT_DUPLICATE,,,NOT_TEST_LEAKAGE,,DIRECTORY_LABEL_PRESERVED,BASIC_QUALITY_PASS,TECHNICALLY_ELIGIBLE_RIGHTS_UNCLEAR,False,,"Readable, technically unique, leakage-safe, and without unresolved label/quality conflict; technical status does not establish training/reuse rights",ORIGINAL_TECHNICALLY_ELIGIBLE,NOT_APPLICABLE
C:\Users\yesam\Desktop\anviksa_ai\new_training_data\snake_images\Indian-Snakes-Dataset-master\Venomous\Spectacled Cobra\X5B3538.jpg,Venomous/Spectacled Cobra/X5B3538.jpg,X5B3538.jpg,Venomous,Spectacled Cobra,0ab569cc472365d5092fe12c33bb55deb04e8cc07b18e205d95aeae86b205f2c,900,600,https://github.com/arjun921/Indian-Snakes-Dataset,VERIFIED,MIT,UNCLEAR,REVIEW_REQUIRED,False,,NOT_DUPLICATE,,,NOT_TEST_LEAKAGE,,DIRECTORY_LABEL_PRESERVED,BASIC_QUALITY_PASS,TECHNICALLY_ELIGIBLE_RIGHTS_UNCLEAR,False,,"Readable, technically unique, leakage-safe, and without unresolved label/quality conflict; technical status does not establish training/reuse rights",ORIGINAL_TECHNICALLY_ELIGIBLE,NOT_APPLICABLE
